time,open,high,low,close,tick_volume,spread,real_volume
2026-07-23 13:10:00,4087.94,4090.57,4087.28,4089.82,899,32,0
2026-07-23 13:15:00,4089.82,4091.83,4088.13,4088.13,1045,31,0
2026-07-23 13:20:00,4088.13,4088.55,4085.21,4086.57,1155,32,0
2026-07-23 13:25:00,4086.55,4089.77,4086.32,4089.22,788,31,0
2026-07-23 13:30:00,4089.2,4092.09,4086.03,4086.51,1152,31,0
2026-07-23 13:35:00,4086.53,4089.55,4086.14,4089.24,954,31,0
2026-07-23 13:40:00,4089.24,4089.24,4086.77,4088.78,1116,31,0
2026-07-23 13:45:00,4088.78,4092.9,4086.63,4092.75,1170,31,0
2026-07-23 13:50:00,4092.75,4093.8,4091.26,4093.49,1051,31,0
2026-07-23 13:55:00,4093.49,4094.79,4091.55,4092.73,1038,31,0
2026-07-23 14:00:00,4093.07,4093.38,4090.15,4091.63,1438,31,0
2026-07-23 14:05:00,4091.64,4091.75,4087.94,4088.11,1039,34,0
2026-07-23 14:10:00,4088.11,4089.0,4086.53,4087.15,1019,31,0
2026-07-23 14:15:00,4087.15,4088.69,4083.92,4084.93,1292,31,0
2026-07-23 14:20:00,4084.93,4086.37,4080.57,4083.52,1476,31,0
2026-07-23 14:25:00,4083.52,4084.55,4081.04,4083.88,1329,32,0
2026-07-23 14:30:00,4083.9,4083.9,4079.03,4080.02,1471,36,0
2026-07-23 14:35:00,4080.01,4082.68,4078.71,4078.71,1611,35,0
2026-07-23 14:40:00,4078.57,4078.93,4072.47,4078.03,1799,36,0
2026-07-23 14:45:00,4078.06,4081.57,4077.34,4081.34,1430,34,0
2026-07-23 14:50:00,4081.35,4088.44,4081.26,4083.93,1576,34,0
2026-07-23 14:55:00,4083.91,4085.77,4082.58,4085.08,1086,31,0
2026-07-23 15:00:00,4085.09,4085.37,4081.74,4082.84,1155,32,0
2026-07-23 15:05:00,4082.85,4084.92,4081.42,4082.8,1083,35,0
2026-07-23 15:10:00,4082.81,4084.88,4080.65,4080.93,932,35,0
2026-07-23 15:15:00,4080.93,4082.58,4072.07,4077.29,2164,35,0
2026-07-23 15:20:00,4077.29,4077.58,4069.55,4071.79,2041,36,0
2026-07-23 15:25:00,4071.86,4076.36,4070.21,4070.74,1670,34,0
2026-07-23 15:30:00,4070.9,4074.1,4066.84,4073.54,2279,36,0
2026-07-23 15:35:00,4073.34,4073.82,4063.19,4072.68,2123,35,0
2026-07-23 15:40:00,4072.66,4072.67,4065.65,4068.75,2084,34,0
2026-07-23 15:45:00,4068.77,4068.77,4062.54,4065.19,2365,36,0
2026-07-23 15:50:00,4065.22,4067.67,4061.6,4063.61,1802,31,0
2026-07-23 15:55:00,4063.6,4066.24,4060.48,4061.79,1954,31,0
2026-07-23 16:00:00,4061.7,4063.09,4054.17,4055.25,3169,36,0
2026-07-23 16:05:00,4055.24,4056.66,4044.22,4046.47,3234,36,0
2026-07-23 16:10:00,4046.48,4046.75,4040.06,4040.5,3028,35,0
2026-07-23 16:15:00,4040.51,4049.11,4040.04,4048.21,3016,34,0
2026-07-23 16:20:00,4048.24,4053.72,4048.24,4051.51,2559,32,0
2026-07-23 16:25:00,4051.51,4058.82,4051.49,4058.42,2130,34,0
2026-07-23 16:30:00,4058.43,4067.08,4057.97,4062.9,3200,36,0
2026-07-23 16:35:00,4063.04,4064.36,4055.3,4056.65,2663,35,0
2026-07-23 16:40:00,4056.65,4062.03,4055.23,4056.61,2410,35,0
2026-07-23 16:45:00,4056.49,4056.66,4049.73,4052.48,2547,33,0
2026-07-23 16:50:00,4052.48,4058.78,4051.44,4056.04,2110,31,0
2026-07-23 16:55:00,4056.01,4057.24,4042.5,4043.41,2371,31,0
2026-07-23 17:00:00,4043.39,4050.43,4042.51,4043.63,2938,36,0
2026-07-23 17:05:00,4043.61,4045.61,4039.8,4045.38,2749,31,0
2026-07-23 17:10:00,4045.66,4051.07,4041.55,4047.47,2801,31,0
2026-07-23 17:15:00,4047.67,4049.82,4042.05,4043.66,3002,31,0
2026-07-23 17:20:00,4043.58,4051.91,4042.48,4051.52,2736,31,0
2026-07-23 17:25:00,4051.61,4056.59,4050.97,4056.05,2576,31,0
2026-07-23 17:30:00,4056.07,4057.77,4051.46,4054.49,2442,33,0
2026-07-23 17:35:00,4054.48,4060.15,4051.38,4058.67,2614,34,0
2026-07-23 17:40:00,4058.71,4059.51,4055.7,4056.74,2252,33,0
2026-07-23 17:45:00,4056.58,4061.42,4055.72,4058.9,2236,34,0
2026-07-23 17:50:00,4058.68,4060.08,4056.42,4056.55,2177,35,0
2026-07-23 17:55:00,4056.53,4059.86,4056.38,4058.03,2227,34,0
2026-07-23 18:00:00,4058.04,4059.24,4055.42,4056.48,2270,35,0
2026-07-23 18:05:00,4056.48,4057.4,4051.4,4051.81,2273,35,0
2026-07-23 18:10:00,4051.8,4053.78,4049.14,4050.92,2274,36,0
2026-07-23 18:15:00,4050.92,4056.6,4050.05,4052.51,2084,31,0
2026-07-23 18:20:00,4052.51,4053.33,4045.42,4050.08,2284,31,0
2026-07-23 18:25:00,4050.08,4050.49,4046.07,4046.41,2084,34,0
2026-07-23 18:30:00,4046.42,4046.78,4042.05,4045.59,2528,34,0
2026-07-23 18:35:00,4045.59,4050.58,4045.58,4049.09,2392,32,0
2026-07-23 18:40:00,4049.06,4052.94,4047.78,4047.78,2085,31,0
2026-07-23 18:45:00,4047.77,4050.72,4046.97,4048.93,1857,31,0
2026-07-23 18:50:00,4048.88,4050.54,4046.55,4050.06,1777,31,0
2026-07-23 18:55:00,4050.15,4050.39,4046.49,4048.41,1549,34,0
2026-07-23 19:00:00,4048.93,4050.66,4048.18,4048.2,1696,36,0
2026-07-23 19:05:00,4048.21,4050.04,4047.11,4048.51,1493,36,0
2026-07-23 19:10:00,4048.42,4050.62,4047.71,4050.19,1339,35,0
2026-07-23 19:15:00,4050.22,4050.45,4045.46,4046.38,1200,36,0
2026-07-23 19:20:00,4046.38,4051.3,4046.24,4048.37,1204,33,0
2026-07-23 19:25:00,4048.43,4051.31,4048.1,4049.71,1301,34,0
2026-07-23 19:30:00,4049.72,4050.48,4047.8,4047.94,1344,34,0
2026-07-23 19:35:00,4047.94,4050.58,4046.67,4050.14,1502,36,0
2026-07-23 19:40:00,4050.14,4050.86,4048.85,4049.53,1136,34,0
2026-07-23 19:45:00,4049.51,4050.66,4048.56,4048.9,1028,35,0
2026-07-23 19:50:00,4048.81,4049.45,4047.76,4048.83,1209,36,0
2026-07-23 19:55:00,4048.84,4051.56,4048.81,4051.48,1105,36,0
2026-07-23 20:00:00,4051.48,4054.27,4050.37,4051.32,1547,36,0
2026-07-23 20:05:00,4051.32,4052.83,4046.46,4047.72,1464,36,0
2026-07-23 20:10:00,4047.72,4049.02,4046.4,4046.81,1420,36,0
2026-07-23 20:15:00,4046.81,4049.22,4045.67,4046.13,1376,36,0
2026-07-23 20:20:00,4046.13,4049.98,4046.13,4048.43,1582,36,0
2026-07-23 20:25:00,4048.42,4049.41,4046.34,4046.67,1710,36,0
2026-07-23 20:30:00,4046.49,4048.81,4046.49,4047.12,1493,35,0
2026-07-23 20:35:00,4047.09,4047.16,4043.94,4044.46,1299,33,0
2026-07-23 20:40:00,4044.46,4045.13,4041.65,4042.59,1411,34,0
2026-07-23 20:45:00,4042.56,4044.05,4041.87,4043.93,1282,31,0
2026-07-23 20:50:00,4043.93,4043.95,4041.67,4042.75,1056,31,0
2026-07-23 20:55:00,4042.75,4043.2,4041.32,4041.56,1052,31,0
2026-07-23 21:00:00,4041.5,4043.05,4040.4,4041.28,1577,31,0
2026-07-23 21:05:00,4041.26,4043.88,4040.45,4043.06,1295,35,0
2026-07-23 21:10:00,4043.07,4043.81,4041.19,4041.56,1489,34,0
2026-07-23 21:15:00,4041.56,4044.29,4040.52,4042.7,1581,36,0
2026-07-23 21:20:00,4042.72,4043.15,4040.31,4041.47,1249,35,0
2026-07-23 21:25:00,4041.48,4044.76,4040.87,4044.1,1624,35,0
2026-07-23 21:30:00,4044.08,4047.71,4044.08,4045.12,1250,31,0
2026-07-23 21:35:00,4045.12,4046.62,4044.15,4045.15,1076,31,0
2026-07-23 21:40:00,4045.16,4046.58,4044.76,4046.38,927,31,0
2026-07-23 21:45:00,4046.39,4048.25,4046.3,4047.24,969,31,0
2026-07-23 21:50:00,4047.23,4047.37,4045.69,4046.12,1027,32,0
2026-07-23 21:55:00,4046.12,4046.94,4044.57,4046.54,1054,35,0
2026-07-23 22:00:00,4046.54,4048.49,4045.02,4045.22,1130,36,0
2026-07-23 22:05:00,4044.87,4046.22,4043.52,4043.52,1154,35,0
2026-07-23 22:10:00,4043.52,4044.16,4042.74,4042.98,848,33,0
2026-07-23 22:15:00,4042.99,4045.6,4042.82,4044.74,1056,34,0
2026-07-23 22:20:00,4044.82,4048.09,4044.66,4047.75,1091,34,0
2026-07-23 22:25:00,4047.74,4048.87,4046.73,4048.03,906,36,0
2026-07-23 22:30:00,4048.04,4050.63,4045.44,4046.75,1269,36,0
2026-07-23 22:35:00,4046.77,4047.91,4046.51,4047.5,980,34,0
2026-07-23 22:40:00,4047.51,4047.88,4045.48,4045.74,1132,33,0
2026-07-23 22:45:00,4045.74,4046.52,4044.57,4046.06,1012,34,0
2026-07-23 22:50:00,4046.06,4050.39,4045.97,4050.24,1435,34,0
2026-07-23 22:55:00,4050.23,4050.72,4049.09,4049.6,1482,34,0
2026-07-23 23:00:00,4049.59,4050.87,4048.5,4048.66,1149,35,0
2026-07-23 23:05:00,4048.65,4049.66,4047.91,4048.4,608,31,0
2026-07-23 23:10:00,4048.46,4049.66,4048.2,4049.2,542,31,0
2026-07-23 23:15:00,4049.2,4049.31,4047.63,4048.34,461,31,0
2026-07-23 23:20:00,4048.38,4048.8,4047.09,4048.65,475,31,0
2026-07-23 23:25:00,4048.65,4050.29,4048.53,4049.95,488,31,0
2026-07-23 23:30:00,4049.92,4050.11,4048.81,4049.66,440,35,0
2026-07-23 23:35:00,4049.66,4050.35,4049.57,4049.83,388,32,0
2026-07-23 23:40:00,4049.69,4049.79,4048.54,4049.46,387,44,0
2026-07-23 23:45:00,4049.5,4049.64,4048.44,4049.44,393,44,0
2026-07-23 23:50:00,4049.42,4049.42,4045.74,4047.01,380,44,0
2026-07-23 23:55:00,4047.12,4047.9,4047.05,4047.34,190,374,0
2026-07-24 01:05:00,4047.25,4048.74,4046.88,4047.32,396,367,0
2026-07-24 01:10:00,4047.33,4049.15,4047.33,4048.76,240,36,0
2026-07-24 01:15:00,4048.92,4049.53,4048.87,4049.32,249,37,0
2026-07-24 01:20:00,4049.37,4049.93,4049.11,4049.68,282,37,0
2026-07-24 01:25:00,4049.69,4049.7,4048.96,4049.56,350,37,0
2026-07-24 01:30:00,4049.56,4050.05,4049.35,4049.91,350,37,0
2026-07-24 01:35:00,4049.91,4049.94,4049.31,4049.48,316,38,0
2026-07-24 01:40:00,4049.47,4049.93,4048.52,4049.11,372,38,0
2026-07-24 01:45:00,4049.1,4049.64,4048.22,4048.38,258,37,0
2026-07-24 01:50:00,4048.32,4050.13,4048.32,4049.55,260,35,0
2026-07-24 01:55:00,4049.55,4049.84,4048.14,4049.29,249,35,0
2026-07-24 02:00:00,4049.29,4049.62,4048.37,4048.55,240,35,0
2026-07-24 02:05:00,4048.59,4048.94,4047.26,4048.15,287,35,0
2026-07-24 02:10:00,4048.14,4048.38,4047.17,4048.22,293,35,0
2026-07-24 02:15:00,4048.22,4048.93,4046.88,4047.01,355,37,0
2026-07-24 02:20:00,4046.95,4048.96,4046.9,4048.96,226,35,0
2026-07-24 02:25:00,4048.96,4049.67,4048.54,4048.9,288,35,0
2026-07-24 02:30:00,4048.89,4050.38,4048.89,4050.08,380,36,0
2026-07-24 02:35:00,4050.06,4050.08,4048.06,4048.1,381,36,0
2026-07-24 02:40:00,4048.1,4048.25,4046.71,4047.91,553,36,0
2026-07-24 02:45:00,4047.92,4049.42,4046.61,4048.18,740,37,0
2026-07-24 02:50:00,4048.18,4049.26,4046.92,4047.35,478,35,0
2026-07-24 02:55:00,4047.34,4048.07,4046.33,4046.96,490,35,0
2026-07-24 03:00:00,4046.93,4049.83,4046.55,4046.98,1432,38,0
2026-07-24 03:05:00,4046.98,4047.18,4044.65,4045.31,1421,38,0
2026-07-24 03:10:00,4045.31,4046.23,4040.78,4041.26,1321,37,0
2026-07-24 03:15:00,4041.25,4044.58,4040.83,4042.93,1236,36,0
2026-07-24 03:20:00,4042.93,4047.79,4042.61,4045.94,1261,36,0
2026-07-24 03:25:00,4045.95,4046.8,4043.8,4046.8,1050,35,0
2026-07-24 03:30:00,4046.86,4047.02,4044.61,4045.84,881,35,0
2026-07-24 03:35:00,4045.86,4049.68,4045.13,4048.25,1148,35,0
2026-07-24 03:40:00,4048.49,4049.94,4047.4,4049.27,878,35,0
2026-07-24 03:45:00,4049.3,4050.11,4048.61,4048.65,896,35,0
2026-07-24 03:50:00,4048.67,4049.81,4048.12,4048.77,763,35,0
2026-07-24 03:55:00,4048.77,4050.65,4048.5,4049.68,1021,37,0
2026-07-24 04:00:00,4049.68,4050.06,4039.48,4043.69,2538,38,0
2026-07-24 04:05:00,4043.7,4044.55,4041.58,4042.77,1319,38,0
2026-07-24 04:10:00,4042.77,4044.37,4040.01,4041.96,1380,37,0
2026-07-24 04:15:00,4042.05,4045.58,4041.13,4044.4,1327,37,0
2026-07-24 04:20:00,4044.27,4045.1,4041.76,4044.83,1395,37,0
2026-07-24 04:25:00,4044.95,4045.53,4042.5,4042.5,1260,35,0
2026-07-24 04:30:00,4042.5,4044.8,4041.26,4043.47,1419,35,0
2026-07-24 04:35:00,4043.47,4044.71,4041.75,4043.17,1122,36,0
2026-07-24 04:40:00,4043.12,4050.13,4043.08,4049.58,1455,36,0
2026-07-24 04:45:00,4049.53,4049.99,4047.64,4047.69,1509,35,0
2026-07-24 04:50:00,4047.69,4047.69,4044.7,4045.75,1233,35,0
2026-07-24 04:55:00,4045.75,4046.09,4040.88,4043.3,1232,35,0
2026-07-24 05:00:00,4043.27,4044.9,4042.05,4042.13,1136,35,0
2026-07-24 05:05:00,4042.12,4043.92,4040.58,4043.91,1034,35,0
2026-07-24 05:10:00,4043.83,4044.64,4042.9,4044.34,1053,35,0
2026-07-24 05:15:00,4044.33,4044.51,4042.91,4042.92,711,35,0
2026-07-24 05:20:00,4042.87,4044.29,4040.7,4044.29,781,35,0
2026-07-24 05:25:00,4044.29,4046.8,4043.99,4044.95,722,35,0
2026-07-24 05:30:00,4045.09,4046.5,4042.06,4042.54,1302,37,0
2026-07-24 05:35:00,4042.54,4043.22,4039.67,4040.76,1132,35,0
2026-07-24 05:40:00,4040.76,4042.18,4039.67,4039.87,956,35,0
2026-07-24 05:45:00,4039.87,4040.15,4024.84,4024.84,2033,35,0
2026-07-24 05:50:00,4024.92,4028.95,4023.85,4024.16,2385,38,0
2026-07-24 05:55:00,4024.15,4025.72,4021.35,4022.57,1925,37,0
2026-07-24 06:00:00,4022.57,4025.42,4021.31,4024.75,1553,37,0
2026-07-24 06:05:00,4024.75,4027.29,4024.55,4025.41,1254,36,0
2026-07-24 06:10:00,4025.41,4030.72,4024.46,4030.25,1314,37,0
2026-07-24 06:15:00,4030.25,4032.19,4027.49,4027.49,1281,37,0
2026-07-24 06:20:00,4027.5,4030.28,4026.68,4028.75,1163,37,0
2026-07-24 06:25:00,4028.72,4029.61,4026.99,4028.76,1190,37,0
2026-07-24 06:30:00,4028.84,4031.65,4028.81,4030.75,965,37,0
2026-07-24 06:35:00,4030.77,4031.43,4029.34,4030.05,796,36,0
2026-07-24 06:40:00,4030.05,4031.31,4029.32,4029.93,715,37,0
2026-07-24 06:45:00,4029.93,4030.59,4028.41,4030.09,668,36,0
2026-07-24 06:50:00,4030.06,4030.65,4028.31,4028.32,659,36,0
2026-07-24 06:55:00,4028.32,4028.38,4026.88,4027.68,660,36,0
2026-07-24 07:00:00,4027.7,4028.53,4026.76,4028.47,689,37,0
2026-07-24 07:05:00,4028.47,4029.25,4027.1,4028.19,733,35,0
2026-07-24 07:10:00,4028.2,4028.23,4026.03,4027.18,614,35,0
2026-07-24 07:15:00,4027.18,4027.96,4026.85,4027.86,499,35,0
2026-07-24 07:20:00,4027.86,4029.78,4027.26,4029.11,587,36,0
2026-07-24 07:25:00,4029.22,4030.04,4029.02,4029.48,566,35,0
2026-07-24 07:30:00,4029.48,4030.03,4028.32,4028.63,504,35,0
2026-07-24 07:35:00,4028.63,4029.63,4026.66,4027.11,476,35,0
2026-07-24 07:40:00,4027.12,4027.3,4025.63,4026.57,502,35,0
2026-07-24 07:45:00,4026.56,4027.01,4025.3,4026.65,504,35,0
2026-07-24 07:50:00,4026.65,4027.02,4025.71,4026.54,473,35,0
2026-07-24 07:55:00,4026.6,4028.52,4026.34,4027.07,533,35,0
2026-07-24 08:00:00,4027.13,4028.47,4024.98,4028.45,717,37,0
2026-07-24 08:05:00,4028.45,4029.66,4027.41,4028.78,787,35,0
2026-07-24 08:10:00,4028.78,4031.89,4027.11,4027.3,900,38,0
2026-07-24 08:15:00,4027.24,4027.45,4022.12,4024.2,978,37,0
2026-07-24 08:20:00,4024.22,4029.67,4023.91,4027.18,846,36,0
2026-07-24 08:25:00,4027.18,4027.55,4025.18,4026.33,618,35,0
2026-07-24 08:30:00,4026.25,4031.26,4025.39,4030.89,1616,36,0
2026-07-24 08:35:00,4030.93,4031.04,4024.72,4025.81,1459,37,0
2026-07-24 08:40:00,4025.7,4028.08,4023.68,4024.45,1357,36,0
2026-07-24 08:45:00,4024.45,4028.76,4024.24,4028.22,1058,35,0
2026-07-24 08:50:00,4028.19,4029.04,4022.5,4023.18,1178,35,0
2026-07-24 08:55:00,4023.2,4023.67,4021.72,4022.68,1283,34,0
2026-07-24 09:00:00,4022.73,4025.41,4022.64,4024.89,1325,34,0
2026-07-24 09:05:00,4024.86,4027.28,4024.23,4027.28,1291,35,0
2026-07-24 09:10:00,4027.28,4031.29,4026.29,4031.21,1371,35,0
2026-07-24 09:15:00,4031.35,4034.29,4029.54,4034.1,1266,32,0
2026-07-24 09:20:00,4034.1,4037.14,4033.73,4036.26,1537,31,0
2026-07-24 09:25:00,4036.27,4038.94,4035.07,4036.43,1280,31,0
2026-07-24 09:30:00,4036.38,4036.38,4033.07,4034.46,1263,33,0
2026-07-24 09:35:00,4034.44,4037.02,4034.29,4035.33,1203,34,0
2026-07-24 09:40:00,4035.33,4036.64,4033.41,4033.72,1127,32,0
2026-07-24 09:45:00,4033.71,4036.78,4033.41,4034.13,1116,32,0
2026-07-24 09:50:00,4034.12,4035.41,4031.55,4034.83,1282,34,0
2026-07-24 09:55:00,4034.82,4038.43,4034.8,4035.48,1216,31,0
2026-07-24 10:00:00,4035.27,4040.03,4034.84,4038.26,1578,36,0
2026-07-24 10:05:00,4038.26,4045.56,4038.09,4045.46,1444,36,0
2026-07-24 10:10:00,4045.46,4047.15,4044.67,4045.85,1301,36,0
2026-07-24 10:15:00,4045.82,4047.31,4043.94,4047.21,1484,35,0
2026-07-24 10:20:00,4047.22,4048.84,4045.8,4047.97,1027,31,0
2026-07-24 10:25:00,4047.97,4050.79,4047.56,4048.92,1144,31,0
2026-07-24 10:30:00,4048.92,4053.74,4047.85,4053.74,1494,35,0
2026-07-24 10:35:00,4053.61,4053.61,4046.59,4046.99,1056,31,0
2026-07-24 10:40:00,4046.97,4048.7,4045.77,4048.33,802,31,0
2026-07-24 10:45:00,4048.34,4048.35,4046.11,4047.44,1007,34,0
2026-07-24 10:50:00,4047.44,4048.72,4046.95,4047.94,1033,36,0
2026-07-24 10:55:00,4047.91,4049.71,4047.64,4048.34,873,34,0
2026-07-24 11:00:00,4048.31,4049.12,4046.63,4047.35,1101,35,0
2026-07-24 11:05:00,4047.35,4047.81,4045.19,4047.42,1119,35,0
2026-07-24 11:10:00,4047.43,4047.71,4045.65,4046.81,1020,33,0
2026-07-24 11:15:00,4046.7,4047.81,4045.12,4046.72,1017,34,0
2026-07-24 11:20:00,4046.72,4048.06,4046.06,4046.63,1113,34,0
2026-07-24 11:25:00,4046.63,4052.47,4046.04,4051.72,1281,32,0
2026-07-24 11:30:00,4051.69,4052.23,4049.79,4049.88,1293,32,0
2026-07-24 11:35:00,4049.88,4052.9,4048.71,4052.61,1029,31,0
2026-07-24 11:40:00,4052.58,4055.31,4052.43,4054.53,1030,31,0
2026-07-24 11:45:00,4054.53,4054.76,4052.12,4054.28,927,31,0
2026-07-24 11:50:00,4054.36,4056.9,4054.05,4056.06,1048,31,0
2026-07-24 11:55:00,4056.01,4058.39,4055.88,4057.45,920,31,0
2026-07-24 12:00:00,4057.45,4060.69,4056.01,4056.73,1381,33,0
2026-07-24 12:05:00,4056.73,4057.53,4055.25,4057.52,1050,33,0
2026-07-24 12:10:00,4057.52,4057.89,4053.14,4053.91,872,31,0
2026-07-24 12:15:00,4053.94,4056.33,4053.05,4054.69,816,31,0
2026-07-24 12:20:00,4054.69,4054.93,4052.84,4054.36,834,33,0
2026-07-24 12:25:00,4054.39,4055.72,4052.2,4052.62,871,31,0
2026-07-24 12:30:00,4052.6,4054.31,4051.47,4053.75,864,31,0
2026-07-24 12:35:00,4053.72,4054.87,4053.29,4054.8,734,31,0
2026-07-24 12:40:00,4054.8,4055.88,4053.74,4055.43,710,34,0
2026-07-24 12:45:00,4055.43,4055.88,4054.63,4055.14,673,33,0
2026-07-24 12:50:00,4055.14,4058.04,4054.46,4057.95,821,34,0
2026-07-24 12:55:00,4057.95,4059.87,4057.9,4059.87,779,35,0
2026-07-24 13:00:00,4059.97,4061.29,4058.32,4059.61,753,36,0
2026-07-24 13:05:00,4059.61,4060.29,4058.6,4060.22,922,34,0
2026-07-24 13:10:00,4060.22,4060.37,4057.44,4058.0,803,31,0
2026-07-24 13:15:00,4058.0,4061.68,4057.36,4059.39,716,31,0
2026-07-24 13:20:00,4059.4,4061.04,4059.02,4060.13,658,31,0
2026-07-24 13:25:00,4060.14,4063.39,4059.65,4061.73,900,35,0
2026-07-24 13:30:00,4061.73,4063.71,4061.28,4061.48,727,31,0
2026-07-24 13:35:00,4061.47,4061.48,4059.91,4059.94,726,31,0
2026-07-24 13:40:00,4059.94,4059.98,4057.99,4058.14,727,31,0
2026-07-24 13:45:00,4058.28,4059.01,4057.55,4058.71,638,35,0
2026-07-24 13:50:00,4058.71,4059.25,4056.93,4057.63,849,36,0
2026-07-24 13:55:00,4057.63,4060.12,4057.22,4059.87,695,31,0
2026-07-24 14:00:00,4059.88,4062.47,4058.36,4062.0,1154,31,0
2026-07-24 14:05:00,4062.0,4063.12,4060.32,4060.8,684,34,0
2026-07-24 14:10:00,4060.8,4061.1,4060.13,4060.89,415,31,0
2026-07-24 14:15:00,4060.89,4061.59,4059.93,4061.05,639,33,0
2026-07-24 14:20:00,4061.05,4061.72,4060.09,4061.26,524,31,0
2026-07-24 14:25:00,4061.25,4061.42,4058.89,4058.9,640,31,0
2026-07-24 14:30:00,4058.91,4060.21,4057.89,4059.53,808,31,0
2026-07-24 14:35:00,4059.57,4059.78,4056.45,4057.15,845,33,0
2026-07-24 14:40:00,4057.15,4057.79,4055.18,4055.47,706,31,0
2026-07-24 14:45:00,4055.46,4056.72,4053.82,4055.2,803,31,0
2026-07-24 14:50:00,4055.19,4055.26,4052.52,4052.65,598,31,0
2026-07-24 14:55:00,4052.61,4061.49,4051.29,4058.16,1538,31,0
2026-07-24 15:00:00,4058.41,4058.41,4052.24,4053.88,1501,36,0
2026-07-24 15:05:00,4053.88,4058.18,4052.47,4056.43,1335,36,0
2026-07-24 15:10:00,4056.38,4057.26,4055.43,4056.38,1022,35,0
2026-07-24 15:15:00,4056.38,4057.5,4055.57,4055.94,1049,36,0
2026-07-24 15:20:00,4055.94,4058.32,4054.74,4058.31,1116,36,0
2026-07-24 15:25:00,4058.31,4059.99,4055.93,4059.22,1188,35,0
2026-07-24 15:30:00,4059.22,4059.55,4056.26,4057.19,1168,35,0
2026-07-24 15:35:00,4057.22,4058.18,4055.08,4055.6,1061,34,0
2026-07-24 15:40:00,4055.6,4056.6,4051.95,4055.04,1174,31,0
2026-07-24 15:45:00,4055.04,4056.25,4051.66,4053.92,947,34,0
2026-07-24 15:50:00,4053.92,4055.68,4053.74,4055.07,891,34,0
2026-07-24 15:55:00,4055.06,4056.26,4051.62,4055.89,968,35,0
2026-07-24 16:00:00,4055.89,4058.27,4051.29,4051.77,1574,36,0
2026-07-24 16:05:00,4051.76,4052.81,4045.61,4046.23,1504,36,0
2026-07-24 16:10:00,4046.23,4049.35,4044.35,4047.75,1584,36,0
2026-07-24 16:15:00,4047.74,4048.1,4044.22,4046.27,1206,32,0
2026-07-24 16:20:00,4046.26,4048.87,4045.14,4046.54,1326,33,0
2026-07-24 16:25:00,4046.68,4048.08,4045.37,4045.93,1170,31,0
2026-07-24 16:30:00,4046.11,4049.97,4044.22,4049.07,2170,35,0
2026-07-24 16:35:00,4048.9,4056.51,4048.9,4056.32,2019,36,0
2026-07-24 16:40:00,4055.86,4056.3,4048.16,4048.44,1720,31,0
2026-07-24 16:45:00,4048.6,4060.51,4048.1,4057.84,2213,36,0
2026-07-24 16:50:00,4057.84,4060.7,4055.54,4059.25,2199,36,0
2026-07-24 16:55:00,4059.26,4068.27,4056.6,4067.67,1785,36,0
2026-07-24 17:00:00,4067.72,4069.62,4062.3,4062.77,2407,35,0
2026-07-24 17:05:00,4062.77,4064.41,4056.94,4061.89,2428,34,0
2026-07-24 17:10:00,4061.89,4063.39,4058.39,4058.44,2221,32,0
2026-07-24 17:15:00,4058.45,4059.89,4055.42,4057.66,2261,31,0
2026-07-24 17:20:00,4057.66,4064.42,4056.45,4064.42,2502,35,0
2026-07-24 17:25:00,4064.48,4068.93,4064.11,4065.82,2279,35,0
2026-07-24 17:30:00,4065.82,4067.63,4064.17,4064.6,2068,35,0
2026-07-24 17:35:00,4064.59,4066.36,4059.56,4060.21,2037,33,0
2026-07-24 17:40:00,4060.19,4061.95,4058.78,4059.6,2094,35,0
2026-07-24 17:45:00,4059.59,4063.12,4058.06,4062.93,2035,35,0
2026-07-24 17:50:00,4062.92,4064.25,4060.64,4061.21,1796,31,0
2026-07-24 17:55:00,4061.22,4066.0,4060.85,4063.0,1788,31,0
2026-07-24 18:00:00,4063.03,4066.58,4061.52,4063.67,1854,33,0
2026-07-24 18:05:00,4063.66,4064.25,4061.39,4062.91,1485,31,0
2026-07-24 18:10:00,4062.93,4076.2,4062.68,4073.66,2952,35,0
2026-07-24 18:15:00,4073.43,4081.24,4071.5,4076.59,3113,36,0
2026-07-24 18:20:00,4076.58,4081.74,4072.25,4073.67,2326,36,0
2026-07-24 18:25:00,4073.69,4076.83,4072.14,4074.46,2079,35,0
2026-07-24 18:30:00,4074.44,4076.52,4073.27,4073.51,2014,35,0
2026-07-24 18:35:00,4073.51,4078.56,4073.21,4077.59,1799,35,0
2026-07-24 18:40:00,4077.58,4079.3,4071.08,4071.87,1920,35,0
2026-07-24 18:45:00,4071.89,4073.19,4070.59,4072.83,1619,34,0
2026-07-24 18:50:00,4072.8,4075.84,4072.44,4074.92,1475,35,0
2026-07-24 18:55:00,4074.91,4077.55,4074.68,4077.09,1422,36,0
2026-07-24 19:00:00,4077.02,4077.11,4074.75,4076.27,1412,36,0
2026-07-24 19:05:00,4076.28,4077.22,4074.8,4075.87,1130,36,0
2026-07-24 19:10:00,4075.86,4076.79,4074.2,4074.66,1072,36,0
2026-07-24 19:15:00,4074.7,4075.68,4073.67,4074.5,1107,36,0
2026-07-24 19:20:00,4074.5,4077.4,4073.52,4077.03,1087,36,0
2026-07-24 19:25:00,4077.03,4077.85,4073.32,4073.54,1203,36,0
2026-07-24 19:30:00,4073.56,4073.57,4070.1,4072.1,1355,36,0
2026-07-24 19:35:00,4072.1,4072.1,4067.31,4067.74,1285,36,0
2026-07-24 19:40:00,4067.71,4068.53,4066.4,4067.17,1121,35,0
2026-07-24 19:45:00,4067.12,4067.32,4063.97,4064.59,1135,36,0
2026-07-24 19:50:00,4064.6,4065.56,4063.8,4065.34,906,31,0
2026-07-24 19:55:00,4065.35,4067.3,4065.05,4066.83,1014,31,0
2026-07-24 20:00:00,4066.82,4067.93,4066.27,4067.37,1016,33,0
2026-07-24 20:05:00,4067.35,4067.62,4063.62,4065.34,1436,36,0
2026-07-24 20:10:00,4065.41,4065.7,4062.55,4063.72,1081,36,0
2026-07-24 20:15:00,4063.72,4066.49,4063.23,4065.97,1020,34,0
2026-07-24 20:20:00,4065.97,4068.31,4064.89,4068.27,1262,32,0
2026-07-24 20:25:00,4068.22,4069.41,4066.73,4067.82,1171,35,0
2026-07-24 20:30:00,4067.81,4069.37,4067.09,4068.07,893,31,0
2026-07-24 20:35:00,4068.07,4068.47,4067.14,4067.59,837,31,0
2026-07-24 20:40:00,4067.59,4068.44,4065.59,4066.05,886,31,0
2026-07-24 20:45:00,4066.03,4066.85,4064.13,4065.63,828,31,0
2026-07-24 20:50:00,4065.63,4066.38,4062.45,4062.86,963,32,0
2026-07-24 20:55:00,4062.87,4064.61,4062.68,4062.91,926,32,0
2026-07-24 21:00:00,4062.86,4063.49,4060.84,4062.66,1051,36,0
2026-07-24 21:05:00,4062.69,4064.01,4062.27,4062.97,1012,36,0
2026-07-24 21:10:00,4062.95,4063.04,4060.97,4061.22,902,35,0
2026-07-24 21:15:00,4061.22,4062.56,4059.71,4059.79,906,34,0
2026-07-24 21:20:00,4059.77,4060.25,4056.31,4057.11,1302,36,0
2026-07-24 21:25:00,4057.1,4057.95,4054.55,4055.12,1342,36,0
2026-07-24 21:30:00,4055.12,4055.76,4052.15,4053.86,1165,36,0
2026-07-24 21:35:00,4053.75,4056.53,4053.01,4055.1,1225,36,0
2026-07-24 21:40:00,4055.1,4055.18,4050.62,4051.54,1082,36,0
2026-07-24 21:45:00,4051.59,4054.67,4051.31,4053.31,869,32,0
2026-07-24 21:50:00,4053.31,4055.44,4052.44,4053.92,844,33,0
2026-07-24 21:55:00,4053.94,4054.78,4053.54,4053.85,829,31,0
2026-07-24 22:00:00,4053.84,4055.85,4051.8,4054.21,1296,31,0
2026-07-24 22:05:00,4054.21,4054.39,4052.08,4052.51,1067,34,0
2026-07-24 22:10:00,4052.38,4054.34,4051.73,4051.83,988,31,0
2026-07-24 22:15:00,4051.83,4051.93,4049.22,4050.34,1065,31,0
2026-07-24 22:20:00,4050.33,4050.68,4048.96,4049.11,994,33,0
2026-07-24 22:25:00,4049.1,4051.45,4048.66,4051.36,1022,31,0
2026-07-24 22:30:00,4051.34,4054.09,4050.92,4053.61,1286,31,0
2026-07-24 22:35:00,4053.61,4056.09,4053.28,4055.11,1553,36,0
2026-07-24 22:40:00,4055.09,4057.55,4054.91,4056.61,976,34,0
2026-07-24 22:45:00,4056.62,4057.13,4054.59,4055.03,813,31,0
2026-07-24 22:50:00,4055.08,4055.24,4053.37,4054.93,944,31,0
2026-07-24 22:55:00,4054.92,4054.95,4052.32,4052.95,1258,35,0
2026-07-24 23:00:00,4053.05,4054.77,4052.63,4053.64,706,32,0
2026-07-24 23:05:00,4053.6,4053.85,4052.35,4052.39,418,31,0
2026-07-24 23:10:00,4052.33,4052.97,4051.79,4052.14,359,31,0
2026-07-24 23:15:00,4052.13,4052.86,4051.68,4052.11,392,33,0
2026-07-24 23:20:00,4052.11,4052.98,4051.66,4052.98,276,34,0
2026-07-24 23:25:00,4052.98,4054.27,4052.62,4053.25,433,36,0
2026-07-24 23:30:00,4053.22,4053.57,4051.1,4051.83,311,36,0
2026-07-24 23:35:00,4051.83,4053.96,4051.83,4053.79,360,36,0
2026-07-24 23:40:00,4053.78,4055.57,4053.17,4054.98,258,44,0
2026-07-24 23:45:00,4054.88,4055.84,4053.65,4054.02,421,44,0
2026-07-24 23:50:00,4054.01,4054.01,4051.25,4051.34,278,44,0
2026-07-24 23:55:00,4051.34,4051.4,4050.32,4051.0,148,374,0
2026-07-27 01:05:00,4088.09,4090.56,4085.93,4086.85,535,368,0
2026-07-27 01:10:00,4086.97,4088.81,4086.2,4087.64,783,38,0
2026-07-27 01:15:00,4087.41,4087.72,4083.63,4087.64,880,38,0
2026-07-27 01:20:00,4087.64,4089.9,4086.94,4087.11,717,38,0
2026-07-27 01:25:00,4087.11,4087.59,4085.22,4086.38,549,38,0
2026-07-27 01:30:00,4085.88,4092.22,4085.46,4092.22,627,38,0
2026-07-27 01:35:00,4092.25,4092.82,4089.58,4090.08,568,38,0
2026-07-27 01:40:00,4090.08,4092.52,4089.98,4091.09,579,38,0
2026-07-27 01:45:00,4091.03,4093.56,4089.58,4089.97,614,38,0
2026-07-27 01:50:00,4089.96,4091.97,4089.96,4091.54,373,38,0
2026-07-27 01:55:00,4091.47,4091.8,4088.87,4089.45,496,38,0
2026-07-27 02:00:00,4089.65,4091.29,4086.98,4087.49,613,38,0
2026-07-27 02:05:00,4087.46,4088.33,4086.81,4087.21,462,37,0
2026-07-27 02:10:00,4087.22,4087.54,4084.44,4084.84,541,37,0
2026-07-27 02:15:00,4084.82,4086.26,4084.29,4084.83,614,37,0
2026-07-27 02:20:00,4084.83,4086.12,4083.48,4084.02,663,37,0
2026-07-27 02:25:00,4084.07,4085.36,4083.74,4084.72,554,35,0
2026-07-27 02:30:00,4084.72,4086.53,4084.53,4086.32,550,35,0
2026-07-27 02:35:00,4086.32,4087.58,4086.03,4086.31,450,36,0
2026-07-27 02:40:00,4086.31,4089.16,4086.24,4088.67,645,36,0
2026-07-27 02:45:00,4088.92,4094.52,4088.06,4094.48,1520,38,0
2026-07-27 02:50:00,4094.47,4096.22,4093.01,4093.09,1411,38,0
2026-07-27 02:55:00,4093.09,4096.17,4092.58,4094.11,1463,37,0
2026-07-27 03:00:00,4094.16,4105.21,4093.95,4102.32,2525,38,0
2026-07-27 03:05:00,4102.32,4108.99,4100.09,4108.99,2110,37,0
2026-07-27 03:10:00,4108.98,4117.44,4107.94,4116.81,2075,37,0
2026-07-27 03:15:00,4116.81,4116.81,4108.06,4108.61,1910,37,0
2026-07-27 03:20:00,4108.53,4108.77,4102.92,4104.05,1660,37,0
2026-07-27 03:25:00,4104.04,4104.21,4091.82,4095.63,1928,37,0
2026-07-27 03:30:00,4095.59,4100.76,4094.84,4100.63,1663,36,0
2026-07-27 03:35:00,4100.6,4103.17,4100.02,4100.02,1509,35,0
2026-07-27 03:40:00,4100.02,4102.85,4099.18,4100.69,1392,35,0
2026-07-27 03:45:00,4100.79,4106.86,4100.5,4105.58,1633,36,0
2026-07-27 03:50:00,4105.59,4109.91,4105.59,4106.11,1629,36,0
2026-07-27 03:55:00,4106.23,4106.7,4099.11,4100.99,1729,37,0
2026-07-27 04:00:00,4102.01,4111.91,4102.01,4107.26,2849,38,0
2026-07-27 04:05:00,4107.27,4112.41,4105.54,4106.27,2267,37,0
2026-07-27 04:10:00,4106.26,4109.98,4106.14,4107.58,1993,36,0
2026-07-27 04:15:00,4107.59,4109.13,4102.11,4102.44,2134,36,0
2026-07-27 04:20:00,4102.42,4103.14,4099.86,4101.57,1706,35,0
2026-07-27 04:25:00,4101.6,4101.6,4096.95,4099.87,1790,36,0
2026-07-27 04:30:00,4099.87,4103.68,4099.53,4100.22,1954,37,0
2026-07-27 04:35:00,4100.25,4103.98,4097.92,4103.63,1705,36,0
2026-07-27 04:40:00,4103.58,4104.25,4101.94,4102.93,1576,36,0
2026-07-27 04:45:00,4102.93,4106.97,4102.75,4105.74,1582,36,0
2026-07-27 04:50:00,4105.73,4108.33,4102.7,4108.09,1545,36,0
2026-07-27 04:55:00,4108.05,4110.19,4106.06,4110.19,1650,35,0
2026-07-27 05:00:00,4110.54,4110.88,4105.2,4105.35,1568,35,0
2026-07-27 05:05:00,4105.35,4107.48,4103.81,4104.5,1362,35,0
2026-07-27 05:10:00,4104.51,4106.0,4103.44,4105.55,1351,35,0
2026-07-27 05:15:00,4105.5,4105.91,4103.52,4104.24,866,35,0
2026-07-27 05:20:00,4104.25,4104.65,4102.03,4104.07,842,35,0
2026-07-27 05:25:00,4104.05,4105.71,4102.96,4103.09,913,36,0
2026-07-27 05:30:00,4103.17,4103.19,4099.24,4100.06,1504,36,0
2026-07-27 05:35:00,4100.07,4101.27,4097.65,4097.66,1114,36,0
2026-07-27 05:40:00,4097.66,4098.6,4095.6,4096.51,877,35,0
2026-07-27 05:45:00,4096.47,4097.66,4095.05,4095.44,799,35,0
2026-07-27 05:50:00,4095.44,4096.85,4094.22,4096.36,909,35,0
2026-07-27 05:55:00,4096.3,4096.3,4093.12,4093.17,822,35,0
2026-07-27 06:00:00,4093.17,4095.64,4090.75,4092.15,1262,38,0
2026-07-27 06:05:00,4092.16,4092.89,4090.58,4091.17,1028,35,0
2026-07-27 06:10:00,4091.11,4091.75,4088.7,4091.4,1090,35,0
2026-07-27 06:15:00,4091.46,4092.88,4090.64,4091.43,837,35,0
2026-07-27 06:20:00,4091.48,4091.59,4088.7,4089.34,735,35,0
2026-07-27 06:25:00,4089.37,4089.38,4084.68,4084.91,1181,35,0
2026-07-27 06:30:00,4084.91,4089.54,4084.48,4089.5,1259,35,0
2026-07-27 06:35:00,4089.5,4089.83,4087.28,4088.5,888,35,0
2026-07-27 06:40:00,4088.5,4089.99,4088.13,4088.99,819,35,0
2026-07-27 06:45:00,4088.91,4089.08,4087.73,4088.63,637,35,0
2026-07-27 06:50:00,4088.64,4089.83,4088.29,4088.56,561,36,0
2026-07-27 06:55:00,4088.57,4090.35,4088.55,4090.06,603,36,0
2026-07-27 07:00:00,4090.09,4091.92,4089.73,4090.26,834,36,0
2026-07-27 07:05:00,4090.25,4090.76,4088.53,4088.87,728,37,0
2026-07-27 07:10:00,4088.87,4089.55,4087.74,4089.1,809,35,0
2026-07-27 07:15:00,4089.1,4089.53,4086.16,4087.16,775,35,0
2026-07-27 07:20:00,4087.16,4088.9,4086.62,4087.26,694,35,0
2026-07-27 07:25:00,4087.26,4088.37,4086.2,4088.35,798,35,0
2026-07-27 07:30:00,4088.32,4090.22,4088.21,4089.77,792,35,0
2026-07-27 07:35:00,4089.78,4091.39,4089.45,4090.33,669,35,0
2026-07-27 07:40:00,4090.33,4091.49,4089.45,4089.6,642,35,0
2026-07-27 07:45:00,4089.63,4090.51,4089.0,4089.29,563,35,0
2026-07-27 07:50:00,4089.27,4089.66,4088.44,4089.53,532,35,0
2026-07-27 07:55:00,4089.49,4090.07,4088.76,4089.45,584,37,0
2026-07-27 08:00:00,4089.42,4091.68,4087.75,4089.63,934,37,0
2026-07-27 08:05:00,4089.63,4093.42,4088.78,4092.66,815,37,0
2026-07-27 08:10:00,4092.67,4094.5,4092.23,4094.49,807,37,0
2026-07-27 08:15:00,4094.49,4094.49,4091.38,4091.61,730,35,0
2026-07-27 08:20:00,4091.61,4091.67,4087.56,4087.56,735,35,0
2026-07-27 08:25:00,4087.27,4088.06,4085.96,4086.47,893,35,0
2026-07-27 08:30:00,4086.48,4090.06,4085.94,4087.27,1571,37,0
2026-07-27 08:35:00,4087.26,4089.94,4085.57,4088.21,1456,37,0
2026-07-27 08:40:00,4088.21,4089.37,4086.61,4088.05,1368,35,0
2026-07-27 08:45:00,4087.97,4087.99,4084.33,4085.95,1537,36,0
2026-07-27 08:50:00,4085.95,4089.06,4084.71,4088.71,1197,35,0
2026-07-27 08:55:00,4088.67,4093.39,4087.29,4092.87,1372,35,0
2026-07-27 09:00:00,4092.9,4094.42,4091.74,4093.46,1508,35,0
2026-07-27 09:05:00,4093.46,4094.54,4091.44,4093.69,1388,31,0
2026-07-27 09:10:00,4093.7,4096.24,4092.93,4094.19,1227,31,0
2026-07-27 09:15:00,4094.21,4095.15,4091.87,4092.96,850,31,0
2026-07-27 09:20:00,4092.96,4094.09,4091.15,4093.94,1383,31,0
2026-07-27 09:25:00,4093.93,4096.34,4093.93,4095.8,1052,31,0
2026-07-27 09:30:00,4095.8,4096.5,4094.15,4095.65,1235,31,0
2026-07-27 09:35:00,4095.63,4098.25,4095.01,4098.05,1047,31,0
2026-07-27 09:40:00,4098.05,4099.15,4096.28,4098.54,1165,34,0
2026-07-27 09:45:00,4098.58,4098.97,4097.27,4097.77,923,31,0
2026-07-27 09:50:00,4097.74,4097.74,4095.03,4096.54,937,36,0
2026-07-27 09:55:00,4096.56,4097.31,4095.53,4095.9,1199,36,0
2026-07-27 10:00:00,4095.8,4100.7,4095.8,4098.96,1657,36,0
2026-07-27 10:05:00,4098.95,4100.06,4096.23,4097.94,1353,36,0
2026-07-27 10:10:00,4097.96,4101.87,4096.91,4101.86,1417,35,0
2026-07-27 10:15:00,4101.87,4103.9,4099.81,4103.89,1429,35,0
2026-07-27 10:20:00,4103.93,4105.57,4103.0,4104.73,1418,31,0
2026-07-27 10:25:00,4104.74,4106.09,4103.09,4103.49,1334,31,0
2026-07-27 10:30:00,4103.5,4103.5,4101.48,4102.64,1208,31,0
2026-07-27 10:35:00,4102.67,4103.85,4098.78,4099.25,1157,31,0
2026-07-27 10:40:00,4099.23,4099.29,4095.75,4097.25,1009,32,0
2026-07-27 10:45:00,4097.27,4099.19,4096.75,4097.84,1123,34,0
2026-07-27 10:50:00,4097.84,4097.85,4093.29,4094.14,1149,33,0
2026-07-27 10:55:00,4094.15,4094.75,4088.51,4088.75,1269,34,0
2026-07-27 11:00:00,4088.75,4093.0,4087.94,4088.23,1716,36,0
2026-07-27 11:05:00,4088.21,4092.29,4087.0,4090.31,1278,35,0
2026-07-27 11:10:00,4090.31,4092.01,4089.9,4091.19,1176,34,0
2026-07-27 11:15:00,4091.17,4091.79,4089.57,4091.36,1128,34,0
2026-07-27 11:20:00,4091.36,4091.41,4088.9,4090.91,1142,34,0
2026-07-27 11:25:00,4090.95,4092.52,4090.77,4090.81,1096,32,0
2026-07-27 11:30:00,4090.85,4091.1,4087.36,4087.57,1164,34,0
2026-07-27 11:35:00,4087.45,4090.74,4087.41,4090.38,1102,33,0
2026-07-27 11:40:00,4090.38,4092.85,4089.72,4091.4,1167,33,0
2026-07-27 11:45:00,4091.4,4093.5,4090.84,4093.31,723,31,0
2026-07-27 11:50:00,4093.28,4094.99,4091.31,4094.71,852,31,0
2026-07-27 11:55:00,4094.72,4096.86,4094.03,4095.12,914,34,0
2026-07-27 12:00:00,4095.12,4096.28,4094.17,4096.19,893,35,0
2026-07-27 12:05:00,4096.21,4098.39,4094.64,4094.69,874,36,0
2026-07-27 12:10:00,4094.8,4095.73,4093.15,4094.06,720,31,0
2026-07-27 12:15:00,4094.03,4094.75,4092.79,4093.11,744,31,0
2026-07-27 12:20:00,4093.05,4095.08,4092.49,4093.87,821,31,0
2026-07-27 12:25:00,4093.88,4095.94,4091.23,4091.58,1073,34,0
2026-07-27 12:30:00,4091.58,4093.72,4090.57,4091.86,1250,36,0
2026-07-27 12:35:00,4091.86,4093.77,4091.14,4092.27,828,33,0
2026-07-27 12:40:00,4092.23,4094.7,4091.09,4094.27,794,32,0
2026-07-27 12:45:00,4094.27,4097.96,4093.91,4097.56,950,31,0
2026-07-27 12:50:00,4097.56,4099.32,4096.29,4098.04,869,31,0
2026-07-27 12:55:00,4098.08,4100.47,4096.28,4096.28,873,31,0
2026-07-27 13:00:00,4096.27,4096.67,4094.31,4095.16,822,31,0
2026-07-27 13:05:00,4095.15,4095.36,4093.16,4093.86,742,31,0
2026-07-27 13:10:00,4093.86,4093.92,4086.58,4090.87,1552,36,0
2026-07-27 13:15:00,4090.87,4092.29,4089.19,4091.12,887,34,0
2026-07-27 13:20:00,4091.12,4093.97,4090.73,4092.52,858,33,0
2026-07-27 13:25:00,4092.6,4093.9,4092.43,4093.11,719,32,0
2026-07-27 13:30:00,4093.11,4096.21,4093.02,4095.98,828,33,0
2026-07-27 13:35:00,4095.98,4099.32,4095.1,4098.17,839,36,0
2026-07-27 13:40:00,4098.17,4102.0,4097.62,4100.53,764,34,0
2026-07-27 13:45:00,4100.53,4102.55,4099.93,4102.23,661,31,0
2026-07-27 13:50:00,4102.24,4102.24,4099.55,4101.58,673,31,0
2026-07-27 13:55:00,4101.59,4102.43,4099.03,4100.1,827,31,0
2026-07-27 14:00:00,4100.07,4101.27,4097.24,4097.82,1404,34,0
2026-07-27 14:05:00,4097.82,4103.28,4097.25,4103.01,910,31,0
2026-07-27 14:10:00,4102.98,4104.28,4101.98,4102.28,853,31,0
2026-07-27 14:15:00,4102.2,4103.48,4100.28,4100.44,764,31,0
2026-07-27 14:20:00,4100.44,4101.74,4099.76,4100.02,644,31,0
2026-07-27 14:25:00,4099.99,4101.46,4097.16,4097.18,707,31,0
2026-07-27 14:30:00,4097.09,4100.15,4096.44,4097.85,1462,35,0
2026-07-27 14:35:00,4097.86,4099.5,4096.71,4097.02,938,33,0
2026-07-27 14:40:00,4097.02,4098.66,4094.97,4095.86,1229,33,0
2026-07-27 14:45:00,4095.72,4097.37,4094.08,4095.74,1157,34,0
2026-07-27 14:50:00,4095.74,4097.31,4094.26,4094.49,921,31,0
2026-07-27 14:55:00,4094.47,4095.23,4093.78,4095.01,1045,31,0
2026-07-27 15:00:00,4095.04,4097.73,4094.56,4096.39,1143,33,0
2026-07-27 15:05:00,4096.52,4096.53,4094.01,4094.52,1192,33,0
2026-07-27 15:10:00,4094.5,4094.5,4086.31,4087.46,2125,36,0
2026-07-27 15:15:00,4087.47,4088.85,4081.96,4083.65,1691,36,0
2026-07-27 15:20:00,4083.6,4084.75,4081.45,4082.81,1703,36,0
2026-07-27 15:25:00,4082.81,4088.36,4082.66,4086.52,1155,32,0
2026-07-27 15:30:00,4086.53,4088.39,4082.88,4087.17,1204,32,0
2026-07-27 15:35:00,4087.17,4087.47,4084.45,4086.81,1039,32,0
2026-07-27 15:40:00,4086.81,4087.05,4083.97,4086.19,1194,34,0
2026-07-27 15:45:00,4086.18,4088.6,4081.99,4082.23,1324,33,0
2026-07-27 15:50:00,4082.25,4085.42,4081.27,4082.55,1321,33,0
2026-07-27 15:55:00,4082.24,4086.07,4081.12,4084.44,1389,31,0
2026-07-27 16:00:00,4084.65,4088.39,4082.98,4083.52,2365,36,0
2026-07-27 16:05:00,4083.53,4085.8,4082.0,4083.25,1988,36,0
2026-07-27 16:10:00,4083.35,4087.63,4080.81,4084.87,1899,35,0
2026-07-27 16:15:00,4084.89,4087.04,4081.41,4083.75,1896,33,0
2026-07-27 16:20:00,4083.76,4085.25,4081.44,4083.84,1522,33,0
2026-07-27 16:25:00,4083.84,4084.94,4075.71,4076.47,2186,34,0
2026-07-27 16:30:00,4076.48,4081.86,4075.41,4079.75,2777,36,0
2026-07-27 16:35:00,4079.81,4087.7,4079.64,4085.44,2723,36,0
2026-07-27 16:40:00,4085.43,4089.15,4083.79,4086.85,2444,34,0
2026-07-27 16:45:00,4086.85,4089.62,4084.92,4087.46,2427,31,0
2026-07-27 16:50:00,4087.46,4089.17,4083.97,4084.02,2081,31,0
2026-07-27 16:55:00,4083.93,4084.09,4070.51,4074.1,2749,33,0
2026-07-27 17:00:00,4074.15,4078.99,4071.13,4075.46,2437,36,0
2026-07-27 17:05:00,4075.48,4078.03,4073.1,4077.18,2317,32,0
2026-07-27 17:10:00,4077.16,4077.5,4072.48,4076.94,2370,32,0
2026-07-27 17:15:00,4077.42,4078.59,4074.94,4076.22,2337,33,0
2026-07-27 17:20:00,4076.24,4076.76,4072.35,4073.75,2206,35,0
2026-07-27 17:25:00,4073.64,4074.14,4067.13,4068.23,2301,35,0
2026-07-27 17:30:00,4068.26,4069.58,4066.15,4067.66,2622,35,0
2026-07-27 17:35:00,4067.67,4070.4,4066.02,4068.05,2367,33,0
2026-07-27 17:40:00,4068.05,4069.26,4065.2,4068.68,2327,31,0
2026-07-27 17:45:00,4068.72,4073.29,4068.72,4071.36,2075,31,0
2026-07-27 17:50:00,4071.36,4074.49,4070.07,4073.17,2052,32,0
2026-07-27 17:55:00,4073.16,4077.45,4071.54,4076.2,1892,31,0
2026-07-27 18:00:00,4076.2,4076.37,4072.28,4075.02,1953,32,0
2026-07-27 18:05:00,4075.06,4075.08,4072.33,4072.53,1773,33,0
2026-07-27 18:10:00,4072.53,4076.37,4071.74,4075.77,1795,34,0
2026-07-27 18:15:00,4075.78,4078.71,4075.46,4077.72,1559,34,0
2026-07-27 18:20:00,4077.72,4079.25,4075.1,4075.34,1696,34,0
2026-07-27 18:25:00,4075.28,4076.8,4074.53,4076.52,1972,35,0
2026-07-27 18:30:00,4076.48,4077.88,4072.86,4073.06,1915,36,0
2026-07-27 18:35:00,4073.08,4075.0,4072.61,4073.82,1535,31,0
2026-07-27 18:40:00,4073.85,4076.57,4073.31,4076.1,1498,33,0
2026-07-27 18:45:00,4076.18,4076.87,4074.58,4076.4,1289,32,0
2026-07-27 18:50:00,4076.4,4079.87,4076.0,4077.7,1440,31,0
2026-07-27 18:55:00,4077.72,4079.49,4077.45,4078.62,1273,31,0
2026-07-27 19:00:00,4078.62,4079.83,4077.77,4079.4,1627,36,0
2026-07-27 19:05:00,4079.4,4084.81,4078.2,4084.39,1281,36,0
2026-07-27 19:10:00,4084.27,4084.27,4080.57,4081.46,1361,35,0
2026-07-27 19:15:00,4081.49,4081.84,4079.69,4080.64,1268,35,0
2026-07-27 19:20:00,4080.64,4082.89,4080.48,4080.97,1390,36,0
2026-07-27 19:25:00,4080.98,4088.63,4080.82,4085.19,2599,36,0
2026-07-27 19:30:00,4085.18,4093.03,4085.02,4091.58,1980,36,0
2026-07-27 19:35:00,4091.65,4093.91,4090.06,4090.64,1828,36,0
2026-07-27 19:40:00,4090.64,4091.0,4087.44,4088.45,1440,34,0
2026-07-27 19:45:00,4088.44,4088.65,4083.92,4083.93,1437,35,0
2026-07-27 19:50:00,4083.93,4084.19,4080.99,4081.9,1471,35,0
2026-07-27 19:55:00,4081.89,4082.39,4080.77,4082.16,1346,34,0
2026-07-27 20:00:00,4082.2,4082.25,4075.23,4076.16,1673,34,0
2026-07-27 20:05:00,4076.16,4076.9,4073.45,4074.92,1660,36,0
2026-07-27 20:10:00,4074.93,4075.93,4070.52,4073.42,1841,36,0
2026-07-27 20:15:00,4073.39,4075.37,4072.13,4074.12,1472,36,0
2026-07-27 20:20:00,4074.1,4075.92,4073.11,4073.78,1425,34,0
2026-07-27 20:25:00,4073.76,4076.53,4073.23,4074.51,1429,31,0
2026-07-27 20:30:00,4074.55,4075.74,4073.2,4073.54,1137,36,0
2026-07-27 20:35:00,4073.49,4074.48,4071.9,4072.62,1408,33,0
2026-07-27 20:40:00,4072.62,4074.54,4072.54,4074.21,1309,32,0
2026-07-27 20:45:00,4074.2,4075.14,4073.07,4074.7,1254,31,0
2026-07-27 20:50:00,4074.77,4076.89,4074.58,4075.76,1223,35,0
2026-07-27 20:55:00,4075.78,4076.66,4075.48,4076.29,1283,35,0
2026-07-27 21:00:00,4076.3,4078.93,4075.83,4077.05,1394,35,0
2026-07-27 21:05:00,4077.05,4078.61,4076.89,4078.36,1336,36,0
2026-07-27 21:10:00,4078.37,4078.42,4076.12,4076.44,1379,36,0
2026-07-27 21:15:00,4076.45,4076.62,4073.81,4074.76,1524,36,0
2026-07-27 21:20:00,4074.81,4076.56,4074.09,4076.15,1116,36,0
2026-07-27 21:25:00,4076.17,4076.73,4075.66,4076.57,1202,34,0
2026-07-27 21:30:00,4076.58,4076.99,4074.4,4074.6,1256,34,0
2026-07-27 21:35:00,4074.6,4074.9,4073.05,4073.28,1120,35,0
2026-07-27 21:40:00,4073.29,4078.96,4072.69,4075.88,1735,36,0
2026-07-27 21:45:00,4075.88,4076.48,4074.89,4075.1,1210,36,0
2026-07-27 21:50:00,4075.1,4078.4,4074.56,4077.77,1253,36,0
2026-07-27 21:55:00,4077.77,4079.17,4077.1,4077.82,1333,36,0
2026-07-27 22:00:00,4077.78,4078.54,4076.74,4076.92,1213,35,0
2026-07-27 22:05:00,4076.97,4079.77,4075.95,4079.65,1129,36,0
2026-07-27 22:10:00,4079.65,4081.57,4079.42,4080.11,930,35,0
2026-07-27 22:15:00,4080.1,4084.47,4079.2,4084.25,807,36,0
2026-07-27 22:20:00,4084.25,4088.41,4084.24,4085.05,913,36,0
2026-07-27 22:25:00,4085.13,4085.71,4083.03,4085.71,722,36,0
2026-07-27 22:30:00,4085.71,4086.35,4083.49,4084.98,826,36,0
2026-07-27 22:35:00,4084.98,4086.66,4084.87,4086.17,774,36,0
2026-07-27 22:40:00,4086.22,4087.04,4085.07,4086.7,848,35,0
2026-07-27 22:45:00,4086.7,4089.11,4086.02,4089.08,1072,36,0
2026-07-27 22:50:00,4089.14,4089.14,4085.79,4087.23,1297,36,0
2026-07-27 22:55:00,4087.24,4087.24,4082.29,4083.21,1532,36,0
2026-07-27 23:00:00,4083.23,4083.9,4081.92,4082.1,690,33,0
2026-07-27 23:05:00,4082.1,4082.34,4081.27,4082.18,395,31,0
2026-07-27 23:10:00,4082.14,4082.48,4081.44,4082.02,433,32,0
2026-07-27 23:15:00,4082.01,4082.08,4080.35,4080.53,414,33,0
2026-07-27 23:20:00,4080.52,4080.61,4078.72,4080.08,410,34,0
2026-07-27 23:25:00,4080.27,4081.09,4078.1,4078.56,459,36,0
2026-07-27 23:30:00,4078.57,4078.96,4076.66,4076.8,565,36,0
2026-07-27 23:35:00,4077.1,4077.91,4075.7,4076.31,523,36,0
2026-07-27 23:40:00,4076.31,4077.22,4076.26,4076.99,211,44,0
2026-07-27 23:45:00,4077.08,4077.08,4075.82,4076.38,289,44,0
2026-07-27 23:50:00,4075.03,4075.46,4073.74,4075.09,177,374,0
2026-07-27 23:55:00,4075.09,4075.71,4074.47,4075.0,177,374,0
2026-07-28 01:05:00,4078.9,4079.78,4077.17,4077.58,455,367,0
2026-07-28 01:10:00,4077.58,4078.87,4076.31,4076.83,428,37,0
2026-07-28 01:15:00,4076.83,4076.85,4075.8,4076.13,346,38,0
2026-07-28 01:20:00,4076.13,4076.4,4071.8,4072.35,530,38,0
2026-07-28 01:25:00,4072.35,4073.13,4070.84,4072.32,472,38,0
2026-07-28 01:30:00,4072.31,4074.16,4072.18,4074.16,370,36,0
2026-07-28 01:35:00,4074.17,4074.76,4073.61,4074.24,353,37,0
2026-07-28 01:40:00,4074.24,4074.79,4073.83,4074.63,343,37,0
2026-07-28 01:45:00,4074.63,4074.64,4073.33,4073.86,484,37,0
2026-07-28 01:50:00,4073.82,4074.46,4073.42,4073.6,406,37,0
2026-07-28 01:55:00,4073.65,4074.5,4073.51,4073.97,342,36,0
2026-07-28 02:00:00,4073.99,4073.99,4071.55,4072.42,565,36,0
2026-07-28 02:05:00,4072.42,4074.29,4072.42,4073.59,431,36,0
2026-07-28 02:10:00,4073.6,4074.72,4073.07,4073.78,349,35,0
2026-07-28 02:15:00,4073.78,4074.31,4072.74,4072.89,461,35,0
2026-07-28 02:20:00,4072.9,4073.52,4072.46,4072.89,382,35,0
2026-07-28 02:25:00,4072.86,4073.3,4071.64,4072.44,345,35,0
2026-07-28 02:30:00,4072.44,4073.25,4071.85,4073.18,264,35,0
2026-07-28 02:35:00,4073.18,4073.25,4072.02,4072.71,264,35,0
2026-07-28 02:40:00,4072.71,4072.79,4071.16,4071.63,280,35,0
2026-07-28 02:45:00,4071.63,4072.17,4069.46,4069.63,774,38,0
2026-07-28 02:50:00,4069.66,4072.34,4069.41,4071.44,925,36,0
2026-07-28 02:55:00,4071.43,4072.88,4070.99,4072.64,715,35,0
2026-07-28 03:00:00,4072.59,4073.63,4064.45,4064.81,1489,38,0
2026-07-28 03:05:00,4064.72,4066.43,4061.4,4066.15,1551,38,0
2026-07-28 03:10:00,4066.14,4066.91,4064.16,4066.13,1409,38,0
2026-07-28 03:15:00,4066.18,4066.67,4061.64,4064.73,1268,37,0
2026-07-28 03:20:00,4064.76,4065.64,4059.51,4060.26,1100,37,0
2026-07-28 03:25:00,4060.26,4062.65,4058.38,4061.41,1288,38,0
2026-07-28 03:30:00,4061.39,4064.13,4059.81,4063.43,1425,36,0
2026-07-28 03:35:00,4063.43,4064.22,4062.59,4062.9,1345,35,0
2026-07-28 03:40:00,4062.9,4065.39,4061.33,4064.24,1050,35,0
2026-07-28 03:45:00,4064.3,4064.7,4058.06,4058.69,1476,37,0
2026-07-28 03:50:00,4058.71,4059.25,4057.19,4058.9,1106,35,0
2026-07-28 03:55:00,4058.9,4060.88,4056.83,4057.39,1264,35,0
2026-07-28 04:00:00,4057.3,4059.85,4053.45,4058.62,2689,38,0
2026-07-28 04:05:00,4058.4,4058.99,4053.9,4055.53,2073,37,0
2026-07-28 04:10:00,4055.41,4057.82,4054.36,4057.47,1534,37,0
2026-07-28 04:15:00,4057.47,4058.66,4052.75,4052.87,1423,37,0
2026-07-28 04:20:00,4052.87,4054.05,4048.38,4049.46,1744,36,0
2026-07-28 04:25:00,4049.46,4049.55,4045.7,4046.55,1735,37,0
2026-07-28 04:30:00,4046.58,4049.42,4042.91,4045.75,1684,36,0
2026-07-28 04:35:00,4045.75,4049.95,4045.67,4048.68,1608,35,0
2026-07-28 04:40:00,4048.72,4049.07,4046.39,4048.34,1622,35,0
2026-07-28 04:45:00,4048.32,4048.32,4044.72,4045.94,1579,36,0
2026-07-28 04:50:00,4045.93,4046.63,4041.99,4044.38,1362,36,0
2026-07-28 04:55:00,4044.44,4044.71,4043.1,4044.63,1421,36,0
2026-07-28 05:00:00,4044.56,4045.21,4041.9,4043.2,1562,36,0
2026-07-28 05:05:00,4043.19,4046.22,4041.82,4045.88,1402,37,0
2026-07-28 05:10:00,4045.92,4047.05,4045.04,4045.94,1261,36,0
2026-07-28 05:15:00,4045.65,4047.65,4044.83,4047.39,1009,35,0
2026-07-28 05:20:00,4047.5,4048.4,4046.39,4046.87,1106,36,0
2026-07-28 05:25:00,4046.87,4047.87,4044.94,4045.53,989,37,0
2026-07-28 05:30:00,4045.48,4047.32,4044.57,4046.0,1298,35,0
2026-07-28 05:35:00,4046.0,4046.58,4044.08,4044.49,1182,35,0
2026-07-28 05:40:00,4044.49,4045.03,4040.94,4043.53,1363,35,0
2026-07-28 05:45:00,4043.64,4044.74,4042.15,4043.08,1058,35,0
2026-07-28 05:50:00,4043.08,4044.93,4042.35,4043.16,1131,37,0
2026-07-28 05:55:00,4043.16,4043.24,4040.2,4041.63,994,35,0
2026-07-28 06:00:00,4041.63,4043.41,4039.65,4043.17,1116,35,0
2026-07-28 06:05:00,4043.17,4045.72,4042.2,4045.27,870,35,0
2026-07-28 06:10:00,4045.27,4046.76,4044.87,4045.35,1036,35,0
2026-07-28 06:15:00,4045.38,4048.7,4044.77,4048.58,1106,35,0
2026-07-28 06:20:00,4048.58,4048.82,4046.46,4048.02,904,35,0
2026-07-28 06:25:00,4048.02,4048.6,4046.12,4047.21,823,35,0
2026-07-28 06:30:00,4047.14,4050.66,4046.88,4049.3,1012,37,0
2026-07-28 06:35:00,4049.23,4049.58,4047.72,4048.39,989,35,0
2026-07-28 06:40:00,4048.39,4048.78,4046.82,4047.99,795,35,0
2026-07-28 06:45:00,4048.0,4050.26,4047.58,4049.3,816,35,0
2026-07-28 06:50:00,4049.3,4050.24,4047.94,4049.05,671,35,0
2026-07-28 06:55:00,4049.05,4049.54,4047.68,4048.8,694,35,0
2026-07-28 07:00:00,4048.79,4049.1,4047.23,4047.29,1073,37,0
2026-07-28 07:05:00,4047.32,4047.51,4045.06,4045.69,944,35,0
2026-07-28 07:10:00,4045.73,4046.36,4043.05,4043.49,878,35,0
2026-07-28 07:15:00,4043.45,4047.15,4043.08,4047.04,1187,35,0
2026-07-28 07:20:00,4046.98,4047.45,4045.78,4045.78,834,35,0
2026-07-28 07:25:00,4045.78,4046.67,4045.13,4045.25,873,36,0
2026-07-28 07:30:00,4045.25,4046.25,4043.47,4046.23,714,36,0
2026-07-28 07:35:00,4046.21,4046.51,4045.12,4045.14,685,35,0
2026-07-28 07:40:00,4045.13,4047.27,4044.49,4047.12,644,35,0
2026-07-28 07:45:00,4047.12,4047.41,4042.23,4042.82,813,35,0
2026-07-28 07:50:00,4042.8,4043.94,4042.51,4043.05,706,36,0
2026-07-28 07:55:00,4043.06,4043.75,4040.84,4041.28,803,35,0
2026-07-28 08:00:00,4041.23,4041.87,4039.26,4040.56,1128,36,0
2026-07-28 08:05:00,4040.53,4042.21,4039.7,4040.68,1073,36,0
2026-07-28 08:10:00,4040.68,4043.35,4040.46,4041.6,1053,36,0
2026-07-28 08:15:00,4041.6,4042.76,4041.41,4041.78,897,35,0
2026-07-28 08:20:00,4041.78,4043.12,4041.37,4041.81,792,35,0
2026-07-28 08:25:00,4041.81,4042.71,4040.14,4042.16,1192,35,0
2026-07-28 08:30:00,4042.23,4044.97,4036.69,4036.89,2389,38,0
2026-07-28 08:35:00,4036.88,4037.32,4034.32,4036.62,1884,38,0
2026-07-28 08:40:00,4036.61,4041.17,4036.15,4041.07,1545,36,0
2026-07-28 08:45:00,4041.06,4043.23,4039.02,4041.08,1392,36,0
2026-07-28 08:50:00,4041.08,4043.75,4040.37,4043.75,1247,35,0
2026-07-28 08:55:00,4043.75,4046.04,4043.21,4044.73,1279,37,0
2026-07-28 09:00:00,4044.73,4047.35,4044.2,4045.71,1565,36,0
2026-07-28 09:05:00,4045.6,4046.41,4043.45,4044.2,1273,36,0
2026-07-28 09:10:00,4044.2,4045.6,4042.52,4043.88,1377,32,0
2026-07-28 09:15:00,4043.87,4046.69,4043.5,4045.17,1202,33,0
2026-07-28 09:20:00,4045.09,4047.05,4043.75,4044.86,1355,36,0
2026-07-28 09:25:00,4044.88,4048.51,4044.51,4047.35,1336,36,0
2026-07-28 09:30:00,4047.38,4049.33,4046.47,4049.02,1324,34,0
2026-07-28 09:35:00,4049.07,4049.99,4047.86,4049.69,1018,32,0
2026-07-28 09:40:00,4049.69,4052.01,4049.37,4049.53,1252,31,0
2026-07-28 09:45:00,4049.52,4049.99,4047.68,4049.66,1045,33,0
2026-07-28 09:50:00,4049.66,4050.87,4048.96,4050.77,1030,31,0
2026-07-28 09:55:00,4050.78,4051.1,4047.89,4048.03,1321,31,0
2026-07-28 10:00:00,4047.99,4050.02,4047.27,4048.16,1253,34,0
2026-07-28 10:05:00,4048.12,4050.19,4047.21,4049.87,824,33,0
2026-07-28 10:10:00,4049.87,4050.86,4048.52,4048.56,957,31,0
2026-07-28 10:15:00,4048.53,4051.52,4048.36,4050.66,767,31,0
2026-07-28 10:20:00,4050.66,4051.95,4049.12,4050.49,738,31,0
2026-07-28 10:25:00,4050.49,4051.78,4048.92,4050.08,889,33,0
2026-07-28 10:30:00,4050.05,4050.67,4048.38,4048.61,897,34,0
2026-07-28 10:35:00,4048.61,4050.52,4048.09,4050.4,818,31,0
2026-07-28 10:40:00,4050.18,4050.68,4048.4,4049.07,724,31,0
2026-07-28 10:45:00,4049.09,4049.32,4046.49,4047.4,924,31,0
2026-07-28 10:50:00,4047.39,4049.51,4047.11,4048.73,1017,31,0
2026-07-28 10:55:00,4048.74,4049.13,4045.83,4046.76,853,31,0
2026-07-28 11:00:00,4046.76,4052.39,4045.91,4050.78,1502,35,0
2026-07-28 11:05:00,4050.78,4054.74,4047.68,4048.17,1459,36,0
2026-07-28 11:10:00,4048.18,4048.18,4042.6,4043.61,2069,36,0
2026-07-28 11:15:00,4043.79,4049.79,4043.79,4048.16,1858,36,0
2026-07-28 11:20:00,4047.95,4050.7,4047.22,4050.53,1478,35,0
2026-07-28 11:25:00,4050.53,4050.53,4048.18,4049.4,1254,31,0
2026-07-28 11:30:00,4049.32,4049.32,4044.08,4045.21,1285,35,0
2026-07-28 11:35:00,4045.19,4045.88,4041.9,4042.48,1159,31,0
2026-07-28 11:40:00,4042.43,4044.42,4041.39,4042.7,1110,36,0
2026-07-28 11:45:00,4042.7,4045.65,4042.64,4045.14,968,31,0
2026-07-28 11:50:00,4045.14,4045.32,4041.19,4041.74,1085,31,0
2026-07-28 11:55:00,4041.74,4045.33,4041.42,4044.85,695,31,0
2026-07-28 12:00:00,4044.85,4045.37,4042.36,4042.39,909,36,0
2026-07-28 12:05:00,4042.36,4042.76,4040.69,4042.0,917,34,0
2026-07-28 12:10:00,4041.99,4042.45,4040.0,4040.32,822,35,0
2026-07-28 12:15:00,4040.35,4043.14,4040.34,4042.83,864,35,0
2026-07-28 12:20:00,4042.84,4043.49,4041.8,4042.25,591,31,0
2026-07-28 12:25:00,4042.13,4042.37,4038.33,4039.7,858,34,0
2026-07-28 12:30:00,4039.78,4039.78,4035.41,4037.48,1232,36,0
2026-07-28 12:35:00,4037.48,4037.61,4029.04,4031.75,1645,35,0
2026-07-28 12:40:00,4031.73,4033.47,4031.2,4032.65,837,35,0
2026-07-28 12:45:00,4032.64,4033.61,4029.19,4030.44,1107,36,0
2026-07-28 12:50:00,4030.48,4031.34,4027.56,4029.38,1117,36,0
2026-07-28 12:55:00,4029.37,4029.41,4018.65,4022.2,1420,34,0
2026-07-28 13:00:00,4022.16,4024.52,4020.88,4024.38,1389,36,0
2026-07-28 13:05:00,4024.4,4026.23,4021.16,4021.33,1458,35,0
2026-07-28 13:10:00,4021.33,4023.74,4019.93,4023.34,1162,35,0
2026-07-28 13:15:00,4023.35,4025.17,4020.93,4021.1,1143,33,0
2026-07-28 13:20:00,4021.08,4022.15,4016.6,4018.7,1465,36,0
2026-07-28 13:25:00,4018.7,4019.52,4016.1,4016.49,1052,34,0
2026-07-28 13:30:00,4016.35,4022.81,4016.29,4021.92,1081,31,0
2026-07-28 13:35:00,4022.05,4022.64,4019.15,4021.38,1333,31,0
2026-07-28 13:40:00,4021.37,4022.14,4019.95,4021.89,824,31,0
2026-07-28 13:45:00,4021.89,4025.69,4021.65,4023.34,1198,31,0
2026-07-28 13:50:00,4023.35,4027.86,4023.19,4027.76,905,34,0
2026-07-28 13:55:00,4027.8,4027.93,4025.41,4025.97,1253,35,0
2026-07-28 14:00:00,4025.97,4028.25,4024.7,4026.0,1811,36,0
2026-07-28 14:05:00,4026.01,4027.98,4024.53,4027.07,1502,35,0
2026-07-28 14:10:00,4027.02,4027.32,4022.56,4023.4,1366,31,0
2026-07-28 14:15:00,4023.4,4031.79,4023.39,4030.0,1869,36,0
2026-07-28 14:20:00,4030.0,4030.11,4027.38,4027.39,1376,33,0
2026-07-28 14:25:00,4027.38,4028.78,4025.94,4027.42,1285,32,0
2026-07-28 14:30:00,4027.4,4028.29,4025.82,4026.56,1249,34,0
2026-07-28 14:35:00,4026.57,4030.84,4026.43,4028.65,1417,34,0
2026-07-28 14:40:00,4028.66,4029.05,4025.89,4026.46,1366,33,0
2026-07-28 14:45:00,4026.46,4027.24,4025.01,4025.75,1328,34,0
2026-07-28 14:50:00,4025.73,4026.24,4023.29,4023.45,1186,31,0
2026-07-28 14:55:00,4023.68,4027.94,4023.68,4027.69,1257,31,0
2026-07-28 15:00:00,4027.67,4027.67,4023.13,4025.54,1561,34,0
2026-07-28 15:05:00,4025.5,4027.97,4024.71,4025.48,1549,33,0
2026-07-28 15:10:00,4025.46,4027.31,4022.15,4027.16,1454,31,0
2026-07-28 15:15:00,4027.18,4030.01,4025.43,4030.01,1187,31,0
2026-07-28 15:20:00,4030.08,4033.61,4028.99,4033.26,1269,31,0
2026-07-28 15:25:00,4033.26,4034.35,4030.67,4033.95,1422,32,0
2026-07-28 15:30:00,4033.88,4034.39,4025.01,4028.08,1513,35,0
2026-07-28 15:35:00,4028.06,4029.66,4025.82,4027.8,1699,34,0
2026-07-28 15:40:00,4027.79,4034.27,4027.6,4033.21,1552,34,0
2026-07-28 15:45:00,4033.26,4037.58,4032.96,4033.91,1510,34,0
2026-07-28 15:50:00,4033.87,4034.23,4030.92,4031.92,1322,31,0
2026-07-28 15:55:00,4031.91,4032.3,4027.66,4028.88,1311,31,0
2026-07-28 16:00:00,4028.87,4033.8,4028.87,4031.85,2300,35,0
2026-07-28 16:05:00,4031.83,4035.09,4030.36,4032.29,1663,32,0
2026-07-28 16:10:00,4032.29,4033.34,4031.5,4032.45,1390,31,0
2026-07-28 16:15:00,4032.49,4032.61,4029.08,4030.22,1545,31,0
2026-07-28 16:20:00,4030.21,4035.27,4029.98,4034.14,1479,35,0
2026-07-28 16:25:00,4034.11,4035.58,4027.94,4028.29,1564,33,0
2026-07-28 16:30:00,4028.14,4032.3,4026.8,4031.1,2610,35,0
2026-07-28 16:35:00,4031.04,4032.14,4021.16,4021.41,2545,36,0
2026-07-28 16:40:00,4021.41,4024.97,4019.68,4024.97,2341,36,0
2026-07-28 16:45:00,4024.97,4026.19,4021.43,4024.61,2363,36,0
2026-07-28 16:50:00,4024.63,4028.51,4023.94,4026.61,2417,34,0
2026-07-28 16:55:00,4026.6,4026.81,4021.11,4021.69,2050,31,0
2026-07-28 17:00:00,4021.59,4026.69,4021.36,4025.8,2100,31,0
2026-07-28 17:05:00,4025.81,4030.75,4025.45,4029.73,2353,31,0
2026-07-28 17:10:00,4029.71,4033.21,4024.66,4025.46,2290,31,0
2026-07-28 17:15:00,4025.46,4026.24,4019.43,4019.66,2429,31,0
2026-07-28 17:20:00,4019.68,4020.25,4010.97,4016.75,2616,31,0
2026-07-28 17:25:00,4016.75,4022.1,4015.96,4021.63,2342,31,0
2026-07-28 17:30:00,4021.62,4024.67,4019.59,4019.69,2277,31,0
2026-07-28 17:35:00,4019.73,4022.99,4018.98,4019.49,2171,31,0
2026-07-28 17:40:00,4019.48,4023.47,4018.29,4022.11,2172,31,0
2026-07-28 17:45:00,4022.13,4028.07,4020.56,4027.67,1946,31,0
2026-07-28 17:50:00,4027.69,4029.08,4025.46,4026.7,1742,33,0
2026-07-28 17:55:00,4026.75,4027.75,4023.89,4024.36,1526,31,0
2026-07-28 18:00:00,4024.37,4029.56,4023.75,4024.46,1843,35,0
2026-07-28 18:05:00,4024.46,4030.9,4021.7,4030.9,1865,35,0
2026-07-28 18:10:00,4030.7,4035.82,4027.18,4033.22,3026,36,0
2026-07-28 18:15:00,4033.0,4035.75,4031.4,4035.09,2720,36,0
2026-07-28 18:20:00,4035.07,4040.53,4034.86,4035.48,2424,35,0
2026-07-28 18:25:00,4035.35,4039.88,4034.75,4035.39,2214,34,0
2026-07-28 18:30:00,4035.37,4036.09,4032.0,4033.27,2098,35,0
2026-07-28 18:35:00,4033.62,4037.96,4032.44,4036.74,1944,36,0
2026-07-28 18:40:00,4036.73,4041.7,4036.36,4041.08,1852,35,0
2026-07-28 18:45:00,4041.13,4044.61,4040.82,4043.19,1701,36,0
2026-07-28 18:50:00,4043.2,4046.72,4041.62,4045.98,1680,36,0
2026-07-28 18:55:00,4045.99,4046.84,4044.6,4046.15,1696,35,0
2026-07-28 19:00:00,4046.15,4046.3,4042.2,4042.47,1713,36,0
2026-07-28 19:05:00,4042.47,4044.51,4042.23,4043.1,1228,36,0
2026-07-28 19:10:00,4043.1,4045.56,4041.95,4044.46,1384,36,0
2026-07-28 19:15:00,4044.47,4045.29,4043.21,4045.0,1366,36,0
2026-07-28 19:20:00,4044.99,4045.61,4043.0,4043.62,1494,35,0
2026-07-28 19:25:00,4043.62,4044.72,4041.82,4041.85,1336,34,0
2026-07-28 19:30:00,4041.86,4043.52,4040.89,4042.6,1406,32,0
2026-07-28 19:35:00,4042.6,4043.48,4041.16,4041.84,1237,32,0
2026-07-28 19:40:00,4041.83,4043.14,4040.21,4040.4,1261,33,0
2026-07-28 19:45:00,4040.4,4040.95,4037.33,4037.51,1744,36,0
2026-07-28 19:50:00,4037.52,4038.16,4036.89,4038.1,1218,31,0
2026-07-28 19:55:00,4038.1,4038.11,4036.4,4037.48,1017,31,0
2026-07-28 20:00:00,4037.46,4039.55,4036.94,4039.47,1341,31,0
2026-07-28 20:05:00,4039.46,4040.69,4037.76,4037.98,1577,36,0
2026-07-28 20:10:00,4037.96,4038.46,4035.17,4036.56,1503,36,0
2026-07-28 20:15:00,4036.51,4036.52,4034.93,4035.0,1305,33,0
2026-07-28 20:20:00,4034.96,4040.97,4034.74,4035.96,1948,32,0
2026-07-28 20:25:00,4035.96,4039.25,4035.45,4037.18,1674,36,0
2026-07-28 20:30:00,4037.17,4037.31,4033.95,4034.46,1275,36,0
2026-07-28 20:35:00,4034.46,4034.61,4030.72,4030.89,1118,34,0
2026-07-28 20:40:00,4030.87,4030.98,4027.25,4027.82,1295,34,0
2026-07-28 20:45:00,4027.86,4029.08,4025.32,4028.94,1647,36,0
2026-07-28 20:50:00,4028.95,4028.95,4025.45,4026.02,1377,35,0
2026-07-28 20:55:00,4026.01,4027.68,4025.45,4027.53,1424,34,0
2026-07-28 21:00:00,4027.49,4028.94,4026.56,4028.9,1674,34,0
2026-07-28 21:05:00,4028.9,4029.8,4028.37,4029.26,1297,35,0
2026-07-28 21:10:00,4029.26,4029.38,4027.14,4027.63,1356,34,0
2026-07-28 21:15:00,4027.67,4029.42,4027.37,4027.9,1736,35,0
2026-07-28 21:20:00,4027.93,4028.31,4026.0,4026.03,1550,35,0
2026-07-28 21:25:00,4026.04,4026.97,4025.29,4026.5,1668,36,0
2026-07-28 21:30:00,4026.51,4026.85,4023.46,4023.77,1546,36,0
2026-07-28 21:35:00,4023.79,4024.15,4022.5,4023.2,1391,36,0
2026-07-28 21:40:00,4023.2,4024.4,4022.64,4023.56,1075,36,0
2026-07-28 21:45:00,4023.59,4025.4,4022.77,4023.39,1159,35,0
2026-07-28 21:50:00,4023.39,4023.89,4021.74,4022.19,1282,35,0
2026-07-28 21:55:00,4022.19,4022.58,4021.03,4022.31,1242,32,0
2026-07-28 22:00:00,4022.25,4023.92,4021.73,4023.66,1416,32,0
2026-07-28 22:05:00,4023.65,4025.08,4022.98,4024.04,1194,36,0
2026-07-28 22:10:00,4024.03,4024.17,4023.03,4023.4,915,35,0
2026-07-28 22:15:00,4023.41,4024.46,4023.1,4023.1,806,34,0
2026-07-28 22:20:00,4023.07,4023.55,4022.26,4022.56,750,32,0
2026-07-28 22:25:00,4022.57,4023.18,4021.46,4023.18,818,33,0
2026-07-28 22:30:00,4023.18,4027.19,4022.56,4026.98,1230,36,0
2026-07-28 22:35:00,4027.02,4027.04,4023.83,4024.28,1092,36,0
2026-07-28 22:40:00,4024.3,4025.97,4024.25,4025.97,910,32,0
2026-07-28 22:45:00,4025.97,4026.92,4025.64,4026.2,960,33,0
2026-07-28 22:50:00,4026.23,4027.46,4024.89,4026.42,978,35,0
2026-07-28 22:55:00,4026.43,4027.52,4025.58,4025.67,1518,36,0
2026-07-28 23:00:00,4025.75,4025.78,4022.65,4023.58,873,33,0
2026-07-28 23:05:00,4023.58,4023.81,4022.16,4022.53,831,31,0
2026-07-28 23:10:00,4022.53,4024.22,4022.49,4023.19,508,31,0
2026-07-28 23:15:00,4023.19,4026.24,4023.13,4026.02,501,31,0
2026-07-28 23:20:00,4026.02,4026.18,4025.03,4025.49,457,31,0
2026-07-28 23:25:00,4025.5,4027.29,4025.43,4026.99,494,32,0
2026-07-28 23:30:00,4027.02,4028.19,4026.98,4028.02,457,33,0
2026-07-28 23:35:00,4028.02,4029.54,4026.98,4027.59,607,34,0
2026-07-28 23:40:00,4027.6,4029.81,4027.6,4029.65,430,44,0
2026-07-28 23:45:00,4029.65,4030.1,4027.02,4027.03,445,44,0
2026-07-28 23:50:00,4027.04,4027.04,4024.78,4026.74,349,44,0
2026-07-28 23:55:00,4026.74,4027.45,4026.43,4026.96,138,374,0
2026-07-29 01:05:00,4024.89,4025.64,4024.38,4025.39,305,368,0
2026-07-29 01:10:00,4025.4,4027.71,4024.13,4024.56,564,38,0
2026-07-29 01:15:00,4024.58,4024.88,4021.9,4021.9,514,38,0
2026-07-29 01:20:00,4021.91,4023.1,4017.04,4017.57,785,38,0
2026-07-29 01:25:00,4017.57,4020.83,4017.28,4020.64,778,38,0
2026-07-29 01:30:00,4020.69,4020.87,4013.66,4017.19,1038,38,0
2026-07-29 01:35:00,4017.11,4017.11,4013.98,4014.82,946,37,0
2026-07-29 01:40:00,4014.81,4018.55,4014.69,4018.05,654,35,0
2026-07-29 01:45:00,4018.06,4018.1,4015.12,4016.78,891,35,0
2026-07-29 01:50:00,4016.78,4018.76,4015.97,4017.56,761,35,0
2026-07-29 01:55:00,4017.56,4019.42,4017.46,4018.11,642,35,0
2026-07-29 02:00:00,4018.12,4018.56,4016.01,4016.86,876,35,0
2026-07-29 02:05:00,4016.84,4019.24,4016.19,4018.0,895,37,0
2026-07-29 02:10:00,4017.98,4022.92,4017.84,4021.95,888,36,0
2026-07-29 02:15:00,4021.95,4021.95,4015.42,4016.15,833,36,0
2026-07-29 02:20:00,4016.14,4019.33,4016.12,4019.04,885,35,0
2026-07-29 02:25:00,4019.04,4019.14,4014.78,4019.04,730,35,0
2026-07-29 02:30:00,4019.04,4019.66,4017.15,4018.06,547,35,0
2026-07-29 02:35:00,4018.06,4020.17,4017.95,4018.66,452,35,0
2026-07-29 02:40:00,4018.67,4023.14,4017.97,4022.79,709,36,0
2026-07-29 02:45:00,4022.8,4022.8,4018.77,4022.23,1762,37,0
2026-07-29 02:50:00,4022.22,4024.14,4020.65,4023.45,1371,35,0
2026-07-29 02:55:00,4023.45,4025.97,4022.68,4024.78,1117,36,0
2026-07-29 03:00:00,4024.82,4025.89,4017.24,4021.59,2113,37,0
2026-07-29 03:05:00,4021.59,4024.07,4017.27,4018.42,1550,37,0
2026-07-29 03:10:00,4018.44,4021.7,4018.1,4020.26,1295,36,0
2026-07-29 03:15:00,4020.25,4026.13,4020.19,4024.47,1517,35,0
2026-07-29 03:20:00,4024.47,4029.48,4023.5,4024.53,1683,35,0
2026-07-29 03:25:00,4024.53,4026.35,4022.0,4022.42,1556,35,0
2026-07-29 03:30:00,4022.41,4024.91,4021.14,4024.17,1402,35,0
2026-07-29 03:35:00,4024.17,4027.45,4023.12,4024.32,1431,35,0
2026-07-29 03:40:00,4024.31,4025.88,4023.86,4025.68,1127,36,0
2026-07-29 03:45:00,4025.67,4025.72,4020.65,4020.74,1360,37,0
2026-07-29 03:50:00,4020.62,4023.67,4020.61,4023.44,1416,36,0
2026-07-29 03:55:00,4023.4,4023.57,4019.99,4021.51,1271,36,0
2026-07-29 04:00:00,4021.43,4021.46,4009.86,4011.55,2377,38,0
2026-07-29 04:05:00,4011.55,4015.21,4010.19,4014.54,1847,37,0
2026-07-29 04:10:00,4014.55,4017.32,4011.26,4012.52,2048,37,0
2026-07-29 04:15:00,4012.52,4016.31,4011.24,4016.3,1737,37,0
2026-07-29 04:20:00,4016.3,4017.27,4013.35,4014.83,1614,36,0
2026-07-29 04:25:00,4014.84,4019.83,4013.96,4017.98,1541,35,0
2026-07-29 04:30:00,4017.98,4024.03,4014.6,4024.03,2264,36,0
2026-07-29 04:35:00,4024.02,4030.23,4022.31,4029.57,2198,37,0
2026-07-29 04:40:00,4029.24,4030.23,4025.69,4027.59,1719,35,0
2026-07-29 04:45:00,4027.56,4028.18,4024.22,4024.54,1604,35,0
2026-07-29 04:50:00,4024.55,4025.68,4021.71,4023.0,1545,35,0
2026-07-29 04:55:00,4023.02,4025.97,4022.77,4025.67,1535,36,0
2026-07-29 05:00:00,4025.68,4029.06,4025.26,4027.26,1574,36,0
2026-07-29 05:05:00,4027.26,4027.97,4022.9,4025.09,1303,37,0
2026-07-29 05:10:00,4025.03,4028.1,4024.91,4028.06,1198,35,0
2026-07-29 05:15:00,4028.04,4030.01,4026.19,4027.26,1039,35,0
2026-07-29 05:20:00,4027.23,4035.21,4026.63,4033.13,1331,35,0
2026-07-29 05:25:00,4033.13,4035.11,4030.75,4033.19,1132,35,0
2026-07-29 05:30:00,4033.21,4036.44,4030.41,4031.17,1609,35,0
2026-07-29 05:35:00,4031.1,4035.09,4030.98,4035.07,1399,35,0
2026-07-29 05:40:00,4035.04,4037.65,4034.16,4034.96,1300,35,0
2026-07-29 05:45:00,4035.09,4035.13,4032.21,4032.3,1110,35,0
2026-07-29 05:50:00,4032.3,4033.14,4029.01,4030.23,1283,36,0
2026-07-29 05:55:00,4030.23,4032.0,4028.9,4028.96,892,35,0
2026-07-29 06:00:00,4029.02,4031.05,4027.96,4028.54,1099,36,0
2026-07-29 06:05:00,4028.76,4032.52,4028.23,4029.23,1319,37,0
2026-07-29 06:10:00,4029.02,4030.59,4027.08,4027.55,1037,35,0
2026-07-29 06:15:00,4027.55,4028.55,4026.07,4027.89,996,35,0
2026-07-29 06:20:00,4027.89,4028.14,4025.7,4025.98,983,35,0
2026-07-29 06:25:00,4025.95,4027.9,4025.22,4026.57,846,35,0
2026-07-29 06:30:00,4026.61,4026.83,4024.38,4026.47,901,35,0
2026-07-29 06:35:00,4026.49,4029.27,4025.85,4026.96,852,35,0
2026-07-29 06:40:00,4026.96,4027.02,4024.97,4025.88,794,35,0
2026-07-29 06:45:00,4025.89,4026.73,4025.39,4025.9,770,35,0
2026-07-29 06:50:00,4025.9,4026.18,4023.79,4024.13,589,35,0
2026-07-29 06:55:00,4024.13,4024.31,4022.8,4023.27,580,37,0
2026-07-29 07:00:00,4023.26,4024.48,4021.23,4022.18,869,36,0
2026-07-29 07:05:00,4022.21,4022.76,4021.02,4022.57,748,36,0
2026-07-29 07:10:00,4022.59,4022.69,4020.94,4021.38,746,35,0
2026-07-29 07:15:00,4021.38,4021.82,4020.23,4021.58,811,35,0
2026-07-29 07:20:00,4021.59,4023.75,4021.12,4023.45,804,35,0
2026-07-29 07:25:00,4023.45,4025.11,4022.47,4023.04,913,35,0
2026-07-29 07:30:00,4023.05,4026.7,4022.9,4026.28,884,35,0
2026-07-29 07:35:00,4026.25,4026.25,4024.34,4024.69,1116,35,0
2026-07-29 07:40:00,4024.69,4027.05,4024.52,4027.05,1213,35,0
2026-07-29 07:45:00,4027.04,4027.05,4023.1,4023.68,1551,35,0
2026-07-29 07:50:00,4023.69,4026.55,4023.68,4026.3,1230,36,0
2026-07-29 07:55:00,4026.31,4027.38,4025.64,4027.22,841,35,0
2026-07-29 08:00:00,4027.22,4029.13,4026.23,4028.69,948,35,0
2026-07-29 08:05:00,4028.68,4028.89,4026.69,4027.05,872,35,0
2026-07-29 08:10:00,4027.04,4031.39,4026.52,4030.05,1135,35,0
2026-07-29 08:15:00,4030.05,4030.05,4027.21,4027.48,955,35,0
2026-07-29 08:20:00,4027.48,4030.66,4026.81,4030.55,736,35,0
2026-07-29 08:25:00,4030.55,4030.96,4029.59,4030.38,678,35,0
2026-07-29 08:30:00,4030.34,4034.2,4029.71,4031.61,1871,37,0
2026-07-29 08:35:00,4031.76,4032.68,4029.48,4031.04,1352,37,0
2026-07-29 08:40:00,4031.06,4039.41,4030.94,4039.18,1359,37,0
2026-07-29 08:45:00,4039.2,4039.89,4033.54,4033.67,1368,36,0
2026-07-29 08:50:00,4033.49,4035.88,4033.21,4033.65,1108,36,0
2026-07-29 08:55:00,4033.65,4034.56,4031.34,4032.78,1246,35,0
2026-07-29 09:00:00,4032.79,4037.28,4032.72,4037.11,1328,36,0
2026-07-29 09:05:00,4037.17,4037.29,4034.51,4034.86,1087,31,0
2026-07-29 09:10:00,4034.86,4038.16,4034.23,4037.24,892,31,0
2026-07-29 09:15:00,4037.18,4039.97,4037.11,4038.02,1031,33,0
2026-07-29 09:20:00,4038.02,4042.89,4035.73,4040.9,1009,33,0
2026-07-29 09:25:00,4040.91,4041.72,4040.28,4041.41,1133,33,0
2026-07-29 09:30:00,4041.33,4043.79,4040.5,4043.7,1242,31,0
2026-07-29 09:35:00,4043.69,4044.7,4042.08,4043.27,1169,31,0
2026-07-29 09:40:00,4043.27,4043.98,4041.54,4042.81,939,31,0
2026-07-29 09:45:00,4042.81,4043.02,4039.8,4040.1,901,31,0
2026-07-29 09:50:00,4040.1,4042.7,4039.99,4041.15,1099,31,0
2026-07-29 09:55:00,4041.15,4042.37,4040.66,4041.5,994,31,0
2026-07-29 10:00:00,4041.65,4044.34,4041.12,4042.21,1091,31,0
2026-07-29 10:05:00,4042.21,4044.97,4041.97,4044.8,940,33,0
2026-07-29 10:10:00,4044.8,4046.71,4044.73,4045.52,843,31,0
2026-07-29 10:15:00,4045.55,4046.23,4044.33,4045.7,706,31,0
2026-07-29 10:20:00,4045.7,4047.88,4045.55,4046.93,701,31,0
2026-07-29 10:25:00,4046.93,4047.28,4044.77,4046.29,769,33,0
2026-07-29 10:30:00,4046.29,4046.97,4044.9,4045.86,876,35,0
2026-07-29 10:35:00,4045.86,4047.66,4045.84,4046.32,798,34,0
2026-07-29 10:40:00,4046.32,4047.68,4045.9,4046.09,694,31,0
2026-07-29 10:45:00,4046.09,4047.14,4044.53,4044.6,849,31,0
2026-07-29 10:50:00,4044.59,4044.97,4043.01,4043.59,791,31,0
2026-07-29 10:55:00,4043.59,4044.38,4042.86,4043.99,734,31,0
2026-07-29 11:00:00,4044.0,4044.58,4042.79,4044.02,983,36,0
2026-07-29 11:05:00,4043.96,4044.09,4040.76,4041.4,985,31,0
2026-07-29 11:10:00,4041.48,4042.66,4039.32,4039.34,806,32,0
2026-07-29 11:15:00,4039.33,4042.31,4039.31,4040.95,663,31,0
2026-07-29 11:20:00,4040.95,4040.96,4037.43,4037.76,760,31,0
2026-07-29 11:25:00,4037.73,4038.22,4035.78,4037.33,966,31,0
2026-07-29 11:30:00,4037.33,4037.93,4035.75,4035.99,1030,31,0
2026-07-29 11:35:00,4035.96,4038.95,4035.94,4037.96,717,31,0
2026-07-29 11:40:00,4037.91,4039.16,4037.61,4038.14,688,31,0
2026-07-29 11:45:00,4038.19,4039.86,4037.49,4037.66,796,31,0
2026-07-29 11:50:00,4037.65,4040.14,4037.1,4039.2,942,36,0
2026-07-29 11:55:00,4039.2,4039.51,4037.0,4037.55,757,31,0
2026-07-29 12:00:00,4037.54,4038.31,4036.33,4037.24,822,31,0
2026-07-29 12:05:00,4037.21,4037.86,4035.85,4037.73,835,31,0
2026-07-29 12:10:00,4037.74,4037.82,4035.43,4036.26,782,31,0
2026-07-29 12:15:00,4036.26,4037.6,4035.88,4036.91,861,34,0
2026-07-29 12:20:00,4036.91,4036.93,4033.63,4034.62,963,35,0
2026-07-29 12:25:00,4034.61,4034.71,4033.32,4033.63,761,31,0
2026-07-29 12:30:00,4033.63,4034.44,4031.16,4033.76,1142,36,0
2026-07-29 12:35:00,4033.76,4034.64,4032.34,4032.61,833,35,0
2026-07-29 12:40:00,4032.66,4034.84,4032.16,4034.16,864,33,0
2026-07-29 12:45:00,4034.16,4035.53,4033.9,4035.5,679,32,0
2026-07-29 12:50:00,4035.5,4036.15,4034.63,4035.1,647,33,0
2026-07-29 12:55:00,4035.09,4035.09,4031.68,4032.35,885,36,0
2026-07-29 13:00:00,4032.26,4033.59,4031.7,4032.87,747,33,0
2026-07-29 13:05:00,4032.88,4033.79,4030.86,4032.39,1071,36,0
2026-07-29 13:10:00,4032.39,4033.25,4030.6,4031.61,958,35,0
2026-07-29 13:15:00,4031.61,4031.99,4029.96,4031.96,871,35,0
2026-07-29 13:20:00,4031.98,4032.52,4030.85,4031.12,629,32,0
2026-07-29 13:25:00,4031.15,4032.99,4029.88,4032.56,724,32,0
2026-07-29 13:30:00,4032.56,4034.06,4031.76,4031.82,657,36,0
2026-07-29 13:35:00,4031.81,4032.24,4028.52,4028.78,771,36,0
2026-07-29 13:40:00,4028.77,4029.17,4025.96,4027.0,871,34,0
2026-07-29 13:45:00,4026.99,4027.47,4026.06,4027.23,698,31,0
2026-07-29 13:50:00,4027.2,4028.21,4025.55,4026.42,712,31,0
2026-07-29 13:55:00,4026.42,4027.17,4025.56,4026.78,627,31,0
2026-07-29 14:00:00,4026.7,4028.91,4026.41,4027.49,921,33,0
2026-07-29 14:05:00,4027.49,4027.83,4024.47,4025.61,864,33,0
2026-07-29 14:10:00,4025.6,4029.33,4025.6,4029.33,773,31,0
2026-07-29 14:15:00,4029.33,4032.39,4028.04,4032.17,913,31,0
2026-07-29 14:20:00,4032.19,4032.83,4031.49,4032.24,771,31,0
2026-07-29 14:25:00,4032.24,4033.15,4031.44,4032.59,620,31,0
2026-07-29 14:30:00,4032.66,4032.66,4031.07,4031.49,574,31,0
2026-07-29 14:35:00,4031.4,4031.8,4029.79,4031.53,549,31,0
2026-07-29 14:40:00,4031.53,4031.96,4030.3,4030.62,594,31,0
2026-07-29 14:45:00,4030.62,4035.69,4030.24,4033.96,1016,35,0
2026-07-29 14:50:00,4033.96,4034.38,4031.57,4031.68,922,35,0
2026-07-29 14:55:00,4031.65,4032.4,4030.76,4032.4,727,33,0
2026-07-29 15:00:00,4032.4,4032.97,4029.81,4030.13,772,34,0
2026-07-29 15:05:00,4030.13,4030.89,4028.32,4029.69,958,33,0
2026-07-29 15:10:00,4029.69,4030.67,4025.87,4026.76,913,31,0
2026-07-29 15:15:00,4026.7,4027.21,4018.39,4018.87,2436,36,0
2026-07-29 15:20:00,4018.87,4019.73,4013.82,4015.44,2273,36,0
2026-07-29 15:25:00,4015.44,4016.87,4012.01,4012.08,1604,36,0
2026-07-29 15:30:00,4012.09,4018.06,4008.46,4017.52,1679,36,0
2026-07-29 15:35:00,4017.75,4021.89,4016.42,4021.13,1377,34,0
2026-07-29 15:40:00,4021.15,4021.5,4016.85,4020.5,1295,34,0
2026-07-29 15:45:00,4020.54,4022.74,4019.03,4019.72,962,34,0
2026-07-29 15:50:00,4019.72,4021.87,4018.53,4021.28,1283,35,0
2026-07-29 15:55:00,4021.34,4023.3,4020.63,4022.29,988,35,0
2026-07-29 16:00:00,4022.43,4025.99,4018.44,4018.49,2140,36,0
2026-07-29 16:05:00,4018.44,4018.92,4015.11,4015.83,1623,34,0
2026-07-29 16:10:00,4015.78,4018.51,4014.67,4015.22,1486,33,0
2026-07-29 16:15:00,4015.22,4018.16,4013.65,4016.78,1590,33,0
2026-07-29 16:20:00,4016.77,4022.79,4015.35,4019.97,1629,31,0
2026-07-29 16:25:00,4019.98,4022.54,4013.23,4014.12,1717,35,0
2026-07-29 16:30:00,4014.1,4017.28,4009.55,4016.65,2965,36,0
2026-07-29 16:35:00,4016.65,4017.49,4013.71,4015.57,2540,35,0
2026-07-29 16:40:00,4015.49,4015.55,4012.47,4012.92,2590,35,0
2026-07-29 16:45:00,4012.92,4015.62,4010.65,4014.35,2610,36,0
2026-07-29 16:50:00,4014.43,4014.71,4006.16,4008.56,2403,33,0
2026-07-29 16:55:00,4008.57,4008.63,4001.91,4006.79,2404,31,0
2026-07-29 17:00:00,4006.71,4008.12,4000.63,4005.53,2595,36,0
2026-07-29 17:05:00,4005.53,4006.23,3998.3,3999.01,2443,33,0
2026-07-29 17:10:00,3998.85,4000.64,3995.36,3998.59,2309,31,0
2026-07-29 17:15:00,3998.59,4008.67,3998.29,4007.38,2308,31,0
2026-07-29 17:20:00,4007.36,4009.75,4006.1,4009.34,2104,31,0
2026-07-29 17:25:00,4009.34,4009.34,4003.15,4005.36,2317,31,0
2026-07-29 17:30:00,4005.36,4008.83,4003.61,4007.52,2144,33,0
2026-07-29 17:35:00,4007.52,4007.98,4002.72,4004.01,1990,32,0
2026-07-29 17:40:00,4004.01,4006.16,3998.61,4000.74,2120,32,0
2026-07-29 17:45:00,4000.69,4002.11,3997.86,4001.06,2244,34,0
2026-07-29 17:50:00,4001.06,4005.25,3999.94,4004.77,2180,35,0
2026-07-29 17:55:00,4004.77,4005.27,4001.96,4004.6,1939,31,0
2026-07-29 18:00:00,4004.6,4008.41,4002.8,4007.92,1916,31,0
2026-07-29 18:05:00,4007.92,4009.36,4006.14,4009.27,1697,31,0
2026-07-29 18:10:00,4009.27,4009.29,4005.31,4006.42,1615,31,0
2026-07-29 18:15:00,4006.37,4008.12,4004.33,4004.33,1382,32,0
2026-07-29 18:20:00,4004.39,4009.79,4003.29,4009.33,1643,32,0
2026-07-29 18:25:00,4009.27,4010.8,4007.63,4010.32,1838,31,0
2026-07-29 18:30:00,4010.36,4013.08,4009.28,4009.85,1871,31,0
2026-07-29 18:35:00,4009.83,4011.95,4007.67,4008.1,1529,33,0
2026-07-29 18:40:00,4008.11,4010.17,4006.69,4009.96,1247,32,0
2026-07-29 18:45:00,4009.95,4012.31,4009.01,4012.17,1096,31,0
2026-07-29 18:50:00,4012.16,4013.32,4010.41,4011.13,1279,31,0
2026-07-29 18:55:00,4011.27,4011.45,4007.89,4009.44,1371,31,0
2026-07-29 19:00:00,4009.44,4011.31,4007.25,4009.24,1688,31,0
2026-07-29 19:05:00,4009.24,4015.12,4008.38,4014.26,1514,36,0
2026-07-29 19:10:00,4014.27,4015.19,4008.91,4008.97,1266,36,0
2026-07-29 19:15:00,4008.98,4011.04,4007.46,4010.89,1147,36,0
2026-07-29 19:20:00,4010.95,4017.13,4010.47,4014.96,1638,36,0
2026-07-29 19:25:00,4014.96,4016.7,4014.62,4016.13,1298,35,0
2026-07-29 19:30:00,4016.08,4018.61,4014.6,4016.7,1416,35,0
2026-07-29 19:35:00,4016.73,4017.84,4014.7,4016.49,1179,36,0
2026-07-29 19:40:00,4016.47,4017.35,4015.52,4016.64,1101,35,0
2026-07-29 19:45:00,4016.64,4017.75,4014.95,4017.63,1222,34,0
2026-07-29 19:50:00,4017.48,4025.55,4017.48,4025.12,1493,35,0
2026-07-29 19:55:00,4025.13,4032.82,4024.85,4027.83,2597,36,0
2026-07-29 20:00:00,4027.95,4037.31,4027.47,4036.66,2247,36,0
2026-07-29 20:05:00,4036.68,4040.88,4034.8,4038.68,2074,36,0
2026-07-29 20:10:00,4038.58,4050.14,4037.22,4041.86,2256,36,0
2026-07-29 20:15:00,4041.88,4047.65,4040.6,4045.01,2132,36,0
2026-07-29 20:20:00,4045.05,4050.37,4044.49,4047.21,2151,36,0
2026-07-29 20:25:00,4047.25,4048.03,4037.05,4038.8,2227,36,0
2026-07-29 20:30:00,4038.37,4041.84,4037.61,4038.63,1903,36,0
2026-07-29 20:35:00,4038.5,4041.6,4036.2,4041.17,1637,33,0
2026-07-29 20:40:00,4041.17,4047.27,4040.69,4045.53,1799,34,0
2026-07-29 20:45:00,4045.57,4047.98,4044.85,4047.33,1421,32,0
2026-07-29 20:50:00,4047.33,4047.36,4044.39,4044.39,1418,34,0
2026-07-29 20:55:00,4044.38,4044.95,4041.71,4041.85,1160,34,0
2026-07-29 21:00:00,4041.81,4084.73,4040.58,4066.59,3597,54,0
2026-07-29 21:05:00,4066.78,4082.71,4066.27,4075.67,3695,36,0
2026-07-29 21:10:00,4075.68,4085.21,4071.28,4080.62,3282,36,0
2026-07-29 21:15:00,4080.62,4082.83,4070.67,4071.08,3064,36,0
2026-07-29 21:20:00,4071.08,4072.68,4066.32,4066.4,2954,36,0
2026-07-29 21:25:00,4066.42,4068.26,4063.86,4067.72,2820,36,0
2026-07-29 21:30:00,4067.71,4072.49,4052.01,4060.17,3836,36,0
2026-07-29 21:35:00,4060.39,4072.72,4053.79,4070.63,3669,36,0
2026-07-29 21:40:00,4070.73,4086.83,4069.68,4083.33,3646,36,0
2026-07-29 21:45:00,4083.34,4100.88,4082.04,4099.95,3646,36,0
2026-07-29 21:50:00,4099.97,4109.79,4092.67,4105.2,3600,36,0
2026-07-29 21:55:00,4104.97,4109.41,4101.05,4105.87,3403,36,0
2026-07-29 22:00:00,4105.97,4116.56,4101.56,4103.44,3598,36,0
2026-07-29 22:05:00,4103.52,4105.61,4093.76,4096.2,3508,36,0
2026-07-29 22:10:00,4096.2,4102.27,4090.0,4099.05,3398,34,0
2026-07-29 22:15:00,4099.2,4104.61,4097.28,4099.13,3178,34,0
2026-07-29 22:20:00,4099.52,4099.62,4085.11,4086.93,3547,33,0
2026-07-29 22:25:00,4086.9,4087.74,4080.95,4085.03,3446,35,0
2026-07-29 22:30:00,4085.08,4088.26,4066.97,4072.82,3518,35,0
2026-07-29 22:35:00,4072.93,4075.69,4066.06,4068.92,3288,36,0
2026-07-29 22:40:00,4068.81,4073.24,4065.25,4069.48,3177,36,0
2026-07-29 22:45:00,4069.47,4071.88,4065.91,4069.71,3194,35,0
2026-07-29 22:50:00,4069.73,4070.62,4061.0,4061.0,3219,35,0
2026-07-29 22:55:00,4060.96,4061.56,4044.25,4045.8,3270,35,0
2026-07-29 23:00:00,4045.81,4053.49,4042.72,4053.43,2876,36,0
2026-07-29 23:05:00,4053.33,4053.45,4049.07,4052.56,2086,34,0
2026-07-29 23:10:00,4052.5,4055.84,4049.0,4051.91,2102,34,0
2026-07-29 23:15:00,4051.91,4051.91,4047.56,4048.9,1946,34,0
2026-07-29 23:20:00,4048.9,4050.43,4043.67,4049.1,1588,33,0
2026-07-29 23:25:00,4049.12,4057.15,4048.15,4055.37,1502,34,0
2026-07-29 23:30:00,4055.34,4059.68,4053.82,4059.19,1391,35,0
2026-07-29 23:35:00,4059.18,4063.41,4058.21,4063.31,1166,35,0
2026-07-29 23:40:00,4063.29,4069.1,4063.0,4067.05,778,44,0
2026-07-29 23:45:00,4067.05,4069.93,4065.42,4066.1,957,44,0
2026-07-29 23:50:00,4064.73,4064.98,4061.98,4063.95,824,374,0
2026-07-29 23:55:00,4063.89,4065.73,4063.56,4064.75,501,374,0
2026-07-30 01:05:00,4071.74,4073.05,4063.39,4068.13,1256,368,0
2026-07-30 01:10:00,4068.18,4077.76,4068.18,4076.41,1066,38,0
2026-07-30 01:15:00,4076.44,4077.48,4073.55,4074.65,867,38,0
2026-07-30 01:20:00,4074.65,4075.14,4072.81,4074.78,648,38,0
2026-07-30 01:25:00,4074.74,4075.09,4072.43,4074.8,702,38,0
2026-07-30 01:30:00,4074.8,4075.94,4072.49,4075.42,752,38,0
2026-07-30 01:35:00,4075.42,4078.7,4075.28,4075.73,596,38,0
2026-07-30 01:40:00,4075.71,4081.43,4075.44,4081.39,677,38,0
2026-07-30 01:45:00,4081.39,4085.29,4079.58,4084.58,900,38,0
2026-07-30 01:50:00,4084.58,4085.59,4083.46,4084.9,712,37,0
2026-07-30 01:55:00,4084.89,4090.32,4084.74,4088.89,867,36,0
2026-07-30 02:00:00,4089.05,4095.29,4088.53,4095.04,1020,36,0
2026-07-30 02:05:00,4095.04,4100.14,4094.1,4096.21,1023,35,0
2026-07-30 02:10:00,4096.24,4096.77,4090.33,4091.87,1045,35,0
2026-07-30 02:15:00,4091.88,4094.23,4090.24,4093.4,736,35,0
2026-07-30 02:20:00,4093.4,4094.76,4091.85,4091.98,779,35,0
2026-07-30 02:25:00,4091.98,4094.1,4090.69,4093.35,661,35,0
2026-07-30 02:30:00,4093.85,4093.94,4090.67,4092.86,808,35,0
2026-07-30 02:35:00,4092.82,4094.41,4091.97,4092.14,643,35,0
2026-07-30 02:40:00,4092.13,4092.23,4089.21,4090.07,1038,35,0
2026-07-30 02:45:00,4090.14,4092.99,4088.63,4091.17,2030,38,0
2026-07-30 02:50:00,4091.17,4092.6,4086.32,4087.36,2231,37,0
2026-07-30 02:55:00,4087.34,4088.29,4084.13,4084.91,1652,35,0
2026-07-30 03:00:00,4084.95,4086.49,4079.82,4080.72,2509,35,0
2026-07-30 03:05:00,4080.72,4085.24,4080.34,4082.55,2393,38,0
2026-07-30 03:10:00,4082.77,4082.97,4078.96,4081.75,2307,35,0
2026-07-30 03:15:00,4081.75,4083.54,4077.38,4077.65,2601,37,0
2026-07-30 03:20:00,4077.55,4080.64,4075.53,4080.32,2248,35,0
2026-07-30 03:25:00,4080.35,4080.62,4072.69,4075.33,2292,35,0
2026-07-30 03:30:00,4075.38,4076.88,4071.73,4071.98,2024,35,0
2026-07-30 03:35:00,4071.98,4073.22,4068.15,4069.36,1877,35,0
2026-07-30 03:40:00,4069.36,4071.06,4064.91,4066.01,1841,35,0
2026-07-30 03:45:00,4066.01,4068.06,4064.79,4066.55,1956,35,0
2026-07-30 03:50:00,4066.14,4067.88,4065.03,4067.85,1670,35,0
2026-07-30 03:55:00,4067.86,4072.68,4066.67,4071.99,1680,35,0
2026-07-30 04:00:00,4071.96,4089.69,4070.16,4089.24,2943,38,0
2026-07-30 04:05:00,4089.24,4092.84,4086.33,4086.4,2571,37,0
2026-07-30 04:10:00,4086.56,4087.89,4074.79,4075.46,2474,37,0
2026-07-30 04:15:00,4075.44,4078.48,4073.15,4075.68,2485,37,0
2026-07-30 04:20:00,4075.92,4081.18,4073.69,4080.31,2388,36,0
2026-07-30 04:25:00,4080.5,4084.46,4080.05,4081.05,2272,35,0
2026-07-30 04:30:00,4081.11,4086.27,4080.54,4085.25,2324,36,0
2026-07-30 04:35:00,4085.31,4087.8,4084.19,4087.06,2216,37,0
2026-07-30 04:40:00,4087.06,4089.62,4086.25,4086.63,1847,36,0
2026-07-30 04:45:00,4086.63,4089.71,4083.76,4088.55,1798,37,0
2026-07-30 04:50:00,4088.59,4090.09,4086.74,4088.38,1656,36,0
2026-07-30 04:55:00,4088.27,4090.86,4084.08,4084.58,1733,36,0
2026-07-30 05:00:00,4084.57,4090.31,4084.44,4089.52,1784,35,0
2026-07-30 05:05:00,4089.52,4089.92,4087.28,4088.12,1322,35,0
2026-07-30 05:10:00,4088.12,4088.38,4082.34,4082.52,1453,35,0
2026-07-30 05:15:00,4082.49,4082.77,4079.91,4082.14,1511,35,0
2026-07-30 05:20:00,4082.14,4083.62,4080.68,4082.91,1312,35,0
2026-07-30 05:25:00,4082.92,4083.61,4080.19,4082.37,1206,35,0
2026-07-30 05:30:00,4082.26,4082.54,4075.42,4076.03,2041,38,0
2026-07-30 05:35:00,4076.02,4078.24,4074.5,4076.42,1865,37,0
2026-07-30 05:40:00,4076.44,4078.77,4073.52,4076.75,2033,36,0
2026-07-30 05:45:00,4076.75,4076.93,4073.34,4074.48,1629,35,0
2026-07-30 05:50:00,4074.47,4074.69,4069.99,4070.94,1633,35,0
2026-07-30 05:55:00,4070.97,4071.4,4063.29,4063.53,1708,35,0
2026-07-30 06:00:00,4063.52,4069.57,4062.46,4069.29,1970,37,0
2026-07-30 06:05:00,4069.29,4069.93,4063.98,4065.01,1544,35,0
2026-07-30 06:10:00,4064.91,4065.26,4060.49,4062.7,1573,35,0
2026-07-30 06:15:00,4062.68,4063.61,4055.91,4056.93,1641,35,0
2026-07-30 06:20:00,4056.9,4057.81,4054.36,4055.26,1760,35,0
2026-07-30 06:25:00,4055.26,4056.22,4051.1,4052.52,1805,35,0
2026-07-30 06:30:00,4052.49,4053.87,4050.21,4052.35,1711,35,0
2026-07-30 06:35:00,4052.34,4054.3,4049.11,4049.82,1428,35,0
2026-07-30 06:40:00,4049.82,4052.18,4049.68,4050.8,1266,35,0
2026-07-30 06:45:00,4050.8,4056.82,4050.68,4056.3,1346,35,0
2026-07-30 06:50:00,4056.3,4058.17,4055.88,4056.9,1285,35,0
2026-07-30 06:55:00,4056.9,4058.33,4055.27,4057.32,1110,35,0
2026-07-30 07:00:00,4057.32,4058.72,4054.37,4055.54,1507,37,0
2026-07-30 07:05:00,4055.54,4056.43,4053.79,4055.66,1209,35,0
2026-07-30 07:10:00,4055.69,4056.24,4052.53,4053.31,1175,35,0
2026-07-30 07:15:00,4053.35,4054.9,4052.46,4052.67,1042,35,0
2026-07-30 07:20:00,4052.68,4054.33,4051.52,4053.41,1063,35,0
2026-07-30 07:25:00,4053.4,4056.36,4053.31,4055.08,1119,35,0
2026-07-30 07:30:00,4055.04,4055.17,4052.69,4052.93,1061,35,0
2026-07-30 07:35:00,4052.93,4053.43,4050.37,4051.12,1039,37,0
2026-07-30 07:40:00,4051.12,4051.52,4048.84,4049.69,1178,35,0
2026-07-30 07:45:00,4049.77,4053.1,4047.35,4047.98,1275,38,0
2026-07-30 07:50:00,4047.97,4049.48,4046.98,4048.59,1281,36,0
2026-07-30 07:55:00,4048.54,4048.81,4045.13,4046.73,1216,35,0
2026-07-30 08:00:00,4046.73,4046.73,4042.37,4045.5,1422,36,0
2026-07-30 08:05:00,4045.5,4046.1,4042.43,4045.49,1445,36,0
2026-07-30 08:10:00,4045.49,4046.35,4044.33,4046.12,1211,35,0
2026-07-30 08:15:00,4046.12,4046.51,4037.56,4041.8,1583,35,0
2026-07-30 08:20:00,4041.8,4044.23,4041.02,4043.65,1401,35,0
2026-07-30 08:25:00,4043.68,4047.0,4042.61,4045.77,1354,35,0
2026-07-30 08:30:00,4045.78,4051.02,4044.95,4047.73,2317,38,0
2026-07-30 08:35:00,4047.54,4047.54,4028.21,4031.78,2646,38,0
2026-07-30 08:40:00,4031.78,4036.71,4029.56,4033.16,2271,38,0
2026-07-30 08:45:00,4033.2,4038.33,4030.45,4032.05,2125,37,0
2026-07-30 08:50:00,4032.03,4034.94,4030.16,4032.38,1838,36,0
2026-07-30 08:55:00,4032.37,4035.91,4029.8,4033.57,1786,35,0
2026-07-30 09:00:00,4033.57,4038.05,4033.35,4037.98,2021,35,0
2026-07-30 09:05:00,4038.18,4039.15,4034.62,4035.55,1870,34,0
2026-07-30 09:10:00,4035.55,4036.73,4030.89,4031.61,1899,36,0
2026-07-30 09:15:00,4031.69,4033.89,4030.49,4033.35,1774,31,0
2026-07-30 09:20:00,4033.35,4039.0,4032.91,4037.15,1824,34,0
2026-07-30 09:25:00,4037.2,4037.28,4029.14,4032.9,1794,36,0
2026-07-30 09:30:00,4032.95,4036.39,4030.76,4035.09,1747,31,0
2026-07-30 09:35:00,4035.09,4036.92,4033.86,4036.79,1595,31,0
2026-07-30 09:40:00,4036.76,4038.0,4033.93,4034.5,1491,33,0
2026-07-30 09:45:00,4034.25,4037.52,4033.92,4036.14,1464,35,0
2026-07-30 09:50:00,4036.14,4040.16,4035.66,4038.39,1502,31,0
2026-07-30 09:55:00,4038.4,4038.59,4034.95,4035.96,1175,31,0
2026-07-30 10:00:00,4036.01,4047.65,4035.29,4044.45,2536,36,0
2026-07-30 10:05:00,4044.57,4045.49,4042.28,4045.32,1829,36,0
2026-07-30 10:10:00,4045.29,4047.36,4043.71,4046.3,1855,35,0
2026-07-30 10:15:00,4046.29,4051.16,4046.29,4049.27,1685,36,0
2026-07-30 10:20:00,4049.28,4050.2,4044.36,4047.75,1499,31,0
2026-07-30 10:25:00,4047.8,4047.92,4042.34,4045.34,1633,31,0
2026-07-30 10:30:00,4045.34,4045.55,4039.31,4040.27,1452,31,0
2026-07-30 10:35:00,4040.24,4041.24,4034.85,4039.21,1551,31,0
2026-07-30 10:40:00,4039.21,4045.7,4039.1,4044.38,1461,31,0
2026-07-30 10:45:00,4044.4,4045.1,4040.11,4040.32,1411,32,0
2026-07-30 10:50:00,4040.32,4043.89,4038.77,4038.96,1559,32,0
2026-07-30 10:55:00,4038.94,4039.48,4036.46,4038.04,1382,31,0
2026-07-30 11:00:00,4037.92,4045.13,4035.43,4045.13,2030,36,0
2026-07-30 11:05:00,4045.13,4052.58,4043.83,4049.28,2123,36,0
2026-07-30 11:10:00,4049.28,4055.17,4048.51,4052.4,1882,36,0
2026-07-30 11:15:00,4052.4,4056.6,4051.45,4056.54,1795,34,0
2026-07-30 11:20:00,4056.54,4063.82,4055.47,4060.15,1950,35,0
2026-07-30 11:25:00,4060.13,4068.37,4059.87,4064.28,2079,34,0
2026-07-30 11:30:00,4064.27,4072.84,4063.4,4068.1,2221,36,0
2026-07-30 11:35:00,4068.11,4071.66,4064.16,4064.16,1850,33,0
2026-07-30 11:40:00,4064.21,4066.68,4062.98,4066.23,1765,33,0
2026-07-30 11:45:00,4066.22,4070.92,4063.54,4063.83,1645,34,0
2026-07-30 11:50:00,4063.81,4064.04,4059.35,4059.85,1607,31,0
2026-07-30 11:55:00,4059.85,4061.16,4058.87,4060.46,1354,34,0
2026-07-30 12:00:00,4060.63,4066.08,4059.27,4065.06,1598,36,0
2026-07-30 12:05:00,4065.06,4067.68,4064.37,4066.0,1588,36,0
2026-07-30 12:10:00,4066.14,4067.63,4063.67,4064.9,1334,32,0
2026-07-30 12:15:00,4064.87,4066.14,4063.25,4065.41,1449,34,0
2026-07-30 12:20:00,4065.4,4070.84,4065.18,4068.92,1595,34,0
2026-07-30 12:25:00,4068.92,4071.15,4065.99,4066.66,1197,31,0
2026-07-30 12:30:00,4066.66,4067.03,4059.87,4065.49,1630,36,0
2026-07-30 12:35:00,4065.49,4068.77,4064.61,4064.91,1497,31,0
2026-07-30 12:40:00,4064.94,4066.05,4064.23,4065.65,1450,31,0
2026-07-30 12:45:00,4065.67,4070.7,4064.02,4070.48,1262,32,0
2026-07-30 12:50:00,4070.52,4073.71,4067.86,4067.9,1554,35,0
2026-07-30 12:55:00,4067.9,4068.24,4063.63,4064.81,1400,33,0
2026-07-30 13:00:00,4064.79,4069.32,4064.36,4066.3,1672,35,0
2026-07-30 13:05:00,4066.26,4073.57,4065.91,4072.13,1311,32,0
2026-07-30 13:10:00,4072.18,4076.05,4065.54,4069.76,1998,36,0
2026-07-30 13:15:00,4069.75,4078.77,4068.92,4077.01,1979,36,0
2026-07-30 13:20:00,4077.01,4078.81,4075.65,4077.36,1395,36,0
2026-07-30 13:25:00,4077.36,4078.92,4076.64,4077.6,1151,33,0
2026-07-30 13:30:00,4077.6,4080.44,4076.57,4078.69,1475,34,0
2026-07-30 13:35:00,4078.68,4082.72,4078.11,4078.59,1363,33,0
2026-07-30 13:40:00,4078.55,4084.05,4078.33,4082.51,1894,33,0
2026-07-30 13:45:00,4082.59,4084.49,4080.92,4081.35,1321,31,0
2026-07-30 13:50:00,4081.31,4082.97,4078.98,4080.27,1540,32,0
2026-07-30 13:55:00,4080.27,4081.06,4079.01,4079.22,932,31,0
2026-07-30 14:00:00,4079.63,4081.84,4078.44,4079.63,1555,32,0
2026-07-30 14:05:00,4079.63,4083.12,4079.41,4082.19,1330,34,0
2026-07-30 14:10:00,4082.19,4083.0,4078.96,4079.88,1194,31,0
2026-07-30 14:15:00,4079.88,4082.2,4078.15,4078.2,1182,31,0
2026-07-30 14:20:00,4078.21,4081.73,4076.91,4081.61,1175,33,0
2026-07-30 14:25:00,4081.61,4081.9,4076.8,4078.77,1093,34,0
2026-07-30 14:30:00,4078.77,4078.95,4076.43,4077.62,1464,34,0
2026-07-30 14:35:00,4077.68,4079.6,4077.14,4077.75,1082,31,0
2026-07-30 14:40:00,4077.8,4079.62,4077.16,4077.64,1057,32,0
2026-07-30 14:45:00,4077.63,4078.14,4075.87,4076.9,978,31,0
2026-07-30 14:50:00,4076.9,4080.82,4076.58,4079.8,1321,31,0
2026-07-30 14:55:00,4079.94,4080.56,4076.9,4078.65,1199,33,0
2026-07-30 15:00:00,4078.53,4079.7,4074.86,4078.49,1525,34,0
2026-07-30 15:05:00,4078.5,4082.65,4078.5,4081.88,1274,35,0
2026-07-30 15:10:00,4081.89,4081.98,4075.01,4078.81,1713,35,0
2026-07-30 15:15:00,4078.81,4078.85,4073.11,4075.1,1643,35,0
2026-07-30 15:20:00,4075.12,4077.02,4071.84,4076.98,1755,36,0
2026-07-30 15:25:00,4076.95,4081.58,4076.84,4078.28,1405,31,0
2026-07-30 15:30:00,4078.19,4086.83,4071.9,4073.72,2121,31,0
2026-07-30 15:35:00,4073.68,4078.31,4072.13,4078.17,2208,36,0
2026-07-30 15:40:00,4078.1,4081.92,4074.07,4077.37,2336,36,0
2026-07-30 15:45:00,4077.38,4079.54,4073.25,4075.28,2211,33,0
2026-07-30 15:50:00,4075.31,4077.01,4067.31,4069.86,2388,35,0
2026-07-30 15:55:00,4069.84,4073.84,4068.32,4068.49,2122,32,0
2026-07-30 16:00:00,4068.63,4074.05,4065.25,4068.58,2902,36,0
2026-07-30 16:05:00,4068.59,4076.65,4066.71,4073.55,2340,32,0
2026-07-30 16:10:00,4073.55,4076.89,4069.94,4076.72,2065,31,0
2026-07-30 16:15:00,4076.67,4077.51,4073.03,4073.08,1965,31,0
2026-07-30 16:20:00,4073.08,4084.12,4072.12,4082.62,2129,33,0
2026-07-30 16:25:00,4082.62,4082.9,4074.28,4080.25,2084,32,0
2026-07-30 16:30:00,4080.42,4081.9,4075.5,4075.97,3012,36,0
2026-07-30 16:35:00,4076.2,4098.91,4075.01,4090.64,3659,36,0
2026-07-30 16:40:00,4090.33,4096.48,4085.29,4089.03,3483,36,0
2026-07-30 16:45:00,4089.06,4101.6,4085.7,4095.01,3486,36,0
2026-07-30 16:50:00,4095.0,4103.12,4093.56,4102.64,3149,36,0
2026-07-30 16:55:00,4102.66,4112.93,4100.87,4112.19,2925,34,0
2026-07-30 17:00:00,4112.19,4120.4,4106.44,4108.11,3574,36,0
2026-07-30 17:05:00,4108.03,4109.75,4094.07,4099.2,3472,35,0
2026-07-30 17:10:00,4099.29,4102.31,4096.18,4098.09,2916,31,0
2026-07-30 17:15:00,4098.1,4100.02,4089.94,4090.69,3004,35,0
2026-07-30 17:20:00,4090.73,4098.38,4086.9,4089.38,2918,34,0
2026-07-30 17:25:00,4089.65,4096.29,4086.85,4096.29,2517,34,0
2026-07-30 17:30:00,4096.28,4102.69,4094.63,4100.47,2628,35,0
2026-07-30 17:35:00,4100.47,4105.95,4099.94,4105.95,2060,35,0
2026-07-30 17:40:00,4105.97,4111.21,4103.99,4110.73,2069,36,0
2026-07-30 17:45:00,4110.73,4112.98,4101.84,4104.32,2309,34,0
2026-07-30 17:50:00,4104.3,4104.67,4098.55,4099.27,2250,34,0
2026-07-30 17:55:00,4099.26,4100.9,4096.58,4099.97,2476,35,0
2026-07-30 18:00:00,4100.01,4100.18,4096.31,4097.29,2623,36,0
2026-07-30 18:05:00,4097.29,4098.4,4089.81,4090.59,2657,36,0
2026-07-30 18:10:00,4090.56,4090.75,4082.91,4085.09,2345,36,0
2026-07-30 18:15:00,4085.09,4096.77,4084.78,4095.88,2508,31,0
2026-07-30 18:20:00,4095.83,4097.15,4092.11,4093.88,2617,31,0
2026-07-30 18:25:00,4093.94,4096.83,4092.12,4096.09,2003,31,0
2026-07-30 18:30:00,4096.04,4100.08,4092.67,4099.82,2255,35,0
2026-07-30 18:35:00,4099.81,4100.86,4097.88,4099.28,1701,35,0
2026-07-30 18:40:00,4099.28,4106.91,4098.87,4105.42,1922,36,0
2026-07-30 18:45:00,4105.43,4106.99,4103.7,4106.03,1708,31,0
2026-07-30 18:50:00,4106.04,4108.22,4104.68,4107.07,1728,33,0
2026-07-30 18:55:00,4107.07,4110.26,4106.98,4108.03,1716,31,0
2026-07-30 19:00:00,4108.02,4115.87,4107.75,4114.72,1775,36,0
2026-07-30 19:05:00,4114.72,4115.13,4111.24,4111.38,1412,36,0
2026-07-30 19:10:00,4111.38,4115.97,4109.31,4114.29,1325,36,0
2026-07-30 19:15:00,4114.29,4116.14,4114.01,4114.12,1153,36,0
2026-07-30 19:20:00,4114.13,4119.27,4113.76,4118.99,1434,36,0
2026-07-30 19:25:00,4118.99,4119.04,4115.74,4115.78,1504,36,0
2026-07-30 19:30:00,4115.73,4116.59,4112.92,4113.6,1680,36,0
2026-07-30 19:35:00,4113.53,4115.11,4110.47,4111.42,1494,36,0
2026-07-30 19:40:00,4111.41,4112.24,4108.52,4108.79,1456,36,0
2026-07-30 19:45:00,4108.79,4109.91,4107.46,4109.72,1261,36,0
2026-07-30 19:50:00,4109.73,4110.39,4106.88,4108.18,1315,36,0
2026-07-30 19:55:00,4108.18,4110.94,4107.71,4110.9,1221,35,0
2026-07-30 20:00:00,4110.79,4111.42,4107.05,4107.97,1634,36,0
2026-07-30 20:05:00,4107.96,4108.94,4106.84,4107.8,1186,35,0
2026-07-30 20:10:00,4107.8,4108.87,4105.08,4105.2,1440,35,0
2026-07-30 20:15:00,4105.25,4107.19,4104.23,4106.68,1456,35,0
2026-07-30 20:20:00,4106.69,4108.48,4104.9,4108.26,1454,36,0
2026-07-30 20:25:00,4108.26,4108.27,4098.79,4101.36,1679,36,0
2026-07-30 20:30:00,4101.37,4102.67,4100.51,4101.23,1497,36,0
2026-07-30 20:35:00,4101.24,4108.33,4100.23,4103.23,2321,36,0
2026-07-30 20:40:00,4103.22,4106.91,4103.22,4106.28,2058,36,0
2026-07-30 20:45:00,4106.29,4108.73,4104.43,4104.46,1277,35,0
2026-07-30 20:50:00,4104.46,4104.88,4103.02,4103.51,1045,35,0
2026-07-30 20:55:00,4103.58,4103.95,4101.52,4103.01,1209,32,0
2026-07-30 21:00:00,4102.98,4106.07,4102.98,4105.78,1386,31,0
2026-07-30 21:05:00,4105.78,4107.04,4104.81,4106.49,1455,32,0
2026-07-30 21:10:00,4106.49,4107.08,4105.22,4106.77,1237,34,0
2026-07-30 21:15:00,4106.77,4107.05,4104.12,4104.41,1222,36,0
2026-07-30 21:20:00,4104.41,4105.75,4101.84,4102.51,1165,36,0
2026-07-30 21:25:00,4102.58,4104.16,4101.11,4104.13,1051,36,0
2026-07-30 21:30:00,4104.13,4108.06,4103.26,4106.82,1125,35,0
2026-07-30 21:35:00,4106.82,4106.82,4104.78,4104.84,945,34,0
2026-07-30 21:40:00,4104.85,4106.14,4104.24,4105.12,633,33,0
2026-07-30 21:45:00,4105.16,4105.53,4100.78,4101.18,754,32,0
2026-07-30 21:50:00,4101.18,4101.66,4099.15,4099.37,1025,36,0
2026-07-30 21:55:00,4099.38,4100.31,4099.01,4099.66,997,35,0
2026-07-30 22:00:00,4099.68,4103.76,4098.99,4103.74,1338,36,0
2026-07-30 22:05:00,4103.75,4105.52,4102.81,4105.3,1047,36,0
2026-07-30 22:10:00,4105.32,4105.82,4103.2,4104.89,1159,36,0
2026-07-30 22:15:00,4104.89,4113.1,4103.17,4110.76,1490,36,0
2026-07-30 22:20:00,4110.76,4111.69,4109.57,4111.35,1032,36,0
2026-07-30 22:25:00,4111.35,4114.95,4110.73,4112.71,1233,36,0
2026-07-30 22:30:00,4112.54,4114.51,4112.39,4114.51,1260,35,0
2026-07-30 22:35:00,4114.5,4115.32,4112.23,4112.95,1004,33,0
2026-07-30 22:40:00,4112.97,4114.19,4111.54,4112.15,939,32,0
2026-07-30 22:45:00,4112.14,4113.11,4111.29,4112.35,951,33,0
2026-07-30 22:50:00,4112.34,4112.99,4109.23,4109.35,1123,33,0
2026-07-30 22:55:00,4109.36,4112.8,4109.3,4112.06,1412,36,0
2026-07-30 23:00:00,4112.06,4117.51,4110.16,4117.16,1834,36,0
2026-07-30 23:05:00,4117.17,4117.26,4113.86,4114.55,1046,36,0
2026-07-30 23:10:00,4114.52,4115.62,4113.11,4114.23,900,31,0
2026-07-30 23:15:00,4114.25,4115.08,4112.56,4113.82,887,31,0
2026-07-30 23:20:00,4113.76,4114.27,4112.78,4113.52,652,31,0
2026-07-30 23:25:00,4113.52,4114.29,4111.82,4112.39,717,31,0
2026-07-30 23:30:00,4112.33,4112.59,4107.86,4109.3,1246,35,0
2026-07-30 23:35:00,4109.3,4109.3,4106.42,4107.14,867,36,0
2026-07-30 23:40:00,4107.14,4107.44,4102.5,4102.78,832,44,0
2026-07-30 23:45:00,4102.72,4103.66,4100.0,4100.31,747,44,0
2026-07-30 23:50:00,4098.93,4101.3,4097.89,4100.49,713,374,0
2026-07-30 23:55:00,4100.48,4101.85,4099.66,4101.49,389,374,0
2026-07-31 01:05:00,4101.84,4104.34,4101.19,4104.2,410,367,0
2026-07-31 01:10:00,4104.2,4107.62,4104.16,4106.74,659,38,0
2026-07-31 01:15:00,4106.75,4108.31,4106.52,4107.86,704,37,0
2026-07-31 01:20:00,4107.91,4108.11,4107.27,4107.64,547,37,0
2026-07-31 01:25:00,4107.64,4108.46,4106.87,4107.62,562,37,0
2026-07-31 01:30:00,4107.66,4108.29,4107.02,4108.01,624,38,0
2026-07-31 01:35:00,4108.01,4110.52,4107.88,4109.98,627,37,0
2026-07-31 01:40:00,4109.97,4110.41,4109.59,4110.41,414,37,0
2026-07-31 01:45:00,4110.41,4110.98,4109.1,4110.76,464,38,0
2026-07-31 01:50:00,4110.76,4111.34,4110.17,4111.09,440,37,0
2026-07-31 01:55:00,4111.09,4111.18,4109.16,4109.25,322,37,0
2026-07-31 02:00:00,4109.25,4111.36,4109.25,4110.72,523,37,0
2026-07-31 02:05:00,4110.75,4111.78,4109.06,4109.64,391,35,0
2026-07-31 02:10:00,4109.64,4109.67,4106.63,4107.45,499,35,0
2026-07-31 02:15:00,4107.45,4107.6,4106.27,4106.73,564,35,0
2026-07-31 02:20:00,4106.73,4107.21,4104.75,4106.05,634,36,0
2026-07-31 02:25:00,4106.04,4106.84,4104.02,4104.43,523,35,0
2026-07-31 02:30:00,4104.45,4105.32,4103.62,4104.03,624,35,0
2026-07-31 02:35:00,4104.02,4106.02,4102.42,4105.8,690,37,0
2026-07-31 02:40:00,4105.8,4107.67,4105.03,4106.23,548,35,0
2026-07-31 02:45:00,4106.28,4110.15,4106.28,4108.49,730,35,0
2026-07-31 02:50:00,4108.49,4109.29,4106.66,4107.33,745,35,0
2026-07-31 02:55:00,4107.3,4107.49,4105.58,4106.62,545,35,0
2026-07-31 03:00:00,4106.64,4107.2,4101.68,4105.0,1288,38,0
2026-07-31 03:05:00,4105.02,4105.18,4101.73,4103.26,1125,37,0
2026-07-31 03:10:00,4103.26,4104.04,4100.7,4101.26,1037,37,0
2026-07-31 03:15:00,4101.26,4102.76,4100.26,4101.51,1126,35,0
2026-07-31 03:20:00,4101.51,4103.79,4098.9,4102.81,1171,35,0
2026-07-31 03:25:00,4102.81,4102.81,4096.14,4096.46,871,35,0
2026-07-31 03:30:00,4096.47,4097.59,4093.51,4093.82,812,35,0
2026-07-31 03:35:00,4093.82,4093.95,4091.62,4092.5,932,35,0
2026-07-31 03:40:00,4092.5,4093.44,4090.45,4093.09,956,35,0
2026-07-31 03:45:00,4093.16,4094.17,4090.62,4093.56,1070,35,0
2026-07-31 03:50:00,4093.55,4095.26,4092.77,4093.49,928,35,0
2026-07-31 03:55:00,4093.48,4096.06,4092.47,4095.41,935,35,0
2026-07-31 04:00:00,4095.77,4101.41,4094.77,4097.97,2189,38,0
2026-07-31 04:05:00,4097.97,4101.69,4095.52,4098.18,1790,37,0
2026-07-31 04:10:00,4098.18,4098.18,4088.8,4089.09,1455,37,0
2026-07-31 04:15:00,4089.09,4094.28,4086.58,4093.94,1328,36,0
2026-07-31 04:20:00,4093.95,4095.05,4091.09,4092.5,1075,35,0
2026-07-31 04:25:00,4092.5,4094.8,4090.64,4092.1,979,36,0
2026-07-31 04:30:00,4092.1,4092.12,4086.94,4088.14,1272,37,0
2026-07-31 04:35:00,4088.14,4088.42,4083.91,4084.96,1372,35,0
2026-07-31 04:40:00,4084.96,4087.43,4084.44,4085.14,1057,35,0
2026-07-31 04:45:00,4085.09,4089.36,4083.26,4083.98,1103,35,0
2026-07-31 04:50:00,4083.98,4085.7,4081.94,4085.02,1222,36,0
2026-07-31 04:55:00,4085.02,4087.42,4084.2,4084.44,1041,35,0
2026-07-31 05:00:00,4084.49,4086.38,4081.63,4085.33,1214,35,0
2026-07-31 05:05:00,4085.37,4089.11,4085.37,4088.69,1042,35,0
2026-07-31 05:10:00,4088.66,4090.39,4085.53,4085.56,1047,35,0
2026-07-31 05:15:00,4085.56,4085.56,4081.52,4082.57,863,38,0
2026-07-31 05:20:00,4082.59,4084.14,4082.27,4082.49,555,35,0
2026-07-31 05:25:00,4082.49,4082.94,4081.49,4081.82,574,35,0
2026-07-31 05:30:00,4081.81,4084.18,4080.97,4081.78,966,35,0
2026-07-31 05:35:00,4081.77,4082.46,4080.9,4082.27,928,35,0
2026-07-31 05:40:00,4082.2,4082.5,4075.22,4075.59,1051,36,0
2026-07-31 05:45:00,4075.59,4077.83,4074.53,4077.14,1070,37,0
2026-07-31 05:50:00,4077.1,4077.4,4074.01,4076.34,860,35,0
2026-07-31 05:55:00,4076.38,4078.19,4075.76,4075.77,827,35,0
2026-07-31 06:00:00,4075.77,4075.96,4073.16,4073.42,739,35,0
2026-07-31 06:05:00,4073.42,4076.11,4073.27,4074.25,790,35,0
2026-07-31 06:10:00,4074.33,4075.28,4071.84,4073.35,1377,36,0
2026-07-31 06:15:00,4073.31,4073.69,4072.08,4073.57,995,35,0
2026-07-31 06:20:00,4073.57,4074.15,4072.32,4073.45,915,35,0
2026-07-31 06:25:00,4073.45,4075.8,4072.59,4075.02,1054,35,0
2026-07-31 06:30:00,4074.96,4076.8,4074.74,4076.7,1021,37,0
2026-07-31 06:35:00,4076.7,4079.08,4074.8,4078.44,1001,37,0
2026-07-31 06:40:00,4078.44,4078.46,4075.13,4076.31,750,35,0
2026-07-31 06:45:00,4076.32,4077.2,4075.24,4075.57,685,35,0
2026-07-31 06:50:00,4075.58,4076.45,4074.44,4074.73,714,35,0
2026-07-31 06:55:00,4074.68,4075.16,4073.98,4074.67,605,36,0
2026-07-31 07:00:00,4074.66,4075.56,4073.65,4074.33,760,36,0
2026-07-31 07:05:00,4074.33,4074.94,4073.18,4074.91,661,35,0
2026-07-31 07:10:00,4074.91,4076.61,4072.95,4076.41,629,36,0
2026-07-31 07:15:00,4076.41,4077.45,4075.48,4075.68,625,35,0
2026-07-31 07:20:00,4075.68,4078.11,4074.12,4078.05,717,37,0
2026-07-31 07:25:00,4078.04,4079.67,4077.19,4079.67,551,36,0
2026-07-31 07:30:00,4079.67,4080.8,4078.85,4079.38,598,35,0
2026-07-31 07:35:00,4079.38,4081.01,4079.38,4080.87,424,35,0
2026-07-31 07:40:00,4080.87,4081.15,4078.88,4078.93,458,35,0
2026-07-31 07:45:00,4078.94,4079.24,4075.23,4075.27,632,35,0
2026-07-31 07:50:00,4075.24,4077.81,4074.46,4077.75,522,35,0
2026-07-31 07:55:00,4077.75,4079.83,4077.38,4079.7,499,37,0
2026-07-31 08:00:00,4079.77,4082.23,4079.5,4082.16,693,36,0
2026-07-31 08:05:00,4082.15,4082.82,4080.66,4081.27,575,35,0
2026-07-31 08:10:00,4081.3,4081.97,4079.38,4079.56,507,35,0
2026-07-31 08:15:00,4079.53,4081.96,4079.2,4081.41,445,35,0
2026-07-31 08:20:00,4081.41,4082.65,4080.2,4081.77,482,35,0
2026-07-31 08:25:00,4081.77,4081.97,4079.77,4081.05,406,35,0
2026-07-31 08:30:00,4081.04,4081.23,4078.46,4078.77,1231,35,0
2026-07-31 08:35:00,4078.75,4080.85,4076.99,4079.45,995,37,0
2026-07-31 08:40:00,4079.46,4079.74,4075.53,4076.09,1036,37,0
2026-07-31 08:45:00,4076.09,4076.1,4073.4,4075.31,799,35,0
2026-07-31 08:50:00,4075.3,4075.55,4073.0,4074.94,999,35,0
2026-07-31 08:55:00,4074.89,4075.71,4073.07,4073.93,1042,36,0
2026-07-31 09:00:00,4073.93,4077.63,4072.43,4077.6,1366,36,0
2026-07-31 09:05:00,4077.61,4082.08,4077.35,4081.5,1176,31,0
2026-07-31 09:10:00,4081.49,4082.51,4079.98,4082.06,994,31,0
2026-07-31 09:15:00,4082.06,4087.2,4080.81,4086.31,1369,35,0
2026-07-31 09:20:00,4086.31,4087.19,4082.28,4083.4,1035,31,0
2026-07-31 09:25:00,4083.31,4085.97,4081.83,4084.58,1101,33,0
2026-07-31 09:30:00,4084.58,4084.76,4077.29,4078.37,1432,31,0
2026-07-31 09:35:00,4078.35,4079.7,4076.94,4078.5,1382,34,0
2026-07-31 09:40:00,4078.5,4078.83,4077.28,4077.68,1257,31,0
2026-07-31 09:45:00,4077.72,4081.15,4076.6,4077.53,1273,31,0
2026-07-31 09:50:00,4077.53,4078.32,4076.06,4078.09,1122,31,0
2026-07-31 09:55:00,4078.09,4078.83,4077.03,4077.05,1091,31,0
2026-07-31 10:00:00,4077.07,4077.61,4075.05,4077.36,1170,34,0
2026-07-31 10:05:00,4077.36,4078.61,4076.71,4077.93,944,31,0
2026-07-31 10:10:00,4077.96,4078.01,4074.86,4077.14,919,31,0
2026-07-31 10:15:00,4077.14,4078.71,4075.87,4078.27,1116,31,0
2026-07-31 10:20:00,4078.26,4078.31,4074.1,4074.51,1066,31,0
2026-07-31 10:25:00,4074.51,4075.49,4071.52,4072.46,987,31,0
2026-07-31 10:30:00,4072.49,4072.49,4068.83,4069.33,1152,35,0
2026-07-31 10:35:00,4069.35,4072.11,4067.84,4071.74,1163,33,0
2026-07-31 10:40:00,4071.74,4073.43,4071.27,4072.22,918,31,0
2026-07-31 10:45:00,4072.22,4073.96,4070.91,4072.03,1209,35,0
2026-07-31 10:50:00,4072.03,4072.09,4069.25,4070.78,1097,32,0
2026-07-31 10:55:00,4070.77,4071.29,4067.02,4067.15,965,31,0
2026-07-31 11:00:00,4067.12,4067.33,4062.4,4062.81,1557,35,0
2026-07-31 11:05:00,4062.84,4064.88,4062.43,4064.31,1244,31,0
2026-07-31 11:10:00,4064.3,4064.88,4060.49,4061.7,1117,31,0
2026-07-31 11:15:00,4061.69,4065.91,4060.56,4065.61,1166,34,0
2026-07-31 11:20:00,4065.61,4066.73,4058.92,4060.27,1204,36,0
2026-07-31 11:25:00,4060.21,4061.18,4057.61,4058.09,1277,35,0
2026-07-31 11:30:00,4058.09,4059.13,4053.83,4056.95,1236,35,0
2026-07-31 11:35:00,4056.96,4059.88,4056.84,4059.46,1119,31,0
2026-07-31 11:40:00,4059.33,4061.15,4057.75,4058.81,1026,31,0
2026-07-31 11:45:00,4058.81,4062.44,4057.43,4060.92,947,31,0
2026-07-31 11:50:00,4060.92,4061.78,4057.8,4057.93,804,31,0
2026-07-31 11:55:00,4057.93,4064.0,4057.92,4060.57,1581,35,0
2026-07-31 12:00:00,4060.55,4063.57,4060.1,4060.21,1731,36,0
2026-07-31 12:05:00,4060.21,4061.7,4057.3,4057.3,1349,35,0
2026-07-31 12:10:00,4057.26,4057.78,4054.81,4056.39,1111,32,0
2026-07-31 12:15:00,4056.33,4056.8,4054.09,4055.17,1021,31,0
2026-07-31 12:20:00,4055.18,4056.88,4051.61,4052.45,1188,35,0
2026-07-31 12:25:00,4052.45,4052.98,4051.0,4051.71,1222,35,0
2026-07-31 12:30:00,4051.71,4054.3,4050.82,4050.88,1139,35,0
2026-07-31 12:35:00,4050.88,4051.96,4049.98,4051.19,957,31,0
2026-07-31 12:40:00,4051.06,4052.71,4050.76,4052.61,867,31,0
2026-07-31 12:45:00,4052.59,4056.49,4051.88,4056.13,967,33,0
2026-07-31 12:50:00,4056.13,4056.47,4055.08,4055.14,744,34,0
2026-07-31 12:55:00,4055.14,4055.42,4053.28,4054.33,731,36,0
2026-07-31 13:00:00,4054.41,4055.77,4052.57,4055.58,919,36,0
2026-07-31 13:05:00,4055.58,4057.64,4055.14,4057.17,825,36,0
2026-07-31 13:10:00,4057.15,4057.19,4055.0,4055.28,783,33,0
2026-07-31 13:15:00,4055.27,4055.38,4051.96,4052.8,756,31,0
2026-07-31 13:20:00,4052.71,4054.21,4051.27,4051.43,681,31,0
2026-07-31 13:25:00,4051.44,4053.88,4051.44,4052.63,727,31,0
2026-07-31 13:30:00,4052.63,4055.69,4052.24,4054.31,777,31,0
2026-07-31 13:35:00,4054.33,4055.61,4052.21,4053.03,779,31,0
2026-07-31 13:40:00,4053.02,4054.75,4052.47,4054.04,613,31,0
2026-07-31 13:45:00,4054.04,4056.32,4053.82,4055.24,590,31,0
2026-07-31 13:50:00,4055.24,4055.53,4053.56,4053.91,599,31,0
2026-07-31 13:55:00,4053.91,4054.57,4052.91,4053.73,687,31,0
2026-07-31 14:00:00,4053.81,4054.93,4051.34,4054.79,1073,34,0
2026-07-31 14:05:00,4054.73,4056.85,4053.07,4056.49,758,34,0
2026-07-31 14:10:00,4056.49,4058.73,4056.17,4056.46,786,31,0
2026-07-31 14:15:00,4056.49,4058.14,4053.56,4056.2,1376,31,0
2026-07-31 14:20:00,4056.2,4060.42,4055.44,4059.89,942,33,0
2026-07-31 14:25:00,4059.9,4060.12,4057.09,4058.13,816,31,0
2026-07-31 14:30:00,4058.13,4058.13,4052.79,4053.76,1026,34,0
2026-07-31 14:35:00,4053.76,4054.92,4052.12,4052.44,873,32,0
2026-07-31 14:40:00,4052.37,4052.63,4050.02,4051.41,1031,31,0
2026-07-31 14:45:00,4051.41,4052.69,4050.62,4051.56,788,31,0
2026-07-31 14:50:00,4051.56,4054.21,4051.51,4054.02,707,34,0
2026-07-31 14:55:00,4054.02,4054.7,4052.63,4053.17,710,33,0
2026-07-31 15:00:00,4053.22,4057.25,4051.77,4057.21,1109,36,0
2026-07-31 15:05:00,4057.33,4058.44,4055.82,4056.54,1097,36,0
2026-07-31 15:10:00,4056.51,4058.6,4054.79,4058.47,913,32,0
2026-07-31 15:15:00,4058.33,4058.58,4054.89,4055.72,1065,34,0
2026-07-31 15:20:00,4055.72,4057.68,4049.28,4050.18,1286,33,0
2026-07-31 15:25:00,4050.18,4051.6,4046.41,4046.79,1145,31,0
2026-07-31 15:30:00,4046.72,4051.01,4044.01,4047.61,1913,36,0
2026-07-31 15:35:00,4047.6,4050.93,4043.54,4044.15,1651,36,0
2026-07-31 15:40:00,4044.15,4044.88,4041.85,4044.26,1285,35,0
2026-07-31 15:45:00,4044.13,4045.02,4040.98,4041.13,1351,32,0
2026-07-31 15:50:00,4041.13,4045.77,4040.42,4044.63,1321,36,0
2026-07-31 15:55:00,4044.56,4044.56,4039.79,4039.92,1211,31,0
2026-07-31 16:00:00,4039.74,4042.22,4035.85,4039.34,2652,36,0
2026-07-31 16:05:00,4039.27,4039.27,4034.97,4035.76,1798,36,0
2026-07-31 16:10:00,4035.75,4037.46,4034.1,4035.69,1588,33,0
2026-07-31 16:15:00,4035.69,4037.91,4035.02,4036.98,1492,33,0
2026-07-31 16:20:00,4037.0,4046.25,4035.21,4044.97,2457,35,0
2026-07-31 16:25:00,4045.03,4045.07,4039.81,4041.19,2198,33,0
2026-07-31 16:30:00,4041.3,4043.25,4034.72,4034.75,2840,35,0
2026-07-31 16:35:00,4034.75,4036.66,4026.53,4027.9,2965,36,0
2026-07-31 16:40:00,4027.91,4029.89,4022.02,4025.17,2683,36,0
2026-07-31 16:45:00,4025.21,4027.96,4021.44,4022.35,3021,35,0
2026-07-31 16:50:00,4022.37,4028.62,4021.72,4028.27,3028,33,0
2026-07-31 16:55:00,4028.24,4031.61,4024.54,4024.54,2367,32,0
2026-07-31 17:00:00,4024.53,4031.94,4024.53,4029.26,2813,32,0
2026-07-31 17:05:00,4029.28,4029.54,4020.42,4026.31,2937,32,0
2026-07-31 17:10:00,4026.32,4032.02,4025.17,4031.42,2712,31,0
2026-07-31 17:15:00,4031.44,4034.63,4029.42,4032.86,2535,31,0
2026-07-31 17:20:00,4032.89,4038.1,4031.96,4034.74,2241,31,0
2026-07-31 17:25:00,4034.81,4039.7,4034.77,4038.59,2084,29,0
2026-07-31 17:30:00,4038.59,4040.27,4036.26,4039.96,2195,32,0
2026-07-31 17:35:00,4039.94,4042.11,4038.94,4040.88,2068,35,0
2026-07-31 17:40:00,4040.87,4042.62,4039.68,4041.1,2014,36,0
2026-07-31 17:45:00,4041.15,4045.15,4040.64,4043.57,2020,36,0
2026-07-31 17:50:00,4043.57,4048.63,4042.46,4045.88,2124,36,0
2026-07-31 17:55:00,4045.84,4049.83,4044.41,4049.08,1893,34,0
2026-07-31 18:00:00,4049.15,4050.42,4044.29,4044.73,1887,34,0
2026-07-31 18:05:00,4044.73,4048.99,4044.11,4045.5,1742,33,0
2026-07-31 18:10:00,4045.5,4047.2,4042.47,4046.7,1910,31,0
2026-07-31 18:15:00,4046.69,4052.34,4041.96,4045.14,2161,31,0
2026-07-31 18:20:00,4045.14,4045.78,4041.68,4042.54,2068,31,0
2026-07-31 18:25:00,4042.54,4044.31,4039.78,4040.67,2019,31,0
2026-07-31 18:30:00,4040.66,4041.9,4036.3,4038.24,1796,35,0
2026-07-31 18:35:00,4038.24,4042.85,4036.98,4041.96,1658,34,0
2026-07-31 18:40:00,4042.07,4043.26,4040.33,4041.95,1618,31,0
2026-07-31 18:45:00,4041.86,4042.56,4039.63,4039.92,1768,31,0
2026-07-31 18:50:00,4039.94,4045.76,4039.45,4044.79,1853,31,0
2026-07-31 18:55:00,4044.8,4046.38,4044.36,4045.28,1623,31,0
2026-07-31 19:00:00,4045.3,4045.8,4043.11,4043.65,1435,35,0
2026-07-31 19:05:00,4043.61,4044.25,4040.75,4043.59,1240,36,0
2026-07-31 19:10:00,4043.59,4046.46,4043.25,4045.87,1566,36,0
2026-07-31 19:15:00,4045.87,4046.23,4042.64,4044.78,1532,36,0
2026-07-31 19:20:00,4044.77,4047.19,4044.66,4045.62,1423,36,0
2026-07-31 19:25:00,4045.66,4048.0,4044.01,4047.11,1311,35,0
2026-07-31 19:30:00,4047.07,4049.11,4046.64,4048.62,1133,33,0
2026-07-31 19:35:00,4048.62,4049.54,4046.32,4046.45,1196,31,0
2026-07-31 19:40:00,4046.38,4047.07,4040.9,4042.01,1348,35,0
2026-07-31 19:45:00,4042.04,4044.2,4041.8,4043.64,1081,36,0
2026-07-31 19:50:00,4043.65,4044.7,4042.74,4043.08,940,32,0
2026-07-31 19:55:00,4043.08,4043.53,4041.82,4043.02,845,35,0
2026-07-31 20:00:00,4043.04,4045.26,4042.1,4042.5,1040,36,0
2026-07-31 20:05:00,4042.5,4044.04,4041.4,4041.64,810,36,0
2026-07-31 20:10:00,4041.64,4046.01,4041.23,4045.3,879,35,0
2026-07-31 20:15:00,4045.31,4046.89,4044.45,4046.41,943,36,0
2026-07-31 20:20:00,4046.38,4048.24,4044.73,4046.73,974,34,0
2026-07-31 20:25:00,4047.01,4052.87,4044.59,4050.1,1949,36,0
2026-07-31 20:30:00,4050.1,4052.8,4047.54,4047.65,1662,36,0
2026-07-31 20:35:00,4047.75,4051.11,4047.29,4049.84,1378,36,0
2026-07-31 20:40:00,4049.88,4051.95,4049.48,4051.57,1005,36,0
2026-07-31 20:45:00,4051.72,4054.37,4049.92,4052.01,1782,36,0
2026-07-31 20:50:00,4052.01,4054.36,4051.76,4052.48,1492,36,0
2026-07-31 20:55:00,4052.48,4053.96,4052.07,4053.26,1249,32,0
2026-07-31 21:00:00,4053.32,4054.8,4051.78,4052.14,1477,32,0
2026-07-31 21:05:00,4052.1,4052.17,4049.51,4051.02,1568,35,0
2026-07-31 21:10:00,4051.12,4051.21,4046.77,4047.66,1177,35,0
2026-07-31 21:15:00,4047.71,4050.33,4047.38,4049.58,1072,34,0
2026-07-31 21:20:00,4049.62,4051.17,4049.04,4051.04,928,32,0
2026-07-31 21:25:00,4051.03,4051.37,4049.67,4050.58,1027,35,0
2026-07-31 21:30:00,4050.66,4051.06,4048.8,4048.84,790,35,0
2026-07-31 21:35:00,4048.69,4051.39,4047.65,4050.52,647,34,0
2026-07-31 21:40:00,4050.52,4051.13,4049.02,4049.09,653,36,0
2026-07-31 21:45:00,4049.09,4049.72,4047.84,4049.59,752,35,0
2026-07-31 21:50:00,4049.58,4051.27,4049.54,4049.85,610,35,0
2026-07-31 21:55:00,4049.85,4050.83,4049.05,4050.52,819,35,0
2026-07-31 22:00:00,4050.52,4052.54,4048.4,4048.83,933,36,0
2026-07-31 22:05:00,4048.84,4049.37,4047.95,4049.24,671,35,0
2026-07-31 22:10:00,4049.25,4049.72,4046.53,4047.75,635,34,0
2026-07-31 22:15:00,4047.75,4048.72,4046.81,4048.66,699,33,0
2026-07-31 22:20:00,4048.66,4049.5,4047.63,4048.82,760,35,0
2026-07-31 22:25:00,4048.82,4050.41,4048.61,4050.35,676,34,0
2026-07-31 22:30:00,4050.33,4051.1,4048.68,4050.0,793,36,0
2026-07-31 22:35:00,4050.24,4051.19,4049.4,4049.57,640,36,0
2026-07-31 22:40:00,4049.47,4054.39,4049.39,4053.62,771,35,0
2026-07-31 22:45:00,4053.65,4055.33,4053.07,4054.53,1059,36,0
2026-07-31 22:50:00,4054.44,4054.44,4050.64,4050.78,1616,36,0
2026-07-31 22:55:00,4050.83,4052.35,4049.74,4050.69,1888,36,0
2026-07-31 23:00:00,4050.69,4051.52,4048.41,4048.41,1299,36,0
2026-07-31 23:05:00,4048.41,4048.41,4044.99,4046.79,1032,36,0
2026-07-31 23:10:00,4046.8,4047.76,4046.27,4047.44,762,31,0
2026-07-31 23:15:00,4047.45,4048.21,4046.13,4047.72,947,33,0
2026-07-31 23:20:00,4047.71,4048.66,4047.29,4047.58,727,33,0
2026-07-31 23:25:00,4047.58,4047.87,4046.25,4047.44,648,31,0
2026-07-31 23:30:00,4047.46,4050.8,4046.99,4050.43,614,33,0
2026-07-31 23:35:00,4050.43,4052.75,4050.38,4050.83,637,35,0
2026-07-31 23:40:00,4050.8,4051.94,4050.28,4051.15,546,44,0
2026-07-31 23:45:00,4051.09,4051.95,4049.6,4051.08,623,44,0
2026-07-31 23:50:00,4049.71,4050.42,4041.55,4043.43,1354,374,0
2026-07-31 23:55:00,4043.57,4045.63,4040.24,4042.2,861,374,0
2026-08-03 01:05:00,4073.52,4076.18,4069.85,4073.58,1093,368,0
2026-08-03 01:10:00,4073.56,4078.37,4072.44,4076.05,1123,38,0
2026-08-03 01:15:00,4076.05,4076.99,4067.18,4068.92,1182,38,0
2026-08-03 01:20:00,4068.84,4070.13,4064.03,4065.52,937,38,0
2026-08-03 01:25:00,4065.52,4067.25,4063.88,4065.86,858,38,0
2026-08-03 01:30:00,4065.85,4068.16,4064.08,4064.26,1148,38,0
2026-08-03 01:35:00,4064.33,4067.56,4063.95,4065.49,837,38,0
2026-08-03 01:40:00,4065.5,4067.93,4065.08,4066.69,694,38,0
2026-08-03 01:45:00,4066.69,4067.05,4064.4,4064.66,765,38,0
2026-08-03 01:50:00,4064.66,4065.97,4063.58,4064.79,784,38,0
2026-08-03 01:55:00,4064.8,4065.58,4062.93,4063.32,709,38,0
2026-08-03 02:00:00,4063.32,4065.99,4063.1,4065.59,932,38,0
2026-08-03 02:05:00,4065.58,4065.74,4063.69,4064.46,677,38,0
2026-08-03 02:10:00,4064.46,4066.93,4063.06,4066.38,660,37,0
2026-08-03 02:15:00,4066.38,4071.6,4066.11,4071.54,756,37,0
2026-08-03 02:20:00,4071.54,4072.2,4067.75,4071.3,806,37,0
2026-08-03 02:25:00,4071.31,4072.49,4070.56,4072.03,622,35,0
2026-08-03 02:30:00,4072.04,4072.35,4069.72,4069.91,593,35,0
2026-08-03 02:35:00,4069.91,4070.95,4069.61,4069.7,377,36,0
2026-08-03 02:40:00,4069.7,4069.97,4067.95,4069.84,550,36,0
2026-08-03 02:45:00,4069.87,4072.33,4068.24,4069.02,1183,38,0
2026-08-03 02:50:00,4068.99,4073.82,4068.38,4072.48,1253,37,0
2026-08-03 02:55:00,4072.52,4074.93,4071.67,4074.85,1179,36,0
2026-08-03 03:00:00,4074.84,4078.88,4074.77,4077.92,1993,38,0
2026-08-03 03:05:00,4077.92,4078.32,4072.88,4073.08,1773,37,0
2026-08-03 03:10:00,4073.07,4073.65,4069.94,4072.24,1523,36,0
2026-08-03 03:15:00,4072.25,4072.82,4069.88,4070.18,1513,35,0
2026-08-03 03:20:00,4070.17,4070.24,4066.41,4066.71,1289,35,0
2026-08-03 03:25:00,4066.71,4067.74,4061.2,4063.99,2169,37,0
2026-08-03 03:30:00,4064.0,4069.87,4063.07,4064.54,2011,37,0
2026-08-03 03:35:00,4064.54,4065.24,4059.4,4059.89,1933,37,0
2026-08-03 03:40:00,4059.89,4061.07,4056.87,4058.31,1842,35,0
2026-08-03 03:45:00,4058.34,4060.49,4056.11,4057.72,1943,37,0
2026-08-03 03:50:00,4057.82,4060.61,4057.22,4058.57,1682,35,0
2026-08-03 03:55:00,4058.49,4059.68,4055.59,4057.02,1454,35,0
2026-08-03 04:00:00,4057.02,4063.35,4051.92,4058.03,3042,38,0
2026-08-03 04:05:00,4057.96,4061.59,4056.48,4059.65,2302,37,0
2026-08-03 04:10:00,4059.69,4060.51,4051.25,4052.24,1861,35,0
2026-08-03 04:15:00,4052.3,4053.61,4047.19,4048.93,1867,35,0
2026-08-03 04:20:00,4048.93,4053.75,4048.91,4053.57,1619,35,0
2026-08-03 04:25:00,4053.58,4054.91,4052.0,4052.92,1499,37,0
2026-08-03 04:30:00,4053.04,4053.84,4049.98,4053.63,1362,36,0
2026-08-03 04:35:00,4053.63,4056.75,4052.33,4053.36,1328,36,0
2026-08-03 04:40:00,4053.34,4054.05,4047.35,4051.35,1537,37,0
2026-08-03 04:45:00,4051.36,4055.27,4050.02,4053.24,1434,35,0
2026-08-03 04:50:00,4053.23,4055.45,4050.15,4051.39,1440,35,0
2026-08-03 04:55:00,4051.38,4057.36,4049.92,4056.59,1337,35,0
2026-08-03 05:00:00,4056.58,4060.84,4056.55,4059.31,1227,35,0
2026-08-03 05:05:00,4059.31,4060.39,4055.74,4055.89,1126,35,0
2026-08-03 05:10:00,4055.89,4056.65,4053.15,4055.69,1109,35,0
2026-08-03 05:15:00,4055.69,4060.48,4051.87,4060.38,1175,35,0
2026-08-03 05:20:00,4060.37,4060.56,4054.45,4055.05,785,35,0
2026-08-03 05:25:00,4055.19,4058.53,4054.12,4058.04,701,35,0
2026-08-03 05:30:00,4058.04,4059.34,4053.58,4055.68,1386,35,0
2026-08-03 05:35:00,4055.68,4058.63,4052.34,4057.5,1298,35,0
2026-08-03 05:40:00,4057.53,4060.48,4057.22,4059.29,1198,35,0
2026-08-03 05:45:00,4059.29,4066.89,4058.38,4063.56,1123,35,0
2026-08-03 05:50:00,4063.56,4065.16,4062.18,4062.63,1118,35,0
2026-08-03 05:55:00,4062.69,4064.31,4060.58,4062.06,1121,35,0
2026-08-03 06:00:00,4062.07,4063.81,4060.88,4062.47,959,35,0
2026-08-03 06:05:00,4062.47,4065.36,4062.2,4064.21,967,35,0
2026-08-03 06:10:00,4064.22,4064.82,4062.84,4063.87,734,35,0
2026-08-03 06:15:00,4063.87,4067.62,4063.02,4067.42,987,35,0
2026-08-03 06:20:00,4067.42,4067.79,4061.55,4062.83,981,35,0
2026-08-03 06:25:00,4062.88,4065.16,4061.67,4063.58,953,35,0
2026-08-03 06:30:00,4063.58,4064.87,4062.53,4063.13,918,35,0
2026-08-03 06:35:00,4063.13,4064.86,4061.27,4062.74,823,35,0
2026-08-03 06:40:00,4062.73,4063.56,4060.51,4060.54,506,35,0
2026-08-03 06:45:00,4060.53,4061.51,4059.18,4061.29,585,36,0
2026-08-03 06:50:00,4061.29,4066.39,4061.29,4066.14,889,37,0
2026-08-03 06:55:00,4066.14,4066.76,4064.22,4065.13,582,36,0
2026-08-03 07:00:00,4065.13,4066.71,4064.32,4066.4,764,36,0
2026-08-03 07:05:00,4066.41,4068.3,4065.25,4065.47,639,35,0
2026-08-03 07:10:00,4065.4,4066.7,4065.4,4066.69,477,35,0
2026-08-03 07:15:00,4066.69,4069.98,4066.22,4069.65,664,35,0
2026-08-03 07:20:00,4069.64,4071.06,4068.96,4068.99,585,35,0
2026-08-03 07:25:00,4068.99,4069.99,4068.03,4068.33,574,35,0
2026-08-03 07:30:00,4068.36,4071.21,4068.36,4070.92,623,35,0
2026-08-03 07:35:00,4070.92,4071.26,4068.63,4069.85,676,37,0
2026-08-03 07:40:00,4069.85,4070.69,4068.98,4070.67,579,36,0
2026-08-03 07:45:00,4070.6,4071.98,4069.05,4070.82,614,36,0
2026-08-03 07:50:00,4070.82,4071.88,4067.69,4068.01,610,35,0
2026-08-03 07:55:00,4068.01,4068.38,4063.68,4064.09,696,35,0
2026-08-03 08:00:00,4064.08,4065.35,4062.3,4062.3,933,38,0
2026-08-03 08:05:00,4062.27,4062.94,4060.62,4060.88,876,37,0
2026-08-03 08:10:00,4060.9,4060.9,4056.57,4057.29,844,36,0
2026-08-03 08:15:00,4057.29,4057.79,4054.0,4056.15,883,36,0
2026-08-03 08:20:00,4056.15,4058.87,4055.72,4058.84,635,35,0
2026-08-03 08:25:00,4058.83,4062.46,4058.24,4059.42,726,35,0
2026-08-03 08:30:00,4059.09,4060.47,4055.34,4055.81,1241,35,0
2026-08-03 08:35:00,4055.8,4059.49,4054.89,4056.93,1121,37,0
2026-08-03 08:40:00,4056.93,4064.37,4055.97,4063.17,1260,37,0
2026-08-03 08:45:00,4063.24,4063.37,4058.68,4059.93,930,35,0
2026-08-03 08:50:00,4059.93,4065.28,4059.21,4065.13,931,35,0
2026-08-03 08:55:00,4065.13,4069.88,4064.31,4068.9,996,35,0
2026-08-03 09:00:00,4068.9,4071.19,4067.61,4068.21,1361,35,0
2026-08-03 09:05:00,4068.24,4070.56,4067.16,4067.69,1259,31,0
2026-08-03 09:10:00,4067.69,4068.17,4066.07,4066.07,1161,31,0
2026-08-03 09:15:00,4066.2,4070.1,4065.58,4069.45,1107,32,0
2026-08-03 09:20:00,4069.57,4072.1,4067.72,4070.79,1404,35,0
2026-08-03 09:25:00,4070.78,4071.26,4066.14,4068.46,1478,35,0
2026-08-03 09:30:00,4068.46,4069.01,4060.57,4060.73,1404,33,0
2026-08-03 09:35:00,4060.73,4067.48,4060.5,4066.02,1184,35,0
2026-08-03 09:40:00,4066.03,4066.44,4064.49,4065.92,1071,33,0
2026-08-03 09:45:00,4065.91,4066.93,4063.05,4063.47,1040,34,0
2026-08-03 09:50:00,4063.43,4065.1,4062.75,4063.76,844,34,0
2026-08-03 09:55:00,4063.8,4066.28,4063.48,4063.52,986,34,0
2026-08-03 10:00:00,4063.51,4065.23,4059.8,4060.85,1540,36,0
2026-08-03 10:05:00,4060.85,4063.87,4059.6,4062.81,1235,34,0
2026-08-03 10:10:00,4062.85,4064.39,4061.34,4061.62,1099,31,0
2026-08-03 10:15:00,4061.64,4062.05,4053.3,4054.86,1961,36,0
2026-08-03 10:20:00,4054.68,4056.12,4051.98,4056.03,1477,35,0
2026-08-03 10:25:00,4055.97,4058.9,4055.42,4058.23,961,34,0
2026-08-03 10:30:00,4058.22,4060.22,4057.42,4059.65,1054,35,0
2026-08-03 10:35:00,4059.64,4061.12,4056.6,4059.77,1140,36,0
2026-08-03 10:40:00,4059.76,4059.77,4058.14,4059.67,948,35,0
2026-08-03 10:45:00,4059.67,4061.19,4058.38,4059.42,960,36,0
2026-08-03 10:50:00,4059.42,4063.32,4058.83,4062.66,1182,36,0
2026-08-03 10:55:00,4062.66,4063.13,4060.89,4061.16,1101,34,0
2026-08-03 11:00:00,4061.18,4061.49,4058.43,4060.68,1358,35,0
2026-08-03 11:05:00,4060.71,4061.39,4059.46,4060.66,1026,31,0
2026-08-03 11:10:00,4060.65,4062.17,4059.76,4061.73,915,32,0
2026-08-03 11:15:00,4061.73,4062.46,4057.01,4057.92,1115,31,0
2026-08-03 11:20:00,4057.92,4059.46,4057.61,4059.25,911,32,0
2026-08-03 11:25:00,4059.25,4060.3,4054.31,4056.03,1038,33,0
2026-08-03 11:30:00,4056.05,4058.26,4054.77,4056.13,924,35,0
2026-08-03 11:35:00,4056.13,4060.68,4055.24,4059.65,1021,35,0
2026-08-03 11:40:00,4059.69,4060.29,4058.19,4058.58,750,31,0
2026-08-03 11:45:00,4058.58,4060.09,4057.68,4059.86,829,33,0
2026-08-03 11:50:00,4059.86,4060.15,4057.82,4059.57,752,34,0
2026-08-03 11:55:00,4059.57,4060.94,4058.77,4059.52,823,31,0
2026-08-03 12:00:00,4059.53,4060.57,4057.51,4057.64,859,31,0
2026-08-03 12:05:00,4057.57,4059.7,4057.4,4059.62,734,31,0
2026-08-03 12:10:00,4059.62,4062.26,4059.39,4061.59,923,31,0
2026-08-03 12:15:00,4061.59,4061.59,4058.35,4058.91,889,34,0
2026-08-03 12:20:00,4058.91,4059.1,4052.77,4055.32,1089,31,0
2026-08-03 12:25:00,4055.32,4056.11,4052.11,4052.75,965,35,0
2026-08-03 12:30:00,4052.77,4053.38,4046.57,4047.0,1581,36,0
2026-08-03 12:35:00,4047.0,4052.65,4046.63,4052.45,1234,36,0
2026-08-03 12:40:00,4052.45,4054.76,4051.42,4053.43,1188,35,0
2026-08-03 12:45:00,4053.46,4056.86,4053.46,4056.37,982,34,0
2026-08-03 12:50:00,4056.37,4058.13,4055.95,4057.03,994,35,0
2026-08-03 12:55:00,4057.03,4057.96,4054.71,4055.53,1165,36,0
2026-08-03 13:00:00,4055.52,4056.85,4053.26,4054.96,1091,36,0
2026-08-03 13:05:00,4055.07,4055.57,4053.52,4054.17,849,34,0
2026-08-03 13:10:00,4054.17,4057.24,4053.99,4056.41,945,33,0
2026-08-03 13:15:00,4056.41,4057.14,4054.16,4055.11,985,33,0
2026-08-03 13:20:00,4055.14,4055.64,4052.77,4053.44,1125,36,0
2026-08-03 13:25:00,4053.44,4055.0,4052.1,4053.63,885,33,0
2026-08-03 13:30:00,4053.64,4053.8,4050.13,4051.99,908,31,0
2026-08-03 13:35:00,4051.98,4052.65,4051.06,4052.39,906,31,0
2026-08-03 13:40:00,4052.41,4052.5,4048.78,4049.2,988,34,0
2026-08-03 13:45:00,4049.15,4050.66,4048.5,4048.64,758,31,0
2026-08-03 13:50:00,4048.64,4048.88,4045.87,4048.36,857,31,0
2026-08-03 13:55:00,4048.31,4049.38,4046.8,4049.33,903,31,0
2026-08-03 14:00:00,4049.33,4052.03,4047.56,4052.03,1326,31,0
2026-08-03 14:05:00,4052.0,4052.86,4049.32,4050.34,942,31,0
2026-08-03 14:10:00,4050.34,4050.73,4047.94,4049.69,967,31,0
2026-08-03 14:15:00,4049.67,4049.67,4046.79,4047.63,931,32,0
2026-08-03 14:20:00,4047.63,4048.11,4045.27,4047.36,953,31,0
2026-08-03 14:25:00,4047.3,4049.76,4046.71,4048.29,854,31,0
2026-08-03 14:30:00,4048.29,4051.24,4047.8,4050.76,819,31,0
2026-08-03 14:35:00,4050.76,4051.94,4049.6,4051.37,843,31,0
2026-08-03 14:40:00,4051.38,4054.9,4050.96,4053.7,884,31,0
2026-08-03 14:45:00,4053.68,4061.04,4052.72,4060.9,1048,31,0
2026-08-03 14:50:00,4060.92,4063.14,4059.12,4061.25,1653,36,0
2026-08-03 14:55:00,4061.25,4062.86,4060.01,4062.58,1224,35,0
2026-08-03 15:00:00,4062.63,4064.61,4059.83,4060.89,1487,35,0
2026-08-03 15:05:00,4060.87,4061.31,4058.4,4059.87,1229,31,0
2026-08-03 15:10:00,4059.87,4060.38,4054.78,4056.04,1298,35,0
2026-08-03 15:15:00,4056.05,4056.5,4051.15,4051.17,1118,31,0
2026-08-03 15:20:00,4051.05,4053.79,4048.61,4052.39,1486,36,0
2026-08-03 15:25:00,4052.39,4053.34,4050.22,4050.73,1150,31,0
2026-08-03 15:30:00,4050.73,4052.87,4047.86,4051.3,1222,34,0
2026-08-03 15:35:00,4051.33,4051.71,4045.61,4046.97,1359,31,0
2026-08-03 15:40:00,4046.98,4046.98,4041.9,4044.6,1287,35,0
2026-08-03 15:45:00,4044.6,4046.15,4043.16,4043.38,1001,31,0
2026-08-03 15:50:00,4043.36,4046.1,4042.87,4045.35,1025,31,0
2026-08-03 15:55:00,4045.35,4048.48,4044.89,4047.82,1060,31,0
2026-08-03 16:00:00,4048.12,4053.11,4040.62,4041.17,2584,36,0
2026-08-03 16:05:00,4041.52,4045.73,4041.0,4043.9,2003,36,0
2026-08-03 16:10:00,4043.89,4044.26,4038.19,4038.44,1952,36,0
2026-08-03 16:15:00,4038.34,4040.17,4034.8,4036.31,2080,35,0
2026-08-03 16:20:00,4036.31,4037.12,4032.66,4033.92,1919,31,0
2026-08-03 16:25:00,4033.93,4035.04,4031.02,4033.47,1904,31,0
2026-08-03 16:30:00,4033.8,4034.93,4029.0,4030.59,2903,35,0
2026-08-03 16:35:00,4030.61,4031.25,4018.57,4025.51,2853,36,0
2026-08-03 16:40:00,4025.48,4033.12,4024.2,4031.68,2433,33,0
2026-08-03 16:45:00,4031.69,4034.65,4027.94,4028.88,2347,34,0
2026-08-03 16:50:00,4029.03,4032.23,4027.63,4029.37,2649,34,0
2026-08-03 16:55:00,4029.37,4033.23,4027.81,4028.28,1960,32,0
2026-08-03 17:00:00,4028.6,4035.46,4026.95,4028.62,2288,36,0
2026-08-03 17:05:00,4028.64,4031.76,4026.35,4026.38,2352,31,0
2026-08-03 17:10:00,4026.38,4033.78,4026.03,4032.38,2267,31,0
2026-08-03 17:15:00,4032.4,4034.16,4030.53,4030.7,1963,31,0
2026-08-03 17:20:00,4030.72,4035.27,4029.3,4033.49,1779,33,0
2026-08-03 17:25:00,4033.49,4035.52,4031.92,4031.92,1648,34,0
2026-08-03 17:30:00,4032.01,4035.15,4031.49,4034.78,1435,35,0
2026-08-03 17:35:00,4034.78,4037.3,4032.37,4032.48,1582,34,0
2026-08-03 17:40:00,4032.48,4037.68,4031.56,4036.23,1403,35,0
2026-08-03 17:45:00,4036.23,4036.39,4033.53,4035.49,1244,34,0
2026-08-03 17:50:00,4035.48,4036.67,4033.34,4035.32,1349,31,0
2026-08-03 17:55:00,4035.44,4038.86,4035.39,4036.06,1239,31,0
2026-08-03 18:00:00,4035.96,4036.26,4031.42,4031.67,1460,31,0
2026-08-03 18:05:00,4031.65,4036.75,4029.99,4034.19,1704,32,0
2026-08-03 18:10:00,4034.25,4035.35,4031.85,4033.29,1329,31,0
2026-08-03 18:15:00,4033.25,4037.29,4033.04,4036.64,1216,31,0
2026-08-03 18:20:00,4036.52,4038.2,4035.63,4037.01,1216,31,0
2026-08-03 18:25:00,4036.99,4037.63,4030.45,4032.67,1724,31,0
2026-08-03 18:30:00,4032.66,4034.29,4030.68,4032.97,1298,34,0
2026-08-03 18:35:00,4032.97,4036.71,4032.83,4036.55,1144,31,0
2026-08-03 18:40:00,4036.55,4038.79,4036.05,4036.76,943,31,0
2026-08-03 18:45:00,4036.66,4040.71,4036.55,4037.27,1125,33,0
2026-08-03 18:50:00,4037.27,4039.77,4036.98,4037.86,880,31,0
2026-08-03 18:55:00,4037.87,4037.91,4035.24,4035.99,792,33,0
2026-08-03 19:00:00,4035.95,4037.39,4035.15,4036.41,804,33,0
2026-08-03 19:05:00,4036.41,4036.52,4034.49,4035.21,576,36,0
2026-08-03 19:10:00,4035.15,4036.53,4035.11,4036.19,793,36,0
2026-08-03 19:15:00,4036.2,4037.47,4035.08,4035.68,704,36,0
2026-08-03 19:20:00,4035.74,4037.73,4034.73,4037.69,710,35,0
2026-08-03 19:25:00,4037.73,4038.54,4036.06,4036.82,798,35,0
2026-08-03 19:30:00,4036.81,4037.69,4035.24,4037.51,846,34,0
2026-08-03 19:35:00,4037.5,4038.56,4036.0,4036.67,808,35,0
2026-08-03 19:40:00,4036.67,4039.09,4036.59,4038.62,715,31,0
2026-08-03 19:45:00,4038.57,4038.66,4037.03,4037.16,570,31,0
2026-08-03 19:50:00,4037.16,4037.86,4035.54,4035.88,758,31,0
2026-08-03 19:55:00,4035.92,4037.53,4035.74,4036.87,751,34,0
2026-08-03 20:00:00,4036.86,4037.39,4033.14,4033.96,944,36,0
2026-08-03 20:05:00,4033.96,4034.98,4033.66,4034.68,622,31,0
2026-08-03 20:10:00,4034.68,4034.79,4033.57,4034.14,536,31,0
2026-08-03 20:15:00,4034.18,4037.52,4034.03,4036.15,778,34,0
2026-08-03 20:20:00,4036.15,4036.28,4033.92,4035.17,952,36,0
2026-08-03 20:25:00,4035.17,4036.25,4033.72,4034.31,957,31,0
2026-08-03 20:30:00,4034.2,4035.09,4033.89,4034.71,608,33,0
2026-08-03 20:35:00,4034.71,4036.69,4034.3,4035.99,799,35,0
2026-08-03 20:40:00,4036.03,4036.32,4035.11,4035.81,645,31,0
2026-08-03 20:45:00,4035.82,4036.15,4033.61,4033.84,657,31,0
2026-08-03 20:50:00,4033.87,4034.14,4030.27,4030.47,752,31,0
2026-08-03 20:55:00,4030.54,4031.0,4029.96,4030.34,686,35,0
2026-08-03 21:00:00,4030.35,4032.01,4029.43,4031.66,939,36,0
2026-08-03 21:05:00,4031.67,4036.5,4031.66,4036.5,693,36,0
2026-08-03 21:10:00,4036.51,4038.28,4034.48,4034.9,959,36,0
2026-08-03 21:15:00,4034.9,4038.75,4034.74,4037.39,677,36,0
2026-08-03 21:20:00,4037.39,4038.39,4036.59,4036.95,809,35,0
2026-08-03 21:25:00,4036.94,4038.09,4035.95,4037.74,882,32,0
2026-08-03 21:30:00,4037.73,4038.32,4036.36,4036.75,711,32,0
2026-08-03 21:35:00,4036.75,4038.34,4036.67,4037.61,563,31,0
2026-08-03 21:40:00,4037.59,4041.27,4037.34,4041.14,712,31,0
2026-08-03 21:45:00,4041.13,4042.42,4040.34,4042.34,748,36,0
2026-08-03 21:50:00,4042.34,4044.0,4041.83,4043.48,657,31,0
2026-08-03 21:55:00,4043.49,4044.86,4042.72,4043.43,709,31,0
2026-08-03 22:00:00,4043.53,4048.38,4043.53,4047.96,904,34,0
2026-08-03 22:05:00,4047.97,4049.36,4045.52,4045.97,996,36,0
2026-08-03 22:10:00,4045.97,4048.15,4045.22,4046.12,685,34,0
2026-08-03 22:15:00,4046.14,4049.08,4046.1,4047.93,755,32,0
2026-08-03 22:20:00,4047.94,4053.16,4047.93,4052.85,1094,31,0
2026-08-03 22:25:00,4052.85,4054.1,4051.93,4052.91,958,34,0
2026-08-03 22:30:00,4052.92,4055.55,4051.78,4053.13,1024,36,0
2026-08-03 22:35:00,4053.14,4054.7,4052.94,4053.93,915,31,0
2026-08-03 22:40:00,4053.93,4054.55,4052.65,4053.86,835,31,0
2026-08-03 22:45:00,4053.83,4055.34,4052.46,4054.37,925,31,0
2026-08-03 22:50:00,4054.36,4055.37,4053.55,4053.93,1070,31,0
2026-08-03 22:55:00,4054.02,4054.14,4051.52,4051.96,1359,36,0
2026-08-03 23:00:00,4051.93,4052.03,4050.08,4051.43,805,31,0
2026-08-03 23:05:00,4051.44,4052.04,4050.63,4051.5,472,31,0
2026-08-03 23:10:00,4051.75,4052.79,4051.15,4052.43,383,31,0
2026-08-03 23:15:00,4052.43,4052.51,4051.39,4051.65,379,31,0
2026-08-03 23:20:00,4051.65,4054.35,4051.32,4054.13,367,33,0
2026-08-03 23:25:00,4054.14,4055.66,4053.36,4054.15,540,36,0
2026-08-03 23:30:00,4054.15,4057.98,4053.69,4057.31,589,36,0
2026-08-03 23:35:00,4057.3,4057.71,4056.19,4056.94,406,33,0
2026-08-03 23:40:00,4056.98,4057.29,4055.87,4055.97,267,44,0
2026-08-03 23:45:00,4055.93,4056.67,4055.57,4056.04,250,44,0
2026-08-03 23:50:00,4056.04,4056.04,4052.86,4053.42,360,44,0
2026-08-03 23:55:00,4053.37,4054.48,4053.07,4053.45,205,374,0
2026-08-04 01:05:00,4049.97,4050.63,4047.59,4049.2,322,367,0
2026-08-04 01:10:00,4049.0,4051.73,4048.9,4051.14,239,37,0
2026-08-04 01:15:00,4051.14,4051.99,4050.58,4050.79,334,37,0
2026-08-04 01:20:00,4050.88,4052.29,4050.61,4051.87,266,37,0
2026-08-04 01:25:00,4051.87,4051.95,4050.62,4051.86,254,37,0
2026-08-04 01:30:00,4051.76,4053.26,4051.42,4052.93,300,37,0
2026-08-04 01:35:00,4052.93,4053.15,4052.25,4053.11,290,37,0
2026-08-04 01:40:00,4053.11,4053.19,4052.44,4052.67,171,37,0
2026-08-04 01:45:00,4052.66,4053.1,4051.81,4052.01,292,37,0
2026-08-04 01:50:00,4052.01,4052.37,4051.07,4051.47,405,37,0
2026-08-04 01:55:00,4051.47,4053.36,4051.28,4052.64,437,37,0
2026-08-04 02:00:00,4052.64,4053.6,4051.18,4052.78,508,35,0
2026-08-04 02:05:00,4052.78,4054.79,4051.2,4052.0,648,35,0
2026-08-04 02:10:00,4052.0,4052.0,4049.98,4051.23,311,35,0
2026-08-04 02:15:00,4051.23,4052.59,4050.43,4052.52,359,35,0
2026-08-04 02:20:00,4052.52,4054.47,4050.86,4052.17,650,38,0
2026-08-04 02:25:00,4052.16,4052.4,4051.01,4051.36,403,35,0
2026-08-04 02:30:00,4051.35,4051.8,4050.93,4051.55,311,35,0
2026-08-04 02:35:00,4051.54,4052.67,4050.99,4051.79,277,35,0
2026-08-04 02:40:00,4051.8,4052.44,4051.3,4052.26,288,36,0
2026-08-04 02:45:00,4052.27,4053.72,4051.12,4051.58,718,38,0
2026-08-04 02:50:00,4051.58,4052.62,4051.3,4052.15,449,35,0
2026-08-04 02:55:00,4052.16,4053.75,4052.04,4053.61,398,35,0
2026-08-04 03:00:00,4053.65,4063.26,4052.87,4059.44,1515,38,0
2026-08-04 03:05:00,4059.44,4067.32,4059.16,4067.1,1248,38,0
2026-08-04 03:10:00,4067.08,4069.14,4062.88,4063.37,1271,37,0
2026-08-04 03:15:00,4063.29,4064.24,4061.89,4062.62,808,36,0
2026-08-04 03:20:00,4062.6,4063.42,4057.95,4059.08,1063,36,0
2026-08-04 03:25:00,4059.06,4060.67,4058.22,4058.9,696,35,0
2026-08-04 03:30:00,4058.89,4060.55,4057.65,4059.82,699,35,0
2026-08-04 03:35:00,4059.82,4059.94,4056.48,4057.84,773,35,0
2026-08-04 03:40:00,4057.83,4058.15,4055.43,4056.2,734,35,0
2026-08-04 03:45:00,4056.11,4057.4,4055.05,4056.39,908,38,0
2026-08-04 03:50:00,4056.23,4057.77,4053.97,4054.91,1196,37,0
2026-08-04 03:55:00,4054.91,4055.35,4048.5,4048.6,1238,36,0
2026-08-04 04:00:00,4048.38,4050.45,4045.07,4046.4,2338,38,0
2026-08-04 04:05:00,4046.38,4046.76,4042.37,4044.52,1590,37,0
2026-08-04 04:10:00,4044.52,4048.14,4043.04,4046.74,1026,36,0
2026-08-04 04:15:00,4046.76,4050.28,4046.73,4049.74,947,36,0
2026-08-04 04:20:00,4049.73,4050.46,4047.67,4048.6,937,36,0
2026-08-04 04:25:00,4048.6,4052.28,4047.89,4049.39,1082,37,0
2026-08-04 04:30:00,4049.38,4051.28,4048.11,4048.99,1136,37,0
2026-08-04 04:35:00,4049.1,4055.59,4048.58,4052.48,1609,37,0
2026-08-04 04:40:00,4052.4,4060.02,4051.89,4058.91,1243,35,0
2026-08-04 04:45:00,4058.92,4060.57,4057.23,4057.23,1209,35,0
2026-08-04 04:50:00,4057.18,4061.79,4056.44,4059.71,1581,35,0
2026-08-04 04:55:00,4059.71,4061.18,4058.06,4058.63,1166,35,0
2026-08-04 05:00:00,4058.72,4061.05,4056.54,4056.93,1260,35,0
2026-08-04 05:05:00,4056.93,4057.52,4055.63,4056.67,914,35,0
2026-08-04 05:10:00,4056.67,4059.02,4056.07,4058.15,802,36,0
2026-08-04 05:15:00,4058.15,4059.28,4057.52,4058.9,719,36,0
2026-08-04 05:20:00,4058.9,4059.74,4056.73,4056.98,878,36,0
2026-08-04 05:25:00,4057.0,4057.72,4055.68,4056.73,856,35,0
2026-08-04 05:30:00,4056.73,4059.82,4055.49,4057.65,1118,35,0
2026-08-04 05:35:00,4057.57,4064.81,4057.57,4063.37,1225,35,0
2026-08-04 05:40:00,4063.37,4063.72,4060.02,4061.63,1086,35,0
2026-08-04 05:45:00,4061.62,4062.23,4060.13,4060.52,1046,35,0
2026-08-04 05:50:00,4060.54,4061.58,4059.63,4059.89,758,35,0
2026-08-04 05:55:00,4059.89,4061.19,4057.97,4058.59,999,35,0
2026-08-04 06:00:00,4058.59,4060.53,4057.62,4057.65,767,36,0
2026-08-04 06:05:00,4057.66,4058.6,4056.35,4058.15,725,35,0
2026-08-04 06:10:00,4058.08,4060.25,4057.32,4057.83,877,36,0
2026-08-04 06:15:00,4058.1,4060.92,4057.73,4060.06,890,35,0
2026-08-04 06:20:00,4060.06,4061.62,4058.65,4060.31,950,35,0
2026-08-04 06:25:00,4060.22,4060.22,4057.67,4057.79,704,35,0
2026-08-04 06:30:00,4057.79,4058.68,4055.77,4058.1,769,35,0
2026-08-04 06:35:00,4058.09,4058.38,4055.95,4056.03,580,35,0
2026-08-04 06:40:00,4056.03,4056.28,4052.55,4052.76,592,35,0
2026-08-04 06:45:00,4052.75,4054.44,4052.27,4054.09,370,35,0
2026-08-04 06:50:00,4054.09,4055.31,4054.09,4054.94,344,35,0
2026-08-04 06:55:00,4054.94,4055.23,4052.0,4052.32,487,37,0
2026-08-04 07:00:00,4052.32,4053.05,4050.98,4052.28,562,37,0
2026-08-04 07:05:00,4052.28,4054.32,4051.55,4054.24,406,35,0
2026-08-04 07:10:00,4054.24,4057.03,4053.99,4056.86,383,35,0
2026-08-04 07:15:00,4056.91,4059.49,4056.5,4056.77,716,37,0
2026-08-04 07:20:00,4056.77,4058.12,4055.68,4057.74,472,35,0
2026-08-04 07:25:00,4057.78,4061.54,4057.54,4061.35,476,35,0
2026-08-04 07:30:00,4061.4,4064.18,4060.5,4062.86,588,35,0
2026-08-04 07:35:00,4062.86,4063.4,4061.92,4063.4,481,35,0
2026-08-04 07:40:00,4063.4,4064.03,4062.23,4062.76,433,35,0
2026-08-04 07:45:00,4062.76,4066.25,4062.36,4064.81,493,35,0
2026-08-04 07:50:00,4064.81,4065.5,4063.27,4064.4,495,35,0
2026-08-04 07:55:00,4064.4,4065.63,4062.72,4064.09,488,35,0
2026-08-04 08:00:00,4064.07,4064.68,4061.69,4062.0,572,35,0
2026-08-04 08:05:00,4062.01,4063.07,4060.57,4060.77,574,35,0
2026-08-04 08:10:00,4060.81,4060.81,4057.31,4057.95,563,35,0
2026-08-04 08:15:00,4057.95,4061.9,4057.28,4061.8,561,35,0
2026-08-04 08:20:00,4061.78,4063.31,4060.79,4063.21,538,35,0
2026-08-04 08:25:00,4063.4,4063.85,4062.31,4063.25,534,35,0
2026-08-04 08:30:00,4063.25,4067.65,4061.63,4062.0,1407,38,0
2026-08-04 08:35:00,4061.97,4062.4,4059.78,4060.66,1024,37,0
2026-08-04 08:40:00,4060.66,4063.13,4059.17,4063.01,862,37,0
2026-08-04 08:45:00,4063.01,4064.28,4060.24,4060.78,926,36,0
2026-08-04 08:50:00,4060.78,4061.72,4058.55,4059.01,803,35,0
2026-08-04 08:55:00,4059.01,4063.04,4058.6,4061.81,934,35,0
2026-08-04 09:00:00,4061.85,4065.79,4061.8,4064.22,1378,36,0
2026-08-04 09:05:00,4064.33,4066.23,4063.4,4063.87,982,33,0
2026-08-04 09:10:00,4063.87,4065.37,4062.77,4064.04,878,33,0
2026-08-04 09:15:00,4064.04,4064.43,4061.55,4062.21,933,32,0
2026-08-04 09:20:00,4062.18,4064.95,4061.84,4062.75,850,32,0
2026-08-04 09:25:00,4062.73,4063.76,4059.55,4059.89,876,35,0
2026-08-04 09:30:00,4059.93,4059.94,4056.69,4056.84,886,34,0
2026-08-04 09:35:00,4056.84,4057.63,4055.67,4056.83,706,31,0
2026-08-04 09:40:00,4056.83,4060.0,4056.73,4059.98,774,31,0
2026-08-04 09:45:00,4059.86,4062.49,4059.86,4061.92,845,31,0
2026-08-04 09:50:00,4061.86,4062.96,4059.75,4060.5,821,33,0
2026-08-04 09:55:00,4060.51,4063.82,4058.8,4063.6,916,31,0
2026-08-04 10:00:00,4063.69,4065.52,4062.42,4064.65,972,31,0
2026-08-04 10:05:00,4064.69,4065.83,4064.06,4064.33,874,31,0
2026-08-04 10:10:00,4064.32,4065.58,4060.89,4061.04,793,31,0
2026-08-04 10:15:00,4061.04,4065.39,4060.93,4063.23,859,31,0
2026-08-04 10:20:00,4063.24,4065.59,4062.63,4065.45,817,31,0
2026-08-04 10:25:00,4065.45,4065.65,4062.7,4062.99,788,31,0
2026-08-04 10:30:00,4063.03,4066.73,4062.87,4064.61,784,31,0
2026-08-04 10:35:00,4064.53,4066.7,4061.47,4063.02,1096,36,0
2026-08-04 10:40:00,4063.01,4064.78,4062.4,4062.92,773,31,0
2026-08-04 10:45:00,4062.95,4064.9,4062.26,4063.61,770,32,0
2026-08-04 10:50:00,4063.61,4066.14,4063.6,4064.82,712,31,0
2026-08-04 10:55:00,4064.83,4065.71,4063.95,4065.48,609,33,0
2026-08-04 11:00:00,4065.49,4072.86,4064.53,4070.41,1556,36,0
2026-08-04 11:05:00,4070.4,4071.07,4068.77,4069.34,1274,36,0
2026-08-04 11:10:00,4069.34,4071.28,4068.06,4068.11,1097,35,0
2026-08-04 11:15:00,4068.11,4068.69,4066.43,4066.95,729,34,0
2026-08-04 11:20:00,4066.86,4067.2,4061.56,4062.76,914,35,0
2026-08-04 11:25:00,4062.77,4063.35,4060.27,4063.26,933,36,0
2026-08-04 11:30:00,4063.31,4064.24,4060.86,4062.55,1084,36,0
2026-08-04 11:35:00,4062.5,4064.28,4058.5,4058.84,1140,35,0
2026-08-04 11:40:00,4058.84,4059.91,4058.32,4059.3,793,31,0
2026-08-04 11:45:00,4059.35,4059.35,4055.59,4056.16,983,31,0
2026-08-04 11:50:00,4056.14,4057.2,4054.79,4056.23,870,31,0
2026-08-04 11:55:00,4056.22,4056.22,4054.36,4054.61,751,31,0
2026-08-04 12:00:00,4054.7,4055.1,4052.65,4052.99,957,36,0
2026-08-04 12:05:00,4052.99,4053.24,4050.14,4050.79,958,36,0
2026-08-04 12:10:00,4050.79,4050.91,4048.19,4049.97,968,32,0
2026-08-04 12:15:00,4049.99,4051.6,4049.35,4050.4,866,32,0
2026-08-04 12:20:00,4050.41,4051.36,4048.27,4050.08,808,32,0
2026-08-04 12:25:00,4050.08,4051.26,4049.07,4049.81,874,31,0
2026-08-04 12:30:00,4049.8,4050.84,4048.41,4049.09,977,32,0
2026-08-04 12:35:00,4049.09,4049.16,4045.61,4047.42,739,31,0
2026-08-04 12:40:00,4047.41,4049.89,4047.31,4049.77,633,31,0
2026-08-04 12:45:00,4049.77,4050.41,4047.51,4049.5,799,32,0
2026-08-04 12:50:00,4049.5,4049.81,4047.17,4047.6,602,31,0
2026-08-04 12:55:00,4047.58,4049.12,4046.75,4049.12,545,33,0
2026-08-04 13:00:00,4049.09,4049.18,4047.66,4048.79,715,36,0
2026-08-04 13:05:00,4048.78,4049.08,4046.37,4046.49,655,34,0
2026-08-04 13:10:00,4046.49,4048.61,4046.24,4048.2,550,31,0
2026-08-04 13:15:00,4048.2,4048.82,4044.85,4047.52,690,34,0
2026-08-04 13:20:00,4047.52,4048.63,4046.85,4047.86,526,31,0
2026-08-04 13:25:00,4047.85,4049.35,4047.18,4048.59,490,31,0
2026-08-04 13:30:00,4048.6,4050.93,4048.6,4049.67,806,31,0
2026-08-04 13:35:00,4049.67,4049.97,4048.15,4048.34,438,31,0
2026-08-04 13:40:00,4048.35,4053.47,4045.84,4052.52,983,31,0
2026-08-04 13:45:00,4052.54,4060.18,4051.82,4057.72,2772,36,0
2026-08-04 13:50:00,4057.79,4057.88,4052.96,4054.16,1392,36,0
2026-08-04 13:55:00,4054.19,4055.6,4052.83,4053.42,1199,36,0
2026-08-04 14:00:00,4053.42,4055.27,4052.14,4054.67,1377,36,0
2026-08-04 14:05:00,4054.67,4055.22,4051.94,4054.65,952,35,0
2026-08-04 14:10:00,4054.65,4058.4,4053.55,4056.41,1095,36,0
2026-08-04 14:15:00,4056.38,4057.5,4055.36,4055.36,767,35,0
2026-08-04 14:20:00,4055.36,4058.93,4055.18,4058.23,833,35,0
2026-08-04 14:25:00,4058.23,4060.71,4057.82,4060.61,804,36,0
2026-08-04 14:30:00,4060.74,4064.7,4059.72,4062.11,1340,36,0
2026-08-04 14:35:00,4062.15,4064.12,4060.97,4063.45,995,35,0
2026-08-04 14:40:00,4063.45,4070.2,4059.68,4069.25,1766,34,0
2026-08-04 14:45:00,4069.26,4079.51,4066.82,4075.89,2744,36,0
2026-08-04 14:50:00,4075.69,4084.06,4074.29,4075.67,2533,36,0
2026-08-04 14:55:00,4075.75,4076.08,4069.02,4075.83,2197,36,0
2026-08-04 15:00:00,4075.83,4075.83,4065.76,4067.86,2294,36,0
2026-08-04 15:05:00,4068.22,4070.06,4062.33,4063.32,1897,35,0
2026-08-04 15:10:00,4063.32,4064.17,4060.76,4061.86,1515,33,0
2026-08-04 15:15:00,4061.85,4065.47,4060.82,4065.06,1253,33,0
2026-08-04 15:20:00,4065.06,4068.63,4064.92,4066.95,1541,35,0
2026-08-04 15:25:00,4066.95,4070.01,4065.94,4068.25,1113,34,0
2026-08-04 15:30:00,4068.25,4076.08,4068.17,4075.55,1635,36,0
2026-08-04 15:35:00,4075.5,4083.32,4075.24,4081.77,2096,36,0
2026-08-04 15:40:00,4081.5,4084.09,4077.8,4077.89,1884,35,0
2026-08-04 15:45:00,4077.91,4079.08,4075.23,4075.82,1658,32,0
2026-08-04 15:50:00,4075.88,4077.26,4073.05,4073.66,1530,31,0
2026-08-04 15:55:00,4073.66,4075.4,4069.31,4070.71,1570,31,0
2026-08-04 16:00:00,4070.57,4071.52,4062.6,4063.78,2249,35,0
2026-08-04 16:05:00,4063.89,4065.51,4060.8,4064.12,1568,31,0
2026-08-04 16:10:00,4063.95,4065.91,4061.55,4063.19,1287,31,0
2026-08-04 16:15:00,4063.55,4064.94,4061.88,4063.12,1148,32,0
2026-08-04 16:20:00,4063.12,4090.89,4063.12,4081.5,3076,34,0
2026-08-04 16:25:00,4081.5,4081.93,4077.45,4078.57,2227,36,0
2026-08-04 16:30:00,4078.77,4084.54,4075.78,4083.07,2884,36,0
2026-08-04 16:35:00,4083.1,4088.7,4082.7,4088.32,2731,36,0
2026-08-04 16:40:00,4088.28,4091.48,4083.05,4083.17,2552,36,0
2026-08-04 16:45:00,4083.23,4093.52,4081.51,4092.54,2524,35,0
2026-08-04 16:50:00,4092.54,4093.87,4086.39,4086.94,2241,31,0
2026-08-04 16:55:00,4087.01,4087.12,4083.12,4084.88,1732,31,0
2026-08-04 17:00:00,4084.91,4090.35,4082.89,4087.77,1954,34,0
2026-08-04 17:05:00,4087.8,4090.61,4085.34,4089.67,1957,35,0
2026-08-04 17:10:00,4089.67,4091.27,4088.34,4089.93,1946,35,0
2026-08-04 17:15:00,4089.88,4091.73,4082.42,4083.41,1990,35,0
2026-08-04 17:20:00,4083.5,4084.73,4080.5,4081.59,1681,34,0
2026-08-04 17:25:00,4081.56,4086.61,4081.12,4083.41,1765,36,0
2026-08-04 17:30:00,4083.47,4086.57,4077.04,4077.55,2325,36,0
2026-08-04 17:35:00,4077.53,4084.05,4074.18,4078.65,2370,33,0
2026-08-04 17:40:00,4078.67,4080.65,4076.59,4079.52,1917,34,0
2026-08-04 17:45:00,4079.58,4080.96,4077.59,4080.22,1793,34,0
2026-08-04 17:50:00,4080.2,4084.43,4080.04,4083.91,1519,35,0
2026-08-04 17:55:00,4083.92,4084.7,4081.73,4083.44,1340,35,0
2026-08-04 18:00:00,4083.44,4083.94,4080.93,4081.37,1310,35,0
2026-08-04 18:05:00,4081.37,4085.09,4079.54,4084.96,1197,36,0
2026-08-04 18:10:00,4084.93,4085.48,4082.99,4083.92,1393,36,0
2026-08-04 18:15:00,4083.93,4084.21,4075.87,4076.56,1654,36,0
2026-08-04 18:20:00,4076.55,4077.73,4074.54,4075.94,1550,36,0
2026-08-04 18:25:00,4075.94,4078.31,4075.05,4077.84,1612,34,0
2026-08-04 18:30:00,4077.93,4079.92,4076.63,4077.41,1487,31,0
2026-08-04 18:35:00,4077.41,4086.75,4076.45,4083.38,2092,35,0
2026-08-04 18:40:00,4083.43,4087.22,4083.36,4083.88,1733,34,0
2026-08-04 18:45:00,4083.81,4085.6,4082.72,4083.3,1367,34,0
2026-08-04 18:50:00,4083.3,4087.8,4083.26,4087.36,1406,34,0
2026-08-04 18:55:00,4087.36,4088.72,4085.75,4087.37,1277,34,0
2026-08-04 19:00:00,4087.36,4088.45,4085.73,4086.29,1432,36,0
2026-08-04 19:05:00,4086.3,4086.95,4084.39,4086.53,1066,36,0
2026-08-04 19:10:00,4086.53,4087.32,4084.4,4085.0,1200,36,0
2026-08-04 19:15:00,4085.0,4085.66,4083.07,4083.55,1073,35,0
2026-08-04 19:20:00,4083.56,4088.26,4083.51,4087.24,1317,36,0
2026-08-04 19:25:00,4087.27,4089.73,4086.09,4087.48,1076,36,0
2026-08-04 19:30:00,4087.49,4088.44,4086.66,4087.83,905,36,0
2026-08-04 19:35:00,4087.84,4087.84,4084.94,4085.85,926,32,0
2026-08-04 19:40:00,4085.85,4089.42,4085.46,4089.06,802,31,0
2026-08-04 19:45:00,4088.92,4093.52,4088.7,4092.8,1019,36,0
2026-08-04 19:50:00,4092.8,4093.66,4090.77,4090.77,835,33,0
2026-08-04 19:55:00,4090.77,4093.68,4090.27,4093.29,850,31,0
2026-08-04 20:00:00,4093.29,4102.43,4092.55,4102.32,1646,33,0
2026-08-04 20:05:00,4102.35,4106.3,4099.7,4099.9,1625,36,0
2026-08-04 20:10:00,4099.9,4101.72,4098.13,4100.18,1395,36,0
2026-08-04 20:15:00,4100.19,4101.34,4097.3,4097.75,1158,35,0
2026-08-04 20:20:00,4097.72,4100.87,4097.57,4100.03,1164,34,0
2026-08-04 20:25:00,4100.05,4100.82,4094.48,4094.84,1391,34,0
2026-08-04 20:30:00,4094.87,4094.92,4091.88,4093.93,1112,36,0
2026-08-04 20:35:00,4093.94,4095.83,4093.87,4095.05,821,31,0
2026-08-04 20:40:00,4094.98,4096.27,4093.95,4095.53,739,31,0
2026-08-04 20:45:00,4095.53,4096.53,4093.67,4093.74,746,31,0
2026-08-04 20:50:00,4093.75,4094.35,4089.65,4089.84,1064,35,0
2026-08-04 20:55:00,4089.83,4091.13,4086.02,4086.02,1255,36,0
2026-08-04 21:00:00,4085.88,4088.46,4084.92,4086.74,1307,36,0
2026-08-04 21:05:00,4086.99,4088.9,4086.99,4088.07,780,35,0
2026-08-04 21:10:00,4088.07,4088.69,4086.39,4088.62,739,31,0
2026-08-04 21:15:00,4088.62,4088.73,4086.09,4086.64,794,31,0
2026-08-04 21:20:00,4086.63,4089.03,4086.1,4086.82,780,31,0
2026-08-04 21:25:00,4086.82,4088.07,4084.35,4084.9,1038,34,0
2026-08-04 21:30:00,4084.97,4085.73,4082.65,4082.78,1039,35,0
2026-08-04 21:35:00,4082.82,4083.32,4078.42,4078.88,1030,33,0
2026-08-04 21:40:00,4078.83,4080.18,4076.24,4076.58,1225,36,0
2026-08-04 21:45:00,4076.58,4080.24,4075.19,4079.53,1218,36,0
2026-08-04 21:50:00,4079.53,4080.77,4078.57,4079.68,906,33,0
2026-08-04 21:55:00,4079.68,4081.16,4079.33,4079.95,851,31,0
2026-08-04 22:00:00,4079.95,4081.99,4078.72,4080.46,941,31,0
2026-08-04 22:05:00,4080.47,4084.06,4080.06,4083.88,798,31,0
2026-08-04 22:10:00,4083.9,4084.18,4081.51,4081.69,815,31,0
2026-08-04 22:15:00,4081.69,4084.66,4081.28,4084.12,978,36,0
2026-08-04 22:20:00,4084.01,4084.4,4080.18,4080.23,856,34,0
2026-08-04 22:25:00,4080.23,4080.99,4079.3,4080.16,858,31,0
2026-08-04 22:30:00,4080.17,4080.64,4078.8,4080.59,991,31,0
2026-08-04 22:35:00,4080.61,4081.24,4079.6,4080.81,617,31,0
2026-08-04 22:40:00,4080.81,4082.39,4080.57,4081.18,697,31,0
2026-08-04 22:45:00,4081.17,4082.07,4079.33,4079.7,613,33,0
2026-08-04 22:50:00,4079.66,4079.84,4076.95,4077.05,1055,36,0
2026-08-04 22:55:00,4077.03,4079.33,4076.23,4078.39,1388,36,0
2026-08-04 23:00:00,4078.37,4079.43,4078.26,4078.45,945,34,0
2026-08-04 23:05:00,4078.45,4079.74,4078.3,4079.62,530,32,0
2026-08-04 23:10:00,4079.63,4080.22,4078.25,4078.26,652,31,0
2026-08-04 23:15:00,4078.26,4078.81,4074.87,4075.46,966,35,0
2026-08-04 23:20:00,4075.46,4075.98,4074.6,4075.18,664,36,0
2026-08-04 23:25:00,4075.15,4076.37,4074.66,4075.31,514,31,0
2026-08-04 23:30:00,4075.25,4076.98,4075.23,4076.94,541,31,0
2026-08-04 23:35:00,4076.92,4077.7,4076.7,4077.27,445,31,0
2026-08-04 23:40:00,4077.22,4078.41,4076.83,4076.83,361,44,0
2026-08-04 23:45:00,4076.83,4077.23,4075.91,4076.54,425,44,0
2026-08-04 23:50:00,4075.08,4076.69,4075.04,4075.16,322,374,0
2026-08-04 23:55:00,4075.26,4076.52,4075.2,4076.19,208,374,0
2026-08-05 01:05:00,4076.84,4077.1,4075.3,4075.39,269,368,0
2026-08-05 01:10:00,4075.41,4077.64,4075.39,4076.73,322,38,0
2026-08-05 01:15:00,4076.79,4077.37,4075.62,4077.28,466,38,0
2026-08-05 01:20:00,4077.19,4077.75,4075.69,4077.57,524,38,0
2026-08-05 01:25:00,4077.56,4079.66,4077.42,4079.63,439,38,0
2026-08-05 01:30:00,4079.63,4080.74,4079.07,4080.66,372,38,0
2026-08-05 01:35:00,4080.66,4084.34,4080.52,4084.19,431,38,0
2026-08-05 01:40:00,4084.13,4085.53,4082.48,4083.8,635,38,0
2026-08-05 01:45:00,4083.87,4084.3,4080.83,4082.64,689,38,0
2026-08-05 01:50:00,4082.64,4083.75,4080.25,4080.86,609,37,0
2026-08-05 01:55:00,4080.9,4080.98,4075.46,4076.34,649,37,0
2026-08-05 02:00:00,4076.34,4076.88,4068.41,4069.54,1515,38,0
2026-08-05 02:05:00,4069.53,4071.75,4069.22,4071.6,853,37,0
2026-08-05 02:10:00,4071.59,4073.85,4069.25,4073.31,677,36,0
2026-08-05 02:15:00,4073.31,4074.67,4071.86,4072.15,502,35,0
2026-08-05 02:20:00,4072.11,4072.25,4067.71,4068.45,607,35,0
2026-08-05 02:25:00,4068.45,4068.84,4065.24,4067.05,886,36,0
2026-08-05 02:30:00,4067.05,4069.89,4065.87,4068.2,701,35,0
2026-08-05 02:35:00,4068.21,4069.45,4067.79,4069.29,457,35,0
2026-08-05 02:40:00,4069.29,4069.73,4068.46,4069.17,357,35,0
2026-08-05 02:45:00,4069.12,4071.74,4069.02,4071.74,638,35,0
2026-08-05 02:50:00,4071.66,4072.1,4071.19,4071.4,478,36,0
2026-08-05 02:55:00,4071.41,4073.43,4071.29,4072.62,390,37,0
2026-08-05 03:00:00,4072.53,4074.03,4070.23,4073.29,1122,37,0
2026-08-05 03:05:00,4073.28,4074.05,4072.06,4072.15,894,37,0
2026-08-05 03:10:00,4072.15,4073.15,4071.23,4071.71,831,35,0
2026-08-05 03:15:00,4071.71,4075.61,4071.29,4074.84,1048,35,0
2026-08-05 03:20:00,4074.86,4077.55,4073.83,4076.83,795,35,0
2026-08-05 03:25:00,4076.83,4078.84,4076.02,4078.54,653,35,0
2026-08-05 03:30:00,4078.53,4080.91,4078.49,4080.45,799,35,0
2026-08-05 03:35:00,4080.45,4082.98,4080.32,4080.69,735,35,0
2026-08-05 03:40:00,4080.69,4081.55,4078.07,4078.2,625,35,0
2026-08-05 03:45:00,4078.21,4079.64,4077.76,4079.41,619,35,0
2026-08-05 03:50:00,4079.41,4083.45,4078.84,4083.31,853,35,0
2026-08-05 03:55:00,4083.25,4083.33,4081.52,4082.44,674,35,0
2026-08-05 04:00:00,4082.36,4085.51,4077.56,4080.19,2032,38,0
2026-08-05 04:05:00,4080.14,4083.27,4079.74,4082.1,1199,37,0
2026-08-05 04:10:00,4082.1,4086.88,4081.82,4085.81,1304,37,0
2026-08-05 04:15:00,4085.82,4088.54,4084.95,4087.8,1483,36,0
2026-08-05 04:20:00,4087.69,4088.13,4084.75,4084.75,1348,36,0
2026-08-05 04:25:00,4084.75,4085.19,4082.6,4084.59,1137,35,0
2026-08-05 04:30:00,4084.49,4086.39,4079.94,4084.81,1321,36,0
2026-08-05 04:35:00,4084.81,4090.01,4084.32,4089.79,1267,35,0
2026-08-05 04:40:00,4089.83,4093.12,4089.54,4092.9,1038,35,0
2026-08-05 04:45:00,4092.88,4095.01,4092.61,4094.3,1035,35,0
2026-08-05 04:50:00,4094.3,4096.2,4093.03,4096.2,818,35,0
2026-08-05 04:55:00,4096.18,4102.7,4096.16,4101.36,1136,37,0
2026-08-05 05:00:00,4101.47,4103.01,4098.0,4098.58,1372,37,0
2026-08-05 05:05:00,4098.58,4098.94,4096.61,4097.59,910,36,0
2026-08-05 05:10:00,4097.56,4100.69,4097.15,4099.99,935,35,0
2026-08-05 05:15:00,4100.14,4100.96,4095.67,4098.83,1091,35,0
2026-08-05 05:20:00,4098.56,4103.78,4098.56,4102.5,1139,35,0
2026-08-05 05:25:00,4102.58,4108.69,4102.56,4103.6,1375,35,0
2026-08-05 05:30:00,4103.6,4108.51,4101.59,4107.86,2009,35,0
2026-08-05 05:35:00,4107.87,4121.77,4107.87,4120.47,2448,37,0
2026-08-05 05:40:00,4120.49,4128.94,4120.08,4128.68,2462,38,0
2026-08-05 05:45:00,4128.3,4131.44,4126.45,4129.96,2370,37,0
2026-08-05 05:50:00,4130.08,4132.64,4124.96,4131.38,2005,37,0
2026-08-05 05:55:00,4131.38,4135.4,4129.33,4129.37,1789,35,0
2026-08-05 06:00:00,4129.4,4130.94,4127.25,4129.14,1374,35,0
2026-08-05 06:05:00,4129.14,4135.39,4128.29,4133.03,1471,35,0
2026-08-05 06:10:00,4133.04,4136.37,4132.59,4136.09,1418,37,0
2026-08-05 06:15:00,4136.18,4136.72,4130.81,4131.51,1202,35,0
2026-08-05 06:20:00,4131.52,4133.11,4130.62,4131.59,1075,36,0
2026-08-05 06:25:00,4131.55,4132.58,4130.17,4130.4,998,36,0
2026-08-05 06:30:00,4130.41,4131.15,4127.97,4128.55,1076,37,0
2026-08-05 06:35:00,4128.55,4129.54,4127.98,4128.03,785,37,0
2026-08-05 06:40:00,4127.99,4129.25,4127.91,4128.91,666,36,0
2026-08-05 06:45:00,4128.92,4130.63,4127.89,4127.99,673,38,0
2026-08-05 06:50:00,4127.99,4129.21,4127.92,4128.71,455,36,0
2026-08-05 06:55:00,4128.71,4129.9,4127.96,4128.7,464,36,0
2026-08-05 07:00:00,4128.7,4136.46,4128.67,4135.39,986,38,0
2026-08-05 07:05:00,4135.29,4140.36,4134.19,4139.6,1084,38,0
2026-08-05 07:10:00,4139.6,4141.63,4138.14,4138.82,1041,36,0
2026-08-05 07:15:00,4138.82,4141.33,4138.06,4141.05,745,36,0
2026-08-05 07:20:00,4141.05,4141.4,4138.93,4139.29,605,35,0
2026-08-05 07:25:00,4139.35,4140.39,4138.38,4138.96,628,35,0
2026-08-05 07:30:00,4138.96,4139.19,4137.26,4137.86,581,35,0
2026-08-05 07:35:00,4137.91,4138.08,4133.73,4135.09,699,35,0
2026-08-05 07:40:00,4135.12,4136.7,4134.75,4134.98,556,36,0
2026-08-05 07:45:00,4134.92,4135.88,4133.01,4133.39,581,35,0
2026-08-05 07:50:00,4133.39,4135.75,4132.95,4135.0,510,35,0
2026-08-05 07:55:00,4135.0,4136.48,4134.29,4135.87,609,35,0
2026-08-05 08:00:00,4135.87,4137.68,4135.17,4136.91,694,35,0
2026-08-05 08:05:00,4136.82,4138.62,4135.98,4136.43,708,35,0
2026-08-05 08:10:00,4136.43,4138.59,4136.28,4137.67,533,35,0
2026-08-05 08:15:00,4137.67,4138.49,4135.95,4137.71,695,35,0
2026-08-05 08:20:00,4137.71,4142.52,4137.57,4141.84,875,35,0
2026-08-05 08:25:00,4141.84,4141.84,4138.57,4140.12,905,35,0
2026-08-05 08:30:00,4140.04,4146.71,4140.04,4143.76,2145,35,0
2026-08-05 08:35:00,4143.71,4154.26,4142.88,4151.96,2177,38,0
2026-08-05 08:40:00,4151.95,4159.66,4149.73,4157.39,2388,38,0
2026-08-05 08:45:00,4157.39,4171.84,4157.31,4165.54,2669,38,0
2026-08-05 08:50:00,4165.51,4173.27,4165.18,4167.66,2118,37,0
2026-08-05 08:55:00,4167.65,4171.95,4161.85,4161.85,2085,35,0
2026-08-05 09:00:00,4161.88,4166.87,4160.55,4162.61,1764,35,0
2026-08-05 09:05:00,4162.61,4170.43,4161.09,4169.89,1396,34,0
2026-08-05 09:10:00,4169.89,4174.64,4169.38,4173.3,1721,36,0
2026-08-05 09:15:00,4173.3,4173.76,4166.42,4166.79,1588,36,0
2026-08-05 09:20:00,4166.81,4168.27,4161.64,4165.84,1441,36,0
2026-08-05 09:25:00,4165.84,4169.34,4164.17,4168.94,1369,34,0
2026-08-05 09:30:00,4168.98,4174.23,4167.47,4173.65,1584,35,0
2026-08-05 09:35:00,4173.87,4178.64,4173.8,4175.9,1663,35,0
2026-08-05 09:40:00,4175.9,4177.56,4173.32,4176.31,1416,32,0
2026-08-05 09:45:00,4176.31,4176.92,4172.7,4176.06,1321,31,0
2026-08-05 09:50:00,4176.05,4177.08,4173.39,4175.73,1346,35,0
2026-08-05 09:55:00,4175.69,4178.99,4175.66,4178.4,1556,31,0
2026-08-05 10:00:00,4178.55,4180.03,4170.96,4171.25,1835,36,0
2026-08-05 10:05:00,4171.26,4173.12,4169.41,4170.89,1542,33,0
2026-08-05 10:10:00,4171.0,4172.37,4166.77,4166.86,1454,31,0
2026-08-05 10:15:00,4167.01,4169.74,4166.4,4169.38,1306,31,0
2026-08-05 10:20:00,4169.38,4169.81,4167.12,4168.87,1376,33,0
2026-08-05 10:25:00,4168.83,4169.42,4163.62,4164.82,1270,31,0
2026-08-05 10:30:00,4164.9,4165.89,4163.45,4163.71,1066,34,0
2026-08-05 10:35:00,4163.71,4166.99,4162.76,4166.07,1239,32,0
2026-08-05 10:40:00,4166.14,4167.24,4164.85,4167.21,1140,31,0
2026-08-05 10:45:00,4167.19,4169.15,4164.67,4166.52,1088,32,0
2026-08-05 10:50:00,4166.52,4168.2,4165.18,4165.73,750,35,0
2026-08-05 10:55:00,4165.74,4172.44,4165.67,4170.78,1146,34,0
2026-08-05 11:00:00,4170.81,4172.99,4169.57,4171.03,1095,34,0
2026-08-05 11:05:00,4171.03,4171.04,4168.58,4170.09,1010,31,0
2026-08-05 11:10:00,4170.05,4170.05,4165.38,4166.12,1175,33,0
2026-08-05 11:15:00,4166.11,4168.64,4165.87,4167.01,1072,33,0
2026-08-05 11:20:00,4167.02,4167.28,4162.62,4163.24,1351,33,0
2026-08-05 11:25:00,4163.18,4165.51,4162.77,4164.93,1180,31,0
2026-08-05 11:30:00,4164.97,4166.42,4163.3,4165.64,1476,35,0
2026-08-05 11:35:00,4165.64,4166.12,4163.96,4164.87,1217,31,0
2026-08-05 11:40:00,4164.85,4167.54,4161.61,4166.39,1667,31,0
2026-08-05 11:45:00,4166.4,4166.73,4160.4,4162.62,1633,36,0
2026-08-05 11:50:00,4162.64,4163.01,4160.61,4162.04,1300,34,0
2026-08-05 11:55:00,4162.04,4162.28,4159.41,4161.04,1205,35,0
2026-08-05 12:00:00,4161.03,4165.42,4160.87,4165.17,1374,32,0
2026-08-05 12:05:00,4165.17,4167.66,4164.68,4165.04,1586,33,0
2026-08-05 12:10:00,4165.05,4166.03,4162.67,4163.45,1135,33,0
2026-08-05 12:15:00,4163.45,4163.45,4159.97,4160.69,1166,33,0
2026-08-05 12:20:00,4160.69,4161.76,4155.71,4157.78,1369,34,0
2026-08-05 12:25:00,4157.78,4158.97,4156.65,4158.2,1048,31,0
2026-08-05 12:30:00,4158.2,4159.14,4154.9,4157.22,1635,35,0
2026-08-05 12:35:00,4157.21,4159.7,4154.86,4158.14,1330,34,0
2026-08-05 12:40:00,4158.14,4158.65,4155.59,4158.56,891,31,0
2026-08-05 12:45:00,4158.56,4159.2,4156.86,4157.98,889,33,0
2026-08-05 12:50:00,4157.98,4158.53,4156.73,4158.1,755,31,0
2026-08-05 12:55:00,4158.11,4159.67,4153.57,4158.45,1084,36,0
2026-08-05 13:00:00,4158.45,4158.45,4152.5,4152.81,1081,32,0
2026-08-05 13:05:00,4152.84,4154.19,4152.68,4153.74,786,31,0
2026-08-05 13:10:00,4153.7,4153.71,4150.67,4151.56,927,33,0
2026-08-05 13:15:00,4151.55,4156.32,4150.51,4156.14,1070,31,0
2026-08-05 13:20:00,4156.12,4158.32,4155.85,4156.61,893,31,0
2026-08-05 13:25:00,4156.61,4158.91,4155.62,4157.31,988,31,0
2026-08-05 13:30:00,4157.34,4158.34,4155.42,4155.66,818,31,0
2026-08-05 13:35:00,4155.66,4156.68,4154.34,4155.77,688,31,0
2026-08-05 13:40:00,4155.76,4157.15,4154.49,4155.56,591,31,0
2026-08-05 13:45:00,4155.93,4157.01,4154.68,4155.56,693,34,0
2026-08-05 13:50:00,4155.56,4156.79,4154.5,4156.59,831,36,0
2026-08-05 13:55:00,4156.55,4161.78,4156.34,4161.69,1107,35,0
2026-08-05 14:00:00,4161.68,4164.38,4161.03,4163.9,1171,35,0
2026-08-05 14:05:00,4163.88,4166.68,4163.29,4166.67,1085,33,0
2026-08-05 14:10:00,4166.67,4171.13,4166.35,4171.02,1506,36,0
2026-08-05 14:15:00,4171.02,4173.94,4170.19,4171.19,1086,33,0
2026-08-05 14:20:00,4171.5,4173.35,4169.78,4170.68,1160,32,0
2026-08-05 14:25:00,4170.68,4180.9,4169.58,4176.54,1647,33,0
2026-08-05 14:30:00,4176.54,4181.76,4174.3,4181.07,1788,36,0
2026-08-05 14:35:00,4181.08,4187.77,4180.96,4185.16,2034,35,0
2026-08-05 14:40:00,4185.17,4188.73,4182.83,4184.99,1864,35,0
2026-08-05 14:45:00,4185.02,4187.45,4183.12,4186.0,1712,32,0
2026-08-05 14:50:00,4186.0,4189.45,4185.76,4189.3,1509,31,0
2026-08-05 14:55:00,4189.31,4192.75,4188.29,4189.16,1477,31,0
2026-08-05 15:00:00,4189.13,4195.36,4189.13,4194.67,1572,34,0
2026-08-05 15:05:00,4194.69,4199.3,4194.24,4198.02,1971,36,0
2026-08-05 15:10:00,4198.05,4200.03,4197.11,4198.17,1641,31,0
2026-08-05 15:15:00,4198.17,4209.02,4198.17,4205.62,2132,31,0
2026-08-05 15:20:00,4205.61,4213.64,4205.42,4211.48,2060,35,0
2026-08-05 15:25:00,4211.48,4211.93,4205.18,4205.7,1882,34,0
2026-08-05 15:30:00,4205.72,4209.18,4198.07,4200.06,2087,31,0
2026-08-05 15:35:00,4200.06,4204.52,4198.79,4200.72,1754,31,0
2026-08-05 15:40:00,4200.72,4201.04,4193.15,4195.14,1984,31,0
2026-08-05 15:45:00,4195.22,4196.01,4191.46,4194.26,1824,31,0
2026-08-05 15:50:00,4194.32,4194.38,4186.96,4188.24,1905,31,0
2026-08-05 15:55:00,4188.33,4188.96,4183.62,4184.34,1691,31,0
2026-08-05 16:00:00,4184.62,4195.37,4184.19,4194.24,2465,34,0
2026-08-05 16:05:00,4194.24,4197.25,4191.55,4194.38,1913,34,0
2026-08-05 16:10:00,4194.33,4195.57,4187.13,4188.19,2026,32,0
2026-08-05 16:15:00,4188.18,4191.03,4185.95,4190.72,1921,31,0
2026-08-05 16:20:00,4190.71,4197.82,4190.26,4194.81,1981,32,0
2026-08-05 16:25:00,4194.82,4198.23,4193.54,4197.17,1716,31,0
2026-08-05 16:30:00,4197.25,4204.05,4194.59,4202.26,2836,31,0
2026-08-05 16:35:00,4202.27,4204.91,4192.8,4201.15,3022,36,0
2026-08-05 16:40:00,4201.31,4204.24,4197.44,4198.26,2790,34,0
2026-08-05 16:45:00,4198.24,4199.7,4190.77,4194.07,2373,34,0
2026-08-05 16:50:00,4194.16,4201.37,4189.79,4201.37,2723,34,0
2026-08-05 16:55:00,4201.46,4206.87,4200.29,4204.59,2490,33,0
2026-08-05 17:00:00,4204.97,4210.93,4203.65,4210.83,2842,34,0
2026-08-05 17:05:00,4210.83,4228.59,4210.52,4227.73,3347,34,0
2026-08-05 17:10:00,4227.73,4234.88,4225.88,4229.45,3025,33,0
2026-08-05 17:15:00,4229.46,4238.81,4226.81,4236.31,2965,34,0
2026-08-05 17:20:00,4236.36,4238.37,4230.84,4231.81,3034,31,0
2026-08-05 17:25:00,4231.8,4240.62,4231.8,4236.95,2958,31,0
2026-08-05 17:30:00,4236.79,4242.47,4229.51,4230.61,3138,35,0
2026-08-05 17:35:00,4230.62,4234.32,4228.99,4231.93,2620,31,0
2026-08-05 17:40:00,4231.94,4243.56,4230.06,4243.24,2706,31,0
2026-08-05 17:45:00,4243.25,4247.69,4241.35,4246.81,2662,31,0
2026-08-05 17:50:00,4246.82,4247.57,4233.47,4238.23,2809,35,0
2026-08-05 17:55:00,4238.21,4245.96,4236.14,4244.34,2618,31,0
2026-08-05 18:00:00,4244.34,4259.56,4242.81,4255.68,3043,31,0
2026-08-05 18:05:00,4255.71,4259.46,4251.89,4256.4,2723,31,0
2026-08-05 18:10:00,4256.29,4260.96,4255.66,4257.95,2713,31,0
2026-08-05 18:15:00,4257.95,4258.6,4250.32,4257.47,2732,31,0
2026-08-05 18:20:00,4257.45,4262.03,4256.34,4260.15,2303,31,0
2026-08-05 18:25:00,4260.15,4265.19,4257.07,4257.13,2118,31,0
2026-08-05 18:30:00,4257.14,4259.28,4254.69,4255.14,2033,34,0
2026-08-05 18:35:00,4255.13,4259.78,4254.39,4257.67,1721,32,0
2026-08-05 18:40:00,4257.68,4257.74,4252.48,4255.92,1681,34,0
2026-08-05 18:45:00,4255.93,4255.93,4249.43,4249.98,2082,36,0
2026-08-05 18:50:00,4249.98,4250.41,4241.35,4243.53,2333,36,0
2026-08-05 18:55:00,4243.52,4243.66,4232.47,4232.71,2607,36,0
2026-08-05 19:00:00,4232.7,4234.52,4225.59,4225.81,2664,36,0
2026-08-05 19:05:00,4225.82,4235.58,4224.82,4235.3,2331,36,0
2026-08-05 19:10:00,4235.0,4236.22,4231.92,4234.26,2004,36,0
2026-08-05 19:15:00,4234.26,4236.97,4232.73,4233.87,2031,36,0
2026-08-05 19:20:00,4234.07,4240.36,4233.67,4238.77,1968,36,0
2026-08-05 19:25:00,4238.79,4241.66,4238.62,4241.32,1651,35,0
2026-08-05 19:30:00,4241.35,4243.47,4238.9,4240.89,1793,36,0
2026-08-05 19:35:00,4240.89,4245.61,4240.31,4243.81,1664,36,0
2026-08-05 19:40:00,4243.51,4246.8,4243.24,4244.74,1453,36,0
2026-08-05 19:45:00,4244.72,4245.43,4240.96,4242.54,1688,36,0
2026-08-05 19:50:00,4242.53,4247.25,4242.35,4244.53,1611,36,0
2026-08-05 19:55:00,4244.49,4244.49,4238.28,4242.26,1702,36,0
2026-08-05 20:00:00,4242.25,4243.41,4239.27,4243.21,1818,36,0
2026-08-05 20:05:00,4243.17,4244.26,4240.97,4241.27,1473,36,0
2026-08-05 20:10:00,4241.28,4244.07,4241.15,4241.19,1320,36,0
2026-08-05 20:15:00,4241.22,4241.59,4237.98,4238.6,1609,36,0
2026-08-05 20:20:00,4238.58,4240.38,4236.88,4240.12,1575,35,0
2026-08-05 20:25:00,4240.11,4246.44,4237.37,4244.65,2189,36,0
2026-08-05 20:30:00,4244.59,4248.14,4240.83,4248.07,1936,36,0
2026-08-05 20:35:00,4248.04,4250.39,4245.88,4249.99,1595,34,0
2026-08-05 20:40:00,4249.98,4250.61,4247.56,4248.07,1334,31,0
2026-08-05 20:45:00,4248.08,4250.71,4247.4,4248.97,1295,31,0
2026-08-05 20:50:00,4248.98,4250.27,4248.43,4249.28,1214,31,0
2026-08-05 20:55:00,4249.28,4252.32,4249.28,4249.49,1299,31,0
2026-08-05 21:00:00,4249.2,4253.95,4249.17,4252.9,1582,36,0
2026-08-05 21:05:00,4252.78,4257.26,4252.77,4255.76,1541,35,0
2026-08-05 21:10:00,4255.95,4257.43,4253.01,4253.12,1312,34,0
2026-08-05 21:15:00,4253.12,4257.33,4253.02,4256.93,1315,34,0
2026-08-05 21:20:00,4256.9,4267.67,4256.84,4263.35,1797,34,0
2026-08-05 21:25:00,4263.33,4265.37,4262.11,4263.36,1422,36,0
2026-08-05 21:30:00,4263.36,4263.6,4254.55,4255.26,1440,35,0
2026-08-05 21:35:00,4255.26,4258.29,4255.26,4257.15,1241,32,0
2026-08-05 21:40:00,4257.15,4260.31,4257.15,4259.33,1331,33,0
2026-08-05 21:45:00,4259.33,4261.45,4258.02,4258.92,1259,31,0
2026-08-05 21:50:00,4258.89,4262.62,4258.57,4262.16,1274,31,0
2026-08-05 21:55:00,4262.18,4263.52,4260.55,4260.65,1203,31,0
2026-08-05 22:00:00,4260.64,4262.04,4259.27,4262.03,1285,31,0
2026-08-05 22:05:00,4262.03,4262.08,4257.54,4257.78,1147,35,0
2026-08-05 22:10:00,4257.78,4259.02,4256.13,4258.0,1364,35,0
2026-08-05 22:15:00,4257.97,4258.05,4250.62,4252.12,1405,36,0
2026-08-05 22:20:00,4252.12,4255.54,4250.59,4255.33,1311,36,0
2026-08-05 22:25:00,4255.32,4256.13,4252.81,4253.09,1130,33,0
2026-08-05 22:30:00,4253.08,4254.17,4249.61,4249.88,1388,36,0
2026-08-05 22:35:00,4249.91,4251.02,4248.53,4250.37,1330,35,0
2026-08-05 22:40:00,4250.37,4253.66,4250.29,4253.21,1334,32,0
2026-08-05 22:45:00,4253.22,4253.55,4247.97,4248.64,1491,32,0
2026-08-05 22:50:00,4248.52,4249.83,4247.25,4249.06,1571,34,0
2026-08-05 22:55:00,4249.06,4249.41,4246.45,4247.31,1794,34,0
2026-08-05 23:00:00,4247.28,4249.59,4246.78,4248.49,895,31,0
2026-08-05 23:05:00,4248.58,4249.05,4247.08,4247.87,964,31,0
2026-08-05 23:10:00,4247.88,4249.65,4247.63,4249.36,573,31,0
2026-08-05 23:15:00,4249.36,4249.72,4245.6,4245.98,678,31,0
2026-08-05 23:20:00,4245.96,4247.32,4245.64,4246.79,501,33,0
2026-08-05 23:25:00,4246.83,4246.91,4245.71,4246.23,394,32,0
2026-08-05 23:30:00,4246.23,4249.47,4245.94,4249.23,493,36,0
2026-08-05 23:35:00,4249.23,4249.32,4246.58,4246.58,397,36,0
2026-08-05 23:40:00,4246.58,4247.47,4245.14,4245.29,230,44,0
2026-08-05 23:45:00,4245.2,4245.5,4243.85,4244.11,277,44,0
2026-08-05 23:50:00,4244.11,4244.11,4242.47,4242.78,410,44,0
2026-08-05 23:55:00,4242.8,4245.06,4241.65,4245.06,345,374,0
2026-08-06 01:05:00,4247.98,4248.08,4244.36,4245.33,844,366,0
2026-08-06 01:10:00,4245.34,4248.59,4245.34,4247.55,488,36,0
2026-08-06 01:15:00,4247.55,4248.38,4247.19,4247.64,427,37,0
2026-08-06 01:20:00,4247.64,4248.96,4247.04,4248.23,489,37,0
2026-08-06 01:25:00,4248.26,4248.76,4247.33,4248.11,436,37,0
2026-08-06 01:30:00,4248.11,4249.89,4247.57,4249.37,499,37,0
2026-08-06 01:35:00,4249.37,4250.3,4248.99,4249.35,429,37,0
2026-08-06 01:40:00,4249.35,4249.78,4247.95,4248.13,316,37,0
2026-08-06 01:45:00,4248.15,4249.07,4247.75,4248.61,325,37,0
2026-08-06 01:50:00,4248.61,4249.3,4248.11,4248.46,323,37,0
2026-08-06 01:55:00,4248.46,4250.32,4247.97,4250.17,337,37,0
2026-08-06 02:00:00,4250.17,4252.85,4249.13,4252.85,418,38,0
2026-08-06 02:05:00,4252.85,4254.36,4251.55,4252.03,516,36,0
2026-08-06 02:10:00,4252.0,4258.13,4251.91,4256.05,681,36,0
2026-08-06 02:15:00,4256.05,4260.72,4255.92,4259.39,779,38,0
2026-08-06 02:20:00,4259.39,4262.76,4257.64,4262.14,633,37,0
2026-08-06 02:25:00,4262.15,4264.02,4260.36,4263.41,515,36,0
2026-08-06 02:30:00,4263.41,4265.23,4261.05,4265.06,671,35,0
2026-08-06 02:35:00,4265.06,4279.6,4265.04,4277.88,1817,38,0
2026-08-06 02:40:00,4277.89,4281.72,4276.21,4280.44,1320,38,0
2026-08-06 02:45:00,4280.36,4280.52,4271.96,4274.59,1363,37,0
2026-08-06 02:50:00,4274.59,4276.96,4272.41,4275.38,1261,37,0
2026-08-06 02:55:00,4275.34,4279.49,4274.14,4277.44,1200,35,0
2026-08-06 03:00:00,4277.29,4277.88,4264.76,4268.21,2053,38,0
2026-08-06 03:05:00,4268.16,4277.03,4265.95,4270.59,1719,37,0
2026-08-06 03:10:00,4270.54,4273.06,4264.36,4271.21,1766,37,0
2026-08-06 03:15:00,4271.3,4276.75,4271.12,4274.3,1612,35,0
2026-08-06 03:20:00,4274.32,4283.65,4273.35,4281.88,1973,36,0
2026-08-06 03:25:00,4281.92,4284.33,4272.3,4274.44,1713,35,0
2026-08-06 03:30:00,4274.39,4286.86,4274.01,4286.1,1636,35,0
2026-08-06 03:35:00,4286.08,4290.84,4282.56,4285.35,1830,35,0
2026-08-06 03:40:00,4285.48,4288.88,4284.18,4286.52,1417,35,0
2026-08-06 03:45:00,4286.54,4295.09,4286.53,4287.36,1729,35,0
2026-08-06 03:50:00,4287.38,4296.64,4285.93,4296.41,1508,35,0
2026-08-06 03:55:00,4296.42,4300.07,4293.64,4294.54,1707,35,0
2026-08-06 04:00:00,4294.54,4302.67,4291.05,4292.84,3154,38,0
2026-08-06 04:05:00,4293.13,4298.16,4286.62,4296.78,2468,35,0
2026-08-06 04:10:00,4296.76,4298.44,4279.99,4284.51,2599,36,0
2026-08-06 04:15:00,4284.45,4287.91,4282.99,4283.68,1965,35,0
2026-08-06 04:20:00,4283.79,4284.75,4272.85,4282.76,2343,35,0
2026-08-06 04:25:00,4282.73,4285.73,4273.52,4275.92,2115,35,0
2026-08-06 04:30:00,4275.89,4286.25,4275.66,4284.02,2033,35,0
2026-08-06 04:35:00,4284.02,4297.07,4281.21,4292.46,2183,35,0
2026-08-06 04:40:00,4292.25,4292.51,4287.55,4287.71,1894,35,0
2026-08-06 04:45:00,4287.71,4295.23,4282.87,4293.1,2037,35,0
2026-08-06 04:50:00,4293.16,4297.15,4287.31,4287.41,2174,35,0
2026-08-06 04:55:00,4287.41,4288.62,4284.71,4286.12,1716,35,0
2026-08-06 05:00:00,4286.12,4296.93,4283.3,4296.64,1797,35,0
2026-08-06 05:05:00,4296.64,4303.94,4296.64,4301.11,2128,37,0
2026-08-06 05:10:00,4301.09,4302.36,4292.4,4294.91,1679,35,0
2026-08-06 05:15:00,4294.91,4299.77,4292.26,4293.51,1219,35,0
2026-08-06 05:20:00,4293.52,4294.64,4292.17,4293.43,1018,35,0
2026-08-06 05:25:00,4293.43,4294.8,4291.67,4291.84,1008,35,0
2026-08-06 05:30:00,4291.94,4292.16,4282.16,4285.74,2074,37,0
2026-08-06 05:35:00,4285.75,4288.27,4283.86,4283.86,1489,35,0
2026-08-06 05:40:00,4283.82,4285.66,4280.9,4285.57,1368,35,0
2026-08-06 05:45:00,4285.65,4286.96,4274.82,4276.54,1643,36,0
2026-08-06 05:50:00,4276.6,4280.39,4275.88,4277.66,1554,35,0
2026-08-06 05:55:00,4277.62,4279.99,4276.48,4278.31,1577,35,0
2026-08-06 06:00:00,4278.31,4278.31,4275.1,4275.97,1416,35,0
2026-08-06 06:05:00,4275.97,4280.79,4275.97,4278.73,1362,35,0
2026-08-06 06:10:00,4278.8,4279.96,4273.71,4273.86,1505,35,0
2026-08-06 06:15:00,4273.82,4273.85,4264.31,4267.11,1909,36,0
2026-08-06 06:20:00,4267.1,4267.35,4263.63,4263.87,1640,35,0
2026-08-06 06:25:00,4263.8,4266.05,4260.47,4265.67,1884,35,0
2026-08-06 06:30:00,4265.67,4266.49,4263.11,4266.4,1195,35,0
2026-08-06 06:35:00,4266.26,4266.76,4263.15,4263.52,919,35,0
2026-08-06 06:40:00,4263.6,4264.29,4261.24,4262.64,1055,35,0
2026-08-06 06:45:00,4262.61,4263.19,4260.17,4262.68,1046,35,0
2026-08-06 06:50:00,4262.67,4263.98,4261.09,4263.06,925,36,0
2026-08-06 06:55:00,4263.06,4265.68,4262.47,4265.35,828,36,0
2026-08-06 07:00:00,4265.37,4266.37,4261.92,4265.25,1144,36,0
2026-08-06 07:05:00,4265.3,4266.92,4262.88,4265.52,955,37,0
2026-08-06 07:10:00,4265.52,4266.43,4262.23,4263.01,751,35,0
2026-08-06 07:15:00,4263.04,4263.52,4261.3,4261.41,758,35,0
2026-08-06 07:20:00,4261.41,4263.06,4260.19,4260.43,865,35,0
2026-08-06 07:25:00,4260.43,4261.87,4252.84,4255.53,1172,35,0
2026-08-06 07:30:00,4255.53,4259.11,4255.53,4258.45,1174,36,0
2026-08-06 07:35:00,4258.44,4260.82,4256.89,4259.53,984,35,0
2026-08-06 07:40:00,4259.53,4261.0,4257.72,4258.94,876,35,0
2026-08-06 07:45:00,4258.94,4260.43,4258.56,4260.15,675,35,0
2026-08-06 07:50:00,4260.14,4262.75,4258.16,4261.72,922,36,0
2026-08-06 07:55:00,4261.64,4262.5,4260.58,4261.89,583,35,0
2026-08-06 08:00:00,4261.9,4264.98,4259.39,4260.14,1202,35,0
2026-08-06 08:05:00,4260.15,4260.73,4258.67,4259.61,1080,37,0
2026-08-06 08:10:00,4259.61,4260.35,4256.27,4259.28,1195,36,0
2026-08-06 08:15:00,4259.28,4259.36,4255.88,4256.6,1073,35,0
2026-08-06 08:20:00,4256.6,4257.2,4253.6,4254.98,1106,35,0
2026-08-06 08:25:00,4254.98,4255.35,4252.52,4252.52,1061,35,0
2026-08-06 08:30:00,4252.22,4257.69,4247.07,4257.36,2328,38,0
2026-08-06 08:35:00,4257.38,4261.97,4256.73,4261.85,1630,37,0
2026-08-06 08:40:00,4261.87,4265.86,4261.08,4263.48,1618,37,0
2026-08-06 08:45:00,4263.39,4266.37,4262.05,4262.26,1293,36,0
2026-08-06 08:50:00,4262.21,4268.37,4261.88,4266.52,1325,36,0
2026-08-06 08:55:00,4266.52,4267.61,4263.92,4267.07,1214,36,0
2026-08-06 09:00:00,4267.07,4268.27,4264.92,4267.17,1475,35,0
2026-08-06 09:05:00,4267.17,4267.76,4261.6,4262.48,1426,34,0
2026-08-06 09:10:00,4262.48,4262.62,4256.52,4260.22,1494,36,0
2026-08-06 09:15:00,4260.21,4261.07,4254.37,4259.8,1575,31,0
2026-08-06 09:20:00,4259.8,4259.82,4255.15,4257.02,1118,31,0
2026-08-06 09:25:00,4257.02,4257.71,4255.37,4257.42,1066,31,0
2026-08-06 09:30:00,4257.42,4257.72,4254.03,4254.62,1247,31,0
2026-08-06 09:35:00,4254.63,4255.44,4252.53,4252.53,1094,31,0
2026-08-06 09:40:00,4252.67,4256.41,4249.15,4256.26,1477,34,0
2026-08-06 09:45:00,4256.31,4257.96,4253.82,4254.53,1438,34,0
2026-08-06 09:50:00,4254.53,4255.63,4250.77,4252.07,1379,31,0
2026-08-06 09:55:00,4252.08,4256.11,4251.79,4255.65,1243,31,0
2026-08-06 10:00:00,4255.68,4256.39,4252.99,4256.04,1408,36,0
2026-08-06 10:05:00,4256.04,4259.82,4255.46,4259.14,1059,32,0
2026-08-06 10:10:00,4259.14,4263.36,4259.09,4263.1,1087,31,0
2026-08-06 10:15:00,4263.01,4264.98,4260.9,4263.94,919,31,0
2026-08-06 10:20:00,4263.94,4264.35,4257.98,4261.5,1109,31,0
2026-08-06 10:25:00,4261.5,4263.48,4261.03,4261.61,913,31,0
2026-08-06 10:30:00,4261.61,4261.68,4259.45,4259.45,690,31,0
2026-08-06 10:35:00,4259.45,4259.77,4256.31,4256.56,895,35,0
2026-08-06 10:40:00,4256.57,4258.02,4254.49,4254.77,935,34,0
2026-08-06 10:45:00,4254.87,4257.0,4252.85,4253.94,1209,36,0
2026-08-06 10:50:00,4253.94,4259.39,4252.34,4259.31,1108,32,0
2026-08-06 10:55:00,4259.31,4262.67,4258.13,4262.64,980,32,0
2026-08-06 11:00:00,4262.34,4265.39,4259.95,4261.15,1430,34,0
2026-08-06 11:05:00,4261.4,4264.53,4260.17,4264.37,1013,32,0
2026-08-06 11:10:00,4264.36,4269.07,4264.36,4268.55,1224,35,0
2026-08-06 11:15:00,4268.55,4270.26,4267.48,4268.96,1152,31,0
2026-08-06 11:20:00,4268.94,4268.95,4263.6,4265.15,1338,31,0
2026-08-06 11:25:00,4265.26,4269.02,4263.3,4267.51,1232,31,0
2026-08-06 11:30:00,4267.61,4273.81,4266.17,4273.18,1478,31,0
2026-08-06 11:35:00,4273.18,4274.52,4270.53,4271.09,1057,31,0
2026-08-06 11:40:00,4271.09,4273.78,4270.31,4272.82,988,31,0
2026-08-06 11:45:00,4272.82,4274.7,4270.07,4273.01,1211,31,0
2026-08-06 11:50:00,4273.06,4276.86,4272.05,4274.69,1772,31,0
2026-08-06 11:55:00,4274.71,4278.46,4273.97,4278.08,1191,31,0
2026-08-06 12:00:00,4278.07,4283.28,4276.99,4280.1,1607,31,0
2026-08-06 12:05:00,4280.1,4280.32,4275.67,4276.24,1617,31,0
2026-08-06 12:10:00,4276.24,4279.75,4276.19,4279.75,1108,31,0
2026-08-06 12:15:00,4279.68,4282.85,4279.36,4282.41,1137,31,0
2026-08-06 12:20:00,4282.39,4284.39,4280.23,4283.25,1098,31,0
2026-08-06 12:25:00,4283.25,4283.25,4278.23,4283.14,1073,31,0
2026-08-06 12:30:00,4283.17,4283.91,4277.58,4278.63,1336,34,0
2026-08-06 12:35:00,4278.63,4279.18,4275.99,4278.87,1122,31,0
2026-08-06 12:40:00,4278.8,4278.82,4271.72,4271.86,1101,31,0
2026-08-06 12:45:00,4271.72,4276.05,4271.72,4275.79,963,31,0
2026-08-06 12:50:00,4275.78,4275.8,4271.2,4271.42,823,33,0
2026-08-06 12:55:00,4271.42,4273.06,4271.11,4272.84,837,35,0
2026-08-06 13:00:00,4272.85,4273.44,4270.61,4271.44,1287,36,0
2026-08-06 13:05:00,4271.47,4271.89,4269.25,4270.52,1099,36,0
2026-08-06 13:10:00,4270.53,4270.87,4268.46,4269.34,1042,35,0
2026-08-06 13:15:00,4269.4,4269.4,4267.04,4268.85,1015,31,0
2026-08-06 13:20:00,4268.84,4270.73,4267.57,4270.71,1046,31,0
2026-08-06 13:25:00,4270.71,4270.76,4267.63,4269.06,923,31,0
2026-08-06 13:30:00,4269.1,4269.51,4266.31,4267.8,1054,31,0
2026-08-06 13:35:00,4267.79,4268.88,4267.08,4268.44,943,31,0
2026-08-06 13:40:00,4268.44,4269.35,4264.36,4265.26,1010,31,0
2026-08-06 13:45:00,4265.26,4269.98,4264.47,4269.95,1019,31,0
2026-08-06 13:50:00,4269.95,4271.15,4268.56,4270.06,1020,31,0
2026-08-06 13:55:00,4269.98,4271.09,4268.83,4270.38,992,31,0
2026-08-06 14:00:00,4270.34,4272.88,4267.71,4268.2,1550,35,0
2026-08-06 14:05:00,4268.28,4269.7,4266.23,4266.72,1478,36,0
2026-08-06 14:10:00,4266.72,4268.85,4266.58,4268.0,1197,33,0
2026-08-06 14:15:00,4268.04,4271.05,4263.78,4265.59,1155,31,0
2026-08-06 14:20:00,4265.59,4266.08,4260.35,4261.23,1361,31,0
2026-08-06 14:25:00,4261.22,4264.04,4260.51,4264.04,1186,31,0
2026-08-06 14:30:00,4264.0,4266.62,4263.05,4264.24,1145,34,0
2026-08-06 14:35:00,4264.24,4266.71,4260.93,4261.75,1043,31,0
2026-08-06 14:40:00,4261.72,4262.19,4259.59,4260.66,1135,31,0
2026-08-06 14:45:00,4260.26,4260.63,4255.25,4256.37,1529,31,0
2026-08-06 14:50:00,4256.35,4258.41,4254.06,4256.53,1510,34,0
2026-08-06 14:55:00,4256.53,4263.55,4255.24,4263.55,1558,34,0
2026-08-06 15:00:00,4263.49,4265.48,4260.5,4263.5,1468,33,0
2026-08-06 15:05:00,4263.44,4263.44,4256.68,4257.53,1505,31,0
2026-08-06 15:10:00,4257.57,4259.16,4255.3,4256.17,1375,31,0
2026-08-06 15:15:00,4256.17,4257.09,4253.01,4255.85,1485,31,0
2026-08-06 15:20:00,4255.84,4262.61,4255.84,4260.58,1713,35,0
2026-08-06 15:25:00,4260.53,4261.66,4256.58,4261.46,1179,31,0
2026-08-06 15:30:00,4261.46,4269.76,4257.8,4267.57,1880,31,0
2026-08-06 15:35:00,4267.57,4270.5,4266.85,4270.0,1450,32,0
2026-08-06 15:40:00,4270.04,4270.43,4266.06,4267.18,1489,31,0
2026-08-06 15:45:00,4267.18,4267.36,4254.34,4255.49,1711,31,0
2026-08-06 15:50:00,4255.52,4256.28,4250.86,4250.86,1838,36,0
2026-08-06 15:55:00,4251.0,4254.46,4248.83,4249.87,1768,31,0
2026-08-06 16:00:00,4249.63,4255.55,4249.59,4252.2,2508,32,0
2026-08-06 16:05:00,4252.2,4252.56,4230.79,4232.58,2490,35,0
2026-08-06 16:10:00,4232.58,4239.59,4230.59,4237.88,2432,36,0
2026-08-06 16:15:00,4237.88,4244.28,4235.95,4243.7,2217,36,0
2026-08-06 16:20:00,4243.77,4248.09,4240.31,4240.66,1972,31,0
2026-08-06 16:25:00,4240.66,4248.1,4240.66,4247.63,1592,31,0
2026-08-06 16:30:00,4247.53,4252.04,4245.81,4250.36,2856,34,0
2026-08-06 16:35:00,4250.4,4265.04,4250.23,4259.13,2693,34,0
2026-08-06 16:40:00,4259.14,4274.08,4258.53,4269.73,2588,35,0
2026-08-06 16:45:00,4269.66,4270.29,4262.77,4264.14,2709,34,0
2026-08-06 16:50:00,4264.12,4267.92,4262.36,4266.41,2336,31,0
2026-08-06 16:55:00,4266.37,4269.65,4265.49,4267.15,2302,31,0
2026-08-06 17:00:00,4267.15,4271.44,4265.19,4267.17,2410,35,0
2026-08-06 17:05:00,4267.24,4271.38,4264.13,4265.63,2250,33,0
2026-08-06 17:10:00,4265.62,4275.3,4265.07,4268.18,2421,33,0
2026-08-06 17:15:00,4268.18,4268.47,4260.44,4265.62,2503,31,0
2026-08-06 17:20:00,4265.64,4267.29,4261.21,4262.15,2055,31,0
2026-08-06 17:25:00,4262.14,4268.92,4260.12,4265.72,2321,33,0
2026-08-06 17:30:00,4266.02,4274.63,4265.74,4272.07,2315,34,0
2026-08-06 17:35:00,4272.06,4274.7,4269.75,4270.13,2190,31,0
2026-08-06 17:40:00,4270.14,4274.78,4269.8,4273.55,1840,32,0
2026-08-06 17:45:00,4273.55,4275.09,4265.1,4265.2,2041,35,0
2026-08-06 17:50:00,4265.18,4271.06,4262.83,4271.05,2101,36,0
2026-08-06 17:55:00,4271.04,4273.21,4267.38,4273.2,2033,35,0
2026-08-06 18:00:00,4273.2,4274.26,4268.65,4270.28,2315,36,0
2026-08-06 18:05:00,4270.29,4271.64,4265.09,4266.31,1998,32,0
2026-08-06 18:10:00,4266.31,4268.27,4261.85,4263.39,1877,31,0
2026-08-06 18:15:00,4263.39,4263.81,4256.39,4256.82,2325,31,0
2026-08-06 18:20:00,4256.93,4258.17,4250.47,4254.8,2322,32,0
2026-08-06 18:25:00,4254.79,4259.26,4253.42,4254.74,2028,31,0
2026-08-06 18:30:00,4254.74,4255.43,4249.11,4249.19,1831,31,0
2026-08-06 18:35:00,4249.06,4252.74,4246.31,4251.85,1679,31,0
2026-08-06 18:40:00,4251.86,4253.06,4248.1,4251.41,1522,31,0
2026-08-06 18:45:00,4251.41,4251.62,4247.52,4247.72,1766,31,0
2026-08-06 18:50:00,4247.74,4249.98,4234.36,4234.73,2150,31,0
2026-08-06 18:55:00,4234.74,4237.47,4229.52,4233.55,2830,35,0
2026-08-06 19:00:00,4233.41,4238.2,4232.26,4237.85,2680,36,0
2026-08-06 19:05:00,4237.83,4243.0,4236.56,4241.51,2262,36,0
2026-08-06 19:10:00,4241.48,4242.32,4230.89,4232.78,2074,33,0
2026-08-06 19:15:00,4232.75,4233.03,4224.71,4226.95,2478,35,0
2026-08-06 19:20:00,4227.18,4227.98,4223.43,4224.62,2264,36,0
2026-08-06 19:25:00,4224.69,4230.38,4223.24,4230.03,2055,33,0
2026-08-06 19:30:00,4230.03,4233.75,4229.96,4232.39,1882,31,0
2026-08-06 19:35:00,4232.39,4235.98,4231.88,4235.11,1868,31,0
2026-08-06 19:40:00,4235.11,4235.33,4231.98,4233.49,1582,31,0
2026-08-06 19:45:00,4233.46,4236.49,4231.64,4236.29,1551,35,0
2026-08-06 19:50:00,4236.38,4237.76,4235.11,4236.96,1499,35,0
2026-08-06 19:55:00,4236.96,4242.31,4236.91,4241.44,1256,36,0
2026-08-06 20:00:00,4241.47,4243.03,4239.23,4241.48,1291,36,0
2026-08-06 20:05:00,4241.48,4243.25,4240.33,4242.65,967,36,0
2026-08-06 20:10:00,4242.65,4244.32,4240.68,4240.82,1161,36,0
2026-08-06 20:15:00,4240.85,4241.61,4239.08,4241.27,1347,36,0
2026-08-06 20:20:00,4241.27,4242.29,4238.38,4240.0,1404,36,0
2026-08-06 20:25:00,4239.99,4242.6,4239.23,4240.81,1479,36,0
2026-08-06 20:30:00,4241.31,4241.86,4238.91,4240.7,1206,36,0
2026-08-06 20:35:00,4240.66,4243.45,4238.41,4241.99,1076,36,0
2026-08-06 20:40:00,4241.99,4243.07,4241.24,4241.85,1051,35,0
2026-08-06 20:45:00,4241.85,4242.66,4240.33,4241.83,965,34,0
2026-08-06 20:50:00,4241.83,4247.88,4241.83,4246.65,1280,36,0
2026-08-06 20:55:00,4246.68,4247.91,4245.48,4247.03,745,36,0
2026-08-06 21:00:00,4247.1,4247.36,4243.95,4245.59,887,33,0
2026-08-06 21:05:00,4245.59,4248.87,4245.58,4248.15,919,33,0
2026-08-06 21:10:00,4248.1,4248.55,4246.26,4246.77,948,35,0
2026-08-06 21:15:00,4246.76,4248.97,4245.91,4247.6,1096,36,0
2026-08-06 21:20:00,4247.6,4249.46,4246.62,4247.8,942,35,0
2026-08-06 21:25:00,4247.8,4248.1,4246.08,4246.52,875,35,0
2026-08-06 21:30:00,4246.52,4247.6,4243.25,4243.95,750,35,0
2026-08-06 21:35:00,4243.96,4244.67,4242.37,4242.97,616,35,0
2026-08-06 21:40:00,4242.97,4243.66,4240.65,4241.75,825,35,0
2026-08-06 21:45:00,4241.75,4244.89,4241.54,4244.68,638,35,0
2026-08-06 21:50:00,4244.68,4245.58,4241.45,4241.71,705,34,0
2026-08-06 21:55:00,4241.77,4243.32,4240.65,4243.31,702,35,0
2026-08-06 22:00:00,4243.3,4248.73,4242.88,4248.24,1159,36,0
2026-08-06 22:05:00,4248.25,4248.96,4246.81,4248.96,898,36,0
2026-08-06 22:10:00,4248.96,4251.06,4246.99,4247.05,888,36,0
2026-08-06 22:15:00,4247.05,4248.35,4245.06,4245.48,756,36,0
2026-08-06 22:20:00,4245.48,4247.01,4239.67,4240.05,983,34,0
2026-08-06 22:25:00,4240.05,4241.79,4235.13,4237.22,1973,36,0
2026-08-06 22:30:00,4237.22,4238.49,4235.55,4238.08,1326,36,0
2026-08-06 22:35:00,4238.08,4239.49,4236.05,4236.39,1145,36,0
2026-08-06 22:40:00,4236.49,4236.87,4232.99,4234.56,1328,36,0
2026-08-06 22:45:00,4234.57,4238.94,4234.56,4237.9,1100,35,0
2026-08-06 22:50:00,4237.88,4250.53,4237.69,4246.7,1751,35,0
2026-08-06 22:55:00,4246.77,4249.04,4243.75,4248.84,1773,36,0
2026-08-06 23:00:00,4248.82,4250.02,4246.0,4247.13,1121,35,0
2026-08-06 23:05:00,4247.16,4247.41,4245.32,4245.82,540,31,0
2026-08-06 23:10:00,4245.82,4246.68,4242.78,4244.73,557,31,0
2026-08-06 23:15:00,4244.7,4245.54,4243.65,4244.15,435,34,0
2026-08-06 23:20:00,4244.22,4244.77,4241.96,4242.35,615,33,0
2026-08-06 23:25:00,4242.37,4243.04,4239.89,4241.87,525,36,0
2026-08-06 23:30:00,4241.85,4241.85,4240.86,4241.43,314,34,0
2026-08-06 23:35:00,4241.41,4242.41,4239.66,4239.94,496,34,0
2026-08-06 23:40:00,4239.95,4240.14,4235.03,4235.2,720,44,0
2026-08-06 23:45:00,4235.24,4238.7,4234.63,4236.31,574,44,0
2026-08-06 23:50:00,4236.57,4240.37,4234.4,4239.88,566,44,0
2026-08-06 23:55:00,4239.88,4239.95,4238.44,4238.75,260,374,0
2026-08-07 01:05:00,4235.17,4237.02,4234.95,4236.08,280,367,0
2026-08-07 01:10:00,4236.08,4238.89,4235.78,4238.89,275,38,0
2026-08-07 01:15:00,4238.89,4241.34,4238.79,4240.82,320,38,0
2026-08-07 01:20:00,4240.83,4242.44,4239.49,4241.43,424,38,0
2026-08-07 01:25:00,4241.42,4243.24,4240.96,4242.13,391,38,0
2026-08-07 01:30:00,4242.27,4243.2,4241.13,4241.32,540,38,0
2026-08-07 01:35:00,4241.43,4241.65,4239.78,4240.28,281,36,0
2026-08-07 01:40:00,4240.2,4241.21,4238.39,4239.22,367,36,0
2026-08-07 01:45:00,4239.22,4241.89,4238.73,4241.54,303,36,0
2026-08-07 01:50:00,4241.54,4242.77,4240.9,4241.89,281,35,0
2026-08-07 01:55:00,4241.88,4241.88,4240.32,4240.33,165,35,0
2026-08-07 02:00:00,4240.36,4242.94,4240.1,4242.19,400,35,0
2026-08-07 02:05:00,4242.2,4245.47,4242.2,4243.7,522,37,0
2026-08-07 02:10:00,4243.7,4245.0,4243.47,4244.84,220,35,0
2026-08-07 02:15:00,4244.8,4245.82,4244.47,4245.23,351,35,0
2026-08-07 02:20:00,4245.24,4245.77,4245.23,4245.69,229,35,0
2026-08-07 02:25:00,4245.69,4245.85,4242.86,4245.06,390,37,0
2026-08-07 02:30:00,4245.02,4248.49,4244.93,4246.92,445,38,0
2026-08-07 02:35:00,4246.92,4247.57,4245.27,4245.88,177,35,0
2026-08-07 02:40:00,4246.28,4247.7,4244.72,4246.45,378,35,0
2026-08-07 02:45:00,4246.43,4248.84,4245.61,4248.34,624,37,0
2026-08-07 02:50:00,4248.34,4251.97,4248.34,4251.49,1186,37,0
2026-08-07 02:55:00,4251.48,4253.04,4250.29,4251.43,750,36,0
2026-08-07 03:00:00,4251.41,4252.69,4247.38,4249.48,1417,36,0
2026-08-07 03:05:00,4249.48,4250.84,4248.75,4248.89,1098,35,0
2026-08-07 03:10:00,4248.84,4249.06,4243.27,4244.73,1327,36,0
2026-08-07 03:15:00,4244.74,4246.04,4241.09,4242.16,1282,37,0
2026-08-07 03:20:00,4242.12,4245.3,4239.5,4239.86,1216,37,0
2026-08-07 03:25:00,4239.79,4243.98,4239.0,4243.8,1294,36,0
2026-08-07 03:30:00,4243.81,4243.81,4240.28,4241.4,1379,35,0
2026-08-07 03:35:00,4241.4,4242.54,4235.2,4235.52,1320,38,0
2026-08-07 03:40:00,4235.51,4235.81,4230.15,4234.67,1462,36,0
2026-08-07 03:45:00,4234.89,4236.8,4231.23,4231.49,1283,35,0
2026-08-07 03:50:00,4231.5,4234.94,4231.31,4233.78,1340,35,0
2026-08-07 03:55:00,4233.77,4234.03,4229.57,4232.78,1553,35,0
2026-08-07 04:00:00,4232.8,4243.02,4231.54,4241.2,2470,38,0
2026-08-07 04:05:00,4241.2,4246.61,4239.98,4242.4,1806,37,0
2026-08-07 04:10:00,4242.43,4245.01,4240.45,4244.29,1389,36,0
2026-08-07 04:15:00,4244.29,4246.29,4243.21,4244.27,1418,35,0
2026-08-07 04:20:00,4244.31,4250.1,4241.02,4241.65,1661,36,0
2026-08-07 04:25:00,4241.63,4245.97,4240.11,4243.75,1921,37,0
2026-08-07 04:30:00,4243.74,4245.23,4239.23,4242.97,1856,35,0
2026-08-07 04:35:00,4242.98,4246.41,4241.67,4246.37,1659,35,0
2026-08-07 04:40:00,4246.25,4258.59,4245.86,4256.57,2314,35,0
2026-08-07 04:45:00,4256.41,4258.59,4252.35,4253.91,1973,35,0
2026-08-07 04:50:00,4253.94,4255.11,4251.83,4254.3,1549,35,0
2026-08-07 04:55:00,4254.27,4259.16,4253.83,4256.6,1669,35,0
2026-08-07 05:00:00,4256.63,4261.51,4255.94,4261.05,1739,35,0
2026-08-07 05:05:00,4261.01,4261.2,4257.94,4258.81,1394,35,0
2026-08-07 05:10:00,4258.95,4259.65,4257.38,4258.64,1088,35,0
2026-08-07 05:15:00,4258.63,4261.03,4257.6,4258.11,722,36,0
2026-08-07 05:20:00,4258.11,4260.84,4257.42,4260.39,733,36,0
2026-08-07 05:25:00,4260.39,4261.25,4259.06,4261.25,603,36,0
2026-08-07 05:30:00,4261.24,4261.53,4256.44,4256.85,1401,38,0
2026-08-07 05:35:00,4256.84,4257.13,4252.1,4252.98,1278,37,0
2026-08-07 05:40:00,4252.97,4255.04,4249.36,4249.4,1231,37,0
2026-08-07 05:45:00,4249.36,4252.15,4247.01,4251.27,1171,36,0
2026-08-07 05:50:00,4251.27,4255.61,4251.09,4254.52,1094,36,0
2026-08-07 05:55:00,4254.51,4255.99,4249.77,4250.17,1260,35,0
2026-08-07 06:00:00,4250.23,4259.3,4249.54,4258.0,1357,35,0
2026-08-07 06:05:00,4257.96,4258.38,4256.12,4256.71,1054,35,0
2026-08-07 06:10:00,4256.71,4257.31,4252.78,4254.4,1012,35,0
2026-08-07 06:15:00,4254.32,4255.78,4252.83,4254.12,1096,35,0
2026-08-07 06:20:00,4254.12,4256.2,4251.8,4254.85,1222,35,0
2026-08-07 06:25:00,4254.81,4258.78,4254.43,4258.76,1198,35,0
2026-08-07 06:30:00,4258.76,4261.27,4258.65,4259.08,741,35,0
2026-08-07 06:35:00,4258.72,4260.99,4257.66,4260.55,747,35,0
2026-08-07 06:40:00,4260.55,4261.1,4259.8,4260.76,556,35,0
2026-08-07 06:45:00,4260.76,4261.57,4259.36,4260.81,755,36,0
2026-08-07 06:50:00,4260.81,4261.04,4259.24,4260.49,594,36,0
2026-08-07 06:55:00,4260.49,4266.2,4260.22,4266.05,928,35,0
2026-08-07 07:00:00,4266.05,4269.03,4262.17,4264.9,1125,37,0
2026-08-07 07:05:00,4264.89,4267.68,4264.52,4266.69,1148,38,0
2026-08-07 07:10:00,4266.69,4267.64,4263.89,4265.98,952,36,0
2026-08-07 07:15:00,4265.98,4267.33,4262.24,4262.35,867,35,0
2026-08-07 07:20:00,4262.36,4268.43,4261.92,4265.53,991,35,0
2026-08-07 07:25:00,4265.71,4267.06,4263.89,4265.05,864,35,0
2026-08-07 07:30:00,4265.04,4268.45,4263.81,4267.87,1214,35,0
2026-08-07 07:35:00,4267.87,4268.26,4264.19,4264.65,637,35,0
2026-08-07 07:40:00,4264.66,4266.04,4260.69,4263.99,860,35,0
2026-08-07 07:45:00,4263.96,4264.52,4262.31,4264.22,477,35,0
2026-08-07 07:50:00,4264.22,4266.98,4264.22,4266.9,504,35,0
2026-08-07 07:55:00,4266.89,4267.27,4264.75,4264.99,578,35,0
2026-08-07 08:00:00,4264.99,4266.45,4263.37,4265.95,879,38,0
2026-08-07 08:05:00,4265.95,4267.11,4261.92,4267.02,1234,38,0
2026-08-07 08:10:00,4267.01,4271.18,4266.08,4269.3,1315,37,0
2026-08-07 08:15:00,4269.29,4270.62,4268.12,4268.49,813,35,0
2026-08-07 08:20:00,4268.52,4270.51,4265.62,4266.53,1002,35,0
2026-08-07 08:25:00,4266.52,4267.72,4264.66,4266.99,970,35,0
2026-08-07 08:30:00,4267.1,4276.46,4266.01,4275.11,2001,36,0
2026-08-07 08:35:00,4275.11,4277.35,4272.94,4273.41,1392,37,0
2026-08-07 08:40:00,4273.41,4273.81,4270.53,4271.45,1140,35,0
2026-08-07 08:45:00,4271.46,4276.98,4271.45,4276.3,1180,35,0
2026-08-07 08:50:00,4276.29,4279.62,4273.63,4274.92,1418,37,0
2026-08-07 08:55:00,4274.92,4280.57,4274.92,4279.13,1614,35,0
2026-08-07 09:00:00,4279.14,4282.92,4278.42,4281.96,1310,31,0
2026-08-07 09:05:00,4281.94,4284.35,4281.42,4282.46,1519,31,0
2026-08-07 09:10:00,4282.45,4291.17,4281.9,4286.6,1933,33,0
2026-08-07 09:15:00,4286.61,4290.31,4284.05,4287.62,1809,34,0
2026-08-07 09:20:00,4287.52,4291.32,4286.77,4287.13,1714,34,0
2026-08-07 09:25:00,4287.13,4287.13,4283.18,4283.33,1692,31,0
2026-08-07 09:30:00,4283.36,4287.47,4280.14,4286.09,1547,35,0
2026-08-07 09:35:00,4286.09,4293.59,4286.07,4291.9,1629,33,0
2026-08-07 09:40:00,4291.95,4295.22,4291.68,4292.13,1570,34,0
2026-08-07 09:45:00,4292.12,4294.66,4289.58,4289.6,1630,31,0
2026-08-07 09:50:00,4289.67,4295.2,4288.81,4293.63,1572,31,0
2026-08-07 09:55:00,4293.63,4298.75,4293.39,4297.22,1683,31,0
2026-08-07 10:00:00,4297.2,4297.95,4292.6,4294.91,1577,31,0
2026-08-07 10:05:00,4294.91,4294.91,4290.5,4291.51,1180,31,0
2026-08-07 10:10:00,4291.52,4293.25,4290.4,4291.34,1053,31,0
2026-08-07 10:15:00,4291.35,4292.49,4289.19,4291.32,1142,32,0
2026-08-07 10:20:00,4291.33,4292.71,4287.95,4288.11,1100,33,0
2026-08-07 10:25:00,4288.03,4288.39,4284.86,4285.47,1491,35,0
2026-08-07 10:30:00,4285.32,4287.84,4284.02,4287.36,1237,35,0
2026-08-07 10:35:00,4287.35,4288.76,4285.5,4285.5,1140,35,0
2026-08-07 10:40:00,4285.52,4288.11,4284.43,4285.15,1297,35,0
2026-08-07 10:45:00,4285.15,4286.87,4282.92,4285.23,1390,36,0
2026-08-07 10:50:00,4285.23,4286.96,4284.27,4286.96,1119,31,0
2026-08-07 10:55:00,4286.92,4291.11,4286.55,4289.8,1139,31,0
2026-08-07 11:00:00,4289.8,4293.6,4289.02,4292.78,1459,34,0
2026-08-07 11:05:00,4292.77,4296.44,4292.66,4294.61,1365,34,0
2026-08-07 11:10:00,4294.63,4300.55,4294.59,4299.79,1382,32,0
2026-08-07 11:15:00,4299.79,4300.68,4296.84,4298.03,1443,31,0
2026-08-07 11:20:00,4298.1,4298.25,4293.77,4294.48,1341,31,0
2026-08-07 11:25:00,4294.48,4295.7,4293.32,4294.79,1325,31,0
2026-08-07 11:30:00,4294.79,4314.71,4294.12,4313.8,1721,33,0
2026-08-07 11:35:00,4313.88,4316.45,4300.98,4304.59,1926,36,0
2026-08-07 11:40:00,4304.6,4309.83,4304.6,4309.15,1461,36,0
2026-08-07 11:45:00,4309.48,4311.23,4306.71,4307.04,1397,36,0
2026-08-07 11:50:00,4307.15,4307.67,4303.4,4304.41,1238,36,0
2026-08-07 11:55:00,4304.41,4307.92,4303.21,4306.12,1334,36,0
2026-08-07 12:00:00,4306.12,4307.16,4304.46,4305.33,1132,36,0
2026-08-07 12:05:00,4305.33,4307.1,4304.55,4305.86,1114,36,0
2026-08-07 12:10:00,4305.87,4307.05,4304.72,4305.8,1260,36,0
2026-08-07 12:15:00,4305.79,4307.91,4304.63,4306.51,1110,36,0
2026-08-07 12:20:00,4306.53,4310.8,4306.09,4310.31,1127,36,0
2026-08-07 12:25:00,4310.31,4310.47,4305.34,4306.68,1237,36,0
2026-08-07 12:30:00,4306.66,4308.01,4302.15,4304.38,1305,35,0
2026-08-07 12:35:00,4304.44,4308.84,4302.64,4308.54,1341,35,0
2026-08-07 12:40:00,4308.54,4318.25,4308.53,4317.56,1518,36,0
2026-08-07 12:45:00,4317.57,4320.57,4315.05,4316.56,1553,35,0
2026-08-07 12:50:00,4316.56,4319.87,4316.17,4318.07,1341,36,0
2026-08-07 12:55:00,4318.06,4319.33,4314.34,4316.52,1377,31,0
2026-08-07 13:00:00,4316.52,4319.23,4314.8,4317.43,1175,31,0
2026-08-07 13:05:00,4317.44,4317.77,4311.94,4312.59,1143,31,0
2026-08-07 13:10:00,4312.6,4313.72,4307.99,4308.22,1243,31,0
2026-08-07 13:15:00,4308.21,4313.83,4308.08,4312.91,1228,31,0
2026-08-07 13:20:00,4312.93,4313.07,4310.65,4312.36,1037,32,0
2026-08-07 13:25:00,4312.4,4314.2,4312.03,4313.6,903,34,0
2026-08-07 13:30:00,4313.6,4316.48,4312.92,4315.56,973,35,0
2026-08-07 13:35:00,4315.55,4318.07,4314.09,4316.75,1030,35,0
2026-08-07 13:40:00,4316.7,4318.13,4315.17,4316.87,1034,35,0
2026-08-07 13:45:00,4316.88,4319.73,4316.41,4318.43,1064,35,0
2026-08-07 13:50:00,4318.45,4320.51,4316.97,4316.97,1170,35,0
2026-08-07 13:55:00,4316.96,4317.71,4316.23,4316.82,1083,31,0
2026-08-07 14:00:00,4316.83,4324.02,4316.76,4323.46,1498,31,0
2026-08-07 14:05:00,4323.5,4325.96,4321.69,4324.6,1252,32,0
2026-08-07 14:10:00,4324.6,4325.33,4319.46,4320.07,1366,36,0
2026-08-07 14:15:00,4319.88,4320.69,4316.97,4320.29,1586,34,0
2026-08-07 14:20:00,4320.3,4325.09,4320.14,4324.3,1444,34,0
2026-08-07 14:25:00,4324.33,4327.07,4323.95,4325.01,1226,31,0
2026-08-07 14:30:00,4325.0,4327.45,4324.33,4324.35,1269,31,0
2026-08-07 14:35:00,4324.17,4324.87,4320.78,4323.1,1364,31,0
2026-08-07 14:40:00,4323.1,4325.45,4321.93,4322.6,1174,31,0
2026-08-07 14:45:00,4322.6,4325.46,4322.15,4323.73,1030,31,0
2026-08-07 14:50:00,4323.71,4326.65,4320.72,4325.62,1238,35,0
2026-08-07 14:55:00,4325.63,4326.8,4320.68,4320.84,1298,31,0
2026-08-07 15:00:00,4320.85,4325.11,4318.9,4319.59,1486,33,0
2026-08-07 15:05:00,4319.6,4320.19,4315.27,4318.86,1562,35,0
2026-08-07 15:10:00,4318.84,4322.56,4314.74,4314.95,1614,31,0
2026-08-07 15:15:00,4314.94,4316.66,4311.95,4315.66,1863,36,0
2026-08-07 15:20:00,4315.67,4317.08,4310.4,4310.6,1695,32,0
2026-08-07 15:25:00,4310.61,4315.35,4299.86,4307.62,1917,33,0
2026-08-07 15:30:00,4307.7,4364.06,4307.68,4359.47,4060,54,0
2026-08-07 15:35:00,4359.16,4366.05,4352.12,4364.28,3665,36,0
2026-08-07 15:40:00,4364.3,4370.47,4360.64,4370.28,2562,36,0
2026-08-07 15:45:00,4369.63,4371.75,4366.66,4367.6,2641,36,0
2026-08-07 15:50:00,4367.75,4371.52,4363.32,4364.75,3064,36,0
2026-08-07 15:55:00,4364.78,4365.37,4355.5,4362.39,2958,36,0
2026-08-07 16:00:00,4362.31,4363.95,4347.35,4347.81,3361,36,0
2026-08-07 16:05:00,4348.13,4352.47,4346.01,4350.34,2838,36,0
2026-08-07 16:10:00,4350.36,4350.94,4346.29,4347.71,2626,36,0
2026-08-07 16:15:00,4347.78,4349.12,4339.05,4347.27,2565,36,0
2026-08-07 16:20:00,4347.5,4353.26,4347.45,4350.47,2542,36,0
2026-08-07 16:25:00,4350.43,4357.9,4348.39,4356.3,2545,36,0
2026-08-07 16:30:00,4356.21,4359.28,4350.58,4353.1,3429,36,0
2026-08-07 16:35:00,4353.16,4365.95,4349.89,4364.82,3355,36,0
2026-08-07 16:40:00,4364.86,4367.8,4358.11,4358.98,3000,34,0
2026-08-07 16:45:00,4359.09,4359.84,4351.89,4353.72,3151,34,0
2026-08-07 16:50:00,4353.42,4358.29,4352.19,4354.79,2865,31,0
2026-08-07 16:55:00,4354.73,4357.03,4342.37,4348.4,3200,31,0
2026-08-07 17:00:00,4348.4,4348.99,4333.46,4333.66,3540,32,0
2026-08-07 17:05:00,4333.71,4338.19,4330.62,4337.52,3586,36,0
2026-08-07 17:10:00,4337.47,4341.64,4327.31,4334.29,3308,33,0
2026-08-07 17:15:00,4334.27,4346.73,4330.52,4345.9,3272,31,0
2026-08-07 17:20:00,4345.92,4351.93,4343.65,4351.36,3102,31,0
2026-08-07 17:25:00,4351.34,4352.71,4347.85,4349.71,2872,32,0
2026-08-07 17:30:00,4349.5,4350.63,4343.88,4347.98,2825,34,0
2026-08-07 17:35:00,4348.0,4349.4,4342.91,4343.49,2746,36,0
2026-08-07 17:40:00,4343.46,4350.17,4342.34,4344.37,2721,34,0
2026-08-07 17:45:00,4344.39,4347.0,4340.21,4343.03,2622,31,0
2026-08-07 17:50:00,4343.01,4348.89,4343.0,4345.5,2654,31,0
2026-08-07 17:55:00,4345.52,4346.31,4340.31,4341.33,2716,34,0
2026-08-07 18:00:00,4341.33,4348.83,4340.21,4345.01,2872,36,0
2026-08-07 18:05:00,4344.98,4353.42,4344.53,4348.75,2327,31,0
2026-08-07 18:10:00,4348.79,4355.92,4346.24,4355.19,2487,31,0
2026-08-07 18:15:00,4355.18,4356.78,4352.2,4354.49,2269,31,0
2026-08-07 18:20:00,4354.46,4358.23,4354.35,4357.09,2031,31,0
2026-08-07 18:25:00,4357.08,4357.92,4350.9,4350.9,2100,35,0
2026-08-07 18:30:00,4350.89,4353.14,4347.02,4349.66,2518,35,0
2026-08-07 18:35:00,4349.69,4353.73,4348.79,4351.65,1955,32,0
2026-08-07 18:40:00,4351.63,4353.04,4348.52,4349.61,1901,32,0
2026-08-07 18:45:00,4349.61,4351.7,4348.46,4349.03,1613,35,0
2026-08-07 18:50:00,4349.13,4350.24,4339.72,4342.77,2090,33,0
2026-08-07 18:55:00,4342.76,4344.92,4340.5,4340.84,2171,31,0
2026-08-07 19:00:00,4341.04,4343.4,4338.36,4343.37,2289,32,0
2026-08-07 19:05:00,4343.36,4349.39,4343.13,4346.82,1762,36,0
2026-08-07 19:10:00,4346.82,4348.16,4343.55,4347.26,1602,34,0
2026-08-07 19:15:00,4347.23,4347.96,4342.05,4342.08,1741,34,0
2026-08-07 19:20:00,4342.14,4349.57,4337.67,4338.17,2376,36,0
2026-08-07 19:25:00,4338.15,4338.15,4334.27,4336.97,2533,36,0
2026-08-07 19:30:00,4336.96,4339.05,4332.52,4338.86,2494,36,0
2026-08-07 19:35:00,4338.86,4341.95,4336.36,4339.84,1833,34,0
2026-08-07 19:40:00,4339.78,4341.1,4336.86,4338.56,1634,32,0
2026-08-07 19:45:00,4338.59,4342.17,4335.67,4338.3,1962,33,0
2026-08-07 19:50:00,4338.27,4338.64,4332.35,4333.66,1877,35,0
2026-08-07 19:55:00,4333.66,4334.24,4328.86,4328.86,1956,32,0
2026-08-07 20:00:00,4329.0,4335.38,4327.62,4334.91,1776,31,0
2026-08-07 20:05:00,4334.89,4338.32,4334.69,4335.92,1657,31,0
2026-08-07 20:10:00,4335.91,4337.53,4334.94,4335.41,1496,31,0
2026-08-07 20:15:00,4335.39,4336.3,4333.72,4335.3,1430,31,0
2026-08-07 20:20:00,4335.34,4339.44,4334.16,4338.78,1664,35,0
2026-08-07 20:25:00,4338.78,4342.08,4336.91,4339.51,1961,36,0
2026-08-07 20:30:00,4339.38,4339.97,4334.02,4336.51,1968,36,0
2026-08-07 20:35:00,4336.47,4336.63,4329.75,4334.8,1524,36,0
2026-08-07 20:40:00,4334.78,4338.22,4334.73,4335.99,1536,31,0
2026-08-07 20:45:00,4335.99,4337.45,4334.9,4336.75,1334,31,0
2026-08-07 20:50:00,4336.73,4341.51,4336.73,4341.51,1449,31,0
2026-08-07 20:55:00,4341.65,4342.95,4339.84,4340.39,1194,31,0
2026-08-07 21:00:00,4340.37,4341.07,4339.05,4339.99,1327,32,0
2026-08-07 21:05:00,4340.0,4342.9,4339.83,4341.87,1289,34,0
2026-08-07 21:10:00,4341.87,4342.53,4334.85,4334.99,1262,35,0
2026-08-07 21:15:00,4335.02,4337.89,4334.99,4335.56,1215,36,0
2026-08-07 21:20:00,4335.58,4335.81,4332.15,4333.49,1404,36,0
2026-08-07 21:25:00,4333.49,4335.56,4332.21,4334.42,1628,36,0
2026-08-07 21:30:00,4334.42,4337.76,4333.7,4337.23,1179,36,0
2026-08-07 21:35:00,4337.24,4338.9,4336.78,4337.12,1036,35,0
2026-08-07 21:40:00,4337.11,4337.59,4333.41,4334.26,978,32,0
2026-08-07 21:45:00,4334.26,4337.45,4334.01,4336.68,1057,33,0
2026-08-07 21:50:00,4336.68,4337.47,4334.01,4335.29,917,33,0
2026-08-07 21:55:00,4335.36,4335.52,4333.11,4335.28,945,33,0
2026-08-07 22:00:00,4335.66,4344.67,4335.61,4340.19,2149,36,0
2026-08-07 22:05:00,4340.17,4345.05,4339.94,4344.57,1654,36,0
2026-08-07 22:10:00,4344.66,4345.64,4343.11,4343.47,1585,36,0
2026-08-07 22:15:00,4343.58,4349.93,4342.98,4346.97,1614,35,0
2026-08-07 22:20:00,4346.97,4350.24,4346.94,4348.79,1857,36,0
2026-08-07 22:25:00,4348.82,4348.87,4346.97,4348.25,1799,35,0
2026-08-07 22:30:00,4348.3,4348.76,4345.02,4345.59,1835,35,0
2026-08-07 22:35:00,4345.59,4346.97,4344.28,4346.16,1560,35,0
2026-08-07 22:40:00,4346.18,4348.25,4344.55,4347.84,1532,34,0
2026-08-07 22:45:00,4347.81,4349.34,4347.07,4347.41,1552,33,0
2026-08-07 22:50:00,4347.3,4349.22,4342.22,4343.16,1703,34,0
2026-08-07 22:55:00,4343.22,4345.46,4340.04,4343.44,2112,36,0
2026-08-07 23:00:00,4343.44,4345.17,4342.54,4343.44,1088,33,0
2026-08-07 23:05:00,4343.46,4344.33,4341.39,4341.4,587,31,0
2026-08-07 23:10:00,4341.41,4342.47,4337.91,4341.92,722,31,0
2026-08-07 23:15:00,4341.93,4342.81,4339.32,4339.48,571,34,0
2026-08-07 23:20:00,4339.45,4339.77,4338.52,4339.41,361,31,0
2026-08-07 23:25:00,4339.42,4339.94,4337.04,4337.63,611,31,0
2026-08-07 23:30:00,4337.63,4337.63,4335.83,4337.51,489,32,0
2026-08-07 23:35:00,4337.52,4340.92,4337.33,4340.62,598,31,0
2026-08-07 23:40:00,4340.65,4341.96,4340.07,4340.72,405,44,0
2026-08-07 23:45:00,4340.72,4341.33,4338.76,4339.43,365,44,0
2026-08-07 23:50:00,4339.6,4339.79,4338.13,4339.75,506,44,0
2026-08-07 23:55:00,4339.75,4340.67,4338.12,4340.54,474,374,0
2026-08-10 01:05:00,4337.68,4338.15,4333.1,4337.81,1119,367,0
2026-08-10 01:10:00,4337.81,4346.05,4337.8,4343.49,1098,37,0
2026-08-10 01:15:00,4343.47,4344.66,4339.63,4339.81,836,37,0
2026-08-10 01:20:00,4339.81,4340.42,4338.17,4339.04,662,37,0
2026-08-10 01:25:00,4339.11,4343.79,4339.09,4343.56,721,38,0
2026-08-10 01:30:00,4343.52,4345.02,4340.71,4342.4,702,38,0
2026-08-10 01:35:00,4342.4,4342.88,4340.0,4341.19,454,37,0
2026-08-10 01:40:00,4341.22,4342.31,4340.08,4340.43,458,37,0
2026-08-10 01:45:00,4340.36,4343.95,4339.94,4343.39,443,37,0
2026-08-10 01:50:00,4343.39,4343.66,4341.85,4342.35,342,37,0
2026-08-10 01:55:00,4342.35,4342.4,4341.22,4341.3,228,37,0
2026-08-10 02:00:00,4341.3,4347.35,4340.99,4346.65,559,38,0
2026-08-10 02:05:00,4346.65,4347.38,4344.91,4346.02,687,37,0
2026-08-10 02:10:00,4346.02,4347.28,4345.38,4346.33,383,36,0
2026-08-10 02:15:00,4346.35,4346.97,4343.85,4345.65,369,36,0
2026-08-10 02:20:00,4345.24,4348.79,4345.19,4347.85,441,36,0
2026-08-10 02:25:00,4347.84,4348.79,4345.89,4346.05,368,35,0
2026-08-10 02:30:00,4346.05,4347.18,4340.1,4341.34,722,38,0
2026-08-10 02:35:00,4341.35,4342.72,4339.87,4342.57,548,35,0
2026-08-10 02:40:00,4342.55,4342.75,4341.07,4342.06,404,35,0
2026-08-10 02:45:00,4342.03,4343.15,4341.11,4341.92,855,35,0
2026-08-10 02:50:00,4341.92,4342.57,4340.12,4340.16,744,35,0
2026-08-10 02:55:00,4340.18,4340.4,4331.92,4332.61,1606,37,0
2026-08-10 03:00:00,4333.06,4340.67,4332.48,4340.43,1929,38,0
2026-08-10 03:05:00,4340.43,4343.32,4339.54,4341.57,1754,37,0
2026-08-10 03:10:00,4341.54,4346.87,4339.75,4344.56,1800,37,0
2026-08-10 03:15:00,4344.43,4345.47,4339.12,4343.62,1662,38,0
2026-08-10 03:20:00,4343.63,4343.76,4339.23,4340.28,1496,35,0
2026-08-10 03:25:00,4340.34,4340.82,4337.74,4338.28,1254,36,0
2026-08-10 03:30:00,4338.28,4340.05,4336.56,4337.62,1340,36,0
2026-08-10 03:35:00,4337.62,4338.4,4334.81,4337.98,1492,35,0
2026-08-10 03:40:00,4337.98,4339.36,4334.89,4335.62,1082,35,0
2026-08-10 03:45:00,4335.59,4337.5,4334.7,4336.98,1041,35,0
2026-08-10 03:50:00,4336.99,4338.59,4334.72,4335.05,1311,37,0
2026-08-10 03:55:00,4335.24,4335.84,4331.88,4332.75,1474,36,0
2026-08-10 04:00:00,4333.32,4341.91,4328.26,4328.43,3221,38,0
2026-08-10 04:05:00,4328.48,4329.53,4323.67,4325.02,2883,38,0
2026-08-10 04:10:00,4325.01,4326.32,4322.93,4324.36,2031,37,0
2026-08-10 04:15:00,4324.61,4327.02,4322.56,4325.11,1857,36,0
2026-08-10 04:20:00,4325.02,4329.06,4322.38,4328.9,1755,37,0
2026-08-10 04:25:00,4328.85,4328.98,4316.75,4316.75,1468,35,0
2026-08-10 04:30:00,4316.7,4320.91,4314.26,4320.32,1991,37,0
2026-08-10 04:35:00,4320.28,4320.28,4316.01,4316.76,1873,35,0
2026-08-10 04:40:00,4316.72,4317.88,4313.01,4317.36,1869,35,0
2026-08-10 04:45:00,4317.34,4321.37,4316.09,4320.08,1653,35,0
2026-08-10 04:50:00,4320.1,4323.2,4318.87,4319.96,1784,35,0
2026-08-10 04:55:00,4320.02,4324.08,4317.69,4322.51,1539,35,0
2026-08-10 05:00:00,4322.46,4323.68,4320.23,4322.07,1654,35,0
2026-08-10 05:05:00,4322.01,4324.88,4319.2,4324.21,1595,35,0
2026-08-10 05:10:00,4324.22,4326.96,4322.49,4325.78,1302,35,0
2026-08-10 05:15:00,4325.79,4327.26,4324.69,4326.11,1011,36,0
2026-08-10 05:20:00,4326.11,4329.17,4325.43,4328.42,1103,35,0
2026-08-10 05:25:00,4328.33,4333.4,4327.72,4332.02,775,36,0
2026-08-10 05:30:00,4331.97,4333.65,4325.89,4329.11,1538,38,0
2026-08-10 05:35:00,4329.11,4330.91,4326.12,4326.89,1305,35,0
2026-08-10 05:40:00,4326.86,4331.25,4324.43,4327.91,1248,35,0
2026-08-10 05:45:00,4327.91,4328.56,4322.66,4324.77,1365,35,0
2026-08-10 05:50:00,4324.79,4325.83,4320.22,4320.81,977,35,0
2026-08-10 05:55:00,4320.58,4323.12,4319.61,4320.49,1008,35,0
2026-08-10 06:00:00,4320.49,4321.97,4319.01,4319.97,1056,37,0
2026-08-10 06:05:00,4319.95,4320.38,4318.28,4318.31,958,35,0
2026-08-10 06:10:00,4318.31,4320.69,4318.12,4320.01,808,35,0
2026-08-10 06:15:00,4320.01,4324.31,4319.63,4323.98,942,38,0
2026-08-10 06:20:00,4324.07,4326.63,4323.38,4323.73,1019,35,0
2026-08-10 06:25:00,4323.87,4328.19,4323.86,4327.25,1280,35,0
2026-08-10 06:30:00,4327.3,4328.31,4325.67,4328.03,913,35,0
2026-08-10 06:35:00,4328.03,4329.86,4325.87,4326.3,850,35,0
2026-08-10 06:40:00,4326.3,4326.67,4324.69,4325.18,559,35,0
2026-08-10 06:45:00,4325.17,4327.48,4324.31,4326.78,538,35,0
2026-08-10 06:50:00,4326.78,4327.96,4326.36,4327.14,435,36,0
2026-08-10 06:55:00,4327.1,4327.99,4326.16,4326.65,379,36,0
2026-08-10 07:00:00,4326.7,4328.29,4323.03,4325.63,723,37,0
2026-08-10 07:05:00,4325.62,4327.82,4323.49,4327.82,839,38,0
2026-08-10 07:10:00,4327.82,4332.77,4327.8,4332.15,941,37,0
2026-08-10 07:15:00,4332.19,4333.94,4330.85,4333.79,850,35,0
2026-08-10 07:20:00,4333.83,4337.36,4333.31,4336.95,748,35,0
2026-08-10 07:25:00,4336.98,4337.56,4333.99,4334.63,630,35,0
2026-08-10 07:30:00,4334.63,4336.31,4333.12,4334.43,707,35,0
2026-08-10 07:35:00,4334.43,4336.25,4333.66,4333.82,559,35,0
2026-08-10 07:40:00,4333.82,4333.83,4329.8,4332.32,883,35,0
2026-08-10 07:45:00,4332.32,4335.56,4331.91,4334.04,946,36,0
2026-08-10 07:50:00,4334.04,4337.24,4333.37,4336.02,633,35,0
2026-08-10 07:55:00,4335.9,4339.55,4335.66,4339.4,863,35,0
2026-08-10 08:00:00,4339.34,4339.73,4335.03,4337.11,944,35,0
2026-08-10 08:05:00,4337.11,4339.03,4336.18,4336.2,549,35,0
2026-08-10 08:10:00,4336.2,4336.39,4333.47,4334.94,707,35,0
2026-08-10 08:15:00,4334.94,4336.12,4332.66,4333.01,566,35,0
2026-08-10 08:20:00,4333.01,4336.36,4333.01,4334.82,501,35,0
2026-08-10 08:25:00,4334.82,4335.05,4333.33,4333.56,598,35,0
2026-08-10 08:30:00,4334.42,4341.01,4331.56,4340.33,2060,35,0
2026-08-10 08:35:00,4340.33,4341.78,4338.54,4341.28,1598,37,0
2026-08-10 08:40:00,4341.28,4344.24,4338.52,4343.15,1466,37,0
2026-08-10 08:45:00,4343.16,4347.04,4340.59,4345.63,1342,37,0
2026-08-10 08:50:00,4345.64,4352.1,4345.2,4348.88,1586,36,0
2026-08-10 08:55:00,4348.89,4349.44,4345.12,4347.21,1403,36,0
2026-08-10 09:00:00,4347.14,4347.42,4341.79,4342.54,1464,36,0
2026-08-10 09:05:00,4342.54,4346.64,4342.04,4346.09,1189,33,0
2026-08-10 09:10:00,4346.11,4349.99,4346.1,4347.31,1189,31,0
2026-08-10 09:15:00,4347.31,4349.62,4342.56,4343.04,1380,36,0
2026-08-10 09:20:00,4343.03,4345.51,4342.51,4345.22,1253,33,0
2026-08-10 09:25:00,4345.21,4348.06,4343.69,4347.97,1026,33,0
2026-08-10 09:30:00,4347.97,4349.22,4346.49,4347.63,1135,34,0
2026-08-10 09:35:00,4347.61,4349.46,4345.79,4348.44,1130,35,0
2026-08-10 09:40:00,4348.46,4355.64,4346.84,4355.03,1213,35,0
2026-08-10 09:45:00,4354.94,4358.19,4354.89,4356.64,1378,36,0
2026-08-10 09:50:00,4356.63,4357.55,4355.52,4357.46,1043,35,0
2026-08-10 09:55:00,4357.46,4359.59,4356.52,4358.62,1130,35,0
2026-08-10 10:00:00,4358.56,4358.7,4353.56,4354.77,1414,35,0
2026-08-10 10:05:00,4354.78,4356.92,4353.59,4353.61,1103,35,0
2026-08-10 10:10:00,4353.61,4354.43,4349.71,4350.67,1290,36,0
2026-08-10 10:15:00,4350.71,4356.7,4350.32,4354.36,1226,31,0
2026-08-10 10:20:00,4354.42,4358.78,4352.03,4358.05,1129,31,0
2026-08-10 10:25:00,4358.03,4358.62,4352.02,4354.9,1104,34,0
2026-08-10 10:30:00,4354.9,4354.98,4352.41,4353.14,1007,31,0
2026-08-10 10:35:00,4353.14,4359.68,4352.84,4358.54,1176,31,0
2026-08-10 10:40:00,4358.54,4359.68,4356.16,4359.13,949,31,0
2026-08-10 10:45:00,4359.13,4361.82,4356.76,4356.99,1315,31,0
2026-08-10 10:50:00,4356.99,4358.24,4354.99,4355.28,883,31,0
2026-08-10 10:55:00,4355.28,4356.17,4354.68,4355.09,874,31,0
2026-08-10 11:00:00,4354.89,4356.12,4353.82,4355.25,1139,36,0
2026-08-10 11:05:00,4355.25,4355.77,4351.37,4352.25,895,36,0
2026-08-10 11:10:00,4352.2,4354.36,4351.83,4354.31,648,32,0
2026-08-10 11:15:00,4354.06,4355.32,4353.12,4354.68,805,33,0
2026-08-10 11:20:00,4354.67,4354.84,4352.4,4352.6,644,34,0
2026-08-10 11:25:00,4352.63,4356.06,4352.0,4355.19,887,36,0
2026-08-10 11:30:00,4355.18,4356.37,4348.8,4350.21,1243,36,0
2026-08-10 11:35:00,4350.21,4351.16,4347.99,4348.07,858,34,0
2026-08-10 11:40:00,4348.11,4349.63,4345.61,4346.15,937,32,0
2026-08-10 11:45:00,4346.17,4348.78,4345.45,4346.01,952,32,0
2026-08-10 11:50:00,4346.05,4348.0,4344.71,4345.99,1143,32,0
2026-08-10 11:55:00,4345.99,4348.11,4343.67,4346.21,1056,31,0
2026-08-10 12:00:00,4346.21,4348.56,4345.44,4347.96,931,31,0
2026-08-10 12:05:00,4347.96,4348.75,4345.65,4347.53,1141,34,0
2026-08-10 12:10:00,4347.54,4349.8,4346.81,4349.48,1012,31,0
2026-08-10 12:15:00,4349.48,4349.55,4345.84,4346.77,797,31,0
2026-08-10 12:20:00,4346.77,4348.27,4346.74,4347.63,542,32,0
2026-08-10 12:25:00,4347.63,4348.62,4344.69,4346.26,820,32,0
2026-08-10 12:30:00,4346.24,4346.68,4341.76,4343.82,1222,36,0
2026-08-10 12:35:00,4343.82,4344.05,4340.43,4341.96,978,36,0
2026-08-10 12:40:00,4342.04,4344.26,4341.66,4344.23,657,34,0
2026-08-10 12:45:00,4344.23,4345.27,4341.68,4342.21,753,35,0
2026-08-10 12:50:00,4342.2,4342.57,4340.72,4342.24,675,35,0
2026-08-10 12:55:00,4342.16,4343.08,4340.76,4340.76,603,35,0
2026-08-10 13:00:00,4340.76,4341.14,4338.96,4340.28,1006,36,0
2026-08-10 13:05:00,4340.29,4341.29,4339.52,4340.02,769,35,0
2026-08-10 13:10:00,4340.02,4340.59,4339.3,4340.5,806,34,0
2026-08-10 13:15:00,4340.57,4341.22,4338.99,4341.1,755,34,0
2026-08-10 13:20:00,4341.1,4343.73,4340.58,4342.84,914,31,0
2026-08-10 13:25:00,4342.83,4343.39,4341.52,4343.17,660,31,0
2026-08-10 13:30:00,4343.18,4343.73,4340.04,4341.65,922,35,0
2026-08-10 13:35:00,4341.65,4341.85,4338.04,4339.47,955,36,0
2026-08-10 13:40:00,4339.48,4339.83,4337.59,4337.83,770,31,0
2026-08-10 13:45:00,4337.82,4339.18,4337.35,4337.85,715,31,0
2026-08-10 13:50:00,4337.85,4340.33,4337.36,4338.05,734,31,0
2026-08-10 13:55:00,4338.05,4339.17,4335.28,4335.8,918,32,0
2026-08-10 14:00:00,4335.8,4336.45,4334.29,4334.3,1160,32,0
2026-08-10 14:05:00,4334.32,4335.46,4333.03,4333.76,998,31,0
2026-08-10 14:10:00,4333.76,4333.83,4329.42,4330.95,1227,31,0
2026-08-10 14:15:00,4331.04,4331.06,4328.67,4329.42,928,31,0
2026-08-10 14:20:00,4329.39,4333.39,4328.67,4332.79,1013,31,0
2026-08-10 14:25:00,4332.83,4335.99,4332.73,4334.37,868,31,0
2026-08-10 14:30:00,4334.36,4338.79,4334.21,4337.37,970,31,0
2026-08-10 14:35:00,4337.33,4339.01,4335.18,4338.81,1010,31,0
2026-08-10 14:40:00,4338.84,4338.96,4336.06,4337.13,1007,31,0
2026-08-10 14:45:00,4337.13,4337.55,4331.75,4332.41,909,31,0
2026-08-10 14:50:00,4332.43,4335.69,4331.95,4334.87,953,31,0
2026-08-10 14:55:00,4334.9,4335.8,4333.14,4334.53,954,31,0
2026-08-10 15:00:00,4334.48,4334.54,4332.06,4333.2,1094,31,0
2026-08-10 15:05:00,4333.21,4337.08,4331.64,4334.85,1390,36,0
2026-08-10 15:10:00,4334.86,4335.06,4330.73,4331.41,1171,34,0
2026-08-10 15:15:00,4331.56,4332.14,4328.07,4328.83,1255,35,0
2026-08-10 15:20:00,4328.65,4330.81,4325.98,4327.13,1449,35,0
2026-08-10 15:25:00,4327.1,4327.65,4323.94,4327.35,1394,31,0
2026-08-10 15:30:00,4327.36,4330.96,4325.94,4327.35,1559,31,0
2026-08-10 15:35:00,4327.35,4332.04,4326.11,4330.99,1335,31,0
2026-08-10 15:40:00,4330.81,4332.22,4328.71,4328.81,1108,31,0
2026-08-10 15:45:00,4328.81,4332.89,4328.52,4331.36,1011,31,0
2026-08-10 15:50:00,4331.53,4332.75,4329.44,4331.48,977,31,0
2026-08-10 15:55:00,4331.47,4335.27,4330.25,4332.24,1329,33,0
2026-08-10 16:00:00,4331.99,4334.42,4325.78,4328.98,2190,36,0
2026-08-10 16:05:00,4329.03,4334.25,4328.14,4334.06,1545,35,0
2026-08-10 16:10:00,4334.02,4337.58,4333.51,4337.05,1639,35,0
2026-08-10 16:15:00,4337.05,4337.44,4334.05,4334.43,1244,31,0
2026-08-10 16:20:00,4334.1,4336.21,4329.01,4330.44,1414,33,0
2026-08-10 16:25:00,4330.42,4336.61,4330.04,4336.61,1496,31,0
2026-08-10 16:30:00,4336.81,4338.24,4331.67,4336.25,2673,31,0
2026-08-10 16:35:00,4336.27,4339.57,4335.96,4338.04,2582,36,0
2026-08-10 16:40:00,4338.19,4338.19,4329.74,4330.52,2465,35,0
2026-08-10 16:45:00,4330.56,4331.59,4324.76,4327.31,2849,35,0
2026-08-10 16:50:00,4327.26,4328.0,4320.84,4322.99,2490,35,0
2026-08-10 16:55:00,4322.64,4324.47,4316.47,4317.79,2336,31,0
2026-08-10 17:00:00,4317.78,4325.35,4317.78,4323.43,2137,31,0
2026-08-10 17:05:00,4323.4,4326.14,4321.56,4324.24,2004,31,0
2026-08-10 17:10:00,4324.24,4330.87,4324.24,4330.17,1790,31,0
2026-08-10 17:15:00,4330.2,4336.24,4328.33,4334.03,2356,33,0
2026-08-10 17:20:00,4334.03,4340.09,4332.13,4338.61,2384,33,0
2026-08-10 17:25:00,4338.61,4347.89,4338.31,4345.42,2477,36,0
2026-08-10 17:30:00,4345.45,4351.78,4345.15,4347.44,2338,31,0
2026-08-10 17:35:00,4347.47,4348.96,4344.62,4346.39,1876,31,0
2026-08-10 17:40:00,4346.42,4350.01,4345.96,4349.45,1819,31,0
2026-08-10 17:45:00,4349.45,4350.66,4346.0,4347.15,1897,31,0
2026-08-10 17:50:00,4347.15,4347.21,4342.58,4342.88,1768,34,0
2026-08-10 17:55:00,4342.94,4346.24,4342.46,4346.18,1836,34,0
2026-08-10 18:00:00,4346.23,4349.15,4343.44,4347.23,2194,34,0
2026-08-10 18:05:00,4347.31,4351.87,4343.03,4344.89,2110,36,0
2026-08-10 18:10:00,4344.9,4347.38,4343.46,4346.43,1699,31,0
2026-08-10 18:15:00,4346.43,4351.83,4345.86,4349.61,1854,31,0
2026-08-10 18:20:00,4349.63,4352.21,4348.94,4349.43,1478,31,0
2026-08-10 18:25:00,4349.55,4351.2,4347.24,4349.13,1644,31,0
2026-08-10 18:30:00,4349.19,4351.37,4347.81,4347.96,1732,35,0
2026-08-10 18:35:00,4347.96,4351.8,4347.94,4350.2,1725,34,0
2026-08-10 18:40:00,4350.2,4351.43,4349.37,4350.27,1244,31,0
2026-08-10 18:45:00,4350.28,4353.13,4348.47,4352.12,1627,31,0
2026-08-10 18:50:00,4352.13,4357.29,4352.01,4356.96,1784,31,0
2026-08-10 18:55:00,4356.79,4359.45,4356.27,4358.49,1437,31,0
2026-08-10 19:00:00,4358.46,4363.82,4357.83,4358.17,2048,34,0
2026-08-10 19:05:00,4358.17,4363.36,4356.72,4362.84,1642,36,0
2026-08-10 19:10:00,4362.9,4364.61,4361.2,4361.35,1627,34,0
2026-08-10 19:15:00,4361.4,4363.13,4360.89,4361.36,1336,33,0
2026-08-10 19:20:00,4361.36,4364.15,4361.36,4363.36,1303,35,0
2026-08-10 19:25:00,4363.38,4364.54,4361.64,4362.64,1226,36,0
2026-08-10 19:30:00,4362.65,4362.95,4349.75,4356.51,2316,36,0
2026-08-10 19:35:00,4356.53,4359.05,4354.77,4355.35,1508,36,0
2026-08-10 19:40:00,4355.38,4356.58,4351.06,4351.84,1754,36,0
2026-08-10 19:45:00,4351.8,4355.07,4351.63,4353.35,1402,36,0
2026-08-10 19:50:00,4353.37,4354.06,4352.08,4353.68,1276,35,0
2026-08-10 19:55:00,4353.68,4357.21,4351.82,4357.21,1326,35,0
2026-08-10 20:00:00,4357.23,4357.61,4354.27,4354.35,1441,36,0
2026-08-10 20:05:00,4354.35,4357.13,4351.73,4355.8,1349,36,0
2026-08-10 20:10:00,4355.79,4358.14,4355.26,4357.06,1090,36,0
2026-08-10 20:15:00,4357.02,4358.15,4356.4,4357.26,1067,35,0
2026-08-10 20:20:00,4357.25,4360.31,4357.17,4359.9,1380,36,0
2026-08-10 20:25:00,4359.83,4361.34,4358.6,4361.01,1293,36,0
2026-08-10 20:30:00,4361.26,4362.89,4359.67,4362.33,1032,36,0
2026-08-10 20:35:00,4362.33,4365.53,4362.22,4363.94,1304,36,0
2026-08-10 20:40:00,4363.94,4364.01,4359.6,4360.3,1190,36,0
2026-08-10 20:45:00,4360.29,4360.9,4357.77,4360.09,1273,36,0
2026-08-10 20:50:00,4360.07,4361.3,4358.83,4358.88,1221,36,0
2026-08-10 20:55:00,4358.9,4360.27,4357.7,4360.27,1413,36,0
2026-08-10 21:00:00,4360.25,4363.94,4359.86,4363.72,1631,36,0
2026-08-10 21:05:00,4363.72,4365.36,4363.32,4363.65,1240,36,0
2026-08-10 21:10:00,4363.66,4364.54,4362.96,4363.1,1202,35,0
2026-08-10 21:15:00,4363.1,4364.2,4361.51,4363.16,1514,36,0
2026-08-10 21:20:00,4363.04,4364.96,4362.34,4364.67,1252,36,0
2026-08-10 21:25:00,4364.71,4367.2,4364.67,4365.83,1348,36,0
2026-08-10 21:30:00,4365.81,4380.56,4365.17,4379.5,2063,36,0
2026-08-10 21:35:00,4379.49,4381.62,4377.37,4381.32,1422,36,0
2026-08-10 21:40:00,4381.27,4382.89,4379.52,4379.72,1556,36,0
2026-08-10 21:45:00,4379.72,4379.77,4373.33,4376.67,1627,36,0
2026-08-10 21:50:00,4376.67,4379.01,4374.93,4376.84,1376,36,0
2026-08-10 21:55:00,4376.84,4379.31,4376.23,4379.28,1291,35,0
2026-08-10 22:00:00,4379.27,4381.1,4378.62,4379.86,1490,36,0
2026-08-10 22:05:00,4379.87,4382.71,4379.87,4381.91,1661,36,0
2026-08-10 22:10:00,4381.92,4382.67,4380.62,4381.97,1478,35,0
2026-08-10 22:15:00,4382.0,4382.95,4381.25,4382.76,1483,36,0
2026-08-10 22:20:00,4382.76,4387.83,4382.56,4386.51,1824,36,0
2026-08-10 22:25:00,4386.51,4391.45,4386.01,4390.68,2082,36,0
2026-08-10 22:30:00,4390.69,4393.91,4385.98,4386.97,1819,36,0
2026-08-10 22:35:00,4387.0,4388.65,4384.17,4387.8,1835,36,0
2026-08-10 22:40:00,4387.92,4390.59,4386.99,4388.15,1673,36,0
2026-08-10 22:45:00,4388.15,4394.74,4387.23,4393.78,1613,35,0
2026-08-10 22:50:00,4393.79,4394.98,4391.12,4391.95,2087,35,0
2026-08-10 22:55:00,4391.97,4392.47,4387.19,4388.29,2116,35,0
2026-08-10 23:00:00,4388.28,4390.17,4387.81,4388.36,804,31,0
2026-08-10 23:05:00,4388.36,4388.37,4385.68,4385.84,519,31,0
2026-08-10 23:10:00,4385.95,4390.46,4385.84,4389.3,507,31,0
2026-08-10 23:15:00,4389.32,4391.21,4389.25,4389.49,420,32,0
2026-08-10 23:20:00,4389.5,4389.88,4386.46,4388.43,549,34,0
2026-08-10 23:25:00,4388.43,4391.85,4388.3,4391.05,422,35,0
2026-08-10 23:30:00,4391.05,4391.9,4390.35,4390.87,399,36,0
2026-08-10 23:35:00,4390.87,4391.26,4389.92,4390.15,284,34,0
2026-08-10 23:40:00,4390.16,4391.27,4389.59,4389.59,358,44,0
2026-08-10 23:45:00,4389.58,4390.52,4388.67,4389.0,334,44,0
2026-08-10 23:50:00,4389.04,4389.22,4387.29,4387.64,440,44,0
2026-08-10 23:55:00,4387.64,4388.2,4387.16,4387.77,239,374,0
2026-08-11 01:05:00,4388.24,4390.21,4388.07,4389.83,550,368,0
2026-08-11 01:10:00,4389.85,4392.94,4389.84,4391.19,587,38,0
2026-08-11 01:15:00,4391.25,4392.43,4390.9,4392.13,367,38,0
2026-08-11 01:20:00,4392.13,4393.06,4391.59,4392.71,383,37,0
2026-08-11 01:25:00,4392.72,4393.31,4391.76,4391.9,283,37,0
2026-08-11 01:30:00,4391.9,4393.37,4391.88,4393.21,418,37,0
2026-08-11 01:35:00,4393.19,4393.92,4392.77,4393.65,361,37,0
2026-08-11 01:40:00,4393.65,4395.9,4393.3,4395.06,490,37,0
2026-08-11 01:45:00,4395.36,4398.14,4395.28,4397.36,529,37,0
2026-08-11 01:50:00,4397.37,4399.38,4397.07,4399.36,469,36,0
2026-08-11 01:55:00,4399.32,4400.67,4398.55,4399.18,558,35,0
2026-08-11 02:00:00,4399.18,4401.55,4397.6,4398.66,727,37,0
2026-08-11 02:05:00,4398.66,4401.8,4395.83,4396.77,851,38,0
2026-08-11 02:10:00,4396.82,4397.35,4395.65,4397.1,473,35,0
2026-08-11 02:15:00,4397.1,4397.35,4394.6,4395.05,533,35,0
2026-08-11 02:20:00,4395.05,4395.92,4394.61,4394.72,367,35,0
2026-08-11 02:25:00,4394.72,4395.72,4394.56,4395.15,358,35,0
2026-08-11 02:30:00,4395.15,4396.1,4395.14,4395.38,452,35,0
2026-08-11 02:35:00,4395.38,4398.64,4395.28,4398.56,420,36,0
2026-08-11 02:40:00,4398.56,4398.78,4397.41,4398.6,527,36,0
2026-08-11 02:45:00,4398.62,4399.11,4396.64,4397.78,1000,35,0
2026-08-11 02:50:00,4397.78,4398.9,4396.34,4398.71,996,35,0
2026-08-11 02:55:00,4398.71,4403.41,4398.43,4403.41,1074,36,0
2026-08-11 03:00:00,4403.08,4404.51,4396.23,4404.15,1904,38,0
2026-08-11 03:05:00,4404.13,4406.11,4402.63,4405.8,1392,37,0
2026-08-11 03:10:00,4405.81,4408.62,4403.76,4405.17,1314,37,0
2026-08-11 03:15:00,4405.15,4407.5,4404.26,4405.76,1201,37,0
2026-08-11 03:20:00,4405.76,4412.06,4405.36,4411.99,1222,36,0
2026-08-11 03:25:00,4411.99,4415.9,4411.53,4413.82,1282,37,0
2026-08-11 03:30:00,4413.83,4413.89,4411.1,4412.43,992,35,0
2026-08-11 03:35:00,4412.42,4413.25,4408.47,4411.12,1026,35,0
2026-08-11 03:40:00,4411.12,4414.01,4407.26,4414.01,1387,37,0
2026-08-11 03:45:00,4414.01,4418.99,4409.73,4412.53,1522,37,0
2026-08-11 03:50:00,4412.76,4412.9,4409.39,4409.62,941,35,0
2026-08-11 03:55:00,4409.57,4411.7,4408.08,4408.86,960,35,0
2026-08-11 04:00:00,4408.56,4409.23,4393.52,4400.06,3035,38,0
2026-08-11 04:05:00,4400.15,4409.16,4398.63,4408.32,2349,38,0
2026-08-11 04:10:00,4408.3,4415.02,4408.3,4414.26,2086,37,0
2026-08-11 04:15:00,4414.27,4419.36,4412.4,4414.5,2190,37,0
2026-08-11 04:20:00,4414.6,4419.88,4413.44,4414.48,1840,36,0
2026-08-11 04:25:00,4414.54,4419.18,4413.4,4419.14,1775,36,0
2026-08-11 04:30:00,4419.13,4421.43,4418.07,4419.28,1577,36,0
2026-08-11 04:35:00,4419.28,4420.34,4416.33,4419.37,1719,37,0
2026-08-11 04:40:00,4419.44,4422.31,4414.83,4415.36,1942,37,0
2026-08-11 04:45:00,4415.4,4427.05,4414.46,4426.26,1936,36,0
2026-08-11 04:50:00,4426.26,4431.52,4425.08,4431.33,1580,35,0
2026-08-11 04:55:00,4431.33,4433.87,4428.83,4429.27,1586,35,0
2026-08-11 05:00:00,4429.29,4429.8,4423.45,4426.62,1756,35,0
2026-08-11 05:05:00,4426.63,4429.45,4421.64,4423.47,1508,35,0
2026-08-11 05:10:00,4423.45,4434.36,4422.8,4433.72,1401,35,0
2026-08-11 05:15:00,4433.68,4434.97,4431.62,4431.7,908,35,0
2026-08-11 05:20:00,4431.7,4431.89,4426.01,4426.1,930,35,0
2026-08-11 05:25:00,4426.1,4430.1,4425.86,4428.11,1028,35,0
2026-08-11 05:30:00,4428.06,4428.98,4423.98,4426.53,1650,35,0
2026-08-11 05:35:00,4426.44,4426.72,4413.63,4415.79,1898,38,0
2026-08-11 05:40:00,4415.74,4421.03,4415.68,4418.21,1413,35,0
2026-08-11 05:45:00,4418.1,4418.82,4414.47,4414.9,1367,35,0
2026-08-11 05:50:00,4414.87,4414.94,4409.05,4411.29,1607,35,0
2026-08-11 05:55:00,4411.3,4412.72,4407.83,4410.64,1437,35,0
2026-08-11 06:00:00,4410.6,4414.08,4409.98,4413.24,1353,35,0
2026-08-11 06:05:00,4413.21,4414.67,4409.28,4413.39,1167,35,0
2026-08-11 06:10:00,4413.39,4415.06,4412.0,4413.27,979,35,0
2026-08-11 06:15:00,4413.28,4417.11,4412.72,4416.36,1077,36,0
2026-08-11 06:20:00,4416.32,4418.02,4414.23,4415.28,1012,36,0
2026-08-11 06:25:00,4415.2,4420.48,4415.14,4420.09,1093,37,0
2026-08-11 06:30:00,4420.09,4421.36,4418.41,4419.65,813,35,0
2026-08-11 06:35:00,4419.65,4420.15,4418.2,4418.53,618,35,0
2026-08-11 06:40:00,4418.49,4419.66,4415.37,4416.25,582,37,0
2026-08-11 06:45:00,4416.25,4418.31,4414.04,4414.8,907,38,0
2026-08-11 06:50:00,4414.81,4418.66,4414.05,4416.74,656,36,0
2026-08-11 06:55:00,4416.78,4417.73,4416.11,4416.72,458,35,0
2026-08-11 07:00:00,4416.73,4419.42,4416.29,4417.51,800,36,0
2026-08-11 07:05:00,4417.51,4418.16,4413.6,4413.61,791,35,0
2026-08-11 07:10:00,4413.61,4414.08,4411.98,4413.93,813,35,0
2026-08-11 07:15:00,4413.94,4415.62,4412.44,4412.68,742,35,0
2026-08-11 07:20:00,4412.77,4413.82,4409.82,4412.99,755,35,0
2026-08-11 07:25:00,4412.99,4415.28,4410.74,4415.18,685,35,0
2026-08-11 07:30:00,4415.18,4420.04,4410.86,4415.75,1539,35,0
2026-08-11 07:35:00,4415.73,4415.89,4410.43,4413.47,1261,37,0
2026-08-11 07:40:00,4413.43,4414.53,4408.11,4409.79,982,36,0
2026-08-11 07:45:00,4409.76,4411.1,4406.97,4407.45,938,35,0
2026-08-11 07:50:00,4407.45,4408.06,4405.56,4406.65,943,36,0
2026-08-11 07:55:00,4406.64,4409.2,4403.05,4408.74,848,35,0
2026-08-11 08:00:00,4408.74,4408.88,4404.67,4405.37,668,35,0
2026-08-11 08:05:00,4405.38,4406.32,4402.46,4405.84,892,35,0
2026-08-11 08:10:00,4405.84,4406.03,4399.18,4401.99,804,35,0
2026-08-11 08:15:00,4401.99,4402.04,4397.64,4398.8,866,35,0
2026-08-11 08:20:00,4398.8,4399.6,4395.93,4397.72,1016,35,0
2026-08-11 08:25:00,4397.72,4397.98,4389.47,4389.47,1302,35,0
2026-08-11 08:30:00,4389.4,4390.15,4372.58,4383.9,3010,38,0
2026-08-11 08:35:00,4384.14,4385.67,4377.2,4379.72,2248,38,0
2026-08-11 08:40:00,4379.71,4380.02,4373.59,4376.64,2081,37,0
2026-08-11 08:45:00,4376.68,4378.0,4371.64,4371.78,2006,37,0
2026-08-11 08:50:00,4371.78,4373.18,4368.07,4369.83,2104,37,0
2026-08-11 08:55:00,4370.02,4375.21,4367.23,4374.97,1886,36,0
2026-08-11 09:00:00,4374.94,4380.64,4371.3,4379.16,1939,33,0
2026-08-11 09:05:00,4379.17,4382.21,4377.94,4382.11,1553,34,0
2026-08-11 09:10:00,4381.89,4381.91,4372.6,4372.66,1837,35,0
2026-08-11 09:15:00,4372.69,4375.91,4369.39,4369.64,1901,36,0
2026-08-11 09:20:00,4369.76,4374.26,4367.45,4373.59,1851,34,0
2026-08-11 09:25:00,4373.56,4373.68,4361.92,4363.31,2034,33,0
2026-08-11 09:30:00,4363.32,4367.65,4359.77,4362.41,2330,35,0
2026-08-11 09:35:00,4362.4,4368.1,4360.64,4367.82,1817,31,0
2026-08-11 09:40:00,4367.82,4369.11,4362.83,4363.64,1518,31,0
2026-08-11 09:45:00,4363.64,4367.07,4362.38,4366.62,1487,34,0
2026-08-11 09:50:00,4366.65,4367.28,4360.55,4361.34,1573,34,0
2026-08-11 09:55:00,4361.44,4366.04,4359.45,4365.95,1456,34,0
2026-08-11 10:00:00,4365.89,4367.42,4361.58,4362.62,1509,34,0
2026-08-11 10:05:00,4362.63,4364.75,4361.02,4361.45,1353,35,0
2026-08-11 10:10:00,4361.44,4364.66,4361.0,4362.86,1234,31,0
2026-08-11 10:15:00,4362.87,4363.26,4357.58,4359.68,1340,32,0
2026-08-11 10:20:00,4359.68,4361.62,4357.3,4359.72,1231,34,0
2026-08-11 10:25:00,4359.82,4365.59,4359.17,4362.83,1164,31,0
2026-08-11 10:30:00,4362.86,4364.54,4358.37,4360.76,1418,31,0
2026-08-11 10:35:00,4360.79,4363.23,4358.68,4358.75,1115,31,0
2026-08-11 10:40:00,4358.71,4358.81,4356.22,4358.37,1160,31,0
2026-08-11 10:45:00,4358.33,4359.5,4356.94,4358.89,1105,33,0
2026-08-11 10:50:00,4359.12,4361.22,4357.5,4359.46,1051,35,0
2026-08-11 10:55:00,4359.36,4359.61,4356.41,4357.84,961,31,0
2026-08-11 11:00:00,4357.84,4363.73,4356.61,4362.63,1480,34,0
2026-08-11 11:05:00,4362.65,4366.32,4361.92,4365.09,1230,31,0
2026-08-11 11:10:00,4365.0,4366.27,4363.56,4364.67,1054,31,0
2026-08-11 11:15:00,4364.67,4365.16,4359.74,4361.7,1129,31,0
2026-08-11 11:20:00,4361.74,4364.21,4358.64,4364.05,1213,31,0
2026-08-11 11:25:00,4364.06,4369.24,4363.41,4368.45,1243,31,0
2026-08-11 11:30:00,4368.42,4371.94,4368.21,4370.7,1360,33,0
2026-08-11 11:35:00,4370.7,4374.67,4370.36,4374.1,1122,31,0
2026-08-11 11:40:00,4374.1,4375.56,4373.57,4374.28,900,31,0
2026-08-11 11:45:00,4374.28,4375.06,4371.86,4373.91,1106,31,0
2026-08-11 11:50:00,4373.91,4376.25,4370.77,4370.88,1199,34,0
2026-08-11 11:55:00,4370.87,4372.17,4368.51,4368.75,996,32,0
2026-08-11 12:00:00,4368.52,4371.37,4367.23,4370.82,1156,33,0
2026-08-11 12:05:00,4370.82,4372.09,4369.97,4370.09,857,31,0
2026-08-11 12:10:00,4370.09,4372.56,4369.91,4372.04,754,31,0
2026-08-11 12:15:00,4372.04,4373.68,4370.57,4373.42,927,32,0
2026-08-11 12:20:00,4373.47,4375.03,4370.27,4372.4,1490,31,0
2026-08-11 12:25:00,4372.4,4375.07,4370.29,4371.39,1309,31,0
2026-08-11 12:30:00,4371.33,4374.44,4369.77,4372.84,1260,36,0
2026-08-11 12:35:00,4372.83,4374.21,4371.43,4372.93,851,35,0
2026-08-11 12:40:00,4372.96,4373.8,4370.01,4370.03,926,33,0
2026-08-11 12:45:00,4370.03,4374.27,4369.91,4372.94,916,34,0
2026-08-11 12:50:00,4372.96,4372.96,4370.72,4371.27,752,35,0
2026-08-11 12:55:00,4371.27,4372.47,4370.44,4371.88,845,36,0
2026-08-11 13:00:00,4372.01,4373.62,4370.69,4371.7,1059,36,0
2026-08-11 13:05:00,4371.67,4374.22,4370.98,4373.01,927,34,0
2026-08-11 13:10:00,4373.0,4375.48,4372.54,4372.65,954,32,0
2026-08-11 13:15:00,4372.65,4374.4,4371.93,4371.93,830,33,0
2026-08-11 13:20:00,4371.94,4377.45,4371.87,4377.12,1211,33,0
2026-08-11 13:25:00,4377.11,4381.34,4376.11,4377.74,1708,36,0
2026-08-11 13:30:00,4377.74,4380.46,4377.59,4378.65,1336,36,0
2026-08-11 13:35:00,4378.62,4379.4,4377.21,4377.49,821,33,0
2026-08-11 13:40:00,4377.49,4378.06,4376.48,4377.16,923,35,0
2026-08-11 13:45:00,4377.15,4380.57,4377.07,4380.42,1017,35,0
2026-08-11 13:50:00,4380.42,4381.27,4379.74,4380.02,889,34,0
2026-08-11 13:55:00,4379.95,4382.0,4378.44,4381.82,1003,35,0
2026-08-11 14:00:00,4381.83,4392.47,4379.93,4390.58,2894,36,0
2026-08-11 14:05:00,4390.58,4391.81,4388.17,4390.43,2035,36,0
2026-08-11 14:10:00,4390.44,4391.98,4387.44,4391.37,1674,35,0
2026-08-11 14:15:00,4391.08,4391.92,4387.82,4389.6,1656,35,0
2026-08-11 14:20:00,4389.66,4390.73,4385.19,4385.63,1259,35,0
2026-08-11 14:25:00,4385.63,4388.04,4384.73,4387.02,1369,35,0
2026-08-11 14:30:00,4387.0,4387.55,4384.86,4385.76,1243,35,0
2026-08-11 14:35:00,4385.76,4386.64,4383.04,4384.16,1179,35,0
2026-08-11 14:40:00,4384.16,4385.85,4382.59,4385.52,1076,35,0
2026-08-11 14:45:00,4385.59,4388.6,4385.06,4387.27,1258,36,0
2026-08-11 14:50:00,4387.27,4389.31,4384.46,4386.72,1225,35,0
2026-08-11 14:55:00,4386.71,4388.16,4385.22,4387.22,1151,31,0
2026-08-11 15:00:00,4387.22,4387.36,4383.24,4384.73,1574,33,0
2026-08-11 15:05:00,4384.73,4394.82,4384.4,4393.15,1624,36,0
2026-08-11 15:10:00,4393.15,4397.01,4391.16,4396.42,1592,36,0
2026-08-11 15:15:00,4396.51,4397.25,4392.46,4396.01,1506,35,0
2026-08-11 15:20:00,4395.97,4399.18,4387.42,4388.61,2405,36,0
2026-08-11 15:25:00,4388.62,4392.57,4387.12,4391.35,1712,36,0
2026-08-11 15:30:00,4391.36,4394.67,4388.23,4389.4,1690,36,0
2026-08-11 15:35:00,4389.41,4391.57,4388.29,4389.84,1473,32,0
2026-08-11 15:40:00,4389.87,4397.99,4389.16,4397.98,1543,34,0
2026-08-11 15:45:00,4397.94,4399.53,4394.83,4396.71,1393,34,0
2026-08-11 15:50:00,4396.82,4397.47,4392.45,4393.17,1297,31,0
2026-08-11 15:55:00,4393.21,4394.18,4391.46,4392.73,1343,33,0
2026-08-11 16:00:00,4392.86,4398.72,4391.27,4392.2,2349,36,0
2026-08-11 16:05:00,4392.17,4398.55,4392.09,4398.55,1749,33,0
2026-08-11 16:10:00,4398.82,4400.43,4392.94,4392.94,1660,31,0
2026-08-11 16:15:00,4392.98,4394.96,4389.08,4393.82,2000,36,0
2026-08-11 16:20:00,4393.82,4400.35,4393.74,4397.15,1705,34,0
2026-08-11 16:25:00,4397.13,4399.51,4395.36,4397.79,1667,31,0
2026-08-11 16:30:00,4397.7,4399.67,4389.51,4391.69,2704,36,0
2026-08-11 16:35:00,4391.69,4399.39,4388.41,4399.3,2574,36,0
2026-08-11 16:40:00,4399.33,4401.35,4397.85,4399.63,2551,34,0
2026-08-11 16:45:00,4399.61,4403.68,4392.28,4394.71,2740,35,0
2026-08-11 16:50:00,4394.71,4396.07,4384.11,4386.77,2692,36,0
2026-08-11 16:55:00,4386.58,4393.98,4386.38,4388.49,2486,31,0
2026-08-11 17:00:00,4388.5,4389.62,4380.63,4384.94,2580,31,0
2026-08-11 17:05:00,4384.96,4386.52,4382.51,4384.66,2136,31,0
2026-08-11 17:10:00,4384.86,4386.83,4381.82,4386.64,2020,31,0
2026-08-11 17:15:00,4386.39,4389.84,4382.35,4385.23,2171,33,0
2026-08-11 17:20:00,4385.11,4389.06,4381.26,4383.98,2055,31,0
2026-08-11 17:25:00,4383.98,4387.32,4381.62,4383.84,2045,31,0
2026-08-11 17:30:00,4383.83,4390.45,4383.79,4390.23,2173,33,0
2026-08-11 17:35:00,4390.22,4392.67,4388.69,4391.37,1978,31,0
2026-08-11 17:40:00,4391.42,4394.88,4390.41,4393.08,1744,31,0
2026-08-11 17:45:00,4393.07,4395.57,4392.28,4393.14,1502,31,0
2026-08-11 17:50:00,4393.14,4395.06,4391.45,4394.92,1651,33,0
2026-08-11 17:55:00,4394.94,4397.57,4392.51,4393.88,1729,35,0
2026-08-11 18:00:00,4393.89,4398.42,4392.68,4396.56,1828,35,0
2026-08-11 18:05:00,4396.55,4396.92,4389.56,4390.46,1779,32,0
2026-08-11 18:10:00,4390.44,4395.56,4388.78,4391.39,1726,31,0
2026-08-11 18:15:00,4391.37,4391.8,4381.79,4385.99,2198,32,0
2026-08-11 18:20:00,4386.0,4389.15,4382.97,4383.51,1884,34,0
2026-08-11 18:25:00,4383.52,4387.23,4381.6,4386.33,1708,31,0
2026-08-11 18:30:00,4386.27,4386.6,4376.3,4377.71,2211,32,0
2026-08-11 18:35:00,4377.61,4379.02,4371.33,4371.38,2566,36,0
2026-08-11 18:40:00,4371.39,4375.95,4368.87,4375.73,2215,34,0
2026-08-11 18:45:00,4375.72,4377.8,4374.64,4375.7,1730,31,0
2026-08-11 18:50:00,4375.7,4380.54,4375.2,4380.54,1633,32,0
2026-08-11 18:55:00,4380.54,4384.31,4379.52,4384.31,1451,34,0
2026-08-11 19:00:00,4384.3,4384.59,4380.26,4380.67,1610,36,0
2026-08-11 19:05:00,4380.68,4381.37,4378.46,4379.98,1275,36,0
2026-08-11 19:10:00,4379.88,4381.48,4378.4,4379.31,1198,35,0
2026-08-11 19:15:00,4379.31,4381.11,4378.28,4378.47,1148,34,0
2026-08-11 19:20:00,4378.51,4382.75,4378.25,4381.32,1334,35,0
2026-08-11 19:25:00,4381.32,4383.19,4380.32,4382.55,1172,36,0
2026-08-11 19:30:00,4382.62,4382.82,4379.06,4382.2,1126,36,0
2026-08-11 19:35:00,4382.2,4384.66,4382.05,4383.57,959,36,0
2026-08-11 19:40:00,4383.57,4385.55,4382.76,4384.53,949,36,0
2026-08-11 19:45:00,4384.53,4385.21,4381.93,4382.59,1100,36,0
2026-08-11 19:50:00,4382.6,4382.89,4380.8,4381.98,1078,36,0
2026-08-11 19:55:00,4382.05,4384.9,4381.55,4383.22,1246,36,0
2026-08-11 20:00:00,4383.22,4385.27,4382.22,4383.37,1125,36,0
2026-08-11 20:05:00,4383.37,4385.48,4381.47,4384.35,1198,36,0
2026-08-11 20:10:00,4384.31,4384.34,4380.33,4380.33,1350,36,0
2026-08-11 20:15:00,4380.35,4383.55,4379.79,4383.0,1206,36,0
2026-08-11 20:20:00,4383.0,4384.17,4379.57,4380.78,1304,36,0
2026-08-11 20:25:00,4380.77,4382.99,4378.72,4381.41,1389,36,0
2026-08-11 20:30:00,4381.32,4381.75,4375.91,4376.49,1343,36,0
2026-08-11 20:35:00,4376.49,4377.09,4374.13,4376.7,1145,36,0
2026-08-11 20:40:00,4376.7,4378.01,4375.94,4376.02,1133,35,0
2026-08-11 20:45:00,4376.01,4377.29,4374.72,4376.4,916,31,0
2026-08-11 20:50:00,4376.4,4376.62,4372.67,4372.7,816,31,0
2026-08-11 20:55:00,4372.92,4373.2,4368.7,4368.81,1305,32,0
2026-08-11 21:00:00,4368.79,4368.79,4363.52,4364.94,1865,36,0
2026-08-11 21:05:00,4364.97,4366.76,4360.94,4361.29,1893,36,0
2026-08-11 21:10:00,4361.29,4363.87,4360.08,4363.44,1506,36,0
2026-08-11 21:15:00,4363.43,4367.02,4363.35,4366.45,1500,35,0
2026-08-11 21:20:00,4366.43,4366.44,4361.82,4364.12,1508,32,0
2026-08-11 21:25:00,4364.11,4365.23,4360.15,4361.24,1556,31,0
2026-08-11 21:30:00,4361.19,4367.7,4360.94,4367.4,1177,36,0
2026-08-11 21:35:00,4367.4,4370.93,4367.16,4370.18,1190,35,0
2026-08-11 21:40:00,4370.19,4371.57,4368.64,4370.9,1021,31,0
2026-08-11 21:45:00,4370.91,4372.44,4370.67,4371.24,1027,31,0
2026-08-11 21:50:00,4371.24,4372.2,4371.22,4371.36,815,33,0
2026-08-11 21:55:00,4371.42,4371.71,4369.82,4371.32,886,34,0
2026-08-11 22:00:00,4371.32,4371.96,4366.72,4366.74,1069,35,0
2026-08-11 22:05:00,4366.69,4366.79,4363.27,4364.62,1262,36,0
2026-08-11 22:10:00,4364.61,4367.16,4363.19,4363.62,1050,36,0
2026-08-11 22:15:00,4363.65,4364.42,4361.05,4362.6,1086,36,0
2026-08-11 22:20:00,4362.6,4368.95,4361.83,4368.49,1149,36,0
2026-08-11 22:25:00,4368.5,4370.71,4366.77,4370.71,1179,35,0
2026-08-11 22:30:00,4370.6,4373.99,4370.21,4371.2,1363,35,0
2026-08-11 22:35:00,4371.19,4371.38,4368.11,4370.25,1108,36,0
2026-08-11 22:40:00,4370.28,4370.28,4366.16,4367.37,920,31,0
2026-08-11 22:45:00,4367.36,4370.19,4366.38,4369.71,1114,31,0
2026-08-11 22:50:00,4369.76,4370.33,4366.04,4369.2,1236,34,0
2026-08-11 22:55:00,4369.18,4373.03,4369.04,4370.57,1585,35,0
2026-08-11 23:00:00,4370.54,4370.76,4368.23,4369.62,776,31,0
2026-08-11 23:05:00,4369.62,4370.63,4368.71,4370.14,567,31,0
2026-08-11 23:10:00,4370.08,4370.78,4369.92,4370.07,300,31,0
2026-08-11 23:15:00,4370.07,4370.08,4367.58,4367.97,354,31,0
2026-08-11 23:20:00,4367.93,4369.61,4367.37,4369.6,250,35,0
2026-08-11 23:25:00,4369.6,4370.68,4368.99,4370.05,362,36,0
2026-08-11 23:30:00,4370.05,4370.19,4369.08,4369.51,273,36,0
2026-08-11 23:35:00,4369.5,4369.66,4368.6,4369.03,283,36,0
2026-08-11 23:40:00,4369.01,4369.01,4367.12,4367.22,321,44,0
2026-08-11 23:45:00,4367.34,4367.57,4366.86,4367.31,332,44,0
2026-08-11 23:50:00,4367.31,4367.31,4365.45,4366.52,305,44,0
2026-08-11 23:55:00,4366.52,4367.17,4366.06,4366.33,194,374,0
2026-08-12 01:05:00,4371.12,4372.95,4370.53,4372.77,536,368,0
2026-08-12 01:10:00,4372.77,4375.17,4372.66,4373.7,501,38,0
2026-08-12 01:15:00,4373.84,4375.03,4373.03,4374.38,676,38,0
2026-08-12 01:20:00,4374.38,4376.22,4374.32,4375.6,752,38,0
2026-08-12 01:25:00,4375.6,4376.66,4375.3,4376.22,595,37,0
2026-08-12 01:30:00,4376.22,4377.67,4375.9,4376.52,694,37,0
2026-08-12 01:35:00,4376.54,4377.26,4375.72,4376.08,677,37,0
2026-08-12 01:40:00,4376.38,4376.38,4374.49,4375.93,472,36,0
2026-08-12 01:45:00,4375.94,4378.0,4373.69,4374.57,918,38,0
2026-08-12 01:50:00,4374.55,4375.08,4370.66,4373.6,973,38,0
2026-08-12 01:55:00,4373.6,4374.33,4366.92,4369.17,913,37,0
2026-08-12 02:00:00,4369.2,4369.22,4363.07,4364.38,1026,36,0
2026-08-12 02:05:00,4364.39,4369.52,4362.23,4364.38,1236,37,0
2026-08-12 02:10:00,4364.38,4369.42,4364.32,4366.26,963,36,0
2026-08-12 02:15:00,4366.26,4371.86,4364.92,4370.74,787,35,0
2026-08-12 02:20:00,4370.74,4374.18,4370.74,4372.29,724,35,0
2026-08-12 02:25:00,4371.99,4373.5,4367.86,4372.3,903,35,0
2026-08-12 02:30:00,4372.3,4372.44,4366.35,4368.05,892,35,0
2026-08-12 02:35:00,4368.05,4368.39,4367.05,4367.4,383,35,0
2026-08-12 02:40:00,4367.43,4368.03,4367.2,4367.57,250,35,0
2026-08-12 02:45:00,4367.57,4370.13,4367.57,4368.53,483,37,0
2026-08-12 02:50:00,4368.54,4369.53,4368.03,4369.52,555,37,0
2026-08-12 02:55:00,4369.51,4371.56,4369.41,4371.13,553,38,0
2026-08-12 03:00:00,4371.09,4371.24,4366.16,4368.55,1558,38,0
2026-08-12 03:05:00,4368.55,4370.8,4367.57,4370.46,1100,37,0
2026-08-12 03:10:00,4370.46,4379.11,4370.05,4377.67,1143,36,0
2026-08-12 03:15:00,4377.67,4379.6,4373.84,4379.36,1352,37,0
2026-08-12 03:20:00,4379.43,4380.19,4377.37,4378.28,1054,35,0
2026-08-12 03:25:00,4378.28,4380.79,4377.53,4380.73,1220,35,0
2026-08-12 03:30:00,4380.72,4382.94,4379.04,4381.05,1141,35,0
2026-08-12 03:35:00,4381.05,4383.38,4380.58,4381.8,816,35,0
2026-08-12 03:40:00,4381.73,4382.94,4380.7,4382.65,778,35,0
2026-08-12 03:45:00,4382.69,4382.88,4380.66,4380.97,801,35,0
2026-08-12 03:50:00,4380.98,4381.72,4377.79,4377.91,815,35,0
2026-08-12 03:55:00,4377.89,4381.75,4377.37,4381.75,882,37,0
2026-08-12 04:00:00,4382.09,4385.08,4378.01,4384.34,2439,38,0
2026-08-12 04:05:00,4384.34,4387.24,4382.05,4386.89,1776,37,0
2026-08-12 04:10:00,4386.88,4390.39,4386.45,4390.09,1285,36,0
2026-08-12 04:15:00,4390.08,4391.61,4386.45,4391.28,1496,37,0
2026-08-12 04:20:00,4390.9,4393.86,4389.05,4390.53,1336,36,0
2026-08-12 04:25:00,4390.53,4391.6,4389.61,4390.46,1001,35,0
2026-08-12 04:30:00,4390.43,4391.12,4385.69,4386.7,1484,36,0
2026-08-12 04:35:00,4386.7,4390.94,4384.76,4387.35,1522,37,0
2026-08-12 04:40:00,4387.35,4392.87,4386.82,4392.79,1386,35,0
2026-08-12 04:45:00,4392.79,4395.98,4390.84,4394.84,1307,35,0
2026-08-12 04:50:00,4394.9,4397.12,4394.73,4395.09,1350,35,0
2026-08-12 04:55:00,4395.08,4397.04,4393.21,4396.26,1257,36,0
2026-08-12 05:00:00,4396.27,4396.66,4394.01,4396.3,1281,36,0
2026-08-12 05:05:00,4396.31,4397.71,4395.06,4396.99,1058,36,0
2026-08-12 05:10:00,4396.99,4404.52,4396.92,4401.55,1499,37,0
2026-08-12 05:15:00,4401.52,4402.77,4399.25,4401.49,1015,35,0
2026-08-12 05:20:00,4401.49,4403.51,4400.64,4402.17,975,35,0
2026-08-12 05:25:00,4402.13,4402.99,4400.93,4402.11,673,35,0
2026-08-12 05:30:00,4402.11,4403.26,4398.09,4398.63,1496,36,0
2026-08-12 05:35:00,4398.61,4399.87,4397.47,4399.48,1059,35,0
2026-08-12 05:40:00,4399.48,4408.01,4399.14,4405.45,1775,37,0
2026-08-12 05:45:00,4405.47,4410.96,4405.21,4409.64,1504,36,0
2026-08-12 05:50:00,4409.65,4414.42,4409.43,4413.52,1417,36,0
2026-08-12 05:55:00,4413.53,4413.59,4411.04,4411.3,1285,35,0
2026-08-12 06:00:00,4411.31,4414.2,4408.8,4409.67,1469,35,0
2026-08-12 06:05:00,4409.64,4415.93,4408.6,4413.27,1598,35,0
2026-08-12 06:10:00,4413.28,4414.31,4410.31,4410.42,1242,35,0
2026-08-12 06:15:00,4410.42,4410.52,4406.24,4407.01,1291,35,0
2026-08-12 06:20:00,4406.98,4407.3,4404.24,4406.06,1130,35,0
2026-08-12 06:25:00,4406.07,4407.8,4405.75,4406.98,1144,36,0
2026-08-12 06:30:00,4406.97,4408.37,4404.53,4405.1,920,35,0
2026-08-12 06:35:00,4405.1,4406.14,4403.45,4403.66,669,35,0
2026-08-12 06:40:00,4403.69,4404.09,4401.05,4401.06,889,35,0
2026-08-12 06:45:00,4401.06,4402.84,4400.99,4402.37,729,36,0
2026-08-12 06:50:00,4402.37,4403.44,4400.42,4401.78,705,35,0
2026-08-12 06:55:00,4401.74,4402.46,4400.62,4401.51,505,35,0
2026-08-12 07:00:00,4401.51,4402.09,4400.46,4401.82,528,35,0
2026-08-12 07:05:00,4401.8,4402.0,4398.18,4398.49,514,35,0
2026-08-12 07:10:00,4398.49,4398.66,4395.13,4395.9,905,35,0
2026-08-12 07:15:00,4395.9,4395.9,4393.9,4394.73,755,35,0
2026-08-12 07:20:00,4394.74,4396.84,4394.67,4396.08,585,35,0
2026-08-12 07:25:00,4396.08,4397.7,4395.87,4397.45,588,35,0
2026-08-12 07:30:00,4397.45,4397.86,4395.65,4397.51,449,35,0
2026-08-12 07:35:00,4397.5,4398.66,4396.66,4397.78,619,35,0
2026-08-12 07:40:00,4397.87,4398.85,4394.23,4398.75,854,36,0
2026-08-12 07:45:00,4398.72,4401.06,4398.32,4400.13,621,35,0
2026-08-12 07:50:00,4400.13,4400.62,4398.72,4398.84,623,35,0
2026-08-12 07:55:00,4398.79,4400.7,4398.51,4400.49,659,35,0
2026-08-12 08:00:00,4400.49,4401.91,4399.82,4401.21,651,36,0
2026-08-12 08:05:00,4401.15,4404.37,4400.55,4403.95,687,37,0
2026-08-12 08:10:00,4403.94,4404.33,4400.32,4400.32,624,35,0
2026-08-12 08:15:00,4400.32,4400.37,4396.72,4398.21,801,35,0
2026-08-12 08:20:00,4398.24,4398.69,4392.0,4393.79,1027,38,0
2026-08-12 08:25:00,4393.78,4395.58,4391.48,4391.48,801,35,0
2026-08-12 08:30:00,4391.01,4396.68,4388.99,4391.84,1917,38,0
2026-08-12 08:35:00,4391.83,4394.8,4390.55,4393.4,1435,37,0
2026-08-12 08:40:00,4393.41,4393.94,4387.66,4387.74,1194,37,0
2026-08-12 08:45:00,4387.57,4388.87,4384.79,4384.94,1358,37,0
2026-08-12 08:50:00,4384.9,4388.8,4383.64,4388.43,1049,35,0
2026-08-12 08:55:00,4388.48,4393.65,4388.01,4390.68,1367,35,0
2026-08-12 09:00:00,4390.68,4392.75,4387.22,4388.26,1387,31,0
2026-08-12 09:05:00,4388.27,4388.38,4384.99,4386.22,1179,31,0
2026-08-12 09:10:00,4386.22,4388.06,4384.89,4386.69,1121,31,0
2026-08-12 09:15:00,4386.71,4390.03,4385.35,4388.81,1127,35,0
2026-08-12 09:20:00,4388.81,4390.15,4387.51,4388.72,992,34,0
2026-08-12 09:25:00,4388.76,4389.75,4386.73,4389.51,1018,34,0
2026-08-12 09:30:00,4389.5,4389.99,4388.06,4389.11,1060,33,0
2026-08-12 09:35:00,4389.12,4394.66,4388.38,4393.49,1582,35,0
2026-08-12 09:40:00,4393.49,4397.06,4393.24,4394.26,1353,31,0
2026-08-12 09:45:00,4394.22,4400.46,4394.21,4399.82,1377,31,0
2026-08-12 09:50:00,4399.81,4402.89,4399.31,4401.0,1173,31,0
2026-08-12 09:55:00,4401.0,4406.04,4400.94,4403.31,1333,31,0
2026-08-12 10:00:00,4403.34,4405.82,4400.93,4401.09,1145,31,0
2026-08-12 10:05:00,4401.09,4403.0,4400.69,4402.16,903,31,0
2026-08-12 10:10:00,4402.16,4405.75,4400.51,4400.51,889,31,0
2026-08-12 10:15:00,4400.61,4401.16,4398.44,4398.96,898,33,0
2026-08-12 10:20:00,4398.96,4400.23,4397.98,4399.98,687,34,0
2026-08-12 10:25:00,4399.95,4402.42,4399.34,4402.07,764,35,0
2026-08-12 10:30:00,4402.06,4405.25,4401.1,4403.63,650,36,0
2026-08-12 10:35:00,4403.61,4407.07,4403.03,4407.04,904,36,0
2026-08-12 10:40:00,4406.8,4408.1,4405.38,4407.44,880,34,0
2026-08-12 10:45:00,4407.49,4409.37,4405.62,4408.16,895,35,0
2026-08-12 10:50:00,4408.19,4409.63,4407.14,4408.4,898,31,0
2026-08-12 10:55:00,4408.41,4408.59,4404.42,4405.72,838,31,0
2026-08-12 11:00:00,4405.69,4409.86,4405.46,4408.3,1039,36,0
2026-08-12 11:05:00,4408.29,4410.12,4406.77,4407.01,806,31,0
2026-08-12 11:10:00,4407.01,4409.05,4406.98,4408.25,758,31,0
2026-08-12 11:15:00,4408.12,4408.28,4406.13,4407.03,709,31,0
2026-08-12 11:20:00,4407.02,4409.08,4407.0,4407.77,889,31,0
2026-08-12 11:25:00,4407.77,4408.17,4405.27,4406.66,772,31,0
2026-08-12 11:30:00,4406.66,4407.22,4404.65,4405.42,860,31,0
2026-08-12 11:35:00,4405.42,4406.15,4404.39,4405.61,714,31,0
2026-08-12 11:40:00,4405.61,4405.93,4404.11,4405.6,617,31,0
2026-08-12 11:45:00,4405.6,4405.6,4402.53,4403.97,724,31,0
2026-08-12 11:50:00,4403.98,4404.76,4402.93,4402.93,621,31,0
2026-08-12 11:55:00,4402.93,4403.19,4401.43,4401.63,655,34,0
2026-08-12 12:00:00,4401.69,4407.62,4401.59,4406.98,805,35,0
2026-08-12 12:05:00,4407.0,4408.53,4406.38,4408.44,797,36,0
2026-08-12 12:10:00,4408.44,4412.77,4407.45,4412.44,1092,36,0
2026-08-12 12:15:00,4412.53,4417.49,4411.98,4415.26,1157,36,0
2026-08-12 12:20:00,4415.27,4423.76,4413.01,4423.16,1931,36,0
2026-08-12 12:25:00,4422.87,4423.09,4412.65,4412.75,1824,36,0
2026-08-12 12:30:00,4412.76,4415.35,4411.53,4413.89,1488,36,0
2026-08-12 12:35:00,4414.13,4415.92,4412.18,4415.66,1154,35,0
2026-08-12 12:40:00,4415.65,4416.65,4412.78,4413.45,949,35,0
2026-08-12 12:45:00,4413.48,4413.87,4412.03,4412.73,944,35,0
2026-08-12 12:50:00,4412.98,4416.15,4410.39,4411.42,1377,35,0
2026-08-12 12:55:00,4411.44,4415.98,4411.1,4415.68,1050,34,0
2026-08-12 13:00:00,4415.67,4416.01,4414.31,4414.71,793,33,0
2026-08-12 13:05:00,4414.71,4418.6,4414.69,4417.63,995,34,0
2026-08-12 13:10:00,4417.63,4418.87,4416.8,4417.86,848,33,0
2026-08-12 13:15:00,4417.82,4419.31,4417.05,4418.99,794,31,0
2026-08-12 13:20:00,4418.96,4419.9,4418.25,4418.87,829,31,0
2026-08-12 13:25:00,4418.88,4420.51,4417.64,4419.14,944,33,0
2026-08-12 13:30:00,4419.12,4419.35,4416.59,4416.75,959,32,0
2026-08-12 13:35:00,4416.75,4416.75,4412.51,4413.56,857,31,0
2026-08-12 13:40:00,4413.57,4414.79,4412.91,4414.23,808,32,0
2026-08-12 13:45:00,4414.23,4415.29,4407.04,4409.07,1254,34,0
2026-08-12 13:50:00,4408.83,4410.62,4407.88,4410.13,1348,36,0
2026-08-12 13:55:00,4410.13,4412.32,4409.41,4412.29,891,36,0
2026-08-12 14:00:00,4412.29,4414.78,4410.51,4410.63,1067,35,0
2026-08-12 14:05:00,4410.76,4411.16,4408.97,4410.18,805,34,0
2026-08-12 14:10:00,4410.18,4410.87,4407.49,4407.57,856,34,0
2026-08-12 14:15:00,4407.57,4409.86,4407.5,4409.76,680,33,0
2026-08-12 14:20:00,4409.77,4411.1,4409.43,4410.39,712,32,0
2026-08-12 14:25:00,4410.39,4416.21,4409.78,4414.47,1138,36,0
2026-08-12 14:30:00,4414.5,4415.35,4412.45,4412.64,878,35,0
2026-08-12 14:35:00,4412.64,4413.3,4409.76,4411.12,747,34,0
2026-08-12 14:40:00,4411.15,4413.34,4411.1,4412.78,689,35,0
2026-08-12 14:45:00,4412.77,4413.69,4412.1,4412.88,745,35,0
2026-08-12 14:50:00,4412.88,4413.88,4412.11,4413.68,637,32,0
2026-08-12 14:55:00,4413.68,4414.9,4412.03,4412.11,671,34,0
2026-08-12 15:00:00,4412.11,4412.58,4407.42,4408.22,1096,35,0
2026-08-12 15:05:00,4408.24,4408.78,4406.39,4406.8,1206,35,0
2026-08-12 15:10:00,4406.8,4408.9,4405.87,4408.16,1196,32,0
2026-08-12 15:15:00,4408.2,4408.78,4406.16,4408.76,1177,31,0
2026-08-12 15:20:00,4408.76,4409.13,4404.45,4405.74,1597,36,0
2026-08-12 15:25:00,4405.74,4426.8,4404.07,4421.8,2091,36,0
2026-08-12 15:30:00,4424.28,4431.17,4379.05,4424.7,4126,54,0
2026-08-12 15:35:00,4424.63,4429.59,4415.34,4428.65,3358,36,0
2026-08-12 15:40:00,4428.61,4437.51,4423.49,4427.87,3262,36,0
2026-08-12 15:45:00,4427.95,4427.99,4416.23,4421.2,2783,36,0
2026-08-12 15:50:00,4421.39,4428.34,4420.65,4427.39,2457,36,0
2026-08-12 15:55:00,4427.39,4437.85,4426.12,4435.59,2536,36,0
2026-08-12 16:00:00,4435.91,4441.0,4426.31,4431.24,3297,36,0
2026-08-12 16:05:00,4431.25,4434.02,4427.34,4429.94,2642,35,0
2026-08-12 16:10:00,4429.86,4430.35,4420.5,4421.54,2619,33,0
2026-08-12 16:15:00,4421.55,4428.52,4420.69,4423.92,2400,34,0
2026-08-12 16:20:00,4424.1,4427.21,4416.66,4416.66,2383,31,0
2026-08-12 16:25:00,4416.57,4418.97,4414.23,4417.45,2287,34,0
2026-08-12 16:30:00,4417.56,4420.36,4412.0,4413.17,3261,36,0
2026-08-12 16:35:00,4413.17,4419.25,4409.89,4410.82,3303,36,0
2026-08-12 16:40:00,4410.82,4419.75,4408.02,4416.46,3254,36,0
2026-08-12 16:45:00,4416.45,4428.39,4415.07,4428.34,2921,31,0
2026-08-12 16:50:00,4428.36,4433.74,4426.07,4432.18,2725,31,0
2026-08-12 16:55:00,4432.22,4432.69,4426.74,4427.55,2774,34,0
2026-08-12 17:00:00,4427.59,4428.82,4420.83,4426.45,2622,36,0
2026-08-12 17:05:00,4426.45,4429.77,4426.01,4429.26,2482,31,0
2026-08-12 17:10:00,4429.22,4434.61,4429.0,4431.72,2234,34,0
2026-08-12 17:15:00,4431.71,4437.26,4429.69,4436.09,2426,35,0
2026-08-12 17:20:00,4436.1,4439.41,4433.73,4436.32,2298,32,0
2026-08-12 17:25:00,4436.33,4436.97,4430.18,4431.28,2172,31,0
2026-08-12 17:30:00,4431.18,4435.85,4419.47,4420.02,2981,36,0
2026-08-12 17:35:00,4420.1,4422.87,4416.11,4417.41,2547,36,0
2026-08-12 17:40:00,4417.42,4425.15,4416.79,4424.61,2301,36,0
2026-08-12 17:45:00,4424.62,4432.07,4420.0,4421.69,2899,36,0
2026-08-12 17:50:00,4421.69,4424.07,4416.22,4422.38,2948,35,0
2026-08-12 17:55:00,4422.37,4423.74,4418.55,4421.68,2573,31,0
2026-08-12 18:00:00,4421.68,4423.22,4415.06,4415.68,2921,36,0
2026-08-12 18:05:00,4415.66,4422.98,4414.56,4421.49,2210,32,0
2026-08-12 18:10:00,4421.55,4429.71,4421.1,4426.43,2356,32,0
2026-08-12 18:15:00,4426.5,4426.73,4421.95,4424.15,2062,31,0
2026-08-12 18:20:00,4424.16,4427.72,4423.82,4426.02,1824,34,0
2026-08-12 18:25:00,4426.0,4426.1,4419.25,4421.46,1935,34,0
2026-08-12 18:30:00,4421.46,4425.02,4418.19,4418.65,1773,33,0
2026-08-12 18:35:00,4418.66,4420.75,4416.44,4420.45,1681,31,0
2026-08-12 18:40:00,4420.43,4421.56,4416.72,4417.89,1689,31,0
2026-08-12 18:45:00,4417.89,4418.13,4413.92,4415.45,1789,32,0
2026-08-12 18:50:00,4415.44,4416.43,4410.74,4416.21,1882,31,0
2026-08-12 18:55:00,4416.24,4422.03,4416.14,4420.73,1602,31,0
2026-08-12 19:00:00,4420.73,4425.34,4417.84,4420.03,1945,35,0
2026-08-12 19:05:00,4420.04,4421.77,4417.77,4419.2,1618,36,0
2026-08-12 19:10:00,4419.18,4423.85,4416.51,4423.3,1564,36,0
2026-08-12 19:15:00,4423.3,4425.9,4422.43,4425.07,1617,32,0
2026-08-12 19:20:00,4425.16,4426.19,4423.56,4425.91,1414,31,0
2026-08-12 19:25:00,4425.9,4426.06,4422.13,4422.92,1404,31,0
2026-08-12 19:30:00,4422.93,4423.64,4412.72,4412.72,1825,35,0
2026-08-12 19:35:00,4412.69,4415.69,4411.23,4413.77,1951,36,0
2026-08-12 19:40:00,4413.76,4415.38,4409.05,4410.77,1821,36,0
2026-08-12 19:45:00,4410.78,4410.96,4401.89,4402.43,2195,36,0
2026-08-12 19:50:00,4402.43,4405.86,4401.81,4404.9,2073,36,0
2026-08-12 19:55:00,4404.9,4404.9,4396.34,4401.12,2100,36,0
2026-08-12 20:00:00,4400.99,4405.1,4399.68,4402.76,1867,36,0
2026-08-12 20:05:00,4402.76,4407.2,4401.99,4406.2,1574,33,0
2026-08-12 20:10:00,4406.2,4406.33,4402.69,4403.46,1503,31,0
2026-08-12 20:15:00,4403.45,4403.94,4401.64,4403.12,1532,32,0
2026-08-12 20:20:00,4403.08,4409.51,4402.47,4407.49,1860,36,0
2026-08-12 20:25:00,4407.39,4408.72,4405.13,4406.27,1634,34,0
2026-08-12 20:30:00,4406.27,4410.35,4405.65,4410.09,1296,32,0
2026-08-12 20:35:00,4410.09,4411.16,4404.63,4405.32,1297,31,0
2026-08-12 20:40:00,4405.31,4405.37,4401.06,4401.69,1527,35,0
2026-08-12 20:45:00,4401.74,4403.66,4401.32,4402.79,1376,34,0
2026-08-12 20:50:00,4402.81,4405.24,4399.54,4400.01,1299,33,0
2026-08-12 20:55:00,4400.03,4401.4,4398.78,4399.03,1213,35,0
2026-08-12 21:00:00,4399.03,4399.09,4396.08,4398.56,1251,36,0
2026-08-12 21:05:00,4398.54,4403.75,4398.17,4403.75,1137,35,0
2026-08-12 21:10:00,4403.75,4406.23,4403.73,4405.6,1085,35,0
2026-08-12 21:15:00,4405.6,4407.91,4404.3,4407.7,1011,35,0
2026-08-12 21:20:00,4407.7,4410.39,4407.06,4410.35,916,35,0
2026-08-12 21:25:00,4410.35,4410.89,4407.1,4408.18,1319,36,0
2026-08-12 21:30:00,4408.1,4412.72,4407.67,4411.96,1156,36,0
2026-08-12 21:35:00,4412.18,4412.58,4410.18,4410.61,933,35,0
2026-08-12 21:40:00,4410.61,4413.27,4410.13,4413.24,1035,35,0
2026-08-12 21:45:00,4413.24,4417.49,4413.01,4416.74,1206,36,0
2026-08-12 21:50:00,4416.83,4416.84,4413.26,4413.54,864,35,0
2026-08-12 21:55:00,4413.56,4413.87,4412.47,4412.78,871,31,0
2026-08-12 22:00:00,4412.78,4416.66,4412.58,4416.13,1116,31,0
2026-08-12 22:05:00,4416.13,4417.97,4414.74,4415.63,960,31,0
2026-08-12 22:10:00,4415.63,4416.49,4415.26,4416.03,871,31,0
2026-08-12 22:15:00,4416.03,4417.59,4415.65,4417.08,967,31,0
2026-08-12 22:20:00,4417.06,4417.23,4415.8,4416.08,813,34,0
2026-08-12 22:25:00,4416.08,4417.0,4415.38,4416.4,1053,35,0
2026-08-12 22:30:00,4416.39,4416.39,4413.09,4413.45,1115,36,0
2026-08-12 22:35:00,4413.44,4414.02,4411.13,4411.68,1065,36,0
2026-08-12 22:40:00,4411.66,4413.22,4411.08,4412.91,1219,36,0
2026-08-12 22:45:00,4412.91,4413.3,4408.08,4409.89,1280,36,0
2026-08-12 22:50:00,4409.88,4412.89,4409.74,4411.16,1268,36,0
2026-08-12 22:55:00,4411.18,4413.9,4410.75,4413.81,1370,36,0
2026-08-12 23:00:00,4413.8,4413.93,4410.85,4410.92,674,34,0
2026-08-12 23:05:00,4411.2,4411.92,4409.85,4410.42,495,31,0
2026-08-12 23:10:00,4410.43,4410.71,4408.52,4408.74,410,31,0
2026-08-12 23:15:00,4408.74,4409.66,4406.86,4406.89,478,31,0
2026-08-12 23:20:00,4406.89,4407.9,4406.41,4407.62,408,31,0
2026-08-12 23:25:00,4407.66,4408.51,4406.91,4407.53,368,35,0
2026-08-12 23:30:00,4407.53,4407.64,4406.16,4406.95,370,34,0
2026-08-12 23:35:00,4406.95,4408.46,4406.28,4407.83,409,35,0
2026-08-12 23:40:00,4407.87,4408.38,4406.89,4407.72,283,44,0
2026-08-12 23:45:00,4407.72,4408.37,4406.57,4407.98,286,44,0
2026-08-12 23:50:00,4406.68,4407.14,4405.0,4405.76,235,374,0
2026-08-12 23:55:00,4405.76,4407.26,4405.76,4407.06,260,374,0
2026-08-13 01:05:00,4404.0,4404.12,4401.14,4402.42,419,367,0
2026-08-13 01:10:00,4402.41,4403.86,4402.24,4402.91,478,37,0
2026-08-13 01:15:00,4402.89,4402.94,4401.41,4401.98,301,37,0
2026-08-13 01:20:00,4401.98,4402.59,4401.5,4402.01,285,37,0
2026-08-13 01:25:00,4402.01,4402.58,4397.86,4399.14,470,38,0
2026-08-13 01:30:00,4399.14,4401.66,4398.7,4400.11,499,36,0
2026-08-13 01:35:00,4400.13,4400.79,4398.49,4399.22,552,36,0
2026-08-13 01:40:00,4399.22,4400.2,4399.08,4399.74,319,36,0
2026-08-13 01:45:00,4399.74,4400.96,4399.55,4400.28,320,37,0
2026-08-13 01:50:00,4400.28,4401.74,4400.28,4401.66,204,36,0
2026-08-13 01:55:00,4401.67,4402.67,4401.27,4401.27,263,37,0
2026-08-13 02:00:00,4401.27,4404.08,4401.23,4403.36,411,38,0
2026-08-13 02:05:00,4403.36,4405.03,4402.73,4404.93,327,35,0
2026-08-13 02:10:00,4404.93,4405.58,4404.66,4405.35,355,35,0
2026-08-13 02:15:00,4405.35,4407.65,4405.35,4407.18,294,35,0
2026-08-13 02:20:00,4407.13,4408.25,4406.73,4408.25,262,35,0
2026-08-13 02:25:00,4408.43,4409.34,4407.04,4407.57,506,35,0
2026-08-13 02:30:00,4407.57,4409.44,4407.48,4407.8,380,36,0
2026-08-13 02:35:00,4407.75,4408.43,4406.45,4406.83,224,35,0
2026-08-13 02:40:00,4406.75,4407.53,4405.75,4407.03,256,35,0
2026-08-13 02:45:00,4406.98,4408.38,4406.62,4406.99,335,35,0
2026-08-13 02:50:00,4406.99,4409.48,4406.34,4409.47,399,35,0
2026-08-13 02:55:00,4409.47,4412.96,4409.02,4412.96,784,35,0
2026-08-13 03:00:00,4412.86,4417.9,4411.27,4414.71,1640,38,0
2026-08-13 03:05:00,4414.71,4420.68,4413.73,4419.23,1405,38,0
2026-08-13 03:10:00,4419.23,4419.99,4417.08,4418.0,1222,37,0
2026-08-13 03:15:00,4418.04,4428.26,4418.04,4427.4,1626,37,0
2026-08-13 03:20:00,4427.44,4436.4,4427.16,4433.23,1462,37,0
2026-08-13 03:25:00,4433.24,4433.46,4426.32,4427.73,1532,37,0
2026-08-13 03:30:00,4427.65,4449.35,4424.12,4443.77,1933,36,0
2026-08-13 03:35:00,4443.9,4445.06,4436.3,4437.64,1775,37,0
2026-08-13 03:40:00,4437.63,4440.35,4436.93,4439.84,1654,37,0
2026-08-13 03:45:00,4439.81,4439.92,4428.61,4429.32,1620,37,0
2026-08-13 03:50:00,4429.46,4432.34,4429.41,4431.06,1566,36,0
2026-08-13 03:55:00,4431.07,4431.16,4423.35,4428.33,1752,35,0
2026-08-13 04:00:00,4428.19,4432.68,4421.87,4432.12,2957,38,0
2026-08-13 04:05:00,4432.06,4433.84,4429.36,4432.44,2283,36,0
2026-08-13 04:10:00,4432.58,4433.38,4427.23,4428.4,1891,35,0
2026-08-13 04:15:00,4428.61,4433.71,4425.29,4425.8,1886,35,0
2026-08-13 04:20:00,4425.78,4425.97,4417.51,4419.6,1800,36,0
2026-08-13 04:25:00,4419.6,4421.91,4417.51,4417.61,1606,36,0
2026-08-13 04:30:00,4417.58,4427.37,4417.33,4426.77,1920,37,0
2026-08-13 04:35:00,4426.82,4428.48,4422.72,4422.72,1831,37,0
2026-08-13 04:40:00,4422.73,4422.8,4417.02,4418.47,1739,37,0
2026-08-13 04:45:00,4417.96,4418.57,4410.06,4412.32,2162,37,0
2026-08-13 04:50:00,4412.3,4415.4,4409.27,4415.33,1855,35,0
2026-08-13 04:55:00,4415.33,4415.93,4406.08,4408.22,1501,35,0
2026-08-13 05:00:00,4408.05,4410.09,4405.45,4408.05,1656,35,0
2026-08-13 05:05:00,4408.08,4413.22,4405.21,4412.8,1706,35,0
2026-08-13 05:10:00,4412.87,4413.85,4409.99,4410.54,1434,35,0
2026-08-13 05:15:00,4410.5,4411.83,4409.84,4411.74,1002,35,0
2026-08-13 05:20:00,4411.75,4412.22,4405.72,4406.39,893,35,0
2026-08-13 05:25:00,4406.38,4408.55,4405.38,4405.38,740,36,0
2026-08-13 05:30:00,4405.4,4405.71,4399.87,4402.05,2284,37,0
2026-08-13 05:35:00,4401.78,4408.44,4398.15,4407.98,1995,35,0
2026-08-13 05:40:00,4407.95,4409.79,4405.41,4409.78,1700,35,0
2026-08-13 05:45:00,4409.78,4409.85,4406.72,4409.45,1669,35,0
2026-08-13 05:50:00,4409.45,4409.97,4404.98,4405.19,1354,36,0
2026-08-13 05:55:00,4405.23,4407.67,4405.05,4406.45,1109,36,0
2026-08-13 06:00:00,4406.48,4410.95,4406.09,4410.39,1432,37,0
2026-08-13 06:05:00,4410.38,4411.57,4407.25,4407.46,1599,38,0
2026-08-13 06:10:00,4407.45,4408.88,4403.57,4406.5,1408,35,0
2026-08-13 06:15:00,4406.51,4409.58,4405.0,4408.34,1280,35,0
2026-08-13 06:20:00,4408.3,4408.96,4406.54,4408.78,1217,35,0
2026-08-13 06:25:00,4408.74,4409.57,4407.14,4408.8,1250,35,0
2026-08-13 06:30:00,4408.8,4409.93,4408.45,4409.61,751,35,0
2026-08-13 06:35:00,4409.61,4409.9,4408.24,4408.65,693,36,0
2026-08-13 06:40:00,4408.65,4408.68,4404.88,4405.65,824,36,0
2026-08-13 06:45:00,4405.65,4407.04,4404.31,4404.89,885,35,0
2026-08-13 06:50:00,4404.83,4405.43,4401.88,4402.79,772,35,0
2026-08-13 06:55:00,4402.8,4402.8,4398.07,4399.62,1113,37,0
2026-08-13 07:00:00,4399.61,4399.84,4394.05,4395.3,1711,38,0
2026-08-13 07:05:00,4395.29,4396.76,4394.57,4395.34,1253,36,0
2026-08-13 07:10:00,4395.34,4395.46,4390.75,4393.66,1305,36,0
2026-08-13 07:15:00,4393.93,4395.26,4392.74,4394.12,962,35,0
2026-08-13 07:20:00,4394.12,4397.18,4391.95,4396.9,1107,36,0
2026-08-13 07:25:00,4396.93,4398.55,4396.26,4397.61,944,35,0
2026-08-13 07:30:00,4397.6,4398.91,4396.95,4398.15,845,36,0
2026-08-13 07:35:00,4398.16,4398.76,4396.71,4397.05,711,35,0
2026-08-13 07:40:00,4397.05,4398.68,4394.57,4395.33,752,36,0
2026-08-13 07:45:00,4395.31,4398.31,4395.07,4395.07,1440,37,0
2026-08-13 07:50:00,4395.05,4396.92,4394.68,4396.08,1022,35,0
2026-08-13 07:55:00,4396.08,4397.83,4395.58,4397.17,852,35,0
2026-08-13 08:00:00,4397.12,4397.18,4392.53,4394.15,1436,35,0
2026-08-13 08:05:00,4394.25,4397.13,4393.83,4396.32,1113,38,0
2026-08-13 08:10:00,4396.33,4404.05,4394.67,4403.89,1732,37,0
2026-08-13 08:15:00,4404.03,4404.97,4399.89,4400.8,1444,37,0
2026-08-13 08:20:00,4400.81,4402.98,4400.51,4402.29,901,35,0
2026-08-13 08:25:00,4402.34,4406.59,4402.02,4406.01,1103,35,0
2026-08-13 08:30:00,4406.09,4406.59,4392.9,4396.9,2328,35,0
2026-08-13 08:35:00,4396.95,4399.24,4396.38,4399.03,1842,35,0
2026-08-13 08:40:00,4399.03,4400.23,4385.76,4386.88,2133,36,0
2026-08-13 08:45:00,4386.87,4388.62,4382.53,4386.67,2156,37,0
2026-08-13 08:50:00,4386.66,4388.67,4383.42,4383.66,2110,35,0
2026-08-13 08:55:00,4383.66,4385.5,4379.91,4382.45,1957,35,0
2026-08-13 09:00:00,4382.26,4384.91,4375.8,4377.5,2184,32,0
2026-08-13 09:05:00,4377.5,4379.22,4374.92,4378.59,1973,31,0
2026-08-13 09:10:00,4378.58,4380.04,4374.4,4375.13,1722,31,0
2026-08-13 09:15:00,4375.13,4377.87,4374.51,4374.74,1362,31,0
2026-08-13 09:20:00,4374.63,4377.98,4373.36,4377.94,1441,35,0
2026-08-13 09:25:00,4377.93,4378.11,4373.79,4375.26,1595,36,0
2026-08-13 09:30:00,4375.08,4377.87,4369.44,4371.42,1848,36,0
2026-08-13 09:35:00,4371.35,4372.03,4368.34,4371.25,1599,34,0
2026-08-13 09:40:00,4371.24,4373.98,4370.81,4373.45,1471,31,0
2026-08-13 09:45:00,4373.46,4378.45,4373.36,4377.95,1528,33,0
2026-08-13 09:50:00,4377.95,4379.72,4377.69,4379.57,1597,32,0
2026-08-13 09:55:00,4379.57,4380.91,4378.9,4379.92,1531,35,0
2026-08-13 10:00:00,4379.89,4381.04,4377.69,4379.11,1696,35,0
2026-08-13 10:05:00,4379.13,4379.98,4376.82,4377.53,1367,31,0
2026-08-13 10:10:00,4377.19,4378.27,4374.44,4376.4,1424,32,0
2026-08-13 10:15:00,4376.37,4377.03,4373.26,4373.29,1363,31,0
2026-08-13 10:20:00,4373.23,4376.19,4373.08,4375.81,1322,31,0
2026-08-13 10:25:00,4375.82,4376.65,4373.99,4375.02,1441,33,0
2026-08-13 10:30:00,4375.01,4376.62,4371.48,4372.73,1416,36,0
2026-08-13 10:35:00,4372.73,4376.01,4371.84,4374.03,1227,31,0
2026-08-13 10:40:00,4374.03,4378.03,4373.19,4377.84,1236,31,0
2026-08-13 10:45:00,4377.84,4378.04,4370.36,4371.03,1484,32,0
2026-08-13 10:50:00,4371.01,4372.94,4369.31,4372.29,1121,34,0
2026-08-13 10:55:00,4372.28,4372.4,4368.54,4368.78,1301,34,0
2026-08-13 11:00:00,4368.71,4369.88,4365.21,4366.42,1732,34,0
2026-08-13 11:05:00,4366.45,4368.98,4365.01,4365.04,1264,31,0
2026-08-13 11:10:00,4365.04,4367.13,4363.19,4365.51,1806,31,0
2026-08-13 11:15:00,4365.46,4367.16,4364.51,4364.65,1238,33,0
2026-08-13 11:20:00,4364.64,4369.88,4364.16,4369.08,1392,33,0
2026-08-13 11:25:00,4369.08,4372.72,4368.8,4371.77,1489,35,0
2026-08-13 11:30:00,4371.77,4375.08,4371.16,4373.98,1276,31,0
2026-08-13 11:35:00,4373.98,4375.04,4372.79,4372.96,1072,34,0
2026-08-13 11:40:00,4372.95,4374.68,4372.7,4372.85,826,32,0
2026-08-13 11:45:00,4372.86,4378.41,4372.73,4377.85,1125,36,0
2026-08-13 11:50:00,4377.85,4378.63,4374.33,4375.55,979,33,0
2026-08-13 11:55:00,4375.54,4376.45,4374.35,4375.17,763,33,0
2026-08-13 12:00:00,4375.21,4376.16,4372.82,4373.55,1100,34,0
2026-08-13 12:05:00,4373.55,4377.4,4371.85,4376.3,1227,36,0
2026-08-13 12:10:00,4376.27,4377.67,4375.84,4376.04,1165,35,0
2026-08-13 12:15:00,4375.97,4380.21,4375.53,4379.7,1172,33,0
2026-08-13 12:20:00,4379.7,4381.34,4377.17,4378.05,1066,31,0
2026-08-13 12:25:00,4378.04,4381.61,4377.88,4379.26,1305,35,0
2026-08-13 12:30:00,4379.2,4380.66,4379.0,4380.21,1074,31,0
2026-08-13 12:35:00,4380.21,4381.06,4379.53,4380.31,796,31,0
2026-08-13 12:40:00,4380.33,4380.97,4378.14,4379.47,1010,31,0
2026-08-13 12:45:00,4379.47,4380.05,4377.91,4379.0,727,31,0
2026-08-13 12:50:00,4379.0,4380.45,4378.35,4379.53,750,35,0
2026-08-13 12:55:00,4379.53,4384.22,4379.38,4384.13,1107,35,0
2026-08-13 13:00:00,4384.27,4384.57,4382.79,4383.88,936,35,0
2026-08-13 13:05:00,4383.88,4384.59,4383.09,4383.37,797,31,0
2026-08-13 13:10:00,4383.38,4384.0,4380.73,4381.01,739,31,0
2026-08-13 13:15:00,4381.02,4385.12,4381.02,4384.34,748,32,0
2026-08-13 13:20:00,4384.34,4385.7,4382.62,4383.98,813,31,0
2026-08-13 13:25:00,4383.97,4386.86,4382.73,4386.34,888,31,0
2026-08-13 13:30:00,4386.34,4387.03,4383.78,4384.54,863,31,0
2026-08-13 13:35:00,4384.53,4388.32,4384.53,4388.11,637,31,0
2026-08-13 13:40:00,4388.15,4389.77,4387.05,4389.65,678,34,0
2026-08-13 13:45:00,4389.64,4389.76,4387.49,4389.59,588,31,0
2026-08-13 13:50:00,4389.6,4393.07,4389.36,4391.86,824,36,0
2026-08-13 13:55:00,4391.86,4392.09,4390.35,4391.42,833,33,0
2026-08-13 14:00:00,4391.3,4392.26,4387.82,4388.4,1271,33,0
2026-08-13 14:05:00,4388.4,4391.04,4388.39,4390.02,878,31,0
2026-08-13 14:10:00,4390.02,4393.58,4389.56,4393.57,746,31,0
2026-08-13 14:15:00,4393.56,4395.98,4392.07,4392.71,1036,34,0
2026-08-13 14:20:00,4392.71,4393.59,4390.49,4392.21,1121,32,0
2026-08-13 14:25:00,4392.2,4392.5,4387.29,4387.59,1175,31,0
2026-08-13 14:30:00,4387.71,4388.74,4386.21,4387.86,1038,31,0
2026-08-13 14:35:00,4387.85,4389.3,4387.35,4388.49,878,31,0
2026-08-13 14:40:00,4388.49,4388.49,4383.21,4383.39,1165,31,0
2026-08-13 14:45:00,4383.39,4385.37,4382.68,4384.11,985,32,0
2026-08-13 14:50:00,4384.12,4384.88,4382.41,4384.06,970,31,0
2026-08-13 14:55:00,4384.06,4387.58,4382.73,4387.18,1077,31,0
2026-08-13 15:00:00,4387.37,4387.6,4385.28,4386.84,1352,31,0
2026-08-13 15:05:00,4386.84,4391.18,4385.58,4390.37,1348,33,0
2026-08-13 15:10:00,4390.24,4390.38,4387.63,4388.61,1465,34,0
2026-08-13 15:15:00,4388.64,4389.09,4384.29,4386.89,1253,31,0
2026-08-13 15:20:00,4387.03,4389.4,4383.98,4385.16,1629,36,0
2026-08-13 15:25:00,4385.17,4392.24,4383.65,4390.02,1440,31,0
2026-08-13 15:30:00,4390.03,4400.62,4380.08,4391.24,2691,36,0
2026-08-13 15:35:00,4391.21,4391.94,4385.9,4389.73,2098,36,0
2026-08-13 15:40:00,4389.71,4393.66,4385.31,4391.6,1967,36,0
2026-08-13 15:45:00,4391.6,4396.89,4391.26,4394.49,1735,35,0
2026-08-13 15:50:00,4394.49,4396.36,4392.22,4394.36,1606,36,0
2026-08-13 15:55:00,4394.36,4401.7,4392.46,4400.86,2136,36,0
2026-08-13 16:00:00,4400.82,4401.19,4391.23,4393.75,2699,36,0
2026-08-13 16:05:00,4393.72,4397.56,4391.6,4393.39,2394,36,0
2026-08-13 16:10:00,4393.44,4394.21,4390.4,4393.46,2084,36,0
2026-08-13 16:15:00,4393.47,4394.87,4390.2,4391.88,1899,35,0
2026-08-13 16:20:00,4391.91,4394.77,4387.58,4387.58,2235,33,0
2026-08-13 16:25:00,4387.52,4389.63,4383.6,4384.51,2266,33,0
2026-08-13 16:30:00,4384.49,4389.38,4376.75,4378.34,3240,36,0
2026-08-13 16:35:00,4378.32,4382.34,4374.83,4381.96,2963,35,0
2026-08-13 16:40:00,4381.77,4383.64,4376.22,4379.02,2653,34,0
2026-08-13 16:45:00,4379.0,4382.44,4375.43,4377.35,3017,34,0
2026-08-13 16:50:00,4377.35,4378.01,4370.19,4376.22,3147,31,0
2026-08-13 16:55:00,4376.22,4377.86,4371.6,4372.0,2964,36,0
2026-08-13 17:00:00,4372.0,4378.47,4369.4,4372.86,3125,36,0
2026-08-13 17:05:00,4372.94,4378.34,4367.86,4368.78,2832,33,0
2026-08-13 17:10:00,4368.76,4371.42,4366.25,4370.48,2901,31,0
2026-08-13 17:15:00,4370.46,4377.73,4368.58,4375.12,3068,31,0
2026-08-13 17:20:00,4375.11,4377.5,4370.29,4374.3,2876,31,0
2026-08-13 17:25:00,4374.15,4375.74,4367.11,4367.29,2871,31,0
2026-08-13 17:30:00,4367.24,4376.03,4356.71,4374.44,2899,32,0
2026-08-13 17:35:00,4374.45,4377.69,4371.73,4376.96,2349,31,0
2026-08-13 17:40:00,4376.99,4381.35,4376.32,4380.87,2045,31,0
2026-08-13 17:45:00,4380.91,4386.66,4380.41,4384.62,2202,33,0
2026-08-13 17:50:00,4384.6,4386.59,4382.23,4383.58,2262,34,0
2026-08-13 17:55:00,4383.58,4386.53,4382.93,4383.63,2090,34,0
2026-08-13 18:00:00,4383.63,4385.26,4377.62,4377.69,2268,36,0
2026-08-13 18:05:00,4377.71,4378.07,4368.71,4370.8,2100,36,0
2026-08-13 18:10:00,4370.8,4371.57,4367.85,4369.16,2218,36,0
2026-08-13 18:15:00,4369.08,4370.05,4363.07,4367.4,2350,35,0
2026-08-13 18:20:00,4367.37,4371.71,4365.95,4370.66,2186,31,0
2026-08-13 18:25:00,4370.66,4373.38,4363.25,4364.83,2532,33,0
2026-08-13 18:30:00,4364.83,4364.86,4356.97,4360.03,2586,36,0
2026-08-13 18:35:00,4360.04,4370.94,4359.96,4368.71,2035,33,0
2026-08-13 18:40:00,4368.74,4371.12,4367.6,4367.89,1707,32,0
2026-08-13 18:45:00,4367.88,4370.38,4367.78,4368.71,1768,34,0
2026-08-13 18:50:00,4368.71,4369.69,4365.17,4365.42,1700,35,0
2026-08-13 18:55:00,4365.51,4367.71,4362.83,4364.68,1674,35,0
2026-08-13 19:00:00,4364.69,4367.04,4361.88,4362.98,1736,36,0
2026-08-13 19:05:00,4362.98,4363.19,4357.97,4358.0,1600,36,0
2026-08-13 19:10:00,4357.96,4359.7,4353.58,4354.74,2037,36,0
2026-08-13 19:15:00,4354.92,4355.12,4350.77,4351.17,2248,36,0
2026-08-13 19:20:00,4351.17,4357.78,4350.74,4357.62,2044,36,0
2026-08-13 19:25:00,4357.59,4362.38,4356.31,4362.14,1822,35,0
2026-08-13 19:30:00,4362.37,4366.19,4362.3,4366.05,1535,31,0
2026-08-13 19:35:00,4366.07,4366.32,4362.62,4363.79,1368,31,0
2026-08-13 19:40:00,4363.8,4366.64,4362.94,4365.22,1315,31,0
2026-08-13 19:45:00,4365.25,4367.06,4365.25,4366.07,1312,34,0
2026-08-13 19:50:00,4366.06,4366.29,4363.74,4365.03,1193,34,0
2026-08-13 19:55:00,4365.03,4367.97,4364.9,4366.81,1124,35,0
2026-08-13 20:00:00,4366.77,4368.93,4364.57,4365.86,1275,36,0
2026-08-13 20:05:00,4365.86,4372.07,4365.86,4371.48,1540,36,0
2026-08-13 20:10:00,4371.49,4372.87,4370.58,4370.99,1319,36,0
2026-08-13 20:15:00,4370.99,4371.41,4365.78,4367.45,1571,36,0
2026-08-13 20:20:00,4367.45,4368.87,4366.65,4367.58,1512,36,0
2026-08-13 20:25:00,4367.59,4368.68,4362.08,4362.8,1557,36,0
2026-08-13 20:30:00,4362.8,4364.04,4359.63,4360.84,1345,36,0
2026-08-13 20:35:00,4360.78,4361.97,4359.54,4361.01,1427,36,0
2026-08-13 20:40:00,4361.0,4361.77,4355.3,4356.85,1597,33,0
2026-08-13 20:45:00,4356.85,4359.49,4356.66,4359.04,1412,31,0
2026-08-13 20:50:00,4359.04,4359.64,4356.97,4357.36,1323,31,0
2026-08-13 20:55:00,4357.32,4357.85,4355.47,4355.77,1147,31,0
2026-08-13 21:00:00,4355.83,4359.64,4355.6,4358.19,1667,31,0
2026-08-13 21:05:00,4358.19,4359.7,4357.02,4359.14,1446,36,0
2026-08-13 21:10:00,4359.01,4362.37,4357.8,4361.64,1497,36,0
2026-08-13 21:15:00,4361.64,4363.25,4360.5,4362.75,1390,36,0
2026-08-13 21:20:00,4362.76,4362.82,4355.85,4356.89,1468,34,0
2026-08-13 21:25:00,4356.91,4357.87,4354.36,4357.51,1461,36,0
2026-08-13 21:30:00,4357.46,4359.11,4356.08,4358.25,1393,36,0
2026-08-13 21:35:00,4358.25,4359.71,4357.33,4359.14,1249,33,0
2026-08-13 21:40:00,4359.14,4360.04,4357.12,4357.65,1214,31,0
2026-08-13 21:45:00,4357.65,4357.98,4356.31,4357.08,953,31,0
2026-08-13 21:50:00,4356.99,4357.35,4354.45,4357.24,1197,31,0
2026-08-13 21:55:00,4357.43,4357.55,4356.14,4356.75,899,32,0
2026-08-13 22:00:00,4356.87,4358.59,4355.81,4357.86,1092,33,0
2026-08-13 22:05:00,4357.87,4357.96,4352.54,4353.19,1184,34,0
2026-08-13 22:10:00,4353.19,4353.42,4346.0,4346.47,1384,36,0
2026-08-13 22:15:00,4346.47,4348.3,4343.43,4347.65,2017,36,0
2026-08-13 22:20:00,4347.79,4349.0,4346.24,4348.65,1412,36,0
2026-08-13 22:25:00,4348.3,4351.54,4348.02,4350.88,1818,36,0
2026-08-13 22:30:00,4350.88,4351.77,4349.49,4350.57,1343,35,0
2026-08-13 22:35:00,4350.58,4353.87,4350.33,4352.78,1146,33,0
2026-08-13 22:40:00,4352.8,4353.02,4350.52,4351.13,1317,36,0
2026-08-13 22:45:00,4351.16,4351.17,4347.33,4349.26,1379,36,0
2026-08-13 22:50:00,4349.16,4350.57,4348.42,4349.87,1290,35,0
2026-08-13 22:55:00,4349.98,4350.28,4347.8,4349.92,1638,36,0
2026-08-13 23:00:00,4349.95,4350.26,4346.7,4347.8,1006,36,0
2026-08-13 23:05:00,4347.8,4349.87,4347.67,4349.55,572,31,0
2026-08-13 23:10:00,4349.55,4350.32,4349.09,4350.14,463,31,0
2026-08-13 23:15:00,4350.14,4351.14,4349.77,4350.11,556,31,0
2026-08-13 23:20:00,4350.16,4350.18,4349.05,4349.38,372,31,0
2026-08-13 23:25:00,4349.4,4351.9,4349.18,4350.94,501,33,0
2026-08-13 23:30:00,4351.23,4351.46,4347.77,4348.86,569,36,0
2026-08-13 23:35:00,4348.86,4349.67,4348.23,4349.11,397,36,0
2026-08-13 23:40:00,4349.0,4350.25,4348.03,4349.05,389,44,0
2026-08-13 23:45:00,4349.1,4349.95,4349.0,4349.66,306,44,0
2026-08-13 23:50:00,4349.67,4349.67,4347.01,4347.36,427,44,0
2026-08-13 23:55:00,4347.36,4348.82,4347.03,4348.73,254,374,0
2026-08-14 01:05:00,4351.46,4355.25,4351.31,4355.2,632,368,0
2026-08-14 01:10:00,4355.2,4356.62,4353.59,4353.89,435,38,0
2026-08-14 01:15:00,4353.84,4354.22,4352.58,4353.0,378,38,0
2026-08-14 01:20:00,4353.0,4356.21,4352.94,4356.02,672,38,0
2026-08-14 01:25:00,4356.15,4357.53,4355.76,4356.8,501,38,0
2026-08-14 01:30:00,4356.8,4357.64,4355.46,4357.04,700,38,0
2026-08-14 01:35:00,4357.06,4362.14,4357.04,4361.4,805,38,0
2026-08-14 01:40:00,4361.4,4362.5,4359.35,4360.2,785,37,0
2026-08-14 01:45:00,4360.11,4360.85,4354.92,4355.53,942,38,0
2026-08-14 01:50:00,4355.53,4357.3,4354.28,4355.95,722,38,0
2026-08-14 01:55:00,4355.95,4356.26,4352.07,4354.34,686,37,0
2026-08-14 02:00:00,4354.32,4354.67,4348.95,4349.23,826,35,0
2026-08-14 02:05:00,4349.23,4359.35,4349.22,4359.03,893,37,0
2026-08-14 02:10:00,4359.03,4360.22,4354.54,4360.18,760,35,0
2026-08-14 02:15:00,4360.24,4360.92,4356.78,4358.1,1007,37,0
2026-08-14 02:20:00,4358.1,4360.78,4356.79,4360.07,574,35,0
2026-08-14 02:25:00,4360.08,4363.26,4359.62,4362.93,749,35,0
2026-08-14 02:30:00,4362.94,4363.39,4360.88,4361.49,658,35,0
2026-08-14 02:35:00,4361.48,4361.64,4360.09,4361.52,484,35,0
2026-08-14 02:40:00,4361.2,4362.18,4358.56,4360.3,840,35,0
2026-08-14 02:45:00,4360.37,4363.99,4359.36,4361.47,1151,36,0
2026-08-14 02:50:00,4361.46,4361.46,4357.18,4357.78,818,35,0
2026-08-14 02:55:00,4357.85,4359.46,4356.22,4356.46,743,35,0
2026-08-14 03:00:00,4356.36,4361.94,4355.57,4359.94,1331,38,0
2026-08-14 03:05:00,4359.87,4360.16,4353.98,4358.07,1134,37,0
2026-08-14 03:10:00,4358.07,4358.09,4350.46,4352.07,1365,37,0
2026-08-14 03:15:00,4352.07,4352.13,4347.95,4349.46,1419,37,0
2026-08-14 03:20:00,4349.46,4349.76,4345.59,4347.24,1141,35,0
2026-08-14 03:25:00,4347.24,4347.3,4338.97,4339.71,1397,35,0
2026-08-14 03:30:00,4339.69,4346.75,4337.15,4345.51,1550,37,0
2026-08-14 03:35:00,4345.52,4346.24,4333.95,4335.08,1354,35,0
2026-08-14 03:40:00,4335.08,4339.44,4333.86,4339.44,1296,36,0
2026-08-14 03:45:00,4339.54,4341.58,4328.09,4333.11,1537,36,0
2026-08-14 03:50:00,4333.12,4338.67,4332.33,4338.02,1496,36,0
2026-08-14 03:55:00,4338.03,4340.81,4336.65,4338.87,1638,35,0
2026-08-14 04:00:00,4339.02,4340.17,4328.18,4328.31,2707,37,0
2026-08-14 04:05:00,4328.31,4332.28,4326.99,4327.5,1858,35,0
2026-08-14 04:10:00,4327.47,4327.47,4320.81,4322.79,2051,36,0
2026-08-14 04:15:00,4322.79,4324.4,4315.28,4320.62,2021,35,0
2026-08-14 04:20:00,4320.61,4324.09,4314.6,4315.15,2010,35,0
2026-08-14 04:25:00,4315.15,4320.6,4313.65,4318.27,1680,35,0
2026-08-14 04:30:00,4318.28,4318.28,4311.93,4312.58,1868,35,0
2026-08-14 04:35:00,4312.48,4318.57,4312.06,4318.12,1498,35,0
2026-08-14 04:40:00,4317.86,4320.13,4317.25,4318.76,1350,37,0
2026-08-14 04:45:00,4318.76,4321.92,4312.72,4314.2,1577,37,0
2026-08-14 04:50:00,4314.2,4318.17,4310.78,4316.48,1636,36,0
2026-08-14 04:55:00,4316.48,4320.41,4315.26,4317.18,1894,37,0
2026-08-14 05:00:00,4316.86,4321.75,4314.72,4315.8,1710,37,0
2026-08-14 05:05:00,4315.8,4318.32,4314.73,4316.15,1346,35,0
2026-08-14 05:10:00,4315.95,4316.39,4310.22,4311.77,1663,35,0
2026-08-14 05:15:00,4311.76,4316.71,4311.76,4315.1,1482,35,0
2026-08-14 05:20:00,4315.1,4316.82,4314.4,4315.86,1190,35,0
2026-08-14 05:25:00,4315.85,4317.75,4311.98,4312.06,1058,35,0
2026-08-14 05:30:00,4312.09,4321.34,4311.33,4320.5,2125,35,0
2026-08-14 05:35:00,4320.43,4322.41,4318.02,4320.55,1569,36,0
2026-08-14 05:40:00,4320.47,4321.82,4317.85,4320.84,1311,36,0
2026-08-14 05:45:00,4320.86,4321.68,4313.63,4316.44,1443,36,0
2026-08-14 05:50:00,4316.44,4317.97,4314.81,4315.8,1136,36,0
2026-08-14 05:55:00,4315.75,4315.75,4312.31,4315.15,1283,36,0
2026-08-14 06:00:00,4315.16,4318.59,4313.21,4318.08,1363,37,0
2026-08-14 06:05:00,4318.11,4323.05,4318.1,4319.42,1317,37,0
2026-08-14 06:10:00,4319.41,4323.55,4318.38,4320.04,1074,35,0
2026-08-14 06:15:00,4320.05,4322.73,4319.71,4322.55,843,35,0
2026-08-14 06:20:00,4322.55,4325.84,4322.2,4324.96,968,35,0
2026-08-14 06:25:00,4324.96,4325.98,4324.23,4325.52,711,36,0
2026-08-14 06:30:00,4325.54,4327.71,4324.82,4327.08,612,36,0
2026-08-14 06:35:00,4327.11,4327.94,4325.24,4326.3,802,37,0
2026-08-14 06:40:00,4326.34,4326.41,4325.15,4325.59,448,36,0
2026-08-14 06:45:00,4325.59,4326.52,4325.4,4326.29,409,37,0
2026-08-14 06:50:00,4326.43,4326.59,4324.04,4324.15,534,37,0
2026-08-14 06:55:00,4324.15,4324.62,4323.31,4323.45,410,37,0
2026-08-14 07:00:00,4323.46,4324.63,4322.58,4322.82,510,37,0
2026-08-14 07:05:00,4322.82,4324.75,4322.67,4323.72,568,36,0
2026-08-14 07:10:00,4323.72,4327.05,4323.21,4325.82,743,37,0
2026-08-14 07:15:00,4325.82,4327.44,4325.37,4326.46,619,35,0
2026-08-14 07:20:00,4326.46,4327.85,4325.99,4326.76,528,35,0
2026-08-14 07:25:00,4326.76,4327.21,4324.86,4324.94,622,35,0
2026-08-14 07:30:00,4324.98,4325.55,4323.23,4324.56,801,36,0
2026-08-14 07:35:00,4324.56,4325.51,4324.03,4324.9,728,35,0
2026-08-14 07:40:00,4324.9,4326.3,4324.69,4324.97,712,35,0
2026-08-14 07:45:00,4324.95,4325.06,4323.68,4324.34,552,35,0
2026-08-14 07:50:00,4324.35,4325.17,4323.59,4324.69,494,35,0
2026-08-14 07:55:00,4324.69,4326.88,4324.37,4326.79,575,36,0
2026-08-14 08:00:00,4326.8,4326.81,4323.56,4324.95,837,38,0
2026-08-14 08:05:00,4325.01,4325.41,4319.74,4319.78,1019,37,0
2026-08-14 08:10:00,4319.79,4322.06,4319.43,4320.07,899,37,0
2026-08-14 08:15:00,4320.17,4320.18,4317.91,4318.89,904,35,0
2026-08-14 08:20:00,4318.89,4319.33,4317.11,4318.33,787,35,0
2026-08-14 08:25:00,4318.23,4319.34,4317.44,4317.74,762,35,0
2026-08-14 08:30:00,4317.72,4318.19,4310.91,4317.09,2147,38,0
2026-08-14 08:35:00,4317.09,4324.74,4316.69,4322.48,1640,38,0
2026-08-14 08:40:00,4322.51,4324.43,4317.44,4317.64,1430,37,0
2026-08-14 08:45:00,4317.68,4324.16,4317.42,4323.93,1284,36,0
2026-08-14 08:50:00,4323.88,4329.64,4323.66,4329.49,1666,37,0
2026-08-14 08:55:00,4329.5,4333.61,4328.75,4333.61,1512,35,0
2026-08-14 09:00:00,4333.62,4335.92,4331.73,4335.65,1588,34,0
2026-08-14 09:05:00,4335.54,4336.53,4329.8,4330.49,1323,31,0
2026-08-14 09:10:00,4330.49,4333.97,4329.55,4332.55,1611,32,0
2026-08-14 09:15:00,4332.76,4333.52,4331.23,4331.73,1173,34,0
2026-08-14 09:20:00,4331.73,4332.23,4328.33,4331.61,1113,35,0
2026-08-14 09:25:00,4331.75,4332.11,4328.77,4328.97,1144,36,0
2026-08-14 09:30:00,4329.02,4330.32,4328.19,4329.22,1113,32,0
2026-08-14 09:35:00,4329.22,4330.29,4328.01,4329.66,1012,35,0
2026-08-14 09:40:00,4329.66,4332.84,4327.77,4332.84,1119,31,0
2026-08-14 09:45:00,4332.84,4335.25,4332.5,4334.74,1346,34,0
2026-08-14 09:50:00,4334.74,4335.16,4333.24,4333.91,1025,31,0
2026-08-14 09:55:00,4333.92,4335.68,4333.53,4335.42,928,31,0
2026-08-14 10:00:00,4335.44,4337.06,4332.75,4335.12,1221,34,0
2026-08-14 10:05:00,4335.17,4335.17,4333.25,4334.6,858,31,0
2026-08-14 10:10:00,4334.58,4334.63,4330.84,4331.24,1027,32,0
2026-08-14 10:15:00,4331.27,4333.29,4331.06,4332.55,824,31,0
2026-08-14 10:20:00,4332.55,4336.22,4329.56,4336.18,1169,31,0
2026-08-14 10:25:00,4336.17,4336.31,4331.74,4332.01,1040,31,0
2026-08-14 10:30:00,4332.01,4334.06,4331.2,4333.51,791,31,0
2026-08-14 10:35:00,4333.48,4336.6,4333.39,4336.39,866,34,0
2026-08-14 10:40:00,4336.39,4340.12,4336.25,4339.61,1205,33,0
2026-08-14 10:45:00,4339.63,4343.25,4339.29,4342.51,1262,35,0
2026-08-14 10:50:00,4342.45,4343.46,4341.47,4343.2,1043,33,0
2026-08-14 10:55:00,4343.24,4345.14,4341.69,4343.59,961,31,0
2026-08-14 11:00:00,4343.85,4347.85,4342.15,4342.64,1637,35,0
2026-08-14 11:05:00,4342.62,4345.97,4341.82,4345.13,1281,34,0
2026-08-14 11:10:00,4345.13,4347.82,4344.14,4347.69,1017,31,0
2026-08-14 11:15:00,4347.69,4349.08,4345.72,4346.35,1159,31,0
2026-08-14 11:20:00,4346.29,4346.95,4343.53,4344.17,1103,31,0
2026-08-14 11:25:00,4344.18,4345.81,4343.69,4345.79,1086,31,0
2026-08-14 11:30:00,4345.79,4346.5,4344.19,4344.26,927,32,0
2026-08-14 11:35:00,4344.28,4349.06,4344.28,4348.1,990,32,0
2026-08-14 11:40:00,4348.1,4349.28,4343.52,4343.65,952,31,0
2026-08-14 11:45:00,4343.66,4344.76,4342.79,4344.17,669,31,0
2026-08-14 11:50:00,4344.16,4347.61,4343.93,4346.9,679,31,0
2026-08-14 11:55:00,4346.97,4349.7,4346.82,4348.35,777,31,0
2026-08-14 12:00:00,4348.35,4349.01,4347.32,4347.54,902,31,0
2026-08-14 12:05:00,4347.5,4349.33,4346.1,4348.94,947,31,0
2026-08-14 12:10:00,4348.94,4350.94,4347.96,4350.8,787,31,0
2026-08-14 12:15:00,4350.82,4351.86,4349.14,4349.52,842,31,0
2026-08-14 12:20:00,4349.47,4352.47,4348.71,4352.34,850,31,0
2026-08-14 12:25:00,4352.34,4354.14,4350.05,4351.82,1045,34,0
2026-08-14 12:30:00,4351.84,4354.16,4350.13,4352.74,1148,35,0
2026-08-14 12:35:00,4352.75,4354.52,4352.28,4352.75,859,31,0
2026-08-14 12:40:00,4352.75,4353.58,4351.85,4353.58,738,31,0
2026-08-14 12:45:00,4353.58,4354.62,4352.65,4353.71,738,34,0
2026-08-14 12:50:00,4353.71,4355.42,4353.04,4354.87,811,33,0
2026-08-14 12:55:00,4354.88,4357.47,4353.86,4357.26,929,32,0
2026-08-14 13:00:00,4357.27,4357.39,4355.88,4356.87,918,35,0
2026-08-14 13:05:00,4356.87,4358.72,4355.62,4356.15,859,35,0
2026-08-14 13:10:00,4356.16,4357.0,4353.86,4354.58,859,35,0
2026-08-14 13:15:00,4354.56,4355.38,4352.1,4353.53,803,35,0
2026-08-14 13:20:00,4353.56,4354.41,4352.48,4354.07,595,31,0
2026-08-14 13:25:00,4354.07,4354.24,4349.84,4351.56,804,31,0
2026-08-14 13:30:00,4351.56,4351.6,4348.34,4349.59,858,31,0
2026-08-14 13:35:00,4349.54,4350.33,4348.7,4349.07,574,31,0
2026-08-14 13:40:00,4349.07,4352.0,4348.72,4351.98,618,34,0
2026-08-14 13:45:00,4351.98,4352.62,4351.38,4351.5,599,34,0
2026-08-14 13:50:00,4351.5,4353.58,4350.97,4351.12,618,32,0
2026-08-14 13:55:00,4351.12,4351.15,4348.13,4349.44,798,33,0
2026-08-14 14:00:00,4349.61,4351.06,4348.62,4349.34,874,33,0
2026-08-14 14:05:00,4349.34,4351.58,4349.09,4351.1,645,31,0
2026-08-14 14:10:00,4351.06,4351.72,4350.09,4350.77,617,31,0
2026-08-14 14:15:00,4350.78,4355.63,4350.75,4355.63,825,36,0
2026-08-14 14:20:00,4355.63,4356.78,4353.52,4354.09,921,31,0
2026-08-14 14:25:00,4354.05,4357.09,4352.99,4356.8,806,31,0
2026-08-14 14:30:00,4356.81,4361.68,4356.54,4361.48,1128,31,0
2026-08-14 14:35:00,4361.49,4363.36,4360.23,4361.73,1092,34,0
2026-08-14 14:40:00,4361.72,4363.48,4361.42,4362.44,960,34,0
2026-08-14 14:45:00,4362.44,4363.15,4360.75,4361.9,1010,31,0
2026-08-14 14:50:00,4361.91,4368.15,4361.89,4367.13,1222,31,0
2026-08-14 14:55:00,4367.14,4369.41,4365.69,4369.16,1167,31,0
2026-08-14 15:00:00,4369.15,4375.27,4369.14,4373.74,1688,33,0
2026-08-14 15:05:00,4373.74,4376.85,4371.82,4372.15,1377,34,0
2026-08-14 15:10:00,4372.15,4372.18,4365.61,4371.7,1454,31,0
2026-08-14 15:15:00,4371.71,4372.52,4369.6,4372.5,1145,34,0
2026-08-14 15:20:00,4372.87,4380.35,4372.61,4379.18,1806,35,0
2026-08-14 15:25:00,4379.14,4381.81,4377.07,4380.86,1509,34,0
2026-08-14 15:30:00,4381.25,4386.86,4377.95,4381.42,2400,36,0
2026-08-14 15:35:00,4381.42,4381.84,4376.15,4377.31,1819,34,0
2026-08-14 15:40:00,4377.3,4377.53,4372.19,4372.81,1553,35,0
2026-08-14 15:45:00,4372.81,4376.76,4370.91,4374.8,1638,34,0
2026-08-14 15:50:00,4374.8,4377.74,4372.88,4375.01,1439,34,0
2026-08-14 15:55:00,4375.07,4375.73,4372.63,4373.91,1535,35,0
2026-08-14 16:00:00,4373.93,4378.97,4369.99,4377.99,2451,36,0
2026-08-14 16:05:00,4378.0,4380.18,4375.92,4379.47,1931,32,0
2026-08-14 16:10:00,4379.39,4380.99,4374.86,4375.29,1712,31,0
2026-08-14 16:15:00,4375.32,4381.25,4375.27,4381.25,1685,31,0
2026-08-14 16:20:00,4381.29,4385.81,4379.52,4385.6,1747,31,0
2026-08-14 16:25:00,4385.59,4386.46,4384.03,4384.46,1833,35,0
2026-08-14 16:30:00,4384.44,4391.56,4383.68,4391.23,2765,36,0
2026-08-14 16:35:00,4391.18,4396.97,4390.56,4395.42,2777,35,0
2026-08-14 16:40:00,4395.72,4396.22,4390.4,4393.4,2420,35,0
2026-08-14 16:45:00,4393.4,4394.78,4386.47,4387.12,2375,35,0
2026-08-14 16:50:00,4387.36,4388.46,4382.97,4384.52,2264,33,0
2026-08-14 16:55:00,4384.49,4385.71,4382.91,4384.59,1919,31,0
2026-08-14 17:00:00,4384.59,4392.84,4384.22,4391.18,2529,31,0
2026-08-14 17:05:00,4391.23,4391.88,4388.83,4388.94,1859,31,0
2026-08-14 17:10:00,4388.95,4393.12,4387.1,4390.85,1882,31,0
2026-08-14 17:15:00,4390.87,4392.21,4385.26,4386.29,2053,31,0
2026-08-14 17:20:00,4386.3,4392.35,4385.18,4392.06,2184,31,0
2026-08-14 17:25:00,4392.06,4394.58,4390.11,4391.09,1934,31,0
2026-08-14 17:30:00,4391.08,4391.6,4384.3,4384.68,2012,32,0
2026-08-14 17:35:00,4384.7,4387.16,4384.1,4386.37,1734,32,0
2026-08-14 17:40:00,4386.37,4386.64,4381.56,4384.23,1651,34,0
2026-08-14 17:45:00,4384.23,4384.53,4378.85,4380.57,1705,31,0
2026-08-14 17:50:00,4380.38,4383.21,4379.66,4381.57,1617,31,0
2026-08-14 17:55:00,4381.62,4382.97,4379.92,4381.87,1537,31,0
2026-08-14 18:00:00,4381.85,4390.68,4381.22,4386.81,2002,31,0
2026-08-14 18:05:00,4386.82,4389.19,4385.55,4386.59,1809,31,0
2026-08-14 18:10:00,4386.59,4394.03,4386.03,4392.19,2166,31,0
2026-08-14 18:15:00,4392.19,4393.79,4386.04,4386.28,2061,31,0
2026-08-14 18:20:00,4386.06,4387.15,4382.93,4382.93,1798,31,0
2026-08-14 18:25:00,4382.98,4385.27,4379.14,4385.18,1817,31,0
2026-08-14 18:30:00,4385.36,4389.06,4384.03,4387.66,1742,31,0
2026-08-14 18:35:00,4387.65,4390.07,4386.55,4387.71,1581,31,0
2026-08-14 18:40:00,4387.71,4389.91,4386.7,4389.61,1486,31,0
2026-08-14 18:45:00,4389.62,4394.72,4389.39,4392.24,1848,32,0
2026-08-14 18:50:00,4392.31,4393.1,4390.13,4390.48,1220,31,0
2026-08-14 18:55:00,4390.5,4393.07,4389.96,4391.77,1265,32,0
2026-08-14 19:00:00,4391.74,4396.81,4390.88,4390.95,1611,36,0
2026-08-14 19:05:00,4390.94,4393.16,4388.72,4389.97,1301,36,0
2026-08-14 19:10:00,4389.97,4390.49,4388.92,4389.78,1147,36,0
2026-08-14 19:15:00,4389.78,4392.0,4389.49,4391.83,1129,36,0
2026-08-14 19:20:00,4391.83,4393.08,4389.6,4389.73,997,36,0
2026-08-14 19:25:00,4389.74,4389.78,4387.01,4387.66,1198,36,0
2026-08-14 19:30:00,4387.67,4387.72,4380.4,4383.94,1612,36,0
2026-08-14 19:35:00,4383.91,4389.03,4383.37,4388.21,1366,36,0
2026-08-14 19:40:00,4388.2,4388.76,4385.73,4385.85,1127,36,0
2026-08-14 19:45:00,4385.87,4387.14,4385.41,4387.0,899,35,0
2026-08-14 19:50:00,4386.99,4387.49,4385.5,4386.52,689,35,0
2026-08-14 19:55:00,4386.52,4386.61,4384.95,4386.05,902,35,0
2026-08-14 20:00:00,4386.05,4386.47,4383.13,4383.79,1171,36,0
2026-08-14 20:05:00,4383.74,4384.15,4381.37,4382.16,920,36,0
2026-08-14 20:10:00,4382.15,4382.56,4380.4,4382.4,839,35,0
2026-08-14 20:15:00,4382.35,4384.75,4381.38,4381.46,990,36,0
2026-08-14 20:20:00,4381.47,4382.54,4379.67,4381.54,924,35,0
2026-08-14 20:25:00,4381.57,4382.45,4379.36,4379.59,1139,34,0
2026-08-14 20:30:00,4379.61,4382.82,4379.61,4382.61,1231,36,0
2026-08-14 20:35:00,4382.64,4382.64,4379.38,4379.38,968,34,0
2026-08-14 20:40:00,4379.39,4380.68,4377.08,4377.78,980,31,0
2026-08-14 20:45:00,4377.71,4377.95,4376.36,4376.97,942,31,0
2026-08-14 20:50:00,4376.84,4379.14,4376.49,4378.11,665,31,0
2026-08-14 20:55:00,4378.08,4378.92,4377.25,4378.84,675,31,0
2026-08-14 21:00:00,4378.84,4381.52,4376.57,4381.2,1070,31,0
2026-08-14 21:05:00,4381.2,4381.74,4379.13,4379.91,1053,36,0
2026-08-14 21:10:00,4379.91,4380.83,4376.96,4377.36,1048,36,0
2026-08-14 21:15:00,4377.36,4379.1,4377.04,4378.61,841,31,0
2026-08-14 21:20:00,4378.61,4380.31,4378.31,4379.64,681,31,0
2026-08-14 21:25:00,4379.63,4380.49,4378.0,4379.46,753,31,0
2026-08-14 21:30:00,4379.47,4379.78,4377.41,4378.39,679,36,0
2026-08-14 21:35:00,4378.4,4382.74,4378.25,4382.6,671,35,0
2026-08-14 21:40:00,4382.59,4382.74,4376.24,4376.58,877,36,0
2026-08-14 21:45:00,4376.58,4376.98,4370.93,4374.26,1057,36,0
2026-08-14 21:50:00,4374.26,4375.69,4372.97,4373.35,746,36,0
2026-08-14 21:55:00,4373.36,4374.35,4372.78,4373.18,590,36,0
2026-08-14 22:00:00,4373.12,4373.8,4372.57,4372.74,721,35,0
2026-08-14 22:05:00,4372.74,4376.78,4371.94,4376.34,646,34,0
2026-08-14 22:10:00,4376.34,4377.2,4375.74,4375.74,663,35,0
2026-08-14 22:15:00,4375.75,4376.54,4374.27,4375.23,694,35,0
2026-08-14 22:20:00,4375.23,4376.98,4375.22,4376.35,685,36,0
2026-08-14 22:25:00,4376.35,4377.94,4376.31,4377.52,739,36,0
2026-08-14 22:30:00,4377.53,4378.03,4376.72,4377.36,778,36,0
2026-08-14 22:35:00,4377.36,4378.24,4376.16,4376.62,712,36,0
2026-08-14 22:40:00,4376.61,4377.52,4375.66,4375.75,800,36,0
2026-08-14 22:45:00,4375.76,4376.09,4375.1,4376.01,915,36,0
2026-08-14 22:50:00,4375.97,4379.93,4375.86,4377.99,1336,36,0
2026-08-14 22:55:00,4378.0,4378.09,4373.24,4376.06,1983,36,0
2026-08-14 23:00:00,4376.04,4376.04,4373.56,4374.39,722,36,0
2026-08-14 23:05:00,4374.38,4374.45,4372.0,4372.13,724,35,0
2026-08-14 23:10:00,4372.15,4372.91,4371.37,4372.86,449,32,0
2026-08-14 23:15:00,4372.86,4373.76,4372.52,4372.91,354,31,0
2026-08-14 23:20:00,4372.91,4374.13,4372.19,4373.77,363,31,0
2026-08-14 23:25:00,4373.77,4374.84,4373.5,4374.64,340,36,0
2026-08-14 23:30:00,4374.35,4374.68,4373.69,4373.87,320,33,0
2026-08-14 23:35:00,4373.9,4376.27,4373.6,4375.7,330,35,0
2026-08-14 23:40:00,4375.78,4376.84,4374.66,4375.5,193,44,0
2026-08-14 23:45:00,4375.5,4375.92,4375.15,4375.46,180,44,0
2026-08-14 23:50:00,4374.11,4374.63,4373.5,4374.58,270,374,0
2026-08-14 23:55:00,4374.57,4374.61,4373.84,4374.38,269,374,0
2026-08-17 01:05:00,4372.23,4375.58,4371.01,4375.09,806,367,0
2026-08-17 01:10:00,4375.01,4378.72,4374.09,4375.57,624,38,0
2026-08-17 01:15:00,4375.57,4375.84,4372.64,4373.83,566,37,0
2026-08-17 01:20:00,4373.83,4375.01,4372.78,4372.92,533,38,0
2026-08-17 01:25:00,4372.92,4375.14,4372.71,4374.9,533,38,0
2026-08-17 01:30:00,4374.92,4377.76,4374.92,4376.89,624,38,0
2026-08-17 01:35:00,4377.06,4378.91,4376.6,4378.61,374,37,0
2026-08-17 01:40:00,4378.59,4378.82,4376.63,4377.59,343,38,0
2026-08-17 01:45:00,4377.59,4380.78,4377.53,4380.52,647,38,0
2026-08-17 01:50:00,4380.52,4384.29,4380.06,4383.05,626,37,0
2026-08-17 01:55:00,4382.98,4386.62,4382.55,4385.73,583,36,0
2026-08-17 02:00:00,4385.74,4386.01,4380.34,4381.96,894,36,0
2026-08-17 02:05:00,4381.96,4382.84,4380.81,4382.84,527,35,0
2026-08-17 02:10:00,4382.84,4383.16,4379.35,4379.59,467,35,0
2026-08-17 02:15:00,4379.6,4380.98,4378.22,4379.85,568,35,0
2026-08-17 02:20:00,4379.85,4380.57,4375.13,4375.78,760,36,0
2026-08-17 02:25:00,4375.77,4376.38,4372.47,4374.66,660,35,0
2026-08-17 02:30:00,4374.63,4374.99,4369.46,4370.83,912,37,0
2026-08-17 02:35:00,4370.82,4371.73,4367.14,4370.37,860,36,0
2026-08-17 02:40:00,4370.36,4370.36,4367.75,4368.24,583,35,0
2026-08-17 02:45:00,4368.2,4373.7,4368.1,4371.94,780,35,0
2026-08-17 02:50:00,4371.95,4372.8,4370.45,4371.85,751,36,0
2026-08-17 02:55:00,4371.86,4372.27,4369.68,4370.54,902,36,0
2026-08-17 03:00:00,4370.56,4375.84,4368.07,4374.7,1746,38,0
2026-08-17 03:05:00,4374.7,4375.84,4372.06,4372.38,1249,36,0
2026-08-17 03:10:00,4372.38,4379.36,4372.08,4378.72,1300,35,0
2026-08-17 03:15:00,4378.73,4387.24,4378.44,4384.59,1427,35,0
2026-08-17 03:20:00,4384.6,4388.36,4384.03,4386.94,1051,35,0
2026-08-17 03:25:00,4386.94,4390.97,4386.53,4390.03,1013,35,0
2026-08-17 03:30:00,4390.04,4394.38,4389.49,4392.68,1227,35,0
2026-08-17 03:35:00,4392.71,4393.13,4388.55,4389.44,914,35,0
2026-08-17 03:40:00,4389.46,4397.77,4387.92,4395.83,1214,35,0
2026-08-17 03:45:00,4395.99,4396.24,4394.24,4395.18,1094,35,0
2026-08-17 03:50:00,4395.19,4398.28,4394.25,4397.79,1232,35,0
2026-08-17 03:55:00,4397.78,4401.85,4397.35,4400.68,1369,35,0
2026-08-17 04:00:00,4400.68,4408.85,4398.55,4407.24,3006,38,0
2026-08-17 04:05:00,4407.24,4411.19,4404.95,4406.55,2014,37,0
2026-08-17 04:10:00,4406.55,4411.5,4404.1,4409.13,1769,37,0
2026-08-17 04:15:00,4409.1,4410.31,4406.09,4408.2,2000,37,0
2026-08-17 04:20:00,4408.13,4416.25,4407.65,4412.42,2110,37,0
2026-08-17 04:25:00,4412.42,4414.74,4406.19,4406.98,1783,36,0
2026-08-17 04:30:00,4407.07,4407.87,4401.34,4402.17,1884,37,0
2026-08-17 04:35:00,4402.17,4403.07,4398.89,4400.64,1553,35,0
2026-08-17 04:40:00,4400.66,4403.57,4397.45,4403.38,1525,36,0
2026-08-17 04:45:00,4403.38,4403.76,4393.96,4394.91,1680,35,0
2026-08-17 04:50:00,4394.92,4398.29,4390.87,4396.87,1530,35,0
2026-08-17 04:55:00,4396.85,4396.94,4392.33,4394.57,1191,35,0
2026-08-17 05:00:00,4394.56,4397.01,4393.39,4394.43,1198,35,0
2026-08-17 05:05:00,4394.42,4396.05,4391.23,4393.85,1360,35,0
2026-08-17 05:10:00,4393.85,4394.05,4391.04,4392.96,1100,35,0
2026-08-17 05:15:00,4392.96,4394.28,4391.01,4392.35,1091,35,0
2026-08-17 05:20:00,4392.33,4393.64,4388.46,4393.31,1025,35,0
2026-08-17 05:25:00,4393.25,4395.98,4393.18,4394.06,817,35,0
2026-08-17 05:30:00,4394.07,4396.69,4390.77,4391.44,1487,36,0
2026-08-17 05:35:00,4391.44,4394.03,4390.02,4390.66,1471,35,0
2026-08-17 05:40:00,4390.65,4394.12,4388.48,4391.62,1438,35,0
2026-08-17 05:45:00,4391.62,4392.26,4389.58,4390.49,1169,35,0
2026-08-17 05:50:00,4390.49,4391.61,4389.05,4389.33,1170,35,0
2026-08-17 05:55:00,4389.4,4393.18,4387.48,4393.11,1154,35,0
2026-08-17 06:00:00,4393.1,4394.4,4392.14,4392.57,1273,36,0
2026-08-17 06:05:00,4392.57,4393.69,4389.16,4389.62,1126,35,0
2026-08-17 06:10:00,4389.64,4391.4,4388.41,4390.12,913,35,0
2026-08-17 06:15:00,4390.16,4390.7,4387.79,4390.54,1027,35,0
2026-08-17 06:20:00,4390.52,4391.39,4389.59,4390.42,899,35,0
2026-08-17 06:25:00,4390.42,4393.25,4388.38,4392.68,1041,35,0
2026-08-17 06:30:00,4392.75,4395.28,4390.83,4394.0,1039,36,0
2026-08-17 06:35:00,4394.0,4394.77,4392.02,4393.72,670,35,0
2026-08-17 06:40:00,4393.73,4396.86,4393.66,4394.85,819,35,0
2026-08-17 06:45:00,4394.82,4395.37,4392.63,4394.63,722,35,0
2026-08-17 06:50:00,4394.63,4395.04,4393.85,4394.8,554,35,0
2026-08-17 06:55:00,4394.8,4397.33,4393.64,4396.86,690,35,0
2026-08-17 07:00:00,4396.9,4399.18,4396.19,4397.39,931,36,0
2026-08-17 07:05:00,4397.39,4398.3,4396.16,4397.52,866,35,0
2026-08-17 07:10:00,4397.44,4399.21,4396.81,4398.03,756,35,0
2026-08-17 07:15:00,4398.06,4398.55,4396.18,4396.75,711,35,0
2026-08-17 07:20:00,4396.63,4396.63,4392.69,4393.6,702,35,0
2026-08-17 07:25:00,4393.6,4393.69,4389.84,4390.63,633,35,0
2026-08-17 07:30:00,4390.62,4391.63,4388.66,4391.32,695,35,0
2026-08-17 07:35:00,4391.37,4393.42,4389.71,4392.26,672,35,0
2026-08-17 07:40:00,4392.26,4396.29,4391.61,4395.47,824,35,0
2026-08-17 07:45:00,4395.47,4397.53,4394.97,4395.71,677,35,0
2026-08-17 07:50:00,4395.71,4396.41,4394.55,4394.95,621,35,0
2026-08-17 07:55:00,4394.99,4395.08,4389.63,4390.43,695,35,0
2026-08-17 08:00:00,4390.41,4392.66,4389.67,4392.56,868,35,0
2026-08-17 08:05:00,4392.48,4392.94,4389.65,4391.76,745,35,0
2026-08-17 08:10:00,4391.8,4391.81,4386.74,4387.45,742,35,0
2026-08-17 08:15:00,4387.45,4393.01,4386.69,4392.61,757,35,0
2026-08-17 08:20:00,4392.61,4396.64,4390.44,4394.97,962,36,0
2026-08-17 08:25:00,4394.97,4399.18,4394.4,4398.85,847,35,0
2026-08-17 08:30:00,4399.42,4400.96,4395.44,4396.03,1730,38,0
2026-08-17 08:35:00,4396.03,4396.08,4391.3,4395.2,1404,37,0
2026-08-17 08:40:00,4395.04,4396.48,4393.62,4395.5,1168,37,0
2026-08-17 08:45:00,4395.55,4397.11,4392.02,4397.01,1056,35,0
2026-08-17 08:50:00,4396.97,4397.16,4392.24,4392.82,1131,35,0
2026-08-17 08:55:00,4392.85,4395.69,4392.55,4394.65,1224,35,0
2026-08-17 09:00:00,4394.65,4397.87,4394.38,4395.18,1445,35,0
2026-08-17 09:05:00,4395.14,4397.66,4393.36,4395.06,1237,31,0
2026-08-17 09:10:00,4395.09,4397.22,4392.47,4396.54,1167,31,0
2026-08-17 09:15:00,4396.54,4396.54,4392.41,4393.32,992,31,0
2026-08-17 09:20:00,4393.32,4396.71,4393.26,4394.65,1096,31,0
2026-08-17 09:25:00,4394.6,4399.78,4394.41,4398.1,1390,31,0
2026-08-17 09:30:00,4398.09,4398.44,4394.71,4395.18,1177,31,0
2026-08-17 09:35:00,4395.18,4395.51,4393.32,4394.74,1190,31,0
2026-08-17 09:40:00,4394.73,4396.06,4393.29,4395.99,1054,33,0
2026-08-17 09:45:00,4395.96,4400.63,4395.86,4400.25,1379,36,0
2026-08-17 09:50:00,4400.25,4404.18,4400.15,4401.79,1437,32,0
2026-08-17 09:55:00,4401.78,4403.03,4400.79,4402.52,1222,31,0
2026-08-17 10:00:00,4402.54,4403.74,4401.0,4401.55,1482,35,0
2026-08-17 10:05:00,4401.59,4402.64,4399.21,4400.16,1080,33,0
2026-08-17 10:10:00,4400.16,4401.08,4395.81,4396.2,1218,32,0
2026-08-17 10:15:00,4396.2,4399.06,4396.12,4397.18,1189,31,0
2026-08-17 10:20:00,4397.2,4397.44,4395.54,4396.91,1014,31,0
2026-08-17 10:25:00,4396.92,4404.8,4396.34,4404.61,1268,34,0
2026-08-17 10:30:00,4404.73,4407.77,4404.37,4406.74,1582,36,0
2026-08-17 10:35:00,4406.76,4411.01,4406.44,4407.63,1370,34,0
2026-08-17 10:40:00,4407.62,4410.73,4406.97,4409.18,959,31,0
2026-08-17 10:45:00,4409.2,4409.7,4407.03,4407.32,953,31,0
2026-08-17 10:50:00,4407.34,4408.01,4403.29,4404.01,977,31,0
2026-08-17 10:55:00,4404.03,4405.78,4403.75,4403.76,812,32,0
2026-08-17 11:00:00,4403.57,4404.22,4399.48,4399.95,1485,35,0
2026-08-17 11:05:00,4399.95,4400.34,4397.05,4399.38,1179,31,0
2026-08-17 11:10:00,4399.36,4402.6,4398.2,4402.6,939,31,0
2026-08-17 11:15:00,4402.6,4403.5,4400.09,4400.66,918,31,0
2026-08-17 11:20:00,4400.65,4402.81,4400.12,4401.88,730,33,0
2026-08-17 11:25:00,4401.79,4402.93,4400.61,4401.79,909,34,0
2026-08-17 11:30:00,4401.79,4401.79,4399.19,4399.67,908,32,0
2026-08-17 11:35:00,4399.67,4401.85,4398.7,4400.89,856,33,0
2026-08-17 11:40:00,4400.89,4401.0,4395.6,4395.9,867,32,0
2026-08-17 11:45:00,4395.9,4396.48,4394.62,4395.19,723,35,0
2026-08-17 11:50:00,4395.23,4395.7,4392.47,4393.02,852,31,0
2026-08-17 11:55:00,4393.21,4395.64,4392.22,4394.85,776,31,0
2026-08-17 12:00:00,4394.84,4395.98,4392.97,4395.98,855,31,0
2026-08-17 12:05:00,4395.97,4399.3,4394.84,4399.11,786,31,0
2026-08-17 12:10:00,4399.12,4400.25,4398.52,4398.87,762,31,0
2026-08-17 12:15:00,4398.88,4399.65,4396.83,4398.02,865,31,0
2026-08-17 12:20:00,4397.89,4398.44,4396.03,4396.68,616,31,0
2026-08-17 12:25:00,4396.68,4397.85,4395.32,4396.63,964,36,0
2026-08-17 12:30:00,4396.74,4397.21,4394.19,4396.1,1130,35,0
2026-08-17 12:35:00,4396.1,4396.8,4393.69,4394.3,832,33,0
2026-08-17 12:40:00,4394.3,4396.15,4393.32,4394.0,709,31,0
2026-08-17 12:45:00,4394.0,4395.2,4392.31,4395.13,830,33,0
2026-08-17 12:50:00,4395.13,4395.59,4392.65,4393.2,923,34,0
2026-08-17 12:55:00,4393.21,4395.36,4393.2,4395.35,715,31,0
2026-08-17 13:00:00,4395.38,4395.63,4392.86,4393.88,572,31,0
2026-08-17 13:05:00,4393.88,4395.94,4393.88,4393.89,642,31,0
2026-08-17 13:10:00,4393.89,4396.11,4393.72,4395.7,722,34,0
2026-08-17 13:15:00,4395.67,4399.72,4394.59,4395.63,854,31,0
2026-08-17 13:20:00,4395.64,4396.95,4394.71,4396.12,668,31,0
2026-08-17 13:25:00,4396.11,4405.34,4391.67,4403.97,1134,32,0
2026-08-17 13:30:00,4403.37,4405.53,4395.93,4397.18,2123,36,0
2026-08-17 13:35:00,4397.22,4398.02,4394.8,4395.71,1076,36,0
2026-08-17 13:40:00,4395.72,4398.52,4395.06,4397.9,770,36,0
2026-08-17 13:45:00,4397.9,4398.84,4395.92,4396.64,701,36,0
2026-08-17 13:50:00,4396.61,4398.19,4396.24,4397.29,641,36,0
2026-08-17 13:55:00,4397.3,4399.17,4396.77,4398.79,756,36,0
2026-08-17 14:00:00,4398.79,4401.97,4397.62,4400.21,949,36,0
2026-08-17 14:05:00,4400.21,4403.63,4399.89,4401.73,914,36,0
2026-08-17 14:10:00,4401.73,4402.52,4399.4,4399.69,880,36,0
2026-08-17 14:15:00,4399.65,4399.76,4396.87,4398.41,825,33,0
2026-08-17 14:20:00,4398.42,4403.76,4398.35,4403.49,1065,33,0
2026-08-17 14:25:00,4403.5,4404.47,4402.6,4403.71,781,31,0
2026-08-17 14:30:00,4403.71,4404.77,4402.19,4403.87,837,32,0
2026-08-17 14:35:00,4403.86,4404.66,4402.5,4402.6,763,31,0
2026-08-17 14:40:00,4402.81,4402.83,4398.92,4399.42,984,33,0
2026-08-17 14:45:00,4399.42,4400.45,4396.37,4396.75,779,31,0
2026-08-17 14:50:00,4396.71,4398.71,4395.01,4396.42,903,31,0
2026-08-17 14:55:00,4396.42,4397.36,4395.6,4396.47,663,31,0
2026-08-17 15:00:00,4396.47,4397.38,4392.98,4394.36,1196,31,0
2026-08-17 15:05:00,4394.47,4394.9,4391.71,4392.24,942,36,0
2026-08-17 15:10:00,4392.14,4394.8,4391.27,4393.51,1169,35,0
2026-08-17 15:15:00,4393.47,4395.28,4392.75,4394.25,961,31,0
2026-08-17 15:20:00,4394.28,4398.4,4391.74,4392.49,1341,31,0
2026-08-17 15:25:00,4392.49,4393.3,4382.0,4386.6,1970,36,0
2026-08-17 15:30:00,4386.6,4390.11,4383.85,4389.0,1816,36,0
2026-08-17 15:35:00,4389.0,4389.19,4381.07,4381.28,1536,35,0
2026-08-17 15:40:00,4381.28,4383.12,4378.13,4378.13,1546,35,0
2026-08-17 15:45:00,4378.18,4380.34,4377.15,4377.75,1481,36,0
2026-08-17 15:50:00,4377.76,4384.66,4377.63,4384.04,1457,35,0
2026-08-17 15:55:00,4384.06,4386.18,4383.3,4385.26,1334,35,0
2026-08-17 16:00:00,4385.27,4388.06,4381.03,4384.59,2348,36,0
2026-08-17 16:05:00,4384.67,4386.07,4382.17,4385.16,1696,35,0
2026-08-17 16:10:00,4385.2,4389.27,4384.99,4386.35,1713,33,0
2026-08-17 16:15:00,4386.35,4386.78,4382.19,4385.6,1471,31,0
2026-08-17 16:20:00,4385.6,4388.74,4384.14,4386.57,1363,33,0
2026-08-17 16:25:00,4386.61,4388.34,4385.85,4386.45,1354,34,0
2026-08-17 16:30:00,4386.54,4390.23,4385.72,4388.54,2335,35,0
2026-08-17 16:35:00,4388.54,4391.85,4386.02,4388.46,2153,35,0
2026-08-17 16:40:00,4388.46,4389.31,4384.73,4385.75,2274,35,0
2026-08-17 16:45:00,4385.63,4395.45,4384.52,4395.23,2609,36,0
2026-08-17 16:50:00,4395.22,4407.3,4394.34,4401.67,2679,34,0
2026-08-17 16:55:00,4401.61,4416.01,4401.46,4409.19,2741,36,0
2026-08-17 17:00:00,4409.21,4410.13,4404.24,4408.22,2521,35,0
2026-08-17 17:05:00,4408.24,4408.51,4404.94,4405.22,2420,31,0
2026-08-17 17:10:00,4405.23,4412.76,4403.89,4412.1,2005,31,0
2026-08-17 17:15:00,4411.99,4420.77,4411.59,4418.46,2745,36,0
2026-08-17 17:20:00,4418.46,4427.55,4417.14,4423.92,2648,36,0
2026-08-17 17:25:00,4423.9,4426.36,4414.51,4418.27,2478,31,0
2026-08-17 17:30:00,4418.31,4424.73,4418.21,4422.27,2228,32,0
2026-08-17 17:35:00,4422.43,4423.71,4416.53,4417.88,2074,31,0
2026-08-17 17:40:00,4417.91,4421.7,4417.23,4417.6,1986,31,0
2026-08-17 17:45:00,4417.6,4419.63,4414.02,4417.42,1948,36,0
2026-08-17 17:50:00,4417.41,4421.05,4415.75,4416.44,2286,36,0
2026-08-17 17:55:00,4416.45,4418.28,4413.99,4417.33,1942,34,0
2026-08-17 18:00:00,4417.32,4419.14,4415.16,4418.5,2033,36,0
2026-08-17 18:05:00,4418.54,4419.77,4416.03,4416.77,1887,32,0
2026-08-17 18:10:00,4416.73,4422.38,4416.0,4421.15,1654,31,0
2026-08-17 18:15:00,4421.15,4423.16,4419.37,4422.16,1820,34,0
2026-08-17 18:20:00,4422.21,4423.78,4421.46,4423.18,1842,33,0
2026-08-17 18:25:00,4423.23,4425.97,4420.86,4425.44,1971,31,0
2026-08-17 18:30:00,4425.46,4426.41,4421.31,4422.61,1799,31,0
2026-08-17 18:35:00,4422.62,4423.85,4420.21,4421.95,1484,31,0
2026-08-17 18:40:00,4421.78,4423.48,4418.72,4419.31,1766,31,0
2026-08-17 18:45:00,4419.32,4424.33,4417.7,4423.67,1499,31,0
2026-08-17 18:50:00,4423.67,4426.69,4423.02,4426.41,1309,31,0
2026-08-17 18:55:00,4426.43,4427.79,4425.65,4427.52,1571,31,0
2026-08-17 19:00:00,4427.52,4428.13,4424.05,4425.49,1563,34,0
2026-08-17 19:05:00,4425.5,4428.37,4424.23,4427.37,1430,36,0
2026-08-17 19:10:00,4427.38,4428.84,4425.69,4426.04,1263,35,0
2026-08-17 19:15:00,4426.04,4427.42,4425.15,4425.55,1172,34,0
2026-08-17 19:20:00,4425.54,4427.63,4424.8,4425.01,1234,35,0
2026-08-17 19:25:00,4425.01,4425.19,4422.92,4424.89,1186,34,0
2026-08-17 19:30:00,4424.85,4425.29,4422.68,4423.97,1052,34,0
2026-08-17 19:35:00,4423.97,4426.97,4423.36,4426.5,1015,35,0
2026-08-17 19:40:00,4426.5,4426.78,4424.25,4424.26,862,35,0
2026-08-17 19:45:00,4424.25,4424.85,4422.59,4423.97,943,35,0
2026-08-17 19:50:00,4423.89,4425.56,4422.73,4423.23,851,36,0
2026-08-17 19:55:00,4423.25,4425.36,4423.25,4424.21,902,32,0
2026-08-17 20:00:00,4424.2,4426.16,4423.7,4424.67,1135,34,0
2026-08-17 20:05:00,4424.83,4424.9,4421.16,4422.37,1484,36,0
2026-08-17 20:10:00,4422.37,4423.46,4421.81,4423.03,1214,33,0
2026-08-17 20:15:00,4423.09,4423.24,4418.98,4419.57,1412,36,0
2026-08-17 20:20:00,4419.7,4420.36,4416.1,4416.63,1625,36,0
2026-08-17 20:25:00,4416.65,4417.44,4413.48,4416.74,1829,36,0
2026-08-17 20:30:00,4416.75,4418.63,4413.99,4417.38,1671,36,0
2026-08-17 20:35:00,4417.37,4417.55,4411.83,4412.1,1560,36,0
2026-08-17 20:40:00,4412.12,4417.55,4411.28,4417.27,1615,35,0
2026-08-17 20:45:00,4417.28,4420.47,4417.24,4419.11,1337,31,0
2026-08-17 20:50:00,4419.12,4420.66,4417.1,4417.41,1079,31,0
2026-08-17 20:55:00,4417.5,4418.21,4413.34,4413.78,1293,32,0
2026-08-17 21:00:00,4413.71,4414.59,4410.36,4411.25,1601,32,0
2026-08-17 21:05:00,4411.3,4413.09,4410.35,4411.47,1334,36,0
2026-08-17 21:10:00,4411.4,4413.86,4410.2,4413.86,1203,31,0
2026-08-17 21:15:00,4413.86,4416.13,4413.56,4415.08,1246,34,0
2026-08-17 21:20:00,4415.01,4415.43,4408.95,4409.24,1372,31,0
2026-08-17 21:25:00,4409.19,4409.82,4404.64,4406.72,1725,36,0
2026-08-17 21:30:00,4406.68,4406.78,4398.01,4399.98,1858,36,0
2026-08-17 21:35:00,4399.91,4402.38,4399.17,4402.16,1150,36,0
2026-08-17 21:40:00,4402.14,4404.76,4401.33,4401.33,1089,35,0
2026-08-17 21:45:00,4401.33,4406.05,4400.09,4405.77,1048,34,0
2026-08-17 21:50:00,4405.77,4407.38,4404.43,4406.24,1206,33,0
2026-08-17 21:55:00,4406.24,4406.97,4405.79,4406.59,737,33,0
2026-08-17 22:00:00,4406.57,4407.16,4401.98,4402.87,1047,34,0
2026-08-17 22:05:00,4402.85,4403.61,4400.22,4403.61,1152,36,0
2026-08-17 22:10:00,4403.64,4408.72,4403.64,4408.68,1104,31,0
2026-08-17 22:15:00,4408.75,4416.04,4407.71,4415.11,1610,33,0
2026-08-17 22:20:00,4415.12,4416.73,4414.77,4415.92,1240,34,0
2026-08-17 22:25:00,4415.92,4417.4,4413.98,4414.55,887,33,0
2026-08-17 22:30:00,4414.56,4416.62,4414.11,4416.32,896,33,0
2026-08-17 22:35:00,4416.32,4417.24,4415.08,4416.55,905,34,0
2026-08-17 22:40:00,4416.55,4420.41,4415.57,4419.26,1133,33,0
2026-08-17 22:45:00,4419.27,4420.99,4418.32,4420.01,1103,36,0
2026-08-17 22:50:00,4419.9,4419.94,4416.39,4417.97,1275,36,0
2026-08-17 22:55:00,4417.99,4420.81,4417.58,4419.9,1463,35,0
2026-08-17 23:00:00,4419.9,4421.26,4418.05,4418.46,703,36,0
2026-08-17 23:05:00,4418.46,4418.48,4416.64,4417.22,377,31,0
2026-08-17 23:10:00,4417.28,4417.92,4416.77,4417.74,301,31,0
2026-08-17 23:15:00,4417.74,4417.98,4417.29,4417.9,261,31,0
2026-08-17 23:20:00,4417.91,4418.1,4417.01,4417.06,203,34,0
2026-08-17 23:25:00,4417.02,4417.17,4414.96,4415.18,287,35,0
2026-08-17 23:30:00,4415.18,4415.68,4414.91,4415.16,242,36,0
2026-08-17 23:35:00,4415.17,4415.5,4414.61,4415.32,260,36,0
2026-08-17 23:40:00,4415.22,4415.94,4415.07,4415.47,419,44,0
2026-08-17 23:45:00,4415.47,4416.71,4415.04,4415.66,378,44,0
2026-08-17 23:50:00,4414.33,4414.86,4413.94,4414.35,228,374,0
2026-08-17 23:55:00,4414.35,4415.24,4414.35,4415.08,230,374,0
2026-08-18 01:05:00,4415.11,4415.27,4413.65,4414.38,403,368,0
2026-08-18 01:10:00,4414.38,4417.03,4414.35,4416.59,385,38,0
2026-08-18 01:15:00,4416.64,4417.26,4415.73,4415.83,449,37,0
2026-08-18 01:20:00,4415.81,4416.38,4415.3,4415.48,314,37,0
2026-08-18 01:25:00,4415.49,4415.55,4411.96,4412.4,493,38,0
2026-08-18 01:30:00,4412.4,4413.47,4411.68,4412.59,566,38,0
2026-08-18 01:35:00,4412.59,4414.74,4412.4,4413.1,348,37,0
2026-08-18 01:40:00,4413.1,4415.65,4412.97,4414.59,310,35,0
2026-08-18 01:45:00,4414.59,4416.26,4414.12,4415.12,287,35,0
2026-08-18 01:50:00,4415.12,4415.5,4411.97,4412.1,274,35,0
2026-08-18 01:55:00,4412.1,4413.21,4410.51,4411.82,468,37,0
2026-08-18 02:00:00,4411.78,4413.56,4409.74,4413.37,526,38,0
2026-08-18 02:05:00,4413.37,4414.36,4412.76,4413.81,362,36,0
2026-08-18 02:10:00,4413.95,4414.9,4413.31,4414.9,353,35,0
2026-08-18 02:15:00,4414.9,4418.33,4414.84,4417.58,578,36,0
2026-08-18 02:20:00,4417.62,4418.08,4416.28,4417.69,370,35,0
2026-08-18 02:25:00,4417.77,4421.71,4417.62,4419.87,593,35,0
2026-08-18 02:30:00,4419.91,4422.2,4419.91,4421.98,623,35,0
2026-08-18 02:35:00,4421.94,4422.16,4420.54,4421.12,470,35,0
2026-08-18 02:40:00,4421.12,4422.67,4420.12,4422.43,711,35,0
2026-08-18 02:45:00,4422.41,4423.81,4421.39,4423.71,789,35,0
2026-08-18 02:50:00,4423.61,4424.15,4422.41,4423.42,713,35,0
2026-08-18 02:55:00,4423.42,4426.07,4422.95,4425.94,608,35,0
2026-08-18 03:00:00,4426.18,4429.74,4419.18,4425.15,1521,38,0
2026-08-18 03:05:00,4425.31,4426.07,4419.82,4420.21,1151,37,0
2026-08-18 03:10:00,4420.21,4422.32,4418.8,4421.61,1053,37,0
2026-08-18 03:15:00,4421.58,4428.05,4420.79,4426.73,1486,38,0
2026-08-18 03:20:00,4426.69,4431.2,4422.83,4427.76,1488,38,0
2026-08-18 03:25:00,4427.76,4431.43,4425.07,4431.32,1352,37,0
2026-08-18 03:30:00,4431.33,4431.87,4428.32,4431.24,1219,35,0
2026-08-18 03:35:00,4431.21,4433.39,4430.25,4432.97,903,35,0
2026-08-18 03:40:00,4432.93,4432.93,4428.47,4429.46,914,35,0
2026-08-18 03:45:00,4429.46,4430.06,4428.43,4429.06,811,36,0
2026-08-18 03:50:00,4429.08,4430.33,4428.47,4429.23,894,37,0
2026-08-18 03:55:00,4429.24,4434.82,4428.78,4434.6,1092,37,0
2026-08-18 04:00:00,4434.47,4435.97,4429.12,4430.95,2567,38,0
2026-08-18 04:05:00,4430.89,4435.99,4428.95,4430.43,1922,38,0
2026-08-18 04:10:00,4430.51,4431.67,4428.46,4429.11,1487,37,0
2026-08-18 04:15:00,4429.11,4430.66,4422.49,4425.24,1917,37,0
2026-08-18 04:20:00,4425.19,4426.32,4421.68,4423.28,1592,36,0
2026-08-18 04:25:00,4423.25,4425.5,4419.95,4424.58,1557,36,0
2026-08-18 04:30:00,4424.58,4425.77,4420.99,4421.84,1447,37,0
2026-08-18 04:35:00,4421.85,4423.13,4419.94,4420.0,970,36,0
2026-08-18 04:40:00,4420.05,4421.47,4411.69,4411.69,1540,37,0
2026-08-18 04:45:00,4411.69,4412.05,4403.97,4407.33,2269,38,0
2026-08-18 04:50:00,4407.31,4408.31,4404.42,4408.01,2071,37,0
2026-08-18 04:55:00,4407.88,4409.22,4407.14,4407.83,1492,35,0
2026-08-18 05:00:00,4407.83,4407.87,4400.72,4402.0,1838,35,0
2026-08-18 05:05:00,4402.04,4403.86,4399.48,4399.76,1438,35,0
2026-08-18 05:10:00,4399.75,4402.3,4398.23,4400.74,1346,35,0
2026-08-18 05:15:00,4400.74,4405.19,4400.11,4403.66,1219,35,0
2026-08-18 05:20:00,4403.68,4404.25,4401.29,4403.92,922,35,0
2026-08-18 05:25:00,4403.93,4404.93,4401.83,4402.01,968,35,0
2026-08-18 05:30:00,4402.03,4402.47,4395.62,4396.11,1764,38,0
2026-08-18 05:35:00,4396.09,4399.56,4394.23,4396.29,1385,37,0
2026-08-18 05:40:00,4396.29,4396.67,4393.91,4394.59,1230,35,0
2026-08-18 05:45:00,4394.56,4397.84,4394.01,4396.57,1162,35,0
2026-08-18 05:50:00,4396.5,4397.99,4395.44,4397.49,981,36,0
2026-08-18 05:55:00,4397.5,4400.15,4396.94,4399.71,1345,36,0
2026-08-18 06:00:00,4399.79,4403.77,4399.67,4402.7,1443,36,0
2026-08-18 06:05:00,4402.7,4403.24,4399.36,4401.18,1279,35,0
2026-08-18 06:10:00,4401.25,4402.3,4398.61,4401.31,1117,35,0
2026-08-18 06:15:00,4401.32,4401.89,4395.37,4396.28,1427,35,0
2026-08-18 06:20:00,4396.29,4397.1,4393.39,4394.88,1091,35,0
2026-08-18 06:25:00,4394.87,4397.4,4394.7,4396.82,1001,35,0
2026-08-18 06:30:00,4396.75,4396.93,4395.3,4396.12,943,35,0
2026-08-18 06:35:00,4396.11,4396.51,4394.62,4394.76,883,35,0
2026-08-18 06:40:00,4394.76,4395.49,4394.21,4394.42,812,36,0
2026-08-18 06:45:00,4394.42,4394.73,4392.38,4392.63,727,37,0
2026-08-18 06:50:00,4392.61,4393.54,4391.44,4391.89,989,37,0
2026-08-18 06:55:00,4391.89,4392.38,4390.39,4391.7,737,35,0
2026-08-18 07:00:00,4391.71,4391.87,4389.95,4390.49,952,36,0
2026-08-18 07:05:00,4390.49,4391.85,4389.7,4390.99,807,35,0
2026-08-18 07:10:00,4391.01,4392.45,4390.62,4392.15,759,35,0
2026-08-18 07:15:00,4392.15,4393.32,4390.47,4391.03,802,35,0
2026-08-18 07:20:00,4391.03,4392.1,4390.35,4392.1,713,35,0
2026-08-18 07:25:00,4392.12,4392.43,4391.2,4392.06,767,35,0
2026-08-18 07:30:00,4392.06,4393.67,4391.09,4391.7,877,35,0
2026-08-18 07:35:00,4391.66,4392.65,4388.53,4391.14,1069,35,0
2026-08-18 07:40:00,4391.14,4394.0,4390.1,4393.14,796,35,0
2026-08-18 07:45:00,4393.13,4394.6,4391.87,4394.23,736,35,0
2026-08-18 07:50:00,4394.13,4395.07,4393.27,4395.06,675,35,0
2026-08-18 07:55:00,4395.06,4395.09,4392.68,4393.07,664,35,0
2026-08-18 08:00:00,4393.06,4393.35,4390.67,4391.07,996,38,0
2026-08-18 08:05:00,4391.07,4393.82,4391.07,4393.58,757,36,0
2026-08-18 08:10:00,4393.56,4393.56,4390.55,4390.93,743,35,0
2026-08-18 08:15:00,4390.93,4394.29,4390.81,4394.29,699,35,0
2026-08-18 08:20:00,4394.29,4395.57,4394.07,4395.26,703,35,0
2026-08-18 08:25:00,4395.26,4395.68,4390.44,4390.81,763,35,0
2026-08-18 08:30:00,4390.81,4391.24,4384.95,4386.72,2001,38,0
2026-08-18 08:35:00,4386.61,4390.67,4386.53,4389.85,1425,38,0
2026-08-18 08:40:00,4389.85,4393.66,4388.38,4393.44,1317,37,0
2026-08-18 08:45:00,4393.43,4395.85,4392.65,4395.85,1162,37,0
2026-08-18 08:50:00,4395.83,4397.29,4393.78,4395.36,1161,36,0
2026-08-18 08:55:00,4395.42,4396.51,4393.62,4393.72,984,36,0
2026-08-18 09:00:00,4393.76,4394.02,4388.66,4390.18,1592,36,0
2026-08-18 09:05:00,4390.18,4393.48,4387.35,4392.55,1503,35,0
2026-08-18 09:10:00,4392.55,4395.12,4392.14,4395.06,1266,31,0
2026-08-18 09:15:00,4395.02,4396.09,4393.31,4395.07,1217,33,0
2026-08-18 09:20:00,4395.07,4397.67,4394.07,4397.37,1100,34,0
2026-08-18 09:25:00,4397.37,4399.53,4396.41,4399.0,1107,34,0
2026-08-18 09:30:00,4399.08,4399.82,4394.95,4395.02,1007,33,0
2026-08-18 09:35:00,4395.03,4397.25,4394.89,4396.82,947,35,0
2026-08-18 09:40:00,4396.83,4398.39,4396.44,4396.86,718,34,0
2026-08-18 09:45:00,4396.95,4399.06,4396.81,4397.56,732,35,0
2026-08-18 09:50:00,4397.57,4398.68,4397.16,4398.12,762,32,0
2026-08-18 09:55:00,4398.1,4398.7,4396.96,4398.34,876,36,0
2026-08-18 10:00:00,4398.4,4399.98,4396.43,4399.46,1084,35,0
2026-08-18 10:05:00,4399.43,4400.39,4396.88,4396.93,877,36,0
2026-08-18 10:10:00,4396.93,4398.94,4396.6,4397.19,972,36,0
2026-08-18 10:15:00,4397.17,4400.31,4397.09,4399.23,781,31,0
2026-08-18 10:20:00,4399.23,4401.11,4399.03,4400.8,774,31,0
2026-08-18 10:25:00,4400.8,4402.99,4400.69,4402.74,1064,35,0
2026-08-18 10:30:00,4402.73,4403.31,4396.07,4396.5,1138,34,0
2026-08-18 10:35:00,4396.54,4402.17,4396.24,4401.66,985,33,0
2026-08-18 10:40:00,4401.66,4403.14,4399.88,4401.14,933,32,0
2026-08-18 10:45:00,4401.14,4402.36,4399.29,4399.31,743,31,0
2026-08-18 10:50:00,4399.41,4400.07,4397.62,4398.03,789,31,0
2026-08-18 10:55:00,4398.02,4398.38,4395.1,4395.56,848,34,0
2026-08-18 11:00:00,4395.54,4395.82,4393.77,4394.05,1189,35,0
2026-08-18 11:05:00,4394.04,4394.14,4389.72,4390.55,1262,35,0
2026-08-18 11:10:00,4390.55,4394.37,4387.68,4392.37,1339,36,0
2026-08-18 11:15:00,4392.38,4393.17,4391.35,4391.8,1145,34,0
2026-08-18 11:20:00,4391.81,4392.22,4386.55,4388.15,1196,32,0
2026-08-18 11:25:00,4388.15,4389.17,4387.03,4388.82,1272,31,0
2026-08-18 11:30:00,4388.78,4393.57,4388.78,4393.36,1197,31,0
2026-08-18 11:35:00,4393.34,4398.16,4393.28,4397.86,1215,31,0
2026-08-18 11:40:00,4397.84,4398.25,4396.36,4396.36,1030,31,0
2026-08-18 11:45:00,4396.35,4396.72,4391.53,4393.04,945,31,0
2026-08-18 11:50:00,4393.02,4393.57,4390.8,4393.48,830,31,0
2026-08-18 11:55:00,4393.5,4394.38,4392.08,4392.75,925,31,0
2026-08-18 12:00:00,4392.75,4393.61,4391.78,4392.07,1309,31,0
2026-08-18 12:05:00,4392.07,4392.73,4390.86,4391.64,952,31,0
2026-08-18 12:10:00,4391.64,4393.23,4391.15,4392.4,822,31,0
2026-08-18 12:15:00,4392.4,4392.48,4390.58,4390.93,678,32,0
2026-08-18 12:20:00,4390.93,4391.25,4388.2,4389.87,1005,32,0
2026-08-18 12:25:00,4389.91,4391.13,4388.34,4388.94,988,34,0
2026-08-18 12:30:00,4388.94,4393.36,4388.94,4393.36,1170,36,0
2026-08-18 12:35:00,4393.36,4394.6,4390.15,4391.06,1031,36,0
2026-08-18 12:40:00,4391.07,4391.39,4386.42,4388.19,877,34,0
2026-08-18 12:45:00,4388.29,4392.0,4386.69,4391.73,905,34,0
2026-08-18 12:50:00,4391.71,4393.97,4391.71,4393.78,858,31,0
2026-08-18 12:55:00,4393.77,4394.69,4392.64,4393.07,834,31,0
2026-08-18 13:00:00,4393.07,4395.58,4392.06,4393.73,895,31,0
2026-08-18 13:05:00,4393.72,4394.44,4392.24,4393.0,760,31,0
2026-08-18 13:10:00,4392.9,4394.57,4392.5,4394.56,813,35,0
2026-08-18 13:15:00,4394.57,4395.91,4393.91,4395.23,728,35,0
2026-08-18 13:20:00,4395.26,4395.26,4391.11,4391.5,730,31,0
2026-08-18 13:25:00,4391.55,4391.94,4389.55,4391.79,731,33,0
2026-08-18 13:30:00,4391.8,4394.01,4391.43,4393.35,704,31,0
2026-08-18 13:35:00,4393.35,4397.43,4393.27,4397.26,723,32,0
2026-08-18 13:40:00,4397.31,4398.33,4396.84,4398.33,729,31,0
2026-08-18 13:45:00,4398.33,4399.29,4397.95,4398.66,618,31,0
2026-08-18 13:50:00,4398.66,4399.08,4396.27,4396.79,596,32,0
2026-08-18 13:55:00,4396.81,4397.52,4396.18,4397.43,679,31,0
2026-08-18 14:00:00,4397.43,4398.83,4393.42,4393.77,1033,35,0
2026-08-18 14:05:00,4393.77,4394.49,4392.37,4393.42,708,34,0
2026-08-18 14:10:00,4393.42,4393.86,4391.72,4393.23,655,31,0
2026-08-18 14:15:00,4393.24,4394.43,4391.84,4392.81,757,31,0
2026-08-18 14:20:00,4392.81,4393.63,4389.86,4390.0,836,31,0
2026-08-18 14:25:00,4389.99,4391.56,4389.39,4389.78,830,31,0
2026-08-18 14:30:00,4389.79,4391.67,4389.14,4389.36,902,31,0
2026-08-18 14:35:00,4389.36,4391.33,4388.31,4390.06,993,31,0
2026-08-18 14:40:00,4389.87,4392.17,4389.27,4390.68,960,31,0
2026-08-18 14:45:00,4390.68,4393.34,4390.43,4391.97,776,31,0
2026-08-18 14:50:00,4392.16,4392.77,4389.48,4390.58,810,31,0
2026-08-18 14:55:00,4390.7,4396.5,4390.36,4395.63,933,31,0
2026-08-18 15:00:00,4395.63,4396.68,4391.32,4396.6,1213,34,0
2026-08-18 15:05:00,4396.54,4396.77,4389.78,4391.18,1408,36,0
2026-08-18 15:10:00,4391.17,4393.06,4389.36,4392.88,1040,34,0
2026-08-18 15:15:00,4392.88,4393.41,4391.12,4392.55,898,31,0
2026-08-18 15:20:00,4392.56,4400.46,4392.55,4395.64,1674,36,0
2026-08-18 15:25:00,4395.65,4395.77,4391.68,4395.24,1228,34,0
2026-08-18 15:30:00,4395.33,4397.83,4392.08,4396.49,1202,32,0
2026-08-18 15:35:00,4396.45,4397.54,4392.56,4393.98,1399,33,0
2026-08-18 15:40:00,4393.97,4393.97,4390.85,4392.18,1077,31,0
2026-08-18 15:45:00,4392.18,4396.31,4391.97,4395.92,1090,31,0
2026-08-18 15:50:00,4395.93,4396.77,4392.13,4393.32,1149,31,0
2026-08-18 15:55:00,4393.32,4395.46,4390.46,4393.58,1178,31,0
2026-08-18 16:00:00,4393.34,4397.12,4389.99,4395.41,2089,36,0
2026-08-18 16:05:00,4395.13,4396.27,4388.24,4388.24,1650,35,0
2026-08-18 16:10:00,4388.42,4395.7,4387.81,4395.55,1387,34,0
2026-08-18 16:15:00,4395.68,4395.85,4388.23,4390.86,1596,34,0
2026-08-18 16:20:00,4390.86,4393.19,4387.89,4389.23,1599,33,0
2026-08-18 16:25:00,4389.19,4392.03,4387.79,4388.61,1756,32,0
2026-08-18 16:30:00,4388.6,4398.68,4374.82,4397.13,3436,36,0
2026-08-18 16:35:00,4397.09,4403.19,4395.29,4402.67,3035,36,0
2026-08-18 16:40:00,4402.6,4406.58,4399.57,4401.08,2864,36,0
2026-08-18 16:45:00,4401.06,4402.05,4391.51,4395.0,3042,36,0
2026-08-18 16:50:00,4394.94,4397.96,4389.26,4391.12,2989,35,0
2026-08-18 16:55:00,4391.0,4394.85,4389.67,4394.54,2448,33,0
2026-08-18 17:00:00,4394.58,4406.3,4393.13,4404.03,2710,34,0
2026-08-18 17:05:00,4404.04,4404.44,4397.78,4398.09,2441,33,0
2026-08-18 17:10:00,4398.08,4398.79,4390.99,4392.87,2540,33,0
2026-08-18 17:15:00,4392.82,4404.86,4392.82,4401.5,2434,32,0
2026-08-18 17:20:00,4401.72,4402.61,4395.59,4397.7,2346,31,0
2026-08-18 17:25:00,4397.7,4398.66,4392.12,4393.48,2460,31,0
2026-08-18 17:30:00,4393.73,4396.02,4385.18,4389.61,2524,36,0
2026-08-18 17:35:00,4389.62,4389.94,4381.88,4382.42,2458,33,0
2026-08-18 17:40:00,4382.43,4384.68,4377.55,4379.41,2675,35,0
2026-08-18 17:45:00,4379.62,4388.25,4377.82,4386.95,2351,31,0
2026-08-18 17:50:00,4386.82,4388.72,4372.42,4378.56,2768,31,0
2026-08-18 17:55:00,4378.55,4382.86,4363.52,4366.27,3053,35,0
2026-08-18 18:00:00,4366.28,4376.41,4365.6,4375.99,3510,36,0
2026-08-18 18:05:00,4376.08,4377.42,4364.86,4365.65,2677,33,0
2026-08-18 18:10:00,4365.36,4367.86,4358.26,4359.95,2764,33,0
2026-08-18 18:15:00,4359.98,4365.01,4354.65,4354.65,2610,34,0
2026-08-18 18:20:00,4354.67,4356.84,4351.46,4353.87,2946,36,0
2026-08-18 18:25:00,4354.14,4360.51,4352.88,4354.45,2609,31,0
2026-08-18 18:30:00,4354.58,4361.86,4354.34,4359.61,2691,31,0
2026-08-18 18:35:00,4359.58,4361.99,4356.37,4361.04,2546,31,0
2026-08-18 18:40:00,4361.01,4361.6,4356.34,4358.59,2158,31,0
2026-08-18 18:45:00,4358.59,4364.67,4358.46,4363.94,2034,34,0
2026-08-18 18:50:00,4363.96,4366.23,4360.92,4364.56,1887,34,0
2026-08-18 18:55:00,4364.36,4365.65,4363.04,4364.8,1693,33,0
2026-08-18 19:00:00,4364.79,4369.05,4364.79,4367.8,1700,33,0
2026-08-18 19:05:00,4367.8,4371.33,4366.61,4371.17,1742,36,0
2026-08-18 19:10:00,4371.29,4371.32,4367.3,4367.9,1408,36,0
2026-08-18 19:15:00,4367.85,4368.14,4364.34,4367.17,1698,36,0
2026-08-18 19:20:00,4367.18,4369.39,4366.37,4367.97,1463,36,0
2026-08-18 19:25:00,4367.96,4368.87,4362.75,4364.08,1572,35,0
2026-08-18 19:30:00,4364.17,4366.57,4363.19,4366.29,1751,36,0
2026-08-18 19:35:00,4366.28,4366.93,4362.9,4365.11,1511,36,0
2026-08-18 19:40:00,4365.11,4368.36,4364.91,4367.31,1473,35,0
2026-08-18 19:45:00,4367.3,4367.48,4362.96,4363.44,1459,35,0
2026-08-18 19:50:00,4363.51,4368.54,4362.76,4368.32,1382,36,0
2026-08-18 19:55:00,4368.31,4368.31,4362.88,4363.5,1606,34,0
2026-08-18 20:00:00,4363.49,4365.49,4363.27,4364.18,1887,34,0
2026-08-18 20:05:00,4364.14,4365.97,4364.11,4365.62,1379,31,0
2026-08-18 20:10:00,4365.63,4366.97,4364.58,4366.95,1323,31,0
2026-08-18 20:15:00,4366.94,4368.12,4362.91,4364.13,1452,36,0
2026-08-18 20:20:00,4364.13,4367.76,4364.0,4367.64,1527,34,0
2026-08-18 20:25:00,4367.64,4368.1,4363.51,4364.95,1710,32,0
2026-08-18 20:30:00,4364.93,4366.12,4361.1,4364.18,1462,36,0
2026-08-18 20:35:00,4364.06,4365.06,4360.73,4362.48,1495,32,0
2026-08-18 20:40:00,4362.42,4364.84,4358.44,4358.49,1360,31,0
2026-08-18 20:45:00,4358.49,4360.25,4356.86,4357.83,1301,31,0
2026-08-18 20:50:00,4357.83,4359.59,4357.71,4358.45,1140,31,0
2026-08-18 20:55:00,4358.45,4359.0,4356.57,4357.64,1347,31,0
2026-08-18 21:00:00,4357.65,4357.66,4352.56,4353.49,1451,35,0
2026-08-18 21:05:00,4353.48,4355.53,4352.57,4355.43,1279,36,0
2026-08-18 21:10:00,4355.44,4357.75,4352.61,4357.44,1164,36,0
2026-08-18 21:15:00,4357.53,4358.8,4356.43,4358.64,1241,31,0
2026-08-18 21:20:00,4358.64,4359.14,4355.44,4356.76,1185,31,0
2026-08-18 21:25:00,4356.76,4360.65,4356.2,4360.12,1176,36,0
2026-08-18 21:30:00,4360.11,4360.31,4357.69,4359.42,1037,32,0
2026-08-18 21:35:00,4359.42,4359.92,4358.07,4359.37,936,34,0
2026-08-18 21:40:00,4359.36,4359.38,4353.21,4354.01,1044,35,0
2026-08-18 21:45:00,4354.08,4355.29,4352.53,4353.58,992,36,0
2026-08-18 21:50:00,4353.57,4354.88,4353.55,4354.33,696,31,0
2026-08-18 21:55:00,4354.33,4355.69,4353.57,4354.08,921,31,0
2026-08-18 22:00:00,4354.11,4357.67,4353.76,4354.98,981,34,0
2026-08-18 22:05:00,4354.97,4356.61,4354.47,4354.9,738,34,0
2026-08-18 22:10:00,4354.9,4358.07,4354.31,4356.66,982,36,0
2026-08-18 22:15:00,4356.61,4358.36,4353.69,4354.29,955,36,0
2026-08-18 22:20:00,4354.29,4356.01,4352.15,4352.84,932,36,0
2026-08-18 22:25:00,4352.85,4355.44,4352.1,4354.49,949,36,0
2026-08-18 22:30:00,4354.49,4356.36,4353.26,4353.7,1058,35,0
2026-08-18 22:35:00,4353.7,4355.02,4353.11,4354.52,943,31,0
2026-08-18 22:40:00,4354.49,4357.26,4349.34,4349.59,1281,31,0
2026-08-18 22:45:00,4349.35,4352.89,4343.61,4345.64,1783,36,0
2026-08-18 22:50:00,4345.64,4346.68,4341.84,4345.46,2003,36,0
2026-08-18 22:55:00,4345.54,4346.1,4338.16,4345.49,2205,36,0
2026-08-18 23:00:00,4345.53,4346.27,4342.13,4343.78,966,36,0
2026-08-18 23:05:00,4343.85,4344.17,4342.36,4342.75,592,32,0
2026-08-18 23:10:00,4342.8,4343.35,4340.55,4341.84,659,31,0
2026-08-18 23:15:00,4341.85,4342.13,4339.69,4341.39,538,32,0
2026-08-18 23:20:00,4341.29,4341.29,4333.37,4337.57,916,33,0
2026-08-18 23:25:00,4337.56,4338.36,4336.37,4337.77,525,34,0
2026-08-18 23:30:00,4337.77,4339.42,4336.4,4339.13,604,34,0
2026-08-18 23:35:00,4339.18,4339.27,4337.25,4337.79,401,32,0
2026-08-18 23:40:00,4337.71,4338.28,4331.5,4332.08,559,44,0
2026-08-18 23:45:00,4332.07,4333.1,4328.9,4332.86,901,44,0
2026-08-18 23:50:00,4332.94,4332.94,4328.56,4332.82,686,44,0
2026-08-18 23:55:00,4332.82,4333.66,4330.88,4333.07,375,374,0
2026-08-19 01:05:00,4337.78,4342.1,4337.64,4341.3,761,368,0
2026-08-19 01:10:00,4341.3,4343.31,4339.05,4340.12,1017,38,0
2026-08-19 01:15:00,4340.12,4341.56,4337.92,4339.08,1021,38,0
2026-08-19 01:20:00,4339.08,4339.84,4333.53,4334.8,1309,38,0
2026-08-19 01:25:00,4334.75,4338.71,4333.63,4336.13,1062,38,0
2026-08-19 01:30:00,4336.14,4336.42,4334.89,4335.68,492,37,0
2026-08-19 01:35:00,4335.64,4336.31,4333.15,4333.71,652,37,0
2026-08-19 01:40:00,4333.72,4334.55,4332.67,4333.68,734,37,0
2026-08-19 01:45:00,4333.68,4334.69,4333.17,4334.69,488,36,0
2026-08-19 01:50:00,4334.69,4335.45,4333.76,4334.88,678,37,0
2026-08-19 01:55:00,4334.88,4334.9,4332.92,4333.94,476,37,0
2026-08-19 02:00:00,4333.9,4336.0,4332.71,4335.69,609,37,0
2026-08-19 02:05:00,4335.68,4338.16,4334.31,4334.89,714,36,0
2026-08-19 02:10:00,4334.87,4335.13,4332.44,4333.44,792,38,0
2026-08-19 02:15:00,4333.53,4334.72,4332.08,4332.66,675,35,0
2026-08-19 02:20:00,4332.64,4337.21,4330.59,4332.48,808,35,0
2026-08-19 02:25:00,4332.45,4333.38,4329.75,4330.32,984,36,0
2026-08-19 02:30:00,4330.3,4332.43,4327.0,4330.33,1108,37,0
2026-08-19 02:35:00,4330.33,4331.58,4326.98,4328.73,822,35,0
2026-08-19 02:40:00,4328.73,4330.22,4327.91,4329.85,746,35,0
2026-08-19 02:45:00,4329.93,4331.89,4329.33,4330.79,1112,35,0
2026-08-19 02:50:00,4330.79,4334.06,4329.77,4333.73,744,35,0
2026-08-19 02:55:00,4333.73,4333.73,4331.24,4332.89,783,35,0
2026-08-19 03:00:00,4332.9,4340.34,4331.35,4336.69,1909,35,0
2026-08-19 03:05:00,4336.7,4340.85,4335.72,4339.63,1628,37,0
2026-08-19 03:10:00,4339.52,4344.69,4337.97,4342.73,1565,37,0
2026-08-19 03:15:00,4342.73,4346.1,4342.22,4343.37,1459,35,0
2026-08-19 03:20:00,4343.36,4345.92,4341.25,4342.96,1348,37,0
2026-08-19 03:25:00,4342.97,4343.55,4339.01,4342.7,1405,35,0
2026-08-19 03:30:00,4342.7,4345.05,4339.52,4340.36,1435,35,0
2026-08-19 03:35:00,4340.37,4346.59,4340.37,4344.59,1490,35,0
2026-08-19 03:40:00,4344.59,4346.97,4342.96,4343.47,1244,35,0
2026-08-19 03:45:00,4343.46,4344.23,4342.08,4342.34,1323,35,0
2026-08-19 03:50:00,4342.31,4344.49,4341.09,4341.54,2137,35,0
2026-08-19 03:55:00,4341.48,4342.17,4336.91,4337.94,1803,38,0
2026-08-19 04:00:00,4337.94,4339.72,4323.76,4331.73,3027,38,0
2026-08-19 04:05:00,4331.71,4342.64,4331.19,4340.28,2327,37,0
2026-08-19 04:10:00,4340.28,4343.7,4336.94,4343.65,2067,37,0
2026-08-19 04:15:00,4343.66,4346.04,4334.36,4338.08,2416,37,0
2026-08-19 04:20:00,4338.08,4339.9,4332.48,4337.23,2161,37,0
2026-08-19 04:25:00,4337.23,4342.41,4335.42,4342.22,1888,36,0
2026-08-19 04:30:00,4342.27,4350.94,4342.19,4350.48,2080,36,0
2026-08-19 04:35:00,4350.47,4356.21,4350.0,4355.25,1922,36,0
2026-08-19 04:40:00,4355.25,4357.49,4354.06,4355.52,1509,37,0
2026-08-19 04:45:00,4355.52,4356.7,4350.75,4350.91,1590,37,0
2026-08-19 04:50:00,4350.91,4354.96,4350.52,4353.3,1346,37,0
2026-08-19 04:55:00,4353.29,4356.57,4352.64,4356.51,1329,36,0
2026-08-19 05:00:00,4356.44,4357.14,4351.59,4354.34,1194,36,0
2026-08-19 05:05:00,4354.34,4357.04,4352.81,4355.68,1183,36,0
2026-08-19 05:10:00,4355.68,4355.86,4352.49,4353.59,1102,36,0
2026-08-19 05:15:00,4353.64,4360.33,4352.35,4358.71,1764,37,0
2026-08-19 05:20:00,4358.71,4361.81,4357.8,4359.74,1085,35,0
2026-08-19 05:25:00,4359.74,4361.11,4358.98,4359.52,767,35,0
2026-08-19 05:30:00,4359.56,4360.05,4355.43,4356.74,1483,38,0
2026-08-19 05:35:00,4356.66,4358.11,4353.84,4355.0,1424,35,0
2026-08-19 05:40:00,4354.91,4358.03,4354.58,4355.51,1267,35,0
2026-08-19 05:45:00,4355.51,4356.98,4353.9,4355.45,1411,35,0
2026-08-19 05:50:00,4355.45,4356.23,4352.76,4353.82,1300,35,0
2026-08-19 05:55:00,4353.82,4354.77,4351.33,4354.6,1386,36,0
2026-08-19 06:00:00,4354.6,4355.77,4352.45,4355.34,1477,36,0
2026-08-19 06:05:00,4355.32,4355.33,4351.7,4353.41,1143,35,0
2026-08-19 06:10:00,4353.41,4355.04,4353.2,4354.3,861,35,0
2026-08-19 06:15:00,4354.3,4355.92,4351.66,4352.58,932,35,0
2026-08-19 06:20:00,4352.54,4355.82,4351.65,4355.82,743,35,0
2026-08-19 06:25:00,4355.82,4357.62,4355.64,4357.05,727,35,0
2026-08-19 06:30:00,4357.05,4358.15,4355.75,4356.79,598,35,0
2026-08-19 06:35:00,4356.79,4360.16,4356.79,4357.88,527,35,0
2026-08-19 06:40:00,4357.89,4358.55,4356.86,4358.32,721,35,0
2026-08-19 06:45:00,4358.3,4358.65,4356.16,4357.65,708,36,0
2026-08-19 06:50:00,4357.65,4358.27,4355.43,4355.55,544,36,0
2026-08-19 06:55:00,4355.55,4356.37,4354.58,4354.96,485,36,0
2026-08-19 07:00:00,4354.93,4356.02,4353.22,4353.51,539,37,0
2026-08-19 07:05:00,4353.51,4354.69,4352.85,4354.36,386,36,0
2026-08-19 07:10:00,4354.36,4354.7,4353.37,4354.46,484,35,0
2026-08-19 07:15:00,4354.46,4354.75,4349.93,4352.14,868,35,0
2026-08-19 07:20:00,4352.15,4352.57,4350.49,4351.43,925,36,0
2026-08-19 07:25:00,4351.41,4351.41,4349.96,4351.03,643,35,0
2026-08-19 07:30:00,4351.03,4351.81,4349.2,4349.49,867,35,0
2026-08-19 07:35:00,4349.54,4350.35,4346.29,4346.32,859,35,0
2026-08-19 07:40:00,4346.33,4347.31,4344.79,4346.31,820,35,0
2026-08-19 07:45:00,4346.3,4346.85,4345.63,4346.38,622,35,0
2026-08-19 07:50:00,4346.35,4346.35,4343.59,4344.84,611,35,0
2026-08-19 07:55:00,4344.84,4348.22,4344.21,4348.17,763,35,0
2026-08-19 08:00:00,4348.17,4350.35,4346.0,4347.09,1020,35,0
2026-08-19 08:05:00,4347.02,4347.39,4342.12,4342.32,1155,36,0
2026-08-19 08:10:00,4342.37,4342.52,4338.65,4338.75,950,35,0
2026-08-19 08:15:00,4338.75,4339.4,4336.5,4337.27,782,35,0
2026-08-19 08:20:00,4337.29,4342.35,4337.29,4341.43,916,36,0
2026-08-19 08:25:00,4341.42,4345.25,4340.35,4342.43,805,35,0
2026-08-19 08:30:00,4342.51,4342.86,4336.62,4338.2,2223,38,0
2026-08-19 08:35:00,4338.15,4342.78,4336.58,4342.78,1511,38,0
2026-08-19 08:40:00,4342.78,4343.41,4339.78,4341.99,1316,36,0
2026-08-19 08:45:00,4341.99,4342.07,4334.06,4336.93,1553,37,0
2026-08-19 08:50:00,4336.93,4338.0,4334.98,4335.49,1503,37,0
2026-08-19 08:55:00,4335.48,4338.64,4334.95,4334.95,1178,35,0
2026-08-19 09:00:00,4334.94,4341.15,4334.87,4337.48,1867,34,0
2026-08-19 09:05:00,4337.5,4340.21,4335.18,4338.81,1639,35,0
2026-08-19 09:10:00,4338.98,4341.67,4336.72,4336.72,1307,31,0
2026-08-19 09:15:00,4336.74,4346.05,4336.74,4345.16,1513,31,0
2026-08-19 09:20:00,4345.19,4348.3,4344.59,4346.26,1428,35,0
2026-08-19 09:25:00,4346.28,4346.84,4340.43,4343.14,1419,34,0
2026-08-19 09:30:00,4343.13,4343.2,4337.01,4338.53,1843,35,0
2026-08-19 09:35:00,4338.53,4345.46,4338.53,4343.59,1353,31,0
2026-08-19 09:40:00,4343.56,4344.18,4341.33,4341.71,1292,31,0
2026-08-19 09:45:00,4341.8,4343.99,4340.62,4343.96,1446,33,0
2026-08-19 09:50:00,4343.94,4347.74,4343.85,4347.6,1470,31,0
2026-08-19 09:55:00,4347.6,4349.35,4347.32,4349.26,1574,31,0
2026-08-19 10:00:00,4349.15,4351.14,4347.39,4348.28,1342,34,0
2026-08-19 10:05:00,4348.25,4353.36,4347.78,4352.74,1223,35,0
2026-08-19 10:10:00,4352.73,4353.34,4349.78,4350.38,964,31,0
2026-08-19 10:15:00,4350.38,4351.47,4347.44,4350.76,1154,32,0
2026-08-19 10:20:00,4350.76,4354.79,4348.87,4354.05,1191,35,0
2026-08-19 10:25:00,4354.05,4356.88,4353.84,4356.48,1277,31,0
2026-08-19 10:30:00,4356.45,4360.66,4356.26,4359.43,1234,33,0
2026-08-19 10:35:00,4359.44,4363.08,4357.12,4357.59,1171,31,0
2026-08-19 10:40:00,4357.59,4357.7,4352.69,4354.36,1036,31,0
2026-08-19 10:45:00,4354.34,4357.01,4354.16,4356.32,915,31,0
2026-08-19 10:50:00,4356.32,4357.58,4354.68,4355.56,957,31,0
2026-08-19 10:55:00,4355.56,4356.24,4353.83,4353.83,944,31,0
2026-08-19 11:00:00,4354.17,4357.34,4351.08,4356.89,1747,33,0
2026-08-19 11:05:00,4356.89,4361.04,4356.1,4361.04,1495,36,0
2026-08-19 11:10:00,4361.07,4362.72,4359.91,4361.48,1245,34,0
2026-08-19 11:15:00,4361.55,4362.44,4359.7,4359.7,1213,35,0
2026-08-19 11:20:00,4359.72,4360.21,4357.36,4360.21,1396,34,0
2026-08-19 11:25:00,4360.17,4361.02,4358.26,4360.91,1290,36,0
2026-08-19 11:30:00,4360.72,4361.25,4356.85,4357.1,1344,31,0
2026-08-19 11:35:00,4357.1,4360.98,4356.4,4360.26,1216,31,0
2026-08-19 11:40:00,4360.27,4363.03,4359.44,4362.59,1202,35,0
2026-08-19 11:45:00,4362.58,4363.13,4360.79,4361.71,992,31,0
2026-08-19 11:50:00,4361.89,4361.96,4358.17,4358.35,1224,31,0
2026-08-19 11:55:00,4358.33,4358.43,4354.81,4355.6,1328,31,0
2026-08-19 12:00:00,4355.62,4359.15,4354.97,4358.93,1411,31,0
2026-08-19 12:05:00,4358.93,4359.74,4355.36,4355.74,1160,31,0
2026-08-19 12:10:00,4355.74,4357.66,4355.42,4356.17,1192,31,0
2026-08-19 12:15:00,4356.16,4356.56,4353.47,4355.24,1403,31,0
2026-08-19 12:20:00,4355.24,4357.09,4353.44,4355.95,1232,31,0
2026-08-19 12:25:00,4355.95,4357.39,4354.01,4356.52,936,31,0
2026-08-19 12:30:00,4356.51,4357.59,4355.27,4356.51,1104,31,0
2026-08-19 12:35:00,4356.52,4357.24,4355.91,4356.77,890,31,0
2026-08-19 12:40:00,4356.78,4360.92,4356.6,4358.72,1137,31,0
2026-08-19 12:45:00,4358.75,4360.99,4358.32,4360.49,905,33,0
2026-08-19 12:50:00,4360.5,4360.77,4358.0,4359.72,937,34,0
2026-08-19 12:55:00,4359.72,4361.96,4359.11,4361.96,1060,32,0
2026-08-19 13:00:00,4361.96,4363.16,4359.75,4360.0,1180,35,0
2026-08-19 13:05:00,4360.0,4362.75,4359.6,4361.48,892,31,0
2026-08-19 13:10:00,4361.48,4364.16,4360.91,4363.78,1050,31,0
2026-08-19 13:15:00,4363.77,4368.65,4363.02,4368.6,1107,34,0
2026-08-19 13:20:00,4368.59,4369.08,4366.75,4368.23,1042,32,0
2026-08-19 13:25:00,4368.24,4369.0,4366.67,4368.93,895,31,0
2026-08-19 13:30:00,4368.92,4369.45,4365.28,4366.99,809,31,0
2026-08-19 13:35:00,4367.0,4367.62,4366.59,4366.89,671,31,0
2026-08-19 13:40:00,4366.86,4368.41,4366.44,4368.09,618,34,0
2026-08-19 13:45:00,4368.05,4369.5,4367.37,4368.43,602,34,0
2026-08-19 13:50:00,4368.41,4368.84,4367.04,4367.15,718,32,0
2026-08-19 13:55:00,4367.22,4367.9,4366.26,4367.84,551,32,0
2026-08-19 14:00:00,4368.92,4370.89,4367.42,4370.87,1301,36,0
2026-08-19 14:05:00,4370.88,4373.6,4370.51,4371.12,1151,36,0
2026-08-19 14:10:00,4371.11,4374.0,4370.7,4373.27,1064,35,0
2026-08-19 14:15:00,4373.27,4374.05,4369.23,4370.34,761,35,0
2026-08-19 14:20:00,4370.34,4371.24,4368.76,4370.83,801,31,0
2026-08-19 14:25:00,4370.83,4373.28,4370.44,4370.93,958,31,0
2026-08-19 14:30:00,4370.87,4371.6,4368.47,4369.27,1133,33,0
2026-08-19 14:35:00,4369.3,4369.83,4366.86,4367.88,973,31,0
2026-08-19 14:40:00,4367.88,4367.94,4363.1,4363.46,1075,31,0
2026-08-19 14:45:00,4363.47,4367.48,4363.37,4367.28,1057,31,0
2026-08-19 14:50:00,4367.27,4367.3,4363.63,4365.63,842,31,0
2026-08-19 14:55:00,4365.66,4366.28,4364.14,4364.68,933,31,0
2026-08-19 15:00:00,4364.41,4365.28,4362.04,4364.02,1082,34,0
2026-08-19 15:05:00,4364.03,4368.18,4363.44,4367.73,1244,35,0
2026-08-19 15:10:00,4367.73,4370.47,4366.48,4368.18,1305,32,0
2026-08-19 15:15:00,4368.18,4369.98,4365.84,4368.03,1187,33,0
2026-08-19 15:20:00,4368.22,4373.43,4367.64,4370.14,1911,36,0
2026-08-19 15:25:00,4370.13,4371.06,4367.66,4369.24,1307,34,0
2026-08-19 15:30:00,4369.37,4384.75,4368.52,4383.84,2520,35,0
2026-08-19 15:35:00,4383.79,4416.61,4382.43,4413.38,3936,36,0
2026-08-19 15:40:00,4413.4,4420.85,4406.56,4417.87,3615,36,0
2026-08-19 15:45:00,4418.01,4421.04,4411.29,4417.45,3396,36,0
2026-08-19 15:50:00,4417.45,4428.74,4411.65,4428.43,3388,36,0
2026-08-19 15:55:00,4427.84,4442.3,4426.23,4438.81,3398,36,0
2026-08-19 16:00:00,4438.48,4442.16,4427.31,4427.9,3434,35,0
2026-08-19 16:05:00,4427.83,4442.13,4424.52,4442.13,3238,33,0
2026-08-19 16:10:00,4442.2,4460.84,4441.42,4457.03,3402,34,0
2026-08-19 16:15:00,4457.04,4464.32,4455.89,4460.42,2923,33,0
2026-08-19 16:20:00,4460.41,4462.97,4455.12,4459.21,2855,31,0
2026-08-19 16:25:00,4459.1,4461.45,4455.4,4458.47,2760,31,0
2026-08-19 16:30:00,4458.49,4466.28,4455.52,4461.94,3735,36,0
2026-08-19 16:35:00,4461.83,4461.83,4442.53,4456.06,3701,36,0
2026-08-19 16:40:00,4456.06,4464.6,4450.1,4460.76,3215,34,0
2026-08-19 16:45:00,4460.63,4462.12,4449.65,4450.43,3415,32,0
2026-08-19 16:50:00,4450.47,4456.5,4444.44,4453.7,3443,33,0
2026-08-19 16:55:00,4453.69,4463.36,4451.41,4459.78,3392,34,0
2026-08-19 17:00:00,4459.75,4462.8,4454.8,4461.0,3281,35,0
2026-08-19 17:05:00,4461.03,4472.18,4460.57,4471.8,3332,35,0
2026-08-19 17:10:00,4471.84,4475.69,4469.22,4473.64,3282,34,0
2026-08-19 17:15:00,4473.63,4478.38,4471.46,4471.46,3285,34,0
2026-08-19 17:20:00,4471.47,4480.54,4470.33,4478.39,3186,33,0
2026-08-19 17:25:00,4478.41,4487.97,4477.6,4486.11,3020,31,0
2026-08-19 17:30:00,4486.16,4491.34,4483.9,4487.53,3039,32,0
2026-08-19 17:35:00,4487.5,4491.57,4486.68,4489.44,2751,31,0
2026-08-19 17:40:00,4489.46,4498.76,4487.37,4489.63,3070,34,0
2026-08-19 17:45:00,4489.63,4489.63,4478.15,4479.28,2843,31,0
2026-08-19 17:50:00,4479.27,4486.82,4478.42,4486.05,2685,31,0
2026-08-19 17:55:00,4486.07,4489.64,4485.31,4488.19,2457,31,0
2026-08-19 18:00:00,4488.18,4488.45,4481.16,4484.92,2614,31,0
2026-08-19 18:05:00,4484.93,4487.21,4482.05,4482.26,2362,31,0
2026-08-19 18:10:00,4482.26,4487.82,4479.9,4485.65,2280,31,0
2026-08-19 18:15:00,4485.57,4487.46,4483.93,4486.13,2344,31,0
2026-08-19 18:20:00,4485.88,4488.0,4480.75,4480.99,2412,31,0
2026-08-19 18:25:00,4480.96,4484.69,4477.48,4483.56,2760,35,0
2026-08-19 18:30:00,4483.55,4486.25,4480.41,4484.97,2693,33,0
2026-08-19 18:35:00,4485.03,4488.48,4484.83,4487.23,2237,31,0
2026-08-19 18:40:00,4487.23,4492.62,4484.86,4490.3,2341,32,0
2026-08-19 18:45:00,4490.29,4494.18,4489.98,4490.75,2254,34,0
2026-08-19 18:50:00,4490.68,4492.92,4488.66,4491.28,2112,31,0
2026-08-19 18:55:00,4491.24,4493.96,4490.9,4493.92,2045,31,0
2026-08-19 19:00:00,4493.97,4497.5,4493.24,4493.42,2365,36,0
2026-08-19 19:05:00,4493.42,4497.58,4491.15,4497.11,2074,36,0
2026-08-19 19:10:00,4497.1,4499.16,4496.29,4497.81,1893,34,0
2026-08-19 19:15:00,4497.82,4499.44,4495.0,4495.0,2047,36,0
2026-08-19 19:20:00,4494.96,4496.88,4493.61,4495.17,1884,34,0
2026-08-19 19:25:00,4495.17,4495.73,4490.74,4491.24,1993,31,0
2026-08-19 19:30:00,4491.24,4495.9,4490.78,4495.77,1837,31,0
2026-08-19 19:35:00,4495.81,4496.31,4492.25,4495.64,1812,31,0
2026-08-19 19:40:00,4495.63,4496.52,4493.9,4495.26,1796,31,0
2026-08-19 19:45:00,4495.26,4496.94,4493.71,4494.8,1774,34,0
2026-08-19 19:50:00,4494.79,4497.91,4494.3,4494.52,1864,33,0
2026-08-19 19:55:00,4494.51,4495.4,4493.3,4493.67,1933,34,0
2026-08-19 20:00:00,4493.61,4499.15,4493.58,4496.98,2287,34,0
2026-08-19 20:05:00,4497.01,4497.39,4491.6,4493.21,2096,36,0
2026-08-19 20:10:00,4493.2,4494.08,4489.16,4492.92,2058,36,0
2026-08-19 20:15:00,4492.94,4492.94,4487.21,4490.02,1775,33,0
2026-08-19 20:20:00,4490.01,4490.73,4488.07,4489.4,1805,32,0
2026-08-19 20:25:00,4489.39,4489.78,4486.38,4488.47,1762,31,0
2026-08-19 20:30:00,4488.47,4489.33,4484.62,4488.61,1557,31,0
2026-08-19 20:35:00,4488.61,4490.18,4486.88,4488.72,1611,31,0
2026-08-19 20:40:00,4488.71,4491.79,4487.19,4488.66,1500,31,0
2026-08-19 20:45:00,4488.71,4489.71,4487.06,4488.35,1153,31,0
2026-08-19 20:50:00,4488.36,4489.31,4485.83,4486.46,1190,31,0
2026-08-19 20:55:00,4486.46,4487.6,4484.57,4487.58,1064,34,0
2026-08-19 21:00:00,4487.58,4496.08,4485.76,4495.9,2269,36,0
2026-08-19 21:05:00,4495.95,4496.59,4486.29,4488.95,2395,36,0
2026-08-19 21:10:00,4488.95,4490.46,4486.33,4488.06,1774,36,0
2026-08-19 21:15:00,4488.07,4488.1,4482.29,4485.07,1833,36,0
2026-08-19 21:20:00,4485.07,4485.29,4481.15,4481.53,1776,36,0
2026-08-19 21:25:00,4481.54,4481.97,4473.09,4475.54,2285,35,0
2026-08-19 21:30:00,4475.48,4481.43,4472.33,4481.26,2279,36,0
2026-08-19 21:35:00,4481.23,4484.73,4478.89,4484.34,1971,35,0
2026-08-19 21:40:00,4484.32,4491.73,4483.8,4490.47,1911,36,0
2026-08-19 21:45:00,4490.46,4492.27,4489.62,4491.71,1402,31,0
2026-08-19 21:50:00,4491.73,4496.97,4491.0,4494.65,1409,31,0
2026-08-19 21:55:00,4494.65,4496.02,4494.26,4495.31,1618,33,0
2026-08-19 22:00:00,4495.27,4498.63,4494.63,4497.05,1874,33,0
2026-08-19 22:05:00,4497.05,4505.82,4495.52,4505.16,1786,36,0
2026-08-19 22:10:00,4505.14,4505.46,4502.06,4503.29,1791,36,0
2026-08-19 22:15:00,4503.3,4506.21,4503.21,4504.39,1703,34,0
2026-08-19 22:20:00,4504.36,4505.41,4502.65,4505.2,1447,31,0
2026-08-19 22:25:00,4505.2,4507.73,4503.36,4507.13,1838,31,0
2026-08-19 22:30:00,4507.14,4510.72,4505.9,4509.58,1905,33,0
2026-08-19 22:35:00,4509.58,4510.32,4503.78,4505.91,1953,36,0
2026-08-19 22:40:00,4505.83,4507.75,4502.67,4507.16,1841,36,0
2026-08-19 22:45:00,4507.07,4511.32,4505.37,4510.8,1999,35,0
2026-08-19 22:50:00,4510.86,4512.11,4508.36,4510.97,2216,31,0
2026-08-19 22:55:00,4511.07,4512.31,4508.73,4511.48,2203,33,0
2026-08-19 23:00:00,4511.44,4511.81,4509.1,4509.54,938,31,0
2026-08-19 23:05:00,4509.54,4510.62,4507.99,4510.6,677,31,0
2026-08-19 23:10:00,4510.6,4512.13,4505.41,4507.07,861,31,0
2026-08-19 23:15:00,4507.07,4511.33,4506.59,4510.6,637,34,0
2026-08-19 23:20:00,4510.6,4518.36,4510.24,4518.21,663,36,0
2026-08-19 23:25:00,4518.25,4522.23,4517.5,4518.45,1281,36,0
2026-08-19 23:30:00,4518.45,4523.7,4518.15,4521.41,971,36,0
2026-08-19 23:35:00,4521.41,4521.5,4518.85,4519.76,648,32,0
2026-08-19 23:40:00,4519.76,4520.87,4518.95,4519.88,561,44,0
2026-08-19 23:45:00,4519.89,4522.18,4519.59,4520.85,645,44,0
2026-08-19 23:50:00,4520.85,4522.69,4519.43,4522.28,779,44,0
2026-08-19 23:55:00,4522.12,4522.97,4521.01,4521.72,525,374,0
2026-08-20 01:05:00,4519.95,4522.3,4519.05,4519.66,1041,368,0
2026-08-20 01:10:00,4519.69,4521.65,4518.89,4519.94,887,38,0
2026-08-20 01:15:00,4519.87,4520.85,4519.22,4519.98,576,38,0
2026-08-20 01:20:00,4519.98,4521.47,4519.23,4521.44,521,37,0
2026-08-20 01:25:00,4521.44,4521.61,4519.66,4521.02,482,38,0
2026-08-20 01:30:00,4521.02,4522.13,4518.32,4519.32,837,38,0
2026-08-20 01:35:00,4519.32,4520.2,4517.88,4518.37,620,38,0
2026-08-20 01:40:00,4518.25,4519.62,4518.1,4518.64,502,37,0
2026-08-20 01:45:00,4518.58,4521.45,4518.0,4519.9,518,37,0
2026-08-20 01:50:00,4519.9,4522.01,4519.02,4519.84,485,37,0
2026-08-20 01:55:00,4519.84,4520.28,4516.56,4519.1,659,37,0
2026-08-20 02:00:00,4519.22,4523.77,4517.57,4521.33,1290,38,0
2026-08-20 02:05:00,4521.33,4523.78,4521.32,4522.05,893,37,0
2026-08-20 02:10:00,4522.05,4522.06,4519.54,4519.54,552,35,0
2026-08-20 02:15:00,4519.54,4520.36,4518.28,4520.16,553,35,0
2026-08-20 02:20:00,4520.16,4520.33,4515.56,4519.24,791,37,0
2026-08-20 02:25:00,4519.18,4519.37,4516.37,4518.0,530,35,0
2026-08-20 02:30:00,4517.99,4518.4,4514.36,4514.7,653,35,0
2026-08-20 02:35:00,4514.64,4516.52,4514.07,4514.24,709,35,0
2026-08-20 02:40:00,4514.24,4515.65,4513.91,4514.73,534,35,0
2026-08-20 02:45:00,4514.73,4517.67,4514.34,4514.8,752,35,0
2026-08-20 02:50:00,4514.79,4515.42,4512.11,4513.16,722,35,0
2026-08-20 02:55:00,4513.15,4513.4,4511.38,4511.38,755,35,0
2026-08-20 03:00:00,4511.31,4519.03,4510.48,4514.76,1997,36,0
2026-08-20 03:05:00,4514.79,4518.45,4514.26,4515.19,1637,38,0
2026-08-20 03:10:00,4515.16,4516.64,4512.76,4516.38,1330,37,0
2026-08-20 03:15:00,4516.34,4521.42,4514.27,4517.91,1497,37,0
2026-08-20 03:20:00,4517.91,4518.1,4510.26,4511.89,1664,37,0
2026-08-20 03:25:00,4511.88,4512.62,4508.73,4510.22,1309,35,0
2026-08-20 03:30:00,4510.19,4513.3,4509.49,4511.66,1458,35,0
2026-08-20 03:35:00,4511.69,4511.77,4508.99,4509.55,1063,35,0
2026-08-20 03:40:00,4509.56,4509.63,4504.09,4506.13,1284,35,0
2026-08-20 03:45:00,4506.16,4508.17,4504.8,4507.86,1276,37,0
2026-08-20 03:50:00,4507.9,4510.31,4504.97,4506.67,1358,35,0
2026-08-20 03:55:00,4506.71,4510.6,4504.17,4504.77,1495,35,0
2026-08-20 04:00:00,4504.77,4510.25,4492.95,4493.4,3044,38,0
2026-08-20 04:05:00,4493.46,4499.8,4491.94,4498.61,2395,37,0
2026-08-20 04:10:00,4498.59,4498.6,4492.5,4493.41,2214,37,0
2026-08-20 04:15:00,4493.41,4499.67,4493.41,4499.22,2289,36,0
2026-08-20 04:20:00,4499.21,4503.53,4499.15,4502.44,2085,36,0
2026-08-20 04:25:00,4502.31,4503.39,4497.96,4499.26,1822,37,0
2026-08-20 04:30:00,4499.16,4501.42,4495.67,4498.99,2404,37,0
2026-08-20 04:35:00,4498.99,4500.03,4493.94,4495.77,2029,35,0
2026-08-20 04:40:00,4495.79,4499.55,4493.6,4494.06,1823,35,0
2026-08-20 04:45:00,4494.02,4495.75,4489.18,4489.92,1553,35,0
2026-08-20 04:50:00,4489.92,4490.8,4484.61,4485.2,1617,35,0
2026-08-20 04:55:00,4485.29,4490.91,4484.87,4489.9,1872,38,0
2026-08-20 05:00:00,4489.9,4498.8,4488.72,4497.89,2186,38,0
2026-08-20 05:05:00,4497.77,4499.17,4494.36,4495.94,1929,35,0
2026-08-20 05:10:00,4495.94,4499.79,4495.74,4497.92,1663,35,0
2026-08-20 05:15:00,4497.87,4497.95,4489.72,4491.49,1215,35,0
2026-08-20 05:20:00,4491.48,4494.37,4489.64,4494.04,1102,36,0
2026-08-20 05:25:00,4494.04,4494.96,4491.29,4492.93,1001,37,0
2026-08-20 05:30:00,4492.52,4494.55,4490.95,4491.88,1658,37,0
2026-08-20 05:35:00,4491.86,4493.97,4490.36,4492.7,1362,36,0
2026-08-20 05:40:00,4492.7,4494.01,4490.24,4490.74,1295,35,0
2026-08-20 05:45:00,4490.75,4492.03,4489.01,4489.15,1432,35,0
2026-08-20 05:50:00,4489.22,4494.74,4488.98,4493.55,1505,37,0
2026-08-20 05:55:00,4493.58,4493.6,4490.47,4490.93,1440,35,0
2026-08-20 06:00:00,4490.93,4496.37,4490.92,4495.94,1373,35,0
2026-08-20 06:05:00,4495.94,4497.06,4491.6,4492.04,1459,35,0
2026-08-20 06:10:00,4492.05,4492.81,4488.11,4492.75,1580,37,0
2026-08-20 06:15:00,4492.74,4493.69,4490.54,4493.0,1290,36,0
2026-08-20 06:20:00,4492.91,4496.13,4491.33,4495.32,1293,35,0
2026-08-20 06:25:00,4495.33,4496.66,4493.22,4493.32,1140,35,0
2026-08-20 06:30:00,4493.31,4498.37,4492.39,4497.91,1104,36,0
2026-08-20 06:35:00,4497.86,4498.0,4494.65,4497.43,993,35,0
2026-08-20 06:40:00,4497.42,4498.78,4496.15,4497.86,811,35,0
2026-08-20 06:45:00,4497.84,4498.54,4496.96,4498.44,912,35,0
2026-08-20 06:50:00,4498.4,4500.43,4496.9,4500.0,1027,36,0
2026-08-20 06:55:00,4500.01,4501.31,4498.03,4499.04,932,36,0
2026-08-20 07:00:00,4499.07,4499.34,4495.11,4495.88,1003,37,0
2026-08-20 07:05:00,4495.87,4497.79,4495.69,4497.02,809,35,0
2026-08-20 07:10:00,4497.02,4497.63,4496.26,4496.48,721,35,0
2026-08-20 07:15:00,4496.49,4497.29,4495.2,4496.72,719,35,0
2026-08-20 07:20:00,4496.82,4497.2,4494.28,4495.38,836,36,0
2026-08-20 07:25:00,4495.3,4495.31,4489.95,4490.15,946,35,0
2026-08-20 07:30:00,4490.16,4490.99,4486.92,4488.34,1232,37,0
2026-08-20 07:35:00,4488.34,4488.76,4486.43,4487.25,996,35,0
2026-08-20 07:40:00,4487.25,4488.77,4486.84,4487.03,630,35,0
2026-08-20 07:45:00,4487.03,4490.51,4487.01,4490.24,603,35,0
2026-08-20 07:50:00,4490.24,4491.51,4489.53,4489.8,694,35,0
2026-08-20 07:55:00,4489.8,4491.36,4488.08,4488.55,812,36,0
2026-08-20 08:00:00,4488.55,4491.77,4488.25,4491.74,790,35,0
2026-08-20 08:05:00,4491.74,4494.03,4490.88,4490.88,741,35,0
2026-08-20 08:10:00,4490.89,4491.72,4484.31,4485.65,1125,35,0
2026-08-20 08:15:00,4485.65,4486.88,4484.3,4484.59,984,37,0
2026-08-20 08:20:00,4484.58,4487.07,4484.36,4486.44,761,35,0
2026-08-20 08:25:00,4486.4,4486.42,4482.01,4482.24,896,35,0
2026-08-20 08:30:00,4481.84,4486.14,4479.6,4480.56,1765,38,0
2026-08-20 08:35:00,4480.62,4481.7,4478.04,4480.33,1205,37,0
2026-08-20 08:40:00,4480.33,4482.4,4479.2,4480.86,1215,37,0
2026-08-20 08:45:00,4480.86,4481.67,4479.23,4481.52,1042,35,0
2026-08-20 08:50:00,4481.52,4481.71,4478.49,4478.59,1216,35,0
2026-08-20 08:55:00,4478.59,4483.27,4478.03,4481.46,1223,36,0
2026-08-20 09:00:00,4481.5,4488.8,4480.1,4488.41,1439,36,0
2026-08-20 09:05:00,4488.46,4491.38,4487.9,4490.25,1200,36,0
2026-08-20 09:10:00,4490.25,4493.43,4489.83,4492.94,1247,35,0
2026-08-20 09:15:00,4492.94,4495.96,4491.81,4493.34,1366,34,0
2026-08-20 09:20:00,4493.25,4494.38,4492.01,4493.25,1191,31,0
2026-08-20 09:25:00,4493.25,4495.58,4492.98,4493.68,1023,31,0
2026-08-20 09:30:00,4493.67,4495.3,4492.31,4494.86,1020,34,0
2026-08-20 09:35:00,4494.86,4495.34,4493.34,4493.74,895,34,0
2026-08-20 09:40:00,4493.74,4494.4,4491.83,4492.52,1100,36,0
2026-08-20 09:45:00,4492.51,4495.25,4492.5,4493.15,1166,35,0
2026-08-20 09:50:00,4493.19,4493.27,4491.25,4492.04,948,34,0
2026-08-20 09:55:00,4492.03,4494.26,4491.25,4493.74,1056,35,0
2026-08-20 10:00:00,4493.75,4493.75,4487.67,4488.55,1337,35,0
2026-08-20 10:05:00,4488.6,4490.76,4487.55,4489.48,1228,35,0
2026-08-20 10:10:00,4489.48,4490.39,4487.11,4487.94,1125,34,0
2026-08-20 10:15:00,4487.94,4490.5,4487.04,4487.14,1098,31,0
2026-08-20 10:20:00,4487.16,4488.22,4485.52,4485.54,1164,31,0
2026-08-20 10:25:00,4485.56,4486.23,4483.34,4484.05,1203,35,0
2026-08-20 10:30:00,4484.04,4489.73,4483.56,4489.65,1573,36,0
2026-08-20 10:35:00,4489.66,4491.28,4489.07,4489.87,1239,32,0
2026-08-20 10:40:00,4489.92,4493.4,4489.28,4490.98,1363,35,0
2026-08-20 10:45:00,4491.07,4494.23,4489.2,4489.2,1072,31,0
2026-08-20 10:50:00,4489.36,4491.12,4488.45,4491.09,948,31,0
2026-08-20 10:55:00,4491.38,4492.3,4489.24,4490.81,1224,31,0
2026-08-20 11:00:00,4490.79,4494.92,4490.65,4492.56,1740,36,0
2026-08-20 11:05:00,4492.57,4494.49,4491.08,4494.09,1474,35,0
2026-08-20 11:10:00,4494.07,4495.32,4491.72,4494.4,1230,31,0
2026-08-20 11:15:00,4494.39,4498.71,4494.11,4496.39,1346,31,0
2026-08-20 11:20:00,4496.32,4498.18,4494.89,4495.44,1190,31,0
2026-08-20 11:25:00,4495.45,4496.21,4490.08,4491.42,1283,33,0
2026-08-20 11:30:00,4491.38,4493.2,4487.28,4493.15,1548,36,0
2026-08-20 11:35:00,4493.12,4495.36,4489.96,4491.75,1252,33,0
2026-08-20 11:40:00,4491.75,4492.99,4490.38,4490.63,1082,31,0
2026-08-20 11:45:00,4490.46,4491.83,4488.02,4488.3,1110,31,0
2026-08-20 11:50:00,4488.25,4491.99,4487.74,4491.94,968,33,0
2026-08-20 11:55:00,4491.97,4492.1,4487.72,4489.4,1024,35,0
2026-08-20 12:00:00,4489.43,4491.16,4488.44,4490.82,1077,36,0
2026-08-20 12:05:00,4490.82,4493.31,4488.89,4491.64,1059,33,0
2026-08-20 12:10:00,4491.63,4494.15,4491.41,4492.4,1074,31,0
2026-08-20 12:15:00,4492.41,4493.86,4489.23,4489.38,1054,31,0
2026-08-20 12:20:00,4489.56,4492.96,4488.38,4489.89,1029,31,0
2026-08-20 12:25:00,4489.85,4490.82,4488.2,4489.46,829,31,0
2026-08-20 12:30:00,4489.63,4490.57,4486.93,4487.68,1309,36,0
2026-08-20 12:35:00,4487.86,4488.42,4484.49,4486.15,1118,33,0
2026-08-20 12:40:00,4486.15,4490.36,4485.8,4489.08,1039,32,0
2026-08-20 12:45:00,4489.08,4489.08,4485.12,4485.34,918,31,0
2026-08-20 12:50:00,4485.32,4486.2,4482.0,4483.92,1471,34,0
2026-08-20 12:55:00,4483.9,4484.68,4481.83,4482.2,1105,31,0
2026-08-20 13:00:00,4482.2,4486.07,4480.7,4485.44,1092,31,0
2026-08-20 13:05:00,4485.45,4489.8,4485.41,4489.51,956,31,0
2026-08-20 13:10:00,4489.51,4491.43,4488.24,4490.59,913,32,0
2026-08-20 13:15:00,4490.6,4491.75,4489.9,4490.57,1021,31,0
2026-08-20 13:20:00,4490.58,4490.87,4486.51,4489.07,990,31,0
2026-08-20 13:25:00,4489.01,4494.2,4488.4,4494.0,1116,31,0
2026-08-20 13:30:00,4493.96,4494.93,4492.57,4493.08,806,31,0
2026-08-20 13:35:00,4492.77,4494.74,4490.09,4490.1,1091,31,0
2026-08-20 13:40:00,4490.18,4491.25,4490.08,4491.19,880,31,0
2026-08-20 13:45:00,4491.17,4491.32,4488.74,4490.17,839,31,0
2026-08-20 13:50:00,4490.18,4490.75,4487.54,4487.76,861,34,0
2026-08-20 13:55:00,4487.76,4490.51,4487.47,4489.99,936,35,0
2026-08-20 14:00:00,4489.99,4491.26,4487.62,4488.4,1460,36,0
2026-08-20 14:05:00,4488.4,4488.41,4485.64,4487.23,1299,36,0
2026-08-20 14:10:00,4487.22,4487.45,4482.73,4485.02,1097,36,0
2026-08-20 14:15:00,4485.03,4485.71,4481.1,4482.25,1169,35,0
2026-08-20 14:20:00,4482.22,4487.44,4481.59,4487.4,1215,34,0
2026-08-20 14:25:00,4487.45,4489.7,4484.14,4484.37,1074,31,0
2026-08-20 14:30:00,4484.3,4485.87,4482.58,4484.71,1286,31,0
2026-08-20 14:35:00,4484.7,4486.76,4479.91,4481.65,1374,36,0
2026-08-20 14:40:00,4481.65,4482.44,4474.28,4474.84,1638,36,0
2026-08-20 14:45:00,4474.92,4475.71,4465.88,4471.64,2145,36,0
2026-08-20 14:50:00,4471.64,4472.99,4466.16,4467.13,2059,36,0
2026-08-20 14:55:00,4467.1,4471.17,4465.46,4467.01,1836,31,0
2026-08-20 15:00:00,4467.08,4467.27,4457.27,4458.07,2629,32,0
2026-08-20 15:05:00,4458.1,4459.26,4450.72,4457.63,2751,36,0
2026-08-20 15:10:00,4457.62,4466.28,4456.83,4462.69,2329,31,0
2026-08-20 15:15:00,4462.68,4467.36,4461.9,4467.07,2362,34,0
2026-08-20 15:20:00,4467.05,4467.87,4461.87,4463.53,2168,32,0
2026-08-20 15:25:00,4463.53,4463.53,4457.09,4459.68,1921,31,0
2026-08-20 15:30:00,4459.69,4460.9,4450.91,4453.35,2143,33,0
2026-08-20 15:35:00,4453.24,4463.28,4451.8,4462.92,2356,31,0
2026-08-20 15:40:00,4462.92,4467.13,4460.12,4466.67,2158,31,0
2026-08-20 15:45:00,4466.65,4471.44,4464.15,4471.25,1783,31,0
2026-08-20 15:50:00,4471.3,4475.36,4469.86,4472.49,1681,32,0
2026-08-20 15:55:00,4472.49,4477.12,4471.87,4475.35,1841,34,0
2026-08-20 16:00:00,4475.45,4484.64,4473.82,4478.83,2734,36,0
2026-08-20 16:05:00,4478.83,4480.31,4473.01,4473.3,2050,34,0
2026-08-20 16:10:00,4473.3,4475.87,4471.87,4472.89,2128,35,0
2026-08-20 16:15:00,4472.92,4476.78,4471.02,4474.99,2215,36,0
2026-08-20 16:20:00,4474.99,4476.66,4471.55,4474.11,1823,31,0
2026-08-20 16:25:00,4474.06,4474.52,4470.29,4472.54,2050,31,0
2026-08-20 16:30:00,4472.68,4477.42,4469.41,4475.54,3060,36,0
2026-08-20 16:35:00,4475.55,4486.56,4474.76,4483.14,3340,36,0
2026-08-20 16:40:00,4483.17,4487.88,4477.88,4487.24,3047,35,0
2026-08-20 16:45:00,4487.63,4489.43,4480.1,4482.24,3133,35,0
2026-08-20 16:50:00,4482.37,4486.54,4480.96,4485.85,2638,34,0
2026-08-20 16:55:00,4485.86,4486.76,4479.34,4481.63,2374,32,0
2026-08-20 17:00:00,4481.64,4490.67,4481.17,4483.43,2626,35,0
2026-08-20 17:05:00,4483.43,4486.8,4480.88,4484.96,2565,34,0
2026-08-20 17:10:00,4485.19,4489.13,4483.6,4484.93,2704,32,0
2026-08-20 17:15:00,4484.95,4489.58,4481.86,4482.19,2474,31,0
2026-08-20 17:20:00,4482.19,4493.9,4481.77,4490.89,2769,31,0
2026-08-20 17:25:00,4490.9,4493.14,4486.82,4492.05,2648,33,0
2026-08-20 17:30:00,4492.04,4497.05,4491.8,4494.38,2427,31,0
2026-08-20 17:35:00,4494.44,4500.76,4493.08,4496.16,2344,31,0
2026-08-20 17:40:00,4496.16,4501.2,4493.72,4499.21,2204,31,0
2026-08-20 17:45:00,4499.24,4508.74,4498.71,4508.0,2216,34,0
2026-08-20 17:50:00,4508.11,4510.42,4504.77,4509.89,2219,36,0
2026-08-20 17:55:00,4509.91,4516.23,4509.35,4515.72,2322,31,0
2026-08-20 18:00:00,4515.67,4536.53,4514.99,4534.81,3639,31,0
2026-08-20 18:05:00,4534.82,4536.42,4522.25,4524.09,3716,36,0
2026-08-20 18:10:00,4524.02,4537.21,4521.37,4534.88,3641,36,0
2026-08-20 18:15:00,4534.75,4540.63,4530.37,4539.59,3421,36,0
2026-08-20 18:20:00,4539.59,4540.78,4523.45,4526.39,3109,36,0
2026-08-20 18:25:00,4526.28,4533.98,4525.53,4532.63,2777,35,0
2026-08-20 18:30:00,4532.65,4533.66,4522.48,4523.85,2811,36,0
2026-08-20 18:35:00,4523.91,4526.57,4517.14,4518.74,2680,35,0
2026-08-20 18:40:00,4518.74,4519.64,4509.89,4511.51,2581,31,0
2026-08-20 18:45:00,4511.51,4521.29,4510.83,4519.7,2735,35,0
2026-08-20 18:50:00,4519.68,4521.44,4515.57,4519.02,2597,35,0
2026-08-20 18:55:00,4519.24,4524.05,4517.33,4521.73,2106,31,0
2026-08-20 19:00:00,4521.73,4524.73,4519.19,4519.55,2281,32,0
2026-08-20 19:05:00,4519.55,4521.98,4518.64,4520.03,2137,35,0
2026-08-20 19:10:00,4520.04,4520.24,4510.36,4510.96,2082,35,0
2026-08-20 19:15:00,4510.94,4512.98,4508.55,4512.11,2051,36,0
2026-08-20 19:20:00,4512.13,4512.84,4509.21,4511.64,1946,36,0
2026-08-20 19:25:00,4511.63,4511.63,4505.3,4509.24,1936,35,0
2026-08-20 19:30:00,4509.22,4509.86,4502.7,4509.08,2105,36,0
2026-08-20 19:35:00,4509.09,4512.65,4507.02,4507.24,2182,36,0
2026-08-20 19:40:00,4507.23,4510.23,4506.99,4509.19,1806,35,0
2026-08-20 19:45:00,4509.25,4512.32,4507.35,4512.15,1674,34,0
2026-08-20 19:50:00,4512.16,4513.6,4508.69,4509.2,1648,35,0
2026-08-20 19:55:00,4509.19,4511.03,4507.77,4510.12,1744,35,0
2026-08-20 20:00:00,4510.19,4513.91,4509.84,4511.53,1486,36,0
2026-08-20 20:05:00,4511.54,4511.77,4507.71,4509.92,1323,36,0
2026-08-20 20:10:00,4509.91,4510.5,4507.7,4509.24,1481,36,0
2026-08-20 20:15:00,4509.2,4511.27,4507.79,4508.67,1622,36,0
2026-08-20 20:20:00,4508.71,4514.23,4508.29,4511.25,1789,36,0
2026-08-20 20:25:00,4511.25,4516.55,4509.29,4513.2,1932,36,0
2026-08-20 20:30:00,4513.22,4518.38,4510.65,4518.0,1677,36,0
2026-08-20 20:35:00,4518.0,4518.59,4515.85,4516.59,1415,31,0
2026-08-20 20:40:00,4516.49,4518.29,4516.04,4518.18,1269,31,0
2026-08-20 20:45:00,4518.17,4520.19,4517.22,4519.03,1364,31,0
2026-08-20 20:50:00,4519.04,4519.96,4517.05,4518.56,1323,35,0
2026-08-20 20:55:00,4518.58,4520.37,4517.89,4519.77,1175,34,0
2026-08-20 21:00:00,4519.69,4522.18,4518.15,4521.74,1582,36,0
2026-08-20 21:05:00,4521.82,4522.31,4514.66,4516.39,1658,36,0
2026-08-20 21:10:00,4516.39,4516.4,4509.31,4510.52,1837,36,0
2026-08-20 21:15:00,4510.5,4516.2,4508.28,4515.98,1773,36,0
2026-08-20 21:20:00,4515.97,4518.04,4514.92,4516.68,1387,35,0
2026-08-20 21:25:00,4516.68,4520.15,4516.55,4518.67,1290,31,0
2026-08-20 21:30:00,4518.78,4521.35,4518.47,4519.51,1164,31,0
2026-08-20 21:35:00,4519.36,4523.4,4518.86,4521.17,1453,34,0
2026-08-20 21:40:00,4521.17,4522.02,4519.86,4520.35,1368,33,0
2026-08-20 21:45:00,4520.35,4521.5,4518.02,4521.29,1193,34,0
2026-08-20 21:50:00,4521.21,4525.22,4521.06,4524.54,1210,35,0
2026-08-20 21:55:00,4524.54,4524.89,4521.16,4521.8,1441,35,0
2026-08-20 22:00:00,4521.8,4522.54,4518.16,4521.63,1608,36,0
2026-08-20 22:05:00,4521.63,4526.15,4521.27,4526.04,1230,34,0
2026-08-20 22:10:00,4526.04,4528.02,4524.23,4527.32,1225,31,0
2026-08-20 22:15:00,4527.32,4529.3,4525.52,4525.82,1186,31,0
2026-08-20 22:20:00,4525.8,4528.05,4523.76,4527.02,1323,33,0
2026-08-20 22:25:00,4527.02,4527.79,4522.66,4522.73,1175,36,0
2026-08-20 22:30:00,4522.72,4524.49,4521.95,4523.87,1280,36,0
2026-08-20 22:35:00,4523.88,4529.52,4523.05,4528.89,1655,36,0
2026-08-20 22:40:00,4528.9,4528.9,4526.07,4526.13,1314,35,0
2026-08-20 22:45:00,4526.14,4530.22,4524.81,4528.71,1592,36,0
2026-08-20 22:50:00,4528.59,4532.1,4527.99,4530.77,1868,36,0
2026-08-20 22:55:00,4530.73,4531.43,4526.87,4528.22,2079,36,0
2026-08-20 23:00:00,4528.28,4528.97,4525.87,4526.92,948,31,0
2026-08-20 23:05:00,4526.92,4527.78,4522.61,4523.13,912,31,0
2026-08-20 23:10:00,4523.16,4524.89,4522.3,4522.3,676,31,0
2026-08-20 23:15:00,4522.35,4522.67,4520.91,4521.83,579,31,0
2026-08-20 23:20:00,4521.84,4522.21,4520.62,4521.32,527,31,0
2026-08-20 23:25:00,4521.41,4521.95,4520.37,4520.74,555,35,0
2026-08-20 23:30:00,4520.74,4520.88,4516.75,4517.96,747,36,0
2026-08-20 23:35:00,4517.91,4518.54,4517.29,4517.85,516,36,0
2026-08-20 23:40:00,4517.85,4518.68,4517.67,4518.26,385,44,0
2026-08-20 23:45:00,4518.24,4518.93,4517.85,4518.46,314,44,0
2026-08-20 23:50:00,4518.25,4519.76,4516.59,4518.38,569,44,0
2026-08-20 23:55:00,4518.39,4518.8,4517.4,4517.5,355,374,0
2026-08-21 01:05:00,4518.77,4519.51,4516.71,4516.95,507,368,0
2026-08-21 01:10:00,4516.95,4519.59,4516.79,4518.77,431,38,0
2026-08-21 01:15:00,4518.78,4520.07,4518.59,4519.66,413,38,0
2026-08-21 01:20:00,4519.66,4519.95,4517.99,4518.47,367,38,0
2026-08-21 01:25:00,4518.47,4520.81,4518.46,4519.64,583,38,0
2026-08-21 01:30:00,4519.64,4520.26,4518.31,4519.68,483,37,0
2026-08-21 01:35:00,4519.68,4522.5,4519.68,4521.53,471,38,0
2026-08-21 01:40:00,4521.54,4523.52,4521.13,4522.54,554,37,0
2026-08-21 01:45:00,4522.55,4523.42,4519.53,4522.01,622,38,0
2026-08-21 01:50:00,4522.0,4524.11,4521.65,4523.05,497,35,0
2026-08-21 01:55:00,4523.04,4524.25,4522.74,4523.93,431,36,0
2026-08-21 02:00:00,4523.93,4529.83,4523.41,4529.06,753,36,0
2026-08-21 02:05:00,4529.06,4530.13,4524.78,4527.39,761,37,0
2026-08-21 02:10:00,4527.3,4532.69,4527.14,4531.7,789,36,0
2026-08-21 02:15:00,4531.73,4532.25,4529.42,4531.39,627,35,0
2026-08-21 02:20:00,4531.39,4531.47,4528.17,4528.75,563,35,0
2026-08-21 02:25:00,4528.74,4530.41,4522.69,4526.99,883,35,0
2026-08-21 02:30:00,4526.83,4528.59,4522.28,4523.54,852,37,0
2026-08-21 02:35:00,4523.54,4524.3,4520.96,4523.53,901,35,0
2026-08-21 02:40:00,4523.5,4524.84,4523.5,4524.56,515,35,0
2026-08-21 02:45:00,4524.47,4527.32,4523.02,4527.17,624,35,0
2026-08-21 02:50:00,4527.14,4528.02,4525.97,4527.52,842,37,0
2026-08-21 02:55:00,4527.52,4527.57,4525.81,4526.23,793,37,0
2026-08-21 03:00:00,4526.26,4527.39,4522.14,4522.69,1555,38,0
2026-08-21 03:05:00,4522.69,4523.02,4519.83,4520.41,1354,37,0
2026-08-21 03:10:00,4520.41,4523.03,4517.49,4518.21,1383,37,0
2026-08-21 03:15:00,4518.2,4519.52,4514.68,4517.76,1438,37,0
2026-08-21 03:20:00,4517.75,4519.07,4516.6,4517.7,1194,36,0
2026-08-21 03:25:00,4517.7,4520.67,4513.92,4515.02,1286,36,0
2026-08-21 03:30:00,4515.02,4517.22,4513.18,4514.32,1261,37,0
2026-08-21 03:35:00,4514.32,4515.8,4511.39,4512.85,1247,35,0
2026-08-21 03:40:00,4512.85,4514.38,4510.89,4513.73,1117,35,0
2026-08-21 03:45:00,4513.73,4514.1,4510.07,4511.29,1235,37,0
2026-08-21 03:50:00,4511.3,4512.7,4509.55,4511.04,1212,35,0
2026-08-21 03:55:00,4511.04,4511.63,4509.66,4509.66,1227,35,0
2026-08-21 04:00:00,4509.41,4517.29,4508.73,4513.03,2809,38,0
2026-08-21 04:05:00,4513.12,4516.21,4512.19,4513.71,2490,38,0
2026-08-21 04:10:00,4513.72,4521.1,4511.92,4520.74,2122,37,0
2026-08-21 04:15:00,4520.74,4526.78,4520.37,4524.14,1881,37,0
2026-08-21 04:20:00,4524.29,4529.79,4522.62,4526.48,1950,35,0
2026-08-21 04:25:00,4526.49,4530.51,4525.38,4529.4,1811,36,0
2026-08-21 04:30:00,4529.4,4538.78,4528.43,4537.33,2207,36,0
2026-08-21 04:35:00,4537.31,4543.73,4526.79,4528.75,2044,37,0
2026-08-21 04:40:00,4528.75,4528.97,4523.67,4526.07,1579,35,0
2026-08-21 04:45:00,4526.07,4533.1,4525.82,4531.32,1295,35,0
2026-08-21 04:50:00,4531.32,4532.1,4525.36,4526.08,1400,37,0
2026-08-21 04:55:00,4526.08,4530.93,4525.92,4530.66,1550,36,0
2026-08-21 05:00:00,4530.54,4531.03,4521.31,4522.53,1689,37,0
2026-08-21 05:05:00,4522.54,4525.21,4520.94,4523.01,1498,35,0
2026-08-21 05:10:00,4523.01,4523.4,4518.27,4521.1,1474,35,0
2026-08-21 05:15:00,4521.21,4522.45,4520.19,4522.37,978,35,0
2026-08-21 05:20:00,4522.37,4527.29,4522.16,4527.25,1018,35,0
2026-08-21 05:25:00,4527.24,4529.46,4525.96,4528.91,948,36,0
2026-08-21 05:30:00,4527.92,4530.7,4525.15,4526.31,1651,37,0
2026-08-21 05:35:00,4526.33,4531.7,4526.25,4531.22,1315,37,0
2026-08-21 05:40:00,4531.09,4538.15,4530.94,4538.0,1331,35,0
2026-08-21 05:45:00,4538.0,4539.44,4535.12,4538.87,1241,35,0
2026-08-21 05:50:00,4538.86,4542.63,4534.9,4540.8,1411,35,0
2026-08-21 05:55:00,4540.71,4541.01,4532.45,4533.64,1276,35,0
2026-08-21 06:00:00,4533.64,4538.33,4532.79,4533.61,1394,36,0
2026-08-21 06:05:00,4533.61,4535.7,4531.77,4534.29,1146,35,0
2026-08-21 06:10:00,4534.32,4536.34,4532.27,4532.44,1144,35,0
2026-08-21 06:15:00,4532.44,4534.45,4531.9,4532.63,1047,35,0
2026-08-21 06:20:00,4532.63,4534.68,4532.27,4533.45,971,35,0
2026-08-21 06:25:00,4533.45,4534.58,4529.56,4529.63,1161,35,0
2026-08-21 06:30:00,4529.64,4535.69,4529.18,4535.51,933,35,0
2026-08-21 06:35:00,4535.55,4535.56,4528.9,4529.0,945,35,0
2026-08-21 06:40:00,4529.0,4529.35,4526.65,4528.99,926,35,0
2026-08-21 06:45:00,4528.99,4533.69,4528.05,4531.5,769,35,0
2026-08-21 06:50:00,4531.5,4533.37,4531.41,4533.06,572,35,0
2026-08-21 06:55:00,4533.0,4535.61,4532.34,4535.61,646,35,0
2026-08-21 07:00:00,4535.61,4539.02,4535.26,4538.47,954,37,0
2026-08-21 07:05:00,4538.48,4539.54,4535.97,4538.22,853,36,0
2026-08-21 07:10:00,4538.22,4541.3,4537.2,4540.14,999,35,0
2026-08-21 07:15:00,4540.14,4541.26,4537.37,4541.24,960,35,0
2026-08-21 07:20:00,4541.24,4545.71,4540.94,4543.07,1049,35,0
2026-08-21 07:25:00,4543.02,4547.11,4542.56,4546.65,967,35,0
2026-08-21 07:30:00,4546.66,4547.77,4543.08,4543.96,1038,36,0
2026-08-21 07:35:00,4544.01,4544.57,4540.65,4541.81,644,35,0
2026-08-21 07:40:00,4541.85,4543.06,4540.71,4541.56,707,35,0
2026-08-21 07:45:00,4541.57,4542.02,4540.06,4540.9,683,35,0
2026-08-21 07:50:00,4540.9,4542.28,4540.68,4541.31,624,36,0
2026-08-21 07:55:00,4541.31,4542.11,4540.09,4540.37,596,37,0
2026-08-21 08:00:00,4540.3,4540.58,4535.4,4537.75,939,36,0
2026-08-21 08:05:00,4537.75,4539.41,4534.06,4536.48,899,36,0
2026-08-21 08:10:00,4536.51,4537.52,4534.61,4537.03,839,35,0
2026-08-21 08:15:00,4536.99,4538.51,4530.78,4533.96,1136,38,0
2026-08-21 08:20:00,4533.96,4534.41,4532.53,4533.83,747,35,0
2026-08-21 08:25:00,4533.79,4534.25,4529.89,4529.89,860,35,0
2026-08-21 08:30:00,4529.89,4538.1,4528.98,4537.88,1661,37,0
2026-08-21 08:35:00,4537.89,4540.57,4535.18,4536.15,1211,37,0
2026-08-21 08:40:00,4536.16,4543.18,4535.71,4543.01,1298,36,0
2026-08-21 08:45:00,4543.11,4546.3,4541.43,4545.93,1330,35,0
2026-08-21 08:50:00,4545.94,4548.93,4543.06,4547.79,1487,35,0
2026-08-21 08:55:00,4547.79,4556.08,4547.6,4553.41,1826,36,0
2026-08-21 09:00:00,4553.41,4555.05,4547.44,4549.33,1740,35,0
2026-08-21 09:05:00,4549.33,4551.38,4546.78,4548.26,1363,34,0
2026-08-21 09:10:00,4548.27,4550.78,4545.42,4550.78,1345,32,0
2026-08-21 09:15:00,4550.77,4556.37,4550.5,4555.61,1514,31,0
2026-08-21 09:20:00,4555.56,4556.46,4549.85,4550.23,1386,33,0
2026-08-21 09:25:00,4550.27,4557.87,4549.93,4554.98,1388,33,0
2026-08-21 09:30:00,4554.77,4563.32,4554.42,4561.16,1736,31,0
2026-08-21 09:35:00,4561.08,4565.63,4561.08,4564.8,1591,31,0
2026-08-21 09:40:00,4564.79,4564.81,4560.34,4562.83,1634,31,0
2026-08-21 09:45:00,4562.85,4567.32,4562.66,4567.02,1477,31,0
2026-08-21 09:50:00,4567.01,4567.31,4564.14,4564.56,1364,32,0
2026-08-21 09:55:00,4564.59,4567.46,4560.57,4560.88,1494,34,0
2026-08-21 10:00:00,4560.9,4565.94,4559.45,4565.49,1448,35,0
2026-08-21 10:05:00,4565.36,4565.37,4558.68,4558.72,1322,31,0
2026-08-21 10:10:00,4558.7,4561.54,4557.65,4561.38,1199,31,0
2026-08-21 10:15:00,4561.37,4566.8,4559.64,4566.34,1140,31,0
2026-08-21 10:20:00,4566.34,4567.85,4562.83,4563.48,1235,31,0
2026-08-21 10:25:00,4563.48,4564.45,4560.65,4561.25,951,31,0
2026-08-21 10:30:00,4561.25,4564.61,4560.24,4562.1,1272,31,0
2026-08-21 10:35:00,4562.1,4564.76,4559.94,4563.97,1307,31,0
2026-08-21 10:40:00,4563.97,4566.1,4562.44,4564.43,1198,31,0
2026-08-21 10:45:00,4564.43,4567.83,4562.59,4565.9,1319,32,0
2026-08-21 10:50:00,4565.9,4566.92,4560.49,4561.58,1065,31,0
2026-08-21 10:55:00,4561.58,4564.74,4561.07,4564.06,965,31,0
2026-08-21 11:00:00,4564.05,4566.4,4561.02,4561.07,1198,32,0
2026-08-21 11:05:00,4561.13,4562.61,4559.0,4561.51,1358,32,0
2026-08-21 11:10:00,4561.55,4567.83,4561.34,4565.47,1331,31,0
2026-08-21 11:15:00,4565.48,4573.15,4563.77,4572.09,1362,36,0
2026-08-21 11:20:00,4572.09,4579.0,4571.49,4577.4,1716,35,0
2026-08-21 11:25:00,4577.4,4581.67,4577.29,4579.41,1747,34,0
2026-08-21 11:30:00,4579.32,4581.37,4577.01,4580.89,1634,32,0
2026-08-21 11:35:00,4580.9,4582.61,4576.29,4579.46,1492,33,0
2026-08-21 11:40:00,4579.43,4584.04,4578.87,4582.46,1454,34,0
2026-08-21 11:45:00,4582.49,4583.42,4580.4,4580.95,1147,31,0
2026-08-21 11:50:00,4580.95,4583.15,4580.32,4581.59,1135,34,0
2026-08-21 11:55:00,4581.55,4584.83,4580.33,4583.93,1011,34,0
2026-08-21 12:00:00,4583.93,4585.98,4581.61,4585.72,1337,36,0
2026-08-21 12:05:00,4585.75,4596.25,4584.62,4595.47,1626,36,0
2026-08-21 12:10:00,4595.47,4600.54,4595.29,4599.21,1677,36,0
2026-08-21 12:15:00,4598.76,4601.95,4592.69,4592.69,1634,35,0
2026-08-21 12:20:00,4592.51,4593.16,4584.72,4586.84,1825,35,0
2026-08-21 12:25:00,4586.84,4587.57,4581.01,4582.11,1498,34,0
2026-08-21 12:30:00,4582.25,4584.36,4581.62,4582.65,1428,32,0
2026-08-21 12:35:00,4582.64,4585.73,4580.41,4585.31,1189,31,0
2026-08-21 12:40:00,4585.31,4586.62,4581.53,4582.91,921,33,0
2026-08-21 12:45:00,4582.91,4583.5,4580.74,4581.21,897,34,0
2026-08-21 12:50:00,4581.23,4583.94,4580.24,4583.94,979,33,0
2026-08-21 12:55:00,4583.94,4585.28,4581.01,4581.98,857,33,0
2026-08-21 13:00:00,4582.32,4588.7,4581.54,4584.97,1177,36,0
2026-08-21 13:05:00,4584.97,4585.09,4581.25,4583.18,1236,31,0
2026-08-21 13:10:00,4583.18,4584.12,4577.85,4579.07,1438,34,0
2026-08-21 13:15:00,4579.1,4587.09,4578.37,4584.37,1278,31,0
2026-08-21 13:20:00,4584.36,4586.69,4583.1,4586.25,942,31,0
2026-08-21 13:25:00,4586.25,4589.2,4585.54,4588.22,1203,31,0
2026-08-21 13:30:00,4588.22,4590.75,4585.57,4590.33,1098,31,0
2026-08-21 13:35:00,4590.33,4593.45,4589.31,4593.43,1028,33,0
2026-08-21 13:40:00,4593.44,4593.93,4590.98,4593.15,955,31,0
2026-08-21 13:45:00,4593.16,4593.46,4590.06,4590.54,999,31,0
2026-08-21 13:50:00,4590.65,4592.54,4588.35,4590.22,1269,35,0
2026-08-21 13:55:00,4590.21,4590.86,4587.74,4588.31,1179,31,0
2026-08-21 14:00:00,4588.31,4594.85,4587.07,4593.59,1474,31,0
2026-08-21 14:05:00,4593.59,4595.18,4590.76,4592.24,1286,31,0
2026-08-21 14:10:00,4592.13,4593.1,4588.29,4590.49,1174,31,0
2026-08-21 14:15:00,4590.49,4597.59,4590.46,4596.07,1143,31,0
2026-08-21 14:20:00,4596.07,4600.61,4595.79,4597.34,1642,31,0
2026-08-21 14:25:00,4597.02,4599.95,4595.62,4598.42,1913,34,0
2026-08-21 14:30:00,4598.41,4598.66,4593.25,4594.85,1730,34,0
2026-08-21 14:35:00,4594.92,4604.33,4594.92,4597.17,1895,36,0
2026-08-21 14:40:00,4597.17,4597.55,4593.2,4596.82,1519,31,0
2026-08-21 14:45:00,4596.83,4600.26,4596.08,4599.41,1337,31,0
2026-08-21 14:50:00,4599.42,4600.0,4595.53,4597.53,1371,31,0
2026-08-21 14:55:00,4597.53,4598.47,4595.9,4597.55,1261,31,0
2026-08-21 15:00:00,4597.44,4601.42,4593.72,4595.44,1959,36,0
2026-08-21 15:05:00,4595.58,4599.99,4591.99,4593.62,1801,36,0
2026-08-21 15:10:00,4593.61,4593.76,4589.02,4592.59,1696,31,0
2026-08-21 15:15:00,4592.55,4595.68,4585.94,4587.71,1850,33,0
2026-08-21 15:20:00,4587.7,4588.97,4581.88,4585.65,1879,32,0
2026-08-21 15:25:00,4585.73,4586.61,4583.75,4584.62,1296,31,0
2026-08-21 15:30:00,4584.6,4584.64,4576.53,4577.87,1768,31,0
2026-08-21 15:35:00,4577.88,4578.06,4564.28,4564.58,2152,31,0
2026-08-21 15:40:00,4564.58,4575.62,4563.44,4573.3,2156,31,0
2026-08-21 15:45:00,4573.31,4579.35,4572.99,4579.35,1644,31,0
2026-08-21 15:50:00,4579.35,4580.75,4576.98,4579.8,1536,31,0
2026-08-21 15:55:00,4579.8,4580.81,4574.84,4577.92,1554,31,0
2026-08-21 16:00:00,4577.92,4584.33,4575.68,4580.95,2630,35,0
2026-08-21 16:05:00,4581.0,4583.72,4579.08,4580.91,2283,35,0
2026-08-21 16:10:00,4580.9,4586.88,4580.21,4585.45,1875,31,0
2026-08-21 16:15:00,4585.43,4587.6,4579.59,4580.52,2082,31,0
2026-08-21 16:20:00,4580.61,4586.67,4579.14,4583.16,1713,31,0
2026-08-21 16:25:00,4583.15,4585.32,4581.39,4583.6,1824,31,0
2026-08-21 16:30:00,4583.56,4586.76,4573.56,4573.67,3240,36,0
2026-08-21 16:35:00,4573.7,4590.8,4573.25,4586.96,3132,36,0
2026-08-21 16:40:00,4586.93,4590.48,4584.2,4585.24,2707,36,0
2026-08-21 16:45:00,4585.61,4592.72,4584.52,4589.63,2370,34,0
2026-08-21 16:50:00,4589.62,4590.97,4576.42,4581.06,2725,34,0
2026-08-21 16:55:00,4581.08,4585.49,4579.83,4580.78,2485,32,0
2026-08-21 17:00:00,4580.75,4588.75,4579.69,4588.61,2615,33,0
2026-08-21 17:05:00,4588.62,4590.58,4583.05,4587.05,2250,31,0
2026-08-21 17:10:00,4587.05,4589.88,4585.21,4589.77,2265,31,0
2026-08-21 17:15:00,4589.78,4590.99,4586.25,4590.06,2421,31,0
2026-08-21 17:20:00,4589.99,4598.15,4589.81,4597.7,2576,36,0
2026-08-21 17:25:00,4597.69,4603.1,4597.68,4603.1,2362,36,0
2026-08-21 17:30:00,4603.11,4603.53,4589.6,4589.76,2610,36,0
2026-08-21 17:35:00,4589.76,4592.63,4581.27,4581.5,3300,36,0
2026-08-21 17:40:00,4581.57,4589.51,4580.44,4582.82,2974,36,0
2026-08-21 17:45:00,4582.79,4591.72,4580.43,4591.4,2610,34,0
2026-08-21 17:50:00,4591.4,4595.28,4588.38,4589.42,2430,32,0
2026-08-21 17:55:00,4589.42,4592.34,4584.02,4591.59,2382,31,0
2026-08-21 18:00:00,4591.69,4594.23,4587.2,4593.5,2647,36,0
2026-08-21 18:05:00,4593.47,4598.13,4591.95,4594.11,2081,31,0
2026-08-21 18:10:00,4594.13,4597.75,4593.63,4595.18,2001,35,0
2026-08-21 18:15:00,4595.18,4599.16,4595.07,4597.59,1861,33,0
2026-08-21 18:20:00,4597.61,4602.74,4595.24,4602.5,1871,33,0
2026-08-21 18:25:00,4602.51,4607.49,4599.98,4603.32,2519,33,0
2026-08-21 18:30:00,4603.32,4606.18,4599.53,4606.18,2219,31,0
2026-08-21 18:35:00,4606.22,4608.15,4604.95,4606.69,1962,31,0
2026-08-21 18:40:00,4606.48,4610.4,4605.59,4609.49,2169,32,0
2026-08-21 18:45:00,4609.49,4610.83,4606.99,4607.74,2293,35,0
2026-08-21 18:50:00,4607.74,4614.87,4607.31,4613.8,2093,35,0
2026-08-21 18:55:00,4613.8,4615.14,4610.84,4614.42,2278,34,0
2026-08-21 19:00:00,4614.42,4617.58,4612.84,4616.92,2038,35,0
2026-08-21 19:05:00,4616.93,4617.05,4609.05,4610.18,2265,36,0
2026-08-21 19:10:00,4610.18,4615.66,4610.17,4614.43,1907,36,0
2026-08-21 19:15:00,4614.42,4615.93,4613.76,4613.92,1672,34,0
2026-08-21 19:20:00,4613.98,4620.78,4611.36,4612.86,2365,35,0
2026-08-21 19:25:00,4612.89,4614.33,4609.77,4613.92,1702,36,0
2026-08-21 19:30:00,4613.85,4616.09,4612.0,4615.46,1727,35,0
2026-08-21 19:35:00,4615.44,4620.91,4614.41,4619.13,1808,34,0
2026-08-21 19:40:00,4619.13,4621.89,4617.13,4621.52,1669,35,0
2026-08-21 19:45:00,4621.52,4624.72,4620.93,4624.07,1750,32,0
2026-08-21 19:50:00,4624.06,4627.29,4623.68,4626.99,1683,31,0
2026-08-21 19:55:00,4627.05,4629.11,4625.78,4628.79,1521,34,0
2026-08-21 20:00:00,4628.84,4630.79,4626.73,4627.52,1963,35,0
2026-08-21 20:05:00,4627.6,4632.12,4626.0,4630.61,1718,36,0
2026-08-21 20:10:00,4630.6,4631.61,4621.68,4623.33,2170,36,0
2026-08-21 20:15:00,4623.34,4625.82,4622.01,4622.97,2138,36,0
2026-08-21 20:20:00,4622.54,4624.34,4615.2,4618.04,2282,36,0
2026-08-21 20:25:00,4618.0,4624.31,4615.39,4621.78,2284,36,0
2026-08-21 20:30:00,4621.78,4622.13,4619.49,4620.73,1753,33,0
2026-08-21 20:35:00,4620.57,4624.55,4620.53,4622.44,1284,31,0
2026-08-21 20:40:00,4622.44,4624.58,4618.5,4619.31,1315,31,0
2026-08-21 20:45:00,4619.39,4619.63,4616.83,4618.48,1655,36,0
2026-08-21 20:50:00,4618.48,4622.35,4617.97,4619.45,1427,31,0
2026-08-21 20:55:00,4619.45,4621.36,4619.18,4620.6,1106,31,0
2026-08-21 21:00:00,4620.6,4626.06,4620.23,4626.05,1306,31,0
2026-08-21 21:05:00,4626.06,4627.46,4624.14,4625.6,1382,31,0
2026-08-21 21:10:00,4625.6,4626.03,4622.88,4623.91,1088,32,0
2026-08-21 21:15:00,4623.9,4626.7,4623.82,4626.37,975,34,0
2026-08-21 21:20:00,4626.37,4627.39,4625.24,4626.44,836,34,0
2026-08-21 21:25:00,4626.46,4627.42,4624.29,4624.73,1005,36,0
2026-08-21 21:30:00,4624.63,4624.97,4619.49,4622.0,1201,36,0
2026-08-21 21:35:00,4622.03,4622.85,4619.37,4619.56,1365,36,0
2026-08-21 21:40:00,4619.55,4621.4,4619.55,4620.81,1061,36,0
2026-08-21 21:45:00,4620.81,4625.74,4620.76,4624.57,1134,36,0
2026-08-21 21:50:00,4624.58,4624.92,4622.6,4624.19,981,34,0
2026-08-21 21:55:00,4624.19,4624.58,4622.99,4624.37,959,34,0
2026-08-21 22:00:00,4624.32,4625.46,4621.22,4622.05,1341,36,0
2026-08-21 22:05:00,4622.04,4622.15,4618.32,4621.14,1155,36,0
2026-08-21 22:10:00,4621.15,4623.38,4620.28,4622.73,1078,35,0
2026-08-21 22:15:00,4622.73,4622.74,4620.12,4622.47,1167,35,0
2026-08-21 22:20:00,4622.46,4623.33,4621.89,4622.22,1031,32,0
2026-08-21 22:25:00,4622.22,4622.93,4617.75,4618.11,1104,31,0
2026-08-21 22:30:00,4617.97,4619.78,4616.65,4617.21,1352,36,0
2026-08-21 22:35:00,4617.06,4618.44,4615.67,4617.94,1317,36,0
2026-08-21 22:40:00,4618.0,4619.67,4617.87,4618.18,1183,33,0
2026-08-21 22:45:00,4618.19,4623.24,4617.32,4622.64,1453,35,0
2026-08-21 22:50:00,4622.41,4623.72,4621.16,4622.7,1555,36,0
2026-08-21 22:55:00,4622.4,4622.72,4615.54,4616.94,1906,36,0
2026-08-21 23:00:00,4616.96,4617.39,4614.94,4617.31,811,36,0
2026-08-21 23:05:00,4617.31,4617.66,4615.65,4616.42,630,31,0
2026-08-21 23:10:00,4616.42,4617.49,4615.75,4617.26,504,31,0
2026-08-21 23:15:00,4617.26,4617.62,4611.43,4612.87,748,31,0
2026-08-21 23:20:00,4612.88,4613.61,4610.35,4611.04,804,36,0
2026-08-21 23:25:00,4611.04,4611.82,4610.26,4610.83,674,32,0
2026-08-21 23:30:00,4610.83,4612.01,4609.91,4610.52,631,31,0
2026-08-21 23:35:00,4610.52,4611.69,4607.41,4608.29,691,31,0
2026-08-21 23:40:00,4608.29,4609.69,4607.72,4608.17,526,44,0
2026-08-21 23:45:00,4608.16,4608.81,4603.39,4605.72,935,44,0
2026-08-21 23:50:00,4605.75,4605.84,4601.89,4602.4,821,44,0
2026-08-21 23:55:00,4602.14,4603.5,4601.42,4602.83,413,374,0
2026-08-24 01:05:00,4609.02,4616.2,4607.2,4615.54,1040,368,0
2026-08-24 01:10:00,4615.51,4620.42,4615.49,4617.41,1161,38,0
2026-08-24 01:15:00,4617.41,4618.3,4612.91,4618.16,1013,38,0
2026-08-24 01:20:00,4618.14,4620.92,4615.76,4617.22,926,38,0
2026-08-24 01:25:00,4617.21,4617.31,4613.09,4613.9,705,38,0
2026-08-24 01:30:00,4614.46,4616.94,4613.87,4614.74,817,38,0
2026-08-24 01:35:00,4614.75,4616.8,4611.69,4611.69,722,38,0
2026-08-24 01:40:00,4611.73,4612.24,4607.12,4611.04,1017,38,0
2026-08-24 01:45:00,4611.05,4611.05,4607.34,4608.59,969,38,0
2026-08-24 01:50:00,4608.59,4609.07,4607.2,4607.69,745,38,0
2026-08-24 01:55:00,4607.71,4607.9,4606.12,4606.25,510,38,0
2026-08-24 02:00:00,4606.25,4609.29,4605.19,4607.48,826,38,0
2026-08-24 02:05:00,4607.48,4607.9,4604.7,4607.77,592,38,0
2026-08-24 02:10:00,4607.74,4609.41,4607.52,4607.54,552,38,0
2026-08-24 02:15:00,4607.54,4608.16,4606.84,4607.49,457,38,0
2026-08-24 02:20:00,4607.49,4613.12,4607.39,4612.87,748,38,0
2026-08-24 02:25:00,4612.87,4616.16,4611.83,4615.04,795,38,0
2026-08-24 02:30:00,4615.04,4618.45,4613.98,4618.17,875,38,0
2026-08-24 02:35:00,4618.21,4619.16,4613.35,4613.36,803,38,0
2026-08-24 02:40:00,4613.36,4614.38,4607.67,4608.43,868,38,0
2026-08-24 02:45:00,4608.41,4615.22,4608.21,4615.22,1498,38,0
2026-08-24 02:50:00,4615.22,4622.47,4614.94,4622.43,1412,37,0
2026-08-24 02:55:00,4622.41,4624.5,4622.08,4624.05,1149,36,0
2026-08-24 03:00:00,4624.15,4627.7,4620.19,4627.03,2344,37,0
2026-08-24 03:05:00,4627.06,4638.91,4627.06,4634.86,2582,37,0
2026-08-24 03:10:00,4634.84,4640.69,4633.55,4637.28,1972,37,0
2026-08-24 03:15:00,4637.32,4640.34,4628.42,4629.16,2313,37,0
2026-08-24 03:20:00,4629.17,4629.88,4611.74,4612.3,2493,37,0
2026-08-24 03:25:00,4612.22,4612.62,4594.71,4604.66,2864,37,0
2026-08-24 03:30:00,4604.65,4608.59,4602.05,4602.05,2324,36,0
2026-08-24 03:35:00,4602.02,4608.63,4601.03,4601.19,2180,36,0
2026-08-24 03:40:00,4601.21,4607.6,4601.0,4606.96,1747,35,0
2026-08-24 03:45:00,4606.95,4615.42,4603.78,4614.14,2025,36,0
2026-08-24 03:50:00,4614.16,4617.18,4611.47,4616.97,1550,36,0
2026-08-24 03:55:00,4616.98,4623.05,4615.89,4621.66,1721,36,0
2026-08-24 04:00:00,4621.66,4635.04,4618.78,4622.55,3500,38,0
2026-08-24 04:05:00,4622.52,4629.9,4620.02,4622.94,2713,37,0
2026-08-24 04:10:00,4622.95,4627.71,4621.75,4621.75,2303,35,0
2026-08-24 04:15:00,4621.75,4625.65,4616.78,4621.33,2499,36,0
2026-08-24 04:20:00,4621.32,4622.09,4611.01,4614.97,2567,36,0
2026-08-24 04:25:00,4614.93,4617.93,4612.04,4614.6,2619,37,0
2026-08-24 04:30:00,4614.61,4615.02,4607.99,4614.84,2492,35,0
2026-08-24 04:35:00,4614.91,4620.88,4612.51,4614.09,2344,36,0
2026-08-24 04:40:00,4614.16,4618.18,4608.31,4618.12,2177,35,0
2026-08-24 04:45:00,4618.15,4619.05,4614.98,4619.05,2055,35,0
2026-08-24 04:50:00,4619.06,4629.84,4618.98,4628.55,2192,37,0
2026-08-24 04:55:00,4628.47,4637.51,4626.52,4632.19,2160,37,0
2026-08-24 05:00:00,4632.19,4638.47,4627.78,4636.86,2307,35,0
2026-08-24 05:05:00,4636.82,4642.82,4634.05,4642.51,1955,35,0
2026-08-24 05:10:00,4642.51,4652.07,4642.27,4650.35,2564,35,0
2026-08-24 05:15:00,4650.36,4655.2,4649.24,4652.87,1647,35,0
2026-08-24 05:20:00,4652.85,4654.9,4649.28,4654.23,1646,35,0
2026-08-24 05:25:00,4654.24,4656.57,4649.6,4655.98,1483,35,0
2026-08-24 05:30:00,4656.13,4656.72,4649.8,4651.84,2208,35,0
2026-08-24 05:35:00,4651.89,4653.7,4645.12,4645.19,2011,35,0
2026-08-24 05:40:00,4645.12,4645.67,4637.4,4637.54,2281,35,0
2026-08-24 05:45:00,4637.55,4637.72,4627.41,4628.51,2117,35,0
2026-08-24 05:50:00,4628.5,4638.15,4627.67,4637.82,2109,35,0
2026-08-24 05:55:00,4637.96,4644.64,4637.31,4643.51,1993,35,0
2026-08-24 06:00:00,4643.51,4643.83,4637.49,4640.05,1687,35,0
2026-08-24 06:05:00,4639.91,4640.11,4634.55,4637.54,1560,35,0
2026-08-24 06:10:00,4637.5,4639.38,4633.25,4637.08,1624,36,0
2026-08-24 06:15:00,4637.11,4641.26,4636.62,4638.38,1579,36,0
2026-08-24 06:20:00,4638.35,4643.56,4635.26,4642.39,1796,37,0
2026-08-24 06:25:00,4642.39,4648.28,4642.15,4643.64,1820,36,0
2026-08-24 06:30:00,4643.63,4648.06,4643.57,4647.88,1506,35,0
2026-08-24 06:35:00,4647.88,4650.1,4646.44,4647.55,1259,35,0
2026-08-24 06:40:00,4647.58,4648.02,4642.67,4642.88,1196,35,0
2026-08-24 06:45:00,4642.89,4644.61,4642.23,4642.59,993,35,0
2026-08-24 06:50:00,4642.56,4644.64,4641.17,4641.34,995,36,0
2026-08-24 06:55:00,4641.35,4643.53,4639.95,4641.41,1099,35,0
2026-08-24 07:00:00,4641.39,4642.36,4637.65,4639.36,1338,35,0
2026-08-24 07:05:00,4639.33,4639.34,4632.37,4633.59,1429,36,0
2026-08-24 07:10:00,4633.59,4638.48,4632.69,4638.12,1454,35,0
2026-08-24 07:15:00,4638.13,4640.53,4634.23,4639.84,1263,35,0
2026-08-24 07:20:00,4639.8,4640.01,4637.13,4637.55,1273,35,0
2026-08-24 07:25:00,4637.55,4641.63,4637.4,4640.25,1397,35,0
2026-08-24 07:30:00,4640.2,4640.43,4632.55,4635.21,1331,35,0
2026-08-24 07:35:00,4635.2,4637.26,4634.47,4636.35,1245,35,0
2026-08-24 07:40:00,4636.35,4638.17,4634.76,4637.89,1130,35,0
2026-08-24 07:45:00,4637.88,4638.7,4635.58,4635.92,1128,35,0
2026-08-24 07:50:00,4635.9,4640.07,4635.57,4639.68,1115,35,0
2026-08-24 07:55:00,4639.65,4640.14,4637.0,4638.69,1080,35,0
2026-08-24 08:00:00,4638.71,4641.46,4638.4,4639.12,1268,36,0
2026-08-24 08:05:00,4639.12,4642.55,4638.91,4639.77,1232,36,0
2026-08-24 08:10:00,4639.78,4643.23,4638.85,4643.14,1204,35,0
2026-08-24 08:15:00,4643.14,4646.27,4641.27,4642.99,1208,35,0
2026-08-24 08:20:00,4642.96,4643.01,4637.77,4638.07,1411,35,0
2026-08-24 08:25:00,4638.07,4641.81,4633.92,4634.52,1255,35,0
2026-08-24 08:30:00,4634.41,4639.47,4629.61,4632.58,2589,38,0
2026-08-24 08:35:00,4632.57,4638.74,4630.46,4632.84,2041,37,0
2026-08-24 08:40:00,4632.82,4635.45,4631.28,4633.2,2111,37,0
2026-08-24 08:45:00,4633.2,4638.47,4630.06,4638.47,1882,37,0
2026-08-24 08:50:00,4638.44,4643.0,4636.23,4638.74,1861,36,0
2026-08-24 08:55:00,4638.94,4641.33,4637.37,4640.74,1739,35,0
2026-08-24 09:00:00,4640.78,4645.68,4639.14,4644.67,2210,35,0
2026-08-24 09:05:00,4644.65,4651.5,4643.09,4649.0,2078,36,0
2026-08-24 09:10:00,4648.95,4652.32,4646.92,4651.92,1910,32,0
2026-08-24 09:15:00,4652.02,4659.66,4651.91,4656.11,2123,36,0
2026-08-24 09:20:00,4656.17,4658.19,4646.29,4649.53,2180,35,0
2026-08-24 09:25:00,4649.47,4649.78,4640.58,4642.44,1944,35,0
2026-08-24 09:30:00,4642.5,4652.31,4641.88,4650.79,1925,31,0
2026-08-24 09:35:00,4650.78,4653.47,4650.05,4651.66,1856,31,0
2026-08-24 09:40:00,4651.67,4651.67,4641.76,4642.83,1775,33,0
2026-08-24 09:45:00,4642.85,4650.12,4642.72,4649.88,1689,34,0
2026-08-24 09:50:00,4649.91,4653.71,4645.83,4651.22,1726,34,0
2026-08-24 09:55:00,4651.2,4651.21,4648.77,4650.07,1610,31,0
2026-08-24 10:00:00,4650.08,4654.3,4647.22,4648.56,1970,35,0
2026-08-24 10:05:00,4648.56,4650.0,4644.09,4646.63,1623,31,0
2026-08-24 10:10:00,4646.61,4649.18,4644.27,4648.11,1717,35,0
2026-08-24 10:15:00,4648.11,4649.88,4642.38,4645.69,1690,33,0
2026-08-24 10:20:00,4645.7,4647.59,4642.08,4643.16,1713,31,0
2026-08-24 10:25:00,4643.24,4647.2,4642.05,4642.42,1699,31,0
2026-08-24 10:30:00,4642.41,4646.37,4641.09,4646.13,1587,31,0
2026-08-24 10:35:00,4646.13,4647.66,4642.9,4644.35,1406,31,0
2026-08-24 10:40:00,4644.35,4644.75,4634.52,4634.87,2035,32,0
2026-08-24 10:45:00,4634.88,4635.17,4630.19,4631.16,2048,36,0
2026-08-24 10:50:00,4631.16,4636.75,4629.87,4635.66,1735,35,0
2026-08-24 10:55:00,4635.68,4643.62,4635.44,4642.42,1505,32,0
2026-08-24 11:00:00,4642.59,4643.48,4636.38,4640.64,2129,34,0
2026-08-24 11:05:00,4640.69,4645.73,4636.22,4638.18,2050,34,0
2026-08-24 11:10:00,4638.18,4640.24,4635.42,4637.06,1736,34,0
2026-08-24 11:15:00,4637.06,4637.13,4631.41,4635.74,1658,33,0
2026-08-24 11:20:00,4635.75,4638.48,4634.67,4635.73,1442,31,0
2026-08-24 11:25:00,4635.75,4639.46,4628.96,4629.26,1615,33,0
2026-08-24 11:30:00,4629.39,4634.37,4628.57,4633.99,1479,32,0
2026-08-24 11:35:00,4634.0,4637.13,4633.35,4636.98,1188,31,0
2026-08-24 11:40:00,4636.98,4645.92,4635.98,4645.57,1491,34,0
2026-08-24 11:45:00,4645.57,4645.8,4641.96,4643.71,1275,35,0
2026-08-24 11:50:00,4643.71,4644.46,4640.06,4641.37,1162,35,0
2026-08-24 11:55:00,4641.4,4642.16,4635.84,4637.69,1211,36,0
2026-08-24 12:00:00,4637.69,4642.93,4637.01,4642.17,1479,36,0
2026-08-24 12:05:00,4642.24,4644.53,4640.14,4641.97,1171,35,0
2026-08-24 12:10:00,4641.95,4643.51,4639.47,4641.71,1115,33,0
2026-08-24 12:15:00,4641.71,4641.81,4634.71,4636.5,1291,31,0
2026-08-24 12:20:00,4636.49,4639.02,4636.15,4636.79,1129,31,0
2026-08-24 12:25:00,4636.8,4638.31,4635.28,4635.73,1005,31,0
2026-08-24 12:30:00,4635.73,4640.45,4634.36,4635.17,1488,36,0
2026-08-24 12:35:00,4635.22,4637.05,4632.71,4636.94,1183,34,0
2026-08-24 12:40:00,4636.93,4639.63,4636.17,4639.17,1138,31,0
2026-08-24 12:45:00,4639.15,4644.82,4638.7,4643.87,1211,31,0
2026-08-24 12:50:00,4643.87,4645.24,4641.61,4644.26,894,31,0
2026-08-24 12:55:00,4644.25,4645.89,4643.13,4645.67,850,33,0
2026-08-24 13:00:00,4645.66,4649.65,4645.59,4648.83,1198,35,0
2026-08-24 13:05:00,4648.83,4649.99,4645.75,4647.08,1136,35,0
2026-08-24 13:10:00,4647.12,4649.93,4645.37,4648.14,1238,36,0
2026-08-24 13:15:00,4648.15,4648.42,4646.13,4646.67,982,31,0
2026-08-24 13:20:00,4646.68,4647.28,4642.75,4644.2,1210,31,0
2026-08-24 13:25:00,4644.25,4645.8,4642.24,4643.12,1189,33,0
2026-08-24 13:30:00,4643.12,4645.25,4642.54,4645.08,1116,33,0
2026-08-24 13:35:00,4645.2,4648.93,4642.69,4647.92,1041,31,0
2026-08-24 13:40:00,4647.85,4647.96,4643.74,4643.96,1070,31,0
2026-08-24 13:45:00,4643.97,4645.64,4641.59,4645.64,1137,31,0
2026-08-24 13:50:00,4645.64,4646.92,4644.26,4645.65,1126,31,0
2026-08-24 13:55:00,4645.68,4646.56,4642.22,4643.11,1158,31,0
2026-08-24 14:00:00,4643.11,4646.59,4639.75,4645.84,1599,36,0
2026-08-24 14:05:00,4645.85,4646.42,4639.73,4640.28,1377,33,0
2026-08-24 14:10:00,4640.28,4644.49,4638.89,4642.11,1169,31,0
2026-08-24 14:15:00,4642.11,4645.37,4641.56,4644.74,1014,31,0
2026-08-24 14:20:00,4644.76,4645.76,4640.33,4641.11,1097,31,0
2026-08-24 14:25:00,4641.06,4647.32,4640.51,4646.62,1147,31,0
2026-08-24 14:30:00,4646.45,4652.03,4643.31,4651.44,1867,36,0
2026-08-24 14:35:00,4651.39,4669.86,4650.55,4660.07,3432,36,0
2026-08-24 14:40:00,4660.01,4666.28,4653.59,4658.85,2656,36,0
2026-08-24 14:45:00,4658.85,4661.28,4647.96,4648.49,2137,36,0
2026-08-24 14:50:00,4648.38,4659.46,4648.07,4659.27,1955,36,0
2026-08-24 14:55:00,4659.2,4659.69,4655.32,4657.21,1653,35,0
2026-08-24 15:00:00,4657.21,4658.33,4650.07,4651.92,1942,35,0
2026-08-24 15:05:00,4651.89,4656.06,4649.7,4654.91,1677,35,0
2026-08-24 15:10:00,4655.23,4659.82,4653.7,4656.88,1633,35,0
2026-08-24 15:15:00,4656.78,4657.02,4651.38,4651.38,1586,36,0
2026-08-24 15:20:00,4651.29,4659.15,4651.29,4657.03,2023,36,0
2026-08-24 15:25:00,4657.02,4662.37,4654.67,4661.16,1798,31,0
2026-08-24 15:30:00,4661.16,4661.34,4644.77,4654.19,2258,31,0
2026-08-24 15:35:00,4654.14,4663.64,4654.08,4662.65,1906,35,0
2026-08-24 15:40:00,4662.67,4668.54,4654.85,4657.13,2228,35,0
2026-08-24 15:45:00,4657.13,4661.71,4654.15,4661.69,1673,32,0
2026-08-24 15:50:00,4661.7,4666.91,4660.72,4666.91,1619,31,0
2026-08-24 15:55:00,4666.91,4667.14,4661.31,4662.67,1734,35,0
2026-08-24 16:00:00,4662.51,4670.91,4661.38,4667.05,2655,36,0
2026-08-24 16:05:00,4667.06,4673.79,4666.83,4673.35,2152,36,0
2026-08-24 16:10:00,4673.3,4677.61,4672.88,4677.4,2313,36,0
2026-08-24 16:15:00,4677.39,4677.69,4671.35,4672.1,2063,36,0
2026-08-24 16:20:00,4672.1,4672.49,4667.61,4670.49,2124,35,0
2026-08-24 16:25:00,4670.49,4674.39,4668.15,4671.96,2200,33,0
2026-08-24 16:30:00,4671.98,4679.81,4669.8,4679.46,3508,36,0
2026-08-24 16:35:00,4679.48,4680.65,4666.82,4666.86,3618,36,0
2026-08-24 16:40:00,4666.81,4674.12,4657.5,4657.5,3467,36,0
2026-08-24 16:45:00,4657.34,4678.03,4655.89,4673.83,3288,36,0
2026-08-24 16:50:00,4673.79,4675.85,4658.05,4666.62,3233,36,0
2026-08-24 16:55:00,4666.63,4668.7,4659.17,4664.47,3130,35,0
2026-08-24 17:00:00,4664.25,4667.54,4659.68,4662.85,3322,34,0
2026-08-24 17:05:00,4662.9,4670.39,4662.23,4670.24,3080,31,0
2026-08-24 17:10:00,4670.23,4671.93,4661.84,4665.29,3016,31,0
2026-08-24 17:15:00,4665.29,4666.06,4655.23,4665.35,3215,31,0
2026-08-24 17:20:00,4665.35,4669.79,4664.46,4666.19,2672,31,0
2026-08-24 17:25:00,4666.17,4674.92,4665.63,4671.97,2422,31,0
2026-08-24 17:30:00,4672.04,4677.25,4670.5,4676.87,2449,31,0
2026-08-24 17:35:00,4676.86,4678.66,4674.53,4675.82,2258,35,0
2026-08-24 17:40:00,4675.8,4677.82,4669.8,4671.94,2223,35,0
2026-08-24 17:45:00,4671.94,4673.18,4664.8,4665.73,2117,35,0
2026-08-24 17:50:00,4665.73,4668.35,4656.77,4668.24,2632,36,0
2026-08-24 17:55:00,4668.24,4675.65,4666.96,4670.37,2446,31,0
2026-08-24 18:00:00,4670.37,4676.41,4665.28,4675.31,2633,31,0
2026-08-24 18:05:00,4675.42,4676.45,4672.72,4673.6,2187,31,0
2026-08-24 18:10:00,4673.61,4674.97,4671.02,4672.94,1893,31,0
2026-08-24 18:15:00,4672.89,4673.64,4669.71,4673.11,1932,34,0
2026-08-24 18:20:00,4673.09,4673.33,4668.16,4670.36,1849,31,0
2026-08-24 18:25:00,4670.33,4679.55,4669.16,4676.0,2393,31,0
2026-08-24 18:30:00,4676.01,4677.17,4669.92,4672.42,2507,35,0
2026-08-24 18:35:00,4672.42,4674.53,4667.44,4668.31,2082,34,0
2026-08-24 18:40:00,4668.32,4668.37,4659.58,4660.16,2505,36,0
2026-08-24 18:45:00,4660.14,4662.92,4645.3,4646.83,2852,36,0
2026-08-24 18:50:00,4646.85,4655.38,4646.68,4652.77,2325,34,0
2026-08-24 18:55:00,4652.76,4652.86,4639.3,4649.16,2674,34,0
2026-08-24 19:00:00,4649.14,4661.39,4646.29,4658.89,2806,36,0
2026-08-24 19:05:00,4658.89,4661.78,4653.96,4654.41,1899,35,0
2026-08-24 19:10:00,4654.41,4657.83,4653.6,4657.26,1720,35,0
2026-08-24 19:15:00,4657.26,4660.25,4655.82,4658.51,1668,36,0
2026-08-24 19:20:00,4658.51,4659.13,4656.01,4656.35,1497,36,0
2026-08-24 19:25:00,4656.33,4659.13,4655.89,4658.71,1460,36,0
2026-08-24 19:30:00,4658.7,4661.23,4658.62,4660.37,1478,36,0
2026-08-24 19:35:00,4660.35,4662.08,4659.08,4659.48,1271,36,0
2026-08-24 19:40:00,4659.48,4661.27,4658.31,4659.48,1120,36,0
2026-08-24 19:45:00,4659.47,4659.91,4655.23,4657.4,1491,36,0
2026-08-24 19:50:00,4657.4,4657.69,4651.09,4652.1,1683,36,0
2026-08-24 19:55:00,4652.07,4652.08,4642.01,4644.69,2186,36,0
2026-08-24 20:00:00,4644.69,4647.46,4641.55,4645.79,2275,36,0
2026-08-24 20:05:00,4645.81,4654.87,4643.69,4651.86,2443,36,0
2026-08-24 20:10:00,4651.84,4654.41,4649.37,4651.43,2122,36,0
2026-08-24 20:15:00,4651.43,4653.86,4647.45,4647.99,2189,36,0
2026-08-24 20:20:00,4647.98,4647.98,4630.04,4636.28,3270,36,0
2026-08-24 20:25:00,4636.28,4644.96,4632.8,4637.88,2441,36,0
2026-08-24 20:30:00,4637.88,4640.84,4635.32,4637.2,2217,36,0
2026-08-24 20:35:00,4637.2,4642.86,4636.61,4641.08,1997,34,0
2026-08-24 20:40:00,4641.1,4642.08,4638.32,4638.61,1580,32,0
2026-08-24 20:45:00,4638.58,4639.01,4632.52,4632.52,1523,34,0
2026-08-24 20:50:00,4632.79,4638.5,4632.71,4633.82,1701,36,0
2026-08-24 20:55:00,4633.8,4637.33,4632.84,4636.3,1652,35,0
2026-08-24 21:00:00,4636.3,4640.5,4635.03,4639.9,1803,36,0
2026-08-24 21:05:00,4639.9,4639.9,4624.76,4631.93,2015,36,0
2026-08-24 21:10:00,4631.92,4634.66,4629.92,4631.91,1783,36,0
2026-08-24 21:15:00,4631.91,4634.13,4627.43,4628.23,1818,36,0
2026-08-24 21:20:00,4628.23,4636.5,4627.02,4636.11,1702,34,0
2026-08-24 21:25:00,4636.1,4642.03,4636.1,4640.31,1728,34,0
2026-08-24 21:30:00,4640.36,4641.63,4631.57,4632.0,1740,35,0
2026-08-24 21:35:00,4631.99,4632.93,4625.09,4629.99,2132,36,0
2026-08-24 21:40:00,4629.93,4635.56,4629.93,4634.78,1554,31,0
2026-08-24 21:45:00,4634.79,4635.26,4631.33,4633.15,1590,31,0
2026-08-24 21:50:00,4633.14,4635.13,4632.87,4633.87,1412,31,0
2026-08-24 21:55:00,4633.86,4637.43,4633.72,4636.45,1440,32,0
2026-08-24 22:00:00,4636.65,4640.48,4636.12,4638.87,1378,36,0
2026-08-24 22:05:00,4639.02,4640.3,4636.18,4638.48,1267,36,0
2026-08-24 22:10:00,4638.46,4638.7,4635.8,4636.09,1310,36,0
2026-08-24 22:15:00,4636.09,4642.75,4635.74,4642.65,1331,34,0
2026-08-24 22:20:00,4642.65,4644.85,4641.66,4642.46,1277,36,0
2026-08-24 22:25:00,4642.48,4642.82,4639.94,4641.32,1314,36,0
2026-08-24 22:30:00,4641.3,4642.3,4640.06,4640.94,1702,35,0
2026-08-24 22:35:00,4640.94,4646.07,4640.59,4644.67,1666,36,0
2026-08-24 22:40:00,4644.75,4650.6,4644.55,4649.9,1799,36,0
2026-08-24 22:45:00,4649.93,4654.96,4649.75,4654.84,1850,36,0
2026-08-24 22:50:00,4654.84,4655.96,4650.97,4652.74,1825,36,0
2026-08-24 22:55:00,4652.71,4653.88,4650.11,4651.69,2099,36,0
2026-08-24 23:00:00,4651.69,4655.06,4650.08,4654.19,1020,31,0
2026-08-24 23:05:00,4654.19,4654.73,4653.37,4653.89,524,31,0
2026-08-24 23:10:00,4653.91,4655.18,4650.24,4650.41,627,31,0
2026-08-24 23:15:00,4650.38,4653.59,4650.34,4651.55,522,31,0
2026-08-24 23:20:00,4651.55,4652.43,4650.49,4650.49,518,31,0
2026-08-24 23:25:00,4650.49,4650.54,4648.88,4649.24,358,31,0
2026-08-24 23:30:00,4649.24,4649.95,4648.45,4648.75,382,31,0
2026-08-24 23:35:00,4648.75,4649.33,4648.06,4648.36,382,31,0
2026-08-24 23:40:00,4648.38,4648.55,4647.17,4648.19,309,44,0
2026-08-24 23:45:00,4648.17,4650.74,4647.01,4650.08,558,44,0
2026-08-24 23:50:00,4650.08,4650.08,4647.57,4649.87,435,44,0
2026-08-24 23:55:00,4649.87,4651.07,4648.31,4650.89,338,374,0
2026-08-25 01:05:00,4654.34,4659.19,4653.7,4657.37,848,368,0
2026-08-25 01:10:00,4657.37,4659.76,4657.37,4658.68,502,38,0
2026-08-25 01:15:00,4658.69,4659.43,4657.85,4657.85,380,38,0
2026-08-25 01:20:00,4657.9,4658.77,4657.38,4658.36,430,38,0
2026-08-25 01:25:00,4658.36,4658.36,4656.77,4657.7,330,38,0
2026-08-25 01:30:00,4657.68,4659.09,4657.21,4659.08,392,38,0
2026-08-25 01:35:00,4659.07,4661.06,4658.83,4660.49,324,38,0
2026-08-25 01:40:00,4660.49,4661.47,4660.21,4661.36,298,38,0
2026-08-25 01:45:00,4661.36,4662.39,4660.8,4662.39,293,38,0
2026-08-25 01:50:00,4662.42,4664.91,4662.25,4664.59,452,37,0
2026-08-25 01:55:00,4664.59,4668.33,4663.93,4667.83,462,37,0
2026-08-25 02:00:00,4667.83,4669.38,4667.83,4668.32,506,36,0
2026-08-25 02:05:00,4668.31,4669.38,4666.82,4669.23,507,37,0
2026-08-25 02:10:00,4669.23,4672.22,4668.88,4672.17,571,36,0
2026-08-25 02:15:00,4672.17,4676.87,4672.17,4674.81,784,36,0
2026-08-25 02:20:00,4674.81,4675.41,4673.6,4674.68,551,36,0
2026-08-25 02:25:00,4674.68,4674.73,4669.17,4669.28,721,35,0
2026-08-25 02:30:00,4669.26,4673.0,4667.72,4672.42,802,36,0
2026-08-25 02:35:00,4672.42,4676.94,4670.91,4675.13,704,35,0
2026-08-25 02:40:00,4675.13,4676.89,4675.12,4676.52,903,35,0
2026-08-25 02:45:00,4676.52,4677.63,4675.08,4677.24,1253,36,0
2026-08-25 02:50:00,4677.39,4682.59,4676.96,4679.23,1435,37,0
2026-08-25 02:55:00,4679.23,4680.72,4677.86,4680.42,1113,36,0
2026-08-25 03:00:00,4680.45,4689.02,4676.69,4677.0,2529,38,0
2026-08-25 03:05:00,4677.02,4687.35,4675.39,4681.68,2277,38,0
2026-08-25 03:10:00,4681.68,4691.19,4679.87,4690.45,1875,37,0
2026-08-25 03:15:00,4690.46,4691.14,4681.05,4681.85,2072,36,0
2026-08-25 03:20:00,4681.84,4682.68,4679.1,4679.66,1703,35,0
2026-08-25 03:25:00,4679.65,4683.57,4676.53,4682.11,1811,35,0
2026-08-25 03:30:00,4682.05,4692.8,4681.78,4688.61,2172,38,0
2026-08-25 03:35:00,4688.61,4695.93,4687.82,4695.26,1728,35,0
2026-08-25 03:40:00,4695.26,4696.84,4692.21,4693.76,1718,35,0
2026-08-25 03:45:00,4693.66,4694.61,4687.02,4692.02,1982,35,0
2026-08-25 03:50:00,4692.02,4693.2,4687.09,4687.41,1664,35,0
2026-08-25 03:55:00,4687.4,4688.64,4682.73,4683.41,1387,35,0
2026-08-25 04:00:00,4683.35,4685.11,4669.74,4675.68,3097,38,0
2026-08-25 04:05:00,4675.65,4679.15,4669.65,4677.44,2353,37,0
2026-08-25 04:10:00,4677.63,4678.63,4673.43,4676.79,2177,36,0
2026-08-25 04:15:00,4676.79,4678.71,4671.83,4676.47,2261,35,0
2026-08-25 04:20:00,4676.47,4676.74,4664.98,4665.72,2266,35,0
2026-08-25 04:25:00,4665.71,4671.59,4662.91,4668.49,2063,36,0
2026-08-25 04:30:00,4668.49,4673.61,4665.93,4667.14,2280,35,0
2026-08-25 04:35:00,4667.15,4673.52,4665.75,4667.32,2011,35,0
2026-08-25 04:40:00,4667.32,4672.65,4666.57,4670.15,2206,35,0
2026-08-25 04:45:00,4670.17,4675.47,4664.8,4674.4,2119,35,0
2026-08-25 04:50:00,4674.33,4674.66,4663.44,4664.96,2235,35,0
2026-08-25 04:55:00,4664.96,4665.04,4656.35,4657.61,2206,35,0
2026-08-25 05:00:00,4657.67,4661.12,4649.96,4650.98,2747,35,0
2026-08-25 05:05:00,4650.94,4651.11,4639.28,4644.3,3074,38,0
2026-08-25 05:10:00,4644.31,4645.41,4638.05,4641.42,2485,36,0
2026-08-25 05:15:00,4641.45,4649.71,4640.67,4649.33,1884,35,0
2026-08-25 05:20:00,4649.32,4655.33,4649.26,4654.09,1643,35,0
2026-08-25 05:25:00,4654.13,4656.54,4652.4,4655.86,1576,35,0
2026-08-25 05:30:00,4655.57,4656.21,4642.4,4645.89,2840,36,0
2026-08-25 05:35:00,4645.88,4646.94,4639.35,4643.05,2126,37,0
2026-08-25 05:40:00,4643.06,4647.02,4630.63,4630.67,2296,35,0
2026-08-25 05:45:00,4630.82,4637.13,4629.96,4632.75,2507,37,0
2026-08-25 05:50:00,4632.74,4636.22,4615.36,4626.06,2701,37,0
2026-08-25 05:55:00,4626.05,4629.64,4620.72,4629.38,2478,37,0
2026-08-25 06:00:00,4629.42,4631.29,4622.04,4623.75,2429,36,0
2026-08-25 06:05:00,4623.73,4637.7,4622.53,4634.72,2209,35,0
2026-08-25 06:10:00,4634.77,4637.71,4631.69,4634.02,1981,36,0
2026-08-25 06:15:00,4634.03,4636.84,4631.87,4635.23,1839,37,0
2026-08-25 06:20:00,4635.23,4636.9,4632.36,4634.87,1687,37,0
2026-08-25 06:25:00,4634.89,4638.18,4634.59,4637.28,1692,37,0
2026-08-25 06:30:00,4637.28,4641.05,4635.92,4640.1,1205,37,0
2026-08-25 06:35:00,4640.11,4641.06,4634.47,4635.55,1101,37,0
2026-08-25 06:40:00,4635.54,4637.16,4633.85,4634.21,1177,37,0
2026-08-25 06:45:00,4634.01,4635.11,4631.44,4633.16,1285,38,0
2026-08-25 06:50:00,4633.13,4634.57,4631.55,4632.94,1114,36,0
2026-08-25 06:55:00,4632.92,4635.65,4632.12,4633.46,1167,36,0
2026-08-25 07:00:00,4633.45,4635.48,4630.69,4634.82,1351,35,0
2026-08-25 07:05:00,4634.82,4636.25,4634.03,4636.15,931,35,0
2026-08-25 07:10:00,4636.14,4637.51,4634.99,4636.88,969,36,0
2026-08-25 07:15:00,4636.88,4637.0,4633.24,4634.35,997,37,0
2026-08-25 07:20:00,4634.35,4635.42,4630.85,4632.67,1096,38,0
2026-08-25 07:25:00,4632.66,4632.66,4628.72,4630.64,1069,35,0
2026-08-25 07:30:00,4630.67,4632.5,4626.0,4629.5,1449,35,0
2026-08-25 07:35:00,4629.51,4631.0,4626.04,4626.91,1275,36,0
2026-08-25 07:40:00,4626.91,4627.13,4623.38,4625.44,1437,36,0
2026-08-25 07:45:00,4625.45,4626.33,4624.09,4625.82,1391,36,0
2026-08-25 07:50:00,4625.81,4628.38,4623.66,4626.55,1379,36,0
2026-08-25 07:55:00,4626.55,4627.0,4625.14,4625.27,1238,35,0
2026-08-25 08:00:00,4625.32,4628.74,4623.56,4628.63,1580,37,0
2026-08-25 08:05:00,4628.63,4638.49,4628.63,4635.36,1512,38,0
2026-08-25 08:10:00,4635.39,4638.72,4635.37,4637.48,1227,35,0
2026-08-25 08:15:00,4637.49,4644.14,4637.49,4644.14,1232,35,0
2026-08-25 08:20:00,4644.15,4645.78,4642.8,4643.96,1192,35,0
2026-08-25 08:25:00,4643.96,4647.64,4642.67,4646.12,1218,35,0
2026-08-25 08:30:00,4646.06,4646.76,4639.07,4642.63,2225,37,0
2026-08-25 08:35:00,4642.38,4646.22,4641.82,4642.78,1657,36,0
2026-08-25 08:40:00,4642.7,4643.05,4637.74,4638.65,1868,36,0
2026-08-25 08:45:00,4638.66,4642.11,4635.65,4639.25,1743,36,0
2026-08-25 08:50:00,4639.24,4643.64,4636.68,4643.64,1719,36,0
2026-08-25 08:55:00,4643.68,4645.71,4641.32,4642.65,1621,31,0
2026-08-25 09:00:00,4642.66,4646.05,4641.08,4645.18,1864,31,0
2026-08-25 09:05:00,4645.19,4648.23,4643.71,4647.81,1553,31,0
2026-08-25 09:10:00,4647.81,4650.19,4647.69,4649.51,1590,31,0
2026-08-25 09:15:00,4649.51,4649.52,4646.42,4647.33,1253,33,0
2026-08-25 09:20:00,4647.35,4651.8,4645.3,4651.23,1494,35,0
2026-08-25 09:25:00,4651.24,4653.11,4649.64,4649.86,1392,34,0
2026-08-25 09:30:00,4649.85,4653.21,4648.5,4651.18,1424,34,0
2026-08-25 09:35:00,4651.19,4652.41,4648.05,4649.55,1621,35,0
2026-08-25 09:40:00,4649.55,4652.43,4647.54,4647.73,1474,33,0
2026-08-25 09:45:00,4647.74,4649.11,4646.32,4647.63,1231,34,0
2026-08-25 09:50:00,4647.63,4648.05,4640.84,4641.39,1455,33,0
2026-08-25 09:55:00,4641.45,4641.72,4636.99,4637.99,1427,36,0
2026-08-25 10:00:00,4638.11,4640.54,4636.71,4639.72,1715,36,0
2026-08-25 10:05:00,4639.73,4641.68,4636.25,4640.78,1636,36,0
2026-08-25 10:10:00,4640.69,4641.51,4637.5,4639.57,1329,34,0
2026-08-25 10:15:00,4639.57,4642.58,4637.74,4640.58,1480,33,0
2026-08-25 10:20:00,4640.57,4643.52,4639.21,4640.51,1144,31,0
2026-08-25 10:25:00,4640.51,4640.86,4634.08,4634.46,1266,33,0
2026-08-25 10:30:00,4634.47,4638.75,4633.97,4634.9,1222,35,0
2026-08-25 10:35:00,4634.9,4636.52,4633.53,4636.43,1300,31,0
2026-08-25 10:40:00,4636.43,4639.92,4635.04,4639.43,1084,31,0
2026-08-25 10:45:00,4639.5,4640.42,4634.29,4635.64,1076,31,0
2026-08-25 10:50:00,4635.59,4636.76,4630.96,4631.39,1423,31,0
2026-08-25 10:55:00,4631.38,4631.39,4629.48,4629.48,1206,31,0
2026-08-25 11:00:00,4629.46,4630.99,4625.08,4625.52,2071,34,0
2026-08-25 11:05:00,4625.49,4628.73,4619.97,4623.52,1756,36,0
2026-08-25 11:10:00,4623.5,4626.4,4622.65,4626.4,1431,35,0
2026-08-25 11:15:00,4626.24,4630.02,4625.64,4627.94,1330,34,0
2026-08-25 11:20:00,4627.94,4645.06,4626.59,4643.02,2170,33,0
2026-08-25 11:25:00,4643.03,4643.28,4631.65,4632.72,2131,36,0
2026-08-25 11:30:00,4632.77,4635.05,4631.56,4634.48,1920,36,0
2026-08-25 11:35:00,4634.45,4634.45,4629.02,4629.79,1702,36,0
2026-08-25 11:40:00,4629.78,4631.85,4625.61,4631.54,1472,35,0
2026-08-25 11:45:00,4631.59,4633.37,4627.23,4627.82,1291,36,0
2026-08-25 11:50:00,4627.97,4628.07,4624.89,4626.48,1345,36,0
2026-08-25 11:55:00,4626.48,4630.24,4625.97,4629.8,1391,36,0
2026-08-25 12:00:00,4629.8,4629.8,4624.49,4626.04,1727,36,0
2026-08-25 12:05:00,4626.02,4632.95,4624.63,4632.53,1676,36,0
2026-08-25 12:10:00,4632.53,4632.62,4628.92,4630.16,1437,35,0
2026-08-25 12:15:00,4630.13,4633.08,4629.68,4631.14,1532,36,0
2026-08-25 12:20:00,4631.06,4631.88,4629.16,4629.47,1406,33,0
2026-08-25 12:25:00,4629.47,4629.48,4625.4,4626.19,1301,32,0
2026-08-25 12:30:00,4626.25,4639.11,4623.77,4636.18,2008,36,0
2026-08-25 12:35:00,4636.15,4636.46,4629.35,4630.15,2016,36,0
2026-08-25 12:40:00,4630.16,4638.75,4629.27,4636.85,1722,36,0
2026-08-25 12:45:00,4636.85,4640.39,4636.22,4640.39,1511,36,0
2026-08-25 12:50:00,4640.39,4642.16,4637.78,4637.9,1589,36,0
2026-08-25 12:55:00,4637.87,4640.18,4635.64,4636.06,1593,36,0
2026-08-25 13:00:00,4636.02,4636.86,4632.89,4634.17,1342,34,0
2026-08-25 13:05:00,4634.17,4636.35,4633.22,4634.98,1263,34,0
2026-08-25 13:10:00,4634.97,4638.16,4633.16,4635.05,1094,35,0
2026-08-25 13:15:00,4635.06,4638.57,4634.63,4636.9,1001,36,0
2026-08-25 13:20:00,4636.78,4638.03,4635.03,4635.09,994,36,0
2026-08-25 13:25:00,4635.09,4637.24,4632.75,4633.64,1058,36,0
2026-08-25 13:30:00,4633.63,4636.62,4632.23,4635.21,1225,36,0
2026-08-25 13:35:00,4635.15,4638.01,4633.46,4637.46,936,35,0
2026-08-25 13:40:00,4637.46,4640.67,4636.83,4637.53,998,35,0
2026-08-25 13:45:00,4637.5,4640.67,4637.05,4637.92,959,33,0
2026-08-25 13:50:00,4637.96,4641.66,4636.74,4640.94,955,31,0
2026-08-25 13:55:00,4640.94,4642.04,4638.76,4638.87,975,31,0
2026-08-25 14:00:00,4638.87,4640.43,4637.41,4639.97,1219,31,0
2026-08-25 14:05:00,4639.97,4642.99,4636.37,4640.36,1242,32,0
2026-08-25 14:10:00,4640.19,4642.61,4639.06,4642.59,1223,36,0
2026-08-25 14:15:00,4642.61,4644.81,4641.18,4643.71,1210,35,0
2026-08-25 14:20:00,4643.62,4644.41,4640.47,4642.1,1053,34,0
2026-08-25 14:25:00,4642.11,4642.44,4638.85,4641.26,1046,34,0
2026-08-25 14:30:00,4641.28,4644.28,4640.33,4642.73,1268,35,0
2026-08-25 14:35:00,4642.73,4644.38,4641.69,4644.27,1072,34,0
2026-08-25 14:40:00,4644.26,4644.76,4639.96,4640.24,1168,31,0
2026-08-25 14:45:00,4640.24,4645.62,4640.21,4644.33,1204,32,0
2026-08-25 14:50:00,4644.33,4646.98,4641.16,4643.41,1433,35,0
2026-08-25 14:55:00,4643.4,4644.54,4641.46,4642.0,1147,31,0
2026-08-25 15:00:00,4641.97,4641.97,4634.38,4635.89,1621,31,0
2026-08-25 15:05:00,4636.02,4637.94,4635.01,4636.67,1367,35,0
2026-08-25 15:10:00,4636.67,4641.57,4635.69,4638.66,1470,33,0
2026-08-25 15:15:00,4638.69,4638.77,4632.67,4635.2,1394,33,0
2026-08-25 15:20:00,4635.21,4638.94,4631.46,4633.28,1417,34,0
2026-08-25 15:25:00,4633.3,4637.1,4632.62,4636.94,1357,35,0
2026-08-25 15:30:00,4636.89,4637.23,4632.3,4632.55,1714,31,0
2026-08-25 15:35:00,4632.58,4634.31,4630.09,4630.11,1384,31,0
2026-08-25 15:40:00,4630.11,4640.13,4629.64,4637.84,1692,31,0
2026-08-25 15:45:00,4637.84,4642.11,4636.88,4639.89,1414,31,0
2026-08-25 15:50:00,4639.89,4643.78,4639.4,4640.31,1319,31,0
2026-08-25 15:55:00,4640.31,4640.78,4638.06,4640.47,1170,31,0
2026-08-25 16:00:00,4640.45,4640.77,4629.62,4633.89,2559,31,0
2026-08-25 16:05:00,4633.9,4635.68,4627.64,4630.42,2128,36,0
2026-08-25 16:10:00,4630.42,4633.31,4622.41,4622.47,2607,36,0
2026-08-25 16:15:00,4622.43,4627.54,4619.46,4625.51,2306,34,0
2026-08-25 16:20:00,4625.52,4625.77,4612.11,4614.08,2487,35,0
2026-08-25 16:25:00,4614.14,4617.78,4608.34,4610.45,2558,36,0
2026-08-25 16:30:00,4610.51,4623.17,4608.76,4621.44,3114,35,0
2026-08-25 16:35:00,4621.38,4621.43,4609.45,4615.78,3128,36,0
2026-08-25 16:40:00,4615.79,4621.31,4610.83,4612.86,3079,32,0
2026-08-25 16:45:00,4612.86,4615.12,4605.26,4606.8,2962,32,0
2026-08-25 16:50:00,4606.72,4612.07,4605.63,4607.11,3005,34,0
2026-08-25 16:55:00,4607.12,4617.6,4605.7,4615.44,2457,31,0
2026-08-25 17:00:00,4615.44,4621.32,4613.49,4618.71,2802,31,0
2026-08-25 17:05:00,4618.66,4624.9,4617.92,4622.97,2604,31,0
2026-08-25 17:10:00,4622.96,4626.48,4621.84,4622.82,2421,31,0
2026-08-25 17:15:00,4622.81,4624.9,4619.15,4619.25,2517,31,0
2026-08-25 17:20:00,4619.23,4625.97,4618.42,4625.68,2538,31,0
2026-08-25 17:25:00,4625.7,4628.16,4623.24,4623.72,2117,31,0
2026-08-25 17:30:00,4623.67,4631.38,4611.72,4629.82,2771,33,0
2026-08-25 17:35:00,4629.82,4637.17,4629.46,4636.63,2223,33,0
2026-08-25 17:40:00,4636.63,4638.04,4631.11,4637.04,2327,35,0
2026-08-25 17:45:00,4637.0,4639.93,4635.46,4636.64,2076,34,0
2026-08-25 17:50:00,4636.68,4638.22,4632.71,4634.99,1952,36,0
2026-08-25 17:55:00,4635.0,4637.29,4633.02,4635.94,1864,36,0
2026-08-25 18:00:00,4636.03,4637.25,4630.64,4632.2,2264,36,0
2026-08-25 18:05:00,4632.32,4633.94,4630.22,4632.43,2093,36,0
2026-08-25 18:10:00,4632.43,4635.26,4630.49,4633.29,1874,36,0
2026-08-25 18:15:00,4633.3,4639.39,4629.4,4638.81,2214,34,0
2026-08-25 18:20:00,4638.82,4644.66,4638.71,4640.53,1967,31,0
2026-08-25 18:25:00,4640.49,4643.28,4637.03,4640.16,1752,31,0
2026-08-25 18:30:00,4640.2,4651.14,4640.17,4648.82,2375,34,0
2026-08-25 18:35:00,4648.85,4658.27,4648.14,4655.85,3092,36,0
2026-08-25 18:40:00,4655.85,4659.36,4654.47,4656.27,2396,35,0
2026-08-25 18:45:00,4656.27,4657.18,4650.91,4651.5,2117,34,0
2026-08-25 18:50:00,4651.49,4652.28,4648.93,4650.45,1971,33,0
2026-08-25 18:55:00,4650.45,4653.83,4648.75,4652.35,1806,34,0
2026-08-25 19:00:00,4652.36,4653.12,4647.61,4647.97,2001,34,0
2026-08-25 19:05:00,4647.97,4649.09,4644.69,4644.74,1614,36,0
2026-08-25 19:10:00,4644.78,4645.85,4642.64,4644.44,1645,36,0
2026-08-25 19:15:00,4644.44,4647.01,4641.63,4642.93,1787,36,0
2026-08-25 19:20:00,4642.91,4643.25,4637.74,4639.97,1640,36,0
2026-08-25 19:25:00,4640.0,4642.35,4639.01,4639.29,1413,34,0
2026-08-25 19:30:00,4639.27,4641.98,4637.97,4638.18,1729,35,0
2026-08-25 19:35:00,4638.19,4645.2,4636.84,4644.21,1480,32,0
2026-08-25 19:40:00,4644.26,4644.84,4642.68,4643.76,1261,31,0
2026-08-25 19:45:00,4643.75,4645.92,4641.52,4644.85,1488,31,0
2026-08-25 19:50:00,4644.85,4646.23,4643.34,4643.48,1138,33,0
2026-08-25 19:55:00,4643.52,4644.85,4640.15,4643.33,1379,33,0
2026-08-25 20:00:00,4643.31,4643.49,4638.29,4640.13,1654,36,0
2026-08-25 20:05:00,4640.15,4640.16,4634.93,4635.78,1459,36,0
2026-08-25 20:10:00,4635.78,4639.63,4633.76,4637.67,1500,35,0
2026-08-25 20:15:00,4637.65,4642.6,4634.13,4642.39,1356,34,0
2026-08-25 20:20:00,4642.57,4644.76,4637.75,4638.98,1426,31,0
2026-08-25 20:25:00,4638.98,4640.86,4635.9,4637.15,1738,33,0
2026-08-25 20:30:00,4637.16,4639.29,4636.06,4637.94,1400,36,0
2026-08-25 20:35:00,4637.74,4642.83,4637.7,4642.57,1270,31,0
2026-08-25 20:40:00,4642.58,4644.38,4640.76,4642.68,1247,31,0
2026-08-25 20:45:00,4642.74,4646.5,4642.5,4645.83,1229,31,0
2026-08-25 20:50:00,4645.83,4645.88,4642.46,4644.61,975,31,0
2026-08-25 20:55:00,4644.61,4648.26,4644.57,4648.18,1008,32,0
2026-08-25 21:00:00,4648.17,4648.17,4644.24,4644.5,1241,36,0
2026-08-25 21:05:00,4644.56,4647.53,4643.98,4646.04,1108,36,0
2026-08-25 21:10:00,4646.04,4650.03,4645.75,4646.83,1001,35,0
2026-08-25 21:15:00,4646.83,4648.76,4646.04,4648.72,936,33,0
2026-08-25 21:20:00,4648.72,4649.28,4647.98,4648.72,934,34,0
2026-08-25 21:25:00,4648.96,4650.35,4648.59,4649.68,931,34,0
2026-08-25 21:30:00,4649.67,4649.75,4646.04,4647.24,961,34,0
2026-08-25 21:35:00,4647.25,4648.32,4645.72,4647.83,941,36,0
2026-08-25 21:40:00,4647.84,4650.13,4647.53,4649.01,919,35,0
2026-08-25 21:45:00,4649.01,4651.92,4648.96,4651.06,965,36,0
2026-08-25 21:50:00,4651.06,4651.12,4649.61,4650.69,848,31,0
2026-08-25 21:55:00,4650.68,4654.8,4650.59,4654.31,992,31,0
2026-08-25 22:00:00,4654.32,4657.71,4653.23,4653.77,1315,36,0
2026-08-25 22:05:00,4653.78,4660.05,4653.45,4658.9,1233,36,0
2026-08-25 22:10:00,4658.9,4662.94,4658.89,4661.85,1357,36,0
2026-08-25 22:15:00,4661.85,4667.95,4661.68,4666.38,1461,36,0
2026-08-25 22:20:00,4666.38,4666.85,4662.96,4664.06,1309,36,0
2026-08-25 22:25:00,4664.06,4664.16,4659.87,4660.79,1077,35,0
2026-08-25 22:30:00,4660.78,4661.65,4658.52,4658.87,1168,35,0
2026-08-25 22:35:00,4658.82,4660.23,4657.78,4659.28,1192,35,0
2026-08-25 22:40:00,4659.28,4664.52,4659.06,4661.82,1355,33,0
2026-08-25 22:45:00,4661.82,4664.6,4660.22,4664.32,1273,33,0
2026-08-25 22:50:00,4664.3,4667.31,4661.78,4664.55,1792,36,0
2026-08-25 22:55:00,4664.54,4667.33,4660.84,4666.84,2008,36,0
2026-08-25 23:00:00,4666.8,4667.37,4664.31,4665.08,1105,32,0
2026-08-25 23:05:00,4665.08,4668.3,4662.7,4668.26,1044,32,0
2026-08-25 23:10:00,4668.28,4668.84,4665.47,4665.47,1046,32,0
2026-08-25 23:15:00,4665.46,4666.48,4664.79,4665.93,848,31,0
2026-08-25 23:20:00,4665.85,4667.49,4665.58,4666.1,790,31,0
2026-08-25 23:25:00,4666.13,4666.14,4661.82,4662.23,877,34,0
2026-08-25 23:30:00,4662.23,4663.94,4661.25,4661.7,846,35,0
2026-08-25 23:35:00,4661.69,4662.35,4661.13,4661.36,641,32,0
2026-08-25 23:40:00,4661.35,4661.77,4659.95,4661.3,619,44,0
2026-08-25 23:45:00,4661.3,4661.97,4660.48,4660.6,641,44,0
2026-08-25 23:50:00,4660.6,4660.6,4657.87,4658.14,626,44,0
2026-08-25 23:55:00,4658.12,4658.6,4656.11,4657.19,564,374,0
2026-08-26 01:05:00,4660.05,4660.47,4658.88,4659.92,434,368,0
2026-08-26 01:10:00,4659.91,4664.66,4659.89,4664.4,462,38,0
2026-08-26 01:15:00,4664.37,4666.54,4664.37,4666.47,411,38,0
2026-08-26 01:20:00,4666.5,4666.54,4664.89,4666.38,320,38,0
2026-08-26 01:25:00,4666.39,4666.86,4665.19,4666.76,306,38,0
2026-08-26 01:30:00,4666.79,4669.3,4666.74,4669.18,486,38,0
2026-08-26 01:35:00,4668.85,4670.68,4666.99,4670.06,627,38,0
2026-08-26 01:40:00,4670.07,4670.18,4668.8,4669.78,379,38,0
2026-08-26 01:45:00,4669.75,4672.5,4669.67,4672.0,462,38,0
2026-08-26 01:50:00,4672.01,4673.52,4672.01,4672.3,440,38,0
2026-08-26 01:55:00,4672.3,4673.27,4672.28,4672.54,401,37,0
2026-08-26 02:00:00,4672.54,4673.38,4670.28,4672.03,634,38,0
2026-08-26 02:05:00,4672.03,4672.41,4669.08,4669.12,628,38,0
2026-08-26 02:10:00,4669.12,4669.81,4667.14,4667.97,587,35,0
2026-08-26 02:15:00,4667.97,4668.04,4666.43,4667.24,393,35,0
2026-08-26 02:20:00,4667.22,4667.22,4661.57,4661.78,787,35,0
2026-08-26 02:25:00,4661.77,4661.78,4660.18,4660.89,628,35,0
2026-08-26 02:30:00,4660.9,4661.23,4658.36,4660.12,670,35,0
2026-08-26 02:35:00,4660.13,4660.61,4658.92,4658.96,421,35,0
2026-08-26 02:40:00,4658.96,4659.55,4655.5,4655.87,862,35,0
2026-08-26 02:45:00,4655.85,4658.56,4654.98,4655.67,1186,38,0
2026-08-26 02:50:00,4655.64,4656.65,4653.77,4654.45,983,38,0
2026-08-26 02:55:00,4654.47,4655.14,4652.9,4654.07,917,35,0
2026-08-26 03:00:00,4653.91,4657.52,4651.27,4651.95,1920,38,0
2026-08-26 03:05:00,4651.99,4653.73,4651.24,4653.34,1531,37,0
2026-08-26 03:10:00,4653.33,4654.27,4650.46,4650.85,1205,37,0
2026-08-26 03:15:00,4650.83,4654.53,4650.02,4650.79,1246,37,0
2026-08-26 03:20:00,4650.79,4651.08,4644.77,4645.39,1245,36,0
2026-08-26 03:25:00,4645.39,4647.28,4642.87,4646.43,1174,37,0
2026-08-26 03:30:00,4646.47,4649.77,4643.4,4644.7,1408,36,0
2026-08-26 03:35:00,4644.73,4644.98,4638.4,4639.67,1412,37,0
2026-08-26 03:40:00,4639.66,4639.89,4636.16,4636.81,1352,35,0
2026-08-26 03:45:00,4636.81,4638.24,4635.94,4638.24,1485,35,0
2026-08-26 03:50:00,4638.18,4638.67,4634.22,4635.9,1365,35,0
2026-08-26 03:55:00,4635.91,4638.64,4635.57,4636.04,1173,35,0
2026-08-26 04:00:00,4636.12,4646.17,4628.87,4645.77,2614,38,0
2026-08-26 04:05:00,4645.79,4647.6,4640.73,4644.27,2022,37,0
2026-08-26 04:10:00,4644.26,4646.18,4640.69,4643.9,1734,36,0
2026-08-26 04:15:00,4643.9,4650.16,4643.9,4645.04,1709,36,0
2026-08-26 04:20:00,4645.03,4648.91,4643.97,4644.07,1701,37,0
2026-08-26 04:25:00,4644.07,4647.6,4642.75,4643.3,1569,37,0
2026-08-26 04:30:00,4643.48,4645.13,4638.8,4639.44,2293,38,0
2026-08-26 04:35:00,4639.44,4646.69,4639.17,4645.43,1924,36,0
2026-08-26 04:40:00,4645.43,4646.97,4639.74,4644.61,1753,36,0
2026-08-26 04:45:00,4644.64,4650.94,4642.96,4650.94,1801,35,0
2026-08-26 04:50:00,4650.94,4653.65,4650.41,4651.88,1895,35,0
2026-08-26 04:55:00,4651.86,4660.84,4651.57,4657.21,1845,35,0
2026-08-26 05:00:00,4657.22,4660.44,4654.95,4659.64,1900,36,0
2026-08-26 05:05:00,4659.63,4661.68,4658.6,4660.55,1569,35,0
2026-08-26 05:10:00,4660.56,4661.51,4657.85,4660.08,1483,35,0
2026-08-26 05:15:00,4660.13,4661.34,4659.23,4661.07,1007,35,0
2026-08-26 05:20:00,4661.08,4661.65,4658.88,4659.16,961,35,0
2026-08-26 05:25:00,4659.22,4660.07,4656.15,4658.21,1091,35,0
2026-08-26 05:30:00,4658.21,4663.86,4657.43,4663.67,1681,37,0
2026-08-26 05:35:00,4663.67,4665.7,4659.43,4663.45,1596,36,0
2026-08-26 05:40:00,4663.45,4670.7,4662.08,4667.13,1579,35,0
2026-08-26 05:45:00,4667.18,4669.09,4665.43,4665.84,1386,35,0
2026-08-26 05:50:00,4665.84,4666.82,4660.34,4661.04,1326,35,0
2026-08-26 05:55:00,4661.04,4661.16,4657.94,4658.39,1150,35,0
2026-08-26 06:00:00,4658.38,4658.61,4653.45,4656.79,1491,37,0
2026-08-26 06:05:00,4656.79,4657.16,4649.46,4650.02,1413,35,0
2026-08-26 06:10:00,4650.02,4650.1,4647.15,4648.15,1178,35,0
2026-08-26 06:15:00,4648.13,4648.59,4645.86,4647.42,1209,35,0
2026-08-26 06:20:00,4647.42,4650.59,4647.0,4648.99,1321,35,0
2026-08-26 06:25:00,4648.96,4650.39,4647.53,4649.93,1148,35,0
2026-08-26 06:30:00,4649.93,4651.19,4649.47,4649.97,988,35,0
2026-08-26 06:35:00,4649.97,4651.11,4646.73,4648.17,939,35,0
2026-08-26 06:40:00,4648.17,4648.9,4645.14,4645.17,818,35,0
2026-08-26 06:45:00,4645.17,4645.26,4642.52,4644.7,876,35,0
2026-08-26 06:50:00,4644.7,4645.3,4643.1,4644.13,729,35,0
2026-08-26 06:55:00,4643.99,4644.43,4642.49,4642.61,724,35,0
2026-08-26 07:00:00,4642.64,4644.16,4642.36,4642.6,773,37,0
2026-08-26 07:05:00,4642.6,4643.64,4641.7,4643.57,571,35,0
2026-08-26 07:10:00,4643.57,4643.77,4642.26,4642.26,618,36,0
2026-08-26 07:15:00,4642.26,4643.1,4641.24,4641.87,663,36,0
2026-08-26 07:20:00,4641.85,4642.74,4641.23,4642.34,723,35,0
2026-08-26 07:25:00,4642.33,4642.58,4640.03,4642.02,591,35,0
2026-08-26 07:30:00,4642.05,4643.07,4641.0,4641.56,658,35,0
2026-08-26 07:35:00,4641.54,4642.03,4640.15,4640.18,688,35,0
2026-08-26 07:40:00,4640.14,4641.94,4639.5,4640.59,627,35,0
2026-08-26 07:45:00,4640.59,4640.96,4638.64,4639.9,723,35,0
2026-08-26 07:50:00,4639.9,4641.57,4639.34,4640.52,755,35,0
2026-08-26 07:55:00,4640.52,4641.41,4639.2,4640.45,706,35,0
2026-08-26 08:00:00,4640.44,4643.48,4639.83,4641.73,1025,36,0
2026-08-26 08:05:00,4641.73,4645.54,4641.4,4645.12,902,37,0
2026-08-26 08:10:00,4645.12,4645.34,4641.02,4643.03,758,36,0
2026-08-26 08:15:00,4643.03,4644.43,4641.08,4643.03,941,36,0
2026-08-26 08:20:00,4643.03,4644.13,4641.52,4643.74,867,35,0
2026-08-26 08:25:00,4643.73,4645.03,4642.27,4643.92,788,35,0
2026-08-26 08:30:00,4644.07,4649.2,4640.92,4645.58,1942,38,0
2026-08-26 08:35:00,4645.58,4645.65,4638.3,4641.44,1788,38,0
2026-08-26 08:40:00,4641.44,4644.19,4637.75,4637.81,1456,37,0
2026-08-26 08:45:00,4637.79,4640.31,4635.31,4637.49,1600,37,0
2026-08-26 08:50:00,4637.47,4640.05,4636.77,4638.64,1376,36,0
2026-08-26 08:55:00,4638.58,4639.41,4636.74,4639.41,1346,36,0
2026-08-26 09:00:00,4639.41,4641.22,4635.97,4640.75,1673,35,0
2026-08-26 09:05:00,4640.75,4640.77,4637.1,4638.78,1319,31,0
2026-08-26 09:10:00,4638.75,4638.84,4635.83,4637.35,1372,31,0
2026-08-26 09:15:00,4637.35,4637.54,4631.03,4633.88,1673,31,0
2026-08-26 09:20:00,4633.96,4634.39,4625.33,4626.77,1719,31,0
2026-08-26 09:25:00,4626.82,4628.66,4624.38,4626.51,1508,31,0
2026-08-26 09:30:00,4626.51,4630.54,4625.38,4630.54,1545,31,0
2026-08-26 09:35:00,4630.54,4630.77,4626.96,4630.19,1492,31,0
2026-08-26 09:40:00,4630.18,4633.85,4629.61,4632.96,1319,31,0
2026-08-26 09:45:00,4632.96,4636.61,4632.96,4634.74,1080,31,0
2026-08-26 09:50:00,4634.75,4635.52,4632.35,4633.17,1195,31,0
2026-08-26 09:55:00,4633.17,4635.03,4630.37,4635.0,1356,31,0
2026-08-26 10:00:00,4635.02,4639.06,4634.65,4638.83,1480,31,0
2026-08-26 10:05:00,4638.81,4639.09,4632.68,4634.99,1167,32,0
2026-08-26 10:10:00,4635.03,4636.81,4633.36,4636.22,1165,31,0
2026-08-26 10:15:00,4636.23,4637.49,4633.6,4633.7,1162,31,0
2026-08-26 10:20:00,4633.7,4635.18,4631.93,4634.08,1047,33,0
2026-08-26 10:25:00,4634.08,4635.82,4630.64,4631.6,1139,31,0
2026-08-26 10:30:00,4631.37,4636.25,4631.03,4633.1,1260,31,0
2026-08-26 10:35:00,4633.1,4634.23,4629.96,4630.41,980,35,0
2026-08-26 10:40:00,4630.43,4631.73,4628.76,4631.73,982,31,0
2026-08-26 10:45:00,4631.76,4634.67,4630.53,4631.7,1068,31,0
2026-08-26 10:50:00,4631.7,4631.7,4627.48,4628.31,1130,32,0
2026-08-26 10:55:00,4628.19,4629.77,4626.35,4628.33,1159,31,0
2026-08-26 11:00:00,4628.27,4630.05,4626.47,4628.54,1456,31,0
2026-08-26 11:05:00,4628.48,4629.39,4625.49,4627.38,1284,31,0
2026-08-26 11:10:00,4627.53,4628.24,4625.47,4625.51,1291,31,0
2026-08-26 11:15:00,4625.45,4628.13,4622.68,4624.74,1337,31,0
2026-08-26 11:20:00,4624.74,4626.21,4622.06,4625.54,1151,31,0
2026-08-26 11:25:00,4625.53,4629.36,4625.52,4629.36,1183,31,0
2026-08-26 11:30:00,4629.36,4630.42,4624.86,4627.84,1385,31,0
2026-08-26 11:35:00,4627.84,4630.16,4627.76,4628.92,988,31,0
2026-08-26 11:40:00,4628.89,4629.41,4627.73,4629.17,891,33,0
2026-08-26 11:45:00,4629.16,4629.5,4626.74,4628.37,948,33,0
2026-08-26 11:50:00,4628.36,4628.64,4627.14,4627.45,776,31,0
2026-08-26 11:55:00,4627.45,4628.29,4625.84,4627.86,1092,31,0
2026-08-26 12:00:00,4627.97,4630.66,4625.63,4625.73,1224,36,0
2026-08-26 12:05:00,4625.73,4627.32,4623.89,4624.03,1100,36,0
2026-08-26 12:10:00,4624.01,4627.57,4622.96,4624.73,1025,35,0
2026-08-26 12:15:00,4624.75,4624.92,4620.82,4621.08,1162,34,0
2026-08-26 12:20:00,4621.08,4621.21,4618.41,4618.73,1045,31,0
2026-08-26 12:25:00,4618.73,4619.24,4616.05,4617.01,1235,31,0
2026-08-26 12:30:00,4617.01,4621.97,4616.44,4620.78,1145,31,0
2026-08-26 12:35:00,4620.78,4621.12,4619.77,4619.94,793,31,0
2026-08-26 12:40:00,4619.94,4622.03,4619.22,4621.71,796,35,0
2026-08-26 12:45:00,4621.71,4625.32,4621.67,4623.85,894,34,0
2026-08-26 12:50:00,4623.85,4624.96,4622.7,4623.97,926,36,0
2026-08-26 12:55:00,4624.02,4624.91,4622.91,4622.94,788,35,0
2026-08-26 13:00:00,4623.06,4623.72,4620.13,4623.14,969,36,0
2026-08-26 13:05:00,4623.14,4623.16,4620.28,4621.81,754,33,0
2026-08-26 13:10:00,4621.79,4621.79,4617.54,4618.74,759,31,0
2026-08-26 13:15:00,4618.72,4620.18,4616.93,4617.08,907,35,0
2026-08-26 13:20:00,4617.08,4619.73,4615.96,4618.35,868,36,0
2026-08-26 13:25:00,4618.33,4618.35,4613.16,4614.96,1000,36,0
2026-08-26 13:30:00,4614.96,4619.28,4614.23,4619.21,886,36,0
2026-08-26 13:35:00,4619.21,4623.82,4618.23,4623.76,880,35,0
2026-08-26 13:40:00,4623.76,4623.82,4620.71,4622.12,873,33,0
2026-08-26 13:45:00,4622.1,4623.57,4622.02,4623.41,714,31,0
2026-08-26 13:50:00,4623.44,4623.76,4621.45,4622.37,745,35,0
2026-08-26 13:55:00,4622.33,4622.33,4618.73,4620.12,741,35,0
2026-08-26 14:00:00,4620.12,4621.59,4619.19,4620.57,1083,36,0
2026-08-26 14:05:00,4620.51,4620.62,4616.66,4617.41,906,31,0
2026-08-26 14:10:00,4617.39,4618.88,4616.11,4618.2,883,31,0
2026-08-26 14:15:00,4618.19,4622.66,4618.04,4621.77,977,32,0
2026-08-26 14:20:00,4621.78,4622.67,4616.2,4616.52,1002,31,0
2026-08-26 14:25:00,4616.52,4621.36,4616.45,4620.59,1195,31,0
2026-08-26 14:30:00,4620.61,4622.52,4618.22,4618.77,1110,35,0
2026-08-26 14:35:00,4618.77,4619.63,4616.94,4617.98,1049,31,0
2026-08-26 14:40:00,4617.96,4619.26,4617.09,4618.77,792,31,0
2026-08-26 14:45:00,4618.76,4618.85,4616.63,4618.79,1128,31,0
2026-08-26 14:50:00,4618.79,4619.85,4617.14,4619.19,1024,31,0
2026-08-26 14:55:00,4619.19,4624.95,4618.89,4624.56,1054,31,0
2026-08-26 15:00:00,4624.47,4628.83,4623.43,4627.03,1584,36,0
2026-08-26 15:05:00,4627.06,4629.34,4626.48,4626.77,1240,31,0
2026-08-26 15:10:00,4626.76,4627.57,4624.75,4625.08,1227,31,0
2026-08-26 15:15:00,4625.26,4629.61,4624.14,4628.98,1218,31,0
2026-08-26 15:20:00,4628.98,4629.15,4624.69,4625.87,1392,32,0
2026-08-26 15:25:00,4626.15,4630.6,4625.17,4629.04,1355,31,0
2026-08-26 15:30:00,4629.0,4633.23,4612.05,4622.79,3263,36,0
2026-08-26 15:35:00,4622.88,4625.53,4617.57,4621.67,2396,36,0
2026-08-26 15:40:00,4621.65,4625.05,4614.29,4622.42,2350,36,0
2026-08-26 15:45:00,4622.53,4624.7,4618.11,4623.69,1900,36,0
2026-08-26 15:50:00,4623.82,4626.12,4610.3,4615.63,2250,35,0
2026-08-26 15:55:00,4615.66,4618.32,4612.69,4614.48,2481,35,0
2026-08-26 16:00:00,4614.49,4621.15,4608.58,4611.97,2864,35,0
2026-08-26 16:05:00,4611.73,4617.02,4608.1,4608.74,2466,34,0
2026-08-26 16:10:00,4608.74,4612.72,4608.11,4610.98,2372,34,0
2026-08-26 16:15:00,4611.04,4613.53,4596.45,4611.45,2547,36,0
2026-08-26 16:20:00,4611.44,4613.93,4604.08,4608.88,2272,34,0
2026-08-26 16:25:00,4609.05,4612.38,4604.92,4611.27,2186,33,0
2026-08-26 16:30:00,4611.33,4618.59,4610.07,4615.86,3002,36,0
2026-08-26 16:35:00,4615.84,4616.64,4612.23,4613.33,2848,36,0
2026-08-26 16:40:00,4613.26,4622.76,4611.67,4619.28,2657,35,0
2026-08-26 16:45:00,4619.23,4626.06,4618.09,4626.06,2710,33,0
2026-08-26 16:50:00,4626.06,4628.72,4622.46,4624.02,2827,35,0
2026-08-26 16:55:00,4624.0,4631.81,4623.78,4631.61,2549,33,0
2026-08-26 17:00:00,4631.62,4633.5,4622.57,4623.81,2893,33,0
2026-08-26 17:05:00,4623.84,4625.7,4620.53,4622.7,2574,31,0
2026-08-26 17:10:00,4622.69,4626.79,4619.24,4620.22,2078,31,0
2026-08-26 17:15:00,4620.22,4623.93,4619.19,4622.68,2069,34,0
2026-08-26 17:20:00,4622.71,4626.54,4619.0,4620.89,2156,34,0
2026-08-26 17:25:00,4620.9,4620.99,4616.07,4616.19,2304,35,0
2026-08-26 17:30:00,4616.22,4619.12,4614.51,4617.81,2174,34,0
2026-08-26 17:35:00,4617.81,4618.24,4612.52,4616.72,1938,34,0
2026-08-26 17:40:00,4616.83,4622.56,4616.65,4622.17,1724,31,0
2026-08-26 17:45:00,4622.14,4622.5,4611.52,4612.22,2197,31,0
2026-08-26 17:50:00,4612.21,4613.98,4605.75,4607.58,2062,31,0
2026-08-26 17:55:00,4607.62,4611.95,4602.11,4602.11,2221,31,0
2026-08-26 18:00:00,4602.21,4605.0,4592.57,4598.05,2653,36,0
2026-08-26 18:05:00,4598.05,4598.31,4587.8,4597.46,2605,36,0
2026-08-26 18:10:00,4597.46,4599.58,4587.51,4588.55,2171,34,0
2026-08-26 18:15:00,4588.43,4593.68,4582.57,4590.52,2407,35,0
2026-08-26 18:20:00,4590.53,4593.82,4588.88,4591.45,2140,33,0
2026-08-26 18:25:00,4591.43,4597.77,4590.3,4594.27,1964,33,0
2026-08-26 18:30:00,4594.29,4597.91,4594.23,4597.9,1880,32,0
2026-08-26 18:35:00,4597.93,4601.24,4597.02,4601.19,1650,34,0
2026-08-26 18:40:00,4601.19,4604.62,4599.98,4604.61,1446,34,0
2026-08-26 18:45:00,4604.61,4609.01,4604.28,4607.99,1680,35,0
2026-08-26 18:50:00,4607.99,4608.27,4598.2,4600.17,2189,36,0
2026-08-26 18:55:00,4600.16,4603.75,4595.77,4595.77,1803,36,0
2026-08-26 19:00:00,4595.77,4598.69,4590.36,4596.88,2062,36,0
2026-08-26 19:05:00,4596.85,4601.21,4596.65,4599.28,1709,36,0
2026-08-26 19:10:00,4599.26,4600.24,4596.95,4600.06,1701,36,0
2026-08-26 19:15:00,4600.07,4600.69,4596.53,4598.97,1638,36,0
2026-08-26 19:20:00,4598.95,4599.52,4593.88,4595.77,1548,36,0
2026-08-26 19:25:00,4595.77,4596.97,4593.99,4594.87,1422,36,0
2026-08-26 19:30:00,4594.87,4596.06,4592.72,4593.78,1392,36,0
2026-08-26 19:35:00,4593.74,4595.07,4586.18,4586.75,1558,36,0
2026-08-26 19:40:00,4586.74,4591.18,4585.41,4587.9,1620,36,0
2026-08-26 19:45:00,4587.87,4594.53,4587.77,4594.43,1462,33,0
2026-08-26 19:50:00,4594.36,4596.52,4588.92,4589.24,1456,32,0
2026-08-26 19:55:00,4589.25,4591.79,4588.19,4591.26,1499,32,0
2026-08-26 20:00:00,4591.26,4593.49,4590.93,4592.94,1445,33,0
2026-08-26 20:05:00,4592.93,4595.81,4590.38,4593.79,1488,34,0
2026-08-26 20:10:00,4593.81,4594.89,4592.92,4594.47,1227,34,0
2026-08-26 20:15:00,4594.48,4595.79,4593.19,4595.74,1172,34,0
2026-08-26 20:20:00,4595.74,4598.48,4594.94,4596.23,1476,36,0
2026-08-26 20:25:00,4596.25,4598.18,4593.92,4597.88,1482,36,0
2026-08-26 20:30:00,4597.9,4602.0,4596.55,4600.6,1431,36,0
2026-08-26 20:35:00,4600.62,4601.04,4595.83,4596.35,1050,32,0
2026-08-26 20:40:00,4596.36,4598.97,4595.46,4596.95,1203,32,0
2026-08-26 20:45:00,4596.95,4598.55,4595.95,4598.1,979,34,0
2026-08-26 20:50:00,4598.11,4599.01,4596.93,4597.05,877,31,0
2026-08-26 20:55:00,4597.04,4597.57,4593.75,4597.54,1261,34,0
2026-08-26 21:00:00,4597.6,4602.98,4596.49,4602.54,1315,36,0
2026-08-26 21:05:00,4602.58,4604.25,4600.31,4601.91,1214,36,0
2026-08-26 21:10:00,4601.92,4603.35,4599.68,4600.11,846,32,0
2026-08-26 21:15:00,4600.03,4600.29,4594.58,4595.26,1194,32,0
2026-08-26 21:20:00,4595.31,4595.53,4592.43,4593.76,1200,36,0
2026-08-26 21:25:00,4593.76,4595.02,4592.69,4594.32,1272,34,0
2026-08-26 21:30:00,4594.39,4595.48,4592.98,4593.1,1252,32,0
2026-08-26 21:35:00,4593.07,4596.13,4592.13,4593.92,1012,34,0
2026-08-26 21:40:00,4593.91,4597.08,4593.47,4596.17,960,31,0
2026-08-26 21:45:00,4596.15,4597.41,4595.61,4596.53,883,31,0
2026-08-26 21:50:00,4596.53,4597.42,4595.81,4595.87,865,31,0
2026-08-26 21:55:00,4595.87,4595.91,4593.08,4593.94,1126,32,0
2026-08-26 22:00:00,4593.9,4594.72,4590.9,4591.84,1323,36,0
2026-08-26 22:05:00,4591.88,4593.11,4590.71,4592.62,1087,35,0
2026-08-26 22:10:00,4592.6,4595.32,4592.57,4594.11,1158,36,0
2026-08-26 22:15:00,4594.1,4595.28,4591.43,4591.46,1108,36,0
2026-08-26 22:20:00,4591.46,4594.1,4590.97,4594.1,943,34,0
2026-08-26 22:25:00,4594.09,4598.68,4594.02,4598.23,1215,34,0
2026-08-26 22:30:00,4598.2,4601.28,4596.48,4597.22,1069,35,0
2026-08-26 22:35:00,4597.2,4598.05,4596.08,4596.3,1015,34,0
2026-08-26 22:40:00,4596.28,4596.58,4593.95,4595.46,905,31,0
2026-08-26 22:45:00,4595.43,4596.14,4594.26,4594.26,947,31,0
2026-08-26 22:50:00,4594.26,4595.0,4592.09,4593.4,1244,36,0
2026-08-26 22:55:00,4593.48,4594.41,4592.04,4593.93,1510,34,0
2026-08-26 23:00:00,4594.14,4594.47,4592.33,4593.67,997,31,0
2026-08-26 23:05:00,4593.67,4596.36,4593.6,4594.02,816,31,0
2026-08-26 23:10:00,4594.02,4594.72,4591.37,4591.44,734,31,0
2026-08-26 23:15:00,4591.47,4591.56,4588.69,4588.91,916,31,0
2026-08-26 23:20:00,4588.8,4589.34,4583.75,4589.28,1829,36,0
2026-08-26 23:25:00,4589.28,4591.65,4589.01,4591.08,759,33,0
2026-08-26 23:30:00,4591.05,4591.65,4590.03,4591.47,714,31,0
2026-08-26 23:35:00,4591.5,4593.16,4591.37,4592.69,757,31,0
2026-08-26 23:40:00,4592.67,4592.69,4590.86,4591.31,577,44,0
2026-08-26 23:45:00,4591.44,4593.07,4591.08,4592.96,552,44,0
2026-08-26 23:50:00,4591.63,4592.1,4590.5,4591.47,616,374,0
2026-08-26 23:55:00,4591.48,4592.67,4591.14,4592.37,448,374,0
2026-08-27 01:05:00,4601.91,4603.42,4601.59,4602.5,631,367,0
2026-08-27 01:10:00,4602.5,4605.01,4601.38,4601.38,673,37,0
2026-08-27 01:15:00,4601.38,4612.06,4601.38,4610.81,1135,38,0
2026-08-27 01:20:00,4610.81,4613.06,4605.8,4606.51,904,37,0
2026-08-27 01:25:00,4606.56,4610.97,4605.28,4610.55,750,36,0
2026-08-27 01:30:00,4610.55,4611.28,4609.32,4609.33,669,36,0
2026-08-27 01:35:00,4609.32,4611.03,4608.54,4609.74,718,36,0
2026-08-27 01:40:00,4609.74,4611.31,4608.73,4610.68,704,37,0
2026-08-27 01:45:00,4610.68,4611.88,4607.62,4608.77,592,37,0
2026-08-27 01:50:00,4608.77,4609.27,4606.77,4607.2,479,35,0
2026-08-27 01:55:00,4607.25,4609.66,4606.74,4609.07,503,35,0
2026-08-27 02:00:00,4608.95,4611.76,4606.65,4608.17,752,37,0
2026-08-27 02:05:00,4608.17,4612.06,4607.94,4611.77,598,35,0
2026-08-27 02:10:00,4611.78,4615.39,4610.84,4615.17,678,35,0
2026-08-27 02:15:00,4615.25,4620.43,4614.17,4620.43,663,35,0
2026-08-27 02:20:00,4620.43,4622.03,4620.25,4621.15,626,35,0
2026-08-27 02:25:00,4621.15,4622.12,4619.39,4619.99,600,35,0
2026-08-27 02:30:00,4619.99,4621.01,4618.17,4621.01,655,35,0
2026-08-27 02:35:00,4621.01,4624.63,4618.9,4624.62,625,35,0
2026-08-27 02:40:00,4624.28,4624.46,4622.18,4622.45,515,35,0
2026-08-27 02:45:00,4621.87,4624.82,4620.82,4623.16,1150,37,0
2026-08-27 02:50:00,4623.16,4624.49,4620.78,4621.1,688,35,0
2026-08-27 02:55:00,4621.08,4624.36,4620.72,4623.81,875,35,0
2026-08-27 03:00:00,4623.82,4627.01,4622.59,4624.08,1359,35,0
2026-08-27 03:05:00,4624.08,4624.08,4617.88,4618.8,1215,35,0
2026-08-27 03:10:00,4618.8,4619.23,4616.16,4617.99,1139,35,0
2026-08-27 03:15:00,4617.99,4619.57,4613.35,4619.22,1178,35,0
2026-08-27 03:20:00,4619.23,4621.35,4618.48,4620.31,1125,35,0
2026-08-27 03:25:00,4620.31,4621.47,4617.23,4618.71,1120,35,0
2026-08-27 03:30:00,4618.71,4618.79,4612.98,4613.29,936,35,0
2026-08-27 03:35:00,4613.04,4615.08,4610.04,4612.42,1169,35,0
2026-08-27 03:40:00,4612.42,4613.28,4605.31,4606.14,1260,38,0
2026-08-27 03:45:00,4606.18,4610.88,4605.99,4609.58,1240,36,0
2026-08-27 03:50:00,4609.58,4609.62,4600.39,4602.4,1308,35,0
2026-08-27 03:55:00,4602.23,4605.09,4601.77,4604.89,1540,35,0
2026-08-27 04:00:00,4604.88,4614.91,4602.2,4614.38,2440,38,0
2026-08-27 04:05:00,4614.38,4619.61,4612.01,4616.29,2100,37,0
2026-08-27 04:10:00,4616.31,4624.99,4616.31,4624.78,1761,37,0
2026-08-27 04:15:00,4624.75,4624.79,4616.96,4622.07,1593,37,0
2026-08-27 04:20:00,4622.07,4625.08,4618.79,4624.95,1623,37,0
2026-08-27 04:25:00,4624.91,4625.06,4618.1,4618.19,1315,36,0
2026-08-27 04:30:00,4618.18,4622.63,4617.93,4621.75,1489,37,0
2026-08-27 04:35:00,4621.74,4630.29,4619.97,4628.61,1790,38,0
2026-08-27 04:40:00,4628.6,4631.38,4622.06,4623.91,1958,37,0
2026-08-27 04:45:00,4623.91,4631.38,4623.72,4629.83,1829,35,0
2026-08-27 04:50:00,4629.88,4635.42,4629.11,4634.84,1493,35,0
2026-08-27 04:55:00,4634.84,4640.85,4634.62,4640.57,1425,35,0
2026-08-27 05:00:00,4640.59,4643.19,4638.3,4639.03,1521,35,0
2026-08-27 05:05:00,4639.07,4642.73,4638.44,4642.43,1370,35,0
2026-08-27 05:10:00,4642.42,4642.49,4639.21,4640.9,1237,35,0
2026-08-27 05:15:00,4640.92,4640.96,4638.16,4639.26,935,35,0
2026-08-27 05:20:00,4639.25,4640.94,4637.27,4637.36,911,36,0
2026-08-27 05:25:00,4637.36,4637.88,4632.94,4633.33,1137,36,0
2026-08-27 05:30:00,4633.32,4634.01,4628.62,4629.59,1770,37,0
2026-08-27 05:35:00,4629.56,4630.71,4624.82,4628.2,1622,37,0
2026-08-27 05:40:00,4628.19,4628.69,4623.3,4627.34,1561,35,0
2026-08-27 05:45:00,4627.34,4630.41,4624.35,4629.19,1238,35,0
2026-08-27 05:50:00,4629.19,4631.3,4627.82,4629.28,1164,35,0
2026-08-27 05:55:00,4629.29,4630.94,4628.47,4629.55,1101,36,0
2026-08-27 06:00:00,4629.54,4634.52,4628.33,4634.52,1478,35,0
2026-08-27 06:05:00,4634.52,4635.06,4629.87,4630.23,1138,35,0
2026-08-27 06:10:00,4630.23,4634.83,4629.25,4634.27,1329,35,0
2026-08-27 06:15:00,4634.28,4635.4,4633.0,4633.59,1194,35,0
2026-08-27 06:20:00,4633.58,4638.58,4633.32,4637.94,1256,35,0
2026-08-27 06:25:00,4637.94,4637.94,4634.55,4635.53,1027,35,0
2026-08-27 06:30:00,4635.54,4635.61,4633.42,4633.87,985,35,0
2026-08-27 06:35:00,4633.87,4634.43,4632.08,4632.34,767,35,0
2026-08-27 06:40:00,4632.34,4632.41,4628.84,4629.34,781,35,0
2026-08-27 06:45:00,4629.34,4629.62,4626.79,4627.64,802,35,0
2026-08-27 06:50:00,4627.64,4627.83,4625.68,4626.73,684,36,0
2026-08-27 06:55:00,4626.73,4627.0,4624.42,4625.5,776,36,0
2026-08-27 07:00:00,4625.48,4627.23,4624.67,4626.46,901,37,0
2026-08-27 07:05:00,4626.46,4626.87,4623.92,4625.33,807,35,0
2026-08-27 07:10:00,4625.33,4626.07,4624.27,4625.24,743,35,0
2026-08-27 07:15:00,4625.26,4626.84,4623.77,4624.1,730,35,0
2026-08-27 07:20:00,4623.96,4624.69,4622.51,4623.1,818,35,0
2026-08-27 07:25:00,4623.1,4624.07,4620.54,4620.54,919,35,0
2026-08-27 07:30:00,4620.55,4620.82,4618.49,4618.62,945,35,0
2026-08-27 07:35:00,4618.62,4620.13,4617.46,4618.07,834,35,0
2026-08-27 07:40:00,4618.07,4619.86,4617.15,4619.0,761,35,0
2026-08-27 07:45:00,4619.0,4620.41,4617.55,4620.04,896,35,0
2026-08-27 07:50:00,4620.03,4620.46,4618.88,4619.67,915,35,0
2026-08-27 07:55:00,4619.62,4619.84,4617.63,4618.66,863,35,0
2026-08-27 08:00:00,4618.66,4619.96,4616.05,4619.89,1102,35,0
2026-08-27 08:05:00,4619.9,4621.17,4618.55,4619.79,905,35,0
2026-08-27 08:10:00,4619.79,4621.16,4619.14,4619.75,736,35,0
2026-08-27 08:15:00,4619.75,4621.33,4618.18,4619.7,816,35,0
2026-08-27 08:20:00,4619.65,4620.92,4618.15,4620.35,745,35,0
2026-08-27 08:25:00,4620.35,4621.29,4616.39,4616.72,891,35,0
2026-08-27 08:30:00,4617.18,4619.65,4609.18,4611.02,2262,38,0
2026-08-27 08:35:00,4610.99,4612.66,4608.09,4610.77,1596,37,0
2026-08-27 08:40:00,4610.74,4610.75,4604.68,4605.02,1931,37,0
2026-08-27 08:45:00,4605.03,4609.41,4604.41,4606.03,1644,38,0
2026-08-27 08:50:00,4606.01,4608.5,4600.72,4602.55,1630,36,0
2026-08-27 08:55:00,4602.59,4607.44,4601.67,4606.49,1577,36,0
2026-08-27 09:00:00,4606.49,4607.17,4599.34,4603.41,1653,36,0
2026-08-27 09:05:00,4603.41,4605.17,4600.85,4604.27,1633,33,0
2026-08-27 09:10:00,4604.27,4606.72,4600.14,4605.64,1576,31,0
2026-08-27 09:15:00,4605.62,4607.28,4603.65,4606.34,1542,31,0
2026-08-27 09:20:00,4606.34,4609.71,4605.94,4609.26,1312,31,0
2026-08-27 09:25:00,4609.26,4610.4,4606.79,4610.4,1354,34,0
2026-08-27 09:30:00,4610.42,4611.54,4605.18,4607.03,1547,36,0
2026-08-27 09:35:00,4607.03,4607.99,4604.54,4607.23,1339,34,0
2026-08-27 09:40:00,4607.26,4608.69,4606.54,4607.2,1047,31,0
2026-08-27 09:45:00,4607.19,4609.4,4603.43,4604.32,1366,36,0
2026-08-27 09:50:00,4604.32,4605.95,4601.21,4601.76,1550,36,0
2026-08-27 09:55:00,4601.76,4602.29,4597.83,4600.12,1645,32,0
2026-08-27 10:00:00,4600.12,4603.6,4598.36,4603.56,1742,36,0
2026-08-27 10:05:00,4603.46,4605.57,4602.18,4602.82,1367,32,0
2026-08-27 10:10:00,4602.82,4603.68,4601.07,4603.68,1438,31,0
2026-08-27 10:15:00,4603.68,4603.68,4595.7,4597.28,1363,31,0
2026-08-27 10:20:00,4597.28,4598.61,4595.83,4596.62,1077,31,0
2026-08-27 10:25:00,4596.61,4599.35,4593.42,4599.22,1369,31,0
2026-08-27 10:30:00,4599.26,4601.11,4594.84,4595.66,1311,31,0
2026-08-27 10:35:00,4595.66,4598.1,4594.81,4596.32,1306,31,0
2026-08-27 10:40:00,4596.31,4598.14,4595.53,4597.7,1051,31,0
2026-08-27 10:45:00,4597.74,4598.98,4596.02,4597.28,1215,31,0
2026-08-27 10:50:00,4597.29,4599.39,4595.49,4597.86,1146,34,0
2026-08-27 10:55:00,4597.85,4602.26,4597.78,4599.88,1164,33,0
2026-08-27 11:00:00,4599.88,4605.85,4599.53,4605.15,1473,31,0
2026-08-27 11:05:00,4605.15,4606.61,4602.56,4603.1,1276,31,0
2026-08-27 11:10:00,4602.99,4604.58,4602.74,4603.1,1228,34,0
2026-08-27 11:15:00,4603.12,4605.95,4602.63,4603.65,1173,36,0
2026-08-27 11:20:00,4603.64,4603.64,4599.93,4603.48,1170,31,0
2026-08-27 11:25:00,4603.47,4603.73,4600.62,4600.72,1039,31,0
2026-08-27 11:30:00,4600.71,4601.61,4598.79,4598.93,1118,31,0
2026-08-27 11:35:00,4599.01,4599.47,4597.17,4598.12,1266,31,0
2026-08-27 11:40:00,4598.09,4598.76,4594.4,4595.75,1180,33,0
2026-08-27 11:45:00,4595.74,4598.59,4595.39,4598.19,1088,35,0
2026-08-27 11:50:00,4598.19,4599.92,4597.64,4599.52,1046,31,0
2026-08-27 11:55:00,4599.5,4602.05,4598.57,4598.79,958,31,0
2026-08-27 12:00:00,4598.84,4600.47,4593.52,4594.5,1541,36,0
2026-08-27 12:05:00,4594.5,4597.09,4593.86,4596.59,1324,36,0
2026-08-27 12:10:00,4596.62,4598.61,4595.14,4595.77,1240,32,0
2026-08-27 12:15:00,4595.76,4596.89,4594.72,4595.24,1056,33,0
2026-08-27 12:20:00,4595.25,4596.84,4594.94,4596.5,997,34,0
2026-08-27 12:25:00,4596.46,4599.15,4593.45,4597.56,1636,36,0
2026-08-27 12:30:00,4597.56,4598.94,4592.77,4593.65,1494,36,0
2026-08-27 12:35:00,4593.66,4593.9,4577.1,4584.17,1647,35,0
2026-08-27 12:40:00,4584.18,4584.29,4580.91,4582.21,1328,36,0
2026-08-27 12:45:00,4582.23,4584.1,4580.44,4582.41,1077,36,0
2026-08-27 12:50:00,4582.43,4585.61,4581.05,4582.25,1076,36,0
2026-08-27 12:55:00,4582.27,4582.43,4578.82,4579.92,1325,36,0
2026-08-27 13:00:00,4579.91,4580.67,4568.82,4572.13,1765,36,0
2026-08-27 13:05:00,4572.15,4576.67,4569.59,4576.47,1219,33,0
2026-08-27 13:10:00,4576.47,4581.61,4576.42,4581.33,1324,34,0
2026-08-27 13:15:00,4581.38,4583.34,4577.26,4580.59,1145,34,0
2026-08-27 13:20:00,4580.67,4582.17,4579.79,4581.99,947,33,0
2026-08-27 13:25:00,4582.0,4582.24,4579.89,4579.93,1100,36,0
2026-08-27 13:30:00,4579.93,4580.63,4578.15,4578.7,996,36,0
2026-08-27 13:35:00,4578.7,4578.93,4576.24,4576.64,1190,36,0
2026-08-27 13:40:00,4576.64,4585.65,4575.63,4585.43,1387,35,0
2026-08-27 13:45:00,4585.44,4587.71,4584.95,4586.74,1195,35,0
2026-08-27 13:50:00,4586.8,4589.35,4586.08,4588.86,1071,34,0
2026-08-27 13:55:00,4588.85,4590.4,4588.08,4590.27,1017,31,0
2026-08-27 14:00:00,4590.09,4590.88,4587.2,4588.87,1327,33,0
2026-08-27 14:05:00,4588.85,4591.16,4588.78,4590.61,1130,31,0
2026-08-27 14:10:00,4590.58,4592.49,4589.72,4592.31,1037,31,0
2026-08-27 14:15:00,4592.31,4592.64,4590.42,4592.34,885,31,0
2026-08-27 14:20:00,4592.34,4596.41,4592.28,4596.35,1006,36,0
2026-08-27 14:25:00,4596.33,4596.77,4592.89,4594.55,1060,31,0
2026-08-27 14:30:00,4594.54,4598.96,4593.89,4595.75,1541,31,0
2026-08-27 14:35:00,4595.75,4597.16,4594.03,4597.03,1371,35,0
2026-08-27 14:40:00,4597.03,4599.76,4596.72,4597.81,1183,33,0
2026-08-27 14:45:00,4597.78,4597.78,4594.61,4595.28,1258,31,0
2026-08-27 14:50:00,4595.28,4600.0,4594.52,4599.49,1229,33,0
2026-08-27 14:55:00,4599.57,4600.33,4597.01,4598.64,1275,33,0
2026-08-27 15:00:00,4598.62,4601.12,4597.65,4598.39,1652,34,0
2026-08-27 15:05:00,4598.41,4598.59,4593.98,4595.24,1328,31,0
2026-08-27 15:10:00,4595.19,4595.53,4592.63,4592.79,1217,31,0
2026-08-27 15:15:00,4592.78,4596.17,4591.84,4595.57,1508,33,0
2026-08-27 15:20:00,4595.58,4600.62,4595.01,4596.51,1679,35,0
2026-08-27 15:25:00,4596.52,4596.61,4592.69,4595.72,1267,33,0
2026-08-27 15:30:00,4595.74,4596.63,4593.14,4593.57,1145,36,0
2026-08-27 15:35:00,4593.58,4595.75,4588.03,4589.07,1613,35,0
2026-08-27 15:40:00,4589.07,4590.32,4587.16,4587.49,1540,34,0
2026-08-27 15:45:00,4587.49,4587.91,4583.2,4583.31,1509,31,0
2026-08-27 15:50:00,4583.31,4584.87,4580.45,4584.57,1460,31,0
2026-08-27 15:55:00,4584.57,4587.9,4583.26,4584.88,1504,31,0
2026-08-27 16:00:00,4584.94,4589.88,4579.65,4588.34,3001,36,0
2026-08-27 16:05:00,4588.17,4590.68,4585.88,4586.62,2396,36,0
2026-08-27 16:10:00,4586.62,4590.52,4584.28,4585.15,2048,35,0
2026-08-27 16:15:00,4585.04,4588.77,4582.93,4586.74,2095,34,0
2026-08-27 16:20:00,4586.79,4588.63,4585.3,4587.67,2166,35,0
2026-08-27 16:25:00,4587.66,4593.14,4587.1,4590.96,2377,34,0
2026-08-27 16:30:00,4591.02,4592.89,4575.41,4575.81,3289,36,0
2026-08-27 16:35:00,4575.81,4581.22,4573.88,4574.86,3295,36,0
2026-08-27 16:40:00,4574.86,4583.44,4572.22,4578.31,2670,35,0
2026-08-27 16:45:00,4578.37,4579.59,4564.7,4576.92,3018,35,0
2026-08-27 16:50:00,4576.92,4582.8,4570.57,4572.12,2831,33,0
2026-08-27 16:55:00,4572.12,4575.77,4571.21,4572.31,2827,33,0
2026-08-27 17:00:00,4572.24,4575.99,4568.35,4575.86,3140,34,0
2026-08-27 17:05:00,4575.95,4579.07,4571.62,4575.09,2744,31,0
2026-08-27 17:10:00,4575.11,4577.76,4572.15,4574.27,2415,31,0
2026-08-27 17:15:00,4574.38,4582.42,4573.71,4579.67,2360,31,0
2026-08-27 17:20:00,4579.68,4584.14,4575.17,4578.2,2484,33,0
2026-08-27 17:25:00,4578.21,4581.68,4573.95,4581.15,2223,34,0
2026-08-27 17:30:00,4581.15,4586.17,4581.14,4585.86,2034,32,0
2026-08-27 17:35:00,4585.81,4591.19,4585.8,4589.56,2114,33,0
2026-08-27 17:40:00,4589.56,4597.31,4586.95,4595.4,2508,35,0
2026-08-27 17:45:00,4595.39,4598.23,4592.26,4593.41,2365,32,0
2026-08-27 17:50:00,4593.48,4594.1,4590.98,4591.27,2124,31,0
2026-08-27 17:55:00,4591.27,4593.17,4588.21,4591.55,2312,31,0
2026-08-27 18:00:00,4591.68,4595.43,4591.36,4593.96,2215,34,0
2026-08-27 18:05:00,4593.96,4595.28,4591.16,4592.1,2185,33,0
2026-08-27 18:10:00,4592.14,4595.26,4591.86,4592.63,1840,32,0
2026-08-27 18:15:00,4592.61,4597.99,4592.56,4597.15,2044,32,0
2026-08-27 18:20:00,4597.15,4597.29,4589.39,4590.3,1889,32,0
2026-08-27 18:25:00,4590.31,4595.42,4588.73,4592.93,1793,33,0
2026-08-27 18:30:00,4592.95,4598.72,4592.14,4597.17,1938,35,0
2026-08-27 18:35:00,4597.14,4599.76,4596.03,4599.76,1656,31,0
2026-08-27 18:40:00,4599.59,4605.7,4599.45,4601.63,2112,31,0
2026-08-27 18:45:00,4601.66,4604.59,4600.27,4604.35,2087,32,0
2026-08-27 18:50:00,4604.36,4609.96,4603.39,4609.25,1910,31,0
2026-08-27 18:55:00,4609.25,4611.32,4608.19,4610.53,1889,31,0
2026-08-27 19:00:00,4610.49,4613.02,4609.16,4611.49,1896,31,0
2026-08-27 19:05:00,4611.39,4611.45,4606.02,4607.32,1702,36,0
2026-08-27 19:10:00,4607.31,4607.83,4604.56,4604.69,1590,36,0
2026-08-27 19:15:00,4604.68,4605.67,4602.52,4603.22,1652,36,0
2026-08-27 19:20:00,4603.21,4607.92,4603.19,4606.22,1540,36,0
2026-08-27 19:25:00,4606.22,4608.45,4605.78,4607.71,1463,36,0
2026-08-27 19:30:00,4607.69,4608.9,4605.99,4608.89,1425,36,0
2026-08-27 19:35:00,4608.9,4612.87,4607.78,4611.74,1592,36,0
2026-08-27 19:40:00,4611.74,4611.82,4609.99,4611.56,1284,31,0
2026-08-27 19:45:00,4611.56,4614.63,4610.28,4610.92,1761,31,0
2026-08-27 19:50:00,4610.92,4616.66,4610.18,4616.08,1475,34,0
2026-08-27 19:55:00,4616.09,4616.26,4612.47,4615.82,1336,31,0
2026-08-27 20:00:00,4615.78,4616.57,4612.44,4614.23,1868,31,0
2026-08-27 20:05:00,4614.24,4614.28,4610.1,4610.49,1488,31,0
2026-08-27 20:10:00,4610.49,4611.44,4608.61,4610.28,1382,31,0
2026-08-27 20:15:00,4610.28,4610.47,4608.45,4609.21,1418,31,0
2026-08-27 20:20:00,4609.21,4611.91,4609.03,4611.73,1427,34,0
2026-08-27 20:25:00,4611.73,4611.97,4608.81,4610.39,1528,36,0
2026-08-27 20:30:00,4610.26,4611.52,4609.22,4609.8,1677,36,0
2026-08-27 20:35:00,4609.8,4611.31,4608.38,4611.25,1279,31,0
2026-08-27 20:40:00,4611.24,4614.27,4609.74,4611.32,1288,33,0
2026-08-27 20:45:00,4611.33,4611.68,4606.64,4609.72,1980,36,0
2026-08-27 20:50:00,4609.72,4610.23,4606.8,4608.07,1735,36,0
2026-08-27 20:55:00,4608.09,4609.06,4605.14,4606.59,1585,33,0
2026-08-27 21:00:00,4606.58,4607.33,4602.22,4603.01,2071,32,0
2026-08-27 21:05:00,4603.0,4608.02,4602.84,4604.61,1677,36,0
2026-08-27 21:10:00,4604.6,4606.47,4603.73,4605.51,1709,36,0
2026-08-27 21:15:00,4605.53,4607.86,4604.83,4607.81,1540,31,0
2026-08-27 21:20:00,4607.81,4607.96,4603.19,4603.41,1577,31,0
2026-08-27 21:25:00,4603.41,4603.55,4600.9,4601.98,1606,31,0
2026-08-27 21:30:00,4601.98,4603.73,4600.96,4602.0,1366,33,0
2026-08-27 21:35:00,4601.94,4605.09,4601.72,4604.22,1196,31,0
2026-08-27 21:40:00,4604.19,4604.8,4603.75,4604.53,1126,31,0
2026-08-27 21:45:00,4604.55,4606.79,4604.3,4605.58,1098,31,0
2026-08-27 21:50:00,4605.57,4611.08,4604.91,4609.19,1255,35,0
2026-08-27 21:55:00,4609.19,4610.7,4608.75,4610.6,1095,35,0
2026-08-27 22:00:00,4610.62,4616.57,4610.58,4613.42,1411,36,0
2026-08-27 22:05:00,4613.36,4617.92,4612.66,4616.79,1697,36,0
2026-08-27 22:10:00,4616.68,4616.93,4614.89,4615.86,1077,35,0
2026-08-27 22:15:00,4615.88,4616.08,4609.57,4611.6,1383,35,0
2026-08-27 22:20:00,4611.6,4611.61,4606.52,4607.32,1249,34,0
2026-08-27 22:25:00,4607.32,4608.25,4604.3,4606.17,1169,31,0
2026-08-27 22:30:00,4606.13,4607.97,4604.76,4607.14,1430,34,0
2026-08-27 22:35:00,4607.14,4608.29,4606.73,4607.71,1212,31,0
2026-08-27 22:40:00,4607.72,4610.09,4607.71,4609.79,1131,31,0
2026-08-27 22:45:00,4609.79,4612.58,4608.48,4610.18,1287,31,0
2026-08-27 22:50:00,4610.22,4610.22,4606.67,4607.95,1538,35,0
2026-08-27 22:55:00,4607.95,4609.67,4605.33,4609.5,1763,35,0
2026-08-27 23:00:00,4609.45,4609.52,4604.62,4605.05,890,35,0
2026-08-27 23:05:00,4605.05,4605.09,4603.79,4604.21,716,31,0
2026-08-27 23:10:00,4604.23,4606.02,4603.65,4604.75,699,31,0
2026-08-27 23:15:00,4604.75,4605.31,4604.38,4605.24,437,31,0
2026-08-27 23:20:00,4605.23,4605.34,4604.43,4604.67,356,31,0
2026-08-27 23:25:00,4604.69,4604.69,4602.69,4603.64,492,31,0
2026-08-27 23:30:00,4603.64,4603.98,4603.06,4603.06,338,36,0
2026-08-27 23:35:00,4603.08,4603.46,4601.92,4603.05,398,36,0
2026-08-27 23:40:00,4603.04,4604.32,4603.02,4603.79,298,44,0
2026-08-27 23:45:00,4603.82,4604.57,4601.94,4604.57,528,44,0
2026-08-27 23:50:00,4603.19,4603.26,4599.35,4599.47,677,374,0
2026-08-27 23:55:00,4599.29,4599.39,4598.58,4599.03,319,374,0
2026-08-28 01:05:00,4600.6,4603.99,4599.71,4603.59,609,366,0
2026-08-28 01:10:00,4603.59,4605.19,4603.58,4604.71,503,37,0
2026-08-28 01:15:00,4604.71,4606.19,4604.35,4605.89,405,38,0
2026-08-28 01:20:00,4605.87,4608.25,4605.87,4608.02,438,38,0
2026-08-28 01:25:00,4608.02,4608.24,4606.34,4607.61,494,38,0
2026-08-28 01:30:00,4607.62,4608.96,4606.69,4608.57,440,38,0
2026-08-28 01:35:00,4608.54,4609.23,4607.83,4609.23,383,37,0
2026-08-28 01:40:00,4609.23,4609.97,4607.25,4607.73,393,37,0
2026-08-28 01:45:00,4607.57,4608.0,4606.84,4607.52,307,37,0
2026-08-28 01:50:00,4607.53,4609.99,4606.65,4609.04,351,36,0
2026-08-28 01:55:00,4609.05,4610.77,4608.98,4610.65,306,35,0
2026-08-28 02:00:00,4610.64,4611.39,4609.04,4609.31,396,36,0
2026-08-28 02:05:00,4609.31,4609.57,4605.29,4605.38,335,35,0
2026-08-28 02:10:00,4605.41,4605.47,4602.86,4602.91,646,37,0
2026-08-28 02:15:00,4602.91,4603.65,4602.24,4602.66,368,35,0
2026-08-28 02:20:00,4602.66,4603.24,4600.07,4602.39,474,35,0
2026-08-28 02:25:00,4602.44,4602.69,4600.09,4601.05,405,35,0
2026-08-28 02:30:00,4601.05,4601.52,4599.25,4599.38,494,35,0
2026-08-28 02:35:00,4599.38,4602.28,4598.54,4601.15,556,35,0
2026-08-28 02:40:00,4601.14,4601.53,4599.22,4599.67,370,35,0
2026-08-28 02:45:00,4599.62,4599.62,4595.69,4596.51,784,35,0
2026-08-28 02:50:00,4596.51,4596.59,4594.65,4595.17,691,35,0
2026-08-28 02:55:00,4595.19,4595.39,4593.93,4593.93,648,35,0
2026-08-28 03:00:00,4593.93,4600.0,4593.21,4596.7,1498,37,0
2026-08-28 03:05:00,4596.78,4600.03,4596.15,4599.61,1192,37,0
2026-08-28 03:10:00,4599.61,4602.46,4599.61,4600.59,1004,36,0
2026-08-28 03:15:00,4600.58,4600.72,4592.86,4593.25,1317,36,0
2026-08-28 03:20:00,4593.26,4595.67,4591.29,4593.54,1181,37,0
2026-08-28 03:25:00,4593.53,4593.92,4590.55,4593.9,1068,35,0
2026-08-28 03:30:00,4594.15,4594.19,4587.85,4589.53,1128,35,0
2026-08-28 03:35:00,4589.52,4590.28,4588.25,4589.68,1175,35,0
2026-08-28 03:40:00,4589.59,4591.31,4588.98,4590.9,1093,35,0
2026-08-28 03:45:00,4590.89,4591.08,4586.41,4587.25,1164,35,0
2026-08-28 03:50:00,4587.24,4589.24,4586.55,4587.48,1098,35,0
2026-08-28 03:55:00,4587.53,4588.69,4585.58,4588.65,1008,35,0
2026-08-28 04:00:00,4588.65,4595.85,4586.34,4594.64,2358,36,0
2026-08-28 04:05:00,4594.64,4600.18,4591.58,4600.0,1822,37,0
2026-08-28 04:10:00,4599.99,4602.13,4592.19,4593.9,1808,37,0
2026-08-28 04:15:00,4593.93,4597.99,4591.41,4595.83,1986,37,0
2026-08-28 04:20:00,4595.85,4597.25,4590.61,4592.17,1628,35,0
2026-08-28 04:25:00,4592.17,4593.41,4583.85,4585.79,2197,37,0
2026-08-28 04:30:00,4585.81,4589.01,4583.92,4587.33,2127,36,0
2026-08-28 04:35:00,4587.34,4588.78,4580.43,4580.82,2018,35,0
2026-08-28 04:40:00,4580.7,4582.82,4578.37,4582.01,1740,35,0
2026-08-28 04:45:00,4582.02,4582.42,4577.72,4582.3,1916,35,0
2026-08-28 04:50:00,4582.3,4583.17,4575.77,4576.9,1715,35,0
2026-08-28 04:55:00,4576.89,4578.69,4575.3,4575.83,1458,35,0
2026-08-28 05:00:00,4575.83,4577.71,4574.91,4577.01,1624,36,0
2026-08-28 05:05:00,4577.06,4581.31,4576.96,4580.33,1309,36,0
2026-08-28 05:10:00,4580.32,4582.55,4578.28,4581.2,1322,37,0
2026-08-28 05:15:00,4581.2,4581.4,4578.56,4581.26,722,35,0
2026-08-28 05:20:00,4581.21,4584.34,4580.24,4583.79,917,35,0
2026-08-28 05:25:00,4583.79,4584.69,4582.74,4583.26,932,37,0
2026-08-28 05:30:00,4583.51,4586.93,4583.05,4585.11,1538,37,0
2026-08-28 05:35:00,4585.11,4589.51,4585.1,4588.11,1265,35,0
2026-08-28 05:40:00,4588.12,4588.33,4583.83,4584.95,1394,36,0
2026-08-28 05:45:00,4584.95,4586.31,4582.29,4586.15,1236,35,0
2026-08-28 05:50:00,4586.15,4587.13,4584.64,4585.9,1116,35,0
2026-08-28 05:55:00,4585.91,4586.48,4582.87,4586.24,1047,35,0
2026-08-28 06:00:00,4586.27,4587.89,4584.39,4587.37,1221,35,0
2026-08-28 06:05:00,4587.4,4588.29,4585.08,4586.35,1094,35,0
2026-08-28 06:10:00,4586.36,4587.88,4582.81,4584.13,1231,35,0
2026-08-28 06:15:00,4584.13,4588.75,4584.13,4587.18,1170,35,0
2026-08-28 06:20:00,4587.18,4589.63,4585.71,4589.55,1007,35,0
2026-08-28 06:25:00,4589.59,4590.0,4586.61,4588.0,1235,36,0
2026-08-28 06:30:00,4588.2,4588.31,4583.28,4583.86,957,35,0
2026-08-28 06:35:00,4583.86,4583.86,4582.11,4582.67,693,35,0
2026-08-28 06:40:00,4582.71,4583.34,4580.84,4581.83,762,35,0
2026-08-28 06:45:00,4581.84,4581.93,4579.39,4580.54,858,35,0
2026-08-28 06:50:00,4580.53,4580.74,4578.48,4579.18,559,35,0
2026-08-28 06:55:00,4579.21,4579.87,4578.69,4579.73,561,36,0
2026-08-28 07:00:00,4579.72,4580.21,4578.45,4579.03,736,37,0
2026-08-28 07:05:00,4579.03,4579.29,4577.78,4578.91,523,36,0
2026-08-28 07:10:00,4578.89,4580.15,4578.69,4579.01,678,37,0
2026-08-28 07:15:00,4579.01,4583.09,4578.54,4582.96,727,37,0
2026-08-28 07:20:00,4582.94,4584.33,4582.45,4584.26,649,35,0
2026-08-28 07:25:00,4584.26,4585.08,4582.89,4584.21,607,35,0
2026-08-28 07:30:00,4584.21,4584.21,4581.5,4581.52,605,35,0
2026-08-28 07:35:00,4581.51,4581.75,4577.91,4578.18,786,35,0
2026-08-28 07:40:00,4578.18,4580.01,4577.99,4579.68,535,35,0
2026-08-28 07:45:00,4579.68,4581.92,4578.07,4580.57,602,35,0
2026-08-28 07:50:00,4580.58,4582.3,4580.57,4581.8,444,35,0
2026-08-28 07:55:00,4581.8,4584.96,4581.15,4584.15,556,35,0
2026-08-28 08:00:00,4584.16,4585.09,4581.62,4582.38,775,35,0
2026-08-28 08:05:00,4582.42,4582.7,4578.95,4579.18,848,35,0
2026-08-28 08:10:00,4579.18,4580.47,4577.92,4579.76,735,35,0
2026-08-28 08:15:00,4579.76,4581.68,4578.89,4581.63,612,35,0
2026-08-28 08:20:00,4581.63,4584.3,4580.47,4583.96,622,35,0
2026-08-28 08:25:00,4583.96,4586.03,4582.25,4583.9,810,35,0
2026-08-28 08:30:00,4583.89,4583.9,4577.4,4578.55,1969,38,0
2026-08-28 08:35:00,4578.54,4579.22,4574.58,4574.58,1698,38,0
2026-08-28 08:40:00,4574.49,4575.93,4571.02,4572.42,1352,37,0
2026-08-28 08:45:00,4572.42,4575.37,4571.43,4573.74,1252,37,0
2026-08-28 08:50:00,4573.8,4576.77,4573.18,4576.71,1122,36,0
2026-08-28 08:55:00,4576.72,4577.12,4572.38,4573.03,1229,37,0
2026-08-28 09:00:00,4573.06,4577.17,4572.18,4576.72,1798,31,0
2026-08-28 09:05:00,4576.73,4580.43,4574.01,4580.43,1366,32,0
2026-08-28 09:10:00,4580.42,4583.32,4580.41,4581.69,1481,31,0
2026-08-28 09:15:00,4581.67,4584.8,4580.57,4582.52,1367,31,0
2026-08-28 09:20:00,4582.47,4585.4,4581.96,4583.51,1248,31,0
2026-08-28 09:25:00,4583.55,4585.58,4583.3,4585.02,1100,31,0
2026-08-28 09:30:00,4585.06,4586.51,4582.97,4584.05,1274,31,0
2026-08-28 09:35:00,4584.02,4588.09,4583.94,4586.3,1329,34,0
2026-08-28 09:40:00,4586.3,4588.52,4584.43,4588.32,1418,31,0
2026-08-28 09:45:00,4588.3,4599.94,4588.26,4599.86,2063,31,0
2026-08-28 09:50:00,4599.87,4606.6,4596.62,4604.06,2445,31,0
2026-08-28 09:55:00,4604.06,4613.3,4603.86,4612.7,2141,31,0
2026-08-28 10:00:00,4612.98,4613.47,4605.8,4607.03,1964,31,0
2026-08-28 10:05:00,4607.05,4607.45,4599.21,4600.63,1745,31,0
2026-08-28 10:10:00,4600.62,4603.17,4596.65,4600.3,1658,31,0
2026-08-28 10:15:00,4600.36,4606.41,4599.31,4605.9,1646,31,0
2026-08-28 10:20:00,4605.9,4609.99,4605.69,4607.62,1496,31,0
2026-08-28 10:25:00,4607.84,4609.75,4606.8,4607.7,1231,31,0
2026-08-28 10:30:00,4607.71,4611.96,4607.22,4611.78,1281,31,0
2026-08-28 10:35:00,4611.77,4614.44,4609.8,4610.71,1366,31,0
2026-08-28 10:40:00,4610.71,4610.95,4608.62,4609.46,1129,31,0
2026-08-28 10:45:00,4609.47,4611.62,4607.74,4610.55,1218,31,0
2026-08-28 10:50:00,4610.55,4613.22,4610.17,4611.78,1003,31,0
2026-08-28 10:55:00,4611.73,4613.61,4609.95,4612.01,973,31,0
2026-08-28 11:00:00,4611.64,4614.8,4610.92,4612.75,1442,34,0
2026-08-28 11:05:00,4612.75,4613.22,4610.2,4611.97,1178,31,0
2026-08-28 11:10:00,4611.95,4613.26,4611.2,4611.98,1135,31,0
2026-08-28 11:15:00,4611.99,4612.58,4609.38,4609.53,1038,31,0
2026-08-28 11:20:00,4609.53,4611.78,4608.37,4611.32,1095,31,0
2026-08-28 11:25:00,4611.33,4611.74,4609.04,4609.46,1007,31,0
2026-08-28 11:30:00,4609.48,4611.76,4608.57,4610.03,1259,33,0
2026-08-28 11:35:00,4610.04,4611.76,4606.94,4607.72,1211,31,0
2026-08-28 11:40:00,4607.71,4608.08,4603.57,4603.92,1022,31,0
2026-08-28 11:45:00,4603.85,4603.94,4601.24,4602.07,1208,33,0
2026-08-28 11:50:00,4602.06,4606.23,4601.84,4604.73,1078,31,0
2026-08-28 11:55:00,4604.74,4605.09,4601.33,4602.74,928,31,0
2026-08-28 12:00:00,4602.67,4604.3,4602.2,4604.27,1172,31,0
2026-08-28 12:05:00,4604.28,4604.37,4601.49,4601.83,1159,31,0
2026-08-28 12:10:00,4601.83,4603.05,4600.75,4601.69,1013,31,0
2026-08-28 12:15:00,4601.69,4602.76,4600.54,4602.31,932,31,0
2026-08-28 12:20:00,4602.32,4604.19,4601.09,4603.15,1059,31,0
2026-08-28 12:25:00,4603.14,4603.3,4600.59,4601.93,1134,31,0
2026-08-28 12:30:00,4601.93,4604.29,4601.85,4602.58,1164,31,0
2026-08-28 12:35:00,4602.45,4605.13,4601.07,4603.31,1011,31,0
2026-08-28 12:40:00,4603.31,4605.01,4602.61,4604.04,957,32,0
2026-08-28 12:45:00,4604.02,4605.36,4603.16,4604.58,940,31,0
2026-08-28 12:50:00,4604.56,4607.18,4604.46,4607.03,1031,31,0
2026-08-28 12:55:00,4607.01,4607.46,4605.16,4605.19,856,31,0
2026-08-28 13:00:00,4605.21,4606.42,4603.53,4605.68,1061,31,0
2026-08-28 13:05:00,4605.68,4607.55,4605.54,4607.41,904,31,0
2026-08-28 13:10:00,4607.38,4608.98,4606.93,4608.55,1098,32,0
2026-08-28 13:15:00,4608.54,4609.89,4604.44,4604.49,1037,31,0
2026-08-28 13:20:00,4604.48,4604.59,4602.61,4603.97,802,31,0
2026-08-28 13:25:00,4603.97,4605.36,4602.01,4605.33,870,31,0
2026-08-28 13:30:00,4605.33,4607.87,4605.21,4607.35,938,31,0
2026-08-28 13:35:00,4607.33,4607.35,4603.02,4604.12,947,31,0
2026-08-28 13:40:00,4604.12,4604.26,4601.97,4602.81,943,31,0
2026-08-28 13:45:00,4602.79,4603.21,4600.03,4601.32,966,31,0
2026-08-28 13:50:00,4601.21,4601.22,4597.65,4598.26,1126,31,0
2026-08-28 13:55:00,4598.26,4600.49,4597.89,4600.18,973,31,0
2026-08-28 14:00:00,4600.18,4601.34,4597.35,4598.9,1331,35,0
2026-08-28 14:05:00,4598.86,4599.07,4595.05,4596.0,1247,36,0
2026-08-28 14:10:00,4596.04,4598.86,4595.31,4598.86,1223,32,0
2026-08-28 14:15:00,4598.91,4601.19,4598.36,4599.81,1100,34,0
2026-08-28 14:20:00,4599.7,4600.5,4598.11,4600.41,1004,32,0
2026-08-28 14:25:00,4600.42,4601.03,4597.71,4599.01,946,33,0
2026-08-28 14:30:00,4599.17,4600.89,4597.97,4598.66,1190,35,0
2026-08-28 14:35:00,4598.69,4598.95,4593.31,4593.32,1312,34,0
2026-08-28 14:40:00,4593.32,4595.05,4591.43,4594.67,1232,34,0
2026-08-28 14:45:00,4594.67,4596.09,4593.3,4594.92,1086,32,0
2026-08-28 14:50:00,4594.92,4596.01,4593.66,4594.23,1065,31,0
2026-08-28 14:55:00,4594.25,4594.53,4591.62,4593.02,1114,31,0
2026-08-28 15:00:00,4593.13,4595.79,4590.93,4594.52,1442,34,0
2026-08-28 15:05:00,4594.52,4595.78,4592.02,4594.38,1477,31,0
2026-08-28 15:10:00,4594.37,4597.04,4592.42,4594.44,1407,31,0
2026-08-28 15:15:00,4594.45,4595.76,4592.5,4594.48,1287,31,0
2026-08-28 15:20:00,4594.61,4601.74,4594.15,4601.51,1349,31,0
2026-08-28 15:25:00,4601.57,4603.84,4600.01,4601.51,1367,31,0
2026-08-28 15:30:00,4601.49,4602.24,4591.9,4593.4,1880,36,0
2026-08-28 15:35:00,4593.46,4593.7,4588.98,4589.41,2090,36,0
2026-08-28 15:40:00,4589.42,4592.57,4589.42,4591.8,1760,34,0
2026-08-28 15:45:00,4591.9,4595.21,4590.24,4594.14,1637,35,0
2026-08-28 15:50:00,4594.14,4597.34,4592.07,4596.42,1530,31,0
2026-08-28 15:55:00,4596.42,4602.77,4596.42,4602.55,1655,31,0
2026-08-28 16:00:00,4602.55,4603.58,4596.33,4599.45,2674,31,0
2026-08-28 16:05:00,4599.44,4605.37,4598.96,4600.3,2274,34,0
2026-08-28 16:10:00,4600.27,4601.11,4597.8,4599.24,1884,31,0
2026-08-28 16:15:00,4599.23,4599.82,4593.78,4598.49,1973,33,0
2026-08-28 16:20:00,4598.48,4601.18,4596.34,4601.18,1992,31,0
2026-08-28 16:25:00,4601.41,4604.44,4599.6,4604.01,2101,31,0
2026-08-28 16:30:00,4604.23,4605.57,4598.93,4605.09,2935,36,0
2026-08-28 16:35:00,4605.09,4607.22,4600.7,4605.77,2627,35,0
2026-08-28 16:40:00,4605.77,4607.89,4601.85,4604.9,2169,31,0
2026-08-28 16:45:00,4605.12,4612.37,4604.99,4609.91,2367,31,0
2026-08-28 16:50:00,4609.9,4612.09,4607.3,4610.28,2573,31,0
2026-08-28 16:55:00,4610.28,4627.17,4599.42,4602.91,2521,31,0
2026-08-28 17:00:00,4603.46,4632.1,4573.73,4577.26,4388,36,0
2026-08-28 17:05:00,4577.31,4581.51,4548.1,4573.72,4467,36,0
2026-08-28 17:10:00,4573.63,4573.92,4543.56,4546.05,4364,36,0
2026-08-28 17:15:00,4546.05,4566.22,4545.07,4552.79,4083,36,0
2026-08-28 17:20:00,4552.9,4568.23,4548.25,4557.43,3695,35,0
2026-08-28 17:25:00,4557.46,4559.25,4529.86,4551.84,4120,36,0
2026-08-28 17:30:00,4551.82,4569.72,4551.64,4569.55,3944,36,0
2026-08-28 17:35:00,4569.61,4576.83,4564.55,4565.21,3548,36,0
2026-08-28 17:40:00,4565.18,4568.62,4557.29,4560.98,3617,36,0
2026-08-28 17:45:00,4560.98,4562.6,4551.15,4552.96,3683,36,0
2026-08-28 17:50:00,4553.05,4571.23,4550.43,4571.23,3525,35,0
2026-08-28 17:55:00,4571.31,4580.68,4569.92,4578.3,3453,35,0
2026-08-28 18:00:00,4578.31,4582.74,4571.99,4579.96,3630,36,0
2026-08-28 18:05:00,4579.91,4581.65,4572.07,4572.95,3318,36,0
2026-08-28 18:10:00,4572.95,4573.91,4556.88,4559.21,3414,35,0
2026-08-28 18:15:00,4559.34,4564.25,4553.78,4555.4,3213,33,0
2026-08-28 18:20:00,4555.38,4566.1,4551.41,4565.54,3227,34,0
2026-08-28 18:25:00,4565.52,4569.15,4558.8,4566.78,3175,31,0
2026-08-28 18:30:00,4566.77,4567.43,4554.97,4557.62,3083,31,0
2026-08-28 18:35:00,4557.53,4562.35,4546.83,4547.27,2948,31,0
2026-08-28 18:40:00,4547.29,4548.0,4534.1,4539.38,3495,36,0
2026-08-28 18:45:00,4539.41,4545.77,4531.7,4535.35,3439,36,0
2026-08-28 18:50:00,4535.44,4545.48,4534.14,4539.68,3060,31,0
2026-08-28 18:55:00,4539.6,4540.66,4523.79,4524.32,3628,36,0
2026-08-28 19:00:00,4524.37,4529.2,4520.21,4520.31,3587,36,0
2026-08-28 19:05:00,4520.3,4520.3,4507.69,4507.83,3487,36,0
2026-08-28 19:10:00,4507.51,4515.4,4497.12,4497.59,3286,36,0
2026-08-28 19:15:00,4497.08,4503.34,4480.85,4480.85,3668,36,0
2026-08-28 19:20:00,4480.82,4483.16,4463.77,4468.53,4086,36,0
2026-08-28 19:25:00,4468.44,4481.63,4464.5,4480.59,3458,35,0
2026-08-28 19:30:00,4480.42,4487.17,4471.01,4473.74,3658,33,0
2026-08-28 19:35:00,4473.74,4485.68,4473.16,4484.65,3388,31,0
2026-08-28 19:40:00,4484.57,4485.88,4465.31,4468.67,3301,31,0
2026-08-28 19:45:00,4468.98,4481.19,4468.98,4481.17,3127,33,0
2026-08-28 19:50:00,4481.17,4484.63,4479.16,4480.41,2862,33,0
2026-08-28 19:55:00,4480.42,4482.23,4474.84,4479.38,2760,33,0
2026-08-28 20:00:00,4479.36,4480.33,4472.87,4475.37,3279,35,0
2026-08-28 20:05:00,4475.35,4482.39,4474.34,4479.8,2762,36,0
2026-08-28 20:10:00,4479.79,4480.61,4470.71,4480.61,2718,36,0
2026-08-28 20:15:00,4480.61,4481.58,4474.62,4480.92,2621,35,0
2026-08-28 20:20:00,4480.92,4486.19,4479.39,4485.03,2664,35,0
2026-08-28 20:25:00,4485.08,4485.7,4475.43,4478.67,2611,36,0
2026-08-28 20:30:00,4478.54,4480.78,4472.84,4478.34,2449,36,0
2026-08-28 20:35:00,4478.54,4481.22,4470.66,4471.19,2254,36,0
2026-08-28 20:40:00,4471.18,4474.45,4460.08,4467.03,2677,36,0
2026-08-28 20:45:00,4467.02,4475.27,4466.28,4473.88,2242,35,0
2026-08-28 20:50:00,4473.93,4475.37,4471.58,4472.38,1935,33,0
2026-08-28 20:55:00,4472.18,4472.28,4465.54,4469.09,1924,32,0
2026-08-28 21:00:00,4469.09,4471.36,4460.0,4460.65,2402,33,0
2026-08-28 21:05:00,4460.65,4466.15,4459.37,4461.4,2539,36,0
2026-08-28 21:10:00,4461.4,4464.55,4459.38,4460.88,2258,35,0
2026-08-28 21:15:00,4460.87,4462.42,4453.12,4458.27,2359,34,0
2026-08-28 21:20:00,4458.27,4463.2,4452.19,4453.39,2440,36,0
2026-08-28 21:25:00,4453.56,4462.57,4452.26,4455.42,2722,36,0
2026-08-28 21:30:00,4455.41,4458.36,4451.71,4456.71,2275,34,0
2026-08-28 21:35:00,4456.68,4456.97,4450.1,4452.25,2223,31,0
2026-08-28 21:40:00,4452.19,4454.9,4445.14,4450.86,2266,31,0
2026-08-28 21:45:00,4450.87,4454.73,4447.92,4453.14,2110,34,0
2026-08-28 21:50:00,4453.15,4456.56,4451.46,4453.99,2179,31,0
2026-08-28 21:55:00,4454.01,4457.96,4452.33,4456.55,2228,31,0
2026-08-28 22:00:00,4456.02,4461.75,4452.65,4457.71,2564,35,0
2026-08-28 22:05:00,4457.69,4462.38,4456.55,4461.59,2009,31,0
2026-08-28 22:10:00,4461.6,4461.82,4454.18,4456.7,2019,31,0
2026-08-28 22:15:00,4456.55,4460.44,4454.82,4459.69,1777,31,0
2026-08-28 22:20:00,4459.69,4461.78,4457.17,4460.07,1565,31,0
2026-08-28 22:25:00,4460.27,4463.25,4460.19,4461.75,1521,33,0
2026-08-28 22:30:00,4461.76,4464.64,4460.69,4462.77,1719,33,0
2026-08-28 22:35:00,4462.75,4466.73,4461.71,4466.03,1560,35,0
2026-08-28 22:40:00,4466.03,4466.57,4464.26,4464.77,1337,34,0
2026-08-28 22:45:00,4464.74,4464.74,4454.64,4457.34,1879,35,0
2026-08-28 22:50:00,4457.42,4459.4,4452.65,4456.98,2172,36,0
2026-08-28 22:55:00,4457.01,4461.09,4456.1,4458.24,2136,36,0
2026-08-28 23:00:00,4458.32,4462.42,4455.06,4460.16,1521,36,0
2026-08-28 23:05:00,4460.15,4461.3,4459.75,4460.25,921,31,0
2026-08-28 23:10:00,4460.25,4461.21,4457.08,4457.69,812,31,0
2026-08-28 23:15:00,4457.71,4460.24,4457.44,4458.03,551,31,0
2026-08-28 23:20:00,4458.02,4458.02,4453.44,4454.31,700,31,0
2026-08-28 23:25:00,4454.31,4458.11,4453.56,4457.97,533,34,0
2026-08-28 23:30:00,4457.97,4457.97,4455.24,4455.84,500,35,0
2026-08-28 23:35:00,4455.84,4457.13,4455.17,4455.35,478,36,0
2026-08-28 23:40:00,4455.45,4456.86,4453.48,4456.86,475,44,0
2026-08-28 23:45:00,4456.9,4459.54,4455.51,4458.94,566,44,0
2026-08-28 23:50:00,4457.59,4458.33,4451.85,4452.58,648,374,0
2026-08-28 23:55:00,4452.58,4454.69,4451.46,4454.61,369,374,0
2026-08-31 01:05:00,4444.43,4455.07,4444.43,4454.17,1331,368,0
2026-08-31 01:10:00,4454.26,4459.43,4454.26,4458.73,1208,38,0
2026-08-31 01:15:00,4458.73,4462.73,4455.79,4461.8,1075,38,0
2026-08-31 01:20:00,4461.8,4465.65,4460.18,4462.13,1034,38,0
2026-08-31 01:25:00,4462.13,4465.27,4457.79,4459.23,928,38,0
2026-08-31 01:30:00,4459.29,4459.49,4452.63,4453.12,884,38,0
2026-08-31 01:35:00,4453.11,4461.2,4452.78,4460.04,744,38,0
2026-08-31 01:40:00,4460.04,4462.14,4456.61,4457.56,636,38,0
2026-08-31 01:45:00,4457.62,4460.08,4456.74,4459.41,522,38,0
2026-08-31 01:50:00,4459.41,4459.66,4458.29,4458.66,348,38,0
2026-08-31 01:55:00,4458.66,4462.14,4458.49,4461.02,494,29,0
2026-08-31 02:00:00,4461.29,4462.74,4459.53,4461.9,759,37,0
2026-08-31 02:05:00,4461.9,4466.51,4461.78,4465.03,809,38,0
2026-08-31 02:10:00,4464.99,4465.3,4459.68,4460.44,738,38,0
2026-08-31 02:15:00,4460.44,4463.64,4459.88,4463.04,679,38,0
2026-08-31 02:20:00,4463.06,4464.92,4458.66,4459.52,868,38,0
2026-08-31 02:25:00,4459.52,4459.59,4454.99,4457.32,920,38,0
2026-08-31 02:30:00,4457.32,4457.62,4451.18,4454.46,1273,38,0
2026-08-31 02:35:00,4454.46,4454.5,4450.02,4450.03,855,37,0
2026-08-31 02:40:00,4450.03,4451.0,4446.39,4447.14,1004,36,0
2026-08-31 02:45:00,4447.14,4447.14,4435.86,4439.58,1987,38,0
2026-08-31 02:50:00,4439.58,4447.78,4439.58,4447.47,1427,37,0
2026-08-31 02:55:00,4447.5,4460.16,4447.44,4458.52,1627,37,0
2026-08-31 03:00:00,4458.57,4461.58,4453.13,4458.18,2315,37,0
2026-08-31 03:05:00,4458.18,4459.61,4453.98,4456.57,1729,36,0
2026-08-31 03:10:00,4456.54,4463.11,4454.81,4461.43,1652,35,0
2026-08-31 03:15:00,4461.43,4464.85,4459.0,4459.3,1412,35,0
2026-08-31 03:20:00,4459.27,4460.44,4456.41,4458.04,1267,35,0
2026-08-31 03:25:00,4458.04,4458.06,4451.91,4456.27,1347,35,0
2026-08-31 03:30:00,4456.27,4465.44,4456.17,4462.03,1437,36,0
2026-08-31 03:35:00,4462.02,4470.11,4462.02,4469.81,1327,35,0
2026-08-31 03:40:00,4469.81,4471.5,4463.77,4464.97,1302,35,0
2026-08-31 03:45:00,4464.97,4468.58,4463.8,4465.57,1316,35,0
2026-08-31 03:50:00,4465.58,4466.1,4462.38,4465.91,1279,35,0
2026-08-31 03:55:00,4465.92,4466.67,4454.49,4454.49,1437,36,0
2026-08-31 04:00:00,4454.74,4462.96,4437.86,4462.05,3284,38,0
2026-08-31 04:05:00,4462.02,4462.6,4438.66,4439.38,2841,38,0
2026-08-31 04:10:00,4439.39,4444.49,4435.77,4443.51,2718,38,0
2026-08-31 04:15:00,4443.7,4451.99,4441.78,4451.88,2613,37,0
2026-08-31 04:20:00,4451.89,4453.84,4443.82,4449.24,2429,36,0
2026-08-31 04:25:00,4449.21,4449.22,4442.86,4443.54,2110,35,0
2026-08-31 04:30:00,4443.51,4449.99,4436.27,4440.68,2550,36,0
2026-08-31 04:35:00,4440.65,4450.19,4439.33,4448.71,2443,36,0
2026-08-31 04:40:00,4448.72,4453.51,4443.05,4450.54,2333,35,0
2026-08-31 04:45:00,4450.54,4452.31,4437.11,4437.23,2222,35,0
2026-08-31 04:50:00,4437.14,4444.23,4435.98,4444.19,2209,35,0
2026-08-31 04:55:00,4444.21,4446.35,4439.41,4439.89,2098,35,0
2026-08-31 05:00:00,4439.9,4441.14,4418.28,4426.59,2672,35,0
2026-08-31 05:05:00,4426.6,4433.69,4424.89,4428.56,2234,35,0
2026-08-31 05:10:00,4428.57,4432.28,4422.56,4424.02,2087,35,0
2026-08-31 05:15:00,4424.03,4424.85,4418.52,4421.5,1919,35,0
2026-08-31 05:20:00,4421.5,4426.85,4420.76,4426.75,1639,35,0
2026-08-31 05:25:00,4426.75,4427.72,4421.26,4421.26,1611,35,0
2026-08-31 05:30:00,4421.32,4426.02,4410.9,4411.09,2614,38,0
2026-08-31 05:35:00,4411.1,4411.74,4405.12,4407.45,2200,37,0
2026-08-31 05:40:00,4407.44,4407.52,4401.8,4402.76,2188,36,0
2026-08-31 05:45:00,4402.76,4406.62,4396.22,4401.26,2060,35,0
2026-08-31 05:50:00,4401.26,4416.85,4399.14,4416.43,1964,35,0
2026-08-31 05:55:00,4416.43,4423.11,4416.11,4423.1,1628,35,0
2026-08-31 06:00:00,4423.12,4426.7,4421.59,4422.3,1675,35,0
2026-08-31 06:05:00,4422.33,4426.27,4421.76,4425.17,1426,36,0
2026-08-31 06:10:00,4425.17,4428.03,4424.18,4428.03,1244,36,0
2026-08-31 06:15:00,4428.03,4432.25,4427.65,4427.7,1525,37,0
2026-08-31 06:20:00,4427.7,4433.75,4427.34,4430.83,1244,37,0
2026-08-31 06:25:00,4430.86,4431.6,4426.15,4427.4,1461,37,0
2026-08-31 06:30:00,4427.34,4427.5,4423.29,4423.4,1088,37,0
2026-08-31 06:35:00,4423.4,4425.01,4419.83,4420.61,1140,36,0
2026-08-31 06:40:00,4420.55,4424.0,4420.26,4422.69,815,35,0
2026-08-31 06:45:00,4422.68,4425.11,4422.08,4423.93,822,36,0
2026-08-31 06:50:00,4423.98,4426.78,4423.83,4424.2,797,35,0
2026-08-31 06:55:00,4424.19,4424.53,4421.42,4422.42,775,35,0
2026-08-31 07:00:00,4422.39,4422.67,4418.42,4418.55,895,35,0
2026-08-31 07:05:00,4418.51,4418.84,4416.8,4418.17,820,37,0
2026-08-31 07:10:00,4418.25,4422.39,4416.96,4420.9,930,35,0
2026-08-31 07:15:00,4420.9,4421.4,4417.9,4418.13,846,36,0
2026-08-31 07:20:00,4418.13,4419.27,4415.77,4418.11,996,36,0
2026-08-31 07:25:00,4418.19,4420.42,4415.72,4415.8,846,35,0
2026-08-31 07:30:00,4415.75,4416.44,4412.55,4416.44,825,35,0
2026-08-31 07:35:00,4416.45,4421.85,4415.57,4420.34,1000,37,0
2026-08-31 07:40:00,4420.34,4420.38,4417.02,4420.08,894,35,0
2026-08-31 07:45:00,4420.08,4421.36,4418.98,4419.16,858,35,0
2026-08-31 07:50:00,4419.16,4420.99,4418.57,4420.59,761,35,0
2026-08-31 07:55:00,4420.59,4424.76,4419.16,4424.52,1040,36,0
2026-08-31 08:00:00,4424.52,4426.86,4422.15,4423.52,1138,37,0
2026-08-31 08:05:00,4423.43,4423.87,4419.03,4420.17,1034,36,0
2026-08-31 08:10:00,4420.18,4425.21,4419.43,4422.56,1049,36,0
2026-08-31 08:15:00,4422.61,4427.84,4421.95,4427.78,1041,35,0
2026-08-31 08:20:00,4427.77,4434.36,4427.77,4433.62,1248,35,0
2026-08-31 08:25:00,4433.64,4440.64,4432.51,4440.2,1369,35,0
2026-08-31 08:30:00,4440.83,4442.05,4430.55,4432.81,2235,38,0
2026-08-31 08:35:00,4432.85,4436.54,4431.83,4434.15,1626,37,0
2026-08-31 08:40:00,4434.15,4438.91,4432.64,4437.7,1609,37,0
2026-08-31 08:45:00,4437.7,4441.23,4435.09,4435.39,1606,37,0
2026-08-31 08:50:00,4435.42,4439.41,4434.09,4437.11,1547,35,0
2026-08-31 08:55:00,4437.17,4443.61,4435.22,4442.81,1517,35,0
2026-08-31 09:00:00,4442.81,4443.0,4432.75,4433.08,1823,31,0
2026-08-31 09:05:00,4433.09,4433.09,4429.12,4432.07,1662,31,0
2026-08-31 09:10:00,4432.09,4435.19,4431.8,4431.97,1350,31,0
2026-08-31 09:15:00,4432.0,4438.19,4431.27,4437.82,1680,31,0
2026-08-31 09:20:00,4437.82,4438.93,4434.68,4437.74,1551,31,0
2026-08-31 09:25:00,4437.75,4437.96,4434.46,4435.81,1288,31,0
2026-08-31 09:30:00,4435.92,4436.87,4431.19,4433.87,1515,31,0
2026-08-31 09:35:00,4433.85,4440.72,4433.75,4440.25,1324,31,0
2026-08-31 09:40:00,4440.24,4441.01,4438.74,4439.47,1054,31,0
2026-08-31 09:45:00,4439.47,4442.47,4438.93,4441.65,1261,31,0
2026-08-31 09:50:00,4441.65,4441.65,4437.33,4440.02,1438,31,0
2026-08-31 09:55:00,4439.94,4439.94,4436.53,4439.42,1372,32,0
2026-08-31 10:00:00,4439.42,4440.21,4436.86,4439.61,1487,31,0
2026-08-31 10:05:00,4439.52,4441.68,4436.65,4438.04,1312,31,0
2026-08-31 10:10:00,4438.04,4439.78,4435.5,4435.96,1098,31,0
2026-08-31 10:15:00,4435.92,4441.13,4435.03,4438.94,1189,31,0
2026-08-31 10:20:00,4439.04,4445.54,4438.33,4444.92,1396,31,0
2026-08-31 10:25:00,4444.93,4447.82,4443.26,4443.62,1210,31,0
2026-08-31 10:30:00,4443.56,4446.15,4440.9,4443.59,1355,31,0
2026-08-31 10:35:00,4443.62,4444.6,4441.61,4443.03,1086,31,0
2026-08-31 10:40:00,4443.02,4446.86,4441.12,4446.27,1017,31,0
2026-08-31 10:45:00,4446.27,4447.53,4443.06,4444.28,972,31,0
2026-08-31 10:50:00,4444.28,4444.39,4441.79,4443.79,950,31,0
2026-08-31 10:55:00,4443.71,4444.7,4440.52,4443.08,1046,31,0
2026-08-31 11:00:00,4443.07,4449.22,4442.67,4448.15,1606,31,0
2026-08-31 11:05:00,4448.17,4448.45,4441.67,4441.95,1130,31,0
2026-08-31 11:10:00,4441.93,4442.54,4436.82,4438.6,1176,31,0
2026-08-31 11:15:00,4438.59,4440.14,4435.93,4439.45,1287,31,0
2026-08-31 11:20:00,4439.45,4439.93,4437.17,4437.54,1076,32,0
2026-08-31 11:25:00,4437.54,4440.89,4437.39,4439.71,1178,31,0
2026-08-31 11:30:00,4439.72,4439.85,4435.27,4435.45,1103,31,0
2026-08-31 11:35:00,4435.45,4437.66,4434.79,4436.15,979,31,0
2026-08-31 11:40:00,4436.11,4436.81,4433.98,4434.94,1026,31,0
2026-08-31 11:45:00,4434.91,4436.22,4433.9,4435.81,895,31,0
2026-08-31 11:50:00,4435.81,4436.42,4433.36,4433.64,901,31,0
2026-08-31 11:55:00,4433.64,4435.59,4433.62,4435.17,854,31,0
2026-08-31 12:00:00,4435.13,4438.4,4435.08,4438.35,1041,31,0
2026-08-31 12:05:00,4438.35,4440.79,4436.03,4436.27,956,31,0
2026-08-31 12:10:00,4436.27,4442.48,4435.41,4442.48,1121,31,0
2026-08-31 12:15:00,4442.52,4443.73,4440.39,4440.68,915,31,0
2026-08-31 12:20:00,4440.64,4440.95,4438.11,4439.03,865,31,0
2026-08-31 12:25:00,4439.01,4439.29,4437.54,4438.66,785,31,0
2026-08-31 12:30:00,4438.66,4443.73,4438.51,4443.69,918,34,0
2026-08-31 12:35:00,4443.72,4444.18,4441.06,4441.18,742,34,0
2026-08-31 12:40:00,4441.18,4442.98,4440.32,4442.78,655,31,0
2026-08-31 12:45:00,4442.78,4444.66,4442.42,4442.76,821,31,0
2026-08-31 12:50:00,4442.74,4444.18,4440.88,4443.51,838,31,0
2026-08-31 12:55:00,4443.51,4445.33,4442.33,4445.29,749,31,0
2026-08-31 13:00:00,4445.31,4447.54,4444.61,4447.37,1091,31,0
2026-08-31 13:05:00,4447.29,4453.57,4446.95,4448.11,1314,31,0
2026-08-31 13:10:00,4448.17,4451.5,4446.11,4451.45,1225,31,0
2026-08-31 13:15:00,4451.43,4451.88,4446.31,4448.12,1103,31,0
2026-08-31 13:20:00,4448.12,4449.63,4447.19,4447.58,862,31,0
2026-08-31 13:25:00,4447.5,4448.78,4446.68,4448.19,1023,31,0
2026-08-31 13:30:00,4448.19,4450.1,4447.47,4448.44,1038,31,0
2026-08-31 13:35:00,4448.43,4451.08,4447.63,4449.87,978,31,0
2026-08-31 13:40:00,4449.89,4451.5,4448.55,4450.71,928,31,0
2026-08-31 13:45:00,4450.74,4451.2,4449.27,4450.73,821,31,0
2026-08-31 13:50:00,4450.73,4455.28,4450.41,4453.52,1052,32,0
2026-08-31 13:55:00,4453.55,4455.41,4453.36,4453.7,940,31,0
2026-08-31 14:00:00,4453.71,4456.69,4453.29,4455.9,1140,36,0
2026-08-31 14:05:00,4455.89,4456.95,4453.03,4456.55,1051,36,0
2026-08-31 14:10:00,4456.51,4457.49,4453.59,4453.75,902,32,0
2026-08-31 14:15:00,4453.76,4457.06,4452.45,4456.37,941,32,0
2026-08-31 14:20:00,4456.37,4458.39,4456.0,4457.97,888,35,0
2026-08-31 14:25:00,4457.95,4463.84,4457.88,4463.48,1074,36,0
2026-08-31 14:30:00,4463.48,4463.75,4458.25,4458.27,1242,36,0
2026-08-31 14:35:00,4458.28,4459.36,4454.45,4455.31,1074,36,0
2026-08-31 14:40:00,4455.31,4459.06,4453.24,4454.36,1371,36,0
2026-08-31 14:45:00,4454.39,4455.34,4452.5,4452.89,1027,34,0
2026-08-31 14:50:00,4452.9,4454.28,4452.09,4452.72,1064,31,0
2026-08-31 14:55:00,4452.74,4455.76,4452.72,4454.94,1009,34,0
2026-08-31 15:00:00,4454.81,4458.72,4454.5,4457.94,1259,34,0
2026-08-31 15:05:00,4457.95,4460.4,4449.19,4456.27,1494,36,0
2026-08-31 15:10:00,4456.27,4459.35,4454.57,4456.84,1387,36,0
2026-08-31 15:15:00,4456.87,4458.32,4454.67,4456.45,1275,36,0
2026-08-31 15:20:00,4456.41,4457.02,4449.9,4452.32,1463,36,0
2026-08-31 15:25:00,4452.32,4453.99,4446.93,4447.17,2175,36,0
2026-08-31 15:30:00,4447.06,4449.72,4445.33,4446.41,1827,36,0
2026-08-31 15:35:00,4446.41,4447.18,4441.64,4441.99,1753,36,0
2026-08-31 15:40:00,4441.96,4442.22,4438.89,4440.22,1642,35,0
2026-08-31 15:45:00,4440.2,4440.2,4435.66,4438.06,1583,32,0
2026-08-31 15:50:00,4438.06,4441.21,4436.68,4436.89,1371,33,0
2026-08-31 15:55:00,4436.86,4439.17,4435.17,4435.46,1577,32,0
2026-08-31 16:00:00,4434.2,4439.74,4433.54,4437.15,2498,36,0
2026-08-31 16:05:00,4437.13,4445.46,4436.04,4444.76,1902,36,0
2026-08-31 16:10:00,4444.76,4446.47,4442.59,4445.81,1751,32,0
2026-08-31 16:15:00,4445.81,4448.11,4441.29,4442.87,1780,31,0
2026-08-31 16:20:00,4442.85,4443.65,4439.12,4440.83,1496,31,0
2026-08-31 16:25:00,4440.83,4447.01,4440.38,4446.26,1886,31,0
2026-08-31 16:30:00,4446.3,4447.1,4437.64,4438.14,2828,36,0
2026-08-31 16:35:00,4438.31,4442.92,4435.48,4436.92,2862,36,0
2026-08-31 16:40:00,4436.91,4437.66,4431.84,4433.5,2722,36,0
2026-08-31 16:45:00,4433.48,4433.48,4424.59,4424.98,2784,36,0
2026-08-31 16:50:00,4424.97,4428.95,4419.16,4424.16,2665,36,0
2026-08-31 16:55:00,4424.16,4424.43,4415.48,4418.68,2457,36,0
2026-08-31 17:00:00,4418.77,4423.56,4416.02,4420.5,3013,36,0
2026-08-31 17:05:00,4420.47,4427.61,4419.64,4426.81,2664,36,0
2026-08-31 17:10:00,4426.81,4427.39,4420.92,4427.11,2595,34,0
2026-08-31 17:15:00,4427.03,4430.82,4424.5,4426.92,2564,33,0
2026-08-31 17:20:00,4426.87,4426.87,4416.21,4418.77,2498,34,0
2026-08-31 17:25:00,4418.76,4422.88,4417.32,4419.65,2463,34,0
2026-08-31 17:30:00,4419.65,4428.24,4419.01,4424.94,2500,33,0
2026-08-31 17:35:00,4424.95,4435.79,4424.56,4433.45,2542,32,0
2026-08-31 17:40:00,4433.45,4435.58,4431.25,4432.88,2267,31,0
2026-08-31 17:45:00,4432.86,4435.75,4428.12,4428.45,2254,31,0
2026-08-31 17:50:00,4428.3,4433.28,4425.95,4432.52,2436,32,0
2026-08-31 17:55:00,4432.51,4436.04,4430.95,4431.6,2417,34,0
2026-08-31 18:00:00,4431.71,4436.31,4428.32,4428.5,2431,35,0
2026-08-31 18:05:00,4428.45,4434.1,4428.07,4433.75,2212,32,0
2026-08-31 18:10:00,4433.8,4437.48,4431.75,4435.26,2305,34,0
2026-08-31 18:15:00,4435.25,4437.72,4429.01,4432.01,2257,35,0
2026-08-31 18:20:00,4432.06,4435.4,4429.34,4432.92,2133,34,0
2026-08-31 18:25:00,4432.94,4434.4,4430.49,4432.86,2038,31,0
2026-08-31 18:30:00,4432.83,4434.05,4428.64,4430.04,2428,36,0
2026-08-31 18:35:00,4430.16,4432.33,4426.98,4429.6,2116,34,0
2026-08-31 18:40:00,4429.6,4431.19,4426.01,4427.2,1862,31,0
2026-08-31 18:45:00,4427.19,4433.29,4426.95,4431.34,2059,31,0
2026-08-31 18:50:00,4431.31,4432.53,4426.74,4427.69,1852,31,0
2026-08-31 18:55:00,4427.7,4428.74,4424.45,4426.33,1897,31,0
2026-08-31 19:00:00,4426.31,4432.33,4423.53,4429.99,2111,33,0
2026-08-31 19:05:00,4429.96,4436.04,4429.67,4433.73,2033,33,0
2026-08-31 19:10:00,4433.71,4437.05,4432.65,4434.64,1775,32,0
2026-08-31 19:15:00,4434.67,4436.69,4434.26,4434.76,1391,32,0
2026-08-31 19:20:00,4434.76,4436.28,4433.24,4435.88,1561,31,0
2026-08-31 19:25:00,4435.88,4438.49,4435.07,4438.24,1125,34,0
2026-08-31 19:30:00,4438.28,4440.03,4435.29,4436.27,1667,35,0
2026-08-31 19:35:00,4436.27,4436.27,4431.18,4431.79,1593,36,0
2026-08-31 19:40:00,4431.78,4437.44,4431.11,4435.46,1711,36,0
2026-08-31 19:45:00,4435.45,4436.7,4432.21,4433.65,1438,36,0
2026-08-31 19:50:00,4433.65,4437.23,4433.44,4433.85,1279,36,0
2026-08-31 19:55:00,4433.86,4434.1,4431.99,4432.97,1215,35,0
2026-08-31 20:00:00,4432.96,4434.28,4430.94,4432.29,1599,35,0
2026-08-31 20:05:00,4432.29,4432.72,4430.53,4431.42,1435,36,0
2026-08-31 20:10:00,4431.42,4434.93,4431.21,4433.28,1297,35,0
2026-08-31 20:15:00,4433.29,4435.98,4432.59,4435.6,1234,36,0
2026-08-31 20:20:00,4435.79,4436.71,4432.41,4432.49,1430,36,0
2026-08-31 20:25:00,4432.55,4434.64,4428.48,4430.49,1948,36,0
2026-08-31 20:30:00,4430.47,4434.39,4429.69,4432.43,1540,36,0
2026-08-31 20:35:00,4432.52,4435.22,4432.51,4433.27,1358,35,0
2026-08-31 20:40:00,4433.27,4436.6,4432.62,4436.18,1220,34,0
2026-08-31 20:45:00,4436.13,4439.81,4435.63,4438.52,1315,35,0
2026-08-31 20:50:00,4438.54,4439.73,4437.08,4437.35,1212,31,0
2026-08-31 20:55:00,4437.36,4437.86,4435.46,4436.44,1023,33,0
2026-08-31 21:00:00,4436.42,4436.58,4430.52,4432.0,1614,33,0
2026-08-31 21:05:00,4431.97,4432.6,4430.95,4431.21,978,34,0
2026-08-31 21:10:00,4431.16,4433.49,4430.22,4433.45,1078,34,0
2026-08-31 21:15:00,4433.43,4434.31,4431.48,4431.77,933,33,0
2026-08-31 21:20:00,4431.76,4433.0,4431.57,4432.78,899,33,0
2026-08-31 21:25:00,4432.78,4432.87,4429.24,4429.29,1389,34,0
2026-08-31 21:30:00,4429.29,4429.29,4425.98,4427.23,1321,36,0
2026-08-31 21:35:00,4427.24,4428.43,4426.44,4428.03,1372,36,0
2026-08-31 21:40:00,4428.0,4430.04,4427.26,4428.92,1252,35,0
2026-08-31 21:45:00,4428.92,4432.76,4428.87,4432.6,1069,34,0
2026-08-31 21:50:00,4432.6,4434.35,4432.2,4433.25,987,31,0
2026-08-31 21:55:00,4433.25,4433.71,4430.26,4431.23,1124,31,0
2026-08-31 22:00:00,4431.23,4432.96,4428.98,4430.62,1294,36,0
2026-08-31 22:05:00,4430.64,4435.02,4430.57,4435.02,969,31,0
2026-08-31 22:10:00,4435.09,4435.2,4432.48,4433.55,943,31,0
2026-08-31 22:15:00,4433.49,4433.98,4433.16,4433.54,810,31,0
2026-08-31 22:20:00,4433.53,4439.32,4432.76,4438.91,961,31,0
2026-08-31 22:25:00,4438.91,4442.18,4437.94,4440.67,1135,36,0
2026-08-31 22:30:00,4440.78,4440.97,4439.27,4440.45,1119,36,0
2026-08-31 22:35:00,4440.44,4445.03,4439.95,4442.75,1481,36,0
2026-08-31 22:40:00,4442.73,4443.07,4438.82,4442.74,1247,36,0
2026-08-31 22:45:00,4442.7,4448.8,4441.3,4448.54,1479,36,0
2026-08-31 22:50:00,4448.51,4452.66,4447.26,4450.05,1904,36,0
2026-08-31 22:55:00,4449.97,4453.41,4447.61,4453.28,2168,36,0
2026-08-31 23:00:00,4453.16,4455.53,4452.35,4452.62,1494,36,0
2026-08-31 23:05:00,4452.62,4453.17,4451.27,4452.26,839,33,0
2026-08-31 23:10:00,4452.26,4452.71,4449.7,4449.84,618,31,0
2026-08-31 23:15:00,4449.83,4450.25,4448.63,4448.81,508,31,0
2026-08-31 23:20:00,4448.81,4448.81,4446.74,4447.66,483,31,0
2026-08-31 23:25:00,4447.66,4448.04,4446.77,4447.04,453,34,0
2026-08-31 23:30:00,4446.98,4448.5,4446.62,4448.15,446,36,0
2026-08-31 23:35:00,4448.15,4449.11,4447.64,4448.15,277,36,0
2026-08-31 23:40:00,4448.15,4448.61,4447.31,4448.01,328,44,0
2026-08-31 23:45:00,4447.99,4448.27,4446.66,4447.09,295,44,0
2026-08-31 23:50:00,4447.09,4447.09,4445.06,4446.98,375,44,0
2026-08-31 23:55:00,4446.96,4447.15,4446.07,4446.87,320,374,0
2026-09-01 01:05:00,4452.62,4454.18,4450.46,4453.95,576,368,0
2026-09-01 01:10:00,4453.95,4455.53,4451.47,4451.47,725,38,0
2026-09-01 01:15:00,4451.45,4451.98,4450.09,4450.09,418,38,0
2026-09-01 01:20:00,4450.09,4450.1,4447.85,4447.93,336,37,0
2026-09-01 01:25:00,4447.92,4450.37,4447.6,4449.68,444,37,0
2026-09-01 01:30:00,4449.65,4451.01,4448.66,4449.83,354,38,0
2026-09-01 01:35:00,4449.83,4449.89,4448.03,4448.31,356,37,0
2026-09-01 01:40:00,4448.29,4448.82,4447.12,4447.71,262,35,0
2026-09-01 01:45:00,4447.73,4448.08,4445.83,4446.88,351,35,0
2026-09-01 01:50:00,4446.88,4447.26,4445.46,4445.82,373,37,0
2026-09-01 01:55:00,4445.8,4447.69,4445.63,4446.96,374,35,0
2026-09-01 02:00:00,4446.98,4447.01,4445.67,4445.91,465,36,0
2026-09-01 02:05:00,4445.91,4446.59,4445.54,4446.06,440,35,0
2026-09-01 02:10:00,4446.06,4446.5,4443.76,4443.99,417,35,0
2026-09-01 02:15:00,4444.03,4444.05,4442.94,4443.21,329,35,0
2026-09-01 02:20:00,4443.21,4443.37,4441.71,4442.99,374,35,0
2026-09-01 02:25:00,4442.99,4444.17,4442.72,4443.19,310,35,0
2026-09-01 02:30:00,4443.2,4447.74,4443.05,4445.42,497,35,0
2026-09-01 02:35:00,4445.44,4446.21,4444.34,4444.68,360,36,0
2026-09-01 02:40:00,4444.7,4446.38,4442.95,4445.48,453,35,0
2026-09-01 02:45:00,4445.47,4449.26,4445.47,4446.34,904,37,0
2026-09-01 02:50:00,4446.34,4451.6,4446.19,4450.55,603,37,0
2026-09-01 02:55:00,4450.55,4452.45,4448.43,4452.43,856,36,0
2026-09-01 03:00:00,4452.43,4453.91,4446.21,4453.44,1997,38,0
2026-09-01 03:05:00,4453.39,4455.78,4450.48,4455.03,1771,37,0
2026-09-01 03:10:00,4455.02,4457.82,4452.6,4455.02,1445,37,0
2026-09-01 03:15:00,4455.03,4457.94,4452.44,4457.31,1548,36,0
2026-09-01 03:20:00,4457.31,4461.22,4457.31,4457.64,1242,36,0
2026-09-01 03:25:00,4457.59,4460.93,4456.8,4460.03,984,35,0
2026-09-01 03:30:00,4460.06,4460.79,4455.23,4457.15,892,35,0
2026-09-01 03:35:00,4457.15,4457.15,4452.59,4454.91,1077,37,0
2026-09-01 03:40:00,4454.91,4456.25,4451.84,4453.02,1146,36,0
2026-09-01 03:45:00,4453.12,4456.64,4452.12,4455.32,1341,37,0
2026-09-01 03:50:00,4455.38,4461.19,4455.22,4457.06,1246,37,0
2026-09-01 03:55:00,4457.08,4457.5,4451.31,4453.95,1419,35,0
2026-09-01 04:00:00,4453.96,4457.29,4448.48,4450.49,2793,38,0
2026-09-01 04:05:00,4450.49,4451.44,4447.6,4447.89,1962,37,0
2026-09-01 04:10:00,4447.86,4450.1,4446.54,4447.49,2022,37,0
2026-09-01 04:15:00,4447.5,4448.86,4444.25,4444.25,1952,37,0
2026-09-01 04:20:00,4444.24,4445.81,4439.82,4441.49,1492,35,0
2026-09-01 04:25:00,4441.38,4441.74,4439.07,4440.88,1539,35,0
2026-09-01 04:30:00,4440.89,4443.82,4437.52,4443.62,1858,36,0
2026-09-01 04:35:00,4443.62,4446.28,4441.79,4444.88,1668,36,0
2026-09-01 04:40:00,4444.88,4446.45,4441.56,4446.32,1487,35,0
2026-09-01 04:45:00,4446.33,4447.34,4441.28,4441.77,1577,35,0
2026-09-01 04:50:00,4441.76,4443.83,4439.8,4441.71,1540,35,0
2026-09-01 04:55:00,4441.73,4444.43,4441.18,4444.01,1509,35,0
2026-09-01 05:00:00,4444.02,4447.47,4442.44,4447.47,1587,37,0
2026-09-01 05:05:00,4447.74,4448.53,4441.75,4442.49,1612,35,0
2026-09-01 05:10:00,4442.51,4448.97,4442.4,4444.83,1431,37,0
2026-09-01 05:15:00,4444.84,4446.64,4444.65,4446.5,782,35,0
2026-09-01 05:20:00,4446.54,4448.11,4442.44,4442.91,874,35,0
2026-09-01 05:25:00,4442.86,4443.32,4440.14,4440.16,1127,35,0
2026-09-01 05:30:00,4440.13,4440.87,4435.13,4437.44,1826,36,0
2026-09-01 05:35:00,4437.43,4437.43,4432.16,4433.37,1909,37,0
2026-09-01 05:40:00,4433.37,4436.88,4431.49,4431.73,1486,35,0
2026-09-01 05:45:00,4431.62,4435.93,4427.27,4435.22,1788,35,0
2026-09-01 05:50:00,4435.24,4440.03,4434.16,4439.26,1289,35,0
2026-09-01 05:55:00,4439.26,4443.5,4438.5,4443.47,1179,35,0
2026-09-01 06:00:00,4443.47,4443.93,4439.6,4440.87,1540,36,0
2026-09-01 06:05:00,4440.87,4442.23,4439.43,4440.75,1068,35,0
2026-09-01 06:10:00,4440.87,4441.96,4438.45,4439.8,1158,35,0
2026-09-01 06:15:00,4439.8,4440.36,4436.42,4436.65,1108,35,0
2026-09-01 06:20:00,4436.47,4436.77,4432.38,4432.7,1384,35,0
2026-09-01 06:25:00,4432.7,4436.08,4431.75,4434.27,1085,35,0
2026-09-01 06:30:00,4434.28,4436.53,4433.25,4435.75,988,35,0
2026-09-01 06:35:00,4435.73,4437.57,4433.43,4437.52,848,35,0
2026-09-01 06:40:00,4437.52,4438.68,4437.12,4438.4,847,35,0
2026-09-01 06:45:00,4438.41,4442.94,4438.39,4441.11,652,35,0
2026-09-01 06:50:00,4441.1,4443.18,4440.87,4441.8,663,35,0
2026-09-01 06:55:00,4441.49,4441.49,4436.61,4436.79,759,35,0
2026-09-01 07:00:00,4436.79,4437.62,4435.66,4436.89,819,35,0
2026-09-01 07:05:00,4436.86,4437.24,4431.57,4431.85,865,35,0
2026-09-01 07:10:00,4431.85,4432.16,4429.94,4430.98,946,36,0
2026-09-01 07:15:00,4430.98,4433.53,4429.48,4430.02,1066,35,0
2026-09-01 07:20:00,4430.03,4432.3,4429.57,4431.95,514,35,0
2026-09-01 07:25:00,4431.69,4433.0,4429.39,4429.48,677,35,0
2026-09-01 07:30:00,4429.47,4430.08,4428.39,4429.84,800,37,0
2026-09-01 07:35:00,4429.84,4430.28,4428.77,4429.41,734,35,0
2026-09-01 07:40:00,4429.41,4429.8,4426.45,4427.54,855,35,0
2026-09-01 07:45:00,4427.57,4429.19,4425.35,4426.78,1018,37,0
2026-09-01 07:50:00,4426.79,4429.35,4425.17,4428.91,836,36,0
2026-09-01 07:55:00,4428.91,4428.94,4425.26,4426.32,872,35,0
2026-09-01 08:00:00,4426.34,4431.09,4425.94,4430.78,1072,35,0
2026-09-01 08:05:00,4430.7,4432.27,4429.89,4430.48,736,35,0
2026-09-01 08:10:00,4430.48,4431.03,4428.58,4429.01,842,35,0
2026-09-01 08:15:00,4429.01,4430.27,4425.01,4425.73,960,36,0
2026-09-01 08:20:00,4425.72,4427.47,4425.71,4426.9,986,36,0
2026-09-01 08:25:00,4426.89,4427.91,4425.56,4425.86,1060,35,0
2026-09-01 08:30:00,4425.8,4435.05,4423.45,4434.78,2102,38,0
2026-09-01 08:35:00,4434.78,4442.56,4433.02,4439.72,1786,37,0
2026-09-01 08:40:00,4439.74,4443.45,4438.19,4442.86,1783,38,0
2026-09-01 08:45:00,4442.86,4445.82,4440.9,4445.37,1783,36,0
2026-09-01 08:50:00,4445.37,4445.37,4441.09,4443.12,1311,35,0
2026-09-01 08:55:00,4443.12,4445.93,4439.9,4439.9,1326,35,0
2026-09-01 09:00:00,4439.9,4440.57,4435.47,4436.39,1588,31,0
2026-09-01 09:05:00,4436.39,4438.48,4435.21,4435.44,1355,31,0
2026-09-01 09:10:00,4435.45,4436.34,4431.66,4432.75,1360,31,0
2026-09-01 09:15:00,4432.73,4434.77,4432.45,4433.85,1188,31,0
2026-09-01 09:20:00,4433.85,4434.4,4430.67,4432.79,1188,31,0
2026-09-01 09:25:00,4432.78,4433.07,4427.41,4428.7,1276,33,0
2026-09-01 09:30:00,4428.7,4429.93,4428.17,4429.09,1292,31,0
2026-09-01 09:35:00,4429.13,4433.65,4429.12,4433.0,1086,32,0
2026-09-01 09:40:00,4433.0,4434.93,4432.45,4434.58,1093,31,0
2026-09-01 09:45:00,4434.58,4435.0,4429.11,4429.81,1168,31,0
2026-09-01 09:50:00,4429.79,4429.99,4427.93,4429.66,1019,31,0
2026-09-01 09:55:00,4429.66,4430.68,4429.07,4429.3,948,31,0
2026-09-01 10:00:00,4429.38,4434.58,4429.12,4433.8,1739,31,0
2026-09-01 10:05:00,4433.8,4433.91,4429.39,4430.28,1398,31,0
2026-09-01 10:10:00,4430.28,4432.78,4429.2,4432.52,1465,31,0
2026-09-01 10:15:00,4432.51,4433.21,4428.25,4429.08,1412,31,0
2026-09-01 10:20:00,4429.09,4432.05,4426.33,4426.47,1430,31,0
2026-09-01 10:25:00,4426.58,4429.41,4425.46,4425.6,1544,31,0
2026-09-01 10:30:00,4425.6,4427.93,4418.97,4425.1,1707,32,0
2026-09-01 10:35:00,4425.1,4425.43,4412.39,4413.19,1958,32,0
2026-09-01 10:40:00,4413.2,4421.46,4411.85,4417.98,1716,35,0
2026-09-01 10:45:00,4417.98,4422.23,4416.66,4422.06,1678,31,0
2026-09-01 10:50:00,4422.04,4422.89,4418.41,4418.92,1361,31,0
2026-09-01 10:55:00,4418.92,4421.9,4416.81,4418.3,1562,31,0
2026-09-01 11:00:00,4418.28,4418.77,4410.09,4410.85,2105,31,0
2026-09-01 11:05:00,4410.96,4418.44,4393.22,4393.65,2905,35,0
2026-09-01 11:10:00,4393.8,4406.18,4389.31,4405.11,2771,36,0
2026-09-01 11:15:00,4405.09,4405.46,4394.57,4394.82,2081,31,0
2026-09-01 11:20:00,4394.8,4397.96,4383.88,4384.92,2358,31,0
2026-09-01 11:25:00,4384.92,4387.27,4381.51,4382.7,2463,31,0
2026-09-01 11:30:00,4382.7,4383.43,4372.54,4374.28,2552,31,0
2026-09-01 11:35:00,4374.17,4376.64,4369.71,4374.36,2605,31,0
2026-09-01 11:40:00,4374.36,4380.66,4370.2,4375.47,2311,31,0
2026-09-01 11:45:00,4375.47,4378.12,4368.89,4376.93,2261,31,0
2026-09-01 11:50:00,4376.94,4377.49,4372.29,4376.31,2077,31,0
2026-09-01 11:55:00,4376.39,4377.59,4369.74,4370.12,1929,31,0
2026-09-01 12:00:00,4370.16,4374.95,4365.72,4373.79,2323,31,0
2026-09-01 12:05:00,4373.8,4374.73,4367.25,4369.45,2187,31,0
2026-09-01 12:10:00,4369.39,4375.67,4368.73,4375.53,1917,31,0
2026-09-01 12:15:00,4375.54,4377.62,4374.24,4375.94,1819,31,0
2026-09-01 12:20:00,4375.92,4377.38,4373.97,4374.87,1645,31,0
2026-09-01 12:25:00,4374.87,4374.9,4370.27,4372.19,1767,31,0
2026-09-01 12:30:00,4372.12,4372.59,4366.25,4370.29,1932,31,0
2026-09-01 12:35:00,4370.3,4370.67,4364.99,4367.35,1770,31,0
2026-09-01 12:40:00,4367.32,4371.15,4365.53,4370.96,1614,31,0
2026-09-01 12:45:00,4370.93,4373.13,4368.82,4368.82,1587,31,0
2026-09-01 12:50:00,4368.88,4371.32,4368.25,4370.18,1426,31,0
2026-09-01 12:55:00,4370.17,4372.81,4364.16,4364.32,1579,31,0
2026-09-01 13:00:00,4364.32,4370.38,4363.77,4368.38,1568,31,0
2026-09-01 13:05:00,4368.39,4374.31,4367.19,4372.87,1463,31,0
2026-09-01 13:10:00,4372.86,4381.38,4372.7,4378.31,1413,34,0
2026-09-01 13:15:00,4378.25,4382.85,4378.16,4380.72,1516,34,0
2026-09-01 13:20:00,4380.72,4384.84,4380.04,4384.04,1545,32,0
2026-09-01 13:25:00,4384.04,4385.19,4382.85,4384.66,1225,31,0
2026-09-01 13:30:00,4384.67,4385.34,4381.43,4383.35,1417,31,0
2026-09-01 13:35:00,4383.34,4385.25,4382.38,4383.94,1205,31,0
2026-09-01 13:40:00,4383.94,4385.67,4381.25,4381.25,1098,31,0
2026-09-01 13:45:00,4381.25,4381.37,4376.76,4377.85,1562,31,0
2026-09-01 13:50:00,4377.83,4378.3,4374.79,4375.46,1465,34,0
2026-09-01 13:55:00,4375.46,4379.66,4375.19,4377.73,1280,31,0
2026-09-01 14:00:00,4377.74,4380.27,4375.49,4379.47,1728,36,0
2026-09-01 14:05:00,4379.72,4382.3,4376.42,4381.54,1501,36,0
2026-09-01 14:10:00,4381.54,4382.72,4376.1,4376.93,1498,36,0
2026-09-01 14:15:00,4376.93,4377.02,4374.53,4375.83,1253,36,0
2026-09-01 14:20:00,4375.83,4381.26,4375.35,4377.34,1541,36,0
2026-09-01 14:25:00,4377.36,4381.55,4376.15,4379.94,1454,36,0
2026-09-01 14:30:00,4379.94,4381.78,4377.94,4380.04,1346,32,0
2026-09-01 14:35:00,4380.05,4383.79,4378.54,4383.27,1288,31,0
2026-09-01 14:40:00,4383.27,4384.39,4382.29,4383.71,1278,31,0
2026-09-01 14:45:00,4383.71,4386.81,4383.21,4384.84,1435,31,0
2026-09-01 14:50:00,4384.85,4386.32,4378.47,4378.53,1388,34,0
2026-09-01 14:55:00,4378.47,4378.53,4371.64,4374.07,1751,36,0
2026-09-01 15:00:00,4374.08,4374.17,4369.28,4371.3,1860,36,0
2026-09-01 15:05:00,4371.31,4372.41,4369.69,4370.17,1693,36,0
2026-09-01 15:10:00,4370.14,4371.96,4366.43,4370.25,1841,36,0
2026-09-01 15:15:00,4370.31,4374.93,4369.29,4370.74,1928,36,0
2026-09-01 15:20:00,4370.59,4371.29,4365.45,4367.33,2215,36,0
2026-09-01 15:25:00,4367.24,4375.57,4367.2,4367.92,2031,36,0
2026-09-01 15:30:00,4367.64,4368.35,4358.24,4358.42,2216,36,0
2026-09-01 15:35:00,4358.44,4360.54,4351.64,4357.05,2430,36,0
2026-09-01 15:40:00,4357.06,4364.48,4354.94,4364.32,2192,36,0
2026-09-01 15:45:00,4364.31,4369.53,4362.72,4364.16,2145,36,0
2026-09-01 15:50:00,4364.17,4364.97,4361.61,4362.71,1799,32,0
2026-09-01 15:55:00,4362.71,4362.82,4355.81,4355.88,2068,31,0
2026-09-01 16:00:00,4355.63,4357.36,4336.21,4339.18,3441,36,0
2026-09-01 16:05:00,4339.03,4342.64,4329.48,4331.68,3095,36,0
2026-09-01 16:10:00,4331.67,4334.97,4325.71,4329.54,2942,36,0
2026-09-01 16:15:00,4329.56,4333.57,4325.91,4333.56,2640,36,0
2026-09-01 16:20:00,4333.55,4336.76,4330.83,4335.41,2268,34,0
2026-09-01 16:25:00,4335.7,4344.16,4334.69,4342.87,2362,34,0
2026-09-01 16:30:00,4342.81,4354.34,4340.73,4353.22,3378,34,0
2026-09-01 16:35:00,4353.23,4356.42,4346.48,4352.62,3354,36,0
2026-09-01 16:40:00,4352.62,4362.04,4351.07,4361.66,2739,34,0
2026-09-01 16:45:00,4361.45,4362.03,4354.02,4360.79,2864,35,0
2026-09-01 16:50:00,4360.78,4364.59,4356.62,4358.37,2891,34,0
2026-09-01 16:55:00,4358.19,4367.0,4357.91,4363.99,2531,31,0
2026-09-01 17:00:00,4364.07,4370.54,4353.17,4353.17,3239,31,0
2026-09-01 17:05:00,4353.27,4369.28,4353.27,4365.88,2954,35,0
2026-09-01 17:10:00,4365.8,4370.36,4362.14,4370.36,2927,31,0
2026-09-01 17:15:00,4370.36,4374.26,4368.76,4371.18,2817,31,0
2026-09-01 17:20:00,4371.18,4375.38,4370.97,4372.99,2521,31,0
2026-09-01 17:25:00,4372.95,4374.07,4365.65,4365.79,2455,31,0
2026-09-01 17:30:00,4365.82,4372.05,4365.82,4372.05,2442,32,0
2026-09-01 17:35:00,4372.04,4373.03,4365.09,4365.68,2613,35,0
2026-09-01 17:40:00,4365.66,4367.58,4364.09,4366.72,2566,35,0
2026-09-01 17:45:00,4366.72,4370.17,4360.42,4361.47,2618,35,0
2026-09-01 17:50:00,4361.47,4367.74,4358.81,4359.95,2410,36,0
2026-09-01 17:55:00,4359.95,4360.55,4356.67,4360.55,2181,33,0
2026-09-01 18:00:00,4360.6,4362.79,4355.12,4357.21,2471,34,0
2026-09-01 18:05:00,4357.13,4360.3,4356.25,4359.87,2068,35,0
2026-09-01 18:10:00,4359.87,4362.68,4356.53,4357.01,2217,36,0
2026-09-01 18:15:00,4357.01,4363.6,4356.19,4362.96,2321,36,0
2026-09-01 18:20:00,4362.97,4365.3,4361.69,4362.08,1961,34,0
2026-09-01 18:25:00,4361.96,4365.74,4358.64,4365.61,1866,33,0
2026-09-01 18:30:00,4365.58,4366.67,4361.89,4362.66,2190,35,0
2026-09-01 18:35:00,4362.66,4366.38,4361.45,4363.98,2007,35,0
2026-09-01 18:40:00,4363.98,4370.7,4363.91,4370.55,1750,33,0
2026-09-01 18:45:00,4370.55,4371.3,4368.47,4370.98,1758,33,0
2026-09-01 18:50:00,4370.92,4373.08,4369.43,4372.66,1607,35,0
2026-09-01 18:55:00,4372.61,4373.69,4370.33,4373.0,1584,35,0
2026-09-01 19:00:00,4373.0,4374.69,4371.47,4371.81,1771,36,0
2026-09-01 19:05:00,4371.8,4373.16,4367.78,4367.93,1826,36,0
2026-09-01 19:10:00,4367.95,4368.47,4362.28,4362.28,1967,36,0
2026-09-01 19:15:00,4362.28,4365.43,4358.47,4358.61,2632,36,0
2026-09-01 19:20:00,4358.62,4358.64,4355.25,4357.59,2706,36,0
2026-09-01 19:25:00,4357.59,4358.72,4350.69,4350.69,2419,36,0
2026-09-01 19:30:00,4350.83,4352.98,4347.05,4348.54,2585,36,0
2026-09-01 19:35:00,4348.56,4355.28,4346.84,4354.84,2378,36,0
2026-09-01 19:40:00,4354.84,4357.49,4352.05,4354.55,2257,36,0
2026-09-01 19:45:00,4354.54,4358.89,4354.54,4357.19,1903,36,0
2026-09-01 19:50:00,4357.19,4358.2,4353.62,4354.96,1875,35,0
2026-09-01 19:55:00,4355.09,4355.98,4351.01,4351.26,1599,33,0
2026-09-01 20:00:00,4351.28,4351.83,4346.74,4346.74,1982,34,0
2026-09-01 20:05:00,4346.73,4347.63,4344.35,4345.94,1672,35,0
2026-09-01 20:10:00,4346.13,4347.58,4344.16,4346.24,1764,34,0
2026-09-01 20:15:00,4346.23,4348.41,4343.8,4346.19,1842,36,0
2026-09-01 20:20:00,4346.17,4347.9,4344.62,4346.87,1777,36,0
2026-09-01 20:25:00,4346.86,4349.86,4342.55,4349.61,2439,36,0
2026-09-01 20:30:00,4349.61,4351.7,4347.2,4347.5,2083,36,0
2026-09-01 20:35:00,4347.5,4350.52,4345.58,4345.82,1834,34,0
2026-09-01 20:40:00,4345.82,4346.87,4342.6,4343.67,1790,32,0
2026-09-01 20:45:00,4343.67,4344.13,4340.82,4342.66,1447,31,0
2026-09-01 20:50:00,4342.66,4344.33,4341.04,4343.07,1266,31,0
2026-09-01 20:55:00,4343.07,4343.83,4341.63,4342.91,1366,34,0
2026-09-01 21:00:00,4342.91,4344.29,4337.95,4338.71,1834,36,0
2026-09-01 21:05:00,4338.72,4340.09,4336.34,4336.37,1497,36,0
2026-09-01 21:10:00,4336.38,4337.28,4334.27,4336.18,1535,36,0
2026-09-01 21:15:00,4336.22,4340.74,4335.42,4340.28,1615,36,0
2026-09-01 21:20:00,4340.28,4341.43,4339.4,4340.97,1443,36,0
2026-09-01 21:25:00,4340.98,4340.98,4336.82,4337.18,1433,35,0
2026-09-01 21:30:00,4337.18,4337.18,4332.59,4333.58,1669,36,0
2026-09-01 21:35:00,4333.6,4333.96,4328.67,4329.4,1634,36,0
2026-09-01 21:40:00,4329.43,4330.54,4328.08,4329.25,1558,36,0
2026-09-01 21:45:00,4329.26,4331.28,4327.96,4331.28,1796,36,0
2026-09-01 21:50:00,4331.28,4333.9,4328.42,4328.52,1784,36,0
2026-09-01 21:55:00,4328.52,4333.12,4327.92,4330.94,1519,36,0
2026-09-01 22:00:00,4330.87,4332.14,4328.71,4331.37,1907,36,0
2026-09-01 22:05:00,4331.39,4333.46,4329.4,4330.99,1827,35,0
2026-09-01 22:10:00,4330.99,4336.99,4330.52,4336.9,1684,31,0
2026-09-01 22:15:00,4336.91,4337.3,4334.19,4334.7,1386,31,0
2026-09-01 22:20:00,4334.69,4335.24,4333.04,4333.62,1393,31,0
2026-09-01 22:25:00,4333.62,4335.02,4333.57,4334.14,1261,32,0
2026-09-01 22:30:00,4334.14,4334.35,4328.12,4329.53,1575,32,0
2026-09-01 22:35:00,4329.54,4330.13,4322.33,4322.91,1605,36,0
2026-09-01 22:40:00,4322.92,4327.59,4322.51,4326.09,1640,36,0
2026-09-01 22:45:00,4326.08,4329.15,4323.26,4326.98,1851,36,0
2026-09-01 22:50:00,4327.02,4330.02,4326.02,4327.91,1750,35,0
2026-09-01 22:55:00,4327.91,4329.15,4324.1,4326.89,1662,35,0
2026-09-01 23:00:00,4327.02,4329.09,4323.36,4327.92,1307,36,0
2026-09-01 23:05:00,4328.0,4330.39,4327.47,4328.74,952,34,0
2026-09-01 23:10:00,4328.73,4329.01,4325.29,4325.51,647,31,0
2026-09-01 23:15:00,4325.51,4328.0,4324.64,4327.59,597,31,0
2026-09-01 23:20:00,4327.59,4328.26,4326.57,4327.58,478,31,0
2026-09-01 23:25:00,4327.55,4328.66,4324.95,4325.67,610,31,0
2026-09-01 23:30:00,4325.7,4326.8,4325.57,4325.68,524,34,0
2026-09-01 23:35:00,4325.68,4327.55,4324.9,4327.23,486,34,0
2026-09-01 23:40:00,4327.21,4330.21,4326.79,4327.49,625,44,0
2026-09-01 23:45:00,4327.53,4329.42,4326.48,4327.9,569,44,0
2026-09-01 23:50:00,4326.5,4327.54,4325.74,4326.97,468,374,0
2026-09-01 23:55:00,4327.09,4327.42,4326.54,4327.03,220,374,0
2026-09-02 01:05:00,4329.21,4329.25,4327.24,4328.08,463,368,0
2026-09-02 01:10:00,4328.36,4329.77,4328.15,4328.9,567,38,0
2026-09-02 01:15:00,4328.9,4329.03,4327.12,4327.49,553,38,0
2026-09-02 01:20:00,4327.49,4328.33,4327.18,4327.66,455,38,0
2026-09-02 01:25:00,4327.65,4328.01,4326.85,4327.46,450,38,0
2026-09-02 01:30:00,4327.46,4328.31,4326.37,4327.07,407,37,0
2026-09-02 01:35:00,4327.06,4329.15,4326.88,4327.21,389,37,0
2026-09-02 01:40:00,4327.21,4328.26,4325.9,4327.76,414,37,0
2026-09-02 01:45:00,4327.76,4328.46,4327.04,4327.79,334,35,0
2026-09-02 01:50:00,4327.79,4330.67,4327.42,4328.98,474,35,0
2026-09-02 01:55:00,4328.98,4329.76,4328.8,4328.92,297,35,0
2026-09-02 02:00:00,4328.94,4329.3,4326.77,4329.18,533,35,0
2026-09-02 02:05:00,4329.18,4330.33,4328.02,4330.28,589,35,0
2026-09-02 02:10:00,4330.29,4331.97,4329.88,4330.16,351,35,0
2026-09-02 02:15:00,4330.16,4331.17,4329.1,4329.74,370,35,0
2026-09-02 02:20:00,4329.71,4330.5,4326.33,4327.06,536,35,0
2026-09-02 02:25:00,4327.09,4330.48,4325.41,4330.47,458,35,0
2026-09-02 02:30:00,4330.48,4332.69,4330.41,4332.62,499,35,0
2026-09-02 02:35:00,4332.63,4335.28,4331.31,4334.48,533,35,0
2026-09-02 02:40:00,4334.48,4335.26,4333.0,4333.52,511,35,0
2026-09-02 02:45:00,4333.52,4333.58,4330.86,4331.56,789,35,0
2026-09-02 02:50:00,4331.56,4332.19,4328.27,4328.27,567,35,0
2026-09-02 02:55:00,4328.2,4328.8,4322.81,4324.15,1046,36,0
2026-09-02 03:00:00,4324.16,4329.87,4315.88,4329.05,2166,38,0
2026-09-02 03:05:00,4329.05,4330.12,4317.96,4322.79,1866,38,0
2026-09-02 03:10:00,4322.76,4327.85,4318.53,4327.81,1630,37,0
2026-09-02 03:15:00,4327.79,4334.15,4326.98,4327.35,1704,37,0
2026-09-02 03:20:00,4327.48,4333.41,4323.86,4329.39,1939,37,0
2026-09-02 03:25:00,4329.41,4330.17,4322.26,4325.5,1618,36,0
2026-09-02 03:30:00,4325.51,4325.51,4320.06,4322.13,1830,35,0
2026-09-02 03:35:00,4322.14,4329.65,4322.09,4326.48,1644,36,0
2026-09-02 03:40:00,4326.47,4331.28,4323.43,4329.75,1506,35,0
2026-09-02 03:45:00,4329.79,4330.92,4322.81,4323.14,1522,36,0
2026-09-02 03:50:00,4323.14,4323.14,4314.26,4315.02,1402,36,0
2026-09-02 03:55:00,4315.3,4319.72,4314.69,4315.5,1759,37,0
2026-09-02 04:00:00,4315.43,4322.38,4304.46,4311.62,3444,38,0
2026-09-02 04:05:00,4311.6,4311.98,4303.84,4308.27,2540,37,0
2026-09-02 04:10:00,4308.32,4320.52,4308.04,4317.05,2325,37,0
2026-09-02 04:15:00,4317.05,4326.31,4315.79,4320.11,2128,36,0
2026-09-02 04:20:00,4320.12,4322.92,4317.24,4321.67,2159,36,0
2026-09-02 04:25:00,4321.68,4324.13,4315.05,4317.6,1877,36,0
2026-09-02 04:30:00,4317.53,4318.22,4304.95,4309.55,2344,36,0
2026-09-02 04:35:00,4309.55,4309.7,4304.86,4307.41,2034,38,0
2026-09-02 04:40:00,4307.41,4310.77,4306.35,4308.72,1849,36,0
2026-09-02 04:45:00,4308.72,4309.56,4303.86,4305.88,1920,36,0
2026-09-02 04:50:00,4305.88,4306.12,4290.63,4297.3,2304,37,0
2026-09-02 04:55:00,4297.3,4299.58,4288.36,4290.54,2052,35,0
2026-09-02 05:00:00,4290.54,4296.47,4287.01,4295.34,2118,35,0
2026-09-02 05:05:00,4295.44,4301.63,4291.47,4292.32,1851,35,0
2026-09-02 05:10:00,4292.32,4296.3,4289.18,4295.9,1602,35,0
2026-09-02 05:15:00,4295.91,4300.75,4295.85,4300.28,1174,35,0
2026-09-02 05:20:00,4300.28,4306.24,4299.76,4303.18,1407,35,0
2026-09-02 05:25:00,4303.17,4305.69,4301.39,4304.11,1267,35,0
2026-09-02 05:30:00,4304.11,4308.87,4299.31,4307.65,1925,35,0
2026-09-02 05:35:00,4307.64,4314.52,4306.23,4312.08,1676,35,0
2026-09-02 05:40:00,4312.08,4313.46,4308.89,4309.27,1748,35,0
2026-09-02 05:45:00,4309.29,4311.15,4308.89,4310.68,1444,35,0
2026-09-02 05:50:00,4310.68,4310.75,4305.49,4305.6,1351,35,0
2026-09-02 05:55:00,4305.75,4306.28,4300.66,4303.35,1567,37,0
2026-09-02 06:00:00,4303.36,4304.86,4299.89,4301.84,1462,37,0
2026-09-02 06:05:00,4301.83,4301.96,4297.9,4300.25,1552,35,0
2026-09-02 06:10:00,4300.25,4302.48,4298.77,4301.67,1215,35,0
2026-09-02 06:15:00,4301.67,4303.44,4297.46,4298.7,1524,35,0
2026-09-02 06:20:00,4298.7,4298.75,4290.46,4294.65,1612,37,0
2026-09-02 06:25:00,4294.64,4299.63,4294.0,4294.45,1376,35,0
2026-09-02 06:30:00,4294.48,4294.48,4285.54,4285.86,1490,35,0
2026-09-02 06:35:00,4285.88,4292.52,4283.35,4292.11,1470,35,0
2026-09-02 06:40:00,4292.11,4292.41,4285.97,4289.05,1128,35,0
2026-09-02 06:45:00,4289.0,4299.63,4289.0,4299.13,1200,35,0
2026-09-02 06:50:00,4299.13,4300.83,4296.46,4300.82,1129,35,0
2026-09-02 06:55:00,4300.8,4303.63,4300.17,4303.05,913,35,0
2026-09-02 07:00:00,4303.02,4305.35,4301.95,4303.77,1084,35,0
2026-09-02 07:05:00,4303.77,4306.5,4303.55,4304.85,876,36,0
2026-09-02 07:10:00,4304.89,4306.58,4303.64,4304.2,759,36,0
2026-09-02 07:15:00,4304.2,4305.39,4302.85,4303.12,954,37,0
2026-09-02 07:20:00,4303.14,4304.71,4301.35,4304.36,920,36,0
2026-09-02 07:25:00,4304.36,4304.72,4301.72,4302.83,761,35,0
2026-09-02 07:30:00,4302.84,4307.66,4302.53,4305.32,786,35,0
2026-09-02 07:35:00,4305.29,4306.49,4303.93,4304.52,706,35,0
2026-09-02 07:40:00,4304.51,4306.19,4302.6,4304.67,709,35,0
2026-09-02 07:45:00,4304.88,4306.51,4303.84,4305.52,837,35,0
2026-09-02 07:50:00,4305.53,4306.89,4305.11,4306.13,632,35,0
2026-09-02 07:55:00,4306.13,4307.77,4305.88,4307.74,605,35,0
2026-09-02 08:00:00,4307.74,4308.16,4305.6,4306.37,869,35,0
2026-09-02 08:05:00,4306.37,4306.53,4303.69,4304.64,907,35,0
2026-09-02 08:10:00,4304.96,4309.94,4304.75,4309.84,1195,37,0
2026-09-02 08:15:00,4309.85,4313.78,4309.85,4310.78,1190,37,0
2026-09-02 08:20:00,4310.74,4310.78,4306.76,4308.94,1123,36,0
2026-09-02 08:25:00,4308.93,4315.92,4308.66,4315.92,1231,37,0
2026-09-02 08:30:00,4315.13,4324.83,4314.6,4324.07,2395,38,0
2026-09-02 08:35:00,4324.03,4324.33,4317.62,4318.31,1602,37,0
2026-09-02 08:40:00,4318.33,4323.08,4317.21,4323.08,1431,37,0
2026-09-02 08:45:00,4323.09,4326.09,4322.35,4325.73,1480,36,0
2026-09-02 08:50:00,4325.73,4326.23,4319.35,4319.93,1397,37,0
2026-09-02 08:55:00,4319.93,4322.46,4319.15,4319.78,1364,36,0
2026-09-02 09:00:00,4319.78,4322.26,4317.59,4317.92,1962,33,0
2026-09-02 09:05:00,4317.95,4324.12,4317.51,4324.02,1763,31,0
2026-09-02 09:10:00,4324.02,4329.1,4320.78,4326.41,1815,31,0
2026-09-02 09:15:00,4326.41,4328.41,4321.77,4326.02,1758,31,0
2026-09-02 09:20:00,4326.01,4326.57,4320.66,4326.5,1641,33,0
2026-09-02 09:25:00,4326.42,4327.43,4322.15,4322.69,1589,31,0
2026-09-02 09:30:00,4322.67,4323.73,4318.32,4319.87,1601,31,0
2026-09-02 09:35:00,4319.81,4324.63,4316.69,4324.42,1686,31,0
2026-09-02 09:40:00,4324.44,4326.29,4322.65,4324.22,1818,31,0
2026-09-02 09:45:00,4324.22,4324.85,4316.46,4316.6,1731,31,0
2026-09-02 09:50:00,4316.6,4317.26,4314.55,4316.09,1626,31,0
2026-09-02 09:55:00,4316.09,4321.66,4315.82,4321.52,1606,31,0
2026-09-02 10:00:00,4321.55,4324.14,4319.12,4321.29,2020,31,0
2026-09-02 10:05:00,4321.33,4326.95,4319.07,4326.11,1727,31,0
2026-09-02 10:10:00,4326.33,4330.95,4326.33,4326.61,1796,31,0
2026-09-02 10:15:00,4326.57,4328.45,4325.4,4327.73,1570,31,0
2026-09-02 10:20:00,4327.73,4329.17,4324.88,4328.31,1596,31,0
2026-09-02 10:25:00,4328.31,4328.75,4324.99,4326.67,1674,31,0
2026-09-02 10:30:00,4326.68,4330.04,4324.93,4327.32,1459,31,0
2026-09-02 10:35:00,4327.32,4331.3,4326.16,4326.17,1452,31,0
2026-09-02 10:40:00,4326.25,4327.24,4321.87,4322.64,1469,31,0
2026-09-02 10:45:00,4322.67,4325.01,4321.85,4322.06,1470,31,0
2026-09-02 10:50:00,4322.06,4323.34,4320.5,4322.22,1373,31,0
2026-09-02 10:55:00,4322.22,4323.86,4320.76,4323.49,1309,31,0
2026-09-02 11:00:00,4323.48,4327.53,4322.08,4327.19,1775,33,0
2026-09-02 11:05:00,4327.19,4330.0,4322.76,4329.8,1619,31,0
2026-09-02 11:10:00,4329.82,4331.5,4324.59,4325.47,1448,31,0
2026-09-02 11:15:00,4325.46,4327.67,4324.72,4325.36,1431,31,0
2026-09-02 11:20:00,4325.36,4326.96,4323.99,4325.97,1358,31,0
2026-09-02 11:25:00,4325.99,4326.15,4322.57,4323.16,1432,31,0
2026-09-02 11:30:00,4323.16,4325.75,4320.81,4321.52,1464,31,0
2026-09-02 11:35:00,4321.49,4326.63,4319.42,4324.81,1497,31,0
2026-09-02 11:40:00,4324.8,4326.13,4320.29,4322.17,1446,31,0
2026-09-02 11:45:00,4322.15,4322.5,4319.64,4321.75,1306,31,0
2026-09-02 11:50:00,4321.75,4322.05,4313.14,4314.43,1631,31,0
2026-09-02 11:55:00,4314.37,4317.18,4312.43,4312.49,1587,31,0
2026-09-02 12:00:00,4312.51,4316.56,4312.3,4315.81,1710,31,0
2026-09-02 12:05:00,4315.81,4322.31,4315.78,4318.7,1542,31,0
2026-09-02 12:10:00,4318.35,4318.36,4313.52,4313.87,1449,31,0
2026-09-02 12:15:00,4313.87,4315.3,4313.32,4314.49,1422,31,0
2026-09-02 12:20:00,4314.48,4314.59,4308.94,4309.05,1497,31,0
2026-09-02 12:25:00,4309.02,4309.42,4305.03,4309.42,1555,31,0
2026-09-02 12:30:00,4309.43,4310.51,4307.33,4309.84,1490,32,0
2026-09-02 12:35:00,4309.79,4310.99,4307.71,4308.95,1432,31,0
2026-09-02 12:40:00,4309.08,4311.81,4308.92,4310.02,1326,31,0
2026-09-02 12:45:00,4310.02,4311.4,4309.7,4310.25,1327,31,0
2026-09-02 12:50:00,4310.26,4310.88,4307.99,4308.68,1166,31,0
2026-09-02 12:55:00,4308.7,4310.25,4308.0,4308.52,1267,31,0
2026-09-02 13:00:00,4308.52,4309.65,4304.27,4304.36,1274,31,0
2026-09-02 13:05:00,4304.36,4305.76,4301.83,4303.44,1362,32,0
2026-09-02 13:10:00,4303.46,4308.1,4302.41,4306.64,1239,31,0
2026-09-02 13:15:00,4306.63,4309.68,4306.03,4308.5,1159,31,0
2026-09-02 13:20:00,4308.5,4312.24,4308.5,4310.64,1049,31,0
2026-09-02 13:25:00,4310.64,4312.15,4309.56,4309.91,1078,31,0
2026-09-02 13:30:00,4309.92,4310.72,4307.33,4308.96,1125,31,0
2026-09-02 13:35:00,4308.88,4309.73,4307.28,4308.81,1124,31,0
2026-09-02 13:40:00,4308.83,4310.18,4307.75,4309.48,1040,31,0
2026-09-02 13:45:00,4309.48,4310.48,4308.21,4310.38,915,32,0
2026-09-02 13:50:00,4310.35,4310.46,4305.27,4308.36,1288,31,0
2026-09-02 13:55:00,4308.35,4309.63,4306.56,4309.22,1190,31,0
2026-09-02 14:00:00,4309.23,4312.92,4307.7,4312.56,1695,36,0
2026-09-02 14:05:00,4312.56,4314.51,4307.96,4312.66,1485,36,0
2026-09-02 14:10:00,4312.66,4324.23,4311.21,4322.19,2041,36,0
2026-09-02 14:15:00,4322.19,4322.95,4315.42,4318.77,2192,36,0
2026-09-02 14:20:00,4318.82,4319.71,4316.03,4318.71,1420,32,0
2026-09-02 14:25:00,4318.71,4322.72,4316.65,4321.52,1653,32,0
2026-09-02 14:30:00,4321.51,4329.89,4321.42,4329.76,1589,31,0
2026-09-02 14:35:00,4329.49,4332.57,4328.7,4332.07,1629,34,0
2026-09-02 14:40:00,4332.07,4332.65,4323.87,4324.49,1588,35,0
2026-09-02 14:45:00,4324.52,4327.07,4323.3,4325.55,1357,34,0
2026-09-02 14:50:00,4325.63,4330.85,4323.22,4330.14,1474,34,0
2026-09-02 14:55:00,4330.11,4332.61,4329.23,4331.64,1565,35,0
2026-09-02 15:00:00,4331.63,4335.56,4328.89,4334.49,2129,36,0
2026-09-02 15:05:00,4334.49,4336.11,4330.2,4334.2,2111,36,0
2026-09-02 15:10:00,4334.04,4334.46,4329.32,4332.74,1657,36,0
2026-09-02 15:15:00,4332.81,4334.81,4330.31,4330.56,1799,36,0
2026-09-02 15:20:00,4330.5,4344.23,4329.73,4338.6,3038,36,0
2026-09-02 15:25:00,4338.44,4342.11,4333.7,4335.96,1858,36,0
2026-09-02 15:30:00,4335.93,4337.32,4329.26,4330.1,1780,35,0
2026-09-02 15:35:00,4330.18,4333.16,4327.06,4333.04,1817,35,0
2026-09-02 15:40:00,4333.04,4334.62,4331.54,4333.93,1580,34,0
2026-09-02 15:45:00,4333.93,4338.86,4331.36,4338.85,1628,34,0
2026-09-02 15:50:00,4338.85,4338.85,4332.24,4333.99,1707,35,0
2026-09-02 15:55:00,4333.99,4334.4,4329.75,4331.04,1804,35,0
2026-09-02 16:00:00,4331.09,4341.37,4330.5,4338.28,2617,36,0
2026-09-02 16:05:00,4338.16,4343.88,4338.11,4341.62,2063,36,0
2026-09-02 16:10:00,4341.62,4344.2,4337.28,4339.41,1687,34,0
2026-09-02 16:15:00,4339.49,4344.02,4336.36,4342.11,1672,35,0
2026-09-02 16:20:00,4342.11,4347.98,4341.83,4347.6,1945,33,0
2026-09-02 16:25:00,4347.6,4358.22,4347.01,4357.92,2988,33,0
2026-09-02 16:30:00,4357.86,4367.11,4356.78,4364.77,3217,36,0
2026-09-02 16:35:00,4364.91,4368.44,4362.12,4367.05,3293,36,0
2026-09-02 16:40:00,4367.05,4379.43,4364.51,4378.08,3013,36,0
2026-09-02 16:45:00,4378.06,4379.32,4368.35,4368.51,3045,36,0
2026-09-02 16:50:00,4368.48,4378.16,4367.77,4376.66,2847,36,0
2026-09-02 16:55:00,4376.66,4385.51,4371.83,4385.29,2732,36,0
2026-09-02 17:00:00,4385.23,4385.57,4378.88,4384.43,3181,36,0
2026-09-02 17:05:00,4384.26,4396.44,4383.88,4389.94,3348,35,0
2026-09-02 17:10:00,4389.94,4397.35,4386.89,4387.87,3211,34,0
2026-09-02 17:15:00,4387.87,4392.43,4384.77,4391.9,3040,32,0
2026-09-02 17:20:00,4391.95,4397.04,4386.71,4387.08,2890,31,0
2026-09-02 17:25:00,4387.06,4390.12,4385.2,4386.62,2589,31,0
2026-09-02 17:30:00,4386.44,4388.04,4382.69,4386.33,2777,31,0
2026-09-02 17:35:00,4386.37,4387.53,4381.26,4382.8,2504,33,0
2026-09-02 17:40:00,4382.76,4385.88,4381.2,4385.28,2526,33,0
2026-09-02 17:45:00,4385.35,4386.75,4378.74,4380.74,2338,33,0
2026-09-02 17:50:00,4380.54,4382.26,4375.59,4376.77,2332,33,0
2026-09-02 17:55:00,4376.67,4378.34,4374.17,4376.8,2008,34,0
2026-09-02 18:00:00,4376.79,4380.62,4373.95,4377.46,2634,34,0
2026-09-02 18:05:00,4377.45,4380.41,4373.55,4376.22,2422,36,0
2026-09-02 18:10:00,4376.22,4377.97,4372.44,4372.54,2489,36,0
2026-09-02 18:15:00,4372.59,4372.62,4368.79,4369.88,2230,35,0
2026-09-02 18:20:00,4370.01,4371.46,4365.51,4369.92,2213,34,0
2026-09-02 18:25:00,4369.9,4372.83,4367.21,4372.5,2261,36,0
2026-09-02 18:30:00,4372.52,4375.06,4370.91,4371.21,2188,35,0
2026-09-02 18:35:00,4371.22,4372.47,4367.32,4370.5,2040,34,0
2026-09-02 18:40:00,4370.49,4372.07,4365.9,4365.96,1836,31,0
2026-09-02 18:45:00,4365.96,4369.51,4364.49,4367.7,1876,31,0
2026-09-02 18:50:00,4367.66,4369.61,4367.14,4368.54,1710,31,0
2026-09-02 18:55:00,4368.51,4373.74,4367.9,4372.54,1734,32,0
2026-09-02 19:00:00,4372.54,4374.62,4371.21,4372.8,1799,36,0
2026-09-02 19:05:00,4372.8,4373.03,4368.76,4370.31,1731,36,0
2026-09-02 19:10:00,4370.31,4373.02,4369.34,4372.18,1471,35,0
2026-09-02 19:15:00,4372.16,4372.22,4367.72,4369.5,1617,36,0
2026-09-02 19:20:00,4369.5,4370.72,4368.47,4369.2,1383,35,0
2026-09-02 19:25:00,4369.2,4369.97,4367.44,4368.49,1387,35,0
2026-09-02 19:30:00,4368.45,4370.28,4367.05,4367.09,1617,36,0
2026-09-02 19:35:00,4367.11,4368.74,4365.99,4368.37,1526,36,0
2026-09-02 19:40:00,4368.35,4368.37,4364.35,4364.54,1359,35,0
2026-09-02 19:45:00,4364.53,4366.39,4364.32,4365.43,1228,34,0
2026-09-02 19:50:00,4365.43,4370.4,4364.42,4369.62,1463,36,0
2026-09-02 19:55:00,4369.56,4370.08,4367.46,4368.19,1252,35,0
2026-09-02 20:00:00,4368.16,4370.48,4367.58,4370.46,1303,35,0
2026-09-02 20:05:00,4370.42,4370.82,4368.62,4369.6,1263,36,0
2026-09-02 20:10:00,4369.57,4370.2,4367.31,4368.52,1196,36,0
2026-09-02 20:15:00,4368.53,4368.77,4364.38,4365.13,1220,36,0
2026-09-02 20:20:00,4365.12,4367.13,4364.46,4366.81,1264,33,0
2026-09-02 20:25:00,4366.82,4369.62,4366.74,4369.4,1416,35,0
2026-09-02 20:30:00,4369.45,4371.27,4367.73,4367.73,1252,34,0
2026-09-02 20:35:00,4367.72,4369.18,4366.29,4366.31,1043,33,0
2026-09-02 20:40:00,4366.31,4377.35,4366.28,4376.1,1748,36,0
2026-09-02 20:45:00,4376.06,4380.35,4375.1,4375.69,2074,36,0
2026-09-02 20:50:00,4375.69,4377.16,4375.08,4375.87,1178,35,0
2026-09-02 20:55:00,4375.87,4378.14,4375.46,4377.1,1010,35,0
2026-09-02 21:00:00,4376.98,4377.26,4371.93,4374.67,1546,35,0
2026-09-02 21:05:00,4374.65,4375.4,4372.95,4373.27,1307,35,0
2026-09-02 21:10:00,4373.28,4373.7,4369.9,4369.94,1118,34,0
2026-09-02 21:15:00,4369.93,4379.3,4369.02,4377.16,1616,35,0
2026-09-02 21:20:00,4377.06,4379.45,4371.93,4372.68,1843,36,0
2026-09-02 21:25:00,4372.59,4373.54,4371.5,4372.71,1312,34,0
2026-09-02 21:30:00,4372.69,4377.75,4372.43,4376.24,1286,34,0
2026-09-02 21:35:00,4376.23,4377.66,4374.99,4375.91,1170,33,0
2026-09-02 21:40:00,4375.91,4376.29,4372.19,4372.72,1056,32,0
2026-09-02 21:45:00,4372.64,4374.33,4372.24,4373.63,1221,34,0
2026-09-02 21:50:00,4373.64,4375.5,4373.47,4374.39,1136,35,0
2026-09-02 21:55:00,4374.46,4375.0,4372.27,4373.84,1040,36,0
2026-09-02 22:00:00,4373.83,4374.83,4371.44,4374.67,1371,36,0
2026-09-02 22:05:00,4374.65,4377.09,4374.45,4376.77,1263,36,0
2026-09-02 22:10:00,4376.77,4379.93,4376.13,4378.86,1089,36,0
2026-09-02 22:15:00,4378.86,4379.9,4377.92,4379.24,1162,36,0
2026-09-02 22:20:00,4379.24,4380.68,4378.08,4379.59,1184,36,0
2026-09-02 22:25:00,4379.58,4382.7,4379.48,4380.91,1240,36,0
2026-09-02 22:30:00,4380.93,4383.64,4380.89,4383.28,1352,36,0
2026-09-02 22:35:00,4383.28,4383.77,4380.91,4383.69,1263,36,0
2026-09-02 22:40:00,4383.69,4388.27,4383.17,4387.6,1349,36,0
2026-09-02 22:45:00,4387.66,4388.47,4384.6,4386.18,1254,36,0
2026-09-02 22:50:00,4386.19,4389.36,4385.52,4386.75,1491,36,0
2026-09-02 22:55:00,4386.77,4390.83,4385.78,4390.78,1752,35,0
2026-09-02 23:00:00,4390.88,4391.09,4388.33,4389.96,1074,35,0
2026-09-02 23:05:00,4389.94,4390.71,4387.0,4387.58,704,31,0
2026-09-02 23:10:00,4387.64,4388.27,4385.64,4385.81,748,31,0
2026-09-02 23:15:00,4385.81,4386.03,4383.83,4384.77,1096,35,0
2026-09-02 23:20:00,4384.77,4385.51,4384.29,4385.33,555,31,0
2026-09-02 23:25:00,4385.32,4387.5,4384.94,4386.04,539,31,0
2026-09-02 23:30:00,4386.06,4387.58,4385.46,4387.2,464,31,0
2026-09-02 23:35:00,4387.22,4387.57,4386.61,4387.52,464,31,0
2026-09-02 23:40:00,4387.52,4389.47,4387.02,4387.58,481,44,0
2026-09-02 23:45:00,4387.6,4389.31,4386.91,4388.73,387,44,0
2026-09-02 23:50:00,4387.38,4388.99,4387.33,4387.39,377,374,0
2026-09-02 23:55:00,4387.34,4387.56,4385.73,4385.88,302,374,0
2026-09-03 01:05:00,4389.48,4390.18,4388.63,4388.92,332,367,0
2026-09-03 01:10:00,4388.92,4391.13,4388.91,4389.68,295,37,0
2026-09-03 01:15:00,4389.68,4389.8,4387.66,4388.29,392,37,0
2026-09-03 01:20:00,4388.29,4389.31,4387.92,4389.31,480,38,0
2026-09-03 01:25:00,4389.31,4390.58,4388.78,4389.52,380,37,0
2026-09-03 01:30:00,4389.52,4389.52,4387.53,4387.95,429,38,0
2026-09-03 01:35:00,4387.95,4388.23,4386.97,4387.28,355,36,0
2026-09-03 01:40:00,4387.28,4387.66,4384.65,4384.93,393,36,0
2026-09-03 01:45:00,4384.94,4385.0,4383.25,4383.91,422,37,0
2026-09-03 01:50:00,4383.91,4384.92,4383.59,4384.25,260,35,0
2026-09-03 01:55:00,4384.25,4384.74,4384.17,4384.43,193,35,0
2026-09-03 02:00:00,4384.47,4386.27,4384.05,4386.24,432,36,0
2026-09-03 02:05:00,4386.24,4386.47,4384.87,4386.42,388,36,0
2026-09-03 02:10:00,4386.43,4386.49,4383.5,4383.81,387,35,0
2026-09-03 02:15:00,4383.81,4383.92,4382.21,4382.27,395,35,0
2026-09-03 02:20:00,4382.27,4382.88,4381.94,4382.8,254,35,0
2026-09-03 02:25:00,4382.76,4382.86,4381.81,4381.99,247,35,0
2026-09-03 02:30:00,4382.0,4383.62,4381.51,4382.88,373,36,0
2026-09-03 02:35:00,4382.88,4383.38,4381.04,4383.2,426,37,0
2026-09-03 02:40:00,4383.2,4385.21,4382.95,4385.06,440,36,0
2026-09-03 02:45:00,4385.03,4388.63,4384.59,4386.49,888,37,0
2026-09-03 02:50:00,4386.47,4387.26,4384.4,4384.56,647,36,0
2026-09-03 02:55:00,4384.56,4386.69,4384.37,4385.22,612,36,0
2026-09-03 03:00:00,4385.2,4389.45,4384.29,4389.05,1277,38,0
2026-09-03 03:05:00,4389.05,4390.56,4384.77,4386.9,1085,37,0
2026-09-03 03:10:00,4386.9,4392.29,4386.88,4390.04,1027,37,0
2026-09-03 03:15:00,4390.0,4390.15,4385.08,4386.71,1033,36,0
2026-09-03 03:20:00,4386.82,4387.68,4385.07,4387.63,946,36,0
2026-09-03 03:25:00,4387.63,4389.98,4386.85,4386.97,935,35,0
2026-09-03 03:30:00,4386.97,4386.99,4382.47,4382.63,807,35,0
2026-09-03 03:35:00,4382.63,4389.34,4382.31,4388.88,943,37,0
2026-09-03 03:40:00,4388.88,4389.55,4386.87,4387.39,842,35,0
2026-09-03 03:45:00,4387.38,4389.74,4385.54,4389.74,1062,35,0
2026-09-03 03:50:00,4389.89,4393.68,4389.14,4391.52,1180,35,0
2026-09-03 03:55:00,4391.61,4397.64,4390.47,4395.43,1139,35,0
2026-09-03 04:00:00,4395.4,4396.61,4387.1,4395.2,2667,38,0
2026-09-03 04:05:00,4395.15,4402.73,4392.34,4402.7,2092,37,0
2026-09-03 04:10:00,4402.76,4409.05,4400.67,4400.74,2159,37,0
2026-09-03 04:15:00,4400.75,4403.35,4396.44,4398.12,1789,36,0
2026-09-03 04:20:00,4398.11,4402.55,4394.89,4395.45,1758,36,0
2026-09-03 04:25:00,4395.43,4401.76,4393.69,4401.13,1749,37,0
2026-09-03 04:30:00,4401.12,4408.98,4401.12,4408.83,2088,36,0
2026-09-03 04:35:00,4408.89,4409.13,4404.64,4407.43,1660,35,0
2026-09-03 04:40:00,4407.42,4407.77,4400.08,4400.38,1618,35,0
2026-09-03 04:45:00,4400.37,4407.93,4399.91,4407.19,1533,35,0
2026-09-03 04:50:00,4407.19,4407.52,4404.24,4407.22,1447,35,0
2026-09-03 04:55:00,4407.26,4412.04,4406.86,4409.94,1548,37,0
2026-09-03 05:00:00,4409.98,4415.2,4409.28,4410.51,1969,37,0
2026-09-03 05:05:00,4410.51,4412.56,4408.87,4410.57,1748,35,0
2026-09-03 05:10:00,4410.57,4413.11,4409.34,4411.13,2051,35,0
2026-09-03 05:15:00,4411.16,4413.1,4409.0,4409.95,1242,35,0
2026-09-03 05:20:00,4409.94,4412.27,4406.52,4409.42,1374,35,0
2026-09-03 05:25:00,4409.61,4411.38,4407.46,4411.28,1164,35,0
2026-09-03 05:30:00,4411.26,4417.13,4409.21,4415.25,1966,35,0
2026-09-03 05:35:00,4415.25,4417.81,4413.84,4416.02,1712,36,0
2026-09-03 05:40:00,4416.02,4416.66,4412.4,4413.37,1374,35,0
2026-09-03 05:45:00,4413.4,4417.25,4411.32,4417.03,1536,35,0
2026-09-03 05:50:00,4417.03,4419.88,4415.7,4419.48,1737,35,0
2026-09-03 05:55:00,4419.48,4420.29,4418.8,4420.16,1327,35,0
2026-09-03 06:00:00,4420.16,4425.01,4419.05,4424.2,1456,37,0
2026-09-03 06:05:00,4424.19,4426.02,4423.69,4425.0,1351,37,0
2026-09-03 06:10:00,4425.0,4429.95,4423.87,4428.67,1277,35,0
2026-09-03 06:15:00,4428.65,4430.23,4425.43,4426.36,1534,35,0
2026-09-03 06:20:00,4426.36,4426.84,4424.5,4426.36,1244,35,0
2026-09-03 06:25:00,4426.37,4431.06,4425.19,4429.21,1343,35,0
2026-09-03 06:30:00,4429.21,4432.04,4429.18,4431.54,936,35,0
2026-09-03 06:35:00,4431.54,4431.77,4429.17,4430.46,870,35,0
2026-09-03 06:40:00,4430.46,4430.59,4426.53,4426.53,891,35,0
2026-09-03 06:45:00,4426.53,4428.41,4425.01,4427.03,949,35,0
2026-09-03 06:50:00,4427.01,4430.49,4425.86,4430.28,867,38,0
2026-09-03 06:55:00,4430.25,4432.41,4429.56,4431.33,791,35,0
2026-09-03 07:00:00,4431.34,4431.66,4426.94,4426.98,937,35,0
2026-09-03 07:05:00,4426.93,4433.59,4425.53,4433.4,1309,37,0
2026-09-03 07:10:00,4433.43,4435.64,4430.56,4431.02,1094,35,0
2026-09-03 07:15:00,4431.07,4431.35,4429.89,4430.7,676,35,0
2026-09-03 07:20:00,4430.7,4433.9,4430.63,4433.49,673,36,0
2026-09-03 07:25:00,4433.49,4436.66,4433.46,4436.58,714,35,0
2026-09-03 07:30:00,4436.6,4437.09,4435.18,4436.95,901,35,0
2026-09-03 07:35:00,4436.92,4438.21,4435.98,4438.01,667,35,0
2026-09-03 07:40:00,4438.01,4438.17,4436.57,4437.92,540,35,0
2026-09-03 07:45:00,4437.92,4438.21,4436.06,4436.11,499,35,0
2026-09-03 07:50:00,4436.1,4436.38,4434.83,4435.49,483,37,0
2026-09-03 07:55:00,4435.5,4437.6,4433.98,4437.22,796,37,0
2026-09-03 08:00:00,4437.22,4440.04,4436.07,4436.42,846,38,0
2026-09-03 08:05:00,4436.44,4436.44,4430.26,4430.65,1068,37,0
2026-09-03 08:10:00,4430.67,4432.55,4428.81,4429.64,1043,38,0
2026-09-03 08:15:00,4429.63,4430.72,4426.92,4428.46,1278,38,0
2026-09-03 08:20:00,4428.48,4428.54,4421.97,4425.93,1667,37,0
2026-09-03 08:25:00,4425.92,4427.22,4422.73,4425.01,1581,37,0
2026-09-03 08:30:00,4424.55,4432.39,4422.28,4430.7,2277,38,0
2026-09-03 08:35:00,4430.72,4432.28,4425.36,4428.01,1918,37,0
2026-09-03 08:40:00,4428.0,4432.31,4425.58,4432.18,1926,37,0
2026-09-03 08:45:00,4432.17,4436.08,4428.34,4435.2,1674,37,0
2026-09-03 08:50:00,4435.21,4439.04,4432.61,4433.39,1579,35,0
2026-09-03 08:55:00,4433.4,4436.29,4430.33,4431.17,1492,32,0
2026-09-03 09:00:00,4431.2,4433.8,4428.58,4430.41,1932,36,0
2026-09-03 09:05:00,4430.43,4436.08,4429.52,4431.41,2122,36,0
2026-09-03 09:10:00,4431.4,4431.41,4425.7,4426.81,1675,36,0
2026-09-03 09:15:00,4426.9,4430.47,4425.02,4425.73,1701,36,0
2026-09-03 09:20:00,4425.74,4426.9,4417.43,4419.01,1609,36,0
2026-09-03 09:25:00,4419.17,4423.75,4418.67,4421.51,1565,36,0
2026-09-03 09:30:00,4421.5,4423.15,4420.23,4422.95,1582,36,0
2026-09-03 09:35:00,4422.95,4425.72,4422.38,4422.73,1494,35,0
2026-09-03 09:40:00,4422.73,4426.05,4422.64,4425.54,1268,32,0
2026-09-03 09:45:00,4425.47,4428.62,4425.13,4425.92,1394,34,0
2026-09-03 09:50:00,4425.91,4425.92,4422.72,4422.86,1230,34,0
2026-09-03 09:55:00,4422.84,4423.94,4420.46,4420.47,1281,35,0
2026-09-03 10:00:00,4420.46,4431.39,4419.02,4431.39,2103,35,0
2026-09-03 10:05:00,4431.42,4431.47,4423.54,4424.93,1832,36,0
2026-09-03 10:10:00,4424.92,4425.05,4421.54,4421.83,1472,36,0
2026-09-03 10:15:00,4421.83,4426.51,4421.38,4425.03,1285,34,0
2026-09-03 10:20:00,4425.01,4429.96,4424.25,4429.4,1265,35,0
2026-09-03 10:25:00,4429.4,4429.95,4425.19,4426.27,1595,34,0
2026-09-03 10:30:00,4426.27,4428.3,4426.24,4427.67,1419,35,0
2026-09-03 10:35:00,4427.68,4430.45,4423.45,4427.07,1816,35,0
2026-09-03 10:40:00,4427.06,4430.56,4426.36,4426.36,1360,31,0
2026-09-03 10:45:00,4426.36,4428.58,4424.13,4426.28,1259,31,0
2026-09-03 10:50:00,4426.3,4430.82,4424.64,4429.72,1399,31,0
2026-09-03 10:55:00,4429.72,4430.04,4427.96,4428.89,1161,31,0
2026-09-03 11:00:00,4428.91,4441.22,4427.91,4436.71,2326,31,0
2026-09-03 11:05:00,4436.7,4443.38,4434.83,4435.08,2673,36,0
2026-09-03 11:10:00,4435.1,4435.34,4430.56,4431.16,1837,36,0
2026-09-03 11:15:00,4431.13,4438.37,4430.49,4437.52,1600,35,0
2026-09-03 11:20:00,4437.53,4439.26,4434.75,4437.03,1611,35,0
2026-09-03 11:25:00,4437.0,4438.52,4434.75,4437.7,1362,35,0
2026-09-03 11:30:00,4437.7,4439.24,4435.59,4438.71,1400,35,0
2026-09-03 11:35:00,4438.75,4439.36,4433.89,4434.04,1108,35,0
2026-09-03 11:40:00,4434.05,4435.01,4431.14,4434.16,1138,36,0
2026-09-03 11:45:00,4434.16,4439.65,4434.16,4438.02,1276,36,0
2026-09-03 11:50:00,4438.02,4438.02,4434.08,4435.13,1255,36,0
2026-09-03 11:55:00,4435.19,4437.23,4433.73,4434.72,1096,35,0
2026-09-03 12:00:00,4434.72,4437.45,4433.85,4436.9,1492,36,0
2026-09-03 12:05:00,4436.96,4441.61,4434.81,4439.67,1339,36,0
2026-09-03 12:10:00,4439.32,4439.66,4437.51,4437.74,1137,36,0
2026-09-03 12:15:00,4437.79,4437.96,4434.25,4434.36,1238,35,0
2026-09-03 12:20:00,4434.36,4435.0,4431.72,4432.18,1254,36,0
2026-09-03 12:25:00,4432.21,4435.47,4431.86,4434.81,1149,34,0
2026-09-03 12:30:00,4434.79,4437.57,4433.4,4436.74,1471,36,0
2026-09-03 12:35:00,4436.7,4437.74,4430.34,4432.27,1309,36,0
2026-09-03 12:40:00,4432.27,4433.84,4429.15,4429.65,1119,33,0
2026-09-03 12:45:00,4429.62,4429.82,4426.75,4428.77,1011,31,0
2026-09-03 12:50:00,4428.77,4430.29,4426.45,4426.99,932,31,0
2026-09-03 12:55:00,4427.01,4429.05,4425.57,4427.37,1192,31,0
2026-09-03 13:00:00,4427.37,4428.24,4425.36,4427.19,1346,36,0
2026-09-03 13:05:00,4427.2,4429.72,4425.02,4425.15,1202,35,0
2026-09-03 13:10:00,4425.1,4425.59,4422.79,4424.39,1448,35,0
2026-09-03 13:15:00,4424.4,4425.55,4421.79,4421.99,1213,36,0
2026-09-03 13:20:00,4421.99,4422.83,4418.95,4420.62,1064,32,0
2026-09-03 13:25:00,4420.72,4423.94,4420.51,4422.19,1313,36,0
2026-09-03 13:30:00,4422.19,4424.06,4419.89,4422.41,1364,36,0
2026-09-03 13:35:00,4422.4,4424.71,4421.87,4424.5,1252,35,0
2026-09-03 13:40:00,4424.28,4426.28,4424.02,4425.6,975,31,0
2026-09-03 13:45:00,4425.57,4426.58,4424.1,4424.52,874,31,0
2026-09-03 13:50:00,4424.53,4428.0,4424.02,4427.91,983,31,0
2026-09-03 13:55:00,4427.9,4428.44,4426.81,4427.11,984,34,0
2026-09-03 14:00:00,4426.94,4429.03,4424.87,4426.22,1531,36,0
2026-09-03 14:05:00,4426.23,4430.84,4425.77,4430.46,1358,36,0
2026-09-03 14:10:00,4430.46,4432.57,4429.9,4432.53,1344,36,0
2026-09-03 14:15:00,4432.55,4437.77,4432.22,4434.14,1758,36,0
2026-09-03 14:20:00,4434.13,4434.46,4430.4,4431.21,1214,32,0
2026-09-03 14:25:00,4431.24,4435.06,4429.97,4434.21,1326,32,0
2026-09-03 14:30:00,4434.21,4435.3,4426.23,4434.22,1481,35,0
2026-09-03 14:35:00,4434.23,4436.69,4434.14,4435.57,1118,34,0
2026-09-03 14:40:00,4435.57,4439.12,4435.41,4438.63,987,34,0
2026-09-03 14:45:00,4438.62,4440.55,4436.41,4439.11,1313,34,0
2026-09-03 14:50:00,4439.13,4441.71,4438.0,4440.01,1183,36,0
2026-09-03 14:55:00,4440.01,4445.54,4439.66,4443.96,1228,36,0
2026-09-03 15:00:00,4443.96,4448.25,4440.95,4448.11,1754,36,0
2026-09-03 15:05:00,4448.11,4448.75,4444.59,4448.68,1543,35,0
2026-09-03 15:10:00,4448.72,4449.98,4443.16,4443.6,1573,35,0
2026-09-03 15:15:00,4443.58,4444.36,4440.66,4441.25,1572,32,0
2026-09-03 15:20:00,4441.22,4448.91,4436.87,4446.35,1989,34,0
2026-09-03 15:25:00,4446.35,4448.86,4445.91,4446.51,1551,35,0
2026-09-03 15:30:00,4446.62,4469.74,4446.35,4466.64,3611,35,0
2026-09-03 15:35:00,4466.69,4478.14,4459.71,4475.43,3285,36,0
2026-09-03 15:40:00,4475.43,4477.01,4463.82,4467.36,2819,36,0
2026-09-03 15:45:00,4467.48,4480.06,4465.28,4479.86,2707,36,0
2026-09-03 15:50:00,4479.86,4492.13,4479.37,4490.77,2752,36,0
2026-09-03 15:55:00,4490.77,4495.26,4489.8,4493.05,2730,36,0
2026-09-03 16:00:00,4493.2,4496.01,4487.51,4490.25,3516,36,0
2026-09-03 16:05:00,4490.32,4494.0,4486.0,4488.46,2656,35,0
2026-09-03 16:10:00,4488.45,4490.29,4484.84,4485.85,2525,33,0
2026-09-03 16:15:00,4485.85,4487.9,4479.25,4479.74,2502,34,0
2026-09-03 16:20:00,4479.76,4484.49,4478.4,4483.41,2309,35,0
2026-09-03 16:25:00,4483.41,4483.87,4476.08,4480.38,2231,34,0
2026-09-03 16:30:00,4480.36,4482.22,4473.96,4477.47,3293,35,0
2026-09-03 16:35:00,4477.38,4479.86,4472.45,4475.11,3055,33,0
2026-09-03 16:40:00,4475.02,4475.02,4467.79,4469.81,2762,31,0
2026-09-03 16:45:00,4469.63,4470.05,4456.43,4458.12,2689,31,0
2026-09-03 16:50:00,4458.15,4464.67,4457.87,4463.6,2934,31,0
2026-09-03 16:55:00,4463.6,4471.22,4459.3,4462.55,2479,31,0
2026-09-03 17:00:00,4462.7,4469.34,4458.23,4465.04,2982,36,0
2026-09-03 17:05:00,4465.08,4472.63,4462.06,4463.97,2956,34,0
2026-09-03 17:10:00,4463.91,4469.56,4461.12,4468.89,2986,35,0
2026-09-03 17:15:00,4468.93,4477.1,4468.77,4476.54,2875,31,0
2026-09-03 17:20:00,4476.85,4480.52,4471.8,4475.58,2621,31,0
2026-09-03 17:25:00,4475.59,4477.94,4470.48,4477.37,2610,31,0
2026-09-03 17:30:00,4477.35,4479.45,4470.38,4470.57,2545,34,0
2026-09-03 17:35:00,4470.56,4473.79,4468.25,4469.33,2564,35,0
2026-09-03 17:40:00,4469.32,4474.74,4465.92,4472.67,2273,35,0
2026-09-03 17:45:00,4472.71,4479.8,4472.71,4474.07,2309,36,0
2026-09-03 17:50:00,4474.0,4479.07,4473.93,4476.7,1875,31,0
2026-09-03 17:55:00,4476.7,4485.12,4470.58,4485.12,2480,31,0
2026-09-03 18:00:00,4485.13,4500.0,4484.02,4497.89,2622,35,0
2026-09-03 18:05:00,4498.01,4503.75,4496.52,4497.61,3023,36,0
2026-09-03 18:10:00,4497.63,4503.89,4495.23,4503.54,2578,31,0
2026-09-03 18:15:00,4503.47,4510.47,4501.21,4510.01,2568,31,0
2026-09-03 18:20:00,4510.04,4510.51,4503.62,4504.5,2487,32,0
2026-09-03 18:25:00,4504.5,4507.92,4503.91,4507.0,2236,33,0
2026-09-03 18:30:00,4507.0,4509.5,4499.39,4503.03,2407,34,0
2026-09-03 18:35:00,4503.02,4504.71,4495.14,4497.0,2202,31,0
2026-09-03 18:40:00,4496.99,4498.34,4494.76,4494.87,1839,31,0
2026-09-03 18:45:00,4494.91,4495.44,4487.49,4488.27,2014,31,0
2026-09-03 18:50:00,4488.3,4491.87,4487.27,4490.21,2032,34,0
2026-09-03 18:55:00,4490.21,4493.06,4485.89,4492.93,1804,31,0
2026-09-03 19:00:00,4492.93,4493.25,4489.94,4490.44,1788,31,0
2026-09-03 19:05:00,4490.44,4492.86,4487.42,4491.94,1815,36,0
2026-09-03 19:10:00,4491.96,4495.08,4491.94,4493.68,1634,36,0
2026-09-03 19:15:00,4493.68,4494.42,4491.02,4493.49,1478,35,0
2026-09-03 19:20:00,4493.49,4493.95,4490.78,4492.72,1303,35,0
2026-09-03 19:25:00,4492.72,4494.14,4490.38,4493.28,1719,36,0
2026-09-03 19:30:00,4493.28,4495.3,4489.21,4490.57,1636,36,0
2026-09-03 19:35:00,4490.58,4491.62,4489.72,4490.99,1611,35,0
2026-09-03 19:40:00,4490.99,4491.1,4486.66,4487.77,1472,36,0
2026-09-03 19:45:00,4487.62,4490.91,4487.14,4488.68,1408,35,0
2026-09-03 19:50:00,4488.69,4490.1,4485.34,4487.09,1389,35,0
2026-09-03 19:55:00,4487.04,4488.56,4485.71,4486.09,1238,31,0
2026-09-03 20:00:00,4486.11,4487.44,4482.96,4487.06,1663,33,0
2026-09-03 20:05:00,4487.05,4488.64,4485.49,4485.88,1340,32,0
2026-09-03 20:10:00,4485.98,4488.16,4485.63,4487.92,1266,31,0
2026-09-03 20:15:00,4487.92,4488.09,4485.03,4487.45,1272,34,0
2026-09-03 20:20:00,4487.28,4491.15,4487.02,4490.62,1383,31,0
2026-09-03 20:25:00,4490.59,4493.57,4489.58,4492.71,1474,35,0
2026-09-03 20:30:00,4492.69,4493.77,4490.67,4491.62,1327,36,0
2026-09-03 20:35:00,4491.62,4493.86,4491.32,4492.87,1206,31,0
2026-09-03 20:40:00,4492.84,4493.41,4491.65,4491.77,877,31,0
2026-09-03 20:45:00,4491.77,4494.49,4490.64,4491.2,1132,31,0
2026-09-03 20:50:00,4491.2,4491.28,4488.07,4489.89,956,34,0
2026-09-03 20:55:00,4489.88,4490.38,4486.35,4486.59,1036,34,0
2026-09-03 21:00:00,4486.59,4489.55,4486.48,4489.11,1331,36,0
2026-09-03 21:05:00,4489.11,4489.11,4484.44,4488.53,1323,36,0
2026-09-03 21:10:00,4488.59,4489.03,4483.63,4483.85,1227,36,0
2026-09-03 21:15:00,4483.87,4486.57,4483.69,4486.21,1149,31,0
2026-09-03 21:20:00,4486.21,4487.96,4481.81,4483.47,1173,31,0
2026-09-03 21:25:00,4483.47,4484.42,4479.66,4479.88,1459,36,0
2026-09-03 21:30:00,4479.9,4480.45,4475.93,4479.21,1558,36,0
2026-09-03 21:35:00,4479.21,4482.7,4478.54,4482.38,1060,33,0
2026-09-03 21:40:00,4482.37,4482.63,4480.65,4481.44,954,31,0
2026-09-03 21:45:00,4481.35,4482.6,4477.65,4478.27,1230,31,0
2026-09-03 21:50:00,4478.2,4479.18,4474.58,4474.64,1372,32,0
2026-09-03 21:55:00,4475.06,4476.3,4473.99,4474.99,1502,31,0
2026-09-03 22:00:00,4475.03,4476.41,4473.87,4474.56,1403,31,0
2026-09-03 22:05:00,4474.72,4476.24,4473.89,4476.16,1169,31,0
2026-09-03 22:10:00,4476.45,4476.83,4472.84,4474.42,1456,36,0
2026-09-03 22:15:00,4474.43,4476.57,4473.89,4476.21,1214,36,0
2026-09-03 22:20:00,4476.21,4476.28,4474.05,4474.15,1394,32,0
2026-09-03 22:25:00,4474.15,4475.79,4472.59,4475.76,1067,31,0
2026-09-03 22:30:00,4475.74,4477.57,4473.89,4473.89,1325,31,0
2026-09-03 22:35:00,4473.93,4476.04,4473.93,4475.1,1065,31,0
2026-09-03 22:40:00,4475.13,4478.62,4475.13,4477.41,1087,31,0
2026-09-03 22:45:00,4477.37,4480.56,4477.37,4479.06,1177,31,0
2026-09-03 22:50:00,4479.06,4479.17,4476.44,4477.45,1467,34,0
2026-09-03 22:55:00,4477.45,4478.39,4473.03,4475.18,1675,35,0
2026-09-03 23:00:00,4475.0,4475.38,4471.36,4471.72,1071,36,0
2026-09-03 23:05:00,4471.73,4473.39,4471.43,4472.79,508,31,0
2026-09-03 23:10:00,4472.8,4473.05,4471.44,4471.61,464,31,0
2026-09-03 23:15:00,4471.58,4471.72,4470.29,4470.82,541,31,0
2026-09-03 23:20:00,4470.86,4471.17,4470.44,4470.66,479,31,0
2026-09-03 23:25:00,4470.66,4472.28,4470.62,4471.47,468,33,0
2026-09-03 23:30:00,4471.49,4472.23,4471.12,4471.98,407,35,0
2026-09-03 23:35:00,4471.99,4472.43,4470.77,4471.34,487,35,0
2026-09-03 23:40:00,4471.3,4472.54,4470.9,4472.13,337,44,0
2026-09-03 23:45:00,4472.12,4472.91,4471.45,4472.54,408,44,0
2026-09-03 23:50:00,4471.2,4472.39,4470.97,4471.79,386,374,0
2026-09-03 23:55:00,4471.72,4472.22,4471.21,4471.66,264,374,0
2026-09-04 01:05:00,4474.29,4475.65,4473.67,4474.14,414,368,0
2026-09-04 01:10:00,4474.22,4478.11,4473.97,4477.94,647,38,0
2026-09-04 01:15:00,4477.95,4478.43,4476.11,4476.31,489,38,0
2026-09-04 01:20:00,4476.31,4476.45,4474.53,4474.63,363,38,0
2026-09-04 01:25:00,4474.66,4475.36,4473.88,4474.66,354,38,0
2026-09-04 01:30:00,4474.6,4476.26,4473.86,4474.51,427,37,0
2026-09-04 01:35:00,4474.41,4474.59,4472.48,4472.5,476,37,0
2026-09-04 01:40:00,4472.53,4476.1,4472.48,4473.57,527,38,0
2026-09-04 01:45:00,4473.57,4474.63,4471.14,4474.16,576,36,0
2026-09-04 01:50:00,4474.09,4475.55,4471.7,4474.24,725,38,0
2026-09-04 01:55:00,4474.24,4474.93,4473.35,4474.13,299,35,0
2026-09-04 02:00:00,4474.14,4476.33,4474.1,4476.22,389,35,0
2026-09-04 02:05:00,4476.22,4477.33,4472.24,4475.52,572,35,0
2026-09-04 02:10:00,4475.53,4475.81,4473.57,4473.9,324,35,0
2026-09-04 02:15:00,4473.9,4474.77,4471.36,4473.08,488,35,0
2026-09-04 02:20:00,4472.86,4472.86,4471.6,4472.04,374,35,0
2026-09-04 02:25:00,4472.04,4474.24,4471.93,4473.49,381,35,0
2026-09-04 02:30:00,4473.49,4475.74,4473.26,4474.53,546,37,0
2026-09-04 02:35:00,4474.51,4477.9,4474.42,4477.5,431,35,0
2026-09-04 02:40:00,4477.5,4477.96,4475.84,4476.96,376,35,0
2026-09-04 02:45:00,4476.96,4476.98,4474.58,4474.71,529,37,0
2026-09-04 02:50:00,4474.77,4479.14,4474.77,4476.85,768,38,0
2026-09-04 02:55:00,4476.84,4479.92,4476.84,4479.67,640,35,0
2026-09-04 03:00:00,4479.68,4480.66,4477.69,4480.66,1054,35,0
2026-09-04 03:05:00,4480.66,4482.6,4479.33,4479.61,1194,38,0
2026-09-04 03:10:00,4479.61,4482.81,4479.09,4480.3,909,37,0
2026-09-04 03:15:00,4480.34,4480.56,4476.01,4476.4,845,35,0
2026-09-04 03:20:00,4476.4,4479.26,4475.93,4477.32,849,35,0
2026-09-04 03:25:00,4477.29,4477.29,4473.86,4474.08,858,35,0
2026-09-04 03:30:00,4474.11,4479.06,4472.29,4478.86,985,35,0
2026-09-04 03:35:00,4478.86,4479.03,4475.74,4475.8,752,35,0
2026-09-04 03:40:00,4475.8,4481.77,4475.5,4481.77,923,35,0
2026-09-04 03:45:00,4481.73,4484.59,4480.94,4480.94,935,35,0
2026-09-04 03:50:00,4480.94,4483.87,4480.38,4481.94,991,35,0
2026-09-04 03:55:00,4481.99,4486.75,4481.32,4486.25,1134,35,0
2026-09-04 04:00:00,4486.29,4486.92,4477.53,4477.53,2371,37,0
2026-09-04 04:05:00,4477.53,4479.62,4474.72,4477.48,1729,37,0
2026-09-04 04:10:00,4477.48,4482.57,4474.0,4474.22,1407,36,0
2026-09-04 04:15:00,4474.21,4478.47,4474.0,4475.68,1546,35,0
2026-09-04 04:20:00,4475.71,4478.46,4473.96,4474.32,1526,36,0
2026-09-04 04:25:00,4474.4,4475.44,4467.61,4470.73,1765,36,0
2026-09-04 04:30:00,4470.79,4472.61,4468.81,4469.44,1639,35,0
2026-09-04 04:35:00,4469.44,4476.48,4467.84,4473.16,1467,35,0
2026-09-04 04:40:00,4473.15,4476.55,4470.76,4473.62,1413,35,0
2026-09-04 04:45:00,4473.65,4473.65,4466.8,4468.18,1309,35,0
2026-09-04 04:50:00,4468.13,4473.6,4467.82,4473.29,1243,35,0
2026-09-04 04:55:00,4473.29,4480.23,4473.08,4478.63,1373,37,0
2026-09-04 05:00:00,4478.63,4482.31,4478.12,4480.36,1257,36,0
2026-09-04 05:05:00,4480.36,4480.53,4477.32,4478.39,1055,35,0
2026-09-04 05:10:00,4478.38,4480.05,4477.0,4479.1,1119,35,0
2026-09-04 05:15:00,4479.1,4480.02,4476.89,4478.3,690,35,0
2026-09-04 05:20:00,4478.32,4478.34,4473.74,4476.87,752,36,0
2026-09-04 05:25:00,4476.89,4477.42,4471.4,4473.65,976,37,0
2026-09-04 05:30:00,4473.66,4475.63,4469.87,4470.36,1728,37,0
2026-09-04 05:35:00,4470.36,4476.16,4469.68,4475.57,1104,37,0
2026-09-04 05:40:00,4475.7,4476.08,4469.46,4469.47,1214,36,0
2026-09-04 05:45:00,4469.47,4474.61,4468.83,4474.55,992,35,0
2026-09-04 05:50:00,4474.56,4478.06,4473.69,4478.06,1068,35,0
2026-09-04 05:55:00,4478.05,4479.45,4474.53,4475.9,976,35,0
2026-09-04 06:00:00,4475.89,4477.27,4474.33,4474.72,1049,35,0
2026-09-04 06:05:00,4474.72,4474.74,4470.15,4470.57,1113,35,0
2026-09-04 06:10:00,4470.57,4472.05,4468.79,4471.89,861,35,0
2026-09-04 06:15:00,4471.89,4472.78,4470.1,4472.13,776,35,0
2026-09-04 06:20:00,4472.13,4474.01,4471.23,4473.26,915,35,0
2026-09-04 06:25:00,4473.25,4474.18,4471.71,4472.4,816,35,0
2026-09-04 06:30:00,4472.39,4475.25,4472.19,4474.74,846,35,0
2026-09-04 06:35:00,4474.74,4474.93,4472.53,4472.84,518,35,0
2026-09-04 06:40:00,4472.83,4473.18,4469.13,4469.3,756,36,0
2026-09-04 06:45:00,4469.26,4469.99,4468.88,4469.2,598,35,0
2026-09-04 06:50:00,4469.16,4470.0,4467.29,4469.41,703,35,0
2026-09-04 06:55:00,4469.4,4469.81,4466.68,4467.02,539,35,0
2026-09-04 07:00:00,4467.02,4468.96,4464.9,4468.53,1067,36,0
2026-09-04 07:05:00,4468.53,4469.46,4466.98,4467.8,672,35,0
2026-09-04 07:10:00,4467.79,4469.67,4467.17,4468.92,694,35,0
2026-09-04 07:15:00,4468.92,4469.29,4468.05,4468.6,515,35,0
2026-09-04 07:20:00,4468.59,4470.01,4468.27,4469.74,490,35,0
2026-09-04 07:25:00,4469.74,4471.97,4468.62,4471.25,621,37,0
2026-09-04 07:30:00,4471.25,4474.33,4471.24,4471.94,780,35,0
2026-09-04 07:35:00,4471.94,4474.52,4471.54,4473.98,580,35,0
2026-09-04 07:40:00,4473.96,4474.54,4473.12,4473.5,490,35,0
2026-09-04 07:45:00,4473.53,4474.19,4472.36,4473.14,560,35,0
2026-09-04 07:50:00,4473.15,4474.7,4473.15,4474.12,422,35,0
2026-09-04 07:55:00,4474.15,4474.32,4473.4,4473.48,431,35,0
2026-09-04 08:00:00,4473.33,4474.31,4470.55,4470.59,836,36,0
2026-09-04 08:05:00,4470.58,4471.66,4468.25,4468.94,748,37,0
2026-09-04 08:10:00,4468.95,4469.31,4467.12,4469.31,706,37,0
2026-09-04 08:15:00,4469.31,4474.87,4468.42,4473.51,795,37,0
2026-09-04 08:20:00,4473.45,4473.84,4469.87,4470.59,706,35,0
2026-09-04 08:25:00,4470.59,4470.85,4467.05,4467.13,754,35,0
2026-09-04 08:30:00,4466.46,4474.78,4466.42,4472.77,1771,38,0
2026-09-04 08:35:00,4472.75,4476.51,4468.91,4475.97,1260,37,0
2026-09-04 08:40:00,4475.97,4477.21,4470.11,4470.69,1208,37,0
2026-09-04 08:45:00,4470.69,4472.4,4470.12,4470.12,1026,36,0
2026-09-04 08:50:00,4470.1,4470.1,4466.83,4466.9,1115,35,0
2026-09-04 08:55:00,4466.88,4471.6,4466.76,4471.51,1027,36,0
2026-09-04 09:00:00,4471.51,4472.82,4468.63,4470.35,1530,36,0
2026-09-04 09:05:00,4470.35,4471.43,4467.53,4468.81,1262,36,0
2026-09-04 09:10:00,4468.79,4471.12,4466.27,4468.48,1347,36,0
2026-09-04 09:15:00,4468.47,4468.88,4466.8,4468.33,1030,36,0
2026-09-04 09:20:00,4468.33,4471.13,4466.27,4467.51,1149,36,0
2026-09-04 09:25:00,4467.49,4471.4,4467.39,4468.45,1139,36,0
2026-09-04 09:30:00,4468.44,4469.31,4463.76,4464.49,1489,36,0
2026-09-04 09:35:00,4464.5,4466.18,4462.86,4465.97,1466,36,0
2026-09-04 09:40:00,4465.98,4468.28,4463.75,4463.89,1276,36,0
2026-09-04 09:45:00,4463.89,4463.98,4461.21,4461.52,1400,36,0
2026-09-04 09:50:00,4461.52,4464.21,4461.06,4462.29,1257,35,0
2026-09-04 09:55:00,4462.29,4463.21,4459.98,4461.98,1283,35,0
2026-09-04 10:00:00,4462.0,4467.49,4461.32,4466.29,1582,35,0
2026-09-04 10:05:00,4466.23,4468.96,4464.81,4468.49,1262,36,0
2026-09-04 10:10:00,4468.48,4471.28,4467.64,4467.65,1237,35,0
2026-09-04 10:15:00,4467.64,4469.07,4466.53,4469.05,985,35,0
2026-09-04 10:20:00,4469.05,4469.76,4466.7,4469.41,945,31,0
2026-09-04 10:25:00,4469.41,4472.57,4467.91,4472.54,1017,31,0
2026-09-04 10:30:00,4472.53,4475.24,4472.43,4474.52,1133,35,0
2026-09-04 10:35:00,4474.47,4476.19,4474.01,4474.92,1049,32,0
2026-09-04 10:40:00,4474.92,4486.0,4474.39,4485.52,1450,33,0
2026-09-04 10:45:00,4485.37,4490.48,4484.15,4487.63,1424,36,0
2026-09-04 10:50:00,4487.65,4487.86,4482.42,4484.4,1110,36,0
2026-09-04 10:55:00,4484.01,4486.29,4481.27,4483.3,1374,36,0
2026-09-04 11:00:00,4483.29,4486.28,4483.03,4483.5,1485,36,0
2026-09-04 11:05:00,4483.5,4483.64,4480.22,4480.63,1306,35,0
2026-09-04 11:10:00,4480.63,4483.64,4479.1,4481.73,1144,34,0
2026-09-04 11:15:00,4481.73,4483.77,4481.0,4482.35,1103,31,0
2026-09-04 11:20:00,4482.35,4483.81,4479.8,4479.9,938,32,0
2026-09-04 11:25:00,4479.89,4482.08,4479.32,4480.87,1053,33,0
2026-09-04 11:30:00,4480.88,4482.16,4477.76,4480.56,1151,36,0
2026-09-04 11:35:00,4480.61,4481.25,4477.11,4478.22,1072,36,0
2026-09-04 11:40:00,4478.22,4478.77,4477.14,4477.24,996,36,0
2026-09-04 11:45:00,4477.24,4478.22,4474.5,4474.69,898,33,0
2026-09-04 11:50:00,4474.72,4476.94,4474.11,4476.38,841,33,0
2026-09-04 11:55:00,4476.38,4479.33,4476.38,4477.41,829,35,0
2026-09-04 12:00:00,4477.43,4478.79,4476.16,4477.84,1066,36,0
2026-09-04 12:05:00,4477.82,4477.9,4472.83,4474.66,887,36,0
2026-09-04 12:10:00,4474.66,4474.66,4468.66,4469.66,1005,35,0
2026-09-04 12:15:00,4469.64,4470.33,4466.49,4466.52,1191,36,0
2026-09-04 12:20:00,4466.48,4467.12,4463.7,4464.05,1276,36,0
2026-09-04 12:25:00,4464.05,4466.15,4463.4,4465.86,1162,36,0
2026-09-04 12:30:00,4465.92,4469.63,4464.06,4466.62,1484,36,0
2026-09-04 12:35:00,4466.63,4469.18,4465.97,4467.25,987,36,0
2026-09-04 12:40:00,4467.2,4467.89,4465.19,4466.77,874,33,0
2026-09-04 12:45:00,4466.77,4468.98,4466.7,4468.55,848,34,0
2026-09-04 12:50:00,4468.55,4468.91,4466.47,4466.49,834,31,0
2026-09-04 12:55:00,4466.51,4468.97,4464.78,4464.78,1000,36,0
2026-09-04 13:00:00,4464.8,4469.48,4464.65,4468.79,976,36,0
2026-09-04 13:05:00,4468.8,4470.19,4468.07,4469.98,726,31,0
2026-09-04 13:10:00,4469.93,4472.51,4468.38,4472.14,793,31,0
2026-09-04 13:15:00,4472.18,4472.7,4470.52,4471.2,735,33,0
2026-09-04 13:20:00,4471.22,4471.31,4467.55,4467.81,745,34,0
2026-09-04 13:25:00,4467.84,4472.95,4467.81,4470.6,1085,36,0
2026-09-04 13:30:00,4470.68,4474.51,4470.26,4472.6,881,36,0
2026-09-04 13:35:00,4472.6,4472.85,4469.43,4472.72,861,34,0
2026-09-04 13:40:00,4472.72,4473.46,4471.97,4472.94,760,34,0
2026-09-04 13:45:00,4472.93,4475.77,4472.89,4474.46,887,33,0
2026-09-04 13:50:00,4474.5,4475.27,4473.0,4474.15,736,34,0
2026-09-04 13:55:00,4474.14,4474.53,4472.06,4472.18,711,34,0
2026-09-04 14:00:00,4472.21,4472.76,4469.91,4471.42,1127,36,0
2026-09-04 14:05:00,4471.47,4471.64,4468.94,4470.33,800,34,0
2026-09-04 14:10:00,4470.28,4470.72,4469.06,4469.7,841,36,0
2026-09-04 14:15:00,4469.7,4470.06,4465.83,4466.28,866,35,0
2026-09-04 14:20:00,4466.28,4470.2,4466.18,4467.77,851,34,0
2026-09-04 14:25:00,4467.65,4467.66,4464.83,4465.09,856,31,0
2026-09-04 14:30:00,4465.1,4467.72,4464.7,4465.37,872,31,0
2026-09-04 14:35:00,4465.38,4468.87,4465.38,4467.69,798,31,0
2026-09-04 14:40:00,4467.69,4469.68,4465.33,4467.46,969,36,0
2026-09-04 14:45:00,4467.45,4469.81,4466.61,4466.89,950,31,0
2026-09-04 14:50:00,4466.84,4469.95,4466.55,4468.32,1089,31,0
2026-09-04 14:55:00,4468.33,4469.18,4464.47,4466.48,852,31,0
2026-09-04 15:00:00,4466.54,4468.66,4464.14,4468.11,1409,36,0
2026-09-04 15:05:00,4468.13,4469.67,4466.2,4466.68,1357,36,0
2026-09-04 15:10:00,4466.78,4468.36,4463.78,4463.94,1366,36,0
2026-09-04 15:15:00,4464.16,4467.35,4463.73,4466.92,1416,34,0
2026-09-04 15:20:00,4466.93,4469.33,4463.7,4467.23,1877,36,0
2026-09-04 15:25:00,4467.21,4474.86,4466.59,4469.85,1949,47,0
2026-09-04 15:30:00,4468.74,4471.06,4373.54,4394.41,4405,54,0
2026-09-04 15:35:00,4394.41,4398.6,4382.71,4390.9,3922,36,0
2026-09-04 15:40:00,4390.96,4406.23,4386.98,4393.14,3394,36,0
2026-09-04 15:45:00,4392.92,4397.32,4379.96,4395.64,3738,36,0
2026-09-04 15:50:00,4395.59,4409.65,4395.12,4405.76,3232,36,0
2026-09-04 15:55:00,4405.71,4408.83,4392.45,4392.67,3212,36,0
2026-09-04 16:00:00,4392.63,4392.63,4365.45,4379.13,3810,36,0
2026-09-04 16:05:00,4379.15,4390.13,4375.86,4389.34,3145,36,0
2026-09-04 16:10:00,4389.34,4394.13,4382.09,4393.9,2896,36,0
2026-09-04 16:15:00,4393.9,4399.75,4391.27,4398.63,2741,36,0
2026-09-04 16:20:00,4398.63,4406.9,4396.78,4404.45,2629,36,0
2026-09-04 16:25:00,4404.53,4414.36,4403.94,4412.37,2570,36,0
2026-09-04 16:30:00,4412.4,4420.42,4412.03,4413.78,3623,36,0
2026-09-04 16:35:00,4413.83,4417.54,4405.16,4407.25,3339,36,0
2026-09-04 16:40:00,4407.07,4424.01,4406.62,4423.68,3347,36,0
2026-09-04 16:45:00,4423.62,4434.53,4418.13,4430.36,3119,33,0
2026-09-04 16:50:00,4430.36,4431.33,4421.01,4423.41,2996,33,0
2026-09-04 16:55:00,4423.49,4426.72,4412.56,4413.41,2714,31,0
2026-09-04 17:00:00,4413.42,4420.56,4411.98,4420.55,2761,31,0
2026-09-04 17:05:00,4420.54,4427.05,4415.81,4422.75,2888,31,0
2026-09-04 17:10:00,4422.74,4434.91,4419.12,4433.81,3028,31,0
2026-09-04 17:15:00,4433.75,4436.81,4428.88,4432.04,3077,31,0
2026-09-04 17:20:00,4432.22,4435.65,4426.64,4430.64,2873,31,0
2026-09-04 17:25:00,4430.68,4437.3,4428.92,4429.28,2537,31,0
2026-09-04 17:30:00,4429.28,4439.77,4429.13,4439.28,2583,33,0
2026-09-04 17:35:00,4439.24,4442.19,4428.45,4429.44,2443,31,0
2026-09-04 17:40:00,4429.46,4432.4,4425.34,4428.84,2528,31,0
2026-09-04 17:45:00,4428.85,4431.94,4422.6,4427.96,2570,34,0
2026-09-04 17:50:00,4427.74,4428.66,4417.39,4417.57,2659,32,0
2026-09-04 17:55:00,4417.66,4429.78,4417.08,4427.64,2353,31,0
2026-09-04 18:00:00,4427.63,4430.72,4422.71,4429.9,2412,34,0
2026-09-04 18:05:00,4429.87,4439.15,4429.68,4436.74,2291,33,0
2026-09-04 18:10:00,4436.74,4443.56,4434.73,4443.35,2128,31,0
2026-09-04 18:15:00,4443.35,4448.51,4441.04,4447.66,2313,31,0
2026-09-04 18:20:00,4447.66,4448.79,4440.21,4442.83,2280,31,0
2026-09-04 18:25:00,4442.83,4445.93,4439.59,4439.99,2090,31,0
2026-09-04 18:30:00,4439.96,4444.19,4438.17,4439.48,2194,33,0
2026-09-04 18:35:00,4439.48,4441.02,4437.31,4437.92,1783,31,0
2026-09-04 18:40:00,4437.89,4446.44,4436.7,4442.64,1905,31,0
2026-09-04 18:45:00,4442.65,4444.79,4441.57,4443.62,1647,31,0
2026-09-04 18:50:00,4443.61,4445.9,4439.14,4439.29,1659,35,0
2026-09-04 18:55:00,4439.4,4441.01,4435.58,4436.58,1571,32,0
2026-09-04 19:00:00,4436.54,4440.09,4436.24,4439.44,1613,34,0
2026-09-04 19:05:00,4439.45,4440.21,4433.39,4433.43,1739,36,0
2026-09-04 19:10:00,4433.4,4439.24,4432.1,4438.62,1653,36,0
2026-09-04 19:15:00,4438.52,4443.34,4436.69,4441.46,1614,33,0
2026-09-04 19:20:00,4441.45,4442.33,4435.63,4437.75,1519,35,0
2026-09-04 19:25:00,4437.75,4438.26,4433.14,4433.87,1606,34,0
2026-09-04 19:30:00,4433.9,4438.73,4433.23,4437.28,1517,34,0
2026-09-04 19:35:00,4437.26,4438.29,4436.18,4437.51,1288,31,0
2026-09-04 19:40:00,4437.48,4439.6,4435.36,4438.29,1320,35,0
2026-09-04 19:45:00,4438.29,4440.3,4437.28,4439.97,1390,36,0
2026-09-04 19:50:00,4439.97,4440.16,4435.79,4435.86,1301,35,0
2026-09-04 19:55:00,4435.85,4438.02,4434.64,4436.35,1373,35,0
2026-09-04 20:00:00,4436.27,4436.48,4430.14,4431.24,1947,36,0
2026-09-04 20:05:00,4431.18,4433.64,4430.2,4432.12,1629,36,0
2026-09-04 20:10:00,4432.1,4434.62,4431.75,4433.81,1198,32,0
2026-09-04 20:15:00,4433.86,4438.7,4432.88,4438.7,1371,32,0
2026-09-04 20:20:00,4438.73,4440.26,4430.96,4433.16,1605,35,0
2026-09-04 20:25:00,4433.17,4433.2,4427.32,4428.58,1851,36,0
2026-09-04 20:30:00,4428.56,4429.63,4422.91,4423.9,1586,34,0
2026-09-04 20:35:00,4423.9,4425.23,4421.69,4422.1,1427,36,0
2026-09-04 20:40:00,4422.1,4422.14,4416.03,4417.11,1354,31,0
2026-09-04 20:45:00,4417.09,4420.08,4415.54,4419.15,1558,31,0
2026-09-04 20:50:00,4419.14,4421.19,4418.44,4419.07,1353,31,0
2026-09-04 20:55:00,4419.07,4419.38,4415.99,4416.74,1286,31,0
2026-09-04 21:00:00,4416.71,4417.32,4411.84,4412.67,1639,33,0
2026-09-04 21:05:00,4412.69,4417.98,4412.02,4417.6,1629,36,0
2026-09-04 21:10:00,4417.56,4419.61,4416.24,4419.37,1366,36,0
2026-09-04 21:15:00,4419.39,4422.21,4419.09,4419.45,1041,31,0
2026-09-04 21:20:00,4419.45,4424.6,4419.18,4424.54,1172,31,0
2026-09-04 21:25:00,4424.57,4426.48,4423.35,4424.52,1275,31,0
2026-09-04 21:30:00,4424.41,4425.06,4422.91,4424.9,889,32,0
2026-09-04 21:35:00,4424.88,4425.07,4421.16,4422.44,996,32,0
2026-09-04 21:40:00,4422.44,4425.63,4421.9,4422.81,1135,36,0
2026-09-04 21:45:00,4422.8,4424.3,4421.86,4423.79,907,31,0
2026-09-04 21:50:00,4423.82,4425.39,4423.45,4424.9,900,31,0
2026-09-04 21:55:00,4424.9,4425.76,4422.93,4424.21,1013,31,0
2026-09-04 22:00:00,4424.24,4425.29,4422.36,4423.4,1141,35,0
2026-09-04 22:05:00,4423.39,4425.35,4422.65,4425.09,982,33,0
2026-09-04 22:10:00,4425.09,4429.7,4424.67,4428.92,1173,33,0
2026-09-04 22:15:00,4428.92,4431.87,4428.28,4428.7,987,36,0
2026-09-04 22:20:00,4428.66,4430.97,4426.75,4430.79,791,36,0
2026-09-04 22:25:00,4430.79,4435.65,4429.95,4435.38,1150,33,0
2026-09-04 22:30:00,4435.38,4438.2,4434.0,4437.48,1276,36,0
2026-09-04 22:35:00,4437.42,4437.53,4434.96,4436.37,909,31,0
2026-09-04 22:40:00,4436.35,4437.42,4434.9,4436.95,943,31,0
2026-09-04 22:45:00,4436.94,4437.29,4433.52,4435.81,963,31,0
2026-09-04 22:50:00,4435.88,4436.34,4434.14,4436.15,1199,33,0
2026-09-04 22:55:00,4436.14,4436.16,4432.75,4434.93,1378,31,0
2026-09-04 23:00:00,4434.91,4435.16,4432.22,4432.68,750,31,0
2026-09-04 23:05:00,4432.7,4432.77,4431.16,4431.87,515,31,0
2026-09-04 23:10:00,4431.88,4432.48,4430.94,4431.63,415,31,0
2026-09-04 23:15:00,4431.68,4431.79,4430.05,4430.83,379,32,0
2026-09-04 23:20:00,4430.83,4431.1,4429.92,4429.96,366,32,0
2026-09-04 23:25:00,4429.96,4430.7,4429.34,4429.9,432,34,0
2026-09-04 23:30:00,4429.82,4429.82,4428.9,4429.28,359,36,0
2026-09-04 23:35:00,4429.28,4430.69,4429.28,4430.39,268,36,0
2026-09-04 23:40:00,4430.34,4430.49,4429.01,4430.28,264,44,0
2026-09-04 23:45:00,4430.29,4430.33,4428.37,4428.54,310,44,0
2026-09-04 23:50:00,4428.54,4429.79,4427.15,4429.19,323,44,0
2026-09-04 23:55:00,4429.24,4429.85,4428.22,4428.55,311,374,0
2026-09-07 01:05:00,4420.68,4424.63,4420.67,4423.2,624,368,0
2026-09-07 01:10:00,4423.18,4428.83,4422.86,4428.73,351,38,0
2026-09-07 01:15:00,4428.73,4430.07,4427.57,4427.84,377,38,0
2026-09-07 01:20:00,4427.84,4429.71,4427.3,4428.49,455,38,0
2026-09-07 01:25:00,4428.49,4429.81,4426.79,4428.65,459,38,0
2026-09-07 01:30:00,4428.47,4430.63,4428.12,4428.18,384,38,0
2026-09-07 01:35:00,4428.16,4429.63,4427.62,4429.61,372,38,0
2026-09-07 01:40:00,4429.61,4431.09,4429.3,4430.67,327,38,0
2026-09-07 01:45:00,4430.68,4434.95,4430.57,4433.81,425,38,0
2026-09-07 01:50:00,4433.88,4434.15,4429.93,4432.2,365,38,0
2026-09-07 01:55:00,4432.2,4432.93,4429.07,4429.34,404,38,0
2026-09-07 02:00:00,4429.12,4431.05,4429.05,4429.93,501,37,0
2026-09-07 02:05:00,4429.93,4431.13,4429.8,4430.17,348,37,0
2026-09-07 02:10:00,4430.17,4430.43,4429.41,4429.78,292,37,0
2026-09-07 02:15:00,4429.78,4429.87,4428.34,4428.65,306,36,0
2026-09-07 02:20:00,4428.65,4429.2,4425.16,4425.2,541,38,0
2026-09-07 02:25:00,4425.21,4427.27,4425.16,4426.88,441,37,0
2026-09-07 02:30:00,4426.64,4428.22,4425.3,4427.8,467,35,0
2026-09-07 02:35:00,4427.81,4430.22,4426.85,4427.78,494,36,0
2026-09-07 02:40:00,4427.78,4429.37,4425.4,4429.33,617,36,0
2026-09-07 02:45:00,4429.33,4434.28,4427.7,4428.02,977,37,0
2026-09-07 02:50:00,4428.02,4428.59,4423.56,4425.35,877,37,0
2026-09-07 02:55:00,4425.35,4426.04,4421.6,4424.41,883,37,0
2026-09-07 03:00:00,4424.41,4427.75,4423.17,4424.31,1365,38,0
2026-09-07 03:05:00,4424.31,4426.44,4422.32,4422.84,1167,36,0
2026-09-07 03:10:00,4422.72,4428.62,4422.17,4426.18,1250,36,0
2026-09-07 03:15:00,4426.07,4429.09,4424.93,4427.05,1057,35,0
2026-09-07 03:20:00,4427.06,4427.7,4424.8,4426.03,826,35,0
2026-09-07 03:25:00,4426.0,4426.87,4421.57,4421.6,879,35,0
2026-09-07 03:30:00,4421.6,4421.99,4417.86,4418.19,1215,38,0
2026-09-07 03:35:00,4418.19,4422.65,4417.35,4421.09,1068,35,0
2026-09-07 03:40:00,4421.09,4424.04,4419.89,4422.97,1105,35,0
2026-09-07 03:45:00,4422.97,4428.36,4422.97,4426.03,958,35,0
2026-09-07 03:50:00,4426.03,4426.24,4419.95,4421.42,1033,35,0
2026-09-07 03:55:00,4421.42,4421.42,4408.82,4411.31,1499,35,0
2026-09-07 04:00:00,4411.36,4414.6,4406.02,4410.72,2604,38,0
2026-09-07 04:05:00,4410.72,4411.91,4400.38,4401.68,2301,38,0
2026-09-07 04:10:00,4401.68,4405.63,4394.39,4398.52,2140,37,0
2026-09-07 04:15:00,4398.52,4399.01,4389.99,4392.75,2188,37,0
2026-09-07 04:20:00,4392.75,4395.03,4388.45,4394.62,2030,37,0
2026-09-07 04:25:00,4394.65,4402.51,4392.53,4402.51,1761,35,0
2026-09-07 04:30:00,4402.52,4409.91,4401.7,4407.49,1877,36,0
2026-09-07 04:35:00,4407.49,4411.95,4405.55,4411.05,1673,37,0
2026-09-07 04:40:00,4411.11,4411.81,4407.19,4408.94,1472,37,0
2026-09-07 04:45:00,4408.87,4412.06,4407.6,4408.26,1289,37,0
2026-09-07 04:50:00,4408.29,4415.51,4407.98,4412.53,1692,37,0
2026-09-07 04:55:00,4412.58,4413.68,4407.66,4408.06,1577,36,0
2026-09-07 05:00:00,4408.09,4409.47,4403.97,4406.15,1459,37,0
2026-09-07 05:05:00,4406.15,4406.23,4401.66,4403.55,1340,35,0
2026-09-07 05:10:00,4403.55,4404.8,4401.86,4402.43,1232,35,0
2026-09-07 05:15:00,4402.44,4405.6,4402.23,4405.55,829,35,0
2026-09-07 05:20:00,4405.55,4407.87,4404.88,4407.85,820,36,0
2026-09-07 05:25:00,4407.85,4408.1,4405.88,4406.4,747,36,0
2026-09-07 05:30:00,4406.39,4413.7,4405.39,4413.69,1870,37,0
2026-09-07 05:35:00,4413.69,4418.23,4412.31,4417.86,1371,36,0
2026-09-07 05:40:00,4417.84,4418.3,4413.85,4415.17,1246,36,0
2026-09-07 05:45:00,4415.17,4419.4,4413.87,4418.0,1373,36,0
2026-09-07 05:50:00,4417.97,4418.28,4414.55,4415.12,1157,35,0
2026-09-07 05:55:00,4415.13,4415.39,4408.49,4409.67,1454,35,0
2026-09-07 06:00:00,4409.68,4411.53,4408.41,4411.05,1497,35,0
2026-09-07 06:05:00,4411.05,4411.05,4406.48,4407.44,1881,35,0
2026-09-07 06:10:00,4407.44,4409.43,4406.62,4408.76,913,35,0
2026-09-07 06:15:00,4408.74,4409.86,4405.47,4407.82,1064,35,0
2026-09-07 06:20:00,4407.82,4410.65,4407.19,4409.81,878,35,0
2026-09-07 06:25:00,4409.81,4410.32,4408.65,4409.35,851,35,0
2026-09-07 06:30:00,4409.33,4409.5,4406.96,4408.62,872,35,0
2026-09-07 06:35:00,4408.62,4409.14,4405.35,4405.74,650,35,0
2026-09-07 06:40:00,4405.72,4406.07,4401.72,4401.79,725,35,0
2026-09-07 06:45:00,4401.79,4404.71,4401.79,4403.22,626,37,0
2026-09-07 06:50:00,4403.19,4403.46,4401.02,4402.09,743,37,0
2026-09-07 06:55:00,4402.15,4404.23,4401.47,4403.87,598,35,0
2026-09-07 07:00:00,4403.87,4404.84,4401.5,4401.75,814,37,0
2026-09-07 07:05:00,4401.81,4405.44,4401.51,4405.31,666,36,0
2026-09-07 07:10:00,4405.31,4407.62,4405.17,4407.39,701,35,0
2026-09-07 07:15:00,4407.39,4407.48,4403.77,4404.11,596,35,0
2026-09-07 07:20:00,4404.11,4404.15,4401.69,4401.86,579,35,0
2026-09-07 07:25:00,4401.86,4403.42,4401.24,4403.29,564,35,0
2026-09-07 07:30:00,4403.33,4403.58,4397.94,4399.23,778,35,0
2026-09-07 07:35:00,4399.23,4399.53,4395.61,4396.35,823,35,0
2026-09-07 07:40:00,4396.36,4398.41,4396.05,4397.83,480,35,0
2026-09-07 07:45:00,4397.77,4398.68,4396.52,4397.63,514,35,0
2026-09-07 07:50:00,4397.62,4398.83,4396.03,4396.63,572,35,0
2026-09-07 07:55:00,4396.63,4399.05,4396.12,4398.04,571,35,0
2026-09-07 08:00:00,4398.05,4401.94,4397.51,4401.68,672,35,0
2026-09-07 08:05:00,4401.68,4403.55,4399.54,4400.23,737,35,0
2026-09-07 08:10:00,4400.17,4401.54,4397.37,4401.31,795,35,0
2026-09-07 08:15:00,4401.31,4404.13,4400.71,4403.51,654,35,0
2026-09-07 08:20:00,4403.52,4403.9,4401.21,4403.7,494,35,0
2026-09-07 08:25:00,4403.69,4410.29,4403.19,4409.76,947,38,0
2026-09-07 08:30:00,4409.76,4411.85,4403.61,4406.96,1966,38,0
2026-09-07 08:35:00,4406.96,4409.31,4404.18,4404.38,1281,37,0
2026-09-07 08:40:00,4404.33,4404.66,4400.91,4403.88,1286,37,0
2026-09-07 08:45:00,4403.88,4406.24,4401.95,4403.13,1175,36,0
2026-09-07 08:50:00,4403.13,4403.16,4395.9,4396.7,1427,37,0
2026-09-07 08:55:00,4396.71,4398.75,4393.57,4395.01,1509,35,0
2026-09-07 09:00:00,4395.01,4395.65,4386.31,4388.84,1922,36,0
2026-09-07 09:05:00,4388.89,4391.36,4386.4,4389.95,1614,36,0
2026-09-07 09:10:00,4389.85,4394.75,4388.55,4392.96,1326,34,0
2026-09-07 09:15:00,4392.96,4396.85,4392.8,4396.16,1087,31,0
2026-09-07 09:20:00,4396.16,4398.23,4390.99,4397.81,1232,33,0
2026-09-07 09:25:00,4397.81,4398.48,4393.91,4394.67,1001,35,0
2026-09-07 09:30:00,4394.67,4397.76,4394.02,4397.65,1005,36,0
2026-09-07 09:35:00,4397.64,4398.29,4393.47,4396.44,1093,36,0
2026-09-07 09:40:00,4396.44,4398.88,4395.13,4395.2,1107,36,0
2026-09-07 09:45:00,4395.21,4398.0,4395.05,4395.63,1126,36,0
2026-09-07 09:50:00,4395.66,4396.73,4393.37,4393.78,1034,31,0
2026-09-07 09:55:00,4393.82,4394.49,4390.07,4391.97,1263,34,0
2026-09-07 10:00:00,4391.96,4399.95,4390.62,4398.94,1421,35,0
2026-09-07 10:05:00,4398.95,4400.45,4396.77,4399.28,1430,36,0
2026-09-07 10:10:00,4399.28,4400.72,4394.84,4400.72,1181,36,0
2026-09-07 10:15:00,4400.7,4401.27,4396.17,4397.16,1272,33,0
2026-09-07 10:20:00,4397.16,4399.82,4394.96,4397.25,1022,34,0
2026-09-07 10:25:00,4397.26,4398.98,4394.12,4395.13,1203,34,0
2026-09-07 10:30:00,4395.11,4397.1,4393.41,4395.6,1123,36,0
2026-09-07 10:35:00,4395.6,4398.9,4394.87,4394.89,1216,34,0
2026-09-07 10:40:00,4395.12,4396.53,4392.18,4395.79,1323,32,0
2026-09-07 10:45:00,4395.77,4399.35,4394.79,4399.17,1133,31,0
2026-09-07 10:50:00,4399.19,4402.22,4397.69,4400.97,1588,33,0
2026-09-07 10:55:00,4401.02,4406.68,4400.43,4406.17,1780,36,0
2026-09-07 11:00:00,4406.17,4416.59,4405.22,4412.28,1662,36,0
2026-09-07 11:05:00,4412.28,4414.59,4409.66,4413.81,1908,36,0
2026-09-07 11:10:00,4413.83,4417.61,4412.5,4417.14,1864,35,0
2026-09-07 11:15:00,4417.14,4423.39,4417.09,4421.91,1580,31,0
2026-09-07 11:20:00,4421.91,4423.01,4417.89,4417.89,1490,34,0
2026-09-07 11:25:00,4417.89,4420.23,4416.31,4419.69,1316,32,0
2026-09-07 11:30:00,4419.68,4423.75,4418.29,4420.99,1660,36,0
2026-09-07 11:35:00,4420.98,4421.84,4415.37,4415.44,1215,31,0
2026-09-07 11:40:00,4415.45,4416.3,4413.5,4414.64,1115,32,0
2026-09-07 11:45:00,4414.63,4415.13,4413.03,4414.21,1018,36,0
2026-09-07 11:50:00,4414.05,4414.07,4410.48,4411.4,1092,36,0
2026-09-07 11:55:00,4411.4,4411.57,4409.57,4410.82,739,35,0
2026-09-07 12:00:00,4410.82,4413.52,4410.82,4412.06,810,36,0
2026-09-07 12:05:00,4412.04,4412.66,4411.11,4412.54,792,35,0
2026-09-07 12:10:00,4412.54,4413.34,4409.48,4411.0,900,35,0
2026-09-07 12:15:00,4411.0,4411.75,4406.77,4408.1,896,31,0
2026-09-07 12:20:00,4408.11,4409.06,4407.64,4408.52,688,34,0
2026-09-07 12:25:00,4408.55,4409.39,4405.45,4405.7,951,31,0
2026-09-07 12:30:00,4405.7,4406.54,4403.64,4405.87,1064,36,0
2026-09-07 12:35:00,4405.84,4408.82,4404.36,4408.67,893,34,0
2026-09-07 12:40:00,4408.69,4409.98,4408.47,4409.5,698,31,0
2026-09-07 12:45:00,4409.5,4410.15,4408.89,4409.71,554,31,0
2026-09-07 12:50:00,4409.72,4410.05,4407.01,4408.36,610,35,0
2026-09-07 12:55:00,4408.36,4408.44,4404.77,4405.66,562,36,0
2026-09-07 13:00:00,4405.66,4406.15,4404.56,4404.58,593,33,0
2026-09-07 13:05:00,4404.63,4405.46,4402.69,4404.83,593,33,0
2026-09-07 13:10:00,4404.83,4404.83,4402.33,4402.86,492,31,0
2026-09-07 13:15:00,4402.85,4404.36,4402.47,4404.08,535,31,0
2026-09-07 13:20:00,4404.08,4404.54,4397.89,4398.13,758,32,0
2026-09-07 13:25:00,4398.09,4398.89,4395.77,4395.82,753,36,0
2026-09-07 13:30:00,4395.83,4396.8,4393.55,4394.36,700,31,0
2026-09-07 13:35:00,4394.3,4394.3,4391.63,4393.34,1051,35,0
2026-09-07 13:40:00,4393.33,4398.99,4393.29,4398.36,804,34,0
2026-09-07 13:45:00,4398.36,4398.5,4394.01,4394.38,761,33,0
2026-09-07 13:50:00,4394.39,4396.1,4391.53,4391.64,900,31,0
2026-09-07 13:55:00,4391.65,4392.52,4387.83,4391.79,1701,36,0
2026-09-07 14:00:00,4391.77,4392.25,4388.87,4390.85,1357,36,0
2026-09-07 14:05:00,4390.85,4393.39,4390.31,4390.89,996,35,0
2026-09-07 14:10:00,4390.88,4393.97,4390.07,4393.4,953,33,0
2026-09-07 14:15:00,4393.35,4393.84,4391.6,4392.52,761,31,0
2026-09-07 14:20:00,4392.52,4394.67,4388.54,4389.59,920,34,0
2026-09-07 14:25:00,4389.59,4390.55,4387.26,4389.09,980,33,0
2026-09-07 14:30:00,4389.1,4389.59,4381.02,4382.38,1531,36,0
2026-09-07 14:35:00,4382.39,4388.94,4381.96,4388.39,1110,35,0
2026-09-07 14:40:00,4388.4,4388.47,4386.11,4386.62,845,34,0
2026-09-07 14:45:00,4386.63,4391.9,4385.85,4390.89,781,33,0
2026-09-07 14:50:00,4390.89,4391.6,4386.43,4387.13,742,34,0
2026-09-07 14:55:00,4387.14,4388.03,4384.95,4385.5,785,35,0
2026-09-07 15:00:00,4385.49,4389.09,4385.26,4386.48,837,36,0
2026-09-07 15:05:00,4386.47,4391.37,4386.47,4390.49,744,34,0
2026-09-07 15:10:00,4390.49,4392.85,4389.8,4390.67,746,33,0
2026-09-07 15:15:00,4390.67,4392.76,4390.45,4392.09,688,31,0
2026-09-07 15:20:00,4392.0,4393.71,4390.26,4393.57,915,32,0
2026-09-07 15:25:00,4393.62,4395.16,4392.91,4395.07,804,31,0
2026-09-07 15:30:00,4395.07,4396.79,4393.99,4394.43,854,31,0
2026-09-07 15:35:00,4394.44,4395.71,4392.62,4395.23,907,31,0
2026-09-07 15:40:00,4395.23,4397.53,4395.23,4397.0,887,31,0
2026-09-07 15:45:00,4396.96,4397.65,4395.92,4396.98,818,31,0
2026-09-07 15:50:00,4396.97,4398.04,4394.32,4394.87,882,31,0
2026-09-07 15:55:00,4394.92,4397.02,4394.32,4396.12,714,31,0
2026-09-07 16:00:00,4396.24,4400.24,4395.42,4400.19,1741,36,0
2026-09-07 16:05:00,4400.18,4402.35,4399.18,4402.34,1230,34,0
2026-09-07 16:10:00,4402.34,4404.5,4400.94,4403.95,1414,35,0
2026-09-07 16:15:00,4403.94,4403.96,4401.49,4402.47,1156,33,0
2026-09-07 16:20:00,4402.46,4404.65,4402.46,4403.61,985,31,0
2026-09-07 16:25:00,4403.61,4404.99,4402.79,4403.87,963,31,0
2026-09-07 16:30:00,4403.87,4407.4,4403.26,4406.21,1327,34,0
2026-09-07 16:35:00,4406.21,4406.69,4402.37,4403.13,1035,33,0
2026-09-07 16:40:00,4403.14,4403.95,4401.74,4403.43,1054,33,0
2026-09-07 16:45:00,4403.44,4407.76,4403.44,4403.52,1308,34,0
2026-09-07 16:50:00,4403.52,4404.85,4402.5,4404.6,838,31,0
2026-09-07 16:55:00,4404.64,4404.66,4401.29,4402.64,980,31,0
2026-09-07 17:00:00,4402.66,4407.87,4401.21,4406.32,1419,35,0
2026-09-07 17:05:00,4406.33,4408.67,4405.74,4408.0,972,31,0
2026-09-07 17:10:00,4408.01,4408.98,4406.72,4407.17,831,31,0
2026-09-07 17:15:00,4407.17,4409.12,4406.87,4407.99,841,31,0
2026-09-07 17:20:00,4407.99,4408.08,4405.2,4406.07,815,31,0
2026-09-07 17:25:00,4406.06,4408.93,4405.96,4407.28,650,34,0
2026-09-07 17:30:00,4407.24,4407.59,4405.68,4406.06,835,33,0
2026-09-07 17:35:00,4406.08,4407.92,4404.81,4405.81,884,35,0
2026-09-07 17:40:00,4405.81,4412.13,4404.97,4411.91,985,31,0
2026-09-07 17:45:00,4411.91,4419.16,4410.8,4413.91,1516,36,0
2026-09-07 17:50:00,4414.01,4419.4,4412.0,4417.01,1300,36,0
2026-09-07 17:55:00,4417.09,4417.33,4415.57,4416.06,1174,32,0
2026-09-07 18:00:00,4416.05,4416.64,4412.13,4412.96,1301,34,0
2026-09-07 18:05:00,4412.96,4413.37,4409.28,4412.95,1119,31,0
2026-09-07 18:10:00,4412.94,4414.78,4411.45,4414.69,1013,33,0
2026-09-07 18:15:00,4414.69,4414.92,4413.35,4414.41,928,33,0
2026-09-07 18:20:00,4414.4,4415.09,4413.09,4414.27,843,35,0
2026-09-07 18:25:00,4414.26,4414.45,4411.6,4413.1,853,33,0
2026-09-07 18:30:00,4413.08,4413.71,4411.22,4413.04,710,33,0
2026-09-07 18:35:00,4413.04,4414.03,4410.9,4410.97,569,33,0
2026-09-07 18:40:00,4410.96,4411.93,4408.85,4411.93,589,33,0
2026-09-07 18:45:00,4411.95,4412.98,4411.31,4412.58,571,31,0
2026-09-07 18:50:00,4412.61,4413.32,4412.18,4413.28,385,31,0
2026-09-07 18:55:00,4413.19,4415.02,4412.39,4414.46,563,35,0
2026-09-07 19:00:00,4414.45,4414.87,4412.89,4413.93,493,36,0
2026-09-07 19:05:00,4413.97,4415.75,4413.72,4415.67,402,29,0
2026-09-07 19:10:00,4415.7,4417.22,4415.03,4415.18,484,36,0
2026-09-07 19:15:00,4415.16,4415.75,4412.59,4413.3,533,36,0
2026-09-07 19:20:00,4413.3,4414.06,4413.14,4413.32,339,31,0
2026-09-07 19:25:00,4413.32,4414.34,4413.16,4413.65,398,31,0
2026-09-07 19:30:00,4413.65,4414.09,4412.71,4412.76,378,31,0
2026-09-07 19:35:00,4412.84,4413.54,4411.91,4412.45,404,36,0
2026-09-07 19:40:00,4412.45,4414.24,4412.31,4414.19,354,36,0
2026-09-07 19:45:00,4414.2,4414.6,4413.04,4413.58,276,35,0
2026-09-07 19:50:00,4413.58,4414.56,4413.13,4413.4,232,31,0
2026-09-07 19:55:00,4413.35,4414.59,4412.76,4414.59,272,31,0
2026-09-07 20:00:00,4414.59,4415.14,4413.54,4413.81,193,31,0
2026-09-07 20:05:00,4413.81,4414.71,4412.52,4413.13,212,31,0
2026-09-07 20:10:00,4413.12,4413.12,4411.31,4412.18,241,33,0
2026-09-07 20:15:00,4412.18,4413.79,4412.07,4413.38,245,33,0
2026-09-07 20:20:00,4413.37,4413.38,4412.24,4412.74,181,33,0
2026-09-07 20:25:00,4412.76,4412.91,4411.33,4412.31,207,35,0
2026-09-07 20:30:00,4412.31,4412.61,4409.8,4410.17,246,36,0
2026-09-07 20:35:00,4410.14,4410.83,4410.06,4410.24,272,31,0
2026-09-07 20:40:00,4410.26,4410.98,4410.17,4410.89,167,31,0
2026-09-07 20:45:00,4410.89,4410.89,4409.55,4410.52,236,31,0
2026-09-07 20:50:00,4410.53,4410.88,4408.99,4409.31,230,32,0
2026-09-07 20:55:00,4409.29,4409.29,4406.97,4407.32,457,36,0
2026-09-07 21:00:00,4407.31,4408.63,4405.94,4407.07,466,36,0
2026-09-07 21:05:00,4407.07,4409.14,4406.79,4408.23,322,36,0
2026-09-07 21:10:00,4408.21,4409.07,4404.34,4405.05,497,36,0
2026-09-07 21:15:00,4405.06,4405.35,4403.84,4404.98,369,36,0
2026-09-07 21:20:00,4404.99,4406.25,4404.35,4405.53,339,36,0
2026-09-07 21:25:00,4405.58,4406.61,4403.2,4406.3,508,36,0
2026-09-08 01:05:00,4411.51,4412.2,4410.55,4411.17,469,368,0
2026-09-08 01:10:00,4411.15,4413.14,4411.14,4412.52,330,38,0
2026-09-08 01:15:00,4412.51,4413.27,4412.37,4413.22,245,38,0
2026-09-08 01:20:00,4413.22,4413.28,4410.9,4411.53,324,38,0
2026-09-08 01:25:00,4411.53,4411.53,4409.44,4409.44,342,38,0
2026-09-08 01:30:00,4409.45,4409.59,4408.8,4409.16,319,38,0
2026-09-08 01:35:00,4409.15,4409.94,4408.54,4408.8,601,38,0
2026-09-08 01:40:00,4408.8,4409.73,4408.0,4408.27,346,38,0
2026-09-08 01:45:00,4408.27,4408.55,4406.32,4406.69,284,38,0
2026-09-08 01:50:00,4406.69,4407.9,4406.63,4407.84,262,37,0
2026-09-08 01:55:00,4407.84,4407.99,4407.25,4407.27,344,38,0
2026-09-08 02:00:00,4407.33,4412.01,4407.3,4411.68,512,38,0
2026-09-08 02:05:00,4411.68,4412.34,4410.38,4410.54,385,37,0
2026-09-08 02:10:00,4410.53,4411.45,4410.21,4411.03,448,36,0
2026-09-08 02:15:00,4411.03,4411.51,4409.12,4410.41,649,37,0
2026-09-08 02:20:00,4410.41,4412.71,4409.87,4410.42,559,36,0
2026-09-08 02:25:00,4410.42,4412.87,4409.7,4411.16,601,36,0
2026-09-08 02:30:00,4411.26,4418.74,4411.26,4418.74,697,37,0
2026-09-08 02:35:00,4418.75,4423.69,4418.51,4421.2,1339,38,0
2026-09-08 02:40:00,4421.21,4429.14,4420.3,4428.67,1199,37,0
2026-09-08 02:45:00,4428.75,4429.21,4424.35,4427.72,1044,37,0
2026-09-08 02:50:00,4427.66,4428.15,4422.6,4422.63,896,36,0
2026-09-08 02:55:00,4422.61,4424.98,4421.31,4424.54,1589,36,0
2026-09-08 03:00:00,4424.38,4425.65,4419.69,4420.32,2531,38,0
2026-09-08 03:05:00,4420.4,4421.81,4418.44,4420.7,1977,37,0
2026-09-08 03:10:00,4420.7,4421.17,4416.26,4418.39,1886,36,0
2026-09-08 03:15:00,4418.39,4430.88,4417.08,4426.19,2143,35,0
2026-09-08 03:20:00,4426.19,4431.05,4420.34,4422.39,1727,35,0
2026-09-08 03:25:00,4422.39,4424.24,4418.64,4422.41,1725,35,0
2026-09-08 03:30:00,4422.4,4427.08,4421.83,4426.3,1728,35,0
2026-09-08 03:35:00,4426.36,4426.61,4422.07,4423.73,1241,35,0
2026-09-08 03:40:00,4423.96,4427.12,4419.75,4422.47,1328,35,0
2026-09-08 03:45:00,4422.47,4423.87,4418.01,4420.88,1365,35,0
2026-09-08 03:50:00,4420.88,4422.23,4416.1,4421.81,1699,35,0
2026-09-08 03:55:00,4421.81,4428.29,4421.79,4427.09,1568,36,0
2026-09-08 04:00:00,4426.94,4429.41,4417.88,4419.78,2942,37,0
2026-09-08 04:05:00,4419.82,4423.05,4418.75,4422.95,2185,36,0
2026-09-08 04:10:00,4422.97,4431.8,4421.9,4429.0,2407,36,0
2026-09-08 04:15:00,4429.0,4431.62,4427.05,4428.22,1801,36,0
2026-09-08 04:20:00,4428.22,4435.4,4428.08,4433.48,1593,36,0
2026-09-08 04:25:00,4433.48,4436.03,4432.1,4434.32,1340,36,0
2026-09-08 04:30:00,4434.28,4436.81,4431.6,4431.96,1620,37,0
2026-09-08 04:35:00,4431.93,4432.86,4430.52,4432.63,1549,37,0
2026-09-08 04:40:00,4432.56,4435.27,4432.07,4433.42,1691,38,0
2026-09-08 04:45:00,4433.43,4440.5,4433.43,4440.48,1581,36,0
2026-09-08 04:50:00,4440.48,4440.53,4435.91,4438.3,1470,36,0
2026-09-08 04:55:00,4438.3,4439.55,4436.27,4437.23,1452,36,0
2026-09-08 05:00:00,4437.23,4438.55,4432.22,4433.7,1530,37,0
2026-09-08 05:05:00,4433.73,4434.08,4428.36,4428.38,1399,36,0
2026-09-08 05:10:00,4428.39,4430.25,4425.97,4428.0,1591,36,0
2026-09-08 05:15:00,4427.99,4427.99,4425.49,4426.07,1096,35,0
2026-09-08 05:20:00,4426.15,4429.43,4424.91,4428.27,1111,35,0
2026-09-08 05:25:00,4428.19,4428.63,4424.24,4424.5,1141,35,0
2026-09-08 05:30:00,4424.51,4425.9,4422.81,4424.26,1546,35,0
2026-09-08 05:35:00,4424.25,4424.48,4421.23,4423.51,1533,35,0
2026-09-08 05:40:00,4423.51,4426.6,4422.36,4426.37,1420,35,0
2026-09-08 05:45:00,4426.37,4427.66,4422.41,4423.17,1416,35,0
2026-09-08 05:50:00,4423.19,4425.25,4420.89,4422.6,1293,35,0
2026-09-08 05:55:00,4422.61,4424.4,4421.93,4423.83,1234,35,0
2026-09-08 06:00:00,4423.81,4424.99,4422.14,4424.91,1027,35,0
2026-09-08 06:05:00,4424.88,4430.12,4424.36,4429.84,1189,35,0
2026-09-08 06:10:00,4429.82,4431.35,4428.43,4429.36,1259,36,0
2026-09-08 06:15:00,4429.36,4435.51,4428.52,4434.95,1157,35,0
2026-09-08 06:20:00,4434.96,4439.77,4434.36,4436.65,1600,38,0
2026-09-08 06:25:00,4436.66,4437.48,4430.86,4431.96,1372,37,0
2026-09-08 06:30:00,4431.98,4434.75,4430.8,4431.44,987,35,0
2026-09-08 06:35:00,4431.37,4431.86,4430.36,4430.81,648,35,0
2026-09-08 06:40:00,4430.81,4432.87,4430.69,4432.45,666,35,0
2026-09-08 06:45:00,4432.45,4437.2,4432.14,4436.35,965,38,0
2026-09-08 06:50:00,4436.35,4437.2,4434.69,4436.52,761,37,0
2026-09-08 06:55:00,4436.52,4438.55,4435.75,4437.91,797,35,0
2026-09-08 07:00:00,4437.93,4441.81,4437.66,4441.36,997,37,0
2026-09-08 07:05:00,4441.36,4442.68,4439.02,4440.33,1083,35,0
2026-09-08 07:10:00,4440.33,4442.43,4439.03,4439.04,791,35,0
2026-09-08 07:15:00,4439.04,4440.48,4437.8,4438.68,850,35,0
2026-09-08 07:20:00,4438.67,4438.73,4432.74,4433.35,1015,37,0
2026-09-08 07:25:00,4433.35,4433.82,4431.41,4432.43,999,35,0
2026-09-08 07:30:00,4432.44,4434.3,4432.06,4433.44,869,35,0
2026-09-08 07:35:00,4433.42,4434.53,4432.54,4434.03,850,35,0
2026-09-08 07:40:00,4434.05,4436.22,4434.02,4436.18,766,35,0
2026-09-08 07:45:00,4436.19,4436.38,4434.22,4434.44,662,35,0
2026-09-08 07:50:00,4434.4,4435.62,4434.13,4434.8,874,29,0
2026-09-08 07:55:00,4434.8,4439.57,4433.82,4435.83,957,35,0
2026-09-08 08:00:00,4435.83,4437.48,4434.14,4434.14,933,35,0
2026-09-08 08:05:00,4434.13,4434.4,4429.0,4430.82,1180,38,0
2026-09-08 08:10:00,4430.83,4431.27,4426.84,4427.0,1330,37,0
2026-09-08 08:15:00,4426.99,4429.19,4426.14,4428.97,976,35,0
2026-09-08 08:20:00,4428.95,4431.29,4424.64,4424.69,1250,35,0
2026-09-08 08:25:00,4424.67,4425.2,4419.56,4419.89,1258,37,0
2026-09-08 08:30:00,4418.93,4425.24,4417.9,4422.76,2179,38,0
2026-09-08 08:35:00,4422.76,4426.71,4421.32,4426.55,1611,37,0
2026-09-08 08:40:00,4426.56,4426.65,4424.77,4425.66,1341,36,0
2026-09-08 08:45:00,4425.6,4428.6,4423.06,4424.95,1389,36,0
2026-09-08 08:50:00,4424.94,4424.94,4418.88,4419.58,1448,37,0
2026-09-08 08:55:00,4419.57,4420.54,4417.22,4419.18,1636,35,0
2026-09-08 09:00:00,4419.18,4419.87,4412.69,4415.01,2026,31,0
2026-09-08 09:05:00,4415.04,4415.28,4410.93,4413.08,2088,31,0
2026-09-08 09:10:00,4413.08,4413.2,4408.26,4411.15,1967,31,0
2026-09-08 09:15:00,4411.15,4411.15,4401.2,4401.68,1995,32,0
2026-09-08 09:20:00,4401.69,4405.55,4400.87,4403.11,2100,31,0
2026-09-08 09:25:00,4403.11,4403.5,4398.64,4399.8,2133,31,0
2026-09-08 09:30:00,4399.74,4402.42,4398.21,4401.7,2007,31,0
2026-09-08 09:35:00,4401.63,4403.45,4397.4,4403.4,1873,31,0
2026-09-08 09:40:00,4403.4,4408.3,4403.38,4406.91,1205,31,0
2026-09-08 09:45:00,4406.94,4407.93,4405.68,4407.66,1660,31,0
2026-09-08 09:50:00,4407.7,4408.87,4402.57,4404.76,1489,31,0
2026-09-08 09:55:00,4404.67,4404.94,4402.92,4403.43,1827,31,0
2026-09-08 10:00:00,4403.46,4408.15,4402.12,4407.57,1723,31,0
2026-09-08 10:05:00,4407.57,4409.11,4406.12,4406.86,1294,31,0
2026-09-08 10:10:00,4406.85,4407.16,4402.27,4402.64,1595,31,0
2026-09-08 10:15:00,4402.66,4403.25,4400.66,4403.25,1379,31,0
2026-09-08 10:20:00,4403.27,4403.78,4399.94,4402.0,1447,31,0
2026-09-08 10:25:00,4402.01,4403.91,4400.45,4401.25,1305,31,0
2026-09-08 10:30:00,4401.23,4405.04,4397.59,4397.91,1477,31,0
2026-09-08 10:35:00,4397.94,4398.82,4391.65,4393.6,1774,31,0
2026-09-08 10:40:00,4393.57,4397.02,4391.0,4395.24,1444,31,0
2026-09-08 10:45:00,4395.21,4397.01,4393.1,4393.18,1124,31,0
2026-09-08 10:50:00,4393.25,4393.37,4390.32,4391.24,1502,31,0
2026-09-08 10:55:00,4391.21,4393.64,4389.05,4391.67,1335,31,0
2026-09-08 11:00:00,4391.68,4392.46,4388.08,4391.05,1927,31,0
2026-09-08 11:05:00,4391.12,4395.49,4387.44,4387.71,1708,31,0
2026-09-08 11:10:00,4387.68,4392.38,4387.48,4390.17,1189,31,0
2026-09-08 11:15:00,4390.18,4393.51,4389.76,4393.21,1123,31,0
2026-09-08 11:20:00,4393.2,4394.06,4389.33,4393.93,1366,31,0
2026-09-08 11:25:00,4393.93,4395.98,4393.92,4394.27,1691,32,0
2026-09-08 11:30:00,4394.36,4398.01,4393.0,4398.0,1693,31,0
2026-09-08 11:35:00,4397.98,4398.25,4393.67,4395.59,1236,31,0
2026-09-08 11:40:00,4395.6,4395.6,4391.63,4392.43,1656,31,0
2026-09-08 11:45:00,4392.43,4397.99,4390.76,4393.54,1950,34,0
2026-09-08 11:50:00,4393.55,4394.72,4391.45,4392.82,1377,31,0
2026-09-08 11:55:00,4392.76,4394.18,4391.48,4393.83,1413,31,0
2026-09-08 12:00:00,4393.83,4395.65,4390.96,4395.55,1417,31,0
2026-09-08 12:05:00,4395.54,4397.68,4394.45,4394.89,1357,31,0
2026-09-08 12:10:00,4394.89,4397.59,4394.8,4397.1,1093,31,0
2026-09-08 12:15:00,4397.1,4398.99,4396.45,4396.52,1181,31,0
2026-09-08 12:20:00,4396.49,4396.79,4393.06,4394.37,1199,31,0
2026-09-08 12:25:00,4394.41,4396.19,4392.19,4392.79,1302,31,0
2026-09-08 12:30:00,4392.8,4397.27,4390.61,4395.5,1398,31,0
2026-09-08 12:35:00,4395.49,4397.04,4395.18,4396.81,1170,31,0
2026-09-08 12:40:00,4396.85,4403.25,4396.8,4401.16,1985,31,0
2026-09-08 12:45:00,4401.18,4402.82,4400.79,4402.75,1156,31,0
2026-09-08 12:50:00,4402.78,4405.23,4402.76,4404.23,915,31,0
2026-09-08 12:55:00,4404.23,4404.85,4402.59,4402.69,1131,31,0
2026-09-08 13:00:00,4402.58,4402.58,4397.83,4398.24,1253,31,0
2026-09-08 13:05:00,4398.24,4398.6,4396.02,4396.25,1120,31,0
2026-09-08 13:10:00,4396.18,4396.5,4393.39,4396.0,1299,31,0
2026-09-08 13:15:00,4396.01,4398.31,4395.74,4398.03,955,31,0
2026-09-08 13:20:00,4398.02,4406.55,4397.15,4400.41,1945,32,0
2026-09-08 13:25:00,4400.45,4400.87,4398.27,4399.18,958,35,0
2026-09-08 13:30:00,4399.17,4399.3,4396.73,4396.81,871,31,0
2026-09-08 13:35:00,4396.81,4397.22,4393.65,4394.65,841,31,0
2026-09-08 13:40:00,4394.58,4397.97,4393.67,4396.73,997,31,0
2026-09-08 13:45:00,4396.73,4400.08,4396.52,4398.64,863,31,0
2026-09-08 13:50:00,4398.65,4399.8,4396.48,4398.49,910,31,0
2026-09-08 13:55:00,4398.52,4399.44,4395.04,4395.19,1022,31,0
2026-09-08 14:00:00,4395.2,4397.01,4394.57,4395.63,1390,36,0
2026-09-08 14:05:00,4395.63,4399.24,4392.91,4396.34,1345,36,0
2026-09-08 14:10:00,4396.18,4396.74,4390.88,4394.73,1378,36,0
2026-09-08 14:15:00,4394.75,4401.34,4394.67,4401.24,1453,35,0
2026-09-08 14:20:00,4401.24,4401.3,4398.12,4400.82,905,33,0
2026-09-08 14:25:00,4400.82,4402.67,4400.11,4401.82,954,33,0
2026-09-08 14:30:00,4401.8,4404.61,4400.33,4404.16,1038,34,0
2026-09-08 14:35:00,4404.41,4407.51,4403.91,4404.6,1230,35,0
2026-09-08 14:40:00,4404.6,4406.52,4403.14,4403.46,1152,36,0
2026-09-08 14:45:00,4403.46,4404.04,4399.15,4399.57,1168,36,0
2026-09-08 14:50:00,4399.55,4402.35,4397.52,4400.18,1264,36,0
2026-09-08 14:55:00,4400.1,4406.28,4400.02,4406.1,1211,31,0
2026-09-08 15:00:00,4406.1,4406.42,4402.15,4402.53,1531,36,0
2026-09-08 15:05:00,4402.52,4403.97,4401.28,4403.66,1362,36,0
2026-09-08 15:10:00,4403.66,4403.72,4390.13,4391.53,2134,36,0
2026-09-08 15:15:00,4391.54,4391.58,4384.52,4391.29,2272,36,0
2026-09-08 15:20:00,4391.28,4396.21,4387.12,4394.79,2177,36,0
2026-09-08 15:25:00,4394.8,4402.18,4393.91,4402.13,1886,36,0
2026-09-08 15:30:00,4402.16,4408.06,4400.5,4405.08,1975,36,0
2026-09-08 15:35:00,4405.11,4405.44,4398.24,4401.36,1835,36,0
2026-09-08 15:40:00,4401.37,4401.69,4395.17,4396.4,1698,35,0
2026-09-08 15:45:00,4396.38,4402.1,4395.49,4402.07,1712,36,0
2026-09-08 15:50:00,4402.1,4403.38,4400.55,4403.2,1626,34,0
2026-09-08 15:55:00,4403.23,4411.66,4402.91,4411.46,1877,34,0
2026-09-08 16:00:00,4411.49,4412.75,4402.39,4405.97,2735,36,0
2026-09-08 16:05:00,4405.96,4406.79,4402.26,4404.41,2112,36,0
2026-09-08 16:10:00,4404.14,4408.45,4403.71,4408.28,1705,33,0
2026-09-08 16:15:00,4408.28,4410.57,4405.43,4407.64,1783,33,0
2026-09-08 16:20:00,4407.7,4408.68,4402.87,4402.94,1665,32,0
2026-09-08 16:25:00,4402.94,4403.81,4398.86,4400.93,1927,31,0
2026-09-08 16:30:00,4400.95,4405.46,4397.24,4397.94,3019,31,0
2026-09-08 16:35:00,4397.83,4402.57,4395.77,4399.52,2851,36,0
2026-09-08 16:40:00,4399.49,4399.49,4390.15,4396.29,2481,36,0
2026-09-08 16:45:00,4396.36,4402.73,4394.14,4402.62,2592,36,0
2026-09-08 16:50:00,4402.66,4404.09,4397.12,4404.08,2336,36,0
2026-09-08 16:55:00,4404.09,4407.23,4394.34,4394.51,2217,33,0
2026-09-08 17:00:00,4394.5,4401.38,4394.45,4400.76,2094,36,0
2026-09-08 17:05:00,4400.76,4402.53,4397.82,4398.95,2157,36,0
2026-09-08 17:10:00,4398.94,4398.94,4391.3,4394.07,2335,34,0
2026-09-08 17:15:00,4394.04,4400.16,4393.82,4399.73,2027,31,0
2026-09-08 17:20:00,4399.73,4401.85,4395.43,4401.66,1943,31,0
2026-09-08 17:25:00,4401.68,4403.67,4395.98,4396.83,1775,31,0
2026-09-08 17:30:00,4396.74,4399.23,4394.89,4398.18,2051,35,0
2026-09-08 17:35:00,4398.17,4400.43,4394.95,4395.34,2203,31,0
2026-09-08 17:40:00,4395.39,4397.48,4392.55,4397.07,2073,34,0
2026-09-08 17:45:00,4397.07,4398.71,4391.37,4393.08,1880,34,0
2026-09-08 17:50:00,4393.1,4395.5,4388.26,4392.76,2127,36,0
2026-09-08 17:55:00,4392.74,4398.51,4392.1,4398.51,1743,31,0
2026-09-08 18:00:00,4398.63,4406.73,4397.28,4403.02,1860,35,0
2026-09-08 18:05:00,4403.02,4403.88,4400.44,4403.58,1518,31,0
2026-09-08 18:10:00,4403.83,4408.08,4403.78,4404.76,1465,31,0
2026-09-08 18:15:00,4404.76,4409.24,4404.75,4405.78,1261,31,0
2026-09-08 18:20:00,4405.67,4405.75,4396.33,4398.24,1677,31,0
2026-09-08 18:25:00,4397.88,4404.33,4397.88,4399.18,1856,34,0
2026-09-08 18:30:00,4399.17,4404.02,4399.11,4403.54,1616,31,0
2026-09-08 18:35:00,4403.52,4403.93,4398.36,4399.53,1414,31,0
2026-09-08 18:40:00,4399.55,4400.8,4397.18,4399.97,1318,31,0
2026-09-08 18:45:00,4399.97,4400.31,4395.9,4396.98,1236,31,0
2026-09-08 18:50:00,4396.99,4400.31,4396.09,4397.44,1224,33,0
2026-09-08 18:55:00,4397.42,4398.92,4394.55,4394.69,998,31,0
2026-09-08 19:00:00,4394.67,4394.91,4391.08,4394.43,1451,35,0
2026-09-08 19:05:00,4394.41,4394.41,4380.21,4382.07,1403,35,0
2026-09-08 19:10:00,4382.09,4386.14,4380.49,4385.75,2083,36,0
2026-09-08 19:15:00,4385.9,4387.21,4383.42,4385.0,1401,36,0
2026-09-08 19:20:00,4385.43,4392.58,4385.04,4392.44,1316,34,0
2026-09-08 19:25:00,4392.35,4395.24,4390.61,4393.78,1261,35,0
2026-09-08 19:30:00,4393.78,4396.44,4392.77,4394.51,1258,34,0
2026-09-08 19:35:00,4394.51,4396.17,4393.48,4394.71,990,31,0
2026-09-08 19:40:00,4394.71,4395.56,4393.44,4394.11,1024,31,0
2026-09-08 19:45:00,4394.13,4394.34,4391.83,4393.75,1097,33,0
2026-09-08 19:50:00,4393.75,4398.28,4392.63,4393.85,1612,35,0
2026-09-08 19:55:00,4393.95,4395.35,4390.16,4393.51,1619,35,0
2026-09-08 20:00:00,4393.54,4401.71,4393.54,4401.29,1563,36,0
2026-09-08 20:05:00,4401.29,4403.52,4397.42,4397.87,1689,34,0
2026-09-08 20:10:00,4397.87,4398.99,4394.46,4395.41,1025,31,0
2026-09-08 20:15:00,4395.41,4397.22,4395.38,4395.46,907,31,0
2026-09-08 20:20:00,4395.46,4395.5,4392.9,4394.15,1066,34,0
2026-09-08 20:25:00,4394.15,4394.79,4391.86,4393.84,1272,35,0
2026-09-08 20:30:00,4393.87,4394.88,4391.31,4391.31,1022,36,0
2026-09-08 20:35:00,4391.31,4392.7,4389.19,4389.25,1179,36,0
2026-09-08 20:40:00,4389.25,4389.29,4385.3,4385.3,1064,36,0
2026-09-08 20:45:00,4385.29,4387.77,4385.15,4386.89,997,35,0
2026-09-08 20:50:00,4386.89,4389.13,4386.76,4388.79,977,34,0
2026-09-08 20:55:00,4388.79,4390.11,4387.62,4389.84,994,34,0
2026-09-08 21:00:00,4389.84,4390.05,4386.92,4386.92,1348,36,0
2026-09-08 21:05:00,4386.6,4388.03,4384.58,4384.58,1384,36,0
2026-09-08 21:10:00,4384.58,4387.39,4383.79,4387.36,1095,36,0
2026-09-08 21:15:00,4387.34,4387.46,4384.28,4385.39,1167,36,0
2026-09-08 21:20:00,4385.39,4386.57,4384.37,4385.28,1119,35,0
2026-09-08 21:25:00,4385.27,4385.77,4384.05,4385.42,1215,34,0
2026-09-08 21:30:00,4385.39,4385.39,4381.19,4383.93,1212,34,0
2026-09-08 21:35:00,4383.93,4384.6,4381.52,4383.97,1138,31,0
2026-09-08 21:40:00,4383.97,4385.36,4383.19,4385.31,788,31,0
2026-09-08 21:45:00,4385.3,4386.3,4362.29,4363.56,2356,31,0
2026-09-08 21:50:00,4363.95,4375.67,4358.05,4375.67,3110,36,0
2026-09-08 21:55:00,4375.66,4377.82,4372.28,4374.47,2270,36,0
2026-09-08 22:00:00,4374.48,4377.01,4370.98,4374.53,1937,36,0
2026-09-08 22:05:00,4374.53,4375.2,4369.13,4371.34,1518,36,0
2026-09-08 22:10:00,4371.34,4374.04,4370.26,4370.29,1447,36,0
2026-09-08 22:15:00,4370.28,4372.88,4367.26,4367.58,1437,36,0
2026-09-08 22:20:00,4367.56,4370.25,4366.18,4366.51,1344,36,0
2026-09-08 22:25:00,4366.54,4370.05,4366.15,4368.39,1367,36,0
2026-09-08 22:30:00,4368.39,4368.54,4361.24,4364.12,1584,36,0
2026-09-08 22:35:00,4364.18,4369.47,4364.03,4367.04,1329,36,0
2026-09-08 22:40:00,4367.05,4369.19,4366.12,4368.61,1211,36,0
2026-09-08 22:45:00,4368.62,4368.7,4364.66,4365.76,1497,36,0
2026-09-08 22:50:00,4365.77,4365.84,4360.95,4363.57,1920,36,0
2026-09-08 22:55:00,4363.58,4364.03,4356.61,4359.17,1784,36,0
2026-09-08 23:00:00,4359.17,4364.22,4357.3,4357.36,1279,36,0
2026-09-08 23:05:00,4357.37,4358.6,4355.22,4357.64,1085,35,0
2026-09-08 23:10:00,4357.6,4361.68,4356.74,4360.01,812,32,0
2026-09-08 23:15:00,4360.03,4360.92,4359.04,4360.87,673,31,0
2026-09-08 23:20:00,4360.87,4361.14,4358.8,4358.8,462,32,0
2026-09-08 23:25:00,4358.81,4359.38,4355.39,4357.25,741,35,0
2026-09-08 23:30:00,4357.21,4357.91,4356.12,4357.8,615,36,0
2026-09-08 23:35:00,4357.82,4358.45,4356.96,4357.29,440,34,0
2026-09-08 23:40:00,4357.25,4358.1,4356.92,4357.6,335,44,0
2026-09-08 23:45:00,4357.62,4357.77,4343.98,4349.8,425,44,0
2026-09-08 23:50:00,4349.54,4353.91,4347.5,4352.03,678,44,0
2026-09-08 23:55:00,4352.03,4353.93,4351.48,4353.91,321,374,0
2026-09-09 01:05:00,4355.76,4356.22,4351.51,4352.63,670,368,0
2026-09-09 01:10:00,4352.63,4357.01,4352.63,4355.96,602,38,0
2026-09-09 01:15:00,4355.98,4357.37,4354.42,4355.4,431,38,0
2026-09-09 01:20:00,4355.41,4355.42,4353.03,4353.86,339,38,0
2026-09-09 01:25:00,4353.86,4355.16,4353.09,4354.72,392,38,0
2026-09-09 01:30:00,4354.79,4355.72,4354.07,4354.47,404,38,0
2026-09-09 01:35:00,4354.47,4355.41,4352.21,4352.39,442,38,0
2026-09-09 01:40:00,4352.41,4353.65,4350.31,4351.75,674,38,0
2026-09-09 01:45:00,4351.75,4352.38,4350.56,4352.23,497,38,0
2026-09-09 01:50:00,4352.28,4353.32,4352.23,4353.17,249,36,0
2026-09-09 01:55:00,4353.19,4354.06,4352.38,4353.1,324,37,0
2026-09-09 02:00:00,4353.1,4354.7,4352.6,4352.93,400,38,0
2026-09-09 02:05:00,4352.93,4354.14,4352.69,4353.71,424,36,0
2026-09-09 02:10:00,4353.72,4354.26,4351.72,4352.24,432,36,0
2026-09-09 02:15:00,4352.24,4353.48,4351.7,4352.95,461,35,0
2026-09-09 02:20:00,4352.96,4354.2,4352.64,4353.76,445,35,0
2026-09-09 02:25:00,4353.74,4357.32,4353.51,4357.24,593,35,0
2026-09-09 02:30:00,4357.24,4359.63,4356.84,4358.71,579,35,0
2026-09-09 02:35:00,4358.71,4358.73,4356.56,4356.91,322,35,0
2026-09-09 02:40:00,4356.91,4358.75,4356.67,4358.27,461,35,0
2026-09-09 02:45:00,4358.22,4358.24,4352.81,4353.59,840,37,0
2026-09-09 02:50:00,4353.57,4353.57,4350.07,4350.08,846,38,0
2026-09-09 02:55:00,4350.08,4352.45,4348.96,4349.61,932,37,0
2026-09-09 03:00:00,4349.61,4352.69,4346.3,4349.7,1692,37,0
2026-09-09 03:05:00,4349.66,4350.18,4344.29,4348.89,1438,38,0
2026-09-09 03:10:00,4348.89,4352.27,4346.78,4349.37,1392,37,0
2026-09-09 03:15:00,4349.37,4349.91,4344.31,4347.67,1318,37,0
2026-09-09 03:20:00,4347.66,4348.31,4342.47,4342.8,1386,37,0
2026-09-09 03:25:00,4342.8,4347.44,4341.01,4346.72,1245,35,0
2026-09-09 03:30:00,4346.78,4347.71,4345.23,4346.22,1284,35,0
2026-09-09 03:35:00,4346.2,4349.12,4343.47,4348.93,1708,35,0
2026-09-09 03:40:00,4348.93,4354.65,4347.28,4354.65,1216,35,0
2026-09-09 03:45:00,4354.54,4356.63,4352.69,4355.91,1177,35,0
2026-09-09 03:50:00,4356.33,4360.77,4354.74,4359.59,1400,35,0
2026-09-09 03:55:00,4359.58,4365.35,4358.29,4364.54,1077,35,0
2026-09-09 04:00:00,4364.07,4364.6,4353.78,4357.64,2615,38,0
2026-09-09 04:05:00,4357.6,4367.18,4357.11,4366.73,2160,37,0
2026-09-09 04:10:00,4366.73,4368.29,4365.27,4367.81,1623,36,0
2026-09-09 04:15:00,4367.81,4368.85,4362.55,4365.83,1662,36,0
2026-09-09 04:20:00,4365.83,4369.26,4364.6,4369.24,1783,35,0
2026-09-09 04:25:00,4369.24,4372.81,4367.91,4371.38,1500,35,0
2026-09-09 04:30:00,4371.38,4376.62,4370.54,4376.45,1494,36,0
2026-09-09 04:35:00,4376.77,4377.74,4374.13,4374.94,1496,35,0
2026-09-09 04:40:00,4374.99,4377.87,4374.52,4376.28,1198,36,0
2026-09-09 04:45:00,4376.28,4377.98,4373.2,4375.44,1491,37,0
2026-09-09 04:50:00,4375.44,4375.83,4371.63,4373.59,1349,35,0
2026-09-09 04:55:00,4373.66,4375.95,4370.61,4373.45,1199,35,0
2026-09-09 05:00:00,4373.45,4373.63,4370.92,4373.03,1448,36,0
2026-09-09 05:05:00,4372.79,4375.4,4370.45,4374.45,1430,36,0
2026-09-09 05:10:00,4374.56,4375.19,4372.48,4373.29,1375,35,0
2026-09-09 05:15:00,4373.27,4376.78,4373.1,4374.54,1133,35,0
2026-09-09 05:20:00,4374.54,4374.96,4371.71,4371.71,872,35,0
2026-09-09 05:25:00,4371.71,4372.93,4371.32,4372.78,893,35,0
2026-09-09 05:30:00,4372.78,4373.66,4369.13,4369.19,1306,35,0
2026-09-09 05:35:00,4369.19,4370.67,4367.12,4368.17,1286,36,0
2026-09-09 05:40:00,4368.17,4374.26,4368.16,4374.01,1443,37,0
2026-09-09 05:45:00,4373.97,4378.29,4372.87,4376.84,1534,38,0
2026-09-09 05:50:00,4376.84,4384.21,4376.06,4380.17,1854,36,0
2026-09-09 05:55:00,4380.17,4382.7,4379.67,4382.07,1686,35,0
2026-09-09 06:00:00,4382.06,4382.56,4378.61,4379.49,1670,35,0
2026-09-09 06:05:00,4379.48,4382.06,4378.16,4378.6,1369,35,0
2026-09-09 06:10:00,4378.6,4380.57,4378.47,4379.01,857,35,0
2026-09-09 06:15:00,4379.01,4379.11,4375.64,4377.12,858,36,0
2026-09-09 06:20:00,4377.12,4379.22,4376.84,4378.78,725,36,0
2026-09-09 06:25:00,4378.8,4378.96,4375.52,4377.99,964,36,0
2026-09-09 06:30:00,4378.0,4378.05,4375.29,4376.42,762,36,0
2026-09-09 06:35:00,4376.12,4377.86,4376.05,4377.64,528,35,0
2026-09-09 06:40:00,4377.64,4379.93,4377.42,4378.62,693,35,0
2026-09-09 06:45:00,4378.62,4378.92,4377.09,4377.86,761,35,0
2026-09-09 06:50:00,4377.86,4379.12,4376.0,4377.42,881,38,0
2026-09-09 06:55:00,4377.42,4377.62,4375.16,4375.16,652,35,0
2026-09-09 07:00:00,4375.15,4376.09,4374.52,4374.6,755,35,0
2026-09-09 07:05:00,4374.61,4374.61,4371.75,4372.15,800,35,0
2026-09-09 07:10:00,4372.16,4373.52,4370.49,4373.24,830,35,0
2026-09-09 07:15:00,4373.24,4374.2,4372.22,4373.39,708,35,0
2026-09-09 07:20:00,4373.4,4377.14,4372.71,4377.06,848,35,0
2026-09-09 07:25:00,4377.06,4380.49,4376.78,4379.91,892,35,0
2026-09-09 07:30:00,4379.91,4379.93,4377.65,4378.58,763,35,0
2026-09-09 07:35:00,4378.58,4379.97,4377.74,4378.21,548,35,0
2026-09-09 07:40:00,4378.21,4378.62,4376.09,4378.03,654,35,0
2026-09-09 07:45:00,4378.03,4380.05,4378.03,4378.85,519,35,0
2026-09-09 07:50:00,4378.86,4381.4,4377.56,4381.06,678,35,0
2026-09-09 07:55:00,4381.06,4382.55,4380.27,4381.59,748,35,0
2026-09-09 08:00:00,4381.59,4384.03,4380.51,4381.63,1137,35,0
2026-09-09 08:05:00,4381.62,4385.46,4381.53,4385.17,895,37,0
2026-09-09 08:10:00,4385.12,4388.92,4385.12,4388.92,940,36,0
2026-09-09 08:15:00,4388.87,4389.88,4387.83,4389.52,918,36,0
2026-09-09 08:20:00,4389.45,4389.67,4384.64,4387.95,1075,35,0
2026-09-09 08:25:00,4387.95,4389.71,4386.45,4386.66,929,35,0
2026-09-09 08:30:00,4386.67,4390.3,4385.67,4388.85,1774,37,0
2026-09-09 08:35:00,4388.85,4393.94,4387.47,4393.76,1357,36,0
2026-09-09 08:40:00,4393.76,4396.92,4392.84,4396.88,1239,36,0
2026-09-09 08:45:00,4396.91,4398.72,4393.9,4397.28,1296,35,0
2026-09-09 08:50:00,4397.28,4401.79,4397.23,4401.46,1321,35,0
2026-09-09 08:55:00,4401.42,4402.43,4400.23,4400.62,1220,35,0
2026-09-09 09:00:00,4400.6,4405.79,4399.77,4404.57,1295,36,0
2026-09-09 09:05:00,4404.58,4406.66,4401.43,4401.85,1295,36,0
2026-09-09 09:10:00,4401.83,4403.54,4400.37,4402.88,1284,36,0
2026-09-09 09:15:00,4402.79,4404.68,4400.65,4400.65,1315,36,0
2026-09-09 09:20:00,4400.74,4401.68,4398.28,4400.08,1339,36,0
2026-09-09 09:25:00,4400.1,4400.58,4396.37,4399.51,1186,35,0
2026-09-09 09:30:00,4399.52,4404.33,4397.56,4403.93,1382,36,0
2026-09-09 09:35:00,4403.92,4406.67,4402.92,4405.49,1323,36,0
2026-09-09 09:40:00,4405.49,4405.6,4399.78,4400.68,1020,31,0
2026-09-09 09:45:00,4400.69,4401.44,4398.64,4401.43,958,31,0
2026-09-09 09:50:00,4401.42,4401.75,4399.83,4400.5,919,32,0
2026-09-09 09:55:00,4400.52,4401.63,4399.76,4400.78,859,33,0
2026-09-09 10:00:00,4400.78,4402.65,4399.45,4401.67,1293,34,0
2026-09-09 10:05:00,4401.67,4404.54,4401.44,4403.89,970,36,0
2026-09-09 10:10:00,4403.89,4407.85,4403.43,4406.46,1115,34,0
2026-09-09 10:15:00,4406.45,4406.94,4403.14,4403.85,1268,36,0
2026-09-09 10:20:00,4403.84,4407.83,4403.84,4405.49,1193,36,0
2026-09-09 10:25:00,4405.48,4408.87,4404.91,4407.79,1051,34,0
2026-09-09 10:30:00,4407.79,4408.86,4406.58,4407.49,1109,34,0
2026-09-09 10:35:00,4407.49,4410.46,4407.05,4410.23,1062,31,0
2026-09-09 10:40:00,4410.21,4410.66,4408.56,4410.5,812,31,0
2026-09-09 10:45:00,4410.52,4412.85,4409.66,4411.62,1095,31,0
2026-09-09 10:50:00,4411.34,4411.73,4407.73,4409.16,1204,36,0
2026-09-09 10:55:00,4409.16,4410.42,4408.87,4409.37,819,31,0
2026-09-09 11:00:00,4409.37,4409.92,4406.59,4408.74,1282,31,0
2026-09-09 11:05:00,4408.74,4412.19,4407.31,4407.32,1218,36,0
2026-09-09 11:10:00,4407.32,4407.57,4403.97,4404.06,1151,36,0
2026-09-09 11:15:00,4404.09,4405.01,4402.37,4403.99,935,31,0
2026-09-09 11:20:00,4403.93,4404.01,4401.06,4401.55,857,31,0
2026-09-09 11:25:00,4401.6,4402.4,4399.72,4399.97,1091,31,0
2026-09-09 11:30:00,4399.99,4403.65,4399.84,4402.0,1069,34,0
2026-09-09 11:35:00,4402.0,4402.61,4399.6,4399.81,873,31,0
2026-09-09 11:40:00,4399.78,4402.06,4398.74,4400.07,1000,35,0
2026-09-09 11:45:00,4400.07,4402.12,4399.14,4400.35,1051,36,0
2026-09-09 11:50:00,4400.37,4402.06,4399.77,4402.0,881,35,0
2026-09-09 11:55:00,4401.98,4403.32,4400.41,4400.81,671,31,0
2026-09-09 12:00:00,4400.8,4402.19,4399.7,4401.02,957,31,0
2026-09-09 12:05:00,4401.02,4401.99,4399.32,4401.49,1006,36,0
2026-09-09 12:10:00,4401.49,4401.49,4397.2,4397.77,1044,35,0
2026-09-09 12:15:00,4397.76,4398.86,4396.55,4398.77,878,31,0
2026-09-09 12:20:00,4398.77,4399.03,4395.92,4396.58,984,33,0
2026-09-09 12:25:00,4396.59,4397.92,4395.73,4397.12,947,36,0
2026-09-09 12:30:00,4397.05,4397.53,4394.65,4396.85,1207,36,0
2026-09-09 12:35:00,4396.85,4397.48,4396.09,4396.85,744,31,0
2026-09-09 12:40:00,4396.99,4397.48,4393.51,4395.16,948,31,0
2026-09-09 12:45:00,4395.16,4395.16,4392.74,4393.84,1033,33,0
2026-09-09 12:50:00,4393.84,4393.84,4389.77,4389.78,1063,34,0
2026-09-09 12:55:00,4389.77,4389.86,4387.26,4389.33,1314,35,0
2026-09-09 13:00:00,4389.34,4390.27,4384.85,4388.78,1515,35,0
2026-09-09 13:05:00,4388.77,4391.85,4388.77,4391.13,1080,31,0
2026-09-09 13:10:00,4391.12,4392.03,4388.58,4389.75,1161,31,0
2026-09-09 13:15:00,4389.76,4393.17,4387.95,4392.94,1257,35,0
2026-09-09 13:20:00,4392.94,4394.57,4392.49,4393.2,1007,31,0
2026-09-09 13:25:00,4393.19,4394.26,4390.9,4392.97,988,31,0
2026-09-09 13:30:00,4392.95,4396.09,4392.15,4395.4,1036,31,0
2026-09-09 13:35:00,4395.39,4398.31,4395.17,4397.56,955,31,0
2026-09-09 13:40:00,4397.56,4398.16,4393.47,4394.02,992,32,0
2026-09-09 13:45:00,4393.9,4399.0,4393.64,4398.04,950,32,0
2026-09-09 13:50:00,4398.08,4401.83,4397.56,4401.67,1261,36,0
2026-09-09 13:55:00,4401.67,4402.89,4399.41,4399.7,1189,36,0
2026-09-09 14:00:00,4399.73,4403.56,4399.7,4403.39,1293,34,0
2026-09-09 14:05:00,4403.38,4404.03,4401.91,4403.85,777,33,0
2026-09-09 14:10:00,4403.85,4404.34,4402.49,4403.49,813,35,0
2026-09-09 14:15:00,4403.54,4404.39,4401.3,4403.85,868,36,0
2026-09-09 14:20:00,4403.85,4406.0,4402.33,4405.92,902,33,0
2026-09-09 14:25:00,4405.99,4408.87,4405.71,4408.13,1172,36,0
2026-09-09 14:30:00,4408.15,4408.25,4404.34,4404.53,1309,36,0
2026-09-09 14:35:00,4404.53,4405.27,4403.26,4404.66,1052,33,0
2026-09-09 14:40:00,4404.66,4406.79,4404.66,4405.4,1052,33,0
2026-09-09 14:45:00,4405.35,4414.23,4402.5,4413.18,1530,31,0
2026-09-09 14:50:00,4413.18,4414.99,4406.65,4406.83,1990,36,0
2026-09-09 14:55:00,4406.83,4408.17,4405.69,4407.25,1390,34,0
2026-09-09 15:00:00,4407.23,4409.01,4401.99,4404.0,1619,36,0
2026-09-09 15:05:00,4404.03,4405.51,4400.71,4403.19,1555,36,0
2026-09-09 15:10:00,4403.2,4404.38,4398.95,4399.05,1285,35,0
2026-09-09 15:15:00,4399.05,4400.01,4395.86,4396.5,1487,35,0
2026-09-09 15:20:00,4396.61,4400.2,4394.8,4396.82,1735,36,0
2026-09-09 15:25:00,4396.84,4396.91,4393.67,4393.78,1578,31,0
2026-09-09 15:30:00,4393.78,4397.16,4391.97,4396.24,1570,31,0
2026-09-09 15:35:00,4396.18,4397.54,4390.99,4391.2,1658,34,0
2026-09-09 15:40:00,4391.19,4395.56,4390.92,4395.29,1502,35,0
2026-09-09 15:45:00,4395.26,4399.51,4395.26,4397.27,1485,31,0
2026-09-09 15:50:00,4397.17,4398.97,4396.19,4398.26,1478,31,0
2026-09-09 15:55:00,4398.28,4402.08,4398.28,4399.97,1123,31,0
2026-09-09 16:00:00,4399.91,4408.09,4398.55,4407.0,2249,34,0
2026-09-09 16:05:00,4407.0,4410.34,4406.72,4409.66,1903,34,0
2026-09-09 16:10:00,4409.67,4413.5,4409.6,4413.19,1713,34,0
2026-09-09 16:15:00,4413.25,4417.88,4410.75,4416.86,1942,33,0
2026-09-09 16:20:00,4416.87,4427.55,4414.43,4427.4,2159,34,0
2026-09-09 16:25:00,4427.44,4430.13,4425.01,4429.2,2190,36,0
2026-09-09 16:30:00,4429.21,4433.86,4428.02,4430.5,2893,36,0
2026-09-09 16:35:00,4430.43,4430.43,4419.8,4421.19,2741,36,0
2026-09-09 16:40:00,4421.2,4421.87,4412.82,4416.86,2520,36,0
2026-09-09 16:45:00,4416.85,4421.04,4415.74,4421.04,2437,34,0
2026-09-09 16:50:00,4420.98,4423.4,4415.17,4416.12,2256,34,0
2026-09-09 16:55:00,4416.11,4416.57,4410.43,4415.13,2412,31,0
2026-09-09 17:00:00,4415.14,4424.14,4414.1,4423.56,2575,32,0
2026-09-09 17:05:00,4423.68,4428.24,4420.79,4421.94,2217,31,0
2026-09-09 17:10:00,4421.94,4423.28,4417.69,4423.09,2192,31,0
2026-09-09 17:15:00,4423.08,4423.08,4413.77,4416.69,2384,31,0
2026-09-09 17:20:00,4416.71,4417.01,4409.67,4410.22,2376,31,0
2026-09-09 17:25:00,4410.33,4425.85,4409.97,4425.4,2469,31,0
2026-09-09 17:30:00,4425.38,4425.59,4420.07,4422.62,1939,31,0
2026-09-09 17:35:00,4422.63,4426.76,4422.39,4425.27,1928,31,0
2026-09-09 17:40:00,4425.28,4426.09,4418.35,4418.68,1822,31,0
2026-09-09 17:45:00,4418.74,4422.05,4417.91,4419.73,1908,34,0
2026-09-09 17:50:00,4419.75,4423.29,4418.94,4419.54,2021,34,0
2026-09-09 17:55:00,4419.63,4420.15,4414.8,4418.48,1932,31,0
2026-09-09 18:00:00,4418.5,4431.92,4394.53,4394.82,3826,31,0
2026-09-09 18:05:00,4395.21,4398.11,4379.83,4389.88,3673,36,0
2026-09-09 18:10:00,4389.85,4392.34,4381.87,4389.76,3431,36,0
2026-09-09 18:15:00,4389.68,4393.09,4379.84,4384.43,3287,36,0
2026-09-09 18:20:00,4384.48,4388.04,4374.89,4383.19,3053,36,0
2026-09-09 18:25:00,4383.42,4395.27,4382.7,4394.81,2812,35,0
2026-09-09 18:30:00,4394.8,4401.17,4392.45,4400.7,2418,35,0
2026-09-09 18:35:00,4400.6,4406.94,4397.69,4406.25,2450,36,0
2026-09-09 18:40:00,4406.3,4406.95,4399.32,4403.06,2680,35,0
2026-09-09 18:45:00,4403.07,4404.57,4398.87,4402.36,2311,35,0
2026-09-09 18:50:00,4402.36,4407.06,4399.46,4401.2,1964,36,0
2026-09-09 18:55:00,4401.08,4401.08,4397.93,4398.19,1830,36,0
2026-09-09 19:00:00,4398.21,4402.96,4396.9,4402.22,1906,36,0
2026-09-09 19:05:00,4402.21,4402.24,4394.73,4395.55,2159,36,0
2026-09-09 19:10:00,4395.55,4398.58,4394.91,4397.76,1792,35,0
2026-09-09 19:15:00,4397.76,4398.18,4391.58,4393.52,1837,33,0
2026-09-09 19:20:00,4393.53,4398.53,4393.3,4398.53,1435,34,0
2026-09-09 19:25:00,4398.54,4402.31,4398.5,4401.6,1628,35,0
2026-09-09 19:30:00,4401.44,4403.65,4398.8,4402.55,1516,36,0
2026-09-09 19:35:00,4402.55,4404.17,4399.18,4403.98,1204,34,0
2026-09-09 19:40:00,4403.99,4407.57,4403.2,4407.19,1442,34,0
2026-09-09 19:45:00,4407.2,4409.17,4406.06,4407.04,1721,35,0
2026-09-09 19:50:00,4407.06,4407.83,4405.5,4407.11,1151,35,0
2026-09-09 19:55:00,4407.08,4410.24,4406.36,4409.72,1063,35,0
2026-09-09 20:00:00,4409.72,4413.74,4408.83,4412.87,1794,36,0
2026-09-09 20:05:00,4412.94,4420.3,4412.66,4418.14,1857,36,0
2026-09-09 20:10:00,4418.13,4418.96,4415.31,4416.48,1604,36,0
2026-09-09 20:15:00,4416.48,4418.27,4415.06,4416.14,1373,36,0
2026-09-09 20:20:00,4416.13,4418.43,4415.57,4418.05,1094,31,0
2026-09-09 20:25:00,4418.05,4420.38,4414.28,4414.78,1343,34,0
2026-09-09 20:30:00,4414.77,4414.78,4411.77,4412.62,1267,32,0
2026-09-09 20:35:00,4412.62,4414.48,4412.04,4413.38,1039,31,0
2026-09-09 20:40:00,4413.4,4416.92,4413.39,4413.44,946,31,0
2026-09-09 20:45:00,4413.44,4414.97,4413.03,4413.78,823,33,0
2026-09-09 20:50:00,4413.74,4416.06,4413.23,4415.01,783,33,0
2026-09-09 20:55:00,4415.01,4416.7,4414.95,4415.94,772,35,0
2026-09-09 21:00:00,4415.97,4418.83,4415.74,4418.25,1217,36,0
2026-09-09 21:05:00,4418.25,4418.78,4415.63,4417.93,1113,36,0
2026-09-09 21:10:00,4417.92,4421.27,4417.63,4420.15,967,36,0
2026-09-09 21:15:00,4420.15,4420.48,4418.01,4418.91,1000,36,0
2026-09-09 21:20:00,4418.94,4419.49,4416.91,4417.37,947,36,0
2026-09-09 21:25:00,4417.37,4417.78,4416.54,4417.72,888,35,0
2026-09-09 21:30:00,4417.8,4418.12,4413.54,4414.91,1158,36,0
2026-09-09 21:35:00,4414.87,4415.56,4413.33,4414.79,944,36,0
2026-09-09 21:40:00,4414.72,4416.39,4409.47,4409.77,1038,36,0
2026-09-09 21:45:00,4409.79,4410.02,4406.34,4406.42,1190,35,0
2026-09-09 21:50:00,4406.44,4407.73,4405.04,4405.56,1177,35,0
2026-09-09 21:55:00,4405.57,4406.78,4401.0,4402.99,1193,35,0
2026-09-09 22:00:00,4403.11,4403.99,4395.67,4398.23,1702,36,0
2026-09-09 22:05:00,4398.22,4399.88,4396.5,4399.13,1407,36,0
2026-09-09 22:10:00,4399.17,4400.32,4396.96,4400.03,1022,34,0
2026-09-09 22:15:00,4400.03,4402.06,4398.44,4401.71,1220,34,0
2026-09-09 22:20:00,4401.71,4404.6,4401.45,4404.24,900,31,0
2026-09-09 22:25:00,4404.24,4404.52,4399.45,4399.46,880,31,0
2026-09-09 22:30:00,4399.46,4400.7,4398.38,4398.73,914,33,0
2026-09-09 22:35:00,4398.73,4398.8,4395.56,4396.89,1033,34,0
2026-09-09 22:40:00,4396.89,4399.67,4396.1,4399.59,1050,36,0
2026-09-09 22:45:00,4399.59,4401.19,4399.43,4400.06,1027,36,0
2026-09-09 22:50:00,4400.07,4400.44,4396.22,4398.46,1266,36,0
2026-09-09 22:55:00,4398.44,4399.87,4397.6,4398.7,1471,36,0
2026-09-09 23:00:00,4398.71,4399.15,4395.99,4396.54,728,35,0
2026-09-09 23:05:00,4396.49,4397.18,4396.27,4396.88,377,31,0
2026-09-09 23:10:00,4396.88,4398.12,4396.74,4397.1,342,31,0
2026-09-09 23:15:00,4397.09,4397.27,4394.17,4394.32,476,31,0
2026-09-09 23:20:00,4394.3,4394.83,4393.36,4394.8,469,36,0
2026-09-09 23:25:00,4394.8,4395.81,4393.71,4394.63,328,35,0
2026-09-09 23:30:00,4394.63,4397.34,4394.61,4396.93,364,36,0
2026-09-09 23:35:00,4396.93,4400.62,4396.88,4399.3,419,36,0
2026-09-09 23:40:00,4399.24,4400.17,4398.55,4399.89,290,44,0
2026-09-09 23:45:00,4399.83,4400.69,4399.11,4399.84,287,44,0
2026-09-09 23:50:00,4398.5,4398.95,4397.91,4398.72,274,374,0
2026-09-09 23:55:00,4398.72,4399.36,4398.11,4399.17,260,374,0
2026-09-10 01:05:00,4403.49,4403.86,4401.76,4403.0,511,368,0
2026-09-10 01:10:00,4403.02,4405.76,4402.35,4402.67,507,38,0
2026-09-10 01:15:00,4402.67,4404.2,4402.15,4403.2,320,38,0
2026-09-10 01:20:00,4403.2,4403.2,4400.61,4401.77,300,38,0
2026-09-10 01:25:00,4401.77,4402.93,4399.95,4402.38,367,38,0
2026-09-10 01:30:00,4402.38,4403.64,4401.39,4402.61,531,38,0
2026-09-10 01:35:00,4402.61,4403.18,4399.84,4400.2,462,38,0
2026-09-10 01:40:00,4400.2,4402.4,4399.94,4401.32,422,38,0
2026-09-10 01:45:00,4401.36,4401.5,4397.59,4399.86,606,38,0
2026-09-10 01:50:00,4399.88,4400.12,4398.42,4398.42,349,36,0
2026-09-10 01:55:00,4398.43,4400.92,4397.54,4399.45,459,36,0
2026-09-10 02:00:00,4399.45,4402.89,4399.36,4402.58,646,36,0
2026-09-10 02:05:00,4402.58,4402.62,4398.29,4399.8,637,35,0
2026-09-10 02:10:00,4399.8,4402.35,4399.57,4400.37,498,35,0
2026-09-10 02:15:00,4400.37,4402.04,4397.85,4399.9,574,35,0
2026-09-10 02:20:00,4399.9,4401.16,4396.83,4397.28,376,35,0
2026-09-10 02:25:00,4397.28,4399.73,4395.75,4397.44,744,35,0
2026-09-10 02:30:00,4397.36,4399.01,4393.73,4394.14,613,35,0
2026-09-10 02:35:00,4394.14,4394.73,4393.18,4394.01,316,35,0
2026-09-10 02:40:00,4394.07,4394.31,4393.25,4394.27,316,35,0
2026-09-10 02:45:00,4394.3,4395.15,4393.35,4394.42,745,36,0
2026-09-10 02:50:00,4394.34,4395.25,4393.72,4394.79,566,36,0
2026-09-10 02:55:00,4394.79,4395.38,4393.91,4395.04,499,36,0
2026-09-10 03:00:00,4395.04,4395.04,4390.94,4393.24,1141,37,0
2026-09-10 03:05:00,4393.18,4395.46,4391.3,4394.98,884,38,0
2026-09-10 03:10:00,4395.0,4398.26,4394.31,4396.22,1075,37,0
2026-09-10 03:15:00,4396.22,4399.65,4395.62,4397.84,1052,37,0
2026-09-10 03:20:00,4397.9,4399.17,4396.51,4397.1,927,36,0
2026-09-10 03:25:00,4397.1,4398.54,4393.43,4394.08,1253,36,0
2026-09-10 03:30:00,4394.08,4396.13,4392.22,4395.43,976,35,0
2026-09-10 03:35:00,4395.44,4399.36,4395.44,4399.27,1136,37,0
2026-09-10 03:40:00,4399.27,4402.34,4397.35,4401.74,1168,36,0
2026-09-10 03:45:00,4401.74,4401.77,4398.63,4400.54,1023,35,0
2026-09-10 03:50:00,4400.55,4404.89,4398.46,4402.75,1324,35,0
2026-09-10 03:55:00,4402.77,4403.47,4400.55,4400.88,1076,35,0
2026-09-10 04:00:00,4400.89,4413.04,4400.0,4409.38,2475,38,0
2026-09-10 04:05:00,4409.38,4418.58,4407.19,4417.82,1842,37,0
2026-09-10 04:10:00,4417.82,4418.92,4412.19,4412.99,1859,37,0
2026-09-10 04:15:00,4412.99,4417.01,4411.77,4415.92,2095,37,0
2026-09-10 04:20:00,4415.92,4416.43,4411.1,4413.57,1944,35,0
2026-09-10 04:25:00,4413.59,4417.7,4411.56,4411.67,1789,35,0
2026-09-10 04:30:00,4411.69,4412.28,4406.43,4409.27,2040,35,0
2026-09-10 04:35:00,4409.28,4411.82,4407.51,4408.54,1932,35,0
2026-09-10 04:40:00,4408.55,4411.64,4408.21,4411.22,1544,35,0
2026-09-10 04:45:00,4411.25,4415.62,4410.22,4414.07,1805,37,0
2026-09-10 04:50:00,4414.08,4415.32,4408.83,4409.49,1962,35,0
2026-09-10 04:55:00,4409.5,4413.24,4408.07,4411.88,1909,35,0
2026-09-10 05:00:00,4411.9,4417.53,4411.58,4414.58,1921,35,0
2026-09-10 05:05:00,4414.63,4418.13,4413.81,4415.49,1454,35,0
2026-09-10 05:10:00,4415.49,4416.05,4410.66,4412.69,1400,35,0
2026-09-10 05:15:00,4412.67,4413.23,4406.7,4408.34,942,35,0
2026-09-10 05:20:00,4408.37,4412.37,4407.41,4411.33,939,35,0
2026-09-10 05:25:00,4411.33,4416.29,4410.9,4416.04,955,35,0
2026-09-10 05:30:00,4415.98,4416.04,4410.44,4415.35,1390,36,0
2026-09-10 05:35:00,4415.37,4419.97,4414.02,4418.17,1368,35,0
2026-09-10 05:40:00,4418.16,4420.78,4417.52,4418.31,1128,35,0
2026-09-10 05:45:00,4418.31,4419.77,4417.41,4418.67,1054,35,0
2026-09-10 05:50:00,4418.67,4421.91,4417.06,4421.71,1082,35,0
2026-09-10 05:55:00,4421.7,4421.71,4418.62,4420.36,938,35,0
2026-09-10 06:00:00,4420.38,4422.32,4416.68,4418.63,1181,37,0
2026-09-10 06:05:00,4418.58,4418.62,4412.86,4414.55,1113,37,0
2026-09-10 06:10:00,4414.65,4417.53,4413.13,4413.44,1157,35,0
2026-09-10 06:15:00,4413.51,4415.58,4413.03,4415.06,942,35,0
2026-09-10 06:20:00,4415.03,4415.67,4412.32,4413.13,833,35,0
2026-09-10 06:25:00,4413.13,4413.35,4410.0,4410.28,1018,36,0
2026-09-10 06:30:00,4410.25,4412.79,4410.18,4411.41,707,35,0
2026-09-10 06:35:00,4411.4,4411.4,4407.97,4408.51,567,35,0
2026-09-10 06:40:00,4408.49,4408.58,4406.76,4407.75,446,35,0
2026-09-10 06:45:00,4407.76,4409.71,4407.76,4408.79,655,35,0
2026-09-10 06:50:00,4408.79,4408.79,4406.72,4407.89,706,35,0
2026-09-10 06:55:00,4407.89,4409.21,4407.64,4408.88,548,35,0
2026-09-10 07:00:00,4408.88,4412.68,4408.88,4412.52,748,35,0
2026-09-10 07:05:00,4412.52,4413.93,4412.07,4412.9,743,35,0
2026-09-10 07:10:00,4412.89,4415.31,4412.72,4413.88,663,35,0
2026-09-10 07:15:00,4413.77,4415.03,4413.68,4414.5,547,35,0
2026-09-10 07:20:00,4414.6,4415.28,4413.42,4413.71,497,35,0
2026-09-10 07:25:00,4413.71,4414.59,4410.54,4411.6,517,35,0
2026-09-10 07:30:00,4411.6,4413.55,4410.55,4410.86,549,35,0
2026-09-10 07:35:00,4410.86,4411.14,4407.6,4408.09,511,35,0
2026-09-10 07:40:00,4408.08,4408.56,4405.53,4406.45,646,35,0
2026-09-10 07:45:00,4406.43,4409.28,4406.08,4409.28,439,35,0
2026-09-10 07:50:00,4409.29,4411.45,4407.05,4407.07,688,35,0
2026-09-10 07:55:00,4407.07,4408.58,4406.6,4408.33,474,35,0
2026-09-10 08:00:00,4408.35,4411.56,4408.02,4409.18,820,35,0
2026-09-10 08:05:00,4409.21,4414.98,4408.61,4414.59,877,36,0
2026-09-10 08:10:00,4414.59,4418.8,4414.4,4418.8,885,37,0
2026-09-10 08:15:00,4418.79,4419.85,4416.92,4418.32,856,37,0
2026-09-10 08:20:00,4418.32,4419.72,4417.94,4418.8,663,35,0
2026-09-10 08:25:00,4418.8,4420.65,4417.07,4420.65,649,35,0
2026-09-10 08:30:00,4421.85,4427.42,4417.36,4425.76,2033,38,0
2026-09-10 08:35:00,4425.79,4427.5,4421.78,4423.07,1397,38,0
2026-09-10 08:40:00,4423.08,4429.42,4422.58,4428.18,1192,37,0
2026-09-10 08:45:00,4428.1,4430.28,4425.88,4425.89,1344,37,0
2026-09-10 08:50:00,4425.89,4427.96,4423.75,4426.97,1633,36,0
2026-09-10 08:55:00,4426.97,4431.17,4425.46,4431.0,1592,35,0
2026-09-10 09:00:00,4431.03,4434.54,4426.8,4426.8,1573,34,0
2026-09-10 09:05:00,4426.79,4427.55,4422.41,4422.41,1308,33,0
2026-09-10 09:10:00,4422.41,4423.06,4415.81,4416.05,1139,32,0
2026-09-10 09:15:00,4416.13,4416.22,4412.88,4414.51,1653,35,0
2026-09-10 09:20:00,4414.51,4415.83,4410.66,4415.74,1562,36,0
2026-09-10 09:25:00,4415.74,4417.2,4412.96,4417.15,1353,32,0
2026-09-10 09:30:00,4417.16,4418.66,4414.5,4415.07,1413,31,0
2026-09-10 09:35:00,4414.99,4418.34,4412.79,4418.27,1195,31,0
2026-09-10 09:40:00,4418.27,4426.67,4418.27,4426.43,1268,31,0
2026-09-10 09:45:00,4426.46,4428.62,4424.02,4424.57,1092,31,0
2026-09-10 09:50:00,4424.56,4428.38,4423.61,4424.83,1559,34,0
2026-09-10 09:55:00,4424.84,4425.39,4423.5,4425.13,1120,31,0
2026-09-10 10:00:00,4425.12,4425.3,4414.69,4414.99,1469,31,0
2026-09-10 10:05:00,4414.99,4416.3,4413.96,4414.92,1103,31,0
2026-09-10 10:10:00,4414.91,4417.09,4412.95,4413.1,1172,31,0
2026-09-10 10:15:00,4413.12,4414.82,4411.51,4412.29,942,31,0
2026-09-10 10:20:00,4412.29,4412.9,4410.18,4411.27,1029,31,0
2026-09-10 10:25:00,4411.36,4411.52,4407.75,4408.03,1069,34,0
2026-09-10 10:30:00,4408.03,4410.33,4403.55,4404.25,1441,36,0
2026-09-10 10:35:00,4404.28,4407.19,4403.78,4405.76,1359,35,0
2026-09-10 10:40:00,4405.73,4409.28,4404.82,4409.23,1128,31,0
2026-09-10 10:45:00,4408.83,4412.3,4408.55,4411.05,1320,31,0
2026-09-10 10:50:00,4411.05,4414.92,4410.53,4414.33,973,31,0
2026-09-10 10:55:00,4414.33,4414.4,4410.83,4411.42,918,31,0
2026-09-10 11:00:00,4411.45,4412.44,4407.2,4407.32,1272,35,0
2026-09-10 11:05:00,4407.32,4408.66,4406.45,4408.63,1339,35,0
2026-09-10 11:10:00,4408.63,4409.43,4404.36,4405.39,1216,33,0
2026-09-10 11:15:00,4405.39,4406.62,4403.46,4406.0,1085,31,0
2026-09-10 11:20:00,4406.0,4407.42,4404.5,4406.0,981,31,0
2026-09-10 11:25:00,4406.02,4406.02,4403.44,4405.27,1274,31,0
2026-09-10 11:30:00,4405.35,4405.6,4399.64,4399.65,1560,36,0
2026-09-10 11:35:00,4399.66,4401.29,4398.18,4399.39,1412,33,0
2026-09-10 11:40:00,4399.39,4400.11,4394.54,4395.55,1465,31,0
2026-09-10 11:45:00,4395.59,4396.17,4392.02,4392.47,1543,36,0
2026-09-10 11:50:00,4392.47,4397.84,4392.36,4396.2,1275,35,0
2026-09-10 11:55:00,4396.19,4396.19,4392.32,4394.4,1146,31,0
2026-09-10 12:00:00,4394.37,4396.06,4392.79,4395.12,1320,36,0
2026-09-10 12:05:00,4395.12,4396.06,4389.41,4390.95,1194,31,0
2026-09-10 12:10:00,4391.01,4394.57,4391.01,4394.44,1119,31,0
2026-09-10 12:15:00,4394.47,4396.37,4393.11,4395.3,1131,31,0
2026-09-10 12:20:00,4395.3,4395.6,4391.66,4392.29,903,31,0
2026-09-10 12:25:00,4392.29,4394.99,4391.28,4392.29,982,34,0
2026-09-10 12:30:00,4392.29,4392.42,4389.19,4391.51,1245,36,0
2026-09-10 12:35:00,4391.5,4392.49,4390.19,4390.23,1079,35,0
2026-09-10 12:40:00,4390.2,4392.58,4387.95,4392.5,1201,32,0
2026-09-10 12:45:00,4392.5,4395.27,4392.06,4394.56,1015,31,0
2026-09-10 12:50:00,4394.55,4395.26,4393.41,4394.4,741,31,0
2026-09-10 12:55:00,4394.4,4394.67,4392.83,4393.6,831,36,0
2026-09-10 13:00:00,4393.6,4398.87,4391.28,4397.76,1556,36,0
2026-09-10 13:05:00,4397.76,4399.47,4391.5,4392.35,1507,33,0
2026-09-10 13:10:00,4392.36,4396.83,4389.54,4394.71,1605,36,0
2026-09-10 13:15:00,4394.68,4399.72,4393.97,4398.31,1357,36,0
2026-09-10 13:20:00,4398.36,4398.86,4395.5,4395.53,1057,35,0
2026-09-10 13:25:00,4395.56,4396.86,4393.33,4393.7,1187,35,0
2026-09-10 13:30:00,4393.67,4394.25,4383.35,4384.48,1729,35,0
2026-09-10 13:35:00,4384.4,4385.24,4377.05,4385.14,1833,36,0
2026-09-10 13:40:00,4385.13,4386.13,4382.68,4383.13,1457,35,0
2026-09-10 13:45:00,4383.08,4385.42,4379.89,4382.54,1450,35,0
2026-09-10 13:50:00,4382.45,4383.18,4374.93,4376.79,1574,36,0
2026-09-10 13:55:00,4376.8,4387.27,4376.54,4378.59,2140,35,0
2026-09-10 14:00:00,4378.61,4384.08,4377.62,4383.39,1973,36,0
2026-09-10 14:05:00,4383.36,4383.9,4378.46,4379.02,1665,35,0
2026-09-10 14:10:00,4379.02,4383.31,4374.97,4383.14,1685,36,0
2026-09-10 14:15:00,4383.11,4385.18,4380.59,4382.47,1528,36,0
2026-09-10 14:20:00,4382.52,4383.11,4379.01,4382.31,1461,35,0
2026-09-10 14:25:00,4382.31,4388.28,4382.17,4385.55,1401,31,0
2026-09-10 14:30:00,4385.45,4388.18,4384.16,4386.29,1406,31,0
2026-09-10 14:35:00,4386.29,4389.13,4385.93,4389.13,1162,34,0
2026-09-10 14:40:00,4389.13,4390.42,4384.14,4384.25,1270,34,0
2026-09-10 14:45:00,4384.51,4385.01,4380.06,4381.28,1302,35,0
2026-09-10 14:50:00,4381.66,4382.35,4375.59,4379.93,1501,36,0
2026-09-10 14:55:00,4379.87,4380.02,4374.09,4374.38,2078,36,0
2026-09-10 15:00:00,4374.38,4376.53,4370.39,4372.34,2343,36,0
2026-09-10 15:05:00,4372.36,4376.31,4368.79,4371.67,2022,36,0
2026-09-10 15:10:00,4371.67,4377.41,4371.67,4374.93,1509,36,0
2026-09-10 15:15:00,4374.95,4376.76,4366.5,4371.02,2339,36,0
2026-09-10 15:20:00,4370.99,4373.44,4365.32,4366.99,2263,36,0
2026-09-10 15:25:00,4366.81,4367.94,4361.58,4363.36,1940,34,0
2026-09-10 15:30:00,4363.36,4371.79,4339.9,4342.31,3435,35,0
2026-09-10 15:35:00,4342.23,4342.88,4323.87,4327.14,3359,36,0
2026-09-10 15:40:00,4327.3,4342.65,4323.88,4340.26,3394,36,0
2026-09-10 15:45:00,4340.32,4349.14,4338.0,4349.14,3067,36,0
2026-09-10 15:50:00,4349.14,4354.57,4342.34,4343.12,2952,36,0
2026-09-10 15:55:00,4342.97,4343.69,4336.24,4339.56,2654,36,0
2026-09-10 16:00:00,4339.62,4355.14,4339.48,4351.37,3267,36,0
2026-09-10 16:05:00,4351.4,4353.04,4346.47,4347.07,2966,36,0
2026-09-10 16:10:00,4347.07,4350.97,4343.48,4343.48,2736,35,0
2026-09-10 16:15:00,4343.47,4349.63,4341.24,4349.63,2609,32,0
2026-09-10 16:20:00,4350.0,4355.74,4349.14,4349.81,2600,32,0
2026-09-10 16:25:00,4349.8,4357.54,4344.62,4357.54,2363,31,0
2026-09-10 16:30:00,4357.54,4367.98,4352.13,4363.02,3098,31,0
2026-09-10 16:35:00,4363.17,4371.44,4359.3,4369.57,3172,36,0
2026-09-10 16:40:00,4369.55,4373.21,4363.33,4364.54,3141,36,0
2026-09-10 16:45:00,4364.53,4375.68,4363.44,4371.58,2985,36,0
2026-09-10 16:50:00,4371.64,4374.51,4362.33,4367.1,2742,36,0
2026-09-10 16:55:00,4367.11,4370.25,4364.38,4365.77,2411,31,0
2026-09-10 17:00:00,4365.69,4375.02,4365.69,4370.02,2989,31,0
2026-09-10 17:05:00,4369.73,4371.45,4360.89,4364.0,2655,31,0
2026-09-10 17:10:00,4364.0,4366.99,4359.14,4359.23,2621,31,0
2026-09-10 17:15:00,4359.25,4362.96,4353.96,4361.9,2591,31,0
2026-09-10 17:20:00,4361.9,4373.58,4359.2,4371.03,2807,35,0
2026-09-10 17:25:00,4371.08,4376.4,4362.25,4362.47,3141,36,0
2026-09-10 17:30:00,4362.47,4365.34,4360.13,4364.38,2432,31,0
2026-09-10 17:35:00,4364.35,4370.14,4362.69,4362.96,2508,31,0
2026-09-10 17:40:00,4362.96,4369.23,4355.7,4355.7,2364,31,0
2026-09-10 17:45:00,4355.83,4358.8,4353.92,4357.46,2257,32,0
2026-09-10 17:50:00,4357.46,4361.55,4354.91,4355.06,2172,32,0
2026-09-10 17:55:00,4355.04,4359.72,4353.97,4358.16,2107,33,0
2026-09-10 18:00:00,4358.15,4358.21,4352.48,4353.42,2271,34,0
2026-09-10 18:05:00,4353.35,4358.68,4353.26,4355.43,1829,36,0
2026-09-10 18:10:00,4355.42,4361.29,4355.18,4359.47,2189,35,0
2026-09-10 18:15:00,4359.69,4364.75,4358.53,4362.95,2067,36,0
2026-09-10 18:20:00,4362.94,4367.01,4360.92,4365.89,2013,36,0
2026-09-10 18:25:00,4365.85,4367.67,4362.96,4365.38,1764,32,0
2026-09-10 18:30:00,4365.37,4369.56,4362.25,4369.31,1840,33,0
2026-09-10 18:35:00,4369.45,4372.09,4367.0,4368.42,1835,35,0
2026-09-10 18:40:00,4368.45,4368.65,4364.03,4365.83,1610,36,0
2026-09-10 18:45:00,4365.8,4366.78,4360.84,4366.78,1682,35,0
2026-09-10 18:50:00,4366.71,4369.97,4365.28,4365.74,1770,36,0
2026-09-10 18:55:00,4365.73,4367.48,4363.81,4365.77,1728,34,0
2026-09-10 19:00:00,4365.76,4369.91,4364.85,4366.85,2288,35,0
2026-09-10 19:05:00,4366.85,4368.7,4359.61,4359.62,1942,36,0
2026-09-10 19:10:00,4359.59,4360.73,4353.8,4358.81,2040,36,0
2026-09-10 19:15:00,4358.39,4361.01,4355.21,4359.1,1789,34,0
2026-09-10 19:20:00,4359.1,4362.7,4358.86,4361.29,1642,33,0
2026-09-10 19:25:00,4361.34,4363.61,4359.79,4362.66,1306,31,0
2026-09-10 19:30:00,4362.65,4365.41,4357.24,4357.3,1779,32,0
2026-09-10 19:35:00,4357.53,4361.21,4355.69,4360.07,1959,36,0
2026-09-10 19:40:00,4360.07,4361.38,4356.14,4356.46,1419,34,0
2026-09-10 19:45:00,4356.46,4362.99,4356.3,4360.18,1599,34,0
2026-09-10 19:50:00,4360.24,4363.81,4360.24,4361.59,1510,34,0
2026-09-10 19:55:00,4361.6,4364.21,4359.56,4363.73,1264,31,0
2026-09-10 20:00:00,4363.74,4367.72,4359.46,4363.49,1707,31,0
2026-09-10 20:05:00,4363.57,4364.49,4360.54,4362.07,1491,34,0
2026-09-10 20:10:00,4362.05,4366.09,4361.31,4362.46,1402,31,0
2026-09-10 20:15:00,4362.46,4364.73,4361.2,4364.17,1453,33,0
2026-09-10 20:20:00,4364.15,4365.42,4362.46,4362.75,1461,35,0
2026-09-10 20:25:00,4363.04,4366.72,4362.23,4365.83,1585,36,0
2026-09-10 20:30:00,4365.8,4366.19,4362.19,4362.55,1455,36,0
2026-09-10 20:35:00,4362.54,4363.85,4357.97,4358.42,1415,35,0
2026-09-10 20:40:00,4358.4,4359.34,4355.2,4359.34,1706,36,0
2026-09-10 20:45:00,4359.29,4359.97,4356.53,4357.53,1514,33,0
2026-09-10 20:50:00,4357.56,4360.07,4356.9,4359.4,1298,31,0
2026-09-10 20:55:00,4359.4,4359.57,4351.02,4352.37,1374,35,0
2026-09-10 21:00:00,4352.38,4355.81,4348.52,4350.67,2048,36,0
2026-09-10 21:05:00,4350.68,4350.68,4341.89,4342.98,2014,36,0
2026-09-10 21:10:00,4342.76,4343.58,4340.02,4340.52,2057,36,0
2026-09-10 21:15:00,4340.44,4344.68,4338.56,4342.09,1760,36,0
2026-09-10 21:20:00,4342.18,4346.0,4341.68,4343.61,1541,35,0
2026-09-10 21:25:00,4343.76,4344.92,4337.26,4338.47,1954,35,0
2026-09-10 21:30:00,4338.43,4338.47,4332.2,4335.1,1930,36,0
2026-09-10 21:35:00,4335.13,4335.82,4332.56,4333.75,1502,32,0
2026-09-10 21:40:00,4333.75,4335.31,4331.62,4333.49,1484,32,0
2026-09-10 21:45:00,4333.49,4334.11,4329.93,4331.23,1615,33,0
2026-09-10 21:50:00,4331.23,4338.4,4329.6,4331.08,2365,36,0
2026-09-10 21:55:00,4331.09,4336.51,4330.31,4331.92,1701,36,0
2026-09-10 22:00:00,4331.81,4332.31,4313.57,4316.22,2520,36,0
2026-09-10 22:05:00,4316.2,4324.37,4316.0,4324.01,1984,36,0
2026-09-10 22:10:00,4324.01,4324.16,4319.51,4322.05,1860,36,0
2026-09-10 22:15:00,4322.06,4323.46,4319.03,4320.56,1578,34,0
2026-09-10 22:20:00,4320.55,4329.59,4320.52,4329.0,1450,33,0
2026-09-10 22:25:00,4328.99,4330.62,4326.2,4327.0,1469,35,0
2026-09-10 22:30:00,4327.0,4329.14,4324.15,4326.65,1392,35,0
2026-09-10 22:35:00,4326.65,4327.64,4323.77,4326.66,1582,36,0
2026-09-10 22:40:00,4326.68,4327.56,4323.3,4324.06,1303,35,0
2026-09-10 22:45:00,4324.06,4325.7,4320.62,4323.35,1265,34,0
2026-09-10 22:50:00,4323.33,4324.64,4319.72,4323.17,1612,36,0
2026-09-10 22:55:00,4323.18,4324.31,4322.0,4323.78,1641,36,0
2026-09-10 23:00:00,4323.88,4324.1,4319.69,4321.04,1063,36,0
2026-09-10 23:05:00,4320.9,4323.36,4319.95,4322.94,822,35,0
2026-09-10 23:10:00,4322.94,4323.94,4321.98,4322.68,738,35,0
2026-09-10 23:15:00,4322.71,4322.75,4321.36,4321.43,592,35,0
2026-09-10 23:20:00,4321.42,4321.55,4316.09,4316.48,911,35,0
2026-09-10 23:25:00,4316.5,4318.8,4316.5,4318.04,754,36,0
2026-09-10 23:30:00,4318.04,4318.32,4316.16,4316.49,806,36,0
2026-09-10 23:35:00,4316.5,4317.99,4315.57,4316.66,797,36,0
2026-09-10 23:40:00,4316.69,4317.9,4315.54,4317.66,534,44,0
2026-09-10 23:45:00,4317.72,4318.53,4314.94,4314.95,683,44,0
2026-09-10 23:50:00,4314.94,4316.36,4312.98,4315.37,579,44,0
2026-09-10 23:55:00,4315.42,4317.32,4314.6,4314.95,462,374,0
2026-09-11 01:05:00,4320.41,4321.99,4319.3,4321.32,530,368,0
2026-09-11 01:10:00,4322.64,4322.64,4320.47,4320.99,503,38,0
2026-09-11 01:15:00,4321.0,4321.63,4319.33,4319.35,246,38,0
2026-09-11 01:20:00,4319.35,4321.23,4318.72,4319.46,415,38,0
2026-09-11 01:25:00,4319.47,4320.02,4318.64,4319.43,478,38,0
2026-09-11 01:30:00,4319.43,4320.07,4315.45,4318.21,649,38,0
2026-09-11 01:35:00,4318.21,4318.35,4315.76,4315.77,384,38,0
2026-09-11 01:40:00,4315.75,4317.7,4313.39,4315.74,593,38,0
2026-09-11 01:45:00,4315.74,4317.99,4314.94,4317.91,419,38,0
2026-09-11 01:50:00,4317.9,4318.99,4316.94,4317.62,362,37,0
2026-09-11 01:55:00,4317.62,4318.45,4317.1,4317.49,401,37,0
2026-09-11 02:00:00,4317.48,4319.55,4317.12,4318.27,636,37,0
2026-09-11 02:05:00,4318.27,4319.26,4317.77,4318.45,423,36,0
2026-09-11 02:10:00,4318.45,4319.5,4316.23,4319.21,458,35,0
2026-09-11 02:15:00,4319.23,4319.72,4318.81,4319.39,267,35,0
2026-09-11 02:20:00,4319.34,4320.17,4317.41,4317.97,405,35,0
2026-09-11 02:25:00,4317.97,4318.9,4317.35,4317.88,335,35,0
2026-09-11 02:30:00,4317.88,4319.93,4316.88,4318.27,466,35,0
2026-09-11 02:35:00,4318.27,4318.27,4314.31,4315.71,603,38,0
2026-09-11 02:40:00,4315.71,4317.79,4314.72,4315.73,595,36,0
2026-09-11 02:45:00,4315.72,4317.56,4313.63,4314.82,1015,37,0
2026-09-11 02:50:00,4314.82,4315.96,4311.55,4312.3,875,36,0
2026-09-11 02:55:00,4312.3,4315.91,4310.52,4314.85,866,36,0
2026-09-11 03:00:00,4314.77,4320.89,4312.45,4319.21,1920,37,0
2026-09-11 03:05:00,4319.16,4323.31,4317.15,4318.13,1529,37,0
2026-09-11 03:10:00,4318.13,4319.16,4314.65,4318.64,1284,36,0
2026-09-11 03:15:00,4318.7,4320.84,4316.52,4319.45,1245,36,0
2026-09-11 03:20:00,4319.45,4321.47,4317.77,4318.57,1241,36,0
2026-09-11 03:25:00,4318.57,4323.81,4317.09,4323.54,1242,35,0
2026-09-11 03:30:00,4323.51,4324.75,4319.52,4321.27,1262,35,0
2026-09-11 03:35:00,4321.23,4325.16,4320.48,4324.43,1335,35,0
2026-09-11 03:40:00,4324.31,4327.33,4320.64,4327.27,1285,37,0
2026-09-11 03:45:00,4327.26,4333.61,4326.59,4332.25,1412,35,0
2026-09-11 03:50:00,4332.29,4333.38,4330.98,4332.02,1477,35,0
2026-09-11 03:55:00,4332.03,4333.36,4329.81,4331.7,1323,35,0
2026-09-11 04:00:00,4331.4,4340.18,4327.94,4340.13,2615,38,0
2026-09-11 04:05:00,4340.09,4340.09,4333.09,4337.55,2223,38,0
2026-09-11 04:10:00,4337.56,4338.85,4332.55,4332.88,2192,37,0
2026-09-11 04:15:00,4332.87,4337.14,4330.92,4331.84,2030,37,0
2026-09-11 04:20:00,4331.77,4332.0,4320.69,4321.14,1959,36,0
2026-09-11 04:25:00,4321.14,4330.29,4321.14,4327.91,1701,36,0
2026-09-11 04:30:00,4327.91,4332.92,4327.91,4332.34,1664,36,0
2026-09-11 04:35:00,4332.35,4334.67,4329.21,4329.27,1632,35,0
2026-09-11 04:40:00,4329.28,4329.33,4322.41,4326.25,2138,37,0
2026-09-11 04:45:00,4326.28,4328.44,4323.39,4328.08,1836,35,0
2026-09-11 04:50:00,4328.09,4329.04,4323.25,4323.86,1806,35,0
2026-09-11 04:55:00,4323.86,4328.07,4322.74,4327.84,1478,35,0
2026-09-11 05:00:00,4327.85,4331.38,4327.85,4331.13,1682,35,0
2026-09-11 05:05:00,4331.13,4331.98,4326.43,4327.84,1354,35,0
2026-09-11 05:10:00,4327.76,4330.68,4327.48,4329.32,1159,35,0
2026-09-11 05:15:00,4329.32,4333.09,4328.38,4332.23,1045,35,0
2026-09-11 05:20:00,4332.23,4332.31,4326.02,4326.29,1055,35,0
2026-09-11 05:25:00,4326.29,4326.29,4321.47,4323.72,1077,36,0
2026-09-11 05:30:00,4323.71,4324.97,4315.55,4317.73,2115,38,0
2026-09-11 05:35:00,4317.7,4321.24,4315.4,4320.46,1618,37,0
2026-09-11 05:40:00,4320.42,4324.05,4317.52,4317.55,1713,37,0
2026-09-11 05:45:00,4317.54,4324.0,4314.71,4322.89,1750,37,0
2026-09-11 05:50:00,4322.89,4325.48,4321.1,4321.4,1438,35,0
2026-09-11 05:55:00,4321.39,4322.78,4319.86,4321.13,1349,35,0
2026-09-11 06:00:00,4321.1,4325.51,4320.55,4321.21,1374,35,0
2026-09-11 06:05:00,4321.21,4322.67,4314.62,4317.51,1662,37,0
2026-09-11 06:10:00,4317.52,4319.64,4314.11,4319.13,1574,35,0
2026-09-11 06:15:00,4319.13,4321.06,4314.03,4314.46,1389,35,0
2026-09-11 06:20:00,4314.46,4315.76,4303.94,4306.63,1947,35,0
2026-09-11 06:25:00,4306.74,4310.33,4304.49,4309.17,1595,36,0
2026-09-11 06:30:00,4309.19,4311.05,4306.14,4308.62,1469,35,0
2026-09-11 06:35:00,4308.62,4310.52,4306.29,4308.43,1366,35,0
2026-09-11 06:40:00,4308.43,4312.47,4306.75,4308.15,1332,35,0
2026-09-11 06:45:00,4308.18,4308.21,4302.24,4302.76,1366,35,0
2026-09-11 06:50:00,4302.76,4304.12,4300.69,4303.88,1346,35,0
2026-09-11 06:55:00,4303.92,4306.82,4302.29,4303.56,1359,35,0
2026-09-11 07:00:00,4303.56,4309.1,4301.76,4308.58,1590,37,0
2026-09-11 07:05:00,4308.58,4318.51,4308.46,4318.1,1529,35,0
2026-09-11 07:10:00,4318.08,4324.93,4318.06,4321.64,1876,37,0
2026-09-11 07:15:00,4321.64,4321.97,4319.43,4320.7,1490,35,0
2026-09-11 07:20:00,4320.71,4327.1,4320.54,4326.9,1291,35,0
2026-09-11 07:25:00,4326.88,4329.49,4325.96,4328.85,1088,35,0
2026-09-11 07:30:00,4328.91,4330.95,4327.36,4327.54,1223,36,0
2026-09-11 07:35:00,4327.53,4329.48,4326.31,4329.02,1149,37,0
2026-09-11 07:40:00,4329.01,4333.79,4328.59,4331.42,1357,38,0
2026-09-11 07:45:00,4331.47,4333.48,4329.8,4331.38,1074,35,0
2026-09-11 07:50:00,4331.27,4335.32,4331.22,4334.91,1215,36,0
2026-09-11 07:55:00,4334.92,4335.42,4331.1,4331.64,989,35,0
2026-09-11 08:00:00,4331.66,4331.68,4327.78,4328.5,1343,35,0
2026-09-11 08:05:00,4328.51,4333.9,4328.1,4333.43,1373,35,0
2026-09-11 08:10:00,4333.42,4336.89,4331.24,4336.77,1255,35,0
2026-09-11 08:15:00,4336.77,4338.1,4333.68,4337.44,1208,35,0
2026-09-11 08:20:00,4337.42,4338.07,4334.41,4335.4,939,35,0
2026-09-11 08:25:00,4335.4,4335.45,4332.36,4334.1,1017,35,0
2026-09-11 08:30:00,4333.8,4339.78,4332.59,4337.11,2285,38,0
2026-09-11 08:35:00,4337.11,4338.92,4335.15,4337.18,1866,37,0
2026-09-11 08:40:00,4337.08,4341.99,4333.08,4341.86,1839,37,0
2026-09-11 08:45:00,4341.89,4345.89,4338.67,4343.9,1728,36,0
2026-09-11 08:50:00,4343.82,4346.86,4342.02,4346.86,1945,37,0
2026-09-11 08:55:00,4346.87,4350.85,4344.07,4345.25,1780,35,0
2026-09-11 09:00:00,4345.31,4355.42,4345.2,4353.44,2119,33,0
2026-09-11 09:05:00,4353.43,4358.97,4351.52,4355.66,1793,36,0
2026-09-11 09:10:00,4355.66,4360.75,4354.27,4358.79,1962,36,0
2026-09-11 09:15:00,4358.88,4360.31,4356.43,4358.64,1739,36,0
2026-09-11 09:20:00,4358.64,4358.65,4352.45,4352.69,1695,36,0
2026-09-11 09:25:00,4352.75,4353.53,4350.78,4350.78,1462,36,0
2026-09-11 09:30:00,4350.8,4352.44,4346.9,4347.12,1730,36,0
2026-09-11 09:35:00,4347.15,4352.64,4347.07,4352.08,1621,36,0
2026-09-11 09:40:00,4352.09,4353.76,4349.13,4350.44,1482,36,0
2026-09-11 09:45:00,4350.45,4355.15,4349.35,4351.65,1517,36,0
2026-09-11 09:50:00,4351.65,4353.29,4349.35,4353.29,1352,36,0
2026-09-11 09:55:00,4353.28,4353.91,4350.66,4353.03,1241,35,0
2026-09-11 10:00:00,4352.77,4355.98,4351.95,4354.62,1567,35,0
2026-09-11 10:05:00,4354.58,4355.79,4349.71,4350.61,1232,36,0
2026-09-11 10:10:00,4350.6,4355.2,4350.4,4351.61,1173,35,0
2026-09-11 10:15:00,4351.63,4352.15,4350.03,4350.76,1267,36,0
2026-09-11 10:20:00,4350.74,4352.21,4347.66,4349.76,1091,36,0
2026-09-11 10:25:00,4349.76,4349.76,4344.94,4346.15,1084,36,0
2026-09-11 10:30:00,4346.14,4347.61,4344.3,4345.06,1111,35,0
2026-09-11 10:35:00,4345.12,4346.1,4343.06,4343.66,1005,33,0
2026-09-11 10:40:00,4343.66,4346.22,4343.13,4344.88,1192,34,0
2026-09-11 10:45:00,4344.87,4344.89,4341.98,4342.01,1237,34,0
2026-09-11 10:50:00,4342.01,4343.02,4340.4,4342.42,1186,32,0
2026-09-11 10:55:00,4342.44,4344.98,4342.44,4344.82,1289,35,0
2026-09-11 11:00:00,4344.86,4347.04,4342.43,4344.35,1720,36,0
2026-09-11 11:05:00,4344.35,4348.52,4343.47,4345.41,1453,36,0
2026-09-11 11:10:00,4345.41,4349.22,4342.0,4347.23,1759,36,0
2026-09-11 11:15:00,4347.22,4350.13,4345.94,4346.87,1602,36,0
2026-09-11 11:20:00,4346.84,4357.11,4343.57,4352.05,1774,34,0
2026-09-11 11:25:00,4351.84,4354.57,4348.93,4351.49,1686,36,0
2026-09-11 11:30:00,4351.55,4355.69,4350.96,4352.47,1307,36,0
2026-09-11 11:35:00,4352.48,4355.71,4350.93,4353.99,1190,35,0
2026-09-11 11:40:00,4354.02,4356.44,4351.94,4352.54,1075,35,0
2026-09-11 11:45:00,4352.52,4355.19,4351.79,4352.65,1320,35,0
2026-09-11 11:50:00,4352.65,4352.83,4349.29,4350.72,1363,36,0
2026-09-11 11:55:00,4350.72,4350.72,4345.39,4347.46,1225,36,0
2026-09-11 12:00:00,4347.65,4353.8,4347.65,4348.33,1410,36,0
2026-09-11 12:05:00,4348.32,4348.66,4344.42,4344.61,1021,34,0
2026-09-11 12:10:00,4344.6,4345.62,4342.34,4342.34,1047,36,0
2026-09-11 12:15:00,4342.34,4345.12,4341.47,4345.09,881,35,0
2026-09-11 12:20:00,4345.09,4346.07,4343.39,4344.39,1027,35,0
2026-09-11 12:25:00,4344.39,4345.63,4343.32,4344.38,891,36,0
2026-09-11 12:30:00,4344.33,4344.97,4341.24,4342.19,1180,36,0
2026-09-11 12:35:00,4342.22,4344.33,4342.0,4342.22,1005,36,0
2026-09-11 12:40:00,4342.22,4343.61,4340.58,4343.38,842,34,0
2026-09-11 12:45:00,4343.38,4343.81,4342.43,4343.27,852,35,0
2026-09-11 12:50:00,4343.24,4344.55,4342.69,4343.75,1034,35,0
2026-09-11 12:55:00,4343.75,4347.53,4343.16,4346.1,1082,36,0
2026-09-11 13:00:00,4346.27,4349.08,4341.41,4348.97,1589,36,0
2026-09-11 13:05:00,4348.97,4349.7,4344.79,4345.48,979,36,0
2026-09-11 13:10:00,4345.48,4347.65,4343.42,4346.04,955,36,0
2026-09-11 13:15:00,4346.09,4349.61,4345.69,4349.33,1006,35,0
2026-09-11 13:20:00,4349.35,4349.71,4345.69,4348.33,1151,35,0
2026-09-11 13:25:00,4348.34,4349.83,4346.96,4349.19,972,36,0
2026-09-11 13:30:00,4349.2,4349.58,4347.11,4348.97,1041,36,0
2026-09-11 13:35:00,4348.97,4349.19,4344.06,4346.54,987,35,0
2026-09-11 13:40:00,4346.54,4346.55,4343.63,4344.99,1076,35,0
2026-09-11 13:45:00,4344.99,4345.22,4341.54,4341.94,1018,36,0
2026-09-11 13:50:00,4341.88,4342.38,4339.45,4340.54,944,34,0
2026-09-11 13:55:00,4340.54,4340.75,4336.63,4337.42,1018,34,0
2026-09-11 14:00:00,4337.42,4342.47,4337.23,4339.34,1347,34,0
2026-09-11 14:05:00,4339.34,4340.14,4336.84,4337.11,1065,35,0
2026-09-11 14:10:00,4337.11,4338.32,4334.55,4337.92,1140,32,0
2026-09-11 14:15:00,4337.91,4338.88,4335.9,4338.36,1097,35,0
2026-09-11 14:20:00,4338.33,4339.52,4336.83,4338.51,1141,34,0
2026-09-11 14:25:00,4338.51,4341.58,4336.06,4336.46,1308,31,0
2026-09-11 14:30:00,4336.46,4337.11,4331.63,4331.73,1128,31,0
2026-09-11 14:35:00,4331.71,4333.94,4330.15,4332.4,1236,31,0
2026-09-11 14:40:00,4332.4,4334.59,4330.05,4334.58,1347,31,0
2026-09-11 14:45:00,4334.55,4335.97,4332.66,4334.8,1410,31,0
2026-09-11 14:50:00,4334.79,4335.31,4330.86,4330.86,1268,31,0
2026-09-11 14:55:00,4330.86,4333.78,4330.67,4333.57,1083,31,0
2026-09-11 15:00:00,4333.55,4334.66,4328.46,4329.41,1343,31,0
2026-09-11 15:05:00,4329.41,4330.02,4326.31,4327.76,1416,31,0
2026-09-11 15:10:00,4327.69,4332.36,4324.81,4327.89,1515,36,0
2026-09-11 15:15:00,4327.88,4334.01,4327.27,4330.79,1465,34,0
2026-09-11 15:20:00,4331.12,4333.78,4329.15,4329.93,1827,36,0
2026-09-11 15:25:00,4329.93,4343.22,4328.32,4340.82,2209,36,0
2026-09-11 15:30:00,4340.82,4348.55,4288.41,4330.64,4004,54,0
2026-09-11 15:35:00,4330.52,4351.37,4326.69,4349.93,3808,36,0
2026-09-11 15:40:00,4349.9,4362.57,4349.08,4353.77,3712,36,0
2026-09-11 15:45:00,4354.13,4367.45,4352.4,4361.59,3190,36,0
2026-09-11 15:50:00,4361.59,4382.2,4360.04,4377.49,3123,36,0
2026-09-11 15:55:00,4377.49,4389.93,4376.61,4387.56,2955,36,0
2026-09-11 16:00:00,4387.48,4393.23,4384.75,4390.08,3347,36,0
2026-09-11 16:05:00,4390.14,4394.25,4381.56,4382.39,2967,36,0
2026-09-11 16:10:00,4382.33,4391.57,4380.54,4389.29,2719,36,0
2026-09-11 16:15:00,4389.27,4390.29,4381.46,4387.33,2772,36,0
2026-09-11 16:20:00,4387.33,4389.57,4380.57,4383.07,2421,36,0
2026-09-11 16:25:00,4383.08,4398.48,4382.64,4390.34,2874,36,0
2026-09-11 16:30:00,4390.01,4395.46,4381.54,4395.34,3224,36,0
2026-09-11 16:35:00,4395.42,4400.19,4383.58,4389.6,2956,34,0
2026-09-11 16:40:00,4389.38,4398.95,4386.98,4395.06,3045,33,0
2026-09-11 16:45:00,4394.78,4400.49,4389.98,4392.71,2838,31,0
2026-09-11 16:50:00,4392.7,4394.02,4387.28,4389.64,2345,32,0
2026-09-11 16:55:00,4389.59,4402.43,4387.19,4402.02,2118,33,0
2026-09-11 17:00:00,4402.02,4402.33,4381.53,4390.2,2954,36,0
2026-09-11 17:05:00,4390.2,4391.97,4385.47,4387.31,2810,34,0
2026-09-11 17:10:00,4387.31,4388.13,4381.99,4382.68,2529,31,0
2026-09-11 17:15:00,4382.65,4384.88,4375.86,4382.68,2531,35,0
2026-09-11 17:20:00,4382.57,4385.42,4377.65,4379.16,2536,31,0
2026-09-11 17:25:00,4379.27,4379.28,4374.23,4375.04,2582,31,0
2026-09-11 17:30:00,4375.03,4375.54,4370.86,4371.55,2239,34,0
2026-09-11 17:35:00,4371.54,4372.67,4364.75,4368.11,2235,32,0
2026-09-11 17:40:00,4368.11,4372.04,4367.76,4371.43,2423,33,0
2026-09-11 17:45:00,4371.42,4384.11,4371.17,4379.4,2766,36,0
2026-09-11 17:50:00,4379.44,4384.09,4377.34,4377.88,2408,34,0
2026-09-11 17:55:00,4378.17,4378.39,4370.47,4370.73,2159,34,0
2026-09-11 18:00:00,4370.74,4372.77,4366.5,4370.5,2199,34,0
2026-09-11 18:05:00,4370.49,4370.59,4361.47,4362.78,2037,35,0
2026-09-11 18:10:00,4362.6,4363.67,4359.16,4362.27,1962,35,0
2026-09-11 18:15:00,4362.26,4366.04,4361.31,4362.11,2099,34,0
2026-09-11 18:20:00,4362.12,4367.74,4362.05,4365.31,1910,34,0
2026-09-11 18:25:00,4365.38,4372.17,4365.07,4369.94,2064,35,0
2026-09-11 18:30:00,4369.85,4375.32,4368.96,4372.88,2031,36,0
2026-09-11 18:35:00,4372.88,4377.01,4370.55,4373.96,1899,32,0
2026-09-11 18:40:00,4373.95,4375.2,4370.39,4372.77,1612,31,0
2026-09-11 18:45:00,4372.77,4373.52,4368.54,4373.41,1633,31,0
2026-09-11 18:50:00,4373.43,4373.65,4366.4,4368.85,1700,35,0
2026-09-11 18:55:00,4368.85,4369.28,4365.1,4366.94,1698,34,0
2026-09-11 19:00:00,4366.8,4372.56,4366.58,4371.58,1585,36,0
2026-09-11 19:05:00,4371.6,4372.53,4366.25,4367.21,1701,36,0
2026-09-11 19:10:00,4367.18,4368.92,4360.91,4361.25,1692,36,0
2026-09-11 19:15:00,4361.25,4363.83,4358.78,4359.06,1643,36,0
2026-09-11 19:20:00,4359.06,4360.81,4351.9,4352.97,1750,36,0
2026-09-11 19:25:00,4353.0,4362.62,4352.66,4354.84,2183,36,0
2026-09-11 19:30:00,4354.94,4365.73,4353.29,4364.2,2333,36,0
2026-09-11 19:35:00,4363.93,4364.26,4359.09,4359.14,1812,36,0
2026-09-11 19:40:00,4359.1,4364.4,4358.89,4363.58,1594,34,0
2026-09-11 19:45:00,4363.45,4364.92,4360.43,4360.49,1437,33,0
2026-09-11 19:50:00,4360.49,4361.68,4360.23,4361.18,1234,34,0
2026-09-11 19:55:00,4361.18,4363.29,4361.04,4361.4,1276,34,0
2026-09-11 20:00:00,4361.41,4364.05,4360.78,4362.75,1141,35,0
2026-09-11 20:05:00,4362.47,4368.7,4361.08,4363.94,1362,36,0
2026-09-11 20:10:00,4363.94,4366.78,4362.01,4365.6,1490,36,0
2026-09-11 20:15:00,4365.61,4368.82,4363.36,4367.6,1472,36,0
2026-09-11 20:20:00,4367.6,4369.19,4365.68,4369.0,1487,35,0
2026-09-11 20:25:00,4369.02,4369.63,4365.97,4366.84,1409,34,0
2026-09-11 20:30:00,4366.84,4370.32,4365.27,4368.98,1281,36,0
2026-09-11 20:35:00,4368.98,4369.51,4362.12,4362.16,1137,34,0
2026-09-11 20:40:00,4362.17,4363.43,4359.9,4361.92,1290,35,0
2026-09-11 20:45:00,4361.93,4362.25,4359.18,4361.79,1357,36,0
2026-09-11 20:50:00,4361.75,4363.68,4360.76,4362.56,1131,35,0
2026-09-11 20:55:00,4362.56,4362.85,4357.8,4358.22,1253,34,0
2026-09-11 21:00:00,4358.24,4359.86,4357.07,4359.74,1234,34,0
2026-09-11 21:05:00,4359.71,4359.99,4353.69,4353.79,1324,36,0
2026-09-11 21:10:00,4353.77,4355.91,4345.95,4346.79,1486,36,0
2026-09-11 21:15:00,4346.79,4351.95,4344.96,4349.65,1504,36,0
2026-09-11 21:20:00,4349.65,4350.17,4344.01,4348.97,1954,36,0
2026-09-11 21:25:00,4348.92,4352.94,4348.59,4350.58,1798,36,0
2026-09-11 21:30:00,4350.57,4351.49,4345.78,4348.12,1374,36,0
2026-09-11 21:35:00,4348.14,4350.29,4346.79,4346.92,1171,36,0
2026-09-11 21:40:00,4346.92,4349.07,4346.7,4346.99,957,34,0
2026-09-11 21:45:00,4347.02,4347.34,4344.22,4345.01,1128,34,0
2026-09-11 21:50:00,4345.01,4346.81,4344.47,4344.86,1025,35,0
2026-09-11 21:55:00,4345.02,4347.27,4344.95,4347.24,1160,35,0
2026-09-11 22:00:00,4347.24,4348.17,4345.32,4347.63,1328,36,0
2026-09-11 22:05:00,4347.59,4349.18,4344.34,4347.36,1073,36,0
2026-09-11 22:10:00,4347.34,4351.85,4346.94,4351.64,1162,36,0
2026-09-11 22:15:00,4351.58,4353.59,4349.19,4349.4,1039,36,0
2026-09-11 22:20:00,4349.42,4351.5,4348.77,4351.5,974,34,0
2026-09-11 22:25:00,4351.44,4353.04,4347.29,4347.55,1031,36,0
2026-09-11 22:30:00,4347.54,4348.28,4345.11,4347.14,1091,34,0
2026-09-11 22:35:00,4347.14,4347.98,4345.74,4346.8,973,34,0
2026-09-11 22:40:00,4346.77,4348.09,4345.53,4346.06,1116,36,0
2026-09-11 22:45:00,4346.01,4346.18,4342.6,4343.06,1189,36,0
2026-09-11 22:50:00,4343.07,4345.67,4342.72,4345.03,1200,33,0
2026-09-11 22:55:00,4345.06,4349.2,4344.88,4348.94,1442,35,0
2026-09-11 23:00:00,4348.93,4351.36,4348.04,4348.71,824,31,0
2026-09-11 23:05:00,4348.71,4350.56,4348.5,4350.22,552,31,0
2026-09-11 23:10:00,4350.23,4350.27,4348.24,4348.25,545,31,0
2026-09-11 23:15:00,4348.22,4349.2,4346.21,4349.19,438,31,0
2026-09-11 23:20:00,4349.17,4350.25,4348.97,4349.41,461,35,0
2026-09-11 23:25:00,4349.4,4349.97,4348.39,4348.74,469,34,0
2026-09-11 23:30:00,4348.72,4348.75,4346.98,4347.58,434,36,0
2026-09-11 23:35:00,4347.64,4349.0,4346.99,4348.51,384,35,0
2026-09-11 23:40:00,4348.51,4348.51,4345.69,4346.46,398,44,0
2026-09-11 23:45:00,4346.48,4349.27,4346.28,4347.45,415,44,0
2026-09-11 23:50:00,4346.1,4347.08,4344.09,4347.03,472,374,0
2026-09-11 23:55:00,4347.08,4347.78,4346.16,4347.45,264,374,0
