time,open,high,low,close,tick_volume,spread,real_volume
2020-03-25 20:00:00,1614.71,1623.71,1612.61,1621.71,1863,280,0
2020-03-26 00:00:00,1620.61,1623.11,1603.21,1608.31,2606,280,0
2020-03-26 04:00:00,1608.31,1616.01,1599.81,1607.01,3034,380,0
2020-03-26 08:00:00,1607.41,1615.07,1599.61,1614.41,8965,0,0
2020-03-26 12:00:00,1614.8,1642.08,1614.69,1634.97,36746,0,0
2020-03-26 16:00:00,1634.99,1644.61,1624.66,1637.58,54763,319,0
2020-03-26 20:00:00,1637.59,1638.12,1614.63,1628.84,25706,319,0
2020-03-27 00:00:00,1631.68,1635.26,1619.54,1624.65,17666,319,0
2020-03-27 04:00:00,1623.54,1630.31,1622.21,1626.81,1937,320,0
2020-03-27 08:00:00,1626.81,1629.11,1612.27,1621.84,19948,114,0
2020-03-27 12:00:00,1621.8,1629.46,1613.99,1623.04,21415,115,0
2020-03-27 16:00:00,1622.88,1629.84,1615.55,1623.8,25169,115,0
2020-03-27 20:00:00,1623.71,1631.32,1617.11,1621.74,7246,129,0
2020-03-30 00:00:00,1634.27,1636.96,1612.33,1617.95,10268,106,0
2020-03-30 04:00:00,1617.99,1622.18,1612.75,1614.6,16259,120,0
2020-03-30 08:00:00,1614.58,1624.01,1610.7,1621.94,19960,115,0
2020-03-30 12:00:00,1621.86,1627.13,1615.34,1619.75,25275,115,0
2020-03-30 16:00:00,1619.81,1624.35,1616.78,1619.76,35938,112,0
2020-03-30 20:00:00,1619.81,1623.26,1611.26,1620.49,26002,115,0
2020-03-31 00:00:00,1621.95,1623.56,1610.94,1613.36,8844,122,0
2020-03-31 04:00:00,1613.53,1618.06,1611.09,1613.42,16713,114,0
2020-03-31 08:00:00,1613.44,1619.22,1603.7,1610.22,20983,115,0
2020-03-31 12:00:00,1610.17,1612.19,1594.14,1604.32,28956,106,0
2020-03-31 16:00:00,1604.27,1613.57,1595.97,1597.57,35126,114,0
2020-03-31 20:00:00,1597.62,1597.83,1573.78,1576.72,29010,114,0
2020-04-01 00:00:00,1575.35,1581.6,1567.65,1580.7,9472,115,0
2020-04-01 04:00:00,1579.97,1588.29,1579.15,1586.46,12777,115,0
2020-04-01 08:00:00,1586.32,1601.21,1583.43,1594.41,22756,114,0
2020-04-01 12:00:00,1594.31,1596.73,1579.95,1584.14,22625,114,0
2020-04-01 16:00:00,1584.25,1594.12,1571.55,1582.7,34078,114,0
2020-04-01 20:00:00,1582.7,1593.14,1577.27,1592.52,22281,115,0
2020-04-02 00:00:00,1588.56,1595.81,1585.4,1586.82,14200,115,0
2020-04-02 04:00:00,1587.47,1587.47,1581.81,1584.59,14197,109,0
2020-04-02 08:00:00,1584.98,1599.82,1582.81,1586.85,29700,109,0
2020-04-02 12:00:00,1586.86,1610.65,1585.49,1601.19,30841,115,0
2020-04-02 16:00:00,1601.13,1614.52,1600.39,1613.14,37131,112,0
2020-04-02 20:00:00,1613.13,1620.55,1608.65,1611.61,24166,114,0
2020-04-03 00:00:00,1612.84,1617.52,1607.49,1609.72,8259,115,0
2020-04-03 04:00:00,1609.67,1614.46,1608.35,1611.98,15688,107,0
2020-04-03 08:00:00,1611.9,1617.49,1606.55,1611.57,24914,106,0
2020-04-03 12:00:00,1611.58,1622.19,1605.64,1609.08,29583,113,0
2020-04-03 16:00:00,1609.07,1621.33,1608.79,1618.5,40408,114,0
2020-04-03 20:00:00,1618.41,1626.08,1615.06,1615.59,20998,114,0
2020-04-06 00:00:00,1616.43,1623.33,1608.79,1617.56,10061,114,0
2020-04-06 04:00:00,1617.57,1620.17,1614.22,1618.2,11419,115,0
2020-04-06 08:00:00,1618.15,1636.47,1615.92,1636.45,23818,115,0
2020-04-06 12:00:00,1636.45,1645.32,1631.92,1642.67,25172,114,0
2020-04-06 16:00:00,1642.55,1652.31,1636.89,1651.87,36279,114,0
2020-04-06 20:00:00,1652.09,1669.63,1650.72,1659.15,28491,113,0
2020-04-07 00:00:00,1660.72,1676.05,1656.92,1662.78,9846,106,0
2020-04-07 04:00:00,1662.42,1665.02,1652.62,1659.22,14349,105,0
2020-04-07 08:00:00,1659.22,1669.3,1643.4,1657.2,27902,114,0
2020-04-07 12:00:00,1657.21,1661.98,1648.6,1656.52,25899,115,0
2020-04-07 16:00:00,1656.66,1658.23,1641.85,1651.1,32032,114,0
2020-04-07 20:00:00,1651.17,1658.73,1642.52,1647.98,23773,114,0
2020-04-08 00:00:00,1645.98,1650.62,1640.62,1647.32,6759,115,0
2020-04-08 04:00:00,1647.32,1652.12,1643.54,1649.52,10284,115,0
2020-04-08 08:00:00,1649.72,1655.99,1641.61,1649.18,20524,114,0
2020-04-08 12:00:00,1649.23,1655.08,1642.23,1650.94,24643,114,0
2020-04-08 16:00:00,1650.93,1656.98,1642.43,1649.48,37333,114,0
2020-04-08 20:00:00,1649.49,1653.38,1643.72,1645.22,14675,105,0
2020-04-09 00:00:00,1644.42,1650.11,1642.81,1647.83,5535,115,0
2020-04-09 04:00:00,1647.84,1650.92,1646.3,1648.93,8981,114,0
2020-04-09 08:00:00,1648.68,1661.16,1647.28,1658.44,21356,114,0
2020-04-09 12:00:00,1658.23,1673.86,1655.04,1673.1,32641,114,0
2020-04-09 16:00:00,1673.16,1687.52,1670.43,1683.16,39672,114,0
2020-04-09 20:00:00,1683.22,1690.25,1674.95,1684.94,28040,114,0
2020-04-13 00:00:00,1683.84,1691.37,1673.36,1685.75,10269,114,0
2020-04-13 04:00:00,1686.06,1687.11,1678.83,1684.85,18279,115,0
2020-04-13 08:00:00,1683.85,1693.02,1679.73,1690.23,18830,114,0
2020-04-13 12:00:00,1689.93,1694.92,1685.69,1690.4,19031,115,0
2020-04-13 16:00:00,1690.51,1714.95,1685.46,1714.09,41217,105,0
2020-04-13 20:00:00,1714.03,1723.17,1711.53,1711.98,24497,110,0
2020-04-14 00:00:00,1712.62,1723.24,1710.99,1715.3,8141,115,0
2020-04-14 04:00:00,1715.31,1727.66,1713.86,1716.2,15533,115,0
2020-04-14 08:00:00,1716.36,1727.31,1707.32,1719.16,27061,107,0
2020-04-14 12:00:00,1719.17,1731.12,1714.62,1729.98,32098,110,0
2020-04-14 16:00:00,1730.0,1747.63,1724.89,1734.15,43979,114,0
2020-04-14 20:00:00,1734.15,1739.57,1720.26,1726.54,32276,112,0
2020-04-15 00:00:00,1728.02,1730.4,1721.39,1727.76,7882,114,0
2020-04-15 04:00:00,1727.79,1731.77,1719.63,1723.61,12770,115,0
2020-04-15 08:00:00,1723.75,1727.66,1707.33,1712.23,28869,115,0
2020-04-15 12:00:00,1712.5,1725.39,1709.93,1716.33,34874,114,0
2020-04-15 16:00:00,1716.31,1726.84,1708.97,1713.63,43394,114,0
2020-04-15 20:00:00,1713.63,1724.15,1710.62,1716.56,25910,114,0
2020-04-16 00:00:00,1716.95,1720.18,1712.42,1717.39,8084,115,0
2020-04-16 04:00:00,1717.57,1720.6,1712.01,1714.86,14726,115,0
2020-04-16 08:00:00,1714.72,1726.33,1713.82,1723.2,29083,114,0
2020-04-16 12:00:00,1723.18,1738.73,1718.69,1725.43,43529,114,0
2020-04-16 16:00:00,1725.36,1734.93,1707.97,1712.36,44087,106,0
2020-04-16 20:00:00,1712.49,1720.92,1707.21,1718.59,30405,114,0
2020-04-17 00:00:00,1718.94,1719.28,1701.48,1718.34,10689,114,0
2020-04-17 04:00:00,1718.57,1719.62,1701.54,1707.78,15650,114,0
2020-04-17 08:00:00,1707.72,1710.52,1685.98,1697.66,40627,114,0
2020-04-17 12:00:00,1697.68,1699.96,1683.99,1695.04,62720,170,0
2020-04-17 16:00:00,1695.0,1702.54,1684.2,1686.73,62466,170,0
2020-04-17 20:00:00,1686.78,1687.77,1679.09,1681.73,41212,170,0
2020-04-20 00:00:00,1678.82,1683.95,1671.28,1674.83,12351,170,0
2020-04-20 04:00:00,1674.87,1683.24,1673.73,1681.16,24190,170,0
2020-04-20 08:00:00,1681.19,1684.79,1672.87,1678.71,31772,170,0
2020-04-20 12:00:00,1678.66,1689.67,1673.81,1684.98,38054,170,0
2020-04-20 16:00:00,1684.98,1702.3,1680.33,1694.03,53686,170,0
2020-04-20 20:00:00,1693.92,1697.79,1685.4,1694.48,41818,170,0
2020-04-21 00:00:00,1694.25,1695.62,1688.04,1689.66,5574,170,0
2020-04-21 04:00:00,1689.56,1691.75,1686.19,1686.44,17645,170,0
2020-04-21 08:00:00,1686.39,1697.62,1686.21,1693.31,36895,170,0
2020-04-21 12:00:00,1693.25,1693.84,1660.28,1664.77,38462,170,0
2020-04-21 16:00:00,1664.77,1691.38,1663.1,1673.39,63261,170,0
2020-04-21 20:00:00,1673.15,1687.73,1671.02,1682.78,34538,170,0
2020-04-22 00:00:00,1685.53,1689.76,1682.56,1687.23,6206,170,0
2020-04-22 04:00:00,1687.19,1691.59,1679.88,1685.15,15100,170,0
2020-04-22 08:00:00,1684.81,1699.28,1680.79,1696.26,29473,170,0
2020-04-22 12:00:00,1696.14,1711.06,1693.48,1706.01,25429,170,0
2020-04-22 16:00:00,1705.96,1715.27,1700.53,1713.03,49230,170,0
2020-04-22 20:00:00,1713.24,1718.44,1711.08,1714.62,29537,170,0
2020-04-23 00:00:00,1712.5,1715.54,1709.34,1711.67,7157,170,0
2020-04-23 04:00:00,1711.66,1719.04,1707.15,1713.53,19862,170,0
2020-04-23 08:00:00,1713.65,1727.51,1710.27,1725.66,27106,170,0
2020-04-23 12:00:00,1725.63,1732.06,1721.91,1724.17,31375,170,0
2020-04-23 16:00:00,1724.09,1738.51,1720.12,1725.39,48128,170,0
2020-04-23 20:00:00,1725.41,1734.93,1720.89,1730.14,33890,170,0
2020-04-24 00:00:00,1729.37,1730.85,1721.86,1722.14,4854,170,0
2020-04-24 04:00:00,1722.14,1725.94,1721.6,1723.94,10658,170,0
2020-04-24 08:00:00,1723.92,1731.06,1720.89,1730.05,21124,170,0
2020-04-24 12:00:00,1729.86,1736.16,1727.1,1731.42,33539,170,0
2020-04-24 16:00:00,1731.39,1735.9,1710.35,1718.41,51111,170,0
2020-04-24 20:00:00,1718.47,1728.91,1716.32,1726.08,31936,170,0
2020-04-27 00:00:00,1725.85,1727.18,1719.31,1724.34,6661,170,0
2020-04-27 04:00:00,1724.33,1725.17,1720.09,1720.17,14656,170,0
2020-04-27 08:00:00,1720.16,1723.67,1713.03,1721.8,36562,170,0
2020-04-27 12:00:00,1721.81,1722.59,1712.19,1719.43,40234,170,0
2020-04-27 16:00:00,1719.54,1721.95,1705.97,1711.98,50846,170,0
2020-04-27 20:00:00,1712.0,1717.98,1709.37,1714.81,26371,170,0
2020-04-28 00:00:00,1711.61,1715.95,1704.53,1707.61,9424,170,0
2020-04-28 04:00:00,1707.47,1707.83,1695.65,1697.49,22310,170,0
2020-04-28 08:00:00,1697.48,1704.36,1691.7,1702.25,38488,170,0
2020-04-28 12:00:00,1702.16,1714.29,1700.88,1710.45,55856,170,0
2020-04-28 16:00:00,1710.48,1712.94,1691.57,1705.4,55114,170,0
2020-04-28 20:00:00,1705.1,1710.87,1702.34,1707.96,31733,170,0
2020-04-29 00:00:00,1707.59,1708.75,1703.48,1706.14,4215,170,0
2020-04-29 04:00:00,1706.16,1711.99,1705.88,1709.99,10447,170,0
2020-04-29 08:00:00,1709.98,1712.95,1701.88,1704.14,34443,170,0
2020-04-29 12:00:00,1704.16,1711.93,1701.0,1705.12,53564,170,0
2020-04-29 16:00:00,1705.19,1706.4,1697.71,1700.04,51657,170,0
2020-04-29 20:00:00,1700.14,1717.41,1698.34,1712.07,36215,158,0
2020-04-30 00:00:00,1710.56,1715.78,1709.37,1711.99,5434,170,0
2020-04-30 04:00:00,1711.99,1713.27,1708.81,1711.67,11518,170,0
2020-04-30 08:00:00,1711.73,1721.77,1710.51,1716.74,35349,170,0
2020-04-30 12:00:00,1716.99,1719.6,1694.07,1706.56,45743,170,0
2020-04-30 16:00:00,1706.56,1708.68,1681.37,1687.59,44053,170,0
2020-04-30 20:00:00,1687.44,1691.31,1681.32,1686.38,34643,170,0
2020-05-01 00:00:00,1685.68,1688.87,1681.94,1687.4,6919,170,0
2020-05-01 04:00:00,1687.37,1690.24,1684.67,1687.29,8585,170,0
2020-05-01 08:00:00,1687.21,1687.39,1670.36,1672.21,47801,170,0
2020-05-01 12:00:00,1672.58,1685.29,1671.76,1680.01,66688,170,0
2020-05-01 16:00:00,1680.2,1699.76,1677.05,1697.45,52066,170,0
2020-05-01 20:00:00,1696.85,1705.5,1692.2,1699.57,29569,170,0
2020-05-04 00:00:00,1700.36,1701.37,1691.72,1695.7,7663,170,0
2020-05-04 04:00:00,1695.68,1701.44,1695.58,1698.2,11494,170,0
2020-05-04 08:00:00,1698.15,1706.99,1696.28,1704.99,13968,170,0
2020-05-04 12:00:00,1705.04,1712.82,1695.95,1701.16,19622,170,0
2020-05-04 16:00:00,1701.08,1710.21,1697.36,1706.14,44704,170,0
2020-05-04 20:00:00,1706.04,1708.23,1700.56,1701.07,24663,170,0
2020-05-05 00:00:00,1699.58,1703.56,1698.28,1698.83,3561,170,0
2020-05-05 04:00:00,1698.95,1700.67,1696.63,1698.87,8238,170,0
2020-05-05 08:00:00,1698.86,1707.96,1689.36,1699.59,18241,170,0
2020-05-05 12:00:00,1699.58,1700.62,1694.63,1695.71,19840,170,0
2020-05-05 16:00:00,1695.75,1705.29,1693.57,1702.29,49084,170,0
2020-05-05 20:00:00,1702.36,1711.91,1701.21,1704.61,31548,170,0
2020-05-06 00:00:00,1704.74,1706.11,1700.68,1701.57,4834,170,0
2020-05-06 04:00:00,1701.52,1707.55,1700.64,1703.01,11040,170,0
2020-05-06 08:00:00,1702.93,1707.89,1700.48,1703.6,19790,170,0
2020-05-06 12:00:00,1703.67,1705.05,1693.89,1696.74,23671,170,0
2020-05-06 16:00:00,1696.72,1697.95,1681.94,1686.28,45216,170,0
2020-05-06 20:00:00,1686.27,1690.76,1682.73,1685.29,28679,170,0
2020-05-07 00:00:00,1681.48,1693.68,1681.42,1692.74,7868,170,0
2020-05-07 04:00:00,1692.73,1693.28,1689.62,1691.7,8442,170,0
2020-05-07 08:00:00,1691.69,1693.39,1684.22,1691.26,21720,130,0
2020-05-07 12:00:00,1691.23,1699.18,1690.66,1697.79,23689,70,0
2020-05-07 16:00:00,1697.82,1716.17,1693.57,1715.35,51187,70,0
2020-05-07 20:00:00,1715.22,1721.9,1713.33,1715.35,35073,70,0
2020-05-08 00:00:00,1715.15,1716.54,1710.91,1714.49,6760,70,0
2020-05-08 04:00:00,1714.69,1721.06,1713.54,1715.43,11701,70,0
2020-05-08 08:00:00,1715.44,1721.42,1714.65,1719.63,25173,70,0
2020-05-08 12:00:00,1719.64,1723.37,1705.87,1711.78,35186,45,0
2020-05-08 16:00:00,1711.94,1721.46,1708.06,1709.8,49867,70,0
2020-05-08 20:00:00,1709.72,1711.12,1701.07,1701.76,29328,70,0
2020-05-11 00:00:00,1701.37,1707.97,1700.02,1704.29,6549,70,0
2020-05-11 04:00:00,1704.11,1711.89,1702.63,1705.53,11060,70,0
2020-05-11 08:00:00,1705.48,1709.4,1702.23,1703.58,30396,70,0
2020-05-11 12:00:00,1703.6,1707.85,1689.61,1705.38,44217,70,0
2020-05-11 16:00:00,1705.46,1708.23,1691.89,1696.93,51214,70,0
2020-05-11 20:00:00,1696.89,1699.05,1693.58,1697.83,23422,70,0
2020-05-12 00:00:00,1696.21,1698.75,1693.41,1696.58,5985,70,0
2020-05-12 04:00:00,1696.49,1701.99,1695.0,1699.9,13813,70,0
2020-05-12 08:00:00,1699.75,1706.34,1698.02,1704.74,24323,70,0
2020-05-12 12:00:00,1704.81,1706.88,1698.55,1701.13,36563,70,0
2020-05-12 16:00:00,1701.12,1710.64,1700.17,1702.29,50724,70,0
2020-05-12 20:00:00,1702.3,1704.88,1698.07,1702.12,27597,70,0
2020-05-13 00:00:00,1701.82,1705.84,1700.54,1705.22,9884,70,0
2020-05-13 04:00:00,1705.24,1706.38,1700.23,1703.1,15082,70,0
2020-05-13 08:00:00,1703.08,1705.82,1698.99,1701.97,25180,70,0
2020-05-13 12:00:00,1702.0,1713.27,1699.53,1712.02,36990,70,0
2020-05-13 16:00:00,1711.97,1717.97,1702.23,1711.66,63434,70,0
2020-05-13 20:00:00,1711.67,1717.81,1709.04,1715.46,37819,70,0
2020-05-14 00:00:00,1715.5,1719.39,1714.56,1716.93,7027,70,0
2020-05-14 04:00:00,1716.88,1716.88,1710.91,1711.8,13350,70,0
2020-05-14 08:00:00,1711.73,1719.21,1711.62,1717.47,24071,50,0
2020-05-14 12:00:00,1717.46,1719.56,1710.99,1716.66,31596,50,0
2020-05-14 16:00:00,1716.59,1736.16,1713.71,1731.29,43464,50,0
2020-05-14 20:00:00,1731.28,1734.1,1728.71,1730.11,25409,50,0
2020-05-15 00:00:00,1729.09,1734.13,1728.91,1728.97,5829,50,0
2020-05-15 04:00:00,1728.88,1734.24,1728.47,1730.91,14135,50,0
2020-05-15 08:00:00,1730.84,1738.61,1730.0,1735.27,24834,50,0
2020-05-15 12:00:00,1735.23,1745.06,1730.1,1742.75,46476,50,0
2020-05-15 16:00:00,1742.78,1750.19,1733.78,1748.7,46501,50,0
2020-05-15 20:00:00,1748.7,1751.61,1739.68,1742.01,23521,50,0
2020-05-18 00:00:00,1744.49,1759.98,1741.73,1754.79,10654,50,0
2020-05-18 04:00:00,1754.71,1763.72,1753.8,1760.16,17218,50,0
2020-05-18 08:00:00,1760.02,1765.17,1759.0,1761.72,20413,50,0
2020-05-18 12:00:00,1761.67,1764.86,1748.28,1748.81,31689,50,0
2020-05-18 16:00:00,1748.83,1751.77,1727.34,1730.96,56596,50,0
2020-05-18 20:00:00,1730.99,1735.02,1728.05,1732.11,23545,50,0
2020-05-19 00:00:00,1730.54,1737.55,1730.36,1737.0,6277,50,0
2020-05-19 04:00:00,1737.0,1740.18,1734.57,1735.38,16970,50,0
2020-05-19 08:00:00,1735.35,1738.11,1725.84,1736.4,36824,50,0
2020-05-19 12:00:00,1736.34,1738.74,1730.81,1735.2,40645,50,0
2020-05-19 16:00:00,1735.13,1745.61,1733.2,1742.06,48784,50,0
2020-05-19 20:00:00,1742.05,1747.76,1740.15,1744.16,21509,50,0
2020-05-20 00:00:00,1745.26,1746.43,1743.33,1744.83,3856,50,0
2020-05-20 04:00:00,1744.81,1750.99,1744.79,1746.97,16568,50,0
2020-05-20 08:00:00,1746.99,1752.97,1746.31,1748.5,22575,50,0
2020-05-20 12:00:00,1748.49,1753.37,1742.46,1747.21,34268,50,0
2020-05-20 16:00:00,1747.2,1752.11,1742.62,1747.49,54176,50,0
2020-05-20 20:00:00,1747.48,1753.82,1745.87,1747.12,24511,50,0
2020-05-21 00:00:00,1747.27,1749.0,1745.09,1745.29,4980,50,0
2020-05-21 04:00:00,1745.36,1745.76,1737.8,1742.3,16590,50,0
2020-05-21 08:00:00,1742.24,1743.77,1731.32,1734.17,22542,50,0
2020-05-21 12:00:00,1734.2,1741.49,1731.03,1737.13,27579,50,0
2020-05-21 16:00:00,1737.11,1739.13,1717.08,1723.97,53612,50,0
2020-05-21 20:00:00,1723.96,1727.38,1720.97,1726.7,31325,50,0
2020-05-22 00:00:00,1725.85,1729.03,1725.11,1728.65,5771,50,0
2020-05-22 04:00:00,1728.63,1730.32,1724.17,1726.17,18966,50,0
2020-05-22 08:00:00,1726.13,1740.01,1726.07,1736.62,21940,50,0
2020-05-22 12:00:00,1736.65,1738.27,1727.45,1734.64,22186,50,0
2020-05-22 16:00:00,1734.63,1737.8,1729.99,1735.31,40063,50,0
2020-05-22 20:00:00,1735.29,1736.37,1732.58,1735.49,19191,50,0
2020-05-25 00:00:00,1732.38,1734.74,1727.24,1729.13,4953,50,0
2020-05-25 04:00:00,1729.12,1729.12,1725.98,1726.71,9642,50,0
2020-05-25 08:00:00,1726.49,1730.27,1723.52,1728.87,19740,50,0
2020-05-25 12:00:00,1728.9,1730.76,1726.76,1728.04,16274,50,0
2020-05-25 16:00:00,1728.04,1733.13,1721.65,1727.0,17059,50,0
2020-05-26 00:00:00,1727.51,1731.57,1725.12,1731.52,6159,50,0
2020-05-26 04:00:00,1731.49,1735.44,1730.07,1732.07,15685,50,0
2020-05-26 08:00:00,1732.14,1734.41,1724.77,1725.34,23082,50,0
2020-05-26 12:00:00,1725.34,1729.09,1720.08,1725.96,27462,50,0
2020-05-26 16:00:00,1725.96,1728.3,1708.97,1712.18,43530,50,0
2020-05-26 20:00:00,1712.24,1714.25,1708.67,1710.36,23326,50,0
2020-05-27 00:00:00,1709.01,1713.64,1709.01,1713.16,6168,50,0
2020-05-27 04:00:00,1713.18,1715.86,1703.96,1706.27,17781,50,0
2020-05-27 08:00:00,1706.27,1710.27,1704.58,1705.33,19542,50,0
2020-05-27 12:00:00,1705.34,1708.68,1697.32,1699.48,26679,50,0
2020-05-27 16:00:00,1699.5,1709.59,1693.56,1707.82,48517,50,0
2020-05-27 20:00:00,1707.81,1715.23,1707.56,1709.31,26770,50,0
2020-05-28 00:00:00,1709.02,1712.8,1704.86,1710.04,6677,50,0
2020-05-28 04:00:00,1710.05,1716.57,1709.26,1715.99,13701,50,0
2020-05-28 08:00:00,1716.04,1721.82,1715.32,1720.07,23811,50,0
2020-05-28 12:00:00,1720.07,1725.96,1719.52,1722.27,29165,50,0
2020-05-28 16:00:00,1722.24,1727.43,1717.86,1719.9,46712,35,0
2020-05-28 20:00:00,1719.94,1720.58,1711.1,1718.72,26419,38,0
2020-05-29 00:00:00,1715.86,1721.99,1715.86,1718.73,6239,38,0
2020-05-29 04:00:00,1718.71,1722.09,1712.69,1721.53,11046,38,0
2020-05-29 08:00:00,1721.58,1726.62,1716.82,1726.05,20451,38,0
2020-05-29 12:00:00,1726.03,1732.93,1723.95,1730.59,27160,38,0
2020-05-29 16:00:00,1730.54,1735.96,1726.19,1733.53,47069,38,0
2020-05-29 20:00:00,1733.57,1737.58,1727.08,1730.18,27316,38,0
2020-06-01 00:00:00,1734.7,1740.48,1729.49,1734.93,9474,38,0
2020-06-01 04:00:00,1735.0,1743.18,1732.04,1741.4,19331,38,0
2020-06-01 08:00:00,1741.51,1744.44,1734.53,1736.59,23057,38,0
2020-06-01 12:00:00,1736.47,1738.19,1729.17,1733.0,24077,38,0
2020-06-01 16:00:00,1732.99,1741.4,1727.06,1738.66,42638,38,0
2020-06-01 20:00:00,1738.69,1740.38,1734.62,1739.12,24410,38,0
2020-06-02 00:00:00,1738.43,1743.08,1736.7,1740.11,5764,38,0
2020-06-02 04:00:00,1740.0,1742.14,1735.58,1736.39,12557,38,0
2020-06-02 08:00:00,1736.3,1739.9,1734.65,1738.47,16977,38,0
2020-06-02 12:00:00,1738.46,1741.93,1736.76,1741.33,23533,38,0
2020-06-02 16:00:00,1741.4,1745.0,1721.28,1724.56,51944,38,0
2020-06-02 20:00:00,1724.57,1729.26,1723.98,1727.33,24888,38,0
2020-06-03 00:00:00,1725.67,1731.82,1720.51,1725.12,8534,38,0
2020-06-03 04:00:00,1725.11,1729.24,1724.56,1726.3,14536,38,0
2020-06-03 08:00:00,1726.28,1726.4,1712.9,1717.29,22418,38,0
2020-06-03 12:00:00,1717.26,1725.97,1705.87,1708.86,25696,38,0
2020-06-03 16:00:00,1708.86,1711.31,1689.07,1698.7,52724,38,0
2020-06-03 20:00:00,1698.76,1700.42,1693.9,1697.95,24364,38,0
2020-06-04 00:00:00,1698.57,1701.11,1696.9,1700.0,6221,38,0
2020-06-04 04:00:00,1699.99,1705.07,1697.36,1703.93,15408,38,0
2020-06-04 08:00:00,1703.91,1705.14,1697.81,1704.65,18055,38,0
2020-06-04 12:00:00,1704.7,1718.21,1704.27,1716.72,24889,35,0
2020-06-04 16:00:00,1716.77,1717.84,1700.12,1716.8,50515,38,0
2020-06-04 20:00:00,1716.79,1721.44,1712.13,1712.79,31021,38,0
2020-06-05 00:00:00,1713.36,1715.99,1712.0,1713.88,6311,38,0
2020-06-05 04:00:00,1713.9,1715.64,1706.94,1708.69,13410,38,0
2020-06-05 08:00:00,1708.55,1713.41,1707.05,1711.09,20477,38,0
2020-06-05 12:00:00,1711.12,1711.48,1681.64,1686.96,37227,35,0
2020-06-05 16:00:00,1686.81,1691.16,1670.49,1681.95,54784,38,0
2020-06-05 20:00:00,1681.98,1684.86,1678.78,1684.22,30862,38,0
2020-06-08 00:00:00,1682.53,1684.86,1677.37,1682.19,10150,38,0
2020-06-08 04:00:00,1682.1,1689.69,1681.54,1689.0,17491,38,0
2020-06-08 08:00:00,1688.95,1697.28,1686.98,1693.19,25433,38,0
2020-06-08 12:00:00,1693.2,1696.83,1690.64,1691.22,30759,38,0
2020-06-08 16:00:00,1691.21,1698.57,1686.16,1697.35,53148,38,0
2020-06-08 20:00:00,1697.37,1700.95,1695.85,1698.24,27554,38,0
2020-06-09 00:00:00,1697.33,1700.9,1696.03,1700.24,6973,38,0
2020-06-09 04:00:00,1700.2,1704.64,1693.73,1697.13,19246,38,0
2020-06-09 08:00:00,1697.16,1706.8,1692.1,1705.61,25700,38,0
2020-06-09 12:00:00,1705.62,1717.73,1704.35,1716.28,30147,38,0
2020-06-09 16:00:00,1716.2,1720.65,1712.72,1715.18,45794,38,0
2020-06-09 20:00:00,1715.15,1717.23,1711.7,1714.09,21234,38,0
2020-06-10 00:00:00,1714.02,1717.1,1712.19,1716.39,15308,37,0
2020-06-10 04:00:00,1716.4,1718.46,1714.65,1716.21,15802,38,0
2020-06-10 08:00:00,1716.2,1720.68,1715.59,1719.44,22580,38,0
2020-06-10 12:00:00,1719.42,1725.02,1715.9,1722.6,32726,38,0
2020-06-10 16:00:00,1722.66,1726.98,1713.1,1714.21,41920,38,0
2020-06-10 20:00:00,1714.18,1739.55,1707.95,1737.41,37137,35,0
2020-06-11 00:00:00,1737.37,1739.66,1734.21,1734.89,10953,38,0
2020-06-11 04:00:00,1734.88,1734.91,1729.67,1729.73,17009,38,0
2020-06-11 08:00:00,1729.69,1737.28,1726.76,1733.58,24581,38,0
2020-06-11 12:00:00,1733.56,1734.45,1721.43,1732.23,28161,38,0
2020-06-11 16:00:00,1732.22,1744.53,1726.16,1727.3,53100,38,0
2020-06-11 20:00:00,1727.21,1735.0,1722.98,1728.71,32045,38,0
2020-06-12 00:00:00,1727.49,1730.62,1722.16,1727.25,8030,38,0
2020-06-12 04:00:00,1727.19,1729.38,1723.23,1727.91,19415,38,0
2020-06-12 08:00:00,1727.86,1735.8,1726.25,1734.84,20409,38,0
2020-06-12 12:00:00,1734.83,1740.06,1731.06,1737.33,24465,38,0
2020-06-12 16:00:00,1737.41,1742.9,1730.45,1733.79,45344,38,0
2020-06-12 20:00:00,1733.78,1733.87,1728.87,1730.11,26616,38,0
2020-06-15 00:00:00,1734.65,1735.05,1727.07,1732.14,9350,38,0
2020-06-15 04:00:00,1732.18,1733.85,1726.65,1728.29,20315,38,0
2020-06-15 08:00:00,1728.3,1728.71,1714.98,1720.56,26312,38,0
2020-06-15 12:00:00,1720.56,1722.77,1704.6,1707.21,26949,38,0
2020-06-15 16:00:00,1707.2,1722.73,1703.95,1720.99,49949,38,0
2020-06-15 20:00:00,1721.05,1728.26,1719.48,1725.11,29658,38,0
2020-06-16 00:00:00,1724.14,1728.16,1724.02,1727.14,7751,38,0
2020-06-16 04:00:00,1727.16,1732.64,1725.34,1725.96,19669,38,0
2020-06-16 08:00:00,1725.9,1732.7,1721.55,1729.28,25089,38,0
2020-06-16 12:00:00,1729.31,1732.07,1719.63,1725.99,27622,38,0
2020-06-16 16:00:00,1726.11,1730.22,1716.52,1728.88,47676,38,0
2020-06-16 20:00:00,1728.85,1730.34,1723.96,1726.61,26493,38,0
2020-06-17 00:00:00,1725.77,1728.77,1723.5,1726.44,6342,38,0
2020-06-17 04:00:00,1726.45,1727.5,1722.59,1725.97,16011,38,0
2020-06-17 08:00:00,1725.98,1729.32,1719.23,1719.86,21551,38,0
2020-06-17 12:00:00,1719.86,1721.04,1712.37,1720.87,27217,38,0
2020-06-17 16:00:00,1720.88,1729.08,1720.88,1726.46,36260,38,0
2020-06-17 20:00:00,1726.47,1730.16,1726.13,1726.51,18990,38,0
2020-06-18 00:00:00,1725.67,1730.03,1725.31,1727.85,9057,38,0
2020-06-18 04:00:00,1727.86,1729.35,1723.73,1726.9,15516,38,0
2020-06-18 08:00:00,1726.86,1734.66,1724.57,1732.91,18810,38,0
2020-06-18 12:00:00,1733.0,1737.66,1717.87,1725.3,33032,38,0
2020-06-18 16:00:00,1725.3,1727.09,1717.38,1723.08,35051,38,0
2020-06-18 20:00:00,1723.11,1725.41,1722.15,1722.53,16962,38,0
2020-06-19 00:00:00,1721.71,1724.16,1721.26,1723.64,3092,38,0
2020-06-19 04:00:00,1723.68,1727.2,1722.69,1725.91,13258,38,0
2020-06-19 08:00:00,1725.9,1732.8,1725.76,1730.13,18660,38,0
2020-06-19 12:00:00,1730.14,1736.55,1727.48,1734.91,18647,38,0
2020-06-19 16:00:00,1734.91,1745.2,1731.85,1741.43,43821,38,0
2020-06-19 20:00:00,1741.42,1744.18,1739.54,1741.91,24440,38,0
2020-06-22 00:00:00,1752.33,1752.37,1743.15,1748.41,9311,38,0
2020-06-22 04:00:00,1748.4,1758.61,1746.4,1752.47,17478,38,0
2020-06-22 08:00:00,1752.32,1753.75,1742.83,1749.09,19366,38,0
2020-06-22 12:00:00,1749.06,1758.31,1744.49,1756.38,25347,38,0
2020-06-22 16:00:00,1756.36,1763.06,1749.54,1755.02,44297,38,0
2020-06-22 20:00:00,1755.01,1758.54,1751.73,1754.68,25832,38,0
2020-06-23 00:00:00,1754.1,1757.1,1752.48,1753.43,6974,38,0
2020-06-23 04:00:00,1753.36,1760.38,1747.65,1752.54,22597,38,0
2020-06-23 08:00:00,1752.53,1757.69,1747.33,1756.28,22641,38,0
2020-06-23 12:00:00,1756.41,1761.76,1754.69,1759.24,20883,38,0
2020-06-23 16:00:00,1759.27,1769.24,1758.03,1765.38,40635,38,0
2020-06-23 20:00:00,1765.36,1770.9,1764.85,1767.29,21727,38,0
2020-06-24 00:00:00,1768.58,1773.44,1766.15,1770.45,8557,38,0
2020-06-24 04:00:00,1770.39,1773.16,1766.58,1769.0,14365,38,0
2020-06-24 08:00:00,1768.85,1775.33,1765.2,1775.08,15933,38,0
2020-06-24 12:00:00,1775.07,1779.23,1763.9,1766.64,25391,38,0
2020-06-24 16:00:00,1766.67,1775.89,1760.6,1766.34,45584,38,0
2020-06-24 20:00:00,1766.33,1768.27,1760.66,1761.42,24346,38,0
2020-06-25 00:00:00,1760.22,1766.06,1753.36,1764.42,10266,38,0
2020-06-25 04:00:00,1764.38,1765.39,1758.35,1762.19,16202,38,0
2020-06-25 08:00:00,1762.2,1768.83,1759.43,1762.76,20511,38,0
2020-06-25 12:00:00,1762.77,1765.31,1755.37,1764.18,26003,38,0
2020-06-25 16:00:00,1764.17,1766.5,1757.14,1762.95,43593,38,0
2020-06-25 20:00:00,1762.93,1764.1,1760.78,1763.78,20071,38,0
2020-06-26 00:00:00,1763.57,1766.23,1762.12,1763.11,6739,38,0
2020-06-26 04:00:00,1763.19,1763.45,1759.49,1761.15,11383,38,0
2020-06-26 08:00:00,1761.09,1766.68,1757.92,1764.1,13921,35,0
2020-06-26 12:00:00,1764.12,1765.16,1759.33,1761.19,15999,35,0
2020-06-26 16:00:00,1761.16,1769.02,1747.39,1767.51,37983,35,0
2020-06-26 20:00:00,1767.5,1771.99,1765.73,1769.65,20735,35,0
2020-06-29 00:00:00,1774.71,1775.19,1768.76,1774.29,8360,38,0
2020-06-29 04:00:00,1774.31,1774.96,1767.61,1773.95,21440,38,0
2020-06-29 08:00:00,1774.03,1774.92,1766.91,1771.09,15345,35,0
2020-06-29 12:00:00,1771.08,1773.37,1765.54,1768.91,17594,35,0
2020-06-29 16:00:00,1769.07,1774.05,1767.3,1769.82,28553,35,0
2020-06-29 20:00:00,1769.82,1773.17,1768.76,1772.81,14228,35,0
2020-06-30 00:00:00,1770.58,1773.7,1768.7,1769.36,6009,38,0
2020-06-30 04:00:00,1769.34,1772.13,1768.8,1771.25,12286,38,0
2020-06-30 08:00:00,1771.17,1773.78,1769.23,1771.78,15866,35,0
2020-06-30 12:00:00,1771.79,1771.85,1764.5,1769.11,19015,35,0
2020-06-30 16:00:00,1769.07,1785.73,1766.14,1783.49,36777,35,0
2020-06-30 20:00:00,1783.49,1784.21,1779.54,1780.64,16590,35,0
2020-07-01 00:00:00,1782.29,1784.46,1780.17,1780.69,7137,38,0
2020-07-01 04:00:00,1780.7,1784.6,1780.66,1782.94,15545,38,0
2020-07-01 08:00:00,1782.93,1789.13,1782.71,1785.88,15368,35,0
2020-07-01 12:00:00,1785.85,1788.75,1775.92,1779.47,22762,35,0
2020-07-01 16:00:00,1779.46,1779.61,1758.99,1770.55,38934,35,0
2020-07-01 20:00:00,1770.55,1772.91,1766.42,1769.88,18276,35,0
2020-07-02 00:00:00,1769.3,1772.11,1766.41,1768.64,5797,38,0
2020-07-02 04:00:00,1768.59,1770.32,1765.67,1767.64,11677,38,0
2020-07-02 08:00:00,1767.61,1772.4,1764.28,1772.2,14172,35,0
2020-07-02 12:00:00,1772.23,1774.42,1760.29,1760.32,20438,35,0
2020-07-02 16:00:00,1760.31,1779.56,1757.46,1776.52,37244,35,0
2020-07-02 20:00:00,1776.46,1778.21,1774.45,1775.17,17649,35,0
2020-07-03 00:00:00,1775.26,1776.94,1773.04,1774.93,5440,38,0
2020-07-03 04:00:00,1774.89,1777.01,1772.71,1774.17,11275,38,0
2020-07-03 08:00:00,1774.17,1776.87,1772.64,1776.07,12589,35,0
2020-07-03 12:00:00,1776.07,1777.06,1773.86,1775.37,11292,35,0
2020-07-03 16:00:00,1775.39,1776.26,1773.09,1775.66,13154,35,0
2020-07-06 00:00:00,1774.67,1776.74,1772.19,1775.57,4244,38,0
2020-07-06 04:00:00,1775.56,1776.27,1770.0,1772.3,13959,38,0
2020-07-06 08:00:00,1772.37,1777.96,1772.16,1776.77,15704,35,0
2020-07-06 12:00:00,1776.77,1785.44,1774.23,1783.14,18252,35,0
2020-07-06 16:00:00,1783.16,1786.97,1779.22,1783.37,30885,35,0
2020-07-06 20:00:00,1783.36,1786.94,1782.65,1784.22,17927,35,0
2020-07-07 00:00:00,1782.28,1786.47,1782.28,1785.59,6010,38,0
2020-07-07 04:00:00,1785.57,1787.11,1782.68,1783.83,12308,38,0
2020-07-07 08:00:00,1783.81,1785.16,1774.65,1778.17,15369,35,0
2020-07-07 12:00:00,1778.16,1780.31,1773.43,1778.63,19247,35,0
2020-07-07 16:00:00,1778.59,1796.53,1778.41,1795.9,34790,35,0
2020-07-07 20:00:00,1795.89,1797.29,1794.01,1794.58,18828,35,0
2020-07-08 00:00:00,1794.84,1796.45,1792.58,1793.53,5947,38,0
2020-07-08 04:00:00,1793.55,1795.21,1791.53,1794.92,12967,38,0
2020-07-08 08:00:00,1794.82,1800.62,1792.61,1799.56,13658,35,0
2020-07-08 12:00:00,1799.56,1804.78,1798.55,1803.77,17586,35,0
2020-07-08 16:00:00,1803.74,1818.14,1803.74,1812.52,37744,35,0
2020-07-08 20:00:00,1812.53,1813.89,1806.58,1808.43,16011,35,0
2020-07-09 00:00:00,1808.63,1810.58,1805.96,1806.86,5581,38,0
2020-07-09 04:00:00,1806.85,1812.12,1806.27,1811.63,12776,38,0
2020-07-09 08:00:00,1811.61,1815.88,1809.69,1814.76,15399,35,0
2020-07-09 12:00:00,1814.74,1815.27,1805.12,1811.37,22954,35,0
2020-07-09 16:00:00,1811.34,1815.48,1795.4,1800.05,42041,35,0
2020-07-09 20:00:00,1799.94,1805.0,1798.37,1802.24,18434,35,0
2020-07-10 00:00:00,1800.93,1804.23,1800.77,1802.94,5566,38,0
2020-07-10 04:00:00,1802.92,1803.95,1799.32,1801.3,11281,38,0
2020-07-10 08:00:00,1801.34,1805.42,1795.69,1805.04,16205,35,0
2020-07-10 12:00:00,1805.03,1810.72,1804.7,1807.11,16637,35,0
2020-07-10 16:00:00,1807.13,1810.14,1794.11,1794.43,35503,35,0
2020-07-10 20:00:00,1794.24,1800.62,1794.1,1798.56,12851,5,0
2020-07-13 00:00:00,1798.21,1801.75,1797.63,1800.98,6503,38,0
2020-07-13 04:00:00,1800.97,1804.81,1800.1,1804.1,10135,38,0
2020-07-13 08:00:00,1804.24,1808.48,1803.85,1807.64,13987,35,0
2020-07-13 12:00:00,1807.64,1810.0,1806.04,1807.52,17496,35,0
2020-07-13 16:00:00,1807.47,1813.37,1801.98,1809.81,36606,35,0
2020-07-13 20:00:00,1809.82,1811.66,1800.48,1802.36,24513,35,0
2020-07-14 00:00:00,1802.82,1803.24,1797.41,1797.56,8568,38,0
2020-07-14 04:00:00,1797.52,1799.52,1795.83,1798.28,16097,38,0
2020-07-14 08:00:00,1798.27,1802.32,1796.23,1801.22,16740,35,0
2020-07-14 12:00:00,1801.22,1805.27,1789.54,1801.3,23332,35,0
2020-07-14 16:00:00,1801.33,1809.62,1795.17,1808.9,39236,35,0
2020-07-14 20:00:00,1808.9,1810.87,1806.82,1809.08,18943,35,0
2020-07-15 00:00:00,1808.44,1811.24,1807.25,1807.91,6461,38,0
2020-07-15 04:00:00,1807.96,1810.12,1805.86,1805.96,11684,38,0
2020-07-15 08:00:00,1805.91,1815.04,1805.64,1812.52,15647,35,0
2020-07-15 12:00:00,1812.5,1812.8,1803.5,1807.05,19329,35,0
2020-07-15 16:00:00,1807.07,1813.15,1802.43,1812.45,33016,35,0
2020-07-15 20:00:00,1812.43,1812.66,1810.12,1810.2,11807,35,0
2020-07-16 00:00:00,1809.77,1813.3,1809.66,1810.37,4768,38,0
2020-07-16 04:00:00,1810.36,1811.31,1808.22,1811.06,9781,38,0
2020-07-16 08:00:00,1811.1,1811.1,1804.49,1806.6,15051,35,0
2020-07-16 12:00:00,1806.61,1808.93,1802.9,1805.23,16643,35,0
2020-07-16 16:00:00,1805.23,1808.83,1800.87,1801.1,27202,35,0
2020-07-16 20:00:00,1801.09,1801.41,1794.85,1796.88,17614,35,0
2020-07-17 00:00:00,1796.78,1799.27,1796.56,1797.89,5832,38,0
2020-07-17 04:00:00,1797.88,1799.37,1795.77,1798.45,11900,38,0
2020-07-17 08:00:00,1798.45,1802.77,1798.2,1802.54,11401,35,0
2020-07-17 12:00:00,1802.54,1807.59,1801.17,1805.44,12201,35,0
2020-07-17 16:00:00,1805.44,1811.97,1805.15,1807.89,25094,35,0
2020-07-17 20:00:00,1807.89,1811.34,1807.39,1809.7,11018,35,0
2020-07-20 00:00:00,1808.97,1810.65,1806.01,1807.93,7391,38,0
2020-07-20 04:00:00,1807.95,1808.86,1805.72,1808.84,12798,38,0
2020-07-20 08:00:00,1809.01,1812.13,1807.56,1812.0,14645,35,0
2020-07-20 12:00:00,1811.99,1818.3,1809.6,1814.01,15171,35,0
2020-07-20 16:00:00,1814.01,1820.58,1811.9,1816.11,30444,35,0
2020-07-20 20:00:00,1816.09,1818.63,1815.21,1817.17,14893,35,0
2020-07-21 00:00:00,1817.77,1818.69,1816.4,1816.61,5489,38,0
2020-07-21 04:00:00,1816.6,1820.11,1815.75,1817.81,14832,38,0
2020-07-21 08:00:00,1817.86,1824.52,1817.21,1823.98,17271,35,0
2020-07-21 12:00:00,1823.98,1841.59,1822.42,1839.3,22968,35,0
2020-07-21 16:00:00,1839.28,1841.91,1834.04,1841.83,37817,35,0
2020-07-21 20:00:00,1841.8,1843.46,1838.9,1841.55,18171,35,0
2020-07-22 00:00:00,1840.79,1847.54,1840.55,1843.47,16396,38,0
2020-07-22 04:00:00,1843.56,1865.63,1842.77,1856.29,28415,38,0
2020-07-22 08:00:00,1856.27,1861.13,1846.4,1846.48,27490,35,0
2020-07-22 12:00:00,1846.49,1863.02,1846.29,1855.07,29937,35,0
2020-07-22 16:00:00,1854.97,1870.26,1847.4,1864.96,44552,35,0
2020-07-22 20:00:00,1864.96,1871.97,1862.89,1871.3,22296,35,0
2020-07-23 00:00:00,1871.88,1876.46,1867.63,1872.58,14986,38,0
2020-07-23 04:00:00,1872.6,1872.6,1863.52,1868.4,25308,38,0
2020-07-23 08:00:00,1868.39,1888.64,1867.89,1882.35,25550,35,0
2020-07-23 12:00:00,1882.35,1884.34,1871.78,1872.07,29941,35,0
2020-07-23 16:00:00,1872.1,1898.34,1869.75,1893.7,47065,35,0
2020-07-23 20:00:00,1893.74,1894.9,1879.07,1886.05,30722,35,0
2020-07-24 00:00:00,1886.51,1890.45,1881.33,1886.96,9991,38,0
2020-07-24 04:00:00,1886.97,1890.13,1883.38,1886.4,22029,38,0
2020-07-24 08:00:00,1886.35,1897.91,1882.21,1895.43,26871,35,0
2020-07-24 12:00:00,1895.36,1897.15,1887.14,1896.77,25210,35,0
2020-07-24 16:00:00,1896.83,1906.54,1894.91,1900.5,40944,35,0
2020-07-24 20:00:00,1900.43,1902.6,1899.47,1901.13,19984,35,0
2020-07-27 00:00:00,1901.82,1918.45,1899.41,1915.1,21154,38,0
2020-07-27 04:00:00,1915.09,1944.39,1913.35,1931.84,41162,38,0
2020-07-27 08:00:00,1931.84,1942.9,1930.78,1940.17,28063,35,0
2020-07-27 12:00:00,1940.19,1945.04,1931.17,1931.9,29994,35,0
2020-07-27 16:00:00,1931.85,1945.57,1931.03,1935.02,40296,35,0
2020-07-27 20:00:00,1934.99,1942.5,1933.37,1940.87,27534,35,0
2020-07-28 00:00:00,1941.79,1967.13,1939.71,1963.83,26377,38,0
2020-07-28 04:00:00,1963.84,1981.05,1932.58,1944.31,42788,38,0
2020-07-28 08:00:00,1944.13,1945.66,1906.71,1930.93,32227,35,0
2020-07-28 12:00:00,1931.21,1939.49,1922.62,1939.06,27658,35,0
2020-07-28 16:00:00,1939.09,1956.56,1931.1,1946.68,44379,35,0
2020-07-28 20:00:00,1946.67,1961.1,1946.5,1957.99,23711,35,0
2020-07-29 00:00:00,1955.27,1963.99,1949.09,1957.14,12590,38,0
2020-07-29 04:00:00,1957.13,1961.97,1947.73,1951.83,24190,38,0
2020-07-29 08:00:00,1951.8,1960.98,1949.57,1958.96,20366,35,0
2020-07-29 12:00:00,1958.89,1959.94,1952.62,1959.92,21835,35,0
2020-07-29 16:00:00,1959.92,1962.01,1941.3,1960.43,35601,35,0
2020-07-29 20:00:00,1960.34,1980.82,1951.2,1970.96,32576,35,0
2020-07-30 00:00:00,1970.3,1971.58,1964.68,1966.52,9129,38,0
2020-07-30 04:00:00,1966.51,1970.7,1959.11,1962.19,22891,38,0
2020-07-30 08:00:00,1962.16,1962.37,1947.15,1952.86,33673,35,0
2020-07-30 12:00:00,1952.85,1956.54,1944.95,1953.48,29169,35,0
2020-07-30 16:00:00,1953.56,1961.82,1939.47,1949.44,45477,35,0
2020-07-30 20:00:00,1949.39,1957.68,1948.93,1957.52,17833,35,0
2020-07-31 00:00:00,1955.81,1961.44,1954.99,1958.49,11528,38,0
2020-07-31 04:00:00,1958.47,1971.35,1958.2,1967.06,34319,38,0
2020-07-31 08:00:00,1967.17,1983.93,1966.82,1976.79,28255,35,0
2020-07-31 12:00:00,1976.84,1978.28,1970.38,1973.3,23360,35,0
2020-07-31 16:00:00,1973.37,1976.89,1959.8,1973.11,47891,35,0
2020-07-31 20:00:00,1973.13,1975.33,1966.7,1974.81,21592,35,0
2020-08-03 00:00:00,1974.6,1984.77,1968.7,1976.12,15125,38,0
2020-08-03 04:00:00,1976.24,1977.15,1969.59,1973.67,13885,38,0
2020-08-03 08:00:00,1973.65,1977.49,1970.24,1973.36,20492,35,0
2020-08-03 12:00:00,1973.38,1974.42,1965.65,1967.7,21599,35,0
2020-08-03 16:00:00,1967.53,1976.49,1960.49,1970.62,35706,35,0
2020-08-03 20:00:00,1970.63,1977.61,1970.32,1975.81,16316,35,0
2020-08-04 00:00:00,1976.1,1977.76,1971.51,1972.77,6571,38,0
2020-08-04 04:00:00,1972.7,1978.54,1971.42,1974.65,18387,38,0
2020-08-04 08:00:00,1974.57,1978.92,1971.47,1976.56,17210,35,0
2020-08-04 12:00:00,1976.56,1977.73,1967.02,1972.15,21040,35,0
2020-08-04 16:00:00,1972.13,2000.37,1971.28,1999.52,41871,35,0
2020-08-04 20:00:00,1999.52,2019.87,1998.48,2018.4,28543,35,0
2020-08-05 00:00:00,2018.58,2031.0,2012.74,2020.56,20130,38,0
2020-08-05 04:00:00,2020.57,2022.71,2009.55,2022.65,29175,38,0
2020-08-05 08:00:00,2022.78,2039.78,2021.21,2037.55,28464,35,0
2020-08-05 12:00:00,2037.58,2044.66,2030.31,2035.06,28724,35,0
2020-08-05 16:00:00,2034.99,2055.68,2028.67,2032.07,48832,35,0
2020-08-05 20:00:00,2032.12,2044.49,2030.35,2038.95,23155,35,0
2020-08-06 00:00:00,2037.17,2042.17,2034.44,2041.82,10488,38,0
2020-08-06 04:00:00,2041.79,2044.97,2037.19,2044.87,24208,38,0
2020-08-06 08:00:00,2044.7,2053.94,2040.91,2046.51,31096,35,0
2020-08-06 12:00:00,2046.5,2064.83,2046.36,2054.37,28297,35,0
2020-08-06 16:00:00,2054.45,2069.6,2049.25,2060.47,45434,35,0
2020-08-06 20:00:00,2060.56,2066.7,2053.49,2063.3,24694,35,0
2020-08-07 00:00:00,2063.99,2074.93,2062.19,2067.45,16218,38,0
2020-08-07 04:00:00,2067.42,2072.69,2047.24,2059.86,33466,38,0
2020-08-07 08:00:00,2059.62,2064.48,2053.85,2060.61,28995,35,0
2020-08-07 12:00:00,2060.61,2063.74,2041.9,2060.46,28532,35,0
2020-08-07 16:00:00,2060.67,2062.05,2022.87,2024.91,53859,35,0
2020-08-07 20:00:00,2024.91,2037.06,2015.49,2033.32,29112,35,0
2020-08-10 00:00:00,2033.4,2035.33,2019.0,2034.28,13877,38,0
2020-08-10 04:00:00,2034.16,2036.19,2027.23,2028.94,23366,38,0
2020-08-10 08:00:00,2029.02,2035.13,2028.23,2033.2,25409,35,0
2020-08-10 12:00:00,2033.21,2035.6,2027.83,2032.86,22122,35,0
2020-08-10 16:00:00,2032.81,2049.77,2027.12,2031.12,48515,35,0
2020-08-10 20:00:00,2031.32,2032.1,2019.36,2027.63,24046,35,0
2020-08-11 00:00:00,2027.41,2029.89,2015.88,2019.72,13098,38,0
2020-08-11 04:00:00,2019.71,2024.46,2014.44,2018.66,31497,38,0
2020-08-11 08:00:00,2018.68,2018.78,1983.37,1989.32,38041,35,0
2020-08-11 12:00:00,1989.36,1997.58,1953.57,1963.44,38316,35,0
2020-08-11 16:00:00,1963.35,1963.35,1937.73,1941.91,55722,35,0
2020-08-11 20:00:00,1941.99,1944.64,1901.25,1912.54,44454,35,0
2020-08-12 00:00:00,1909.98,1929.15,1905.38,1923.69,19376,38,0
2020-08-12 04:00:00,1923.7,1924.71,1862.77,1881.75,35427,38,0
2020-08-12 08:00:00,1881.75,1949.28,1872.99,1930.56,39882,35,0
2020-08-12 12:00:00,1930.65,1944.45,1922.15,1937.23,32083,35,0
2020-08-12 16:00:00,1937.55,1949.17,1927.5,1946.89,56146,35,0
2020-08-12 20:00:00,1946.89,1948.78,1906.66,1919.01,35648,35,0
2020-08-13 00:00:00,1914.74,1933.12,1912.79,1930.86,15254,38,0
2020-08-13 04:00:00,1930.81,1942.63,1921.62,1925.29,28664,38,0
2020-08-13 08:00:00,1925.24,1937.3,1924.47,1933.78,31116,35,0
2020-08-13 12:00:00,1933.77,1939.61,1920.47,1931.74,36111,35,0
2020-08-13 16:00:00,1931.73,1955.26,1926.61,1953.8,61426,35,0
2020-08-13 20:00:00,1953.8,1966.25,1937.61,1953.67,40856,35,0
2020-08-14 00:00:00,1952.46,1962.12,1946.76,1956.55,11495,38,0
2020-08-14 04:00:00,1956.57,1959.32,1944.97,1953.0,25628,38,0
2020-08-14 08:00:00,1953.25,1956.95,1938.93,1948.67,31320,35,0
2020-08-14 12:00:00,1948.67,1952.35,1941.01,1945.7,28950,35,0
2020-08-14 16:00:00,1945.66,1956.55,1933.31,1933.84,56526,35,0
2020-08-14 20:00:00,1933.81,1947.07,1932.29,1943.7,24539,35,0
2020-08-17 00:00:00,1948.8,1951.29,1929.28,1937.81,14436,38,0
2020-08-17 04:00:00,1937.8,1945.3,1932.8,1943.25,24956,38,0
2020-08-17 08:00:00,1943.23,1956.92,1942.23,1950.84,25752,35,0
2020-08-17 12:00:00,1950.72,1962.34,1947.75,1958.01,21635,35,0
2020-08-17 16:00:00,1958.01,1988.91,1957.09,1987.34,42666,35,0
2020-08-17 20:00:00,1987.34,1990.61,1979.49,1984.3,21694,35,0
2020-08-18 00:00:00,1984.52,1985.78,1980.55,1984.79,10202,38,0
2020-08-18 04:00:00,1984.8,1995.8,1983.33,1991.01,33397,38,0
2020-08-18 08:00:00,1991.0,2010.07,1990.47,2006.54,27912,35,0
2020-08-18 12:00:00,2006.58,2014.71,2001.14,2013.25,25258,35,0
2020-08-18 16:00:00,2013.4,2015.51,1975.87,2006.68,52856,35,0
2020-08-18 20:00:00,2006.74,2007.77,1999.34,2002.25,24409,35,0
2020-08-19 00:00:00,2002.04,2006.39,1993.36,2000.39,12048,38,0
2020-08-19 04:00:00,2000.4,2004.71,1989.65,1993.75,33566,38,0
2020-08-19 08:00:00,1993.67,1998.0,1980.25,1995.25,27997,35,0
2020-08-19 12:00:00,1995.15,1996.85,1981.16,1991.85,27629,35,0
2020-08-19 16:00:00,1991.85,1995.3,1953.76,1963.6,55018,35,0
2020-08-19 20:00:00,1963.76,1974.16,1924.55,1927.58,41776,35,0
2020-08-20 00:00:00,1928.28,1942.99,1924.85,1942.78,16974,38,0
2020-08-20 04:00:00,1942.86,1955.26,1933.48,1947.62,35084,38,0
2020-08-20 08:00:00,1947.58,1950.75,1927.16,1934.96,31328,35,0
2020-08-20 12:00:00,1935.01,1947.52,1924.5,1934.09,32528,35,0
2020-08-20 16:00:00,1934.19,1951.59,1926.03,1943.93,50444,35,0
2020-08-20 20:00:00,1943.94,1954.98,1937.31,1946.02,26010,35,0
2020-08-21 00:00:00,1946.81,1955.85,1945.9,1950.84,10614,38,0
2020-08-21 04:00:00,1950.83,1951.82,1940.57,1947.76,26572,38,0
2020-08-21 08:00:00,1947.69,1949.94,1928.13,1934.46,29486,35,0
2020-08-21 12:00:00,1934.48,1940.99,1911.34,1938.37,36344,35,0
2020-08-21 16:00:00,1938.4,1945.64,1921.59,1936.8,49884,35,0
2020-08-21 20:00:00,1936.6,1941.97,1935.51,1939.0,22276,35,0
2020-08-24 00:00:00,1940.41,1940.41,1929.87,1934.68,11325,38,0
2020-08-24 04:00:00,1934.76,1936.77,1930.28,1933.24,20576,38,0
2020-08-24 08:00:00,1933.24,1950.5,1931.07,1946.43,23799,35,0
2020-08-24 12:00:00,1946.43,1961.75,1944.09,1948.99,23142,35,0
2020-08-24 16:00:00,1949.03,1952.16,1927.22,1931.44,43373,35,0
2020-08-24 20:00:00,1931.35,1933.85,1923.59,1928.46,19348,35,0
2020-08-25 00:00:00,1928.76,1931.76,1926.43,1930.06,10428,38,0
2020-08-25 04:00:00,1930.03,1937.41,1928.65,1933.0,20205,38,0
2020-08-25 08:00:00,1933.18,1935.87,1924.8,1925.45,22909,35,0
2020-08-25 12:00:00,1925.39,1931.64,1919.8,1925.99,26957,35,0
2020-08-25 16:00:00,1925.93,1930.74,1914.26,1915.87,41496,35,0
2020-08-25 20:00:00,1915.87,1929.47,1914.95,1926.95,19032,35,0
2020-08-26 00:00:00,1930.16,1930.82,1925.7,1926.37,9671,38,0
2020-08-26 04:00:00,1926.32,1931.39,1922.5,1923.24,20053,38,0
2020-08-26 08:00:00,1923.19,1924.94,1913.73,1922.95,23421,35,0
2020-08-26 12:00:00,1922.96,1923.73,1902.47,1911.47,25291,35,0
2020-08-26 16:00:00,1911.49,1946.31,1910.07,1943.32,44465,35,0
2020-08-26 20:00:00,1943.33,1954.77,1943.33,1953.21,21193,35,0
2020-08-27 00:00:00,1952.6,1954.9,1947.66,1950.06,11553,38,0
2020-08-27 04:00:00,1950.04,1950.21,1938.24,1943.37,27187,35,0
2020-08-27 08:00:00,1943.37,1948.56,1936.85,1942.41,20812,35,0
2020-08-27 12:00:00,1942.41,1943.76,1932.07,1939.69,23391,35,0
2020-08-27 16:00:00,1939.47,1976.3,1909.74,1920.52,60699,35,0
2020-08-27 20:00:00,1920.51,1935.01,1919.07,1928.11,21859,35,0
2020-08-28 00:00:00,1929.31,1931.23,1923.02,1929.39,10861,38,0
2020-08-28 04:00:00,1929.38,1942.94,1928.73,1942.58,24910,38,0
2020-08-28 08:00:00,1942.55,1958.43,1940.08,1955.86,29679,35,0
2020-08-28 12:00:00,1955.87,1964.53,1948.09,1955.2,31081,35,0
2020-08-28 16:00:00,1955.22,1973.8,1950.78,1969.62,43045,35,0
2020-08-28 20:00:00,1969.61,1970.26,1960.32,1964.35,22052,35,0
2020-08-31 00:00:00,1965.18,1976.54,1964.28,1972.81,18574,38,0
2020-08-31 04:00:00,1972.86,1973.08,1967.38,1970.24,20620,38,0
2020-08-31 08:00:00,1970.13,1970.48,1954.15,1959.7,23454,35,0
2020-08-31 12:00:00,1959.72,1968.9,1959.7,1967.62,22011,35,0
2020-08-31 16:00:00,1967.6,1974.94,1962.01,1971.62,40608,35,0
2020-08-31 20:00:00,1971.61,1973.41,1966.12,1968.23,18499,35,0
2020-09-01 00:00:00,1967.14,1970.42,1965.1,1968.05,10062,38,0
2020-09-01 04:00:00,1968.03,1989.4,1968.0,1986.05,33237,38,0
2020-09-01 08:00:00,1986.03,1992.29,1982.05,1989.19,24466,35,0
2020-09-01 12:00:00,1989.26,1991.68,1984.02,1988.98,22269,35,0
2020-09-01 16:00:00,1989.06,1991.21,1964.14,1974.83,43494,35,0
2020-09-01 20:00:00,1974.83,1974.87,1963.17,1970.69,20670,35,0
2020-09-02 00:00:00,1969.08,1973.1,1965.34,1966.88,11635,38,0
2020-09-02 04:00:00,1966.83,1968.88,1958.65,1962.73,24649,38,0
2020-09-02 08:00:00,1962.75,1967.46,1955.93,1965.24,23776,35,0
2020-09-02 12:00:00,1965.35,1971.76,1953.56,1964.78,29991,35,0
2020-09-02 16:00:00,1964.71,1965.32,1932.41,1936.12,45755,35,0
2020-09-02 20:00:00,1936.05,1945.55,1934.04,1943.06,19125,35,0
2020-09-03 00:00:00,1942.45,1946.05,1939.27,1944.36,9100,38,0
2020-09-03 04:00:00,1944.38,1950.97,1937.42,1937.57,23736,38,0
2020-09-03 08:00:00,1937.48,1940.67,1927.11,1935.76,27930,35,0
2020-09-03 12:00:00,1935.76,1937.07,1927.21,1934.1,25069,35,0
2020-09-03 16:00:00,1934.14,1945.82,1921.74,1927.7,49677,35,0
2020-09-03 20:00:00,1927.73,1938.28,1926.67,1930.63,21585,35,0
2020-09-04 00:00:00,1930.97,1936.84,1925.57,1934.72,12567,38,0
2020-09-04 04:00:00,1934.7,1942.01,1934.07,1936.41,26140,38,0
2020-09-04 08:00:00,1936.31,1939.9,1930.63,1939.79,23050,35,0
2020-09-04 12:00:00,1939.78,1947.59,1925.04,1927.23,24357,35,0
2020-09-04 16:00:00,1927.2,1931.68,1916.26,1926.91,48330,35,0
2020-09-04 20:00:00,1926.91,1938.57,1923.61,1933.0,21681,35,0
2020-09-07 00:00:00,1930.24,1937.5,1929.63,1932.88,8316,38,0
2020-09-07 04:00:00,1932.9,1941.24,1931.8,1934.89,24112,38,0
2020-09-07 08:00:00,1935.03,1935.76,1927.58,1931.16,17545,35,0
2020-09-07 12:00:00,1931.17,1931.17,1924.4,1929.26,13412,35,0
2020-09-07 16:00:00,1929.21,1932.53,1924.46,1928.11,17560,35,0
2020-09-08 00:00:00,1929.29,1932.03,1925.43,1928.4,8516,38,0
2020-09-08 04:00:00,1928.37,1929.63,1922.65,1925.98,15993,38,0
2020-09-08 08:00:00,1925.95,1935.35,1923.23,1923.45,21183,35,0
2020-09-08 12:00:00,1923.45,1925.4,1907.86,1913.95,32625,35,0
2020-09-08 16:00:00,1913.97,1939.08,1906.35,1938.84,46541,35,0
2020-09-08 20:00:00,1938.84,1940.78,1927.72,1931.48,20889,35,0
2020-09-09 00:00:00,1931.33,1932.67,1928.15,1928.61,7683,38,0
2020-09-09 04:00:00,1928.52,1930.29,1922.92,1929.32,19258,38,0
2020-09-09 08:00:00,1929.38,1934.42,1923.86,1931.72,20245,35,0
2020-09-09 12:00:00,1931.74,1937.89,1919.92,1935.74,22745,35,0
2020-09-09 16:00:00,1935.62,1948.96,1934.57,1948.12,35047,35,0
2020-09-09 20:00:00,1948.16,1950.8,1944.49,1947.29,13975,35,0
2020-09-10 00:00:00,1945.93,1950.01,1943.97,1946.68,8702,38,0
2020-09-10 04:00:00,1946.67,1950.6,1943.57,1946.53,18200,38,0
2020-09-10 08:00:00,1946.55,1949.2,1942.19,1946.22,17911,35,0
2020-09-10 12:00:00,1946.23,1958.32,1944.61,1956.02,23997,35,0
2020-09-10 16:00:00,1955.94,1966.41,1950.98,1953.91,41006,35,0
2020-09-10 20:00:00,1953.89,1957.8,1941.35,1945.92,23688,35,0
2020-09-11 00:00:00,1944.3,1949.18,1942.95,1948.87,10247,38,0
2020-09-11 04:00:00,1948.82,1949.17,1937.07,1940.0,24113,38,0
2020-09-11 08:00:00,1940.03,1946.12,1937.66,1945.1,18891,35,0
2020-09-11 12:00:00,1945.08,1948.13,1941.42,1945.79,19681,35,0
2020-09-11 16:00:00,1945.78,1954.61,1942.21,1942.55,33597,35,0
2020-09-11 20:00:00,1942.61,1943.92,1938.15,1940.31,19861,35,0
2020-09-14 00:00:00,1938.5,1943.16,1936.9,1940.07,7985,38,0
2020-09-14 04:00:00,1940.09,1951.55,1940.09,1946.34,19429,38,0
2020-09-14 08:00:00,1946.47,1949.1,1943.21,1945.91,14365,35,0
2020-09-14 12:00:00,1945.91,1956.21,1939.88,1956.04,19650,35,0
2020-09-14 16:00:00,1956.02,1962.43,1953.76,1956.34,29052,35,0
2020-09-14 20:00:00,1956.34,1959.12,1953.12,1956.51,12917,35,0
2020-09-15 00:00:00,1956.85,1957.94,1955.04,1956.13,5978,38,0
2020-09-15 04:00:00,1956.08,1966.97,1955.23,1965.82,21248,38,0
2020-09-15 08:00:00,1965.82,1969.25,1960.19,1963.73,17382,35,0
2020-09-15 12:00:00,1963.71,1972.08,1962.74,1967.36,21378,35,0
2020-09-15 16:00:00,1967.34,1969.52,1948.17,1957.94,35592,35,0
2020-09-15 20:00:00,1957.94,1958.76,1951.33,1953.31,14348,35,0
2020-09-16 00:00:00,1952.16,1955.77,1951.37,1952.67,8116,38,0
2020-09-16 04:00:00,1952.66,1961.41,1949.69,1959.58,17952,38,0
2020-09-16 08:00:00,1959.7,1968.65,1956.98,1965.27,17284,35,0
2020-09-16 12:00:00,1965.22,1970.57,1961.57,1967.52,19855,35,0
2020-09-16 16:00:00,1967.58,1973.57,1956.5,1965.25,32547,35,0
2020-09-16 20:00:00,1965.24,1970.18,1952.68,1959.07,33583,35,0
2020-09-17 00:00:00,1956.55,1960.85,1954.19,1957.11,11431,38,0
2020-09-17 04:00:00,1957.13,1959.51,1937.6,1940.3,32763,38,0
2020-09-17 08:00:00,1940.34,1947.15,1939.19,1944.78,22315,35,0
2020-09-17 12:00:00,1944.76,1948.7,1936.71,1942.99,24641,35,0
2020-09-17 16:00:00,1942.94,1949.48,1932.69,1944.77,41036,35,0
2020-09-17 20:00:00,1944.76,1948.92,1942.64,1944.23,14551,35,0
2020-09-18 00:00:00,1943.98,1951.63,1943.07,1950.87,9628,38,0
2020-09-18 04:00:00,1950.9,1955.43,1949.39,1951.88,20013,38,0
2020-09-18 08:00:00,1951.88,1956.07,1950.65,1955.35,17098,35,0
2020-09-18 12:00:00,1955.35,1955.97,1946.76,1951.42,19920,35,0
2020-09-18 16:00:00,1951.4,1959.83,1944.99,1958.69,34825,35,0
2020-09-18 20:00:00,1958.64,1960.06,1948.75,1950.44,16410,35,0
2020-09-21 00:00:00,1948.47,1951.6,1945.27,1950.76,9867,38,0
2020-09-21 04:00:00,1950.73,1955.46,1950.22,1953.36,18316,38,0
2020-09-21 08:00:00,1953.43,1954.66,1934.79,1938.88,23657,35,0
2020-09-21 12:00:00,1938.88,1938.88,1919.22,1921.77,28849,35,0
2020-09-21 16:00:00,1921.62,1923.76,1882.15,1902.73,58337,35,0
2020-09-21 20:00:00,1902.56,1913.39,1901.3,1911.83,24388,35,0
2020-09-22 00:00:00,1911.99,1919.79,1909.83,1917.78,13505,38,0
2020-09-22 04:00:00,1917.72,1918.6,1906.67,1915.81,29348,38,0
2020-09-22 08:00:00,1915.87,1916.12,1894.61,1903.57,36127,35,0
2020-09-22 12:00:00,1903.6,1912.53,1902.62,1912.25,32908,35,0
2020-09-22 16:00:00,1912.28,1917.48,1896.79,1899.11,54272,35,0
2020-09-22 20:00:00,1899.11,1906.99,1899.05,1900.34,18755,35,0
2020-09-23 00:00:00,1899.81,1905.27,1897.62,1902.53,13983,38,0
2020-09-23 04:00:00,1902.51,1904.97,1882.14,1887.18,37039,38,0
2020-09-23 08:00:00,1887.44,1890.01,1873.06,1881.33,39406,35,0
2020-09-23 12:00:00,1881.1,1894.87,1877.64,1881.59,35018,35,0
2020-09-23 16:00:00,1881.65,1887.83,1862.31,1866.3,53500,35,0
2020-09-23 20:00:00,1866.31,1867.8,1855.41,1862.66,27292,35,0
2020-09-24 00:00:00,1862.84,1864.69,1853.53,1861.41,20069,38,0
2020-09-24 04:00:00,1861.4,1868.67,1850.38,1851.5,37489,38,0
2020-09-24 08:00:00,1851.61,1861.33,1848.82,1853.58,38961,35,0
2020-09-24 12:00:00,1853.6,1861.34,1848.7,1855.32,41409,35,0
2020-09-24 16:00:00,1855.37,1873.14,1850.73,1870.35,56949,35,0
2020-09-24 20:00:00,1870.35,1877.0,1861.52,1868.54,30882,35,0
2020-09-25 00:00:00,1868.08,1871.28,1864.77,1867.69,11193,38,0
2020-09-25 04:00:00,1867.71,1873.17,1861.7,1872.81,27278,35,0
2020-09-25 08:00:00,1872.74,1875.06,1865.97,1871.11,30745,35,0
2020-09-25 12:00:00,1871.1,1872.63,1852.71,1860.62,42926,35,0
2020-09-25 16:00:00,1860.56,1865.74,1852.22,1862.03,48068,35,0
2020-09-25 20:00:00,1861.99,1866.73,1859.8,1860.05,21376,35,0
2020-09-28 00:00:00,1859.53,1865.93,1858.95,1859.39,12530,38,0
2020-09-28 04:00:00,1859.41,1863.77,1857.55,1861.42,20841,38,0
2020-09-28 08:00:00,1861.47,1861.84,1848.45,1852.26,28941,35,0
2020-09-28 12:00:00,1852.27,1872.37,1850.03,1867.85,37823,35,0
2020-09-28 16:00:00,1867.96,1876.97,1864.6,1874.55,46018,35,0
2020-09-28 20:00:00,1874.58,1882.95,1874.41,1881.82,19538,35,0
2020-09-29 00:00:00,1880.54,1886.08,1878.86,1883.17,11331,38,0
2020-09-29 04:00:00,1883.18,1887.06,1880.32,1881.36,21691,38,0
2020-09-29 08:00:00,1881.48,1884.63,1875.42,1881.79,29250,35,0
2020-09-29 12:00:00,1881.75,1890.11,1877.28,1884.0,34183,35,0
2020-09-29 16:00:00,1884.07,1895.6,1880.96,1895.52,44378,35,0
2020-09-29 20:00:00,1895.52,1899.05,1893.82,1897.17,18467,35,0
2020-09-30 00:00:00,1898.19,1899.18,1894.13,1894.71,9489,38,0
2020-09-30 04:00:00,1894.68,1897.26,1887.02,1890.18,27088,38,0
2020-09-30 08:00:00,1890.19,1891.95,1882.51,1883.45,24864,35,0
2020-09-30 12:00:00,1883.48,1900.13,1881.41,1895.18,27030,35,0
2020-09-30 16:00:00,1895.22,1902.22,1881.5,1897.79,47475,35,0
2020-09-30 20:00:00,1897.77,1897.77,1884.58,1885.22,29389,35,0
2020-10-01 00:00:00,1884.24,1888.76,1883.95,1885.02,9063,38,0
2020-10-01 04:00:00,1885.03,1895.42,1884.95,1894.28,16306,38,0
2020-10-01 08:00:00,1894.36,1900.25,1892.3,1894.3,20989,35,0
2020-10-01 12:00:00,1894.3,1909.2,1893.15,1903.63,25789,35,0
2020-10-01 16:00:00,1903.68,1912.0,1896.28,1908.48,48156,35,0
2020-10-01 20:00:00,1908.49,1911.6,1903.61,1905.89,40065,35,0
2020-10-02 00:00:00,1905.27,1907.34,1899.53,1900.51,9571,38,0
2020-10-02 04:00:00,1900.52,1901.22,1890.41,1891.16,19267,38,0
2020-10-02 08:00:00,1891.27,1917.04,1889.72,1905.85,35277,35,0
2020-10-02 12:00:00,1905.84,1911.91,1905.3,1911.52,27140,35,0
2020-10-02 16:00:00,1911.44,1911.77,1898.08,1901.25,44431,35,0
2020-10-02 20:00:00,1901.25,1904.45,1898.56,1900.56,18215,35,0
2020-10-05 00:00:00,1902.83,1904.21,1897.94,1900.63,12830,38,0
2020-10-05 04:00:00,1900.65,1900.99,1891.38,1893.02,18672,38,0
2020-10-05 08:00:00,1893.09,1898.34,1886.93,1897.78,21316,35,0
2020-10-05 12:00:00,1897.83,1908.35,1897.25,1906.66,21051,35,0
2020-10-05 16:00:00,1906.73,1918.75,1905.56,1916.31,38366,35,0
2020-10-05 20:00:00,1916.3,1916.51,1910.78,1913.69,14234,35,0
2020-10-06 00:00:00,1912.63,1914.06,1910.51,1914.01,9815,38,0
2020-10-06 04:00:00,1914.02,1914.41,1908.19,1912.17,16216,38,0
2020-10-06 08:00:00,1912.21,1914.55,1906.56,1909.51,19321,35,0
2020-10-06 12:00:00,1909.51,1919.1,1909.0,1915.69,23686,35,0
2020-10-06 16:00:00,1915.72,1921.01,1900.59,1903.79,40582,35,0
2020-10-06 20:00:00,1903.77,1906.38,1876.84,1877.56,33641,35,0
2020-10-07 00:00:00,1878.39,1880.74,1874.62,1878.29,15315,38,0
2020-10-07 04:00:00,1878.3,1883.8,1872.78,1882.54,19832,38,0
2020-10-07 08:00:00,1882.66,1897.89,1881.74,1889.84,22238,35,0
2020-10-07 12:00:00,1889.86,1891.78,1882.6,1889.7,25035,35,0
2020-10-07 16:00:00,1889.73,1890.4,1879.07,1886.39,41013,35,0
2020-10-07 20:00:00,1886.27,1888.7,1884.84,1887.65,17455,35,0
2020-10-08 00:00:00,1886.95,1888.21,1884.22,1886.24,8283,38,0
2020-10-08 04:00:00,1886.24,1889.18,1883.31,1885.47,16918,38,0
2020-10-08 08:00:00,1885.57,1895.27,1885.52,1891.9,19305,35,0
2020-10-08 12:00:00,1891.9,1899.82,1890.08,1898.18,22138,35,0
2020-10-08 16:00:00,1898.17,1900.66,1883.09,1885.22,37097,35,0
2020-10-08 20:00:00,1885.2,1894.8,1881.81,1893.53,16161,35,0
2020-10-09 00:00:00,1893.34,1899.26,1892.92,1899.21,9001,38,0
2020-10-09 04:00:00,1899.18,1912.81,1899.16,1908.95,25782,38,0
2020-10-09 08:00:00,1909.07,1916.53,1905.62,1915.11,20697,35,0
2020-10-09 12:00:00,1915.12,1921.68,1911.77,1920.79,20094,35,0
2020-10-09 16:00:00,1920.64,1929.18,1916.6,1923.4,38062,35,0
2020-10-09 20:00:00,1923.32,1930.44,1920.57,1929.86,16947,35,0
2020-10-12 00:00:00,1929.06,1933.16,1922.34,1925.02,15300,38,0
2020-10-12 04:00:00,1924.97,1930.38,1921.46,1928.54,26357,38,0
2020-10-12 08:00:00,1928.39,1931.83,1922.4,1923.58,22885,35,0
2020-10-12 12:00:00,1923.62,1928.39,1918.3,1925.05,23038,35,0
2020-10-12 16:00:00,1925.07,1925.76,1919.15,1924.82,34676,35,0
2020-10-12 20:00:00,1924.84,1925.32,1920.21,1922.54,15063,35,0
2020-10-13 00:00:00,1922.32,1925.29,1918.4,1921.7,11815,38,0
2020-10-13 04:00:00,1921.67,1921.68,1910.2,1911.91,29988,38,0
2020-10-13 08:00:00,1912.1,1924.99,1911.11,1922.71,26588,35,0
2020-10-13 12:00:00,1922.68,1924.07,1909.01,1909.43,26553,35,0
2020-10-13 16:00:00,1909.43,1909.45,1886.4,1891.17,45067,35,0
2020-10-13 20:00:00,1891.24,1895.11,1888.55,1891.14,18805,35,0
2020-10-14 00:00:00,1891.4,1894.21,1890.02,1891.7,10178,38,0
2020-10-14 04:00:00,1891.69,1897.63,1882.21,1894.35,30386,38,0
2020-10-14 08:00:00,1894.4,1899.89,1892.4,1898.91,19460,35,0
2020-10-14 12:00:00,1898.95,1909.28,1894.29,1907.5,26044,35,0
2020-10-14 16:00:00,1907.51,1912.83,1899.64,1900.97,41579,35,0
2020-10-14 20:00:00,1900.94,1904.46,1898.95,1900.32,16182,35,0
2020-10-15 00:00:00,1901.65,1902.51,1894.48,1895.76,11213,38,0
2020-10-15 04:00:00,1895.69,1901.83,1891.87,1901.07,25705,38,0
2020-10-15 08:00:00,1900.95,1903.6,1892.48,1894.8,23823,35,0
2020-10-15 12:00:00,1894.77,1897.49,1889.41,1895.13,32361,35,0
2020-10-15 16:00:00,1895.11,1906.78,1891.48,1903.62,46541,35,0
2020-10-15 20:00:00,1903.56,1908.82,1902.58,1907.87,17053,35,0
2020-10-16 00:00:00,1908.32,1908.9,1904.82,1907.38,8646,38,0
2020-10-16 04:00:00,1907.36,1910.52,1903.83,1905.68,21998,35,0
2020-10-16 08:00:00,1905.7,1912.43,1902.8,1909.9,22772,35,0
2020-10-16 12:00:00,1909.84,1913.89,1905.04,1906.78,23158,35,0
2020-10-16 16:00:00,1906.79,1910.5,1897.64,1902.81,38675,35,0
2020-10-16 20:00:00,1902.81,1904.31,1897.77,1898.62,11640,35,0
2020-10-19 00:00:00,1899.35,1902.89,1898.52,1901.05,10900,38,0
2020-10-19 04:00:00,1901.08,1903.23,1896.83,1902.85,24215,38,0
2020-10-19 08:00:00,1902.83,1912.39,1902.42,1911.24,24150,35,0
2020-10-19 12:00:00,1911.24,1918.45,1909.14,1911.8,21027,35,0
2020-10-19 16:00:00,1911.82,1912.38,1902.79,1909.61,32605,35,0
2020-10-19 20:00:00,1909.61,1910.39,1900.51,1903.38,15195,35,0
2020-10-20 00:00:00,1903.7,1904.41,1901.54,1903.15,7737,38,0
2020-10-20 04:00:00,1903.17,1904.0,1894.49,1901.1,24690,38,0
2020-10-20 08:00:00,1901.14,1903.99,1898.65,1901.58,18906,35,0
2020-10-20 12:00:00,1901.53,1908.09,1900.12,1905.06,21302,35,0
2020-10-20 16:00:00,1904.97,1912.33,1897.41,1908.69,36554,35,0
2020-10-20 20:00:00,1908.73,1914.05,1906.5,1907.54,14124,35,0
2020-10-21 00:00:00,1908.31,1915.62,1907.66,1914.46,10300,38,0
2020-10-21 04:00:00,1914.45,1920.41,1913.44,1918.84,24502,38,0
2020-10-21 08:00:00,1918.97,1922.75,1914.85,1915.55,19457,35,0
2020-10-21 12:00:00,1915.54,1926.28,1914.49,1924.78,19525,35,0
2020-10-21 16:00:00,1924.79,1931.46,1920.04,1924.94,33428,35,0
2020-10-21 20:00:00,1924.87,1926.17,1921.49,1924.66,14681,35,0
2020-10-22 00:00:00,1924.1,1925.8,1919.5,1921.2,9609,38,0
2020-10-22 04:00:00,1921.21,1922.07,1910.51,1913.43,18895,38,0
2020-10-22 08:00:00,1913.53,1920.35,1913.36,1916.94,17501,35,0
2020-10-22 12:00:00,1916.94,1918.79,1902.19,1905.64,20878,35,0
2020-10-22 16:00:00,1905.63,1907.81,1894.04,1900.44,33648,35,0
2020-10-22 20:00:00,1900.44,1905.55,1899.74,1903.63,10594,35,0
2020-10-23 00:00:00,1903.63,1907.3,1901.19,1902.95,10285,38,0
2020-10-23 04:00:00,1902.94,1907.55,1901.47,1905.69,16418,35,0
2020-10-23 08:00:00,1905.71,1912.09,1902.53,1910.9,14909,35,0
2020-10-23 12:00:00,1910.9,1914.1,1908.26,1910.17,15148,35,0
2020-10-23 16:00:00,1910.17,1911.46,1894.17,1900.84,30417,35,0
2020-10-23 20:00:00,1900.75,1905.41,1900.64,1901.37,10100,35,0
2020-10-26 00:00:00,1902.45,1903.88,1891.07,1897.45,19222,35,0
2020-10-26 04:00:00,1897.46,1900.82,1894.75,1896.79,17319,35,0
2020-10-26 08:00:00,1896.95,1902.82,1895.99,1902.74,19046,35,0
2020-10-26 12:00:00,1902.75,1906.59,1899.85,1905.09,23152,35,0
2020-10-26 16:00:00,1905.11,1908.53,1898.75,1902.45,24659,35,0
2020-10-26 20:00:00,1902.47,1904.0,1900.65,1901.59,8536,35,0
2020-10-27 00:00:00,1901.64,1908.46,1901.4,1906.73,13278,35,0
2020-10-27 04:00:00,1906.77,1910.3,1906.77,1907.65,12536,35,0
2020-10-27 08:00:00,1907.71,1910.32,1897.65,1900.92,17474,35,0
2020-10-27 12:00:00,1900.94,1907.41,1898.36,1906.6,18159,35,0
2020-10-27 16:00:00,1906.67,1911.24,1904.57,1908.6,19695,35,0
2020-10-27 20:00:00,1908.6,1909.8,1906.28,1907.36,6377,35,0
2020-10-28 00:00:00,1907.49,1908.42,1902.3,1906.54,15075,35,0
2020-10-28 04:00:00,1906.51,1909.07,1904.3,1908.27,10847,35,0
2020-10-28 08:00:00,1908.3,1910.77,1899.17,1899.75,18695,35,0
2020-10-28 12:00:00,1899.73,1900.72,1872.91,1876.0,34318,35,0
2020-10-28 16:00:00,1876.0,1884.06,1869.13,1880.88,36372,35,0
2020-10-28 20:00:00,1880.95,1880.99,1874.9,1876.45,13121,35,0
2020-10-29 00:00:00,1876.58,1879.94,1875.57,1878.02,15443,35,0
2020-10-29 04:00:00,1878.0,1883.09,1876.67,1882.49,14179,35,0
2020-10-29 08:00:00,1882.59,1884.82,1876.74,1877.17,19471,35,0
2020-10-29 12:00:00,1877.17,1879.31,1859.6,1871.78,33035,35,0
2020-10-29 16:00:00,1871.81,1876.53,1865.39,1867.61,33453,35,0
2020-10-29 20:00:00,1867.59,1871.31,1865.46,1866.97,9590,35,0
2020-10-30 00:00:00,1867.4,1875.03,1864.18,1874.41,18055,35,0
2020-10-30 04:00:00,1874.4,1877.86,1868.31,1868.6,19473,35,0
2020-10-30 08:00:00,1868.6,1876.12,1866.51,1873.61,23857,35,0
2020-10-30 12:00:00,1873.63,1889.66,1871.77,1885.0,26174,35,0
2020-10-30 16:00:00,1884.94,1885.49,1874.54,1879.43,33179,35,0
2020-10-30 20:00:00,1879.44,1881.35,1876.99,1878.28,11936,35,0
2020-11-02 00:00:00,1876.73,1882.27,1873.17,1881.04,20339,50,0
2020-11-02 04:00:00,1881.03,1885.4,1879.6,1884.0,19527,41,0
2020-11-02 08:00:00,1884.01,1890.42,1880.79,1886.78,20407,35,0
2020-11-02 12:00:00,1886.74,1892.95,1886.11,1889.45,18636,35,0
2020-11-02 16:00:00,1889.48,1894.88,1885.65,1893.58,26329,35,0
2020-11-02 20:00:00,1893.6,1895.95,1891.13,1895.06,13333,35,0
2020-11-03 00:00:00,1891.52,1897.81,1891.52,1897.5,10594,50,0
2020-11-03 04:00:00,1897.48,1898.38,1890.52,1891.91,15405,50,0
2020-11-03 08:00:00,1892.01,1900.74,1886.83,1899.17,17806,35,0
2020-11-03 12:00:00,1899.24,1907.9,1896.78,1906.51,18024,35,0
2020-11-03 16:00:00,1906.51,1910.47,1899.79,1908.92,24320,35,0
2020-11-03 20:00:00,1908.92,1910.46,1904.33,1908.84,14119,35,0
2020-11-04 00:00:00,1908.86,1916.26,1881.2,1901.63,30796,50,0
2020-11-04 04:00:00,1901.76,1904.0,1882.89,1896.31,45182,50,0
2020-11-04 08:00:00,1895.85,1901.05,1887.76,1890.27,29281,35,0
2020-11-04 12:00:00,1890.23,1912.13,1886.91,1905.81,28676,35,0
2020-11-04 16:00:00,1905.89,1909.6,1893.09,1894.42,35598,35,0
2020-11-04 20:00:00,1894.42,1905.71,1893.05,1903.25,14782,35,0
2020-11-05 00:00:00,1901.33,1909.6,1899.13,1907.18,17017,50,0
2020-11-05 04:00:00,1907.17,1910.38,1902.93,1909.4,20094,50,0
2020-11-05 08:00:00,1909.62,1919.1,1907.19,1917.12,23230,35,0
2020-11-05 12:00:00,1917.12,1932.89,1914.55,1931.52,26642,35,0
2020-11-05 16:00:00,1931.52,1952.68,1926.85,1947.68,34412,35,0
2020-11-05 20:00:00,1947.8,1952.39,1944.84,1949.0,19471,35,0
2020-11-06 00:00:00,1948.31,1949.29,1938.42,1944.16,20909,50,0
2020-11-06 04:00:00,1944.13,1945.68,1935.52,1938.84,25997,50,0
2020-11-06 08:00:00,1938.6,1950.69,1936.81,1948.26,19423,35,0
2020-11-06 12:00:00,1948.23,1960.29,1946.24,1958.61,25399,35,0
2020-11-06 16:00:00,1958.78,1960.29,1941.09,1951.48,33856,35,0
2020-11-06 20:00:00,1951.42,1955.22,1949.95,1951.74,10360,35,0
2020-11-09 00:00:00,1954.35,1959.67,1951.29,1955.64,22222,50,0
2020-11-09 04:00:00,1955.65,1965.38,1954.62,1961.71,22263,50,0
2020-11-09 08:00:00,1961.71,1963.15,1953.43,1958.52,21331,35,0
2020-11-09 12:00:00,1958.5,1960.33,1868.48,1880.48,40736,35,0
2020-11-09 16:00:00,1880.4,1885.66,1850.3,1861.97,46805,35,0
2020-11-09 20:00:00,1861.9,1869.57,1855.15,1863.03,21779,35,0
2020-11-10 00:00:00,1864.2,1874.87,1860.13,1874.15,23298,50,0
2020-11-10 04:00:00,1874.17,1884.66,1873.81,1881.32,23275,50,0
2020-11-10 08:00:00,1881.41,1890.3,1874.93,1878.6,23949,35,0
2020-11-10 12:00:00,1878.6,1883.22,1867.27,1877.32,26592,35,0
2020-11-10 16:00:00,1877.32,1885.16,1875.76,1881.73,35230,35,0
2020-11-10 20:00:00,1881.72,1882.41,1871.79,1877.18,18532,35,0
2020-11-11 00:00:00,1876.89,1881.41,1874.18,1879.45,14839,50,0
2020-11-11 04:00:00,1879.46,1883.1,1878.04,1881.84,16867,50,0
2020-11-11 08:00:00,1882.02,1884.23,1874.34,1881.11,17599,35,0
2020-11-11 12:00:00,1881.1,1881.79,1858.12,1858.43,23572,35,0
2020-11-11 16:00:00,1858.38,1867.62,1856.17,1862.22,29081,35,0
2020-11-11 20:00:00,1862.22,1865.86,1861.83,1865.33,10637,35,0
2020-11-12 00:00:00,1865.49,1871.32,1862.51,1870.75,13992,50,0
2020-11-12 04:00:00,1870.78,1872.52,1868.09,1869.84,16117,50,0
2020-11-12 08:00:00,1869.99,1872.92,1863.03,1870.66,19939,35,0
2020-11-12 12:00:00,1870.65,1879.66,1867.02,1876.86,19817,35,0
2020-11-12 16:00:00,1876.95,1883.69,1874.53,1877.26,26565,35,0
2020-11-12 20:00:00,1877.26,1877.85,1873.98,1876.54,15677,35,0
2020-11-13 00:00:00,1876.77,1881.78,1873.74,1879.12,12310,50,0
2020-11-13 04:00:00,1879.11,1880.73,1875.71,1879.56,13154,50,0
2020-11-13 08:00:00,1879.68,1880.84,1875.62,1880.24,14910,35,0
2020-11-13 12:00:00,1880.24,1895.35,1877.15,1894.65,20334,35,0
2020-11-13 16:00:00,1894.69,1896.69,1887.65,1890.41,23542,35,0
2020-11-13 20:00:00,1890.4,1890.67,1884.53,1889.18,10741,35,0
2020-11-16 00:00:00,1888.23,1898.19,1886.69,1896.25,16341,50,0
2020-11-16 04:00:00,1896.23,1898.91,1890.92,1891.85,15302,50,0
2020-11-16 08:00:00,1891.92,1895.06,1887.31,1894.13,17172,35,0
2020-11-16 12:00:00,1894.08,1894.24,1864.1,1885.94,28078,35,0
2020-11-16 16:00:00,1885.96,1895.9,1885.01,1889.27,22429,35,0
2020-11-16 20:00:00,1889.27,1889.79,1885.06,1888.62,9236,35,0
2020-11-17 00:00:00,1888.73,1891.37,1886.76,1888.53,11669,50,0
2020-11-17 04:00:00,1888.54,1892.29,1884.63,1886.67,12601,50,0
2020-11-17 08:00:00,1886.68,1892.61,1884.09,1890.07,16595,35,0
2020-11-17 12:00:00,1890.09,1893.36,1885.75,1891.03,17667,35,0
2020-11-17 16:00:00,1890.99,1892.26,1884.52,1886.77,24588,35,0
2020-11-17 20:00:00,1886.77,1887.8,1876.76,1880.02,11537,35,0
2020-11-18 00:00:00,1880.29,1883.06,1876.21,1878.7,12863,50,0
2020-11-18 04:00:00,1878.62,1881.23,1875.47,1879.51,13071,50,0
2020-11-18 08:00:00,1879.57,1884.51,1876.24,1879.26,15724,35,0
2020-11-18 12:00:00,1879.27,1879.78,1863.37,1875.75,22250,35,0
2020-11-18 16:00:00,1875.78,1884.7,1874.41,1875.09,23093,35,0
2020-11-18 20:00:00,1875.09,1875.99,1868.84,1871.84,16079,35,0
2020-11-19 00:00:00,1872.48,1873.83,1868.32,1870.1,14176,50,0
2020-11-19 04:00:00,1870.08,1871.48,1857.79,1862.22,18239,50,0
2020-11-19 08:00:00,1862.31,1865.42,1855.01,1861.3,21834,35,0
2020-11-19 12:00:00,1861.27,1864.86,1852.51,1860.49,22038,35,0
2020-11-19 16:00:00,1860.49,1863.72,1855.65,1862.73,24284,35,0
2020-11-19 20:00:00,1862.73,1867.56,1862.41,1866.76,7902,35,0
2020-11-20 00:00:00,1865.29,1867.45,1860.63,1864.75,13872,50,0
2020-11-20 04:00:00,1864.76,1869.03,1861.95,1868.77,15624,50,0
2020-11-20 08:00:00,1868.9,1869.61,1860.74,1866.87,18779,35,0
2020-11-20 12:00:00,1866.89,1868.51,1863.44,1867.31,9956,7,0
2020-11-20 16:00:00,1867.31,1879.64,1867.19,1872.18,14282,6,0
2020-11-20 20:00:00,1872.18,1874.58,1869.79,1870.8,5419,15,0
2020-11-23 00:00:00,1870.42,1875.68,1868.22,1872.88,4071,7,0
2020-11-23 04:00:00,1872.92,1874.68,1870.06,1873.58,4580,11,0
2020-11-23 08:00:00,1873.58,1875.86,1866.52,1868.84,7448,10,0
2020-11-23 12:00:00,1868.84,1869.72,1862.18,1866.97,12190,6,0
2020-11-23 16:00:00,1866.98,1868.12,1830.58,1839.53,30489,6,0
2020-11-23 20:00:00,1839.51,1841.0,1835.12,1837.13,6989,5,0
2020-11-24 00:00:00,1836.65,1838.34,1825.77,1827.48,8283,6,0
2020-11-24 04:00:00,1827.48,1828.87,1821.29,1826.42,9779,7,0
2020-11-24 08:00:00,1826.42,1832.83,1823.22,1825.33,10935,5,0
2020-11-24 12:00:00,1825.37,1825.82,1803.97,1805.6,19366,6,0
2020-11-24 16:00:00,1805.6,1808.41,1799.77,1804.87,24902,7,0
2020-11-24 20:00:00,1804.67,1808.58,1803.32,1807.62,5995,8,0
2020-11-25 00:00:00,1807.39,1811.97,1805.02,1810.37,5601,6,0
2020-11-25 04:00:00,1810.37,1810.92,1801.72,1803.97,6659,6,0
2020-11-25 08:00:00,1803.97,1814.97,1803.23,1813.05,9933,6,0
2020-11-25 12:00:00,1813.08,1816.72,1806.23,1814.17,12671,6,0
2020-11-25 16:00:00,1814.17,1817.67,1808.5,1808.58,21627,37,0
2020-11-25 20:00:00,1808.56,1809.43,1803.95,1806.92,12441,37,0
2020-11-26 00:00:00,1806.8,1812.61,1806.41,1811.08,11239,50,0
2020-11-26 04:00:00,1811.09,1812.06,1806.59,1808.41,9852,50,0
2020-11-26 08:00:00,1808.53,1818.24,1808.42,1814.0,14375,37,0
2020-11-26 12:00:00,1814.01,1815.19,1811.02,1814.15,12331,37,0
2020-11-26 16:00:00,1814.14,1814.38,1805.61,1808.86,12603,37,0
2020-11-27 00:00:00,1809.99,1813.6,1808.25,1809.47,9060,50,0
2020-11-27 04:00:00,1809.46,1810.88,1802.69,1809.9,14368,50,0
2020-11-27 08:00:00,1809.95,1811.29,1806.75,1808.35,13950,37,0
2020-11-27 12:00:00,1808.36,1809.53,1774.57,1778.35,24446,37,0
2020-11-27 16:00:00,1778.51,1788.53,1773.71,1787.8,30662,37,0
2020-11-27 20:00:00,1787.78,1788.27,1785.77,1787.38,1360,37,0
2020-11-30 00:00:00,1787.8,1789.67,1780.67,1782.83,16643,50,0
2020-11-30 04:00:00,1782.8,1782.8,1764.26,1770.43,28011,50,0
2020-11-30 08:00:00,1770.47,1783.67,1768.73,1773.85,21087,37,0
2020-11-30 12:00:00,1773.92,1775.35,1764.42,1772.3,21539,37,0
2020-11-30 16:00:00,1772.18,1784.31,1769.29,1777.85,31059,37,0
2020-11-30 20:00:00,1777.86,1781.38,1775.25,1777.49,10624,37,0
2020-12-01 00:00:00,1777.05,1780.57,1775.63,1778.74,9704,50,0
2020-12-01 04:00:00,1778.73,1788.11,1778.73,1786.92,16144,50,0
2020-12-01 08:00:00,1786.97,1795.09,1784.52,1794.88,15058,37,0
2020-12-01 12:00:00,1794.86,1813.22,1794.71,1812.75,21530,37,0
2020-12-01 16:00:00,1812.7,1815.07,1804.82,1812.9,30178,37,0
2020-12-01 20:00:00,1812.9,1817.23,1812.68,1815.33,10218,37,0
2020-12-02 00:00:00,1815.12,1815.36,1810.45,1812.86,11256,50,0
2020-12-02 04:00:00,1812.88,1814.2,1807.32,1809.88,20591,50,0
2020-12-02 08:00:00,1809.89,1827.09,1809.73,1824.91,17884,37,0
2020-12-02 12:00:00,1824.91,1832.26,1812.61,1815.7,23440,37,0
2020-12-02 16:00:00,1815.71,1829.45,1813.68,1825.86,28725,37,0
2020-12-02 20:00:00,1825.86,1831.57,1825.3,1830.58,9908,37,0
2020-12-03 00:00:00,1830.11,1831.66,1825.93,1826.29,10418,50,0
2020-12-03 04:00:00,1826.27,1837.14,1826.21,1834.24,15443,50,0
2020-12-03 08:00:00,1834.21,1843.4,1830.43,1837.74,18338,37,0
2020-12-03 12:00:00,1837.69,1843.85,1834.67,1836.14,21692,37,0
2020-12-03 16:00:00,1836.14,1843.22,1823.64,1837.83,35375,37,0
2020-12-03 20:00:00,1837.8,1842.17,1835.29,1840.88,11100,37,0
2020-12-04 00:00:00,1840.97,1842.53,1837.85,1839.18,8026,50,0
2020-12-04 04:00:00,1839.19,1844.65,1837.84,1838.44,12147,50,0
2020-12-04 08:00:00,1838.45,1844.1,1837.66,1842.07,15138,37,0
2020-12-04 12:00:00,1842.09,1847.68,1833.04,1837.68,18636,37,0
2020-12-04 16:00:00,1837.79,1848.15,1829.03,1834.02,31125,37,0
2020-12-04 20:00:00,1834.04,1839.03,1833.59,1838.51,7091,37,0
2020-12-07 00:00:00,1837.02,1839.26,1832.83,1837.46,16152,50,0
2020-12-07 04:00:00,1837.43,1842.07,1835.93,1841.88,14605,50,0
2020-12-07 08:00:00,1841.95,1842.31,1821.71,1831.66,19082,37,0
2020-12-07 12:00:00,1831.67,1840.04,1827.38,1839.22,19484,37,0
2020-12-07 16:00:00,1839.22,1868.47,1837.87,1865.3,27512,37,0
2020-12-07 20:00:00,1865.38,1865.51,1857.91,1862.93,11459,37,0
2020-12-08 00:00:00,1861.85,1866.26,1860.31,1863.71,12746,50,0
2020-12-08 04:00:00,1863.7,1871.6,1863.39,1867.21,18641,50,0
2020-12-08 08:00:00,1867.28,1869.59,1861.12,1864.39,16875,37,0
2020-12-08 12:00:00,1864.31,1872.49,1860.08,1864.65,21926,37,0
2020-12-08 16:00:00,1864.75,1875.09,1861.78,1872.71,27529,37,0
2020-12-08 20:00:00,1872.68,1873.21,1868.99,1870.68,7644,37,0
2020-12-09 00:00:00,1870.32,1870.84,1865.19,1867.16,10114,50,0
2020-12-09 04:00:00,1867.15,1868.31,1855.43,1858.98,21215,50,0
2020-12-09 08:00:00,1858.94,1866.04,1857.9,1860.76,19386,37,0
2020-12-09 12:00:00,1860.71,1863.99,1851.38,1858.92,25251,37,0
2020-12-09 16:00:00,1858.92,1859.08,1837.11,1841.7,39214,37,0
2020-12-09 20:00:00,1841.7,1841.78,1825.28,1839.31,21508,37,0
2020-12-10 00:00:00,1839.58,1839.82,1833.51,1839.3,16999,50,0
2020-12-10 04:00:00,1839.31,1842.29,1837.87,1839.19,21136,50,0
2020-12-10 08:00:00,1839.26,1839.93,1828.49,1831.82,23116,37,0
2020-12-10 12:00:00,1831.81,1846.65,1830.65,1845.32,27624,37,0
2020-12-10 16:00:00,1845.29,1849.83,1830.36,1830.55,37552,37,0
2020-12-10 20:00:00,1830.55,1836.79,1830.07,1835.73,13303,37,0
2020-12-11 00:00:00,1836.43,1840.16,1835.26,1839.95,13891,50,0
2020-12-11 04:00:00,1839.97,1840.54,1834.1,1834.54,18384,50,0
2020-12-11 08:00:00,1834.62,1837.5,1831.35,1836.83,20222,37,0
2020-12-11 12:00:00,1836.85,1840.89,1823.91,1839.73,28239,37,0
2020-12-11 16:00:00,1839.6,1847.54,1834.69,1841.84,27363,37,0
2020-12-11 20:00:00,1841.84,1842.43,1837.69,1839.68,11071,37,0
2020-12-14 00:00:00,1839.98,1841.21,1834.1,1835.14,15496,50,0
2020-12-14 04:00:00,1835.2,1837.4,1832.67,1834.29,12576,50,0
2020-12-14 08:00:00,1834.29,1835.03,1825.27,1828.82,17693,37,0
2020-12-14 12:00:00,1828.83,1834.16,1818.25,1832.46,24081,37,0
2020-12-14 16:00:00,1832.62,1838.9,1821.94,1828.73,30313,37,0
2020-12-14 20:00:00,1828.72,1830.16,1824.4,1827.74,9653,37,0
2020-12-15 00:00:00,1827.69,1829.78,1825.33,1829.47,11307,50,0
2020-12-15 04:00:00,1829.45,1840.67,1828.99,1838.43,20312,50,0
2020-12-15 08:00:00,1838.47,1847.37,1837.68,1845.49,18690,37,0
2020-12-15 12:00:00,1845.49,1855.28,1842.32,1852.59,25140,37,0
2020-12-15 16:00:00,1852.57,1854.25,1844.42,1850.26,31702,37,0
2020-12-15 20:00:00,1850.27,1854.6,1850.21,1853.53,11738,37,0
2020-12-16 00:00:00,1852.96,1854.06,1850.74,1851.61,9219,50,0
2020-12-16 04:00:00,1851.65,1858.1,1851.55,1855.19,19027,50,0
2020-12-16 08:00:00,1855.3,1865.35,1852.96,1864.84,22573,37,0
2020-12-16 12:00:00,1864.83,1865.58,1849.16,1851.6,31424,37,0
2020-12-16 16:00:00,1851.58,1858.6,1849.28,1854.78,30890,37,0
2020-12-16 20:00:00,1854.78,1865.53,1844.57,1863.98,25173,37,0
2020-12-17 00:00:00,1863.98,1867.34,1862.32,1864.31,14999,50,0
2020-12-17 04:00:00,1864.33,1870.25,1861.81,1869.38,21149,50,0
2020-12-17 08:00:00,1869.47,1882.96,1868.25,1878.53,23480,37,0
2020-12-17 12:00:00,1878.55,1889.95,1871.74,1887.72,30271,37,0
2020-12-17 16:00:00,1887.72,1896.06,1883.36,1887.25,36542,37,0
2020-12-17 20:00:00,1887.29,1888.89,1882.44,1885.97,13131,37,0
2020-12-18 00:00:00,1885.3,1885.77,1878.3,1879.84,15162,50,0
2020-12-18 04:00:00,1879.85,1886.54,1878.82,1882.56,20779,50,0
2020-12-18 08:00:00,1882.63,1883.23,1877.25,1879.49,18916,37,0
2020-12-18 12:00:00,1879.51,1889.55,1877.92,1885.07,27051,37,0
2020-12-18 16:00:00,1885.08,1888.14,1877.44,1884.04,34495,37,0
2020-12-18 20:00:00,1884.04,1884.73,1878.32,1880.43,11572,37,0
2020-12-21 00:00:00,1882.23,1899.34,1881.07,1896.6,19796,50,0
2020-12-21 04:00:00,1896.58,1902.89,1893.12,1902.61,22641,50,0
2020-12-21 08:00:00,1902.55,1906.71,1880.28,1886.35,30174,37,0
2020-12-21 12:00:00,1886.37,1886.38,1854.99,1882.07,47739,37,0
2020-12-21 16:00:00,1882.07,1885.62,1874.43,1877.9,43700,37,0
2020-12-21 20:00:00,1877.9,1879.75,1873.82,1876.23,19042,37,0
2020-12-22 00:00:00,1876.95,1882.7,1875.56,1881.43,17243,50,0
2020-12-22 04:00:00,1881.42,1884.12,1874.3,1875.82,27884,50,0
2020-12-22 08:00:00,1875.85,1878.68,1866.46,1871.87,27828,37,0
2020-12-22 12:00:00,1871.87,1878.9,1870.07,1878.68,27654,37,0
2020-12-22 16:00:00,1878.68,1881.35,1860.58,1867.43,37660,37,0
2020-12-22 20:00:00,1867.5,1867.72,1858.8,1859.77,16810,37,0
2020-12-23 00:00:00,1860.0,1867.33,1859.53,1865.82,19616,50,0
2020-12-23 04:00:00,1865.87,1867.77,1861.58,1866.26,24288,50,0
2020-12-23 08:00:00,1866.22,1872.2,1863.01,1868.56,22588,37,0
2020-12-23 12:00:00,1868.65,1870.38,1856.73,1868.47,29196,37,0
2020-12-23 16:00:00,1868.45,1878.39,1866.43,1872.91,32736,37,0
2020-12-23 20:00:00,1872.92,1874.32,1869.75,1872.67,11409,37,0
2020-12-24 00:00:00,1872.68,1877.42,1870.85,1876.27,14083,50,0
2020-12-24 04:00:00,1876.34,1879.7,1873.7,1875.6,18889,50,0
2020-12-24 08:00:00,1875.66,1880.42,1874.61,1877.94,15575,37,0
2020-12-24 12:00:00,1877.93,1877.94,1870.99,1873.72,18361,37,0
2020-12-24 16:00:00,1873.73,1879.85,1869.38,1879.49,19906,37,0
2020-12-24 20:00:00,1879.52,1883.21,1878.54,1878.86,1621,37,0
2020-12-28 00:00:00,1882.36,1898.79,1881.8,1898.12,19374,50,0
2020-12-28 04:00:00,1898.13,1900.11,1887.34,1890.19,22049,50,0
2020-12-28 08:00:00,1890.2,1890.51,1877.22,1885.39,21571,37,0
2020-12-28 12:00:00,1885.39,1887.83,1868.96,1887.61,28851,37,0
2020-12-28 16:00:00,1887.59,1896.35,1875.57,1876.41,30115,37,0
2020-12-28 20:00:00,1876.39,1878.97,1870.87,1872.76,12929,37,0
2020-12-29 00:00:00,1871.89,1882.52,1871.89,1878.3,16064,55,0
2020-12-29 04:00:00,1878.25,1881.87,1874.97,1876.76,23588,55,0
2020-12-29 08:00:00,1876.79,1883.36,1875.36,1881.76,16222,37,0
2020-12-29 12:00:00,1881.77,1882.9,1874.22,1879.69,19626,37,0
2020-12-29 16:00:00,1879.71,1886.26,1871.55,1878.91,25648,37,0
2020-12-29 20:00:00,1878.9,1879.83,1876.5,1877.88,8473,37,0
2020-12-30 00:00:00,1877.66,1884.16,1876.78,1882.85,14842,60,0
2020-12-30 04:00:00,1882.86,1885.94,1881.21,1881.48,18631,60,0
2020-12-30 08:00:00,1881.57,1882.32,1877.4,1878.15,17017,37,0
2020-12-30 12:00:00,1878.15,1883.72,1875.92,1883.31,16268,37,0
2020-12-30 16:00:00,1883.31,1888.97,1878.91,1888.72,24517,37,0
2020-12-30 20:00:00,1888.7,1893.8,1888.2,1893.7,8725,37,0
2020-12-31 00:00:00,1894.03,1899.69,1892.69,1896.67,15930,60,0
2020-12-31 04:00:00,1896.69,1898.35,1885.26,1890.04,23623,60,0
2020-12-31 08:00:00,1890.09,1895.98,1885.81,1894.5,19119,37,0
2020-12-31 12:00:00,1894.37,1898.66,1891.08,1897.97,11371,60,0
2020-12-31 16:00:00,1898.04,1900.31,1891.63,1894.22,22164,60,0
2020-12-31 20:00:00,1894.27,1900.88,1890.11,1897.69,9533,60,0
2021-01-04 00:00:00,1904.62,1918.58,1902.6,1916.55,24266,105,0
2021-01-04 04:00:00,1916.58,1925.12,1915.45,1921.51,27502,105,0
2021-01-04 08:00:00,1921.55,1935.03,1921.33,1931.95,19840,80,0
2021-01-04 12:00:00,1931.93,1942.01,1927.82,1939.76,26480,63,0
2021-01-04 16:00:00,1939.85,1944.34,1929.15,1937.05,41558,63,0
2021-01-04 20:00:00,1937.05,1944.02,1936.17,1943.03,16397,63,0
2021-01-05 00:00:00,1941.68,1945.49,1934.2,1937.34,19444,88,0
2021-01-05 04:00:00,1937.33,1943.81,1936.51,1938.25,24770,88,0
2021-01-05 08:00:00,1938.41,1948.2,1936.87,1945.54,20064,63,0
2021-01-05 12:00:00,1945.55,1951.75,1943.42,1949.48,22916,63,0
2021-01-05 16:00:00,1949.45,1952.47,1938.88,1950.05,36314,63,0
2021-01-05 20:00:00,1950.02,1952.91,1947.55,1950.0,14308,63,0
2021-01-06 00:00:00,1949.6,1955.17,1946.52,1947.8,24916,88,0
2021-01-06 04:00:00,1947.92,1949.82,1941.15,1943.62,32433,88,0
2021-01-06 08:00:00,1943.56,1957.8,1943.11,1957.66,21398,63,0
2021-01-06 12:00:00,1957.65,1959.29,1925.69,1932.81,36185,63,0
2021-01-06 16:00:00,1932.86,1938.02,1900.75,1907.42,46477,63,0
2021-01-06 20:00:00,1907.44,1924.16,1905.94,1918.68,27179,63,0
2021-01-07 00:00:00,1919.16,1924.45,1915.46,1917.93,21735,88,0
2021-01-07 04:00:00,1917.93,1921.0,1914.57,1920.68,26808,88,0
2021-01-07 08:00:00,1920.71,1927.55,1914.87,1915.61,28240,63,0
2021-01-07 12:00:00,1915.61,1921.03,1908.87,1913.19,31429,63,0
2021-01-07 16:00:00,1913.18,1919.7,1906.62,1911.02,40089,63,0
2021-01-07 20:00:00,1911.09,1917.99,1910.26,1913.35,16886,63,0
2021-01-08 00:00:00,1914.1,1917.33,1910.25,1910.72,17282,88,0
2021-01-08 04:00:00,1910.71,1912.5,1906.35,1907.99,22318,79,0
2021-01-08 08:00:00,1908.01,1911.52,1874.66,1891.7,29403,63,0
2021-01-08 12:00:00,1891.75,1894.38,1876.28,1890.69,31640,63,0
2021-01-08 16:00:00,1890.82,1892.61,1839.36,1843.9,59340,63,0
2021-01-08 20:00:00,1843.93,1849.34,1828.02,1848.96,30252,63,0
2021-01-11 00:00:00,1848.17,1856.55,1816.75,1828.53,30476,88,0
2021-01-11 04:00:00,1828.61,1841.93,1826.28,1840.41,37870,88,0
2021-01-11 08:00:00,1840.42,1855.39,1838.77,1848.36,30028,63,0
2021-01-11 12:00:00,1848.23,1852.33,1831.73,1834.29,31214,63,0
2021-01-11 16:00:00,1834.27,1850.58,1828.9,1848.54,43969,63,0
2021-01-11 20:00:00,1848.54,1851.53,1843.37,1844.0,17505,63,0
2021-01-12 00:00:00,1843.06,1848.37,1841.07,1845.78,21060,88,0
2021-01-12 04:00:00,1845.81,1858.07,1844.92,1857.98,28205,88,0
2021-01-12 08:00:00,1857.89,1863.31,1853.68,1862.56,21908,63,0
2021-01-12 12:00:00,1862.55,1863.69,1842.63,1844.21,27860,63,0
2021-01-12 16:00:00,1844.29,1848.1,1836.31,1839.32,38705,63,0
2021-01-12 20:00:00,1839.32,1857.21,1839.25,1855.12,22429,63,0
2021-01-13 00:00:00,1854.43,1862.85,1853.53,1861.91,18120,88,0
2021-01-13 04:00:00,1861.9,1862.2,1857.05,1858.13,18158,88,0
2021-01-13 08:00:00,1858.17,1862.67,1849.27,1855.15,21091,63,0
2021-01-13 12:00:00,1855.2,1859.11,1849.47,1857.8,26321,50,0
2021-01-13 16:00:00,1857.87,1861.04,1851.8,1855.61,32629,50,0
2021-01-13 20:00:00,1855.68,1858.98,1841.74,1844.55,17060,50,0
2021-01-14 00:00:00,1844.74,1852.04,1844.21,1849.05,14626,75,0
2021-01-14 04:00:00,1849.04,1849.06,1827.75,1844.19,30170,75,0
2021-01-14 08:00:00,1844.47,1845.1,1836.01,1841.19,21785,50,0
2021-01-14 12:00:00,1841.09,1844.63,1836.5,1843.66,26161,50,0
2021-01-14 16:00:00,1843.73,1855.88,1841.28,1855.15,36856,50,0
2021-01-14 20:00:00,1855.29,1857.39,1843.63,1846.38,19706,50,0
2021-01-15 00:00:00,1846.41,1855.52,1845.22,1852.08,17040,75,0
2021-01-15 04:00:00,1852.09,1853.9,1847.15,1849.73,19704,75,0
2021-01-15 08:00:00,1849.55,1856.96,1846.59,1855.05,21402,50,0
2021-01-15 12:00:00,1855.01,1855.76,1836.33,1838.44,25156,50,0
2021-01-15 16:00:00,1838.39,1845.35,1823.15,1831.35,43445,50,0
2021-01-15 20:00:00,1831.36,1832.2,1825.0,1827.53,15829,50,0
2021-01-18 00:00:00,1827.76,1829.78,1802.34,1825.04,27678,75,0
2021-01-18 04:00:00,1824.96,1840.12,1824.36,1838.36,25664,75,0
2021-01-18 08:00:00,1838.35,1840.64,1829.82,1831.61,20826,50,0
2021-01-18 12:00:00,1831.6,1838.28,1829.38,1835.07,18133,50,0
2021-01-18 16:00:00,1835.07,1839.18,1832.47,1837.48,16631,50,0
2021-01-19 00:00:00,1837.52,1843.48,1835.89,1840.4,15968,75,0
2021-01-19 04:00:00,1840.41,1841.7,1836.1,1837.56,18122,75,0
2021-01-19 08:00:00,1837.58,1844.89,1836.5,1843.09,17495,50,0
2021-01-19 12:00:00,1843.13,1845.4,1832.88,1839.93,20908,50,0
2021-01-19 16:00:00,1839.87,1843.36,1833.28,1842.59,30417,50,0
2021-01-19 20:00:00,1842.64,1842.74,1837.0,1839.59,9387,50,0
2021-01-20 00:00:00,1839.28,1847.25,1839.28,1846.28,14951,75,0
2021-01-20 04:00:00,1846.3,1851.66,1846.25,1851.34,17210,75,0
2021-01-20 08:00:00,1851.24,1857.32,1850.36,1854.61,17384,50,0
2021-01-20 12:00:00,1854.5,1855.1,1832.23,1848.79,25463,50,0
2021-01-20 16:00:00,1848.69,1870.34,1848.51,1863.1,38679,50,0
2021-01-20 20:00:00,1863.17,1871.59,1863.13,1871.35,13300,50,0
2021-01-21 00:00:00,1870.6,1872.21,1866.81,1868.78,16039,75,0
2021-01-21 04:00:00,1868.79,1874.64,1867.86,1874.05,19799,55,0
2021-01-21 08:00:00,1874.1,1875.02,1866.08,1871.66,21212,40,0
2021-01-21 12:00:00,1871.59,1872.41,1859.71,1860.93,27192,40,0
2021-01-21 16:00:00,1860.84,1868.02,1858.26,1864.76,31926,40,0
2021-01-21 20:00:00,1864.68,1871.42,1864.52,1869.67,11793,40,0
2021-01-22 00:00:00,1869.76,1870.66,1862.72,1864.29,14497,65,0
2021-01-22 04:00:00,1864.3,1865.2,1859.69,1862.34,20732,65,0
2021-01-22 08:00:00,1862.29,1863.75,1857.0,1858.63,22705,40,0
2021-01-22 12:00:00,1858.63,1859.07,1837.16,1843.08,34921,40,0
2021-01-22 16:00:00,1843.0,1858.27,1838.05,1855.53,36358,40,0
2021-01-22 20:00:00,1855.53,1857.9,1852.36,1854.56,11454,40,0
2021-01-25 00:00:00,1854.91,1859.8,1852.62,1854.74,18729,65,0
2021-01-25 04:00:00,1854.75,1856.44,1850.99,1853.0,18183,65,0
2021-01-25 08:00:00,1853.07,1856.46,1849.23,1855.82,19018,40,0
2021-01-25 12:00:00,1855.79,1867.84,1854.37,1864.87,25154,40,0
2021-01-25 16:00:00,1864.9,1866.24,1847.0,1858.16,39382,40,0
2021-01-25 20:00:00,1858.11,1858.79,1853.44,1855.83,11023,40,0
2021-01-26 00:00:00,1855.11,1858.59,1853.09,1858.17,12035,65,0
2021-01-26 04:00:00,1858.19,1861.57,1854.15,1857.15,17426,65,0
2021-01-26 08:00:00,1857.15,1857.29,1849.91,1852.47,19186,40,0
2021-01-26 12:00:00,1852.51,1859.9,1848.24,1857.0,19959,40,0
2021-01-26 16:00:00,1857.11,1858.16,1849.86,1852.57,28453,40,0
2021-01-26 20:00:00,1852.54,1853.53,1849.38,1851.28,8749,40,0
2021-01-27 00:00:00,1849.85,1851.49,1843.09,1845.94,12837,65,0
2021-01-27 04:00:00,1845.93,1850.99,1844.22,1850.88,16806,65,0
2021-01-27 08:00:00,1851.04,1852.99,1844.24,1845.56,16840,40,0
2021-01-27 12:00:00,1845.45,1847.59,1837.32,1842.97,24928,40,0
2021-01-27 16:00:00,1842.97,1850.5,1831.01,1845.47,35420,40,0
2021-01-27 20:00:00,1845.47,1848.82,1839.06,1843.8,19300,40,0
2021-01-28 00:00:00,1843.5,1845.07,1833.79,1835.87,21748,65,0
2021-01-28 04:00:00,1835.8,1839.12,1835.15,1836.73,22249,65,0
2021-01-28 08:00:00,1836.43,1841.51,1833.95,1840.76,22886,40,0
2021-01-28 12:00:00,1840.77,1858.02,1837.47,1856.91,26355,40,0
2021-01-28 16:00:00,1856.9,1863.97,1837.52,1839.15,49761,40,0
2021-01-28 20:00:00,1839.15,1844.86,1834.82,1842.52,21573,40,0
2021-01-29 00:00:00,1842.37,1845.2,1839.42,1842.94,21398,65,0
2021-01-29 04:00:00,1842.93,1846.1,1840.82,1845.81,21914,54,0
2021-01-29 08:00:00,1845.82,1853.95,1842.08,1851.53,30397,40,0
2021-01-29 12:00:00,1851.53,1873.83,1849.45,1871.89,39520,40,0
2021-01-29 16:00:00,1872.09,1875.58,1849.99,1851.95,48924,40,0
2021-01-29 20:00:00,1851.88,1853.44,1841.41,1847.38,23635,40,0
2021-02-01 00:00:00,1862.95,1866.98,1849.08,1852.14,35778,65,0
2021-02-01 04:00:00,1852.11,1863.69,1852.11,1859.56,35091,65,0
2021-02-01 08:00:00,1859.67,1871.68,1859.05,1861.42,39126,40,0
2021-02-01 12:00:00,1861.39,1869.43,1856.24,1863.99,34856,40,0
2021-02-01 16:00:00,1863.99,1869.21,1856.62,1864.82,44687,40,0
2021-02-01 20:00:00,1864.82,1866.59,1857.94,1860.4,20205,40,0
2021-02-02 00:00:00,1860.07,1863.92,1853.97,1862.69,21133,65,0
2021-02-02 04:00:00,1862.64,1863.4,1852.54,1856.06,28686,65,0
2021-02-02 08:00:00,1856.09,1857.04,1844.73,1850.1,30056,40,0
2021-02-02 12:00:00,1850.08,1853.34,1829.69,1837.8,31939,40,0
2021-02-02 16:00:00,1837.81,1840.5,1829.32,1834.9,40729,40,0
2021-02-02 20:00:00,1834.89,1838.61,1831.52,1837.52,14203,40,0
2021-02-03 00:00:00,1837.45,1841.46,1836.02,1841.44,17300,65,0
2021-02-03 04:00:00,1841.44,1844.72,1838.39,1838.98,19658,65,0
2021-02-03 08:00:00,1838.97,1840.14,1833.11,1835.48,19520,40,0
2021-02-03 12:00:00,1835.44,1842.17,1832.33,1838.02,23177,40,0
2021-02-03 16:00:00,1837.95,1840.63,1829.48,1835.67,31130,40,0
2021-02-03 20:00:00,1835.67,1835.99,1831.8,1834.08,11807,40,0
2021-02-04 00:00:00,1833.08,1834.55,1823.76,1826.76,14530,65,0
2021-02-04 04:00:00,1826.77,1826.91,1815.8,1817.46,28888,65,0
2021-02-04 08:00:00,1817.47,1827.03,1810.14,1814.27,25837,40,0
2021-02-04 12:00:00,1814.19,1819.38,1806.28,1808.25,24773,40,0
2021-02-04 16:00:00,1808.24,1808.47,1784.7,1789.22,39070,40,0
2021-02-04 20:00:00,1789.21,1795.7,1788.42,1792.86,15058,40,0
2021-02-05 00:00:00,1793.56,1797.44,1791.78,1796.29,15140,65,0
2021-02-05 04:00:00,1796.28,1798.9,1792.91,1797.59,18117,65,0
2021-02-05 08:00:00,1797.66,1811.17,1796.0,1807.59,19254,40,0
2021-02-05 12:00:00,1807.58,1808.92,1793.25,1799.79,25572,40,0
2021-02-05 16:00:00,1799.79,1815.02,1795.35,1811.64,38043,40,0
2021-02-05 20:00:00,1811.63,1813.64,1809.32,1813.22,12937,40,0
2021-02-08 00:00:00,1816.95,1818.66,1812.35,1815.24,19904,65,0
2021-02-08 04:00:00,1815.25,1815.72,1808.13,1812.76,21146,65,0
2021-02-08 08:00:00,1812.85,1817.73,1807.57,1813.66,20745,40,0
2021-02-08 12:00:00,1813.66,1831.26,1811.72,1829.72,26510,40,0
2021-02-08 16:00:00,1829.68,1839.16,1829.47,1832.7,40648,1,0
2021-02-08 20:00:00,1832.66,1834.6,1829.37,1830.13,14543,31,0
2021-02-09 00:00:00,1829.13,1838.49,1828.21,1836.84,11046,31,0
2021-02-09 04:00:00,1836.83,1843.27,1836.67,1840.05,15976,32,0
2021-02-09 08:00:00,1840.05,1848.57,1837.26,1846.43,19361,30,0
2021-02-09 12:00:00,1846.42,1847.43,1838.96,1847.15,22413,31,0
2021-02-09 16:00:00,1847.16,1847.52,1831.88,1837.79,39814,31,0
2021-02-09 20:00:00,1837.84,1838.58,1834.05,1837.56,13736,35,0
2021-02-10 00:00:00,1837.41,1840.13,1833.96,1839.61,10235,47,0
2021-02-10 04:00:00,1839.66,1845.35,1838.86,1842.7,13843,31,0
2021-02-10 08:00:00,1842.67,1846.91,1839.1,1839.3,16762,31,0
2021-02-10 12:00:00,1839.35,1855.4,1837.58,1851.21,24525,30,0
2021-02-10 16:00:00,1851.24,1853.7,1834.69,1842.21,43639,31,0
2021-02-10 20:00:00,1842.22,1846.23,1840.65,1842.43,15435,30,0
2021-02-11 00:00:00,1842.49,1844.31,1837.13,1838.7,5677,32,0
2021-02-11 04:00:00,1838.55,1838.7,1833.67,1836.86,9407,31,0
2021-02-11 08:00:00,1836.84,1845.9,1836.24,1842.6,15529,34,0
2021-02-11 12:00:00,1842.66,1847.56,1839.54,1843.44,14962,30,0
2021-02-11 16:00:00,1843.48,1844.35,1822.96,1826.58,39393,31,0
2021-02-11 20:00:00,1826.57,1827.3,1821.07,1825.47,16717,33,0
2021-02-12 00:00:00,1824.66,1827.76,1821.47,1823.39,6364,38,0
2021-02-12 04:00:00,1823.37,1824.2,1819.18,1823.85,7834,44,0
2021-02-12 08:00:00,1823.83,1823.91,1812.47,1817.73,16457,31,0
2021-02-12 12:00:00,1817.47,1821.86,1810.37,1815.58,20525,31,0
2021-02-12 16:00:00,1815.58,1830.67,1812.17,1819.48,37365,31,0
2021-02-12 20:00:00,1819.48,1824.16,1817.28,1823.63,14185,32,0
2021-02-15 00:00:00,1824.23,1826.95,1819.86,1826.89,8516,31,0
2021-02-15 04:00:00,1826.76,1826.93,1821.42,1824.85,8917,37,0
2021-02-15 08:00:00,1824.76,1824.9,1816.43,1818.02,14297,31,0
2021-02-15 12:00:00,1818.02,1824.11,1815.75,1817.71,14087,32,0
2021-02-15 16:00:00,1817.77,1820.76,1815.97,1818.38,14151,31,0
2021-02-16 00:00:00,1818.26,1825.44,1817.38,1824.68,9403,46,0
2021-02-16 04:00:00,1824.69,1826.33,1820.33,1820.91,12942,43,0
2021-02-16 08:00:00,1820.91,1825.43,1818.67,1824.04,19222,31,0
2021-02-16 12:00:00,1824.06,1825.49,1796.14,1796.67,30806,37,0
2021-02-16 16:00:00,1796.5,1814.13,1789.28,1796.53,51822,31,0
2021-02-16 20:00:00,1796.48,1800.68,1793.34,1794.35,17041,31,0
2021-02-17 00:00:00,1793.71,1794.21,1786.24,1790.91,11492,31,0
2021-02-17 04:00:00,1790.9,1795.0,1789.12,1791.87,11921,45,0
2021-02-17 08:00:00,1791.89,1793.72,1783.51,1785.84,22306,31,0
2021-02-17 12:00:00,1785.81,1793.36,1773.67,1778.73,30759,31,0
2021-02-17 16:00:00,1778.77,1784.98,1769.34,1775.64,47784,30,0
2021-02-17 20:00:00,1775.76,1777.13,1771.03,1776.62,19531,31,0
2021-02-18 00:00:00,1776.21,1782.83,1775.4,1780.56,15312,33,0
2021-02-18 04:00:00,1780.55,1785.65,1778.09,1783.67,15754,44,0
2021-02-18 08:00:00,1783.72,1788.86,1778.75,1787.38,24085,31,0
2021-02-18 12:00:00,1787.28,1789.49,1778.57,1786.0,29759,31,0
2021-02-18 16:00:00,1786.08,1786.14,1768.06,1775.85,49632,31,0
2021-02-18 20:00:00,1775.84,1776.69,1772.64,1775.5,16042,31,0
2021-02-19 00:00:00,1775.51,1777.0,1760.3,1766.98,19737,31,0
2021-02-19 04:00:00,1766.97,1773.57,1763.87,1772.27,18238,31,0
2021-02-19 08:00:00,1772.27,1777.43,1769.1,1770.88,24391,30,0
2021-02-19 12:00:00,1770.82,1784.29,1767.74,1783.32,28790,31,0
2021-02-19 16:00:00,1783.31,1791.5,1777.89,1783.05,48484,30,0
2021-02-19 20:00:00,1783.02,1783.28,1777.24,1782.61,19981,31,0
2021-02-22 00:00:00,1781.08,1789.59,1781.08,1786.57,17372,37,0
2021-02-22 04:00:00,1786.57,1790.25,1780.46,1789.37,20064,31,0
2021-02-22 08:00:00,1789.43,1799.13,1788.7,1797.39,28433,31,0
2021-02-22 12:00:00,1797.39,1802.36,1793.27,1797.37,29027,31,0
2021-02-22 16:00:00,1797.37,1812.59,1793.66,1809.09,48085,30,0
2021-02-22 20:00:00,1809.03,1810.48,1806.05,1808.98,19053,39,0
2021-02-23 00:00:00,1809.38,1814.15,1806.04,1813.06,13973,31,0
2021-02-23 04:00:00,1813.04,1815.98,1809.62,1812.57,15974,31,0
2021-02-23 08:00:00,1812.55,1814.58,1803.84,1804.24,24901,30,0
2021-02-23 12:00:00,1804.23,1812.79,1803.49,1809.64,28724,26,0
2021-02-23 16:00:00,1809.61,1810.8,1795.42,1806.71,57054,25,0
2021-02-23 20:00:00,1806.75,1807.7,1801.64,1804.94,21445,28,0
2021-02-24 00:00:00,1805.17,1813.45,1804.63,1811.97,14501,26,0
2021-02-24 04:00:00,1811.97,1813.6,1806.98,1809.31,16573,26,0
2021-02-24 08:00:00,1809.33,1810.04,1802.99,1804.33,26040,26,0
2021-02-24 12:00:00,1804.32,1810.25,1787.65,1790.31,31361,26,0
2021-02-24 16:00:00,1790.13,1804.36,1783.31,1798.17,57874,25,0
2021-02-24 20:00:00,1798.05,1805.39,1795.09,1805.26,20880,26,0
2021-02-25 00:00:00,1804.97,1805.3,1796.72,1796.88,13259,33,0
2021-02-25 04:00:00,1796.87,1800.99,1793.61,1800.65,19120,29,0
2021-02-25 08:00:00,1800.6,1801.12,1787.17,1794.35,29261,26,0
2021-02-25 12:00:00,1794.36,1795.22,1778.96,1781.36,39972,25,0
2021-02-25 16:00:00,1781.36,1788.8,1769.66,1773.06,66401,25,0
2021-02-25 20:00:00,1772.98,1779.48,1765.25,1770.2,50195,25,0
2021-02-26 00:00:00,1770.32,1773.01,1765.07,1770.96,23458,26,0
2021-02-26 04:00:00,1770.96,1775.67,1757.93,1760.52,26667,26,0
2021-02-26 08:00:00,1760.4,1770.03,1755.2,1763.03,40199,26,0
2021-02-26 12:00:00,1763.03,1766.96,1757.34,1761.51,40056,26,0
2021-02-26 16:00:00,1761.56,1763.44,1717.1,1726.28,74364,25,0
2021-02-26 20:00:00,1726.39,1735.29,1725.59,1733.41,30843,26,0
2021-03-01 00:00:00,1732.88,1744.91,1732.48,1744.87,18338,29,0
2021-03-01 04:00:00,1744.84,1752.59,1744.02,1750.63,18711,31,0
2021-03-01 08:00:00,1750.65,1759.79,1744.86,1746.81,27150,26,0
2021-03-01 12:00:00,1746.82,1747.62,1730.56,1735.93,28781,26,0
2021-03-01 16:00:00,1736.02,1742.93,1726.05,1726.73,48826,25,0
2021-03-01 20:00:00,1726.94,1727.36,1719.41,1724.48,24136,25,0
2021-03-02 00:00:00,1724.07,1728.38,1710.41,1711.62,18016,26,0
2021-03-02 04:00:00,1711.55,1717.07,1707.11,1714.74,25631,26,0
2021-03-02 08:00:00,1714.69,1725.19,1713.44,1722.34,27944,25,0
2021-03-02 12:00:00,1722.34,1736.09,1722.34,1727.28,31183,25,0
2021-03-02 16:00:00,1727.3,1738.28,1720.12,1736.64,49635,25,0
2021-03-02 20:00:00,1736.64,1738.71,1732.73,1738.67,20634,28,0
2021-03-03 00:00:00,1737.14,1740.39,1729.86,1734.11,12934,26,0
2021-03-03 04:00:00,1734.11,1735.57,1731.31,1733.11,11986,29,0
2021-03-03 08:00:00,1733.11,1735.84,1725.54,1728.0,23198,26,0
2021-03-03 12:00:00,1727.95,1728.1,1708.19,1712.34,32797,25,0
2021-03-03 16:00:00,1712.32,1725.1,1701.77,1717.1,62021,26,0
2021-03-03 20:00:00,1717.1,1720.22,1711.51,1711.54,28151,25,0
2021-03-04 00:00:00,1710.33,1716.56,1708.14,1715.09,14033,26,0
2021-03-04 04:00:00,1715.18,1720.06,1706.48,1718.01,20890,26,0
2021-03-04 08:00:00,1717.97,1721.17,1706.22,1715.17,28276,26,0
2021-03-04 12:00:00,1715.17,1723.16,1708.47,1715.86,31110,26,0
2021-03-04 16:00:00,1715.86,1722.21,1698.18,1700.17,59701,26,0
2021-03-04 20:00:00,1699.96,1704.08,1690.21,1698.55,42236,27,0
2021-03-05 00:00:00,1696.35,1698.57,1686.97,1692.54,18503,26,0
2021-03-05 04:00:00,1692.56,1697.25,1689.44,1696.85,18253,26,0
2021-03-05 08:00:00,1696.82,1700.35,1690.91,1694.45,28132,26,0
2021-03-05 12:00:00,1694.42,1701.04,1686.99,1693.44,33441,25,0
2021-03-05 16:00:00,1693.13,1707.68,1691.67,1702.75,60224,25,0
2021-03-05 20:00:00,1702.8,1705.21,1696.78,1700.51,26516,26,0
2021-03-08 00:00:00,1702.19,1713.86,1701.77,1713.17,18323,26,0
2021-03-08 04:00:00,1713.26,1714.08,1704.19,1707.49,21690,26,0
2021-03-08 08:00:00,1707.5,1708.98,1689.43,1690.33,26152,26,0
2021-03-08 12:00:00,1690.28,1696.01,1684.35,1693.8,31993,25,0
2021-03-08 16:00:00,1693.69,1696.48,1676.54,1680.66,48094,25,0
2021-03-08 20:00:00,1680.65,1685.31,1680.09,1682.52,19340,26,0
2021-03-09 00:00:00,1682.45,1685.68,1679.93,1683.33,12725,26,0
2021-03-09 04:00:00,1683.33,1691.5,1683.26,1688.72,20197,25,0
2021-03-09 08:00:00,1688.81,1703.74,1688.07,1702.57,26278,25,0
2021-03-09 12:00:00,1702.57,1715.13,1700.32,1713.38,33859,26,0
2021-03-09 16:00:00,1713.43,1720.66,1711.64,1716.62,42507,26,0
2021-03-09 20:00:00,1716.66,1719.66,1714.22,1715.49,16473,26,0
2021-03-10 00:00:00,1715.71,1719.44,1712.55,1713.5,13046,27,0
2021-03-10 04:00:00,1713.68,1714.16,1710.51,1712.79,14686,26,0
2021-03-10 08:00:00,1712.76,1716.6,1709.45,1714.17,19316,26,0
2021-03-10 12:00:00,1714.21,1723.61,1707.82,1720.03,26376,25,0
2021-03-10 16:00:00,1720.04,1722.13,1714.19,1719.35,42504,26,0
2021-03-10 20:00:00,1719.35,1726.57,1716.19,1726.23,22813,26,0
2021-03-11 00:00:00,1726.36,1727.87,1723.09,1726.01,10172,26,0
2021-03-11 04:00:00,1726.0,1735.83,1726.0,1735.54,16063,26,0
2021-03-11 08:00:00,1735.54,1739.78,1731.27,1733.72,21723,26,0
2021-03-11 12:00:00,1733.58,1737.16,1727.2,1729.85,28356,25,0
2021-03-11 16:00:00,1729.88,1731.58,1719.1,1723.55,39918,25,0
2021-03-11 20:00:00,1723.54,1728.23,1721.32,1722.23,19304,26,0
2021-03-12 00:00:00,1721.53,1727.85,1721.03,1724.73,9495,26,0
2021-03-12 04:00:00,1724.77,1724.77,1715.97,1717.88,14855,26,0
2021-03-12 08:00:00,1718.0,1718.0,1699.06,1701.23,27374,25,0
2021-03-12 12:00:00,1701.27,1707.33,1699.28,1705.1,26328,25,0
2021-03-12 16:00:00,1705.12,1722.58,1700.4,1719.6,46593,25,0
2021-03-12 20:00:00,1719.58,1726.91,1719.38,1726.6,17115,26,0
2021-03-15 00:00:00,1726.01,1733.93,1724.07,1729.36,15261,26,0
2021-03-15 04:00:00,1729.36,1731.07,1721.52,1723.86,16066,26,0
2021-03-15 08:00:00,1723.89,1732.47,1722.08,1728.89,21658,25,0
2021-03-15 12:00:00,1728.94,1734.48,1727.07,1733.83,30310,26,0
2021-03-15 16:00:00,1733.47,1734.49,1722.57,1729.27,34398,26,0
2021-03-15 20:00:00,1729.26,1732.1,1727.99,1732.1,10222,25,0
2021-03-16 00:00:00,1730.38,1734.15,1729.33,1732.1,10419,26,0
2021-03-16 04:00:00,1732.09,1737.09,1729.99,1736.1,11600,26,0
2021-03-16 08:00:00,1736.12,1736.66,1726.11,1731.18,20526,26,0
2021-03-16 12:00:00,1731.18,1736.07,1730.09,1734.37,33070,26,0
2021-03-16 16:00:00,1734.37,1741.16,1726.53,1729.01,35312,26,0
2021-03-16 20:00:00,1729.0,1733.08,1728.72,1731.87,12340,25,0
2021-03-17 00:00:00,1731.18,1735.06,1729.44,1733.56,12645,26,0
2021-03-17 04:00:00,1733.61,1737.51,1732.06,1735.26,13270,26,0
2021-03-17 08:00:00,1735.26,1737.83,1733.47,1735.97,15892,26,0
2021-03-17 12:00:00,1735.87,1737.07,1727.14,1728.26,30451,25,0
2021-03-17 16:00:00,1728.27,1734.64,1723.96,1732.05,32756,26,0
2021-03-17 20:00:00,1731.82,1751.62,1729.95,1744.43,33546,25,0
2021-03-18 00:00:00,1744.47,1753.87,1743.41,1752.91,16336,26,0
2021-03-18 04:00:00,1752.96,1755.54,1747.25,1750.0,18485,26,0
2021-03-18 08:00:00,1749.9,1752.89,1732.51,1736.59,28837,26,0
2021-03-18 12:00:00,1736.54,1737.62,1719.02,1722.88,42457,25,0
2021-03-18 16:00:00,1722.83,1736.19,1721.25,1734.67,41420,26,0
2021-03-18 20:00:00,1734.79,1737.23,1732.18,1736.49,18544,26,0
2021-03-19 00:00:00,1734.88,1737.59,1728.37,1731.07,16004,26,0
2021-03-19 04:00:00,1731.07,1734.98,1728.37,1734.52,18149,26,0
2021-03-19 08:00:00,1734.52,1745.33,1734.04,1736.9,27213,26,0
2021-03-19 12:00:00,1736.89,1743.65,1733.06,1735.98,36474,26,0
2021-03-19 16:00:00,1736.03,1743.41,1734.19,1742.91,35855,25,0
2021-03-19 20:00:00,1742.96,1746.71,1740.41,1744.93,11079,26,0
2021-03-22 00:00:00,1745.77,1746.86,1732.37,1735.36,16966,26,0
2021-03-22 04:00:00,1735.33,1743.07,1735.16,1736.97,14818,26,0
2021-03-22 08:00:00,1736.98,1737.91,1727.16,1731.52,26125,26,0
2021-03-22 12:00:00,1731.53,1739.05,1730.28,1733.09,32437,26,0
2021-03-22 16:00:00,1733.09,1740.98,1732.78,1740.52,30207,26,0
2021-03-22 20:00:00,1740.55,1741.01,1737.92,1738.42,9104,27,0
2021-03-23 00:00:00,1738.27,1740.49,1732.92,1733.41,12065,26,0
2021-03-23 04:00:00,1733.46,1738.29,1730.62,1737.7,16272,26,0
2021-03-23 08:00:00,1737.8,1740.25,1736.12,1737.89,20657,26,0
2021-03-23 12:00:00,1737.92,1742.61,1727.19,1730.94,32507,26,0
2021-03-23 16:00:00,1730.75,1731.63,1724.43,1727.85,35672,26,0
2021-03-23 20:00:00,1727.82,1728.67,1726.19,1726.8,13559,27,0
2021-03-24 00:00:00,1726.65,1731.3,1723.57,1730.43,13518,27,0
2021-03-24 04:00:00,1730.44,1734.4,1730.27,1731.22,16250,31,0
2021-03-24 08:00:00,1731.21,1734.85,1727.14,1734.62,21289,26,0
2021-03-24 12:00:00,1734.66,1735.9,1728.15,1730.09,25357,26,0
2021-03-24 16:00:00,1730.1,1738.42,1728.11,1735.02,27855,26,0
2021-03-24 20:00:00,1735.02,1735.67,1732.76,1733.77,11365,26,0
2021-03-25 00:00:00,1734.02,1735.28,1731.74,1733.08,11454,37,0
2021-03-25 04:00:00,1733.1,1739.16,1731.87,1733.98,16076,26,0
2021-03-25 08:00:00,1733.92,1735.49,1730.47,1732.02,17802,26,0
2021-03-25 12:00:00,1732.01,1745.51,1724.96,1738.81,37019,25,0
2021-03-25 16:00:00,1738.82,1741.15,1721.66,1727.55,44816,25,0
2021-03-25 20:00:00,1727.44,1731.19,1726.09,1726.85,14696,25,0
2021-03-26 00:00:00,1726.32,1729.22,1725.87,1728.41,12948,25,0
2021-03-26 04:00:00,1728.45,1729.7,1723.2,1727.89,15198,25,0
2021-03-26 08:00:00,1727.91,1731.98,1725.33,1730.08,19749,25,0
2021-03-26 12:00:00,1730.04,1730.38,1721.48,1728.7,30074,25,0
2021-03-26 16:00:00,1728.7,1736.7,1728.23,1731.82,27538,25,0
2021-03-26 20:00:00,1731.83,1732.9,1730.1,1732.53,9730,25,0
2021-03-29 00:00:00,1731.53,1732.91,1729.93,1731.05,5239,32,0
2021-03-29 04:00:00,1730.96,1732.85,1726.11,1727.82,11834,26,0
2021-03-29 08:00:00,1727.84,1729.13,1723.6,1724.65,19687,25,0
2021-03-29 12:00:00,1724.64,1728.11,1721.63,1723.74,17073,25,0
2021-03-29 16:00:00,1723.75,1726.21,1705.65,1713.2,38162,25,0
2021-03-29 20:00:00,1713.27,1714.53,1709.69,1711.71,15296,25,0
2021-03-30 00:00:00,1712.12,1714.12,1710.53,1713.11,6121,25,0
2021-03-30 04:00:00,1713.19,1714.29,1704.56,1707.68,15848,25,0
2021-03-30 08:00:00,1707.67,1708.48,1695.33,1697.93,26911,25,0
2021-03-30 12:00:00,1697.87,1700.86,1678.6,1683.63,29867,25,0
2021-03-30 16:00:00,1683.53,1688.44,1681.43,1685.48,39982,26,0
2021-03-30 20:00:00,1685.48,1686.63,1681.43,1684.92,15884,26,0
2021-03-31 00:00:00,1685.28,1686.4,1682.73,1684.05,7164,30,0
2021-03-31 04:00:00,1684.05,1686.26,1677.46,1679.23,19219,26,0
2021-03-31 08:00:00,1679.26,1688.68,1678.38,1685.9,21265,26,0
2021-03-31 12:00:00,1685.91,1689.48,1682.13,1687.44,22714,26,0
2021-03-31 16:00:00,1687.53,1712.35,1686.64,1711.68,45713,25,0
2021-03-31 20:00:00,1711.68,1715.24,1705.81,1707.65,20341,25,0
2021-04-01 00:00:00,1707.17,1709.03,1705.67,1706.83,7442,33,0
2021-04-01 04:00:00,1706.87,1714.12,1705.6,1711.14,18223,26,0
2021-04-01 08:00:00,1711.1,1719.75,1709.58,1716.14,23995,26,0
2021-04-01 12:00:00,1716.14,1720.05,1710.31,1718.81,21198,26,0
2021-04-01 16:00:00,1718.88,1730.11,1718.82,1725.91,40606,26,0
2021-04-01 20:00:00,1725.89,1730.65,1725.58,1729.36,12270,28,0
2021-04-05 00:00:00,1727.6,1729.66,1725.88,1727.9,6428,38,0
2021-04-05 04:00:00,1727.87,1729.81,1723.5,1724.5,7192,25,0
2021-04-05 08:00:00,1724.5,1728.52,1721.21,1725.33,12308,25,0
2021-04-05 12:00:00,1725.39,1729.7,1721.62,1723.17,16136,26,0
2021-04-05 16:00:00,1723.21,1733.57,1722.17,1728.11,30050,26,0
2021-04-05 20:00:00,1728.01,1728.5,1724.91,1728.48,13241,25,0
2021-04-06 00:00:00,1728.09,1730.82,1727.13,1729.09,5488,27,0
2021-04-06 04:00:00,1729.08,1736.02,1728.39,1735.74,15626,25,0
2021-04-06 08:00:00,1735.72,1738.81,1727.68,1732.71,22933,25,0
2021-04-06 12:00:00,1732.71,1739.02,1730.26,1735.96,20778,25,0
2021-04-06 16:00:00,1735.93,1745.5,1734.04,1743.18,34962,25,0
2021-04-06 20:00:00,1743.24,1744.4,1739.91,1743.08,14292,26,0
2021-04-07 00:00:00,1742.72,1744.26,1740.44,1741.02,4367,26,0
2021-04-07 04:00:00,1741.01,1741.65,1735.68,1739.01,12762,26,0
2021-04-07 08:00:00,1739.01,1742.3,1736.13,1737.93,17615,25,0
2021-04-07 12:00:00,1737.92,1739.23,1730.51,1737.81,21102,26,0
2021-04-07 16:00:00,1737.88,1743.17,1734.57,1740.48,29933,25,0
2021-04-07 20:00:00,1740.3,1742.57,1735.51,1737.63,14441,26,0
2021-04-08 00:00:00,1737.54,1738.24,1735.13,1736.19,4632,31,0
2021-04-08 04:00:00,1736.16,1740.25,1733.03,1739.72,12891,26,0
2021-04-08 08:00:00,1739.89,1747.7,1739.44,1743.21,20524,25,0
2021-04-08 12:00:00,1743.31,1751.28,1742.24,1747.45,19579,26,0
2021-04-08 16:00:00,1747.54,1758.74,1747.24,1757.05,31985,26,0
2021-04-08 20:00:00,1757.06,1757.7,1754.1,1756.16,11381,27,0
2021-04-09 00:00:00,1755.24,1756.02,1753.1,1755.21,4628,26,0
2021-04-09 04:00:00,1755.23,1757.29,1751.41,1752.07,14989,26,0
2021-04-09 08:00:00,1752.07,1752.6,1743.89,1745.39,20034,25,0
2021-04-09 12:00:00,1745.39,1748.9,1735.54,1738.3,21477,25,0
2021-04-09 16:00:00,1738.33,1746.86,1730.92,1744.91,33089,26,0
2021-04-09 20:00:00,1744.91,1745.64,1741.24,1743.29,12199,26,0
2021-04-12 00:00:00,1743.11,1743.89,1740.25,1741.9,4903,26,0
2021-04-12 04:00:00,1741.98,1743.35,1736.67,1738.4,15332,27,0
2021-04-12 08:00:00,1738.4,1742.1,1735.09,1737.85,15757,25,0
2021-04-12 12:00:00,1737.82,1745.02,1737.74,1738.86,16949,26,0
2021-04-12 16:00:00,1738.67,1740.24,1730.36,1732.82,31351,27,0
2021-04-12 20:00:00,1732.84,1733.85,1727.18,1732.17,14923,27,0
2021-04-13 00:00:00,1732.2,1733.57,1729.42,1730.46,5185,38,0
2021-04-13 04:00:00,1730.46,1736.36,1727.95,1729.89,17224,27,0
2021-04-13 08:00:00,1729.89,1730.68,1723.64,1728.15,19432,25,0
2021-04-13 12:00:00,1728.14,1742.17,1724.53,1736.44,26386,28,0
2021-04-13 16:00:00,1736.36,1748.92,1736.27,1742.58,35757,26,0
2021-04-13 20:00:00,1742.57,1747.6,1742.54,1745.39,17484,26,0
2021-04-14 00:00:00,1745.44,1747.25,1743.93,1746.84,5465,37,0
2021-04-14 04:00:00,1746.99,1749.4,1742.67,1742.82,15153,29,0
2021-04-14 08:00:00,1742.81,1748.82,1740.69,1745.75,20395,27,0
2021-04-14 12:00:00,1745.76,1747.06,1741.56,1744.32,19313,26,0
2021-04-14 16:00:00,1744.29,1744.77,1732.48,1736.34,36808,25,0
2021-04-14 20:00:00,1736.27,1737.57,1733.88,1736.15,14901,32,0
2021-04-15 00:00:00,1736.15,1739.5,1735.23,1738.61,4811,39,0
2021-04-15 04:00:00,1738.57,1740.43,1734.08,1739.67,17302,31,0
2021-04-15 08:00:00,1739.68,1747.93,1739.68,1747.84,19539,25,0
2021-04-15 12:00:00,1747.85,1752.32,1744.47,1746.9,22554,25,0
2021-04-15 16:00:00,1746.89,1769.62,1745.79,1767.52,44162,25,0
2021-04-15 20:00:00,1767.44,1768.1,1762.9,1763.43,16663,26,0
2021-04-16 00:00:00,1763.45,1766.01,1762.24,1762.65,5585,35,0
2021-04-16 04:00:00,1762.67,1764.98,1759.69,1764.9,14709,37,0
2021-04-16 08:00:00,1764.9,1767.24,1761.49,1766.11,18387,28,0
2021-04-16 12:00:00,1766.14,1783.85,1765.41,1780.98,27257,25,0
2021-04-16 16:00:00,1780.74,1782.38,1771.92,1779.99,35991,25,0
2021-04-16 20:00:00,1779.99,1780.32,1774.43,1776.64,11728,30,0
2021-04-19 00:00:00,1777.27,1783.59,1774.81,1782.24,7009,29,0
2021-04-19 04:00:00,1782.44,1783.21,1773.09,1777.85,18665,33,0
2021-04-19 08:00:00,1777.87,1788.57,1775.13,1787.0,24820,25,0
2021-04-19 12:00:00,1787.06,1790.05,1774.82,1775.94,25930,27,0
2021-04-19 16:00:00,1775.77,1776.86,1766.56,1771.44,36683,26,0
2021-04-19 20:00:00,1771.43,1772.0,1769.49,1770.82,13429,26,0
2021-04-20 00:00:00,1770.41,1772.62,1768.31,1768.67,4884,27,0
2021-04-20 04:00:00,1768.67,1775.59,1765.56,1772.27,18172,25,0
2021-04-20 08:00:00,1772.27,1774.31,1765.01,1768.17,23449,25,0
2021-04-20 12:00:00,1768.23,1775.61,1763.6,1769.54,27364,27,0
2021-04-20 16:00:00,1769.54,1780.41,1765.85,1778.02,40138,27,0
2021-04-20 20:00:00,1778.01,1779.69,1776.84,1778.58,11958,30,0
2021-04-21 00:00:00,1778.57,1780.01,1775.24,1777.39,6165,32,0
2021-04-21 04:00:00,1777.38,1784.73,1777.09,1781.11,16406,25,0
2021-04-21 08:00:00,1781.12,1788.46,1777.96,1778.41,22007,26,0
2021-04-21 12:00:00,1778.44,1787.84,1777.73,1786.3,21818,26,0
2021-04-21 16:00:00,1786.3,1797.69,1783.25,1790.89,41289,26,0
2021-04-21 20:00:00,1790.89,1795.31,1790.75,1793.98,14884,25,0
2021-04-22 00:00:00,1793.64,1795.05,1792.33,1793.92,4750,27,0
2021-04-22 04:00:00,1793.95,1797.84,1790.31,1793.32,16031,27,0
2021-04-22 08:00:00,1793.33,1794.65,1788.24,1789.76,18597,27,0
2021-04-22 12:00:00,1789.77,1790.68,1782.23,1785.27,23837,25,0
2021-04-22 16:00:00,1785.37,1788.22,1777.19,1781.73,42492,30,0
2021-04-22 20:00:00,1781.75,1784.44,1778.65,1784.32,22884,26,0
2021-04-23 00:00:00,1783.51,1786.18,1782.8,1784.02,5365,27,0
2021-04-23 04:00:00,1784.01,1789.7,1783.11,1784.73,15203,25,0
2021-04-23 08:00:00,1784.9,1786.88,1781.55,1784.67,18242,25,0
2021-04-23 12:00:00,1784.69,1795.13,1784.02,1793.52,20457,25,0
2021-04-23 16:00:00,1793.53,1796.0,1769.98,1777.47,41180,25,0
2021-04-23 20:00:00,1777.48,1779.18,1775.38,1776.31,11849,26,0
2021-04-26 00:00:00,1775.83,1779.08,1773.82,1778.35,5760,25,0
2021-04-26 04:00:00,1778.31,1782.86,1777.94,1780.28,15519,25,0
2021-04-26 08:00:00,1780.29,1783.44,1774.76,1779.49,20460,27,0
2021-04-26 12:00:00,1779.54,1782.2,1768.7,1776.62,21623,25,0
2021-04-26 16:00:00,1776.62,1780.21,1772.55,1778.89,32124,25,0
2021-04-26 20:00:00,1778.88,1782.45,1778.78,1781.36,10830,30,0
2021-04-27 00:00:00,1780.86,1782.31,1779.74,1781.34,4703,27,0
2021-04-27 04:00:00,1781.35,1784.11,1773.67,1781.53,14576,27,0
2021-04-27 08:00:00,1781.54,1783.48,1776.0,1779.28,17446,27,0
2021-04-27 12:00:00,1779.25,1785.57,1778.4,1783.04,20716,25,0
2021-04-27 16:00:00,1783.03,1785.42,1777.7,1778.22,34180,25,0
2021-04-27 20:00:00,1778.18,1779.87,1775.29,1776.6,13903,30,0
2021-04-28 00:00:00,1776.46,1776.96,1769.75,1771.69,5748,25,0
2021-04-28 04:00:00,1771.66,1773.03,1766.28,1770.97,16282,25,0
2021-04-28 08:00:00,1770.97,1771.75,1766.02,1769.58,19346,25,0
2021-04-28 12:00:00,1769.58,1769.95,1762.53,1769.5,22101,25,0
2021-04-28 16:00:00,1769.61,1775.86,1766.86,1774.55,33758,26,0
2021-04-28 20:00:00,1774.55,1782.55,1770.33,1781.46,28242,26,0
2021-04-29 00:00:00,1781.49,1785.71,1781.03,1784.73,5423,25,0
2021-04-29 04:00:00,1784.72,1789.98,1783.62,1785.01,16547,26,0
2021-04-29 08:00:00,1785.04,1785.84,1775.55,1777.33,20165,26,0
2021-04-29 12:00:00,1777.34,1781.46,1772.02,1780.1,25375,26,0
2021-04-29 16:00:00,1780.11,1780.39,1755.93,1768.59,46856,25,0
2021-04-29 20:00:00,1768.61,1774.93,1767.56,1772.08,12747,27,0
2021-04-30 00:00:00,1772.18,1773.65,1768.51,1769.73,6200,28,0
2021-04-30 04:00:00,1769.73,1770.2,1765.37,1768.59,16510,37,0
2021-04-30 08:00:00,1768.65,1773.19,1766.85,1769.52,20127,26,0
2021-04-30 12:00:00,1769.53,1772.46,1765.49,1769.44,21282,26,0
2021-04-30 16:00:00,1769.51,1772.31,1764.11,1767.75,39068,25,0
2021-04-30 20:00:00,1767.75,1770.47,1766.26,1768.84,15402,27,0
2021-05-03 00:00:00,1767.64,1770.8,1766.04,1770.78,5049,30,0
2021-05-03 04:00:00,1770.81,1775.67,1769.99,1774.29,10230,31,0
2021-05-03 08:00:00,1774.29,1781.53,1772.29,1775.58,16002,25,0
2021-05-03 12:00:00,1775.55,1787.06,1775.27,1784.59,22324,29,0
2021-05-03 16:00:00,1784.6,1797.93,1784.6,1792.95,38995,27,0
2021-05-03 20:00:00,1792.96,1793.98,1790.48,1793.1,14740,33,0
2021-05-04 00:00:00,1792.65,1793.18,1790.67,1791.2,4835,31,0
2021-05-04 04:00:00,1791.21,1791.79,1788.39,1788.72,8549,27,0
2021-05-04 08:00:00,1788.72,1790.54,1783.8,1785.82,17606,25,0
2021-05-04 12:00:00,1785.73,1789.18,1780.66,1788.38,26733,26,0
2021-05-04 16:00:00,1788.41,1799.07,1770.57,1775.95,52752,25,0
2021-05-04 20:00:00,1775.9,1780.02,1775.77,1779.29,17636,26,0
2021-05-05 00:00:00,1778.19,1779.53,1776.17,1778.57,4835,26,0
2021-05-05 04:00:00,1778.57,1783.39,1777.95,1780.55,8440,27,0
2021-05-05 08:00:00,1780.57,1780.86,1774.18,1775.1,18103,26,0
2021-05-05 12:00:00,1775.07,1782.71,1770.32,1781.75,22857,25,0
2021-05-05 16:00:00,1781.79,1785.36,1778.58,1784.24,35311,25,0
2021-05-05 20:00:00,1784.2,1787.98,1782.95,1787.75,14443,28,0
2021-05-06 00:00:00,1786.66,1787.57,1783.08,1783.45,6164,26,0
2021-05-06 04:00:00,1783.38,1790.15,1782.01,1788.62,21801,27,0
2021-05-06 08:00:00,1788.61,1795.81,1788.49,1795.19,22214,26,0
2021-05-06 12:00:00,1795.16,1796.59,1788.34,1793.76,26089,26,0
2021-05-06 16:00:00,1793.65,1818.14,1790.76,1815.86,46616,25,0
2021-05-06 20:00:00,1815.83,1816.3,1812.8,1815.29,16483,25,0
2021-05-07 00:00:00,1814.46,1815.73,1813.36,1814.61,4903,26,0
2021-05-07 04:00:00,1814.61,1822.32,1812.87,1819.39,19613,25,0
2021-05-07 08:00:00,1819.14,1823.18,1817.23,1820.61,24516,26,0
2021-05-07 12:00:00,1820.59,1843.39,1817.23,1838.8,28731,25,0
2021-05-07 16:00:00,1838.81,1842.32,1825.51,1832.68,55389,25,0
2021-05-07 20:00:00,1832.68,1832.73,1829.17,1830.75,17468,26,0
2021-05-10 00:00:00,1832.03,1836.82,1830.34,1833.16,9135,27,0
2021-05-10 04:00:00,1833.15,1835.04,1829.97,1834.21,21949,25,0
2021-05-10 08:00:00,1834.21,1839.16,1833.51,1836.2,25652,25,0
2021-05-10 12:00:00,1836.17,1843.04,1834.5,1842.26,23817,26,0
2021-05-10 16:00:00,1842.07,1845.44,1835.47,1837.81,44249,26,0
2021-05-10 20:00:00,1837.82,1838.76,1833.93,1835.51,19133,26,0
2021-05-11 00:00:00,1835.43,1836.62,1832.5,1833.82,7640,37,0
2021-05-11 04:00:00,1833.89,1838.42,1831.28,1836.26,21544,26,0
2021-05-11 08:00:00,1836.24,1838.08,1832.65,1836.13,24310,25,0
2021-05-11 12:00:00,1836.1,1841.81,1826.0,1826.58,28039,25,0
2021-05-11 16:00:00,1826.51,1836.08,1817.93,1835.19,46922,26,0
2021-05-11 20:00:00,1835.16,1838.44,1833.48,1836.82,18316,26,0
2021-05-12 00:00:00,1836.64,1837.54,1833.33,1834.3,6363,32,0
2021-05-12 04:00:00,1834.29,1834.47,1825.93,1829.98,19913,25,0
2021-05-12 08:00:00,1829.97,1835.68,1828.58,1833.34,22510,25,0
2021-05-12 12:00:00,1833.33,1840.8,1821.28,1839.85,27977,25,0
2021-05-12 16:00:00,1839.86,1843.7,1818.88,1820.3,59210,25,0
2021-05-12 20:00:00,1820.3,1825.16,1813.19,1815.78,34788,27,0
2021-05-13 00:00:00,1815.38,1819.06,1813.07,1818.5,8612,26,0
2021-05-13 04:00:00,1818.52,1822.88,1816.38,1819.12,22525,25,0
2021-05-13 08:00:00,1819.17,1822.26,1812.54,1815.14,29981,27,0
2021-05-13 12:00:00,1815.06,1821.09,1808.66,1816.99,33570,25,0
2021-05-13 16:00:00,1816.88,1828.79,1815.61,1826.06,47489,25,0
2021-05-13 20:00:00,1826.07,1828.46,1821.63,1826.88,25905,27,0
2021-05-14 00:00:00,1825.14,1827.02,1823.96,1825.86,6160,32,0
2021-05-14 04:00:00,1825.85,1826.52,1819.21,1823.62,19790,25,0
2021-05-14 08:00:00,1823.54,1836.38,1822.37,1834.91,28549,26,0
2021-05-14 12:00:00,1834.92,1839.71,1832.85,1837.15,24531,27,0
2021-05-14 16:00:00,1837.14,1841.28,1834.35,1839.35,39070,26,0
2021-05-14 20:00:00,1839.32,1846.48,1837.77,1842.38,13807,25,0
2021-05-17 00:00:00,1842.25,1847.98,1841.57,1844.24,7000,28,0
2021-05-17 04:00:00,1844.16,1853.34,1843.52,1852.72,21286,25,0
2021-05-17 08:00:00,1852.73,1855.42,1852.17,1853.2,20488,26,0
2021-05-17 12:00:00,1853.19,1853.33,1845.04,1845.76,21725,25,0
2021-05-17 16:00:00,1845.68,1868.23,1844.04,1868.05,44640,25,0
2021-05-17 20:00:00,1868.05,1868.54,1865.23,1866.64,14416,26,0
2021-05-18 00:00:00,1866.16,1869.92,1864.06,1869.21,5597,31,0
2021-05-18 04:00:00,1869.1,1873.75,1866.76,1868.02,21900,26,0
2021-05-18 08:00:00,1868.05,1871.72,1867.36,1869.41,21510,27,0
2021-05-18 12:00:00,1869.43,1875.08,1865.33,1871.26,21525,25,0
2021-05-18 16:00:00,1871.25,1873.5,1863.18,1867.18,42702,26,0
2021-05-18 20:00:00,1867.38,1870.22,1867.03,1869.67,13600,26,0
2021-05-19 00:00:00,1869.13,1871.34,1868.09,1869.75,5531,26,0
2021-05-19 04:00:00,1869.76,1871.58,1864.61,1868.01,18809,26,0
2021-05-19 08:00:00,1868.0,1873.95,1859.88,1863.26,26983,25,0
2021-05-19 12:00:00,1863.27,1872.65,1852.13,1872.51,30360,25,0
2021-05-19 16:00:00,1872.61,1890.12,1864.8,1881.98,50661,25,0
2021-05-19 20:00:00,1882.0,1882.67,1862.03,1870.18,25384,27,0
2021-05-20 00:00:00,1869.53,1872.12,1863.82,1871.89,7676,26,0
2021-05-20 04:00:00,1871.85,1877.58,1865.24,1875.5,20851,25,0
2021-05-20 08:00:00,1875.46,1879.08,1870.52,1872.24,23030,25,0
2021-05-20 12:00:00,1872.17,1872.88,1865.19,1871.44,23415,26,0
2021-05-20 16:00:00,1871.45,1883.96,1869.72,1882.66,38126,26,0
2021-05-20 20:00:00,1882.69,1883.85,1873.29,1877.31,15561,27,0
2021-05-21 00:00:00,1877.04,1878.46,1873.67,1874.6,5193,29,0
2021-05-21 04:00:00,1874.61,1877.08,1870.36,1876.11,16650,25,0
2021-05-21 08:00:00,1876.12,1878.19,1872.77,1876.2,20372,27,0
2021-05-21 12:00:00,1876.2,1888.22,1876.03,1887.19,22025,25,0
2021-05-21 16:00:00,1887.19,1889.43,1870.13,1872.87,45663,26,0
2021-05-21 20:00:00,1872.86,1881.86,1872.76,1881.63,14915,31,0
2021-05-24 00:00:00,1882.03,1884.4,1880.2,1881.02,7209,26,0
2021-05-24 04:00:00,1881.03,1887.11,1879.81,1884.61,18582,28,0
2021-05-24 08:00:00,1884.62,1886.31,1875.12,1877.59,19362,26,0
2021-05-24 12:00:00,1877.59,1886.31,1876.7,1879.98,19132,30,0
2021-05-24 16:00:00,1880.04,1885.62,1877.86,1883.9,30865,25,0
2021-05-24 20:00:00,1883.94,1884.72,1881.26,1881.34,9176,29,0
2021-05-25 00:00:00,1880.54,1881.47,1876.29,1878.72,5290,29,0
2021-05-25 04:00:00,1878.72,1880.08,1872.63,1879.62,18034,26,0
2021-05-25 08:00:00,1879.65,1887.33,1873.21,1882.69,22903,27,0
2021-05-25 12:00:00,1882.68,1884.86,1879.81,1883.47,17506,26,0
2021-05-25 16:00:00,1883.43,1896.01,1879.77,1895.41,40309,25,0
2021-05-25 20:00:00,1895.42,1900.32,1895.17,1899.23,14776,26,0
2021-05-26 00:00:00,1898.75,1900.25,1896.94,1897.85,6011,32,0
2021-05-26 04:00:00,1897.86,1907.78,1897.86,1906.49,20502,28,0
2021-05-26 08:00:00,1906.49,1910.25,1900.46,1906.51,19958,25,0
2021-05-26 12:00:00,1906.51,1912.74,1903.64,1907.88,19953,25,0
2021-05-26 16:00:00,1907.88,1908.19,1899.1,1902.31,37201,26,0
2021-05-26 20:00:00,1902.32,1903.06,1890.7,1896.6,18181,26,0
2021-05-27 00:00:00,1895.42,1897.72,1893.72,1894.55,5100,28,0
2021-05-27 04:00:00,1894.66,1899.61,1892.2,1899.35,16488,31,0
2021-05-27 08:00:00,1899.36,1903.68,1894.07,1896.43,19136,26,0
2021-05-27 12:00:00,1896.46,1898.75,1889.5,1897.48,23545,26,0
2021-05-27 16:00:00,1897.5,1898.81,1888.16,1891.61,39754,25,0
2021-05-27 20:00:00,1891.63,1898.95,1891.48,1896.46,13792,26,0
2021-05-28 00:00:00,1896.82,1898.59,1896.0,1896.8,5003,26,0
2021-05-28 04:00:00,1896.83,1898.2,1892.51,1892.97,15041,30,0
2021-05-28 08:00:00,1892.97,1894.73,1887.88,1893.52,20047,27,0
2021-05-28 12:00:00,1893.5,1896.34,1882.27,1893.09,23571,26,0
2021-05-28 16:00:00,1893.09,1900.66,1890.17,1899.9,37313,26,0
2021-05-28 20:00:00,1899.94,1906.01,1899.91,1903.02,17693,27,0
2021-05-31 00:00:00,1902.54,1905.74,1902.36,1904.85,5014,26,0
2021-05-31 04:00:00,1904.85,1910.67,1904.64,1906.82,16866,29,0
2021-05-31 08:00:00,1906.82,1908.12,1903.45,1906.4,15802,25,0
2021-05-31 12:00:00,1906.4,1907.05,1902.09,1905.27,11080,26,0
2021-05-31 16:00:00,1905.26,1906.99,1903.67,1905.83,13674,31,0
2021-06-01 00:00:00,1907.44,1908.65,1906.19,1908.1,5329,32,0
2021-06-01 04:00:00,1908.1,1914.41,1906.15,1910.69,18874,29,0
2021-06-01 08:00:00,1910.7,1916.61,1905.21,1911.57,21336,26,0
2021-06-01 12:00:00,1911.53,1912.0,1904.41,1910.19,19693,26,0
2021-06-01 16:00:00,1910.39,1912.02,1892.33,1903.32,40690,25,0
2021-06-01 20:00:00,1903.33,1903.69,1898.84,1899.79,12515,26,0
2021-06-02 00:00:00,1899.99,1900.17,1897.63,1898.86,4684,26,0
2021-06-02 04:00:00,1898.84,1902.21,1895.92,1896.25,19781,30,0
2021-06-02 08:00:00,1896.27,1900.67,1895.08,1896.3,20820,25,0
2021-06-02 12:00:00,1896.3,1906.97,1894.27,1904.6,20837,26,0
2021-06-02 16:00:00,1904.59,1908.84,1900.55,1906.49,30682,26,0
2021-06-02 20:00:00,1906.48,1909.07,1905.54,1908.71,11869,28,0
2021-06-03 00:00:00,1907.54,1909.57,1907.28,1908.34,3274,30,0
2021-06-03 04:00:00,1908.35,1909.74,1903.53,1903.73,12883,25,0
2021-06-03 08:00:00,1903.73,1904.05,1890.53,1894.15,20466,20,0
2021-06-03 12:00:00,1894.19,1898.04,1881.99,1882.09,28161,20,0
2021-06-03 16:00:00,1882.09,1883.61,1865.06,1870.86,44475,19,0
2021-06-03 20:00:00,1870.86,1874.04,1870.17,1870.58,12641,24,0
2021-06-04 00:00:00,1871.05,1871.98,1868.64,1869.31,6197,27,0
2021-06-04 04:00:00,1869.34,1871.89,1855.45,1868.32,19559,19,0
2021-06-04 08:00:00,1868.31,1875.09,1865.62,1869.54,20607,19,0
2021-06-04 12:00:00,1869.53,1885.93,1868.64,1884.5,25364,19,0
2021-06-04 16:00:00,1884.47,1896.18,1884.47,1889.33,36148,20,0
2021-06-04 20:00:00,1889.34,1892.21,1888.28,1891.35,9702,22,0
2021-06-07 00:00:00,1891.03,1891.71,1888.64,1890.77,5001,21,0
2021-06-07 04:00:00,1890.75,1891.84,1885.02,1885.92,14239,23,0
2021-06-07 08:00:00,1885.89,1887.18,1881.46,1884.61,19075,20,0
2021-06-07 12:00:00,1884.66,1888.3,1882.79,1887.18,16379,19,0
2021-06-07 16:00:00,1887.15,1895.64,1885.98,1895.09,30494,20,0
2021-06-07 20:00:00,1895.09,1900.15,1894.75,1898.79,10865,20,0
2021-06-08 00:00:00,1898.63,1901.47,1898.34,1901.47,4068,27,0
2021-06-08 04:00:00,1901.46,1903.35,1895.23,1897.15,14380,19,0
2021-06-08 08:00:00,1897.11,1898.49,1889.72,1892.62,19402,21,0
2021-06-08 12:00:00,1892.42,1903.79,1889.74,1893.02,22664,21,0
2021-06-08 16:00:00,1892.94,1896.31,1883.75,1892.31,34094,19,0
2021-06-08 20:00:00,1892.33,1894.03,1891.56,1893.08,9678,19,0
2021-06-09 00:00:00,1891.92,1895.1,1891.02,1895.1,4432,21,0
2021-06-09 04:00:00,1895.08,1896.32,1891.39,1893.88,12919,23,0
2021-06-09 08:00:00,1893.93,1895.52,1888.27,1889.27,17326,19,0
2021-06-09 12:00:00,1889.38,1895.96,1887.23,1893.72,18459,20,0
2021-06-09 16:00:00,1893.68,1899.03,1888.03,1891.19,31254,19,0
2021-06-09 20:00:00,1891.18,1893.25,1888.57,1888.87,10724,22,0
2021-06-10 00:00:00,1888.02,1889.31,1884.99,1885.91,3656,23,0
2021-06-10 04:00:00,1885.91,1888.8,1884.15,1885.32,14268,19,0
2021-06-10 08:00:00,1885.31,1888.01,1876.44,1882.14,20201,21,0
2021-06-10 12:00:00,1882.12,1891.62,1869.68,1890.98,27340,19,0
2021-06-10 16:00:00,1890.99,1894.79,1884.83,1893.84,42654,20,0
2021-06-10 20:00:00,1893.85,1899.98,1892.76,1899.7,15183,24,0
2021-06-11 00:00:00,1898.14,1899.63,1897.19,1899.53,4568,22,0
2021-06-11 04:00:00,1899.56,1900.93,1897.47,1900.13,14566,20,0
2021-06-11 08:00:00,1900.09,1902.98,1893.66,1895.15,19498,20,0
2021-06-11 12:00:00,1895.14,1896.13,1883.45,1884.16,24734,20,0
2021-06-11 16:00:00,1884.18,1886.64,1875.04,1878.99,33210,19,0
2021-06-11 20:00:00,1878.97,1879.07,1874.33,1875.87,9883,28,0
2021-06-14 00:00:00,1876.61,1877.46,1870.43,1870.78,7323,19,0
2021-06-14 04:00:00,1870.78,1871.62,1860.21,1865.47,14261,21,0
2021-06-14 08:00:00,1865.46,1866.08,1854.83,1857.92,18645,19,0
2021-06-14 12:00:00,1857.91,1861.41,1844.35,1848.22,24031,20,0
2021-06-14 16:00:00,1848.22,1869.74,1847.02,1864.05,33408,20,0
2021-06-14 20:00:00,1864.11,1866.38,1862.99,1866.33,7941,20,0
2021-06-15 00:00:00,1866.14,1867.57,1865.26,1866.23,3157,23,0
2021-06-15 04:00:00,1866.22,1867.71,1858.58,1864.28,13904,20,0
2021-06-15 08:00:00,1864.35,1869.11,1862.03,1863.98,10645,22,0
2021-06-15 12:00:00,1863.99,1867.58,1861.03,1865.53,15318,23,0
2021-06-15 16:00:00,1865.5,1867.95,1851.49,1852.18,24265,19,0
2021-06-15 20:00:00,1852.15,1859.25,1851.98,1858.75,7644,23,0
2021-06-16 00:00:00,1858.8,1860.64,1854.46,1854.46,4609,20,0
2021-06-16 04:00:00,1854.46,1860.34,1853.17,1859.82,10995,21,0
2021-06-16 08:00:00,1859.87,1861.43,1856.85,1859.84,13750,20,0
2021-06-16 12:00:00,1859.86,1860.51,1852.72,1857.62,15560,19,0
2021-06-16 16:00:00,1857.66,1861.5,1854.77,1859.21,24294,19,0
2021-06-16 20:00:00,1859.2,1863.2,1803.37,1810.05,43061,19,0
2021-06-17 00:00:00,1811.63,1819.7,1809.58,1817.55,12824,21,0
2021-06-17 04:00:00,1817.58,1825.14,1815.8,1821.29,17982,21,0
2021-06-17 08:00:00,1821.29,1821.29,1802.6,1804.5,29532,20,0
2021-06-17 12:00:00,1804.51,1808.31,1775.69,1785.13,38954,20,0
2021-06-17 16:00:00,1785.17,1790.36,1766.96,1770.52,55158,11,0
2021-06-17 20:00:00,1770.52,1781.88,1769.48,1772.53,22557,14,0
2021-06-18 00:00:00,1772.36,1779.49,1772.06,1778.98,7012,11,0
2021-06-18 04:00:00,1778.97,1787.06,1777.12,1784.42,16818,11,0
2021-06-18 08:00:00,1784.5,1794.48,1781.99,1791.01,25035,14,0
2021-06-18 12:00:00,1790.99,1797.18,1775.18,1777.11,25621,14,0
2021-06-18 16:00:00,1777.24,1780.6,1768.98,1771.79,44890,14,0
2021-06-18 20:00:00,1771.79,1774.6,1760.83,1764.38,21681,24,0
2021-06-21 00:00:00,1766.99,1773.08,1766.29,1772.98,8010,16,0
2021-06-21 04:00:00,1772.98,1776.71,1770.55,1773.04,20633,12,0
2021-06-21 08:00:00,1773.03,1785.51,1766.33,1784.81,30017,10,0
2021-06-21 12:00:00,1784.81,1785.74,1773.79,1774.81,23774,12,0
2021-06-21 16:00:00,1774.82,1786.43,1773.36,1783.1,35349,13,0
2021-06-21 20:00:00,1783.07,1785.1,1781.95,1783.11,12557,15,0
2021-06-22 00:00:00,1782.36,1787.51,1782.36,1785.75,5771,11,0
2021-06-22 04:00:00,1785.4,1790.0,1782.73,1787.93,12406,11,0
2021-06-22 08:00:00,1787.93,1788.0,1776.31,1778.4,20478,10,0
2021-06-22 12:00:00,1778.34,1787.5,1772.08,1774.51,21488,11,0
2021-06-22 16:00:00,1774.55,1781.28,1772.9,1778.1,31556,10,0
2021-06-22 20:00:00,1778.09,1783.03,1775.05,1778.5,12555,13,0
2021-06-23 00:00:00,1778.36,1779.51,1777.15,1778.64,4189,16,0
2021-06-23 04:00:00,1778.62,1783.84,1777.66,1781.84,14050,13,0
2021-06-23 08:00:00,1781.91,1784.5,1777.39,1782.67,17744,10,0
2021-06-23 12:00:00,1782.67,1786.87,1779.96,1782.32,18860,11,0
2021-06-23 16:00:00,1782.36,1794.87,1781.24,1783.11,33104,12,0
2021-06-23 20:00:00,1783.1,1783.8,1773.09,1778.25,13063,13,0
2021-06-24 00:00:00,1778.03,1779.97,1774.13,1778.68,5074,10,0
2021-06-24 04:00:00,1778.79,1779.91,1772.74,1774.97,10679,12,0
2021-06-24 08:00:00,1775.0,1782.26,1773.75,1779.65,17082,12,0
2021-06-24 12:00:00,1779.65,1787.94,1779.34,1783.23,20307,13,0
2021-06-24 16:00:00,1783.26,1786.68,1775.69,1776.53,28629,12,0
2021-06-24 20:00:00,1776.54,1777.73,1773.38,1774.86,11537,16,0
2021-06-25 00:00:00,1775.06,1777.03,1773.62,1773.99,3896,11,0
2021-06-25 04:00:00,1773.98,1779.52,1773.56,1776.15,9157,13,0
2021-06-25 08:00:00,1776.11,1783.59,1775.52,1782.59,15590,10,0
2021-06-25 12:00:00,1782.5,1790.28,1781.2,1785.29,18246,13,0
2021-06-25 16:00:00,1785.42,1789.58,1776.18,1776.96,29091,11,0
2021-06-25 20:00:00,1776.97,1780.94,1776.53,1780.86,10055,17,0
2021-06-28 00:00:00,1781.07,1782.74,1779.85,1780.5,4795,17,0
2021-06-28 04:00:00,1780.34,1781.57,1770.55,1780.7,18284,11,0
2021-06-28 08:00:00,1780.71,1785.65,1774.02,1779.1,17467,12,0
2021-06-28 12:00:00,1779.11,1779.38,1773.16,1777.52,16070,12,0
2021-06-28 16:00:00,1777.28,1782.91,1776.88,1779.45,27413,11,0
2021-06-28 20:00:00,1779.43,1780.44,1777.58,1778.94,8471,11,0
2021-06-29 00:00:00,1777.76,1778.6,1775.36,1775.73,4320,12,0
2021-06-29 04:00:00,1775.73,1777.58,1773.72,1774.45,11167,12,0
2021-06-29 08:00:00,1774.44,1778.87,1767.45,1769.31,18363,11,0
2021-06-29 12:00:00,1769.31,1775.86,1750.49,1754.45,25735,10,0
2021-06-29 16:00:00,1754.18,1765.73,1751.21,1762.95,33232,10,0
2021-06-29 20:00:00,1762.94,1765.35,1760.05,1760.96,11776,11,0
2021-06-30 00:00:00,1761.06,1762.85,1760.76,1762.46,3721,13,0
2021-06-30 04:00:00,1762.46,1764.58,1757.42,1758.86,13376,11,0
2021-06-30 08:00:00,1758.86,1760.88,1753.18,1756.41,17685,13,0
2021-06-30 12:00:00,1756.41,1761.81,1754.95,1757.06,20707,11,0
2021-06-30 16:00:00,1757.05,1774.28,1754.73,1772.13,36484,11,0
2021-06-30 20:00:00,1772.15,1772.8,1768.03,1769.55,15445,13,0
2021-07-01 00:00:00,1769.36,1770.07,1765.95,1766.04,4045,15,0
2021-07-01 04:00:00,1766.11,1776.57,1765.5,1774.38,13246,12,0
2021-07-01 08:00:00,1774.38,1778.88,1772.96,1774.42,16688,10,0
2021-07-01 12:00:00,1774.4,1779.71,1772.23,1777.74,19445,11,0
2021-07-01 16:00:00,1777.77,1782.8,1768.04,1771.63,32641,10,0
2021-07-01 20:00:00,1771.61,1776.98,1771.6,1776.41,12428,12,0
2021-07-02 00:00:00,1776.36,1778.27,1774.86,1777.15,3897,11,0
2021-07-02 04:00:00,1777.15,1779.71,1776.3,1777.89,9963,11,0
2021-07-02 08:00:00,1777.89,1784.18,1774.2,1781.93,15588,10,0
2021-07-02 12:00:00,1781.89,1793.89,1776.01,1789.42,25553,10,0
2021-07-02 16:00:00,1789.42,1795.05,1778.02,1781.93,35243,10,0
2021-07-02 20:00:00,1781.96,1791.78,1781.7,1787.07,10874,18,0
2021-07-05 00:00:00,1786.96,1787.64,1784.42,1785.93,3963,11,0
2021-07-05 04:00:00,1785.94,1789.88,1784.96,1787.33,11095,11,0
2021-07-05 08:00:00,1787.36,1794.52,1784.6,1792.7,13328,12,0
2021-07-05 12:00:00,1792.7,1793.47,1789.11,1791.88,10983,10,0
2021-07-05 16:00:00,1791.85,1793.24,1789.81,1791.75,9548,10,0
2021-07-06 00:00:00,1792.21,1792.78,1790.78,1791.85,4359,27,0
2021-07-06 04:00:00,1791.89,1800.74,1790.91,1800.74,16064,12,0
2021-07-06 08:00:00,1800.75,1809.15,1800.06,1805.84,19549,11,0
2021-07-06 12:00:00,1805.82,1815.06,1805.54,1809.27,18245,11,0
2021-07-06 16:00:00,1809.15,1812.59,1790.0,1794.14,43027,10,0
2021-07-06 20:00:00,1794.13,1797.62,1792.91,1796.98,9765,14,0
2021-07-07 00:00:00,1796.08,1796.77,1793.82,1795.18,6148,11,0
2021-07-07 04:00:00,1795.18,1802.81,1794.38,1797.84,13545,13,0
2021-07-07 08:00:00,1797.85,1807.62,1797.3,1804.41,16101,10,0
2021-07-07 12:00:00,1804.4,1809.78,1803.29,1804.55,16976,11,0
2021-07-07 16:00:00,1804.48,1807.64,1797.01,1801.71,34992,11,0
2021-07-07 20:00:00,1801.68,1808.18,1800.52,1803.59,15202,15,0
2021-07-08 00:00:00,1802.71,1805.51,1802.62,1804.33,3789,17,0
2021-07-08 04:00:00,1804.33,1804.92,1796.16,1797.78,13577,11,0
2021-07-08 08:00:00,1797.78,1815.16,1796.27,1813.41,27522,10,0
2021-07-08 12:00:00,1813.41,1818.36,1806.46,1813.6,27880,12,0
2021-07-08 16:00:00,1813.56,1817.01,1793.97,1797.41,32338,11,0
2021-07-08 20:00:00,1797.43,1803.6,1796.47,1802.3,11989,17,0
2021-07-09 00:00:00,1802.31,1804.41,1800.59,1800.69,5020,24,0
2021-07-09 04:00:00,1800.67,1807.73,1799.19,1801.14,15413,13,0
2021-07-09 08:00:00,1801.13,1805.97,1796.49,1802.52,20181,13,0
2021-07-09 12:00:00,1802.45,1805.6,1798.14,1802.37,19552,11,0
2021-07-09 16:00:00,1802.36,1811.56,1801.05,1810.36,24351,11,0
2021-07-09 20:00:00,1810.36,1812.35,1807.14,1807.77,8988,17,0
2021-07-12 00:00:00,1806.93,1809.37,1805.4,1808.87,4466,15,0
2021-07-12 04:00:00,1808.89,1810.85,1801.89,1802.85,12947,10,0
2021-07-12 08:00:00,1802.85,1806.16,1798.95,1803.08,14369,11,0
2021-07-12 12:00:00,1803.08,1804.98,1798.15,1802.71,14744,11,0
2021-07-12 16:00:00,1802.71,1807.52,1791.46,1805.65,26793,10,0
2021-07-12 20:00:00,1805.69,1807.5,1803.92,1806.21,9701,11,0
2021-07-13 00:00:00,1805.42,1808.53,1805.42,1807.19,3059,24,0
2021-07-13 04:00:00,1807.21,1812.79,1806.83,1809.71,9090,10,0
2021-07-13 08:00:00,1809.69,1812.38,1805.67,1808.95,13919,11,0
2021-07-13 12:00:00,1808.77,1817.26,1798.53,1800.2,21932,10,0
2021-07-13 16:00:00,1800.19,1815.25,1798.85,1811.53,35258,11,0
2021-07-13 20:00:00,1811.51,1811.62,1805.17,1807.14,16224,11,0
2021-07-14 00:00:00,1807.42,1808.17,1804.45,1807.27,3765,13,0
2021-07-14 04:00:00,1807.27,1813.81,1806.75,1811.77,13421,14,0
2021-07-14 08:00:00,1811.71,1815.41,1809.81,1814.07,13322,12,0
2021-07-14 12:00:00,1814.07,1829.78,1812.75,1828.64,24354,10,0
2021-07-14 16:00:00,1828.69,1829.86,1819.44,1821.85,32512,11,0
2021-07-14 20:00:00,1821.83,1828.3,1821.77,1828.01,11145,18,0
2021-07-15 00:00:00,1827.15,1828.64,1824.82,1825.09,5762,11,0
2021-07-15 04:00:00,1825.03,1829.13,1823.64,1826.11,12072,15,0
2021-07-15 08:00:00,1826.1,1834.2,1825.8,1832.31,16791,11,0
2021-07-15 12:00:00,1832.19,1832.95,1822.51,1823.34,19444,13,0
2021-07-15 16:00:00,1823.33,1827.37,1820.21,1827.02,26875,11,0
2021-07-15 20:00:00,1827.02,1830.31,1826.11,1829.43,14089,11,0
2021-07-16 00:00:00,1829.15,1832.05,1829.08,1829.3,5192,21,0
2021-07-16 04:00:00,1829.3,1831.6,1825.69,1826.4,12404,13,0
2021-07-16 08:00:00,1826.4,1827.24,1820.91,1822.8,15054,12,0
2021-07-16 12:00:00,1822.8,1825.39,1815.32,1822.79,19090,10,0
2021-07-16 16:00:00,1822.78,1826.67,1809.52,1815.16,35817,11,0
2021-07-16 20:00:00,1815.21,1816.36,1808.89,1811.1,11984,11,0
2021-07-19 00:00:00,1810.66,1817.19,1810.14,1814.74,6997,11,0
2021-07-19 04:00:00,1814.75,1816.13,1811.0,1812.26,15048,16,0
2021-07-19 08:00:00,1812.25,1813.19,1802.38,1804.22,18680,11,0
2021-07-19 12:00:00,1804.22,1810.12,1794.96,1809.0,26408,10,0
2021-07-19 16:00:00,1809.01,1815.54,1804.74,1808.72,40359,12,0
2021-07-19 20:00:00,1808.71,1813.18,1806.76,1812.87,13670,11,0
2021-07-20 00:00:00,1812.27,1814.01,1810.6,1813.22,3641,24,0
2021-07-20 04:00:00,1813.22,1819.04,1813.03,1817.75,16526,13,0
2021-07-20 08:00:00,1817.77,1818.1,1811.59,1813.05,18126,11,0
2021-07-20 12:00:00,1813.05,1824.03,1812.5,1822.77,23505,11,0
2021-07-20 16:00:00,1822.74,1825.03,1804.97,1811.91,37868,10,0
2021-07-20 20:00:00,1811.91,1811.93,1808.11,1810.14,8626,10,0
2021-07-21 00:00:00,1810.17,1810.92,1807.97,1808.61,4414,18,0
2021-07-21 04:00:00,1808.73,1809.41,1804.99,1807.87,13727,16,0
2021-07-21 08:00:00,1807.87,1813.64,1803.16,1807.27,19778,11,0
2021-07-21 12:00:00,1807.27,1808.92,1794.51,1798.75,20360,11,0
2021-07-21 16:00:00,1798.51,1805.65,1796.79,1802.93,30688,11,0
2021-07-21 20:00:00,1802.93,1805.27,1801.76,1803.36,8982,11,0
2021-07-22 00:00:00,1803.06,1803.79,1801.47,1802.21,2949,12,0
2021-07-22 04:00:00,1802.24,1802.96,1797.09,1798.84,8607,10,0
2021-07-22 08:00:00,1798.8,1803.21,1792.56,1796.98,17107,11,0
2021-07-22 12:00:00,1797.02,1806.11,1793.95,1802.84,22971,11,0
2021-07-22 16:00:00,1802.89,1808.02,1795.96,1805.17,31946,11,0
2021-07-22 20:00:00,1805.15,1807.94,1804.29,1806.5,10246,18,0
2021-07-23 00:00:00,1806.82,1808.37,1806.69,1806.81,3262,14,0
2021-07-23 04:00:00,1806.81,1808.45,1802.17,1803.23,11259,11,0
2021-07-23 08:00:00,1803.3,1810.36,1801.15,1804.28,17717,11,0
2021-07-23 12:00:00,1804.28,1805.25,1789.18,1802.88,21240,11,0
2021-07-23 16:00:00,1803.11,1804.51,1794.85,1801.98,26574,12,0
2021-07-23 20:00:00,1801.94,1804.55,1800.7,1801.68,7216,18,0
2021-07-26 00:00:00,1802.02,1802.67,1798.32,1799.2,4475,16,0
2021-07-26 04:00:00,1799.26,1807.29,1798.48,1806.36,13716,16,0
2021-07-26 08:00:00,1806.37,1811.51,1804.49,1808.52,19821,13,0
2021-07-26 12:00:00,1808.57,1809.89,1801.05,1803.17,15488,11,0
2021-07-26 16:00:00,1803.15,1804.55,1796.52,1799.29,27070,11,0
2021-07-26 20:00:00,1799.29,1799.87,1796.27,1797.55,7390,20,0
2021-07-27 00:00:00,1797.44,1798.35,1796.4,1798.32,2502,18,0
2021-07-27 04:00:00,1798.32,1799.75,1794.5,1797.75,9338,21,0
2021-07-27 08:00:00,1797.71,1801.07,1793.48,1796.11,16642,10,0
2021-07-27 12:00:00,1796.11,1805.25,1794.92,1802.78,17424,13,0
2021-07-27 16:00:00,1802.78,1804.89,1794.43,1799.73,31042,11,0
2021-07-27 20:00:00,1799.74,1802.06,1798.42,1798.6,8640,12,0
2021-07-28 00:00:00,1797.8,1800.56,1797.8,1798.6,3880,10,0
2021-07-28 04:00:00,1798.6,1807.41,1797.96,1804.93,15026,11,0
2021-07-28 08:00:00,1804.92,1807.06,1799.21,1800.91,14666,13,0
2021-07-28 12:00:00,1800.92,1801.64,1795.15,1798.81,13816,13,0
2021-07-28 16:00:00,1798.79,1802.5,1794.4,1802.25,22146,10,0
2021-07-28 20:00:00,1802.34,1809.8,1792.22,1807.06,25763,10,0
2021-07-29 00:00:00,1806.51,1810.3,1806.51,1809.52,4738,11,0
2021-07-29 04:00:00,1809.52,1817.53,1809.52,1815.79,16480,10,0
2021-07-29 08:00:00,1815.78,1822.08,1815.22,1821.56,20120,10,0
2021-07-29 12:00:00,1821.58,1828.16,1819.5,1825.79,20426,11,0
2021-07-29 16:00:00,1825.78,1832.81,1823.4,1831.17,25262,11,0
2021-07-29 20:00:00,1831.21,1831.76,1827.84,1827.87,9808,11,0
2021-07-30 00:00:00,1828.18,1831.17,1827.06,1827.33,4643,16,0
2021-07-30 04:00:00,1827.33,1830.43,1826.66,1827.55,12364,10,0
2021-07-30 08:00:00,1827.58,1831.44,1825.9,1829.72,12317,14,0
2021-07-30 12:00:00,1829.72,1829.9,1821.83,1822.93,11553,11,0
2021-07-30 16:00:00,1823.01,1827.32,1814.11,1814.24,23937,12,0
2021-07-30 20:00:00,1814.18,1816.35,1810.0,1814.2,9108,12,0
2021-08-02 00:00:00,1813.72,1816.53,1811.96,1816.45,4982,14,0
2021-08-02 04:00:00,1816.52,1816.88,1808.42,1810.51,15676,10,0
2021-08-02 08:00:00,1810.52,1813.41,1806.3,1807.29,15282,10,0
2021-08-02 12:00:00,1807.28,1811.58,1805.57,1806.6,12573,15,0
2021-08-02 16:00:00,1806.58,1818.38,1806.02,1817.83,28539,13,0
2021-08-02 20:00:00,1817.98,1819.54,1812.55,1813.12,8645,16,0
2021-08-03 00:00:00,1812.98,1813.81,1810.93,1811.3,2919,12,0
2021-08-03 04:00:00,1811.33,1813.49,1809.36,1811.74,10368,12,0
2021-08-03 08:00:00,1811.68,1811.97,1808.08,1810.69,11104,12,0
2021-08-03 12:00:00,1810.67,1813.49,1806.95,1812.67,12077,12,0
2021-08-03 16:00:00,1812.78,1814.91,1808.58,1810.65,22038,13,0
2021-08-03 20:00:00,1810.65,1811.52,1809.73,1810.07,5716,12,0
2021-08-04 00:00:00,1810.16,1811.13,1809.2,1810.27,2687,33,0
2021-08-04 04:00:00,1810.3,1814.8,1808.78,1812.26,11519,12,0
2021-08-04 08:00:00,1812.2,1815.21,1810.93,1811.29,11038,14,0
2021-08-04 12:00:00,1811.29,1828.2,1810.65,1827.16,19521,13,0
2021-08-04 16:00:00,1827.21,1831.87,1806.3,1811.67,35408,11,0
2021-08-04 20:00:00,1811.67,1813.02,1810.34,1811.48,6985,17,0
2021-08-05 00:00:00,1811.66,1812.43,1809.47,1809.7,3011,15,0
2021-08-05 04:00:00,1809.67,1811.84,1808.92,1810.89,8600,21,0
2021-08-05 08:00:00,1810.9,1814.58,1808.29,1810.87,12232,14,0
2021-08-05 12:00:00,1810.9,1814.77,1808.39,1809.16,16892,15,0
2021-08-05 16:00:00,1809.16,1811.99,1797.4,1806.91,27609,15,0
2021-08-05 20:00:00,1806.94,1807.23,1803.2,1803.65,5482,16,0
2021-08-06 00:00:00,1804.25,1804.65,1801.37,1801.73,2274,25,0
2021-08-06 04:00:00,1801.7,1802.3,1798.89,1800.5,8536,23,0
2021-08-06 08:00:00,1800.5,1801.87,1796.85,1799.53,10508,19,0
2021-08-06 12:00:00,1799.54,1801.32,1775.28,1776.34,21470,17,0
2021-08-06 16:00:00,1776.28,1776.28,1758.53,1759.32,36694,15,0
2021-08-06 20:00:00,1759.41,1765.63,1759.41,1762.97,10518,16,0
2021-08-09 00:00:00,1762.32,1764.5,1686.76,1727.62,16706,15,0
2021-08-09 04:00:00,1727.62,1741.86,1727.62,1738.32,19315,15,0
2021-08-09 08:00:00,1738.3,1752.59,1737.51,1746.52,20577,19,0
2021-08-09 12:00:00,1746.49,1748.7,1737.81,1738.07,23187,19,0
2021-08-09 16:00:00,1738.05,1745.35,1723.69,1726.02,35535,15,0
2021-08-09 20:00:00,1726.02,1731.59,1724.5,1729.64,11797,25,0
2021-08-10 00:00:00,1728.37,1733.06,1728.33,1732.32,5122,18,0
2021-08-10 04:00:00,1732.31,1737.55,1730.89,1735.61,11214,16,0
2021-08-10 08:00:00,1735.62,1738.22,1728.65,1731.43,16275,16,0
2021-08-10 12:00:00,1731.45,1733.67,1726.07,1727.55,16803,17,0
2021-08-10 16:00:00,1727.55,1732.62,1717.62,1729.28,29620,19,0
2021-08-10 20:00:00,1729.28,1732.0,1728.05,1728.61,7037,27,0
2021-08-11 00:00:00,1728.86,1729.7,1724.97,1726.18,3344,19,0
2021-08-11 04:00:00,1725.98,1735.14,1724.02,1732.55,12284,18,0
2021-08-11 08:00:00,1732.61,1734.46,1728.88,1733.05,13130,16,0
2021-08-11 12:00:00,1733.05,1747.4,1732.34,1744.72,20750,15,0
2021-08-11 16:00:00,1744.8,1752.08,1738.6,1749.87,31039,15,0
2021-08-11 20:00:00,1749.86,1754.55,1748.78,1751.38,13157,17,0
2021-08-12 00:00:00,1749.02,1753.54,1749.02,1751.24,3390,17,0
2021-08-12 04:00:00,1751.35,1752.37,1748.75,1751.69,8994,18,0
2021-08-12 08:00:00,1751.69,1758.13,1750.46,1755.76,14127,16,0
2021-08-12 12:00:00,1755.76,1756.34,1743.7,1749.27,16595,15,0
2021-08-12 16:00:00,1749.1,1753.95,1741.44,1751.31,26033,15,0
2021-08-12 20:00:00,1751.28,1753.9,1749.56,1752.83,8522,19,0
2021-08-13 00:00:00,1751.99,1754.15,1751.92,1753.08,2979,25,0
2021-08-13 04:00:00,1753.09,1756.75,1751.64,1755.31,7405,18,0
2021-08-13 08:00:00,1755.31,1760.31,1754.57,1755.98,12730,16,0
2021-08-13 12:00:00,1756.01,1763.12,1755.88,1762.86,13119,20,0
2021-08-13 16:00:00,1763.01,1779.28,1762.19,1776.52,28960,16,0
2021-08-13 20:00:00,1776.5,1779.87,1775.81,1779.51,7854,27,0
2021-08-16 00:00:00,1779.42,1780.65,1777.96,1780.65,5375,15,0
2021-08-16 04:00:00,1780.6,1782.58,1775.51,1777.09,11028,16,0
2021-08-16 08:00:00,1777.08,1777.54,1771.78,1776.04,15299,15,0
2021-08-16 12:00:00,1776.02,1781.31,1770.8,1778.17,17702,18,0
2021-08-16 16:00:00,1778.13,1789.31,1777.49,1786.68,25511,18,0
2021-08-16 20:00:00,1786.67,1788.49,1785.7,1787.24,7373,22,0
2021-08-17 00:00:00,1784.14,1788.4,1784.14,1786.82,3740,21,0
2021-08-17 04:00:00,1786.82,1788.71,1784.39,1786.08,11160,28,0
2021-08-17 08:00:00,1786.07,1795.33,1785.98,1794.57,17252,16,0
2021-08-17 12:00:00,1794.59,1795.65,1787.96,1789.52,17617,16,0
2021-08-17 16:00:00,1789.46,1793.01,1780.39,1782.44,30461,15,0
2021-08-17 20:00:00,1782.42,1786.27,1782.17,1785.82,10690,16,0
2021-08-18 00:00:00,1785.46,1786.9,1784.99,1785.92,4644,21,0
2021-08-18 04:00:00,1785.87,1792.41,1785.45,1789.41,10792,16,0
2021-08-18 08:00:00,1789.35,1793.75,1786.01,1787.74,13133,18,0
2021-08-18 12:00:00,1787.73,1791.23,1782.83,1788.22,15225,19,0
2021-08-18 16:00:00,1788.24,1790.6,1777.24,1783.0,28155,18,0
2021-08-18 20:00:00,1783.01,1790.35,1780.38,1787.65,19021,22,0
2021-08-19 00:00:00,1787.5,1788.92,1784.05,1784.38,4746,23,0
2021-08-19 04:00:00,1784.41,1785.35,1774.32,1777.4,14815,15,0
2021-08-19 08:00:00,1777.43,1787.85,1775.59,1785.35,24698,15,0
2021-08-19 12:00:00,1785.37,1790.04,1783.72,1788.87,19880,14,0
2021-08-19 16:00:00,1788.88,1792.44,1777.12,1782.69,30972,13,0
2021-08-19 20:00:00,1782.7,1782.99,1776.33,1780.1,11623,20,0
2021-08-20 00:00:00,1780.01,1781.74,1778.73,1780.88,4468,22,0
2021-08-20 04:00:00,1780.87,1786.53,1780.83,1785.84,10495,17,0
2021-08-20 08:00:00,1785.84,1788.39,1780.47,1782.54,16120,16,0
2021-08-20 12:00:00,1782.54,1786.7,1779.76,1782.07,11770,16,0
2021-08-20 16:00:00,1782.04,1786.68,1778.28,1783.82,28815,18,0
2021-08-20 20:00:00,1783.83,1784.37,1780.24,1780.89,7030,19,0
2021-08-23 00:00:00,1781.24,1782.28,1777.03,1779.1,4885,16,0
2021-08-23 04:00:00,1779.11,1788.66,1776.36,1787.67,14475,13,0
2021-08-23 08:00:00,1787.62,1788.66,1784.3,1787.96,12842,14,0
2021-08-23 12:00:00,1787.92,1800.04,1786.83,1799.92,16061,13,0
2021-08-23 16:00:00,1799.91,1806.37,1795.45,1803.17,27954,15,0
2021-08-23 20:00:00,1803.14,1805.29,1802.57,1805.07,6479,18,0
2021-08-24 00:00:00,1804.95,1805.92,1801.96,1801.98,3626,16,0
2021-08-24 04:00:00,1801.98,1804.62,1800.73,1801.95,8461,15,0
2021-08-24 08:00:00,1801.95,1805.13,1800.68,1801.97,13276,18,0
2021-08-24 12:00:00,1801.97,1809.49,1801.41,1807.86,12827,15,0
2021-08-24 16:00:00,1807.81,1809.61,1801.45,1806.31,24997,14,0
2021-08-24 20:00:00,1806.26,1806.98,1802.7,1802.85,7023,22,0
2021-08-25 00:00:00,1802.59,1803.09,1793.92,1795.8,3854,14,0
2021-08-25 04:00:00,1795.8,1797.72,1791.69,1794.04,10999,14,0
2021-08-25 08:00:00,1794.04,1797.3,1791.67,1793.65,10879,15,0
2021-08-25 12:00:00,1793.62,1797.65,1790.24,1795.58,15543,15,0
2021-08-25 16:00:00,1795.53,1797.75,1782.34,1789.76,30148,14,0
2021-08-25 20:00:00,1789.77,1792.88,1788.23,1790.25,8634,15,0
2021-08-26 00:00:00,1790.37,1791.85,1789.92,1790.16,2349,19,0
2021-08-26 04:00:00,1790.07,1790.97,1786.63,1786.88,6585,15,0
2021-08-26 08:00:00,1786.88,1788.27,1783.18,1784.42,12933,16,0
2021-08-26 12:00:00,1784.42,1790.86,1780.75,1784.11,16482,15,0
2021-08-26 16:00:00,1783.91,1798.23,1779.95,1792.2,34345,14,0
2021-08-26 20:00:00,1792.24,1794.24,1790.15,1791.62,9084,26,0
2021-08-27 00:00:00,1792.03,1794.59,1792.03,1794.12,3322,30,0
2021-08-27 04:00:00,1794.11,1800.07,1793.64,1800.06,9508,15,0
2021-08-27 08:00:00,1800.07,1805.17,1794.89,1797.08,14811,13,0
2021-08-27 12:00:00,1797.09,1800.63,1792.4,1798.63,12898,14,0
2021-08-27 16:00:00,1798.54,1817.12,1783.97,1816.94,45502,13,0
2021-08-27 20:00:00,1816.95,1819.18,1815.31,1817.78,11286,14,0
2021-08-30 00:00:00,1817.95,1821.36,1816.93,1821.08,5061,14,0
2021-08-30 04:00:00,1821.09,1823.29,1813.35,1816.11,13743,13,0
2021-08-30 08:00:00,1816.11,1818.18,1812.61,1814.91,10875,16,0
2021-08-30 12:00:00,1814.91,1817.86,1814.22,1814.68,10250,21,0
2021-08-30 16:00:00,1814.69,1815.7,1809.05,1810.61,21560,23,0
2021-08-30 20:00:00,1810.62,1811.22,1807.6,1810.11,6809,14,0
2021-08-31 00:00:00,1809.62,1812.78,1809.52,1812.51,3286,16,0
2021-08-31 04:00:00,1812.58,1815.98,1811.59,1814.7,9117,20,0
2021-08-31 08:00:00,1814.66,1819.09,1813.85,1815.07,12435,15,0
2021-08-31 12:00:00,1815.12,1817.04,1808.91,1809.47,16527,13,0
2021-08-31 16:00:00,1809.47,1815.89,1801.59,1813.98,33415,14,0
2021-08-31 20:00:00,1814.01,1816.43,1813.59,1814.26,11199,17,0
2021-09-01 00:00:00,1813.66,1814.98,1812.0,1812.21,3249,16,0
2021-09-01 04:00:00,1812.2,1815.99,1810.19,1814.94,9622,15,0
2021-09-01 08:00:00,1814.99,1816.98,1809.17,1810.74,13282,14,0
2021-09-01 12:00:00,1810.74,1820.04,1810.52,1819.46,14810,13,0
2021-09-01 16:00:00,1819.52,1820.06,1808.6,1813.27,25371,14,0
2021-09-01 20:00:00,1813.27,1815.07,1811.93,1813.74,5617,18,0
2021-09-02 00:00:00,1813.26,1815.18,1812.77,1814.4,3054,15,0
2021-09-02 04:00:00,1814.4,1816.1,1810.62,1810.86,7155,14,0
2021-09-02 08:00:00,1810.76,1815.89,1810.76,1815.7,9241,14,0
2021-09-02 12:00:00,1815.7,1817.17,1809.34,1813.69,9644,13,0
2021-09-02 16:00:00,1813.82,1813.82,1804.69,1809.02,21472,13,0
2021-09-02 20:00:00,1809.01,1810.93,1807.81,1809.43,5196,16,0
2021-09-03 00:00:00,1808.86,1810.96,1808.81,1810.87,1812,27,0
2021-09-03 04:00:00,1810.86,1814.87,1810.51,1811.51,8312,15,0
2021-09-03 08:00:00,1811.55,1814.48,1810.57,1811.51,7561,15,0
2021-09-03 12:00:00,1811.51,1829.61,1811.29,1823.57,17554,13,0
2021-09-03 16:00:00,1823.57,1834.04,1819.15,1830.04,30828,15,0
2021-09-03 20:00:00,1830.05,1832.79,1827.29,1827.53,6584,16,0
2021-09-06 00:00:00,1827.92,1830.25,1825.51,1825.75,4589,15,0
2021-09-06 04:00:00,1825.74,1828.54,1825.12,1826.36,9785,15,0
2021-09-06 08:00:00,1826.41,1828.31,1823.87,1824.78,7349,14,0
2021-09-06 12:00:00,1824.85,1825.57,1822.31,1822.53,5975,17,0
2021-09-06 16:00:00,1822.35,1824.14,1821.28,1823.08,6261,14,0
2021-09-07 00:00:00,1822.92,1826.25,1821.9,1826.04,3142,19,0
2021-09-07 04:00:00,1826.07,1827.27,1821.11,1821.4,8104,15,0
2021-09-07 08:00:00,1821.42,1821.68,1812.99,1814.62,13405,14,0
2021-09-07 12:00:00,1814.63,1814.73,1808.21,1808.54,15188,18,0
2021-09-07 16:00:00,1808.53,1814.95,1792.1,1795.78,29368,13,0
2021-09-07 20:00:00,1795.81,1798.1,1792.95,1793.72,7845,22,0
2021-09-08 00:00:00,1793.73,1798.6,1793.73,1798.28,2561,16,0
2021-09-08 04:00:00,1798.28,1800.89,1795.97,1798.15,9249,18,0
2021-09-08 08:00:00,1798.04,1801.11,1794.05,1798.95,12399,13,0
2021-09-08 12:00:00,1798.95,1802.09,1796.28,1796.58,11480,13,0
2021-09-08 16:00:00,1796.62,1797.73,1782.23,1790.82,29815,13,0
2021-09-08 20:00:00,1790.8,1793.36,1788.26,1789.24,7855,24,0
2021-09-09 00:00:00,1789.04,1790.71,1787.99,1789.55,3964,19,0
2021-09-09 04:00:00,1789.56,1790.35,1786.74,1787.94,8119,17,0
2021-09-09 08:00:00,1787.94,1795.31,1786.51,1794.74,12264,15,0
2021-09-09 12:00:00,1794.74,1800.97,1791.09,1791.8,14725,14,0
2021-09-09 16:00:00,1791.98,1799.14,1783.73,1793.56,26198,14,0
2021-09-09 20:00:00,1793.62,1799.08,1790.8,1794.32,12116,19,0
2021-09-10 00:00:00,1792.96,1796.19,1792.44,1795.78,4445,14,0
2021-09-10 04:00:00,1795.82,1799.91,1792.6,1796.24,10369,17,0
2021-09-10 08:00:00,1796.24,1803.78,1796.11,1801.63,10970,14,0
2021-09-10 12:00:00,1801.63,1802.24,1792.41,1793.22,12440,16,0
2021-09-10 16:00:00,1793.37,1796.77,1789.49,1791.51,21181,17,0
2021-09-10 20:00:00,1791.55,1792.91,1787.06,1787.48,6447,25,0
2021-09-13 00:00:00,1787.65,1789.27,1785.84,1786.95,4109,19,0
2021-09-13 04:00:00,1786.95,1792.47,1783.52,1790.85,8986,18,0
2021-09-13 08:00:00,1790.85,1793.48,1786.94,1790.76,10959,15,0
2021-09-13 12:00:00,1790.76,1791.56,1785.5,1785.79,9797,13,0
2021-09-13 16:00:00,1785.79,1798.37,1784.96,1793.7,23559,14,0
2021-09-13 20:00:00,1793.68,1793.87,1790.97,1793.32,6666,14,0
2021-09-14 00:00:00,1792.97,1793.5,1790.96,1791.14,2751,15,0
2021-09-14 04:00:00,1791.13,1792.73,1789.56,1790.72,7918,16,0
2021-09-14 08:00:00,1790.72,1794.81,1787.97,1788.75,10769,15,0
2021-09-14 12:00:00,1788.75,1798.91,1779.48,1797.09,16774,14,0
2021-09-14 16:00:00,1797.11,1808.75,1790.74,1803.63,31723,16,0
2021-09-14 20:00:00,1803.63,1806.61,1803.06,1804.73,9477,18,0
2021-09-15 00:00:00,1804.14,1804.62,1802.54,1802.88,2646,17,0
2021-09-15 04:00:00,1802.81,1804.65,1801.39,1803.32,7821,16,0
2021-09-15 08:00:00,1803.28,1804.33,1798.8,1800.38,12659,19,0
2021-09-15 12:00:00,1800.38,1806.89,1795.02,1796.51,12721,15,0
2021-09-15 16:00:00,1796.51,1800.0,1791.16,1793.0,25497,17,0
2021-09-15 20:00:00,1793.0,1794.27,1790.5,1793.53,6653,21,0
2021-09-16 00:00:00,1793.63,1795.7,1793.1,1794.87,4634,26,0
2021-09-16 04:00:00,1794.92,1796.05,1789.48,1790.86,9811,16,0
2021-09-16 08:00:00,1790.94,1792.09,1782.67,1784.54,14049,16,0
2021-09-16 12:00:00,1784.47,1784.54,1760.25,1762.37,23850,15,0
2021-09-16 16:00:00,1762.33,1762.74,1745.08,1754.65,30046,14,0
2021-09-16 20:00:00,1754.66,1757.05,1751.34,1752.43,8475,14,0
2021-09-17 00:00:00,1753.6,1756.3,1752.37,1756.19,3644,27,0
2021-09-17 04:00:00,1756.24,1760.32,1754.56,1760.26,10499,14,0
2021-09-17 08:00:00,1760.3,1766.01,1759.67,1765.79,13172,15,0
2021-09-17 12:00:00,1765.79,1767.33,1752.56,1752.95,13863,14,0
2021-09-17 16:00:00,1752.86,1756.81,1747.16,1751.34,31937,13,0
2021-09-17 20:00:00,1751.33,1754.09,1749.94,1753.8,8582,15,0
2021-09-20 00:00:00,1753.82,1755.03,1750.99,1752.31,5029,14,0
2021-09-20 04:00:00,1752.34,1752.76,1741.89,1748.37,9715,14,0
2021-09-20 08:00:00,1748.37,1757.41,1747.55,1757.39,11106,15,0
2021-09-20 12:00:00,1757.4,1761.14,1754.04,1759.99,13290,17,0
2021-09-20 16:00:00,1759.95,1766.98,1754.34,1761.38,29091,13,0
2021-09-20 20:00:00,1761.41,1765.46,1760.67,1764.73,10185,14,0
2021-09-21 00:00:00,1764.22,1765.52,1762.37,1763.24,4309,26,0
2021-09-21 04:00:00,1763.21,1766.01,1760.65,1761.07,6882,16,0
2021-09-21 08:00:00,1760.98,1765.46,1757.76,1764.31,10385,14,0
2021-09-21 12:00:00,1764.2,1774.98,1763.74,1771.82,16967,14,0
2021-09-21 16:00:00,1771.82,1781.78,1769.53,1776.63,24992,13,0
2021-09-21 20:00:00,1776.64,1778.23,1773.82,1773.83,11579,20,0
2021-09-22 00:00:00,1773.34,1775.41,1772.24,1772.62,3564,15,0
2021-09-22 04:00:00,1772.6,1779.16,1772.14,1775.8,13705,15,0
2021-09-22 08:00:00,1775.81,1780.3,1773.71,1775.64,10999,15,0
2021-09-22 12:00:00,1775.64,1776.81,1771.39,1772.72,9558,15,0
2021-09-22 16:00:00,1772.77,1779.31,1772.48,1778.06,24603,13,0
2021-09-22 20:00:00,1778.04,1787.17,1764.52,1767.91,33598,15,0
2021-09-23 00:00:00,1768.13,1769.18,1764.19,1765.59,4990,26,0
2021-09-23 04:00:00,1765.59,1765.6,1760.63,1764.29,10231,25,0
2021-09-23 08:00:00,1764.27,1769.61,1760.03,1768.73,15775,17,0
2021-09-23 12:00:00,1768.9,1776.54,1762.71,1763.59,20876,13,0
2021-09-23 16:00:00,1763.61,1764.3,1745.69,1749.72,34295,13,0
2021-09-23 20:00:00,1749.72,1753.07,1737.43,1742.25,8875,13,0
2021-09-24 00:00:00,1743.06,1748.68,1742.92,1748.24,4694,26,0
2021-09-24 04:00:00,1748.27,1752.69,1746.43,1751.19,9686,16,0
2021-09-24 08:00:00,1751.19,1756.73,1750.11,1755.21,13816,14,0
2021-09-24 12:00:00,1755.22,1757.46,1744.52,1745.29,13345,14,0
2021-09-24 16:00:00,1745.25,1753.86,1740.26,1750.88,26388,16,0
2021-09-24 20:00:00,1750.88,1751.6,1745.82,1749.99,6709,14,0
2021-09-27 00:00:00,1749.99,1754.41,1747.84,1753.88,4866,17,0
2021-09-27 04:00:00,1753.9,1760.71,1753.06,1758.82,10313,15,0
2021-09-27 08:00:00,1758.82,1760.63,1749.95,1750.67,11123,16,0
2021-09-27 12:00:00,1750.67,1755.02,1744.7,1753.71,14514,17,0
2021-09-27 16:00:00,1753.71,1757.71,1748.55,1752.05,20943,16,0
2021-09-27 20:00:00,1752.06,1752.62,1749.69,1750.05,5474,24,0
2021-09-28 00:00:00,1749.64,1751.59,1749.25,1749.42,3195,17,0
2021-09-28 04:00:00,1749.41,1754.32,1747.03,1751.09,11272,18,0
2021-09-28 08:00:00,1751.08,1751.75,1735.63,1742.77,15903,14,0
2021-09-28 12:00:00,1742.82,1743.72,1727.83,1730.23,24052,16,0
2021-09-28 16:00:00,1730.16,1741.09,1728.86,1737.74,40389,13,0
2021-09-28 20:00:00,1737.74,1738.14,1732.66,1733.48,11934,24,0
2021-09-29 00:00:00,1733.74,1735.71,1733.16,1733.92,4239,20,0
2021-09-29 04:00:00,1733.9,1741.28,1733.76,1738.02,11706,18,0
2021-09-29 08:00:00,1738.02,1742.96,1736.51,1742.95,16040,17,0
2021-09-29 12:00:00,1742.96,1745.42,1736.82,1738.29,10796,15,0
2021-09-29 16:00:00,1738.29,1740.34,1724.4,1724.45,30121,13,0
2021-09-29 20:00:00,1724.49,1726.59,1721.52,1726.42,11817,20,0
2021-09-30 00:00:00,1726.18,1730.43,1725.17,1729.93,3689,27,0
2021-09-30 04:00:00,1730.15,1734.78,1728.68,1732.56,10199,23,0
2021-09-30 08:00:00,1732.56,1733.93,1726.12,1732.52,13485,18,0
2021-09-30 12:00:00,1732.62,1737.8,1722.08,1737.09,12761,14,0
2021-09-30 16:00:00,1737.08,1764.07,1734.89,1758.12,33613,13,0
2021-09-30 20:00:00,1758.12,1758.69,1754.38,1757.14,15409,24,0
2021-10-01 00:00:00,1756.14,1756.64,1751.08,1751.33,4713,23,0
2021-10-01 04:00:00,1751.38,1756.78,1750.5,1753.46,11072,26,0
2021-10-01 08:00:00,1753.47,1757.18,1750.79,1752.81,15788,15,0
2021-10-01 12:00:00,1752.81,1759.76,1749.54,1756.43,21954,13,0
2021-10-01 16:00:00,1756.44,1764.18,1752.54,1759.19,32216,14,0
2021-10-01 20:00:00,1759.19,1760.29,1757.13,1760.05,9426,13,0
2021-10-04 00:00:00,1761.66,1765.54,1759.94,1763.97,6164,17,0
2021-10-04 04:00:00,1763.87,1765.2,1757.63,1760.48,8295,14,0
2021-10-04 08:00:00,1760.47,1762.57,1748.69,1751.32,10964,17,0
2021-10-04 12:00:00,1751.37,1758.21,1747.62,1754.97,10009,14,0
2021-10-04 16:00:00,1754.97,1770.46,1748.21,1768.86,33731,14,0
2021-10-04 20:00:00,1768.79,1769.28,1763.45,1769.26,12547,14,0
2021-10-05 00:00:00,1769.54,1769.93,1765.49,1765.71,4820,23,0
2021-10-05 04:00:00,1765.72,1766.56,1757.53,1759.04,8804,15,0
2021-10-05 08:00:00,1759.01,1760.87,1755.29,1755.65,11913,14,0
2021-10-05 12:00:00,1755.64,1761.26,1753.4,1756.45,9652,15,0
2021-10-05 16:00:00,1756.45,1761.14,1748.48,1759.75,26935,14,0
2021-10-05 20:00:00,1759.75,1762.9,1758.94,1759.76,9306,19,0
2021-10-06 00:00:00,1759.28,1760.1,1757.05,1757.45,3271,27,0
2021-10-06 04:00:00,1757.48,1758.38,1751.32,1752.43,10134,19,0
2021-10-06 08:00:00,1752.36,1754.73,1745.82,1746.83,16456,13,0
2021-10-06 12:00:00,1746.88,1761.14,1746.68,1759.09,16493,13,0
2021-10-06 16:00:00,1759.09,1764.22,1754.74,1762.33,22689,14,0
2021-10-06 20:00:00,1762.32,1765.0,1760.26,1762.82,12694,23,0
2021-10-07 00:00:00,1759.04,1764.06,1759.04,1762.5,4110,29,0
2021-10-07 04:00:00,1762.5,1762.94,1757.51,1758.82,6740,21,0
2021-10-07 08:00:00,1758.85,1766.88,1755.88,1760.63,11481,18,0
2021-10-07 12:00:00,1760.6,1764.62,1753.94,1754.96,10354,15,0
2021-10-07 16:00:00,1754.85,1763.14,1751.82,1757.88,21964,14,0
2021-10-07 20:00:00,1757.77,1758.91,1754.1,1754.75,8732,13,0
2021-10-08 00:00:00,1755.78,1756.18,1753.16,1755.78,3827,17,0
2021-10-08 04:00:00,1755.8,1760.35,1755.38,1756.49,12062,15,0
2021-10-08 08:00:00,1756.44,1760.25,1754.25,1755.66,9730,13,0
2021-10-08 12:00:00,1755.66,1776.75,1755.6,1775.81,17904,13,0
2021-10-08 16:00:00,1775.93,1781.2,1755.34,1758.39,36645,13,0
2021-10-08 20:00:00,1758.43,1760.07,1755.94,1756.86,9815,25,0
2021-10-11 00:00:00,1757.41,1758.12,1750.93,1756.61,7650,21,0
2021-10-11 04:00:00,1756.78,1760.86,1754.71,1756.64,10946,22,0
2021-10-11 08:00:00,1756.65,1757.64,1752.76,1753.01,9730,15,0
2021-10-11 12:00:00,1753.01,1757.92,1750.09,1750.63,8101,17,0
2021-10-11 16:00:00,1750.63,1760.09,1750.0,1756.36,14070,15,0
2021-10-11 20:00:00,1756.35,1756.65,1752.99,1753.95,7502,14,0
2021-10-12 00:00:00,1753.44,1754.48,1751.11,1751.84,4594,19,0
2021-10-12 04:00:00,1751.76,1758.87,1750.74,1757.51,11844,14,0
2021-10-12 08:00:00,1757.52,1762.44,1756.25,1757.52,13012,16,0
2021-10-12 12:00:00,1757.52,1764.91,1753.78,1757.53,14203,14,0
2021-10-12 16:00:00,1757.49,1769.21,1756.72,1760.52,31308,14,0
2021-10-12 20:00:00,1760.57,1761.76,1757.76,1760.03,8710,20,0
2021-10-13 00:00:00,1759.84,1761.51,1759.54,1761.23,4054,19,0
2021-10-13 04:00:00,1761.22,1763.18,1759.36,1761.4,10488,18,0
2021-10-13 08:00:00,1761.41,1768.82,1760.55,1766.68,10869,16,0
2021-10-13 12:00:00,1766.69,1777.53,1758.16,1761.52,17202,14,0
2021-10-13 16:00:00,1761.46,1796.04,1757.76,1792.45,34835,13,0
2021-10-13 20:00:00,1792.37,1795.04,1790.51,1792.62,14403,14,0
2021-10-14 00:00:00,1792.34,1793.49,1791.1,1792.71,4197,18,0
2021-10-14 04:00:00,1792.7,1793.73,1786.47,1790.68,9909,14,0
2021-10-14 08:00:00,1790.69,1797.38,1789.7,1795.96,12275,20,0
2021-10-14 12:00:00,1795.96,1800.42,1793.68,1798.91,18413,14,0
2021-10-14 16:00:00,1798.9,1799.42,1793.81,1796.53,17733,13,0
2021-10-14 20:00:00,1796.53,1799.11,1795.59,1795.84,6876,19,0
2021-10-15 00:00:00,1795.38,1796.18,1794.13,1794.5,3189,21,0
2021-10-15 04:00:00,1794.5,1796.36,1793.67,1794.19,7706,18,0
2021-10-15 08:00:00,1794.21,1794.32,1785.32,1785.91,11416,14,0
2021-10-15 12:00:00,1785.88,1787.35,1764.7,1767.25,18486,13,0
2021-10-15 16:00:00,1767.02,1776.28,1765.71,1767.71,21429,13,0
2021-10-15 20:00:00,1767.73,1768.98,1766.54,1767.24,6615,20,0
2021-10-18 00:00:00,1767.26,1771.96,1764.55,1771.13,6792,18,0
2021-10-18 04:00:00,1771.13,1772.05,1766.46,1768.06,11756,16,0
2021-10-18 08:00:00,1768.03,1769.45,1760.99,1762.58,15684,15,0
2021-10-18 12:00:00,1762.58,1768.42,1760.26,1765.04,15967,14,0
2021-10-18 16:00:00,1765.13,1771.11,1762.51,1766.67,22305,13,0
2021-10-18 20:00:00,1766.66,1767.76,1763.7,1764.4,6992,21,0
2021-10-19 00:00:00,1764.04,1767.3,1762.74,1767.28,3175,20,0
2021-10-19 04:00:00,1767.28,1775.68,1766.89,1774.46,9221,16,0
2021-10-19 08:00:00,1774.46,1782.87,1773.57,1781.35,12843,15,0
2021-10-19 12:00:00,1781.29,1784.46,1775.74,1781.54,13541,16,0
2021-10-19 16:00:00,1781.54,1785.0,1766.99,1769.35,25691,15,0
2021-10-19 20:00:00,1769.36,1771.0,1767.93,1768.8,8235,15,0
2021-10-20 00:00:00,1768.54,1769.7,1766.71,1768.64,4344,27,0
2021-10-20 04:00:00,1768.68,1774.49,1767.62,1774.11,11722,21,0
2021-10-20 08:00:00,1774.11,1779.17,1773.29,1778.98,13454,13,0
2021-10-20 12:00:00,1778.95,1788.3,1777.59,1786.45,16804,15,0
2021-10-20 16:00:00,1786.36,1787.27,1774.72,1786.58,31047,14,0
2021-10-20 20:00:00,1786.54,1787.42,1780.65,1781.94,11684,19,0
2021-10-21 00:00:00,1781.24,1784.53,1781.12,1783.74,4408,28,0
2021-10-21 04:00:00,1783.56,1789.4,1782.09,1784.51,13497,15,0
2021-10-21 08:00:00,1784.51,1787.45,1780.72,1785.94,17921,14,0
2021-10-21 12:00:00,1785.93,1787.86,1776.31,1782.69,19563,13,0
2021-10-21 16:00:00,1782.61,1785.79,1778.24,1780.13,19989,14,0
2021-10-21 20:00:00,1780.08,1784.71,1778.47,1783.14,9624,20,0
2021-10-22 00:00:00,1782.64,1786.12,1782.64,1785.04,4930,16,0
2021-10-22 04:00:00,1785.04,1787.97,1784.28,1786.23,12435,17,0
2021-10-22 08:00:00,1786.23,1794.54,1785.95,1791.02,15396,14,0
2021-10-22 12:00:00,1791.08,1806.82,1790.36,1805.84,12921,14,0
2021-10-22 16:00:00,1805.88,1813.64,1782.72,1797.16,36386,14,0
2021-10-22 20:00:00,1797.16,1798.41,1791.05,1792.34,11396,22,0
2021-10-25 00:00:00,1792.64,1797.61,1791.96,1796.99,5723,17,0
2021-10-25 04:00:00,1796.99,1801.01,1792.12,1800.49,14581,16,0
2021-10-25 08:00:00,1800.49,1803.48,1795.9,1803.09,15171,15,0
2021-10-25 12:00:00,1803.09,1804.58,1798.41,1802.98,10897,13,0
2021-10-25 16:00:00,1802.98,1809.97,1801.55,1806.83,19215,14,0
2021-10-25 20:00:00,1806.82,1808.31,1804.97,1807.32,7197,19,0
2021-10-26 00:00:00,1806.54,1808.21,1805.23,1805.23,2864,24,0
2021-10-26 04:00:00,1805.23,1806.73,1801.63,1803.33,10531,23,0
2021-10-26 08:00:00,1803.37,1806.44,1799.84,1802.18,12853,13,0
2021-10-26 12:00:00,1802.19,1804.53,1794.07,1799.32,11562,18,0
2021-10-26 16:00:00,1799.39,1800.81,1782.23,1791.88,26694,13,0
2021-10-26 20:00:00,1791.84,1794.93,1790.3,1792.94,8738,25,0
2021-10-27 00:00:00,1792.8,1794.27,1791.6,1791.73,4477,28,0
2021-10-27 04:00:00,1791.71,1793.03,1787.0,1789.08,11105,25,0
2021-10-27 08:00:00,1789.07,1791.5,1783.31,1786.47,13153,14,0
2021-10-27 12:00:00,1786.47,1795.96,1783.72,1794.01,14946,17,0
2021-10-27 16:00:00,1793.91,1798.08,1784.61,1794.49,28152,14,0
2021-10-27 20:00:00,1794.49,1798.99,1793.78,1796.83,11361,16,0
2021-10-28 00:00:00,1796.54,1798.01,1794.16,1794.55,4584,23,0
2021-10-28 04:00:00,1794.52,1803.09,1793.99,1800.79,14480,17,0
2021-10-28 08:00:00,1800.81,1804.03,1799.67,1800.73,12436,18,0
2021-10-28 12:00:00,1800.73,1806.64,1795.63,1799.01,16434,15,0
2021-10-28 16:00:00,1799.07,1810.34,1791.98,1800.74,34753,13,0
2021-10-28 20:00:00,1800.75,1802.1,1797.53,1798.77,12146,28,0
2021-10-29 00:00:00,1799.04,1801.0,1797.39,1797.91,5959,14,0
2021-10-29 04:00:00,1797.94,1799.54,1793.45,1794.23,11484,24,0
2021-10-29 08:00:00,1794.23,1798.09,1790.82,1792.72,14773,14,0
2021-10-29 12:00:00,1792.61,1799.11,1775.81,1780.25,20624,14,0
2021-10-29 16:00:00,1780.24,1783.21,1771.75,1777.95,38463,14,0
2021-10-29 20:00:00,1777.95,1783.58,1777.88,1782.74,14615,22,0
2021-11-01 00:00:00,1783.03,1784.69,1778.92,1784.42,9438,24,0
2021-11-01 04:00:00,1784.39,1787.21,1783.33,1786.62,7616,23,0
2021-11-01 08:00:00,1786.61,1787.65,1780.89,1785.89,11794,20,0
2021-11-01 12:00:00,1785.91,1792.93,1782.44,1792.93,15472,15,0
2021-11-01 16:00:00,1793.33,1795.71,1789.7,1793.46,15872,19,0
2021-11-01 20:00:00,1793.46,1794.73,1790.99,1793.09,5120,21,0
2021-11-02 00:00:00,1792.84,1793.16,1789.28,1790.03,5841,24,0
2021-11-02 04:00:00,1790.06,1794.76,1789.12,1793.54,8786,26,0
2021-11-02 08:00:00,1793.54,1796.31,1790.74,1795.01,12390,14,0
2021-11-02 12:00:00,1795.16,1795.46,1788.08,1790.64,20110,14,0
2021-11-02 16:00:00,1790.64,1793.14,1786.3,1787.31,14794,16,0
2021-11-02 20:00:00,1787.3,1788.25,1786.32,1787.73,4218,16,0
2021-11-03 00:00:00,1787.54,1788.07,1782.32,1783.19,4709,20,0
2021-11-03 04:00:00,1783.17,1783.67,1779.06,1781.99,7017,24,0
2021-11-03 08:00:00,1781.99,1783.73,1778.14,1782.48,9920,14,0
2021-11-03 12:00:00,1782.53,1785.57,1763.8,1764.08,23431,16,0
2021-11-03 16:00:00,1764.19,1766.33,1758.53,1764.88,19886,17,0
2021-11-03 20:00:00,1764.98,1774.91,1761.25,1769.63,25268,16,0
2021-11-04 00:00:00,1768.76,1778.16,1768.76,1775.27,7888,16,0
2021-11-04 04:00:00,1775.28,1778.2,1774.01,1774.53,7973,27,0
2021-11-04 08:00:00,1774.53,1777.62,1770.64,1777.19,12225,15,0
2021-11-04 12:00:00,1777.19,1796.4,1775.72,1796.4,24256,13,0
2021-11-04 16:00:00,1796.35,1798.86,1790.77,1793.34,20321,17,0
2021-11-04 20:00:00,1793.34,1793.86,1791.13,1791.56,5318,19,0
2021-11-05 00:00:00,1791.06,1795.54,1789.96,1795.51,8858,16,0
2021-11-05 04:00:00,1795.52,1796.91,1792.1,1795.56,7005,13,0
2021-11-05 08:00:00,1795.64,1800.01,1793.94,1795.13,11295,13,0
2021-11-05 12:00:00,1795.13,1803.54,1784.94,1799.17,28440,13,0
2021-11-05 16:00:00,1799.18,1815.4,1795.7,1813.66,24397,18,0
2021-11-05 20:00:00,1813.67,1818.16,1812.36,1817.73,6886,21,0
2021-11-08 00:00:00,1817.14,1820.95,1812.78,1816.5,10609,16,0
2021-11-08 04:00:00,1816.61,1821.18,1816.59,1820.98,9582,14,0
2021-11-08 08:00:00,1820.93,1821.29,1812.32,1815.81,11576,14,0
2021-11-08 12:00:00,1815.76,1824.17,1814.86,1821.72,12285,16,0
2021-11-08 16:00:00,1821.71,1825.98,1818.99,1823.31,17531,13,0
2021-11-08 20:00:00,1823.31,1826.28,1822.75,1824.0,7506,17,0
2021-11-09 00:00:00,1824.14,1827.05,1823.16,1824.66,6645,23,0
2021-11-09 04:00:00,1824.7,1826.5,1821.76,1824.53,9737,20,0
2021-11-09 08:00:00,1824.52,1827.02,1819.04,1825.3,11569,16,0
2021-11-09 12:00:00,1825.33,1830.09,1822.71,1829.8,14090,15,0
2021-11-09 16:00:00,1829.84,1831.19,1820.18,1830.68,22490,18,0
2021-11-09 20:00:00,1830.67,1832.54,1826.81,1831.59,9709,18,0
2021-11-10 00:00:00,1831.74,1832.32,1827.24,1827.57,7225,26,0
2021-11-10 04:00:00,1827.57,1830.14,1824.18,1825.61,7803,21,0
2021-11-10 08:00:00,1825.57,1827.11,1822.74,1825.02,10449,21,0
2021-11-10 12:00:00,1825.04,1851.5,1822.2,1849.61,17372,13,0
2021-11-10 16:00:00,1849.58,1868.46,1848.13,1849.58,33706,13,0
2021-11-10 20:00:00,1849.61,1852.67,1841.31,1848.77,19445,20,0
2021-11-11 00:00:00,1849.34,1852.35,1845.04,1845.4,9030,25,0
2021-11-11 04:00:00,1845.38,1855.35,1842.79,1853.74,13293,20,0
2021-11-11 08:00:00,1853.74,1864.26,1851.63,1861.9,12287,20,0
2021-11-11 12:00:00,1861.91,1865.93,1854.64,1863.25,14453,17,0
2021-11-11 16:00:00,1863.32,1864.37,1858.8,1862.14,15230,13,0
2021-11-11 20:00:00,1862.18,1863.22,1860.27,1861.71,5006,23,0
2021-11-12 00:00:00,1861.34,1862.32,1857.68,1859.06,7999,23,0
2021-11-12 04:00:00,1859.11,1860.21,1854.88,1859.67,9755,21,0
2021-11-12 08:00:00,1859.61,1859.89,1849.35,1852.94,13871,19,0
2021-11-12 12:00:00,1852.91,1858.56,1845.13,1854.31,15232,13,0
2021-11-12 16:00:00,1854.37,1865.96,1853.78,1864.67,20193,16,0
2021-11-12 20:00:00,1864.7,1868.56,1862.43,1864.14,9267,13,0
2021-11-15 00:00:00,1865.96,1867.76,1857.12,1860.27,11456,20,0
2021-11-15 04:00:00,1860.32,1862.18,1856.29,1858.8,9264,22,0
2021-11-15 08:00:00,1858.78,1863.48,1856.25,1862.27,8668,15,0
2021-11-15 12:00:00,1862.37,1870.39,1860.51,1864.16,10114,19,0
2021-11-15 16:00:00,1864.1,1865.04,1858.11,1863.25,15097,18,0
2021-11-15 20:00:00,1863.25,1867.78,1861.86,1862.65,6819,16,0
2021-11-16 00:00:00,1862.34,1865.81,1861.83,1865.74,6881,22,0
2021-11-16 04:00:00,1865.77,1868.72,1863.8,1866.57,10595,26,0
2021-11-16 08:00:00,1866.66,1874.8,1862.12,1873.16,12826,15,0
2021-11-16 12:00:00,1873.11,1877.01,1865.33,1866.89,15375,16,0
2021-11-16 16:00:00,1866.83,1868.96,1851.59,1852.06,23693,13,0
2021-11-16 20:00:00,1852.07,1854.37,1849.43,1849.94,10400,14,0
2021-11-17 00:00:00,1849.24,1855.92,1849.24,1855.58,7405,21,0
2021-11-17 04:00:00,1855.58,1856.02,1851.88,1852.26,8555,21,0
2021-11-17 08:00:00,1852.25,1861.28,1852.25,1859.27,8482,13,0
2021-11-17 12:00:00,1859.27,1865.55,1857.8,1862.01,11779,16,0
2021-11-17 16:00:00,1862.06,1868.03,1860.14,1865.29,15945,15,0
2021-11-17 20:00:00,1865.27,1867.96,1862.62,1867.26,8865,18,0
2021-11-18 00:00:00,1867.0,1870.84,1866.04,1868.04,5459,17,0
2021-11-18 04:00:00,1868.13,1869.81,1864.0,1866.36,6851,21,0
2021-11-18 08:00:00,1866.33,1869.7,1862.44,1864.14,8849,19,0
2021-11-18 12:00:00,1864.06,1866.89,1854.99,1864.22,16963,14,0
2021-11-18 16:00:00,1864.21,1865.39,1857.48,1860.69,13814,14,0
2021-11-18 20:00:00,1860.71,1860.9,1856.64,1858.6,5708,23,0
2021-11-19 00:00:00,1858.6,1861.96,1857.81,1861.34,4774,28,0
2021-11-19 04:00:00,1861.32,1863.66,1860.29,1860.84,4592,29,0
2021-11-19 08:00:00,1860.84,1864.08,1851.46,1864.05,12392,13,0
2021-11-19 12:00:00,1864.07,1864.76,1857.69,1859.99,13423,17,0
2021-11-19 16:00:00,1859.98,1865.66,1842.81,1846.84,25727,13,0
2021-11-19 20:00:00,1846.83,1850.43,1844.31,1845.34,13915,25,0
2021-11-22 00:00:00,1846.46,1848.42,1838.28,1845.66,9604,15,0
2021-11-22 04:00:00,1845.66,1848.96,1844.28,1846.6,8682,28,0
2021-11-22 08:00:00,1846.62,1846.91,1840.1,1844.93,11789,20,0
2021-11-22 12:00:00,1844.93,1845.44,1834.7,1838.12,13323,17,0
2021-11-22 16:00:00,1838.18,1838.42,1806.66,1808.24,28989,16,0
2021-11-22 20:00:00,1808.23,1808.31,1802.05,1804.6,11907,21,0
2021-11-23 00:00:00,1805.64,1812.34,1805.19,1811.19,7964,22,0
2021-11-23 04:00:00,1811.24,1811.24,1806.46,1808.06,6612,22,0
2021-11-23 08:00:00,1808.06,1809.85,1792.51,1797.64,17658,17,0
2021-11-23 12:00:00,1797.63,1799.03,1784.04,1785.99,19247,20,0
2021-11-23 16:00:00,1786.1,1793.12,1781.89,1784.12,18942,15,0
2021-11-23 20:00:00,1784.29,1791.76,1781.83,1789.06,11606,14,0
2021-11-24 00:00:00,1788.9,1795.99,1788.38,1794.86,7312,26,0
2021-11-24 04:00:00,1794.86,1795.7,1792.58,1795.4,6360,23,0
2021-11-24 08:00:00,1795.46,1796.24,1790.25,1791.89,9481,14,0
2021-11-24 12:00:00,1791.91,1792.67,1781.66,1784.65,12809,13,0
2021-11-24 16:00:00,1784.83,1791.34,1778.35,1785.21,19342,16,0
2021-11-24 20:00:00,1785.22,1789.42,1782.29,1788.59,7442,22,0
2021-11-25 00:00:00,1788.84,1793.1,1785.73,1791.71,6060,27,0
2021-11-25 04:00:00,1791.71,1794.16,1791.29,1792.76,3789,23,0
2021-11-25 08:00:00,1792.8,1794.97,1791.83,1792.93,5892,18,0
2021-11-25 12:00:00,1792.93,1792.93,1789.19,1791.14,6168,16,0
2021-11-25 16:00:00,1791.01,1792.04,1787.78,1788.17,5733,18,0
2021-11-26 00:00:00,1785.65,1794.23,1785.65,1792.29,8257,7,0
2021-11-26 04:00:00,1792.36,1799.16,1791.67,1797.4,9829,7,0
2021-11-26 08:00:00,1797.44,1809.76,1797.36,1809.64,17738,10,0
2021-11-26 12:00:00,1809.58,1815.46,1798.83,1805.52,16591,13,0
2021-11-26 16:00:00,1805.48,1807.97,1780.16,1785.93,22588,13,0
2021-11-26 20:00:00,1785.77,1792.85,1783.73,1790.45,1507,19,0
2021-11-29 00:00:00,1789.94,1795.84,1779.29,1795.13,10958,24,0
2021-11-29 04:00:00,1795.13,1796.44,1791.0,1795.67,7481,21,0
2021-11-29 08:00:00,1795.67,1799.3,1791.76,1799.22,15736,17,0
2021-11-29 12:00:00,1799.21,1799.27,1786.72,1786.75,11532,21,0
2021-11-29 16:00:00,1786.71,1789.84,1782.37,1784.06,19491,16,0
2021-11-29 20:00:00,1784.06,1785.66,1780.95,1784.88,9647,25,0
2021-11-30 00:00:00,1784.14,1788.96,1782.9,1788.46,6358,20,0
2021-11-30 04:00:00,1788.47,1795.84,1787.66,1795.66,11914,26,0
2021-11-30 08:00:00,1795.73,1798.43,1789.83,1797.01,17401,21,0
2021-11-30 12:00:00,1797.01,1797.74,1788.92,1795.56,12673,20,0
2021-11-30 16:00:00,1795.53,1808.62,1769.75,1774.23,36687,13,0
2021-11-30 20:00:00,1774.23,1777.66,1770.75,1774.36,14709,17,0
2021-12-01 00:00:00,1775.04,1778.44,1772.12,1775.14,9161,17,0
2021-12-01 04:00:00,1775.14,1794.35,1774.96,1790.42,7942,21,0
2021-12-01 08:00:00,1790.01,1792.04,1776.48,1782.77,17046,13,0
2021-12-01 12:00:00,1782.8,1790.45,1781.84,1788.06,13108,13,0
2021-12-01 16:00:00,1788.07,1792.2,1781.23,1783.93,23873,13,0
2021-12-01 20:00:00,1783.91,1784.03,1777.18,1781.73,17813,20,0
2021-12-02 00:00:00,1780.99,1783.25,1779.36,1779.95,6978,25,0
2021-12-02 04:00:00,1779.95,1781.79,1774.97,1775.95,6254,20,0
2021-12-02 08:00:00,1775.9,1778.78,1767.35,1773.07,9893,13,0
2021-12-02 12:00:00,1773.02,1781.15,1772.54,1774.43,13694,13,0
2021-12-02 16:00:00,1774.49,1778.93,1762.22,1763.22,27973,16,0
2021-12-02 20:00:00,1763.16,1769.26,1761.67,1768.43,10237,23,0
2021-12-03 00:00:00,1767.79,1771.81,1767.36,1770.43,5226,27,0
2021-12-03 04:00:00,1770.41,1776.41,1769.72,1775.94,5669,23,0
2021-12-03 08:00:00,1775.95,1775.98,1765.96,1768.87,6442,16,0
2021-12-03 12:00:00,1768.9,1778.66,1766.19,1770.0,14306,13,0
2021-12-03 16:00:00,1770.0,1782.24,1766.23,1780.34,29121,19,0
2021-12-03 20:00:00,1780.34,1786.01,1779.35,1783.74,10105,18,0
2021-12-06 00:00:00,1783.56,1786.46,1780.56,1785.98,7785,27,0
2021-12-06 04:00:00,1785.98,1787.62,1780.89,1783.19,7303,18,0
2021-12-06 08:00:00,1783.19,1785.91,1777.64,1779.6,9325,17,0
2021-12-06 12:00:00,1779.54,1782.87,1776.43,1778.74,8800,13,0
2021-12-06 16:00:00,1778.8,1784.87,1775.6,1780.7,14986,17,0
2021-12-06 20:00:00,1780.65,1781.05,1777.65,1778.22,5796,25,0
2021-12-07 00:00:00,1777.84,1781.83,1777.84,1778.94,3847,26,0
2021-12-07 04:00:00,1778.92,1781.24,1776.7,1780.85,4836,22,0
2021-12-07 08:00:00,1780.85,1784.45,1777.33,1781.09,8147,20,0
2021-12-07 12:00:00,1781.06,1784.62,1772.02,1775.22,9206,14,0
2021-12-07 16:00:00,1775.17,1787.76,1773.62,1782.95,13619,13,0
2021-12-07 20:00:00,1782.94,1786.32,1782.1,1783.98,6830,28,0
2021-12-08 00:00:00,1783.44,1787.24,1783.44,1786.61,4787,31,0
2021-12-08 04:00:00,1786.61,1790.74,1786.61,1790.61,5693,21,0
2021-12-08 08:00:00,1790.61,1791.53,1785.71,1789.55,8076,13,0
2021-12-08 12:00:00,1789.47,1793.03,1781.48,1783.19,14347,13,0
2021-12-08 16:00:00,1783.16,1784.94,1779.46,1784.24,11818,16,0
2021-12-08 20:00:00,1784.23,1786.72,1782.18,1782.36,8647,29,0
2021-12-09 00:00:00,1782.14,1785.27,1782.14,1784.18,4728,26,0
2021-12-09 04:00:00,1784.18,1786.88,1782.04,1785.55,6690,25,0
2021-12-09 08:00:00,1785.47,1787.5,1781.8,1782.78,6357,20,0
2021-12-09 12:00:00,1782.76,1784.03,1773.53,1777.51,11765,13,0
2021-12-09 16:00:00,1777.49,1782.92,1773.78,1776.88,14119,20,0
2021-12-09 20:00:00,1776.86,1778.19,1773.15,1775.0,8845,25,0
2021-12-10 00:00:00,1775.4,1778.91,1775.34,1778.13,5269,31,0
2021-12-10 04:00:00,1778.1,1779.48,1776.83,1776.89,6474,24,0
2021-12-10 08:00:00,1776.93,1777.27,1769.97,1770.73,8187,17,0
2021-12-10 12:00:00,1770.75,1785.24,1770.3,1784.3,11477,13,0
2021-12-10 16:00:00,1784.18,1789.34,1778.67,1783.33,15076,15,0
2021-12-10 20:00:00,1783.36,1784.91,1781.3,1782.68,7042,28,0
2021-12-13 00:00:00,1782.26,1786.77,1781.19,1786.63,4552,27,0
2021-12-13 04:00:00,1786.67,1788.09,1784.33,1784.8,4372,25,0
2021-12-13 08:00:00,1784.8,1787.74,1783.22,1785.28,6357,16,0
2021-12-13 12:00:00,1785.28,1791.46,1781.95,1782.99,8250,18,0
2021-12-13 16:00:00,1783.0,1790.04,1781.67,1788.2,9447,18,0
2021-12-13 20:00:00,1788.2,1788.7,1786.19,1786.84,5449,19,0
2021-12-14 00:00:00,1785.5,1788.74,1784.14,1788.27,4617,21,0
2021-12-14 04:00:00,1788.21,1789.44,1785.25,1787.18,4628,25,0
2021-12-14 08:00:00,1787.14,1788.31,1781.9,1783.68,5530,17,0
2021-12-14 12:00:00,1783.68,1785.58,1771.43,1772.01,9729,13,0
2021-12-14 16:00:00,1771.89,1778.16,1766.16,1772.39,15128,19,0
2021-12-14 20:00:00,1772.35,1773.1,1770.11,1770.31,5902,16,0
2021-12-15 00:00:00,1770.73,1773.78,1770.48,1772.57,4444,30,0
2021-12-15 04:00:00,1772.51,1772.9,1768.07,1769.2,4347,28,0
2021-12-15 08:00:00,1769.19,1771.25,1766.66,1769.4,6235,19,0
2021-12-15 12:00:00,1769.4,1773.68,1767.6,1771.85,7133,17,0
2021-12-15 16:00:00,1772.0,1772.38,1764.21,1765.47,12306,19,0
2021-12-15 20:00:00,1765.46,1780.77,1752.95,1777.0,22140,22,0
2021-12-16 00:00:00,1775.83,1782.55,1775.42,1782.55,7676,28,0
2021-12-16 04:00:00,1782.58,1784.12,1780.81,1783.52,5719,28,0
2021-12-16 08:00:00,1783.51,1787.04,1783.4,1785.54,6673,18,0
2021-12-16 12:00:00,1785.51,1790.01,1782.07,1789.03,11099,15,0
2021-12-16 16:00:00,1788.92,1798.85,1786.95,1797.23,14857,19,0
2021-12-16 20:00:00,1797.22,1799.44,1794.95,1799.01,6871,26,0
2021-12-17 00:00:00,1799.8,1802.74,1797.2,1802.22,5649,27,0
2021-12-17 04:00:00,1802.22,1805.41,1801.38,1804.97,8051,24,0
2021-12-17 08:00:00,1804.96,1809.91,1804.7,1806.62,6713,16,0
2021-12-17 12:00:00,1806.53,1814.23,1804.59,1806.64,8981,15,0
2021-12-17 16:00:00,1806.6,1809.79,1802.25,1804.73,10599,15,0
2021-12-17 20:00:00,1804.73,1804.87,1795.79,1797.8,7814,16,0
2021-12-20 00:00:00,1799.6,1802.41,1798.36,1800.94,7549,28,0
2021-12-20 04:00:00,1800.85,1803.61,1800.08,1802.8,4626,29,0
2021-12-20 08:00:00,1802.8,1804.04,1797.35,1799.61,9251,23,0
2021-12-20 12:00:00,1799.62,1800.18,1794.12,1796.2,7757,15,0
2021-12-20 16:00:00,1796.22,1798.12,1791.64,1794.79,11958,15,0
2021-12-20 20:00:00,1794.79,1795.32,1788.27,1790.26,8418,23,0
2021-12-21 00:00:00,1789.9,1792.32,1789.21,1790.1,5279,22,0
2021-12-21 04:00:00,1790.1,1793.39,1789.62,1792.63,4915,17,0
2021-12-21 08:00:00,1792.63,1798.22,1788.79,1797.84,8320,16,0
2021-12-21 12:00:00,1797.9,1800.41,1795.46,1797.9,7482,19,0
2021-12-21 16:00:00,1797.88,1798.37,1784.84,1787.55,11879,17,0
2021-12-21 20:00:00,1787.61,1789.62,1786.56,1788.69,7670,17,0
2021-12-22 00:00:00,1788.7,1791.16,1788.25,1789.49,4455,18,0
2021-12-22 04:00:00,1789.53,1790.65,1787.26,1787.62,4616,28,0
2021-12-22 08:00:00,1787.68,1789.68,1785.8,1788.35,6287,15,0
2021-12-22 12:00:00,1788.35,1794.69,1788.27,1794.32,8963,15,0
2021-12-22 16:00:00,1794.25,1799.86,1788.84,1799.44,15129,15,0
2021-12-22 20:00:00,1799.5,1804.95,1799.23,1803.51,8779,15,0
2021-12-23 00:00:00,1803.58,1807.08,1802.78,1806.99,5228,19,0
2021-12-23 04:00:00,1807.02,1808.33,1804.99,1806.17,6559,19,0
2021-12-23 08:00:00,1806.21,1808.05,1804.71,1806.98,7306,18,0
2021-12-23 12:00:00,1807.01,1810.0,1803.27,1807.23,8571,15,0
2021-12-23 16:00:00,1807.05,1808.92,1798.61,1808.33,13980,15,0
2021-12-23 20:00:00,1808.32,1810.69,1807.27,1807.77,5320,15,0
2021-12-27 00:00:00,1808.48,1811.82,1805.58,1810.73,6488,6,0
2021-12-27 04:00:00,1810.72,1811.24,1808.55,1809.58,6396,7,0
2021-12-27 08:00:00,1809.59,1810.19,1805.05,1806.44,6768,5,0
2021-12-27 12:00:00,1806.45,1809.2,1802.93,1808.65,6528,4,0
2021-12-27 16:00:00,1808.65,1813.72,1807.27,1808.16,13881,14,0
2021-12-27 20:00:00,1808.16,1812.58,1806.63,1811.88,5510,11,0
2021-12-28 00:00:00,1811.2,1812.64,1809.5,1810.15,4201,11,0
2021-12-28 04:00:00,1810.15,1813.5,1808.45,1812.87,5257,7,0
2021-12-28 08:00:00,1812.91,1816.05,1812.46,1815.28,6741,8,0
2021-12-28 12:00:00,1815.28,1820.22,1815.1,1817.9,7797,6,0
2021-12-28 16:00:00,1817.9,1818.49,1809.35,1810.34,14123,10,0
2021-12-28 20:00:00,1810.27,1811.35,1805.0,1806.17,8566,5,0
2021-12-29 00:00:00,1804.98,1807.1,1804.01,1805.78,5619,12,0
2021-12-29 04:00:00,1805.79,1807.63,1804.86,1806.68,6645,8,0
2021-12-29 08:00:00,1806.68,1807.43,1802.15,1802.78,7114,4,0
2021-12-29 12:00:00,1802.78,1802.78,1789.25,1789.91,12932,7,0
2021-12-29 16:00:00,1789.94,1804.67,1789.58,1804.09,16287,16,0
2021-12-29 20:00:00,1804.12,1805.68,1802.28,1803.92,7336,14,0
2021-12-30 00:00:00,1804.4,1805.52,1801.22,1803.31,5230,9,0
2021-12-30 04:00:00,1803.28,1803.58,1798.27,1798.51,6167,6,0
2021-12-30 08:00:00,1798.51,1802.26,1796.16,1800.13,7773,5,0
2021-12-30 12:00:00,1800.05,1804.72,1798.77,1802.9,8663,6,0
2021-12-30 16:00:00,1802.93,1814.16,1800.92,1813.47,15695,13,0
2021-12-30 20:00:00,1813.47,1817.13,1812.82,1815.07,7975,11,0
2021-12-31 00:00:00,1815.21,1819.02,1814.14,1816.61,5034,9,0
2021-12-31 04:00:00,1816.62,1819.21,1814.66,1818.64,5281,8,0
2021-12-31 08:00:00,1818.53,1820.24,1815.07,1818.08,6121,4,0
2021-12-31 12:00:00,1818.09,1827.51,1817.93,1824.34,9013,7,0
2021-12-31 16:00:00,1824.35,1827.39,1820.26,1826.55,21344,10,0
2021-12-31 20:00:00,1826.66,1830.38,1824.7,1828.62,8565,7,0
2022-01-03 00:00:00,1828.38,1831.63,1826.99,1828.77,5471,13,0
2022-01-03 04:00:00,1828.8,1828.85,1823.66,1825.42,4875,11,0
2022-01-03 08:00:00,1825.4,1826.69,1821.09,1826.43,7045,7,0
2022-01-03 12:00:00,1826.45,1827.54,1805.76,1807.11,12705,4,0
2022-01-03 16:00:00,1807.07,1811.01,1798.44,1799.7,21116,20,0
2022-01-03 20:00:00,1799.63,1804.6,1799.12,1801.28,7553,30,0
2022-01-04 00:00:00,1801.14,1806.93,1801.02,1805.25,5844,30,0
2022-01-04 04:00:00,1805.27,1807.17,1803.23,1805.5,6918,30,0
2022-01-04 08:00:00,1805.49,1807.43,1801.96,1805.86,10997,30,0
2022-01-04 12:00:00,1805.93,1808.65,1798.54,1807.21,14983,30,0
2022-01-04 16:00:00,1807.22,1816.82,1806.38,1813.59,19772,7,0
2022-01-04 20:00:00,1813.63,1815.42,1813.43,1814.39,6875,30,0
2022-01-05 00:00:00,1814.55,1815.46,1812.78,1815.26,3399,30,0
2022-01-05 04:00:00,1815.26,1816.51,1814.21,1815.82,4889,30,0
2022-01-05 08:00:00,1815.8,1820.17,1812.54,1817.79,8834,30,0
2022-01-05 12:00:00,1817.82,1827.92,1815.03,1825.57,13574,30,0
2022-01-05 16:00:00,1825.61,1829.72,1820.49,1822.86,15811,30,0
2022-01-05 20:00:00,1822.82,1824.93,1808.32,1810.65,14255,30,0
2022-01-06 00:00:00,1810.17,1811.54,1807.12,1810.23,5579,30,0
2022-01-06 04:00:00,1810.2,1810.27,1803.07,1803.09,9038,30,0
2022-01-06 08:00:00,1803.07,1803.89,1793.71,1794.94,14568,14,0
2022-01-06 12:00:00,1794.91,1807.21,1786.78,1788.37,18575,30,0
2022-01-06 16:00:00,1788.37,1795.46,1787.02,1791.01,22774,30,0
2022-01-06 20:00:00,1790.91,1791.39,1786.35,1789.66,8488,30,0
2022-01-07 00:00:00,1790.79,1792.54,1789.73,1790.63,4797,30,0
2022-01-07 04:00:00,1790.62,1793.2,1789.76,1790.66,4761,30,0
2022-01-07 08:00:00,1790.64,1793.78,1787.74,1793.04,9634,30,0
2022-01-07 12:00:00,1793.02,1796.14,1782.54,1789.15,14602,0,0
2022-01-07 16:00:00,1789.26,1796.65,1786.46,1795.89,23320,5,0
2022-01-07 20:00:00,1796.07,1798.55,1794.27,1796.27,7917,30,0
2022-01-10 00:00:00,1794.32,1796.74,1792.31,1794.93,5148,4,0
2022-01-10 04:00:00,1794.93,1796.11,1791.43,1793.03,5865,30,0
2022-01-10 08:00:00,1793.23,1797.94,1791.28,1796.75,10224,30,0
2022-01-10 12:00:00,1796.74,1802.33,1791.4,1792.92,15142,30,0
2022-01-10 16:00:00,1792.88,1800.0,1790.27,1799.25,17617,30,0
2022-01-10 20:00:00,1799.28,1801.83,1798.34,1801.66,7174,30,0
2022-01-11 00:00:00,1801.19,1806.04,1800.03,1804.95,5173,30,0
2022-01-11 04:00:00,1804.93,1808.77,1804.46,1808.56,6068,30,0
2022-01-11 08:00:00,1808.56,1810.38,1806.16,1806.97,10402,30,0
2022-01-11 12:00:00,1806.99,1809.12,1804.55,1805.65,11182,33,0
2022-01-11 16:00:00,1805.72,1817.93,1801.83,1817.64,21357,33,0
2022-01-11 20:00:00,1817.61,1823.37,1817.35,1821.5,8753,33,0
2022-01-12 00:00:00,1821.08,1822.58,1818.55,1819.17,5846,33,0
2022-01-12 04:00:00,1819.17,1821.63,1817.78,1820.55,5323,33,0
2022-01-12 08:00:00,1820.55,1821.49,1814.77,1816.37,9401,0,0
2022-01-12 12:00:00,1816.39,1825.47,1816.14,1821.36,14109,9,0
2022-01-12 16:00:00,1821.39,1827.26,1819.11,1826.2,18982,33,0
2022-01-12 20:00:00,1826.15,1828.18,1825.65,1826.2,6765,33,0
2022-01-13 00:00:00,1825.69,1826.72,1824.22,1825.53,5106,33,0
2022-01-13 04:00:00,1825.53,1828.27,1824.15,1826.01,5234,33,0
2022-01-13 08:00:00,1826.02,1827.69,1819.11,1822.83,11438,33,0
2022-01-13 12:00:00,1822.85,1826.08,1819.3,1822.08,13006,33,0
2022-01-13 16:00:00,1821.99,1823.85,1812.41,1820.72,21289,33,0
2022-01-13 20:00:00,1820.72,1822.92,1819.66,1822.72,6923,33,0
2022-01-14 00:00:00,1822.35,1824.71,1819.67,1822.54,5770,33,0
2022-01-14 04:00:00,1822.54,1828.21,1822.49,1827.87,7891,33,0
2022-01-14 08:00:00,1827.87,1829.27,1821.75,1823.68,10861,33,0
2022-01-14 12:00:00,1823.68,1827.7,1819.61,1825.53,14958,33,0
2022-01-14 16:00:00,1825.58,1826.87,1815.31,1815.96,21417,33,0
2022-01-14 20:00:00,1815.96,1819.05,1814.76,1817.63,7544,33,0
2022-01-17 00:00:00,1819.17,1819.17,1813.18,1816.13,6028,33,0
2022-01-17 04:00:00,1816.13,1820.63,1816.07,1819.6,6285,33,0
2022-01-17 08:00:00,1819.6,1823.3,1818.83,1821.66,7205,33,0
2022-01-17 12:00:00,1821.64,1822.07,1819.33,1821.12,8660,16,0
2022-01-17 16:00:00,1821.12,1821.58,1817.76,1819.37,7768,33,0
2022-01-17 20:00:00,1819.38,1819.7,1818.29,1818.78,480,34,0
2022-01-18 00:00:00,1818.06,1822.48,1818.06,1822.19,5227,33,0
2022-01-18 04:00:00,1822.19,1822.88,1815.36,1816.29,10226,33,0
2022-01-18 08:00:00,1816.23,1818.01,1808.97,1810.31,15405,0,0
2022-01-18 12:00:00,1810.25,1819.96,1805.62,1819.73,16313,0,0
2022-01-18 16:00:00,1819.86,1820.28,1810.7,1812.04,23055,26,0
2022-01-18 20:00:00,1812.02,1815.84,1810.6,1813.69,9024,43,0
2022-01-19 00:00:00,1811.59,1815.1,1811.59,1812.28,5424,43,0
2022-01-19 04:00:00,1812.22,1814.22,1810.21,1813.49,6981,43,0
2022-01-19 08:00:00,1813.49,1817.52,1811.41,1817.2,12867,33,0
2022-01-19 12:00:00,1817.2,1826.09,1816.51,1824.52,14473,33,0
2022-01-19 16:00:00,1824.53,1843.26,1823.09,1840.94,22462,0,0
2022-01-19 20:00:00,1841.12,1843.92,1840.2,1841.25,10161,33,0
2022-01-20 00:00:00,1840.34,1844.72,1838.57,1841.94,7809,33,0
2022-01-20 04:00:00,1841.91,1843.32,1839.02,1839.87,9481,33,0
2022-01-20 08:00:00,1839.88,1842.7,1837.57,1839.05,13240,33,0
2022-01-20 12:00:00,1839.02,1847.68,1836.41,1846.93,14439,33,0
2022-01-20 16:00:00,1846.94,1848.37,1839.04,1842.85,22103,7,0
2022-01-20 20:00:00,1842.95,1843.02,1837.85,1840.04,11830,33,0
2022-01-21 00:00:00,1840.28,1840.29,1836.73,1838.86,9292,33,0
2022-01-21 04:00:00,1838.86,1842.63,1838.19,1841.84,9493,33,0
2022-01-21 08:00:00,1841.81,1843.28,1828.81,1834.34,15091,4,0
2022-01-21 12:00:00,1834.33,1842.35,1831.44,1841.69,14968,33,0
2022-01-21 16:00:00,1841.73,1843.58,1831.5,1833.09,24530,33,0
2022-01-21 20:00:00,1833.09,1834.68,1828.79,1834.68,10350,33,0
2022-01-24 00:00:00,1834.53,1837.25,1831.74,1836.45,6988,33,0
2022-01-24 04:00:00,1836.45,1839.93,1835.58,1839.11,6580,33,0
2022-01-24 08:00:00,1839.09,1844.69,1836.8,1841.61,12769,33,0
2022-01-24 12:00:00,1841.62,1843.43,1835.01,1835.72,16647,15,0
2022-01-24 16:00:00,1835.72,1841.5,1829.94,1838.76,26453,33,0
2022-01-24 20:00:00,1838.78,1844.39,1838.01,1843.58,15918,33,0
2022-01-25 00:00:00,1842.2,1844.07,1840.46,1840.5,6531,33,0
2022-01-25 04:00:00,1840.49,1843.51,1839.84,1842.2,6926,33,0
2022-01-25 08:00:00,1842.12,1843.82,1837.31,1838.4,12442,33,0
2022-01-25 12:00:00,1838.39,1843.52,1835.31,1843.17,13747,33,0
2022-01-25 16:00:00,1843.17,1853.31,1839.81,1850.29,23233,0,0
2022-01-25 20:00:00,1850.32,1854.42,1847.53,1848.26,10912,33,0
2022-01-26 00:00:00,1847.63,1850.6,1847.09,1848.47,4689,33,0
2022-01-26 04:00:00,1848.47,1849.53,1847.18,1848.12,5552,33,0
2022-01-26 08:00:00,1848.14,1849.22,1844.22,1847.43,9489,33,0
2022-01-26 12:00:00,1847.42,1848.47,1843.11,1844.5,13340,33,0
2022-01-26 16:00:00,1844.42,1844.66,1828.98,1830.34,21760,15,0
2022-01-26 20:00:00,1830.34,1833.26,1814.89,1818.82,25371,6,0
2022-01-27 00:00:00,1819.33,1822.06,1815.07,1815.58,8277,33,0
2022-01-27 04:00:00,1815.44,1817.93,1812.1,1812.46,11425,33,0
2022-01-27 08:00:00,1812.46,1816.46,1809.32,1815.86,15205,33,0
2022-01-27 12:00:00,1815.86,1816.72,1797.64,1799.6,18841,0,0
2022-01-27 16:00:00,1799.6,1810.19,1791.48,1792.12,25365,24,0
2022-01-27 20:00:00,1792.12,1796.6,1791.43,1796.34,13027,43,0
2022-01-28 00:00:00,1796.87,1798.97,1794.7,1798.32,6681,43,0
2022-01-28 04:00:00,1798.27,1799.08,1796.76,1797.17,6209,43,0
2022-01-28 08:00:00,1797.07,1798.34,1789.47,1790.89,12993,43,0
2022-01-28 12:00:00,1790.89,1792.21,1779.64,1785.95,18438,17,0
2022-01-28 16:00:00,1786.0,1792.56,1780.31,1783.57,23848,43,0
2022-01-28 20:00:00,1783.62,1791.23,1783.57,1791.23,9681,43,0
2022-01-31 00:00:00,1790.1,1791.19,1785.92,1789.9,5070,43,0
2022-01-31 04:00:00,1789.86,1789.86,1785.16,1788.82,5752,43,0
2022-01-31 08:00:00,1788.8,1792.12,1785.62,1789.17,9687,43,0
2022-01-31 12:00:00,1789.17,1797.89,1788.04,1797.37,13831,18,0
2022-01-31 16:00:00,1797.41,1799.4,1792.91,1796.69,18998,43,0
2022-01-31 20:00:00,1796.68,1799.59,1794.71,1796.69,9523,43,0
2022-02-01 00:00:00,1796.83,1799.16,1796.35,1797.3,2889,45,0
2022-02-01 04:00:00,1797.3,1803.33,1795.48,1802.53,6095,43,0
2022-02-01 08:00:00,1802.53,1806.7,1801.01,1805.44,10670,43,0
2022-02-01 12:00:00,1805.42,1808.7,1802.1,1804.16,12750,43,0
2022-02-01 16:00:00,1803.97,1807.77,1797.71,1802.53,22336,43,0
2022-02-01 20:00:00,1802.52,1802.89,1798.41,1800.74,9074,43,0
2022-02-02 00:00:00,1800.7,1801.42,1799.3,1800.19,2851,44,0
2022-02-02 04:00:00,1800.15,1800.49,1796.81,1798.2,4025,43,0
2022-02-02 08:00:00,1798.2,1802.12,1794.08,1801.96,9073,43,0
2022-02-02 12:00:00,1801.98,1807.84,1800.99,1800.99,12925,43,0
2022-02-02 16:00:00,1801.3,1810.76,1800.39,1810.08,18898,43,0
2022-02-02 20:00:00,1809.69,1810.59,1805.14,1806.84,7435,43,0
2022-02-03 00:00:00,1806.18,1808.58,1805.88,1808.58,2544,43,0
2022-02-03 04:00:00,1808.58,1808.88,1805.44,1806.69,3320,44,0
2022-02-03 08:00:00,1806.65,1806.79,1802.58,1803.22,7780,43,0
2022-02-03 12:00:00,1803.23,1804.91,1799.73,1802.2,16285,43,0
2022-02-03 16:00:00,1802.31,1807.48,1788.33,1803.91,27646,0,0
2022-02-03 20:00:00,1803.87,1806.54,1803.07,1804.71,7839,43,0
2022-02-04 00:00:00,1804.34,1807.19,1804.34,1807.05,3925,43,0
2022-02-04 04:00:00,1807.05,1808.0,1805.68,1806.46,4200,43,0
2022-02-04 08:00:00,1806.44,1811.9,1805.73,1811.01,10412,43,0
2022-02-04 12:00:00,1811.03,1814.92,1794.77,1795.25,16397,43,0
2022-02-04 16:00:00,1795.15,1810.27,1791.96,1806.32,23383,13,0
2022-02-04 20:00:00,1806.32,1808.51,1805.79,1807.78,6964,43,0
2022-02-07 00:00:00,1806.63,1815.27,1806.53,1810.35,8528,43,0
2022-02-07 04:00:00,1810.35,1811.09,1809.22,1810.35,6397,43,0
2022-02-07 08:00:00,1810.33,1814.23,1808.76,1812.58,11853,43,0
2022-02-07 12:00:00,1812.6,1817.3,1810.43,1814.18,15894,43,0
2022-02-07 16:00:00,1814.18,1820.48,1812.12,1820.28,20602,43,0
2022-02-07 20:00:00,1820.28,1823.87,1819.93,1820.82,8423,43,0
2022-02-08 00:00:00,1820.4,1822.66,1819.23,1822.46,5401,43,0
2022-02-08 04:00:00,1822.42,1823.68,1819.3,1820.73,8217,43,0
2022-02-08 08:00:00,1820.69,1821.31,1815.7,1820.2,12988,43,0
2022-02-08 12:00:00,1820.2,1825.08,1817.52,1824.45,13009,43,0
2022-02-08 16:00:00,1824.46,1828.72,1820.55,1827.9,17481,43,0
2022-02-08 20:00:00,1827.89,1829.23,1826.2,1826.51,7433,19,0
2022-02-09 00:00:00,1826.45,1827.26,1825.54,1827.23,4408,43,0
2022-02-09 04:00:00,1827.23,1829.64,1826.96,1827.99,6356,43,0
2022-02-09 08:00:00,1827.99,1828.8,1826.28,1828.26,10324,43,0
2022-02-09 12:00:00,1828.28,1833.06,1826.2,1826.46,13962,43,0
2022-02-09 16:00:00,1826.48,1836.31,1825.14,1834.66,19206,43,0
2022-02-09 20:00:00,1834.65,1836.33,1831.7,1833.42,7659,43,0
2022-02-10 00:00:00,1833.49,1834.93,1832.08,1834.43,5156,45,0
2022-02-10 04:00:00,1834.45,1835.29,1833.99,1835.0,4759,43,0
2022-02-10 08:00:00,1835.0,1836.68,1831.07,1833.18,11142,43,0
2022-02-10 12:00:00,1833.16,1837.83,1822.32,1831.16,15040,43,0
2022-02-10 16:00:00,1831.13,1842.61,1826.0,1835.96,30915,39,0
2022-02-10 20:00:00,1835.97,1838.35,1826.4,1827.42,21151,43,0
2022-02-11 00:00:00,1827.31,1828.64,1824.47,1826.46,8707,43,0
2022-02-11 04:00:00,1826.47,1827.74,1823.8,1825.05,8572,43,0
2022-02-11 08:00:00,1825.04,1827.91,1821.42,1826.26,15735,43,0
2022-02-11 12:00:00,1826.26,1833.52,1825.25,1827.55,17327,43,0
2022-02-11 16:00:00,1827.49,1841.18,1827.48,1840.8,25704,43,0
2022-02-11 20:00:00,1840.76,1865.89,1839.71,1859.22,29937,41,0
2022-02-14 00:00:00,1859.71,1862.18,1855.63,1859.93,13176,20,0
2022-02-14 04:00:00,1859.91,1859.98,1851.76,1854.87,11666,20,0
2022-02-14 08:00:00,1854.87,1858.67,1851.07,1857.66,19066,20,0
2022-02-14 12:00:00,1857.66,1863.13,1851.67,1861.86,21693,20,0
2022-02-14 16:00:00,1861.86,1871.45,1860.38,1864.95,27140,20,0
2022-02-14 20:00:00,1864.92,1874.41,1864.25,1872.02,17262,21,0
2022-02-15 00:00:00,1871.83,1872.58,1870.47,1871.36,6959,20,0
2022-02-15 04:00:00,1871.36,1879.71,1870.9,1878.29,11169,20,0
2022-02-15 08:00:00,1878.25,1879.83,1852.65,1857.9,21410,20,0
2022-02-15 12:00:00,1857.91,1857.93,1844.67,1850.49,22435,20,0
2022-02-15 16:00:00,1850.49,1856.99,1846.61,1853.05,24098,20,0
2022-02-15 20:00:00,1853.01,1856.67,1851.68,1853.45,8982,20,0
2022-02-16 00:00:00,1853.29,1854.7,1850.46,1852.66,6330,20,0
2022-02-16 04:00:00,1852.66,1854.96,1851.53,1854.48,7835,20,0
2022-02-16 08:00:00,1854.48,1859.21,1853.54,1858.77,11941,18,0
2022-02-16 12:00:00,1858.78,1859.81,1851.61,1858.93,15227,14,0
2022-02-16 16:00:00,1858.94,1870.3,1857.94,1869.34,20411,17,0
2022-02-16 20:00:00,1869.33,1872.88,1865.5,1869.26,17590,20,0
2022-02-17 00:00:00,1869.31,1872.07,1868.67,1870.46,7401,20,0
2022-02-17 04:00:00,1870.47,1876.55,1868.16,1875.38,15638,18,0
2022-02-17 08:00:00,1875.38,1893.57,1873.26,1888.69,20762,0,0
2022-02-17 12:00:00,1888.68,1898.25,1883.17,1896.13,19031,19,0
2022-02-17 16:00:00,1896.17,1900.55,1886.23,1898.07,27062,15,0
2022-02-17 20:00:00,1898.07,1901.48,1897.03,1898.71,12095,20,0
2022-02-18 00:00:00,1898.52,1902.84,1888.65,1890.62,9686,18,0
2022-02-18 04:00:00,1890.61,1893.72,1888.87,1892.16,10366,20,0
2022-02-18 08:00:00,1892.19,1896.15,1890.2,1895.08,14287,20,0
2022-02-18 12:00:00,1895.08,1900.3,1886.87,1896.81,18653,19,0
2022-02-18 16:00:00,1896.76,1898.84,1890.78,1897.16,24740,20,0
2022-02-18 20:00:00,1897.18,1899.75,1893.91,1897.65,11816,20,0
2022-02-21 00:00:00,1900.5,1908.61,1891.94,1895.94,11610,0,0
2022-02-21 04:00:00,1895.95,1899.26,1889.52,1891.87,9736,20,0
2022-02-21 08:00:00,1891.85,1898.6,1887.74,1896.59,12808,15,0
2022-02-21 12:00:00,1896.6,1898.91,1892.65,1896.24,14307,14,0
2022-02-21 16:00:00,1896.23,1898.04,1892.74,1898.01,11562,20,0
2022-02-21 20:00:00,1898.01,1906.02,1896.85,1904.32,3886,20,0
2022-02-22 00:00:00,1905.78,1914.29,1905.62,1909.79,14807,0,0
2022-02-22 04:00:00,1909.79,1910.71,1906.76,1910.52,11780,20,0
2022-02-22 08:00:00,1910.52,1913.68,1896.12,1900.87,22781,20,0
2022-02-22 12:00:00,1900.85,1906.16,1891.63,1902.44,24943,16,0
2022-02-22 16:00:00,1902.42,1907.34,1894.13,1903.65,25583,20,0
2022-02-22 20:00:00,1903.59,1905.91,1897.91,1898.7,14629,20,0
2022-02-23 00:00:00,1898.08,1901.49,1896.42,1898.54,5417,20,0
2022-02-23 04:00:00,1898.55,1900.57,1894.84,1896.46,8078,20,0
2022-02-23 08:00:00,1896.45,1898.47,1889.81,1893.54,15686,20,0
2022-02-23 12:00:00,1893.5,1904.75,1892.89,1901.44,15371,20,0
2022-02-23 16:00:00,1901.44,1910.83,1899.91,1908.63,23123,16,0
2022-02-23 20:00:00,1908.62,1910.62,1904.99,1908.42,13750,19,0
2022-02-24 00:00:00,1908.44,1914.38,1908.44,1913.87,11008,20,0
2022-02-24 04:00:00,1913.85,1949.23,1912.99,1940.59,27203,18,0
2022-02-24 08:00:00,1940.63,1954.45,1935.92,1953.63,29144,10,0
2022-02-24 12:00:00,1953.62,1974.52,1950.75,1959.43,30921,8,0
2022-02-24 16:00:00,1959.41,1963.15,1913.65,1923.74,32900,6,0
2022-02-24 20:00:00,1923.69,1927.0,1878.29,1903.81,25458,6,0
2022-02-25 00:00:00,1903.01,1921.52,1901.84,1909.44,13664,10,0
2022-02-25 04:00:00,1909.45,1917.16,1907.99,1916.59,12914,10,0
2022-02-25 08:00:00,1916.56,1921.26,1908.52,1910.75,20387,10,0
2022-02-25 12:00:00,1910.77,1913.96,1886.26,1887.44,26580,9,0
2022-02-25 16:00:00,1887.38,1893.67,1883.17,1887.41,29034,10,0
2022-02-25 20:00:00,1887.41,1892.84,1885.87,1888.29,14531,10,0
2022-02-28 00:00:00,1916.85,1928.31,1904.26,1913.36,17830,7,0
2022-02-28 04:00:00,1913.36,1913.57,1904.6,1908.15,14280,10,0
2022-02-28 08:00:00,1908.15,1910.07,1893.35,1899.65,17430,10,0
2022-02-28 12:00:00,1899.67,1918.33,1898.95,1917.32,18686,10,0
2022-02-28 16:00:00,1917.32,1917.46,1890.98,1899.25,30013,10,0
2022-02-28 20:00:00,1899.26,1910.93,1897.12,1908.36,15786,10,0
2022-03-01 00:00:00,1907.38,1908.79,1902.73,1903.04,6686,10,0
2022-03-01 04:00:00,1903.02,1907.74,1901.44,1907.14,7732,10,0
2022-03-01 08:00:00,1907.14,1918.68,1904.75,1916.34,14785,10,0
2022-03-01 12:00:00,1916.35,1926.48,1911.59,1916.87,26572,10,0
2022-03-01 16:00:00,1916.94,1935.49,1916.23,1934.94,32864,10,0
2022-03-01 20:00:00,1934.89,1950.29,1934.54,1945.22,22205,6,0
2022-03-02 00:00:00,1944.75,1945.38,1931.16,1935.73,10880,10,0
2022-03-02 04:00:00,1935.68,1940.7,1933.46,1934.84,13004,10,0
2022-03-02 08:00:00,1934.86,1948.02,1931.6,1933.09,21682,10,0
2022-03-02 12:00:00,1933.05,1935.58,1913.93,1932.0,22794,0,0
2022-03-02 16:00:00,1932.0,1935.62,1914.95,1918.7,55043,0,0
2022-03-02 20:00:00,1918.69,1933.29,1917.38,1927.71,19263,18,0
2022-03-03 00:00:00,1928.09,1930.78,1926.25,1930.67,10725,18,0
2022-03-03 04:00:00,1930.67,1930.87,1922.08,1925.24,14013,18,0
2022-03-03 08:00:00,1925.24,1935.17,1923.69,1929.21,26349,18,0
2022-03-03 12:00:00,1929.21,1938.84,1924.43,1926.2,33359,18,0
2022-03-03 16:00:00,1926.19,1932.58,1923.38,1931.93,52288,18,0
2022-03-03 20:00:00,1931.95,1941.29,1931.3,1936.64,23207,18,0
2022-03-04 00:00:00,1936.38,1950.92,1929.72,1933.93,28824,18,0
2022-03-04 04:00:00,1933.93,1941.38,1933.64,1935.63,21258,18,0
2022-03-04 08:00:00,1935.64,1946.32,1934.08,1945.89,25921,18,0
2022-03-04 12:00:00,1945.93,1950.14,1940.05,1947.03,37351,18,0
2022-03-04 16:00:00,1947.03,1965.89,1942.67,1962.25,54857,18,0
2022-03-04 20:00:00,1962.26,1970.41,1960.97,1969.92,27836,18,0
2022-03-07 00:00:00,1971.32,2001.11,1971.32,1998.0,36416,18,0
2022-03-07 04:00:00,1998.02,1998.36,1983.3,1983.86,31069,18,0
2022-03-07 08:00:00,1983.85,2001.68,1976.19,1998.21,43934,18,0
2022-03-07 12:00:00,1998.2,2002.75,1961.16,1979.26,43666,18,0
2022-03-07 16:00:00,1979.17,1991.51,1967.87,1984.28,44737,18,0
2022-03-07 20:00:00,1984.28,1999.85,1983.69,1997.34,27144,18,0
2022-03-08 00:00:00,1996.29,2000.13,1981.15,1985.0,12919,18,0
2022-03-08 04:00:00,1985.0,1994.41,1984.76,1994.15,13638,18,0
2022-03-08 08:00:00,1994.15,2021.16,1993.43,2006.4,40511,18,0
2022-03-08 12:00:00,2006.39,2020.43,2002.97,2015.19,37987,18,0
2022-03-08 16:00:00,2015.19,2070.48,2014.03,2030.01,86832,18,0
2022-03-08 20:00:00,2030.07,2054.16,2022.31,2050.27,49138,18,0
2022-03-09 00:00:00,2050.0,2051.75,2035.27,2041.96,18108,18,0
2022-03-09 04:00:00,2041.97,2059.24,2040.53,2048.14,24179,18,0
2022-03-09 08:00:00,2048.14,2052.47,2014.69,2017.86,31858,0,0
2022-03-09 12:00:00,2017.89,2021.42,1985.09,1989.89,35683,0,0
2022-03-09 16:00:00,1990.02,2005.59,1976.0,1985.6,43148,18,0
2022-03-09 20:00:00,1985.58,1999.0,1979.71,1992.44,21444,18,0
2022-03-10 00:00:00,1986.26,1993.63,1970.68,1974.7,12086,18,0
2022-03-10 04:00:00,1974.67,1984.2,1970.9,1980.88,13214,18,0
2022-03-10 08:00:00,1980.88,1989.07,1974.41,1986.01,23869,18,0
2022-03-10 12:00:00,1986.11,2009.17,1983.74,1996.49,33017,18,0
2022-03-10 16:00:00,1996.49,2006.93,1981.6,2003.85,37849,18,0
2022-03-10 20:00:00,2003.87,2005.99,1993.34,1996.11,15583,18,0
2022-03-11 00:00:00,1992.73,1999.01,1988.12,1992.49,7752,18,0
2022-03-11 04:00:00,1992.5,1996.52,1980.97,1983.59,10594,18,0
2022-03-11 08:00:00,1983.48,1994.9,1981.47,1989.59,15935,18,0
2022-03-11 12:00:00,1989.59,1994.06,1958.64,1961.97,34513,18,0
2022-03-11 16:00:00,1961.93,1990.04,1959.57,1986.8,38485,18,0
2022-03-11 20:00:00,1986.8,1988.12,1980.46,1985.28,15944,18,0
2022-03-14 00:00:00,1984.5,1989.85,1970.09,1974.19,14663,18,0
2022-03-14 04:00:00,1974.17,1978.07,1971.22,1973.22,10736,18,0
2022-03-14 08:00:00,1973.15,1978.56,1959.71,1963.61,21727,18,0
2022-03-14 12:00:00,1963.62,1967.91,1949.63,1958.8,36750,18,0
2022-03-14 16:00:00,1958.8,1961.93,1952.35,1957.88,33383,18,0
2022-03-14 20:00:00,1957.87,1958.39,1950.6,1951.4,13515,18,0
2022-03-15 00:00:00,1951.18,1954.55,1939.56,1941.08,13796,18,0
2022-03-15 04:00:00,1941.09,1945.46,1925.82,1926.05,16325,18,0
2022-03-15 08:00:00,1926.06,1935.46,1924.95,1931.65,26022,18,0
2022-03-15 12:00:00,1931.65,1933.53,1913.7,1922.91,38372,18,0
2022-03-15 16:00:00,1922.91,1930.98,1906.99,1924.39,40685,18,0
2022-03-15 20:00:00,1924.48,1927.73,1913.83,1917.52,13018,18,0
2022-03-16 00:00:00,1917.54,1924.74,1915.04,1920.21,10656,18,0
2022-03-16 04:00:00,1920.21,1923.21,1915.23,1919.64,10938,18,0
2022-03-16 08:00:00,1919.7,1923.47,1911.89,1921.83,18969,18,0
2022-03-16 12:00:00,1921.83,1927.1,1912.79,1915.56,29210,18,0
2022-03-16 16:00:00,1915.56,1919.78,1903.96,1906.54,37072,18,0
2022-03-16 20:00:00,1904.95,1929.48,1894.96,1924.92,34448,18,0
2022-03-17 00:00:00,1925.5,1934.06,1923.2,1933.62,11479,18,0
2022-03-17 04:00:00,1933.62,1938.28,1932.37,1934.46,12334,18,0
2022-03-17 08:00:00,1934.45,1943.23,1929.99,1941.72,18963,18,0
2022-03-17 12:00:00,1941.7,1946.9,1935.52,1945.04,32270,18,0
2022-03-17 16:00:00,1945.04,1949.85,1940.82,1942.39,32560,18,0
2022-03-17 20:00:00,1942.39,1942.68,1935.44,1942.54,11236,18,0
2022-03-18 00:00:00,1942.22,1945.2,1936.68,1936.81,8936,18,0
2022-03-18 04:00:00,1936.87,1939.15,1926.77,1933.47,12650,18,0
2022-03-18 08:00:00,1933.45,1937.06,1929.97,1933.39,15577,18,0
2022-03-18 12:00:00,1933.39,1940.78,1921.76,1933.49,31061,18,0
2022-03-18 16:00:00,1933.47,1938.31,1926.27,1929.47,30174,18,0
2022-03-18 20:00:00,1929.49,1930.06,1917.86,1920.79,13583,18,0
2022-03-21 00:00:00,1921.03,1928.72,1918.19,1928.18,12193,18,0
2022-03-21 04:00:00,1928.14,1928.93,1924.87,1925.6,9394,18,0
2022-03-21 08:00:00,1925.56,1927.33,1921.85,1925.55,15384,18,0
2022-03-21 12:00:00,1925.49,1930.59,1918.15,1929.94,26298,18,0
2022-03-21 16:00:00,1929.96,1937.67,1927.22,1932.15,33343,18,0
2022-03-21 20:00:00,1932.16,1940.94,1931.35,1934.87,11599,18,0
2022-03-22 00:00:00,1934.97,1937.25,1929.5,1933.05,10424,18,0
2022-03-22 04:00:00,1933.05,1938.53,1932.08,1936.96,11575,18,0
2022-03-22 08:00:00,1936.93,1938.54,1922.73,1925.14,20781,18,0
2022-03-22 12:00:00,1925.09,1930.74,1919.57,1923.25,29143,18,0
2022-03-22 16:00:00,1923.26,1923.76,1910.63,1920.24,32602,18,0
2022-03-22 20:00:00,1920.25,1924.66,1919.95,1921.33,9669,18,0
2022-03-23 00:00:00,1920.63,1921.93,1915.32,1920.08,9699,18,0
2022-03-23 04:00:00,1920.12,1924.23,1919.67,1921.37,9199,18,0
2022-03-23 08:00:00,1921.38,1931.15,1916.86,1929.53,15251,18,0
2022-03-23 12:00:00,1929.54,1935.77,1925.1,1935.25,29165,18,0
2022-03-23 16:00:00,1935.25,1937.94,1925.92,1936.79,27124,18,0
2022-03-23 20:00:00,1936.79,1948.51,1936.72,1945.06,13287,18,0
2022-03-24 00:00:00,1944.22,1948.67,1941.45,1942.2,10498,18,0
2022-03-24 04:00:00,1942.2,1943.51,1937.84,1938.24,10143,18,0
2022-03-24 08:00:00,1938.24,1945.98,1937.49,1940.66,16960,18,0
2022-03-24 12:00:00,1940.66,1957.97,1940.59,1953.41,36673,18,0
2022-03-24 16:00:00,1953.39,1966.2,1950.89,1965.04,35551,18,0
2022-03-24 20:00:00,1965.04,1965.81,1956.26,1957.0,9433,18,0
2022-03-25 00:00:00,1956.97,1963.28,1956.74,1960.59,10977,18,0
2022-03-25 04:00:00,1960.62,1964.33,1956.78,1958.84,12495,18,0
2022-03-25 08:00:00,1958.83,1960.66,1953.22,1956.09,17013,18,0
2022-03-25 12:00:00,1956.11,1958.8,1943.12,1948.62,32494,18,0
2022-03-25 16:00:00,1948.64,1961.83,1948.2,1953.54,35677,18,0
2022-03-25 20:00:00,1953.56,1957.27,1951.79,1957.27,10749,18,0
2022-03-28 00:00:00,1954.82,1958.9,1954.05,1957.61,8880,18,0
2022-03-28 04:00:00,1957.59,1957.6,1941.67,1943.07,22345,18,0
2022-03-28 08:00:00,1943.0,1943.02,1927.0,1927.3,32592,18,0
2022-03-28 12:00:00,1927.3,1945.62,1925.23,1938.19,32477,18,0
2022-03-28 16:00:00,1938.09,1942.47,1930.1,1938.41,40193,18,0
2022-03-28 20:00:00,1938.41,1940.06,1916.88,1921.83,21693,18,0
2022-03-29 00:00:00,1921.96,1924.99,1921.33,1922.39,10429,18,0
2022-03-29 04:00:00,1922.36,1929.29,1921.22,1922.43,18595,18,0
2022-03-29 08:00:00,1922.46,1925.05,1909.77,1913.62,24218,18,0
2022-03-29 12:00:00,1913.56,1916.19,1890.05,1897.12,43239,18,0
2022-03-29 16:00:00,1897.1,1917.88,1892.69,1915.36,47421,18,0
2022-03-29 20:00:00,1915.34,1921.43,1912.8,1919.36,16085,18,0
2022-03-30 00:00:00,1919.14,1921.25,1915.89,1919.26,7454,18,0
2022-03-30 04:00:00,1919.24,1927.36,1918.72,1925.91,18078,18,0
2022-03-30 08:00:00,1925.89,1928.37,1919.19,1919.26,23085,18,0
2022-03-30 12:00:00,1919.25,1932.25,1917.17,1927.23,25066,18,0
2022-03-30 16:00:00,1927.17,1938.63,1922.48,1932.31,34694,18,0
2022-03-30 20:00:00,1932.32,1935.99,1930.62,1933.17,12986,18,0
2022-03-31 00:00:00,1932.65,1934.18,1928.33,1931.72,7444,18,0
2022-03-31 04:00:00,1931.72,1932.14,1920.22,1921.19,16220,18,0
2022-03-31 08:00:00,1921.16,1933.88,1919.08,1925.23,24706,18,0
2022-03-31 12:00:00,1925.23,1935.89,1922.53,1934.16,22647,18,0
2022-03-31 16:00:00,1934.17,1945.17,1932.36,1944.52,34858,18,0
2022-03-31 20:00:00,1944.53,1950.0,1935.0,1937.01,20347,18,0
2022-04-01 00:00:00,1936.87,1937.78,1932.54,1934.17,7037,18,0
2022-04-01 04:00:00,1934.09,1939.56,1933.5,1937.66,13565,18,0
2022-04-01 08:00:00,1937.66,1939.23,1929.4,1932.16,20624,18,0
2022-04-01 12:00:00,1932.17,1936.44,1924.28,1926.77,29508,18,0
2022-04-01 16:00:00,1926.73,1933.65,1918.73,1923.05,42112,18,0
2022-04-01 20:00:00,1923.07,1926.1,1918.0,1924.15,19096,18,0
2022-04-04 00:00:00,1921.95,1926.83,1921.43,1925.67,5188,18,0
2022-04-04 04:00:00,1925.64,1925.64,1915.36,1917.57,10364,18,0
2022-04-04 08:00:00,1917.56,1933.1,1917.03,1931.28,20661,18,0
2022-04-04 12:00:00,1931.31,1935.98,1925.65,1931.76,22358,18,0
2022-04-04 16:00:00,1931.75,1936.88,1924.48,1931.56,39128,18,0
2022-04-04 20:00:00,1931.55,1933.48,1928.9,1932.83,14353,18,0
2022-04-05 00:00:00,1932.76,1934.02,1930.88,1931.99,5211,18,0
2022-04-05 04:00:00,1931.99,1932.57,1926.53,1928.54,9615,18,0
2022-04-05 08:00:00,1928.54,1933.57,1925.38,1931.68,17722,18,0
2022-04-05 12:00:00,1931.69,1935.38,1924.04,1935.21,24809,18,0
2022-04-05 16:00:00,1935.24,1944.73,1917.99,1923.34,45175,18,0
2022-04-05 20:00:00,1923.31,1925.58,1919.4,1923.57,16526,18,0
2022-04-06 00:00:00,1923.6,1923.87,1917.68,1919.68,7180,18,0
2022-04-06 04:00:00,1919.67,1925.25,1916.69,1921.64,15538,18,0
2022-04-06 08:00:00,1921.64,1926.49,1915.1,1926.28,22625,18,0
2022-04-06 12:00:00,1926.27,1933.57,1918.25,1926.66,29611,18,0
2022-04-06 16:00:00,1926.63,1932.03,1923.59,1924.98,37355,18,0
2022-04-06 20:00:00,1925.0,1929.47,1915.7,1925.6,29413,18,0
2022-04-07 00:00:00,1924.89,1927.34,1922.29,1925.5,7492,18,0
2022-04-07 04:00:00,1925.49,1926.2,1920.46,1921.63,12290,18,0
2022-04-07 08:00:00,1921.63,1928.54,1920.75,1926.34,18968,18,0
2022-04-07 12:00:00,1926.32,1934.3,1923.72,1927.64,24408,18,0
2022-04-07 16:00:00,1927.58,1937.87,1926.75,1934.39,35170,18,0
2022-04-07 20:00:00,1934.39,1937.07,1929.65,1931.4,14743,18,0
2022-04-08 00:00:00,1930.98,1935.27,1930.09,1933.22,6165,18,0
2022-04-08 04:00:00,1933.17,1935.69,1927.9,1928.26,10776,18,0
2022-04-08 08:00:00,1928.26,1933.49,1927.61,1931.66,16084,18,0
2022-04-08 12:00:00,1931.62,1939.03,1929.13,1931.34,18108,18,0
2022-04-08 16:00:00,1931.36,1948.36,1930.85,1941.58,30665,18,0
2022-04-08 20:00:00,1941.5,1946.54,1939.17,1946.34,8980,18,0
2022-04-11 00:00:00,1946.58,1949.86,1943.41,1945.4,5657,18,0
2022-04-11 04:00:00,1945.4,1947.85,1940.34,1942.19,12452,18,0
2022-04-11 08:00:00,1942.28,1958.29,1940.02,1957.26,20308,18,0
2022-04-11 12:00:00,1957.26,1970.12,1953.16,1963.54,25656,18,0
2022-04-11 16:00:00,1963.68,1965.22,1940.82,1941.41,35374,18,0
2022-04-11 20:00:00,1941.39,1955.9,1940.8,1954.96,12432,18,0
2022-04-12 00:00:00,1953.37,1954.51,1949.98,1952.56,5177,18,0
2022-04-12 04:00:00,1952.49,1960.64,1950.37,1958.08,10187,18,0
2022-04-12 08:00:00,1958.08,1960.3,1950.37,1951.09,14905,18,0
2022-04-12 12:00:00,1951.09,1972.19,1949.28,1970.52,21546,18,0
2022-04-12 16:00:00,1970.52,1978.8,1960.7,1974.16,32736,18,0
2022-04-12 20:00:00,1974.2,1975.26,1964.78,1966.29,16034,18,0
2022-04-13 00:00:00,1966.58,1968.09,1962.89,1964.23,4647,18,0
2022-04-13 04:00:00,1964.23,1972.46,1963.58,1968.42,9824,18,0
2022-04-13 08:00:00,1968.31,1975.85,1965.71,1974.02,16582,18,0
2022-04-13 12:00:00,1974.01,1980.92,1971.95,1977.74,21194,18,0
2022-04-13 16:00:00,1977.72,1981.75,1973.36,1979.17,27386,18,0
2022-04-13 20:00:00,1979.17,1981.76,1975.01,1977.93,11781,18,0
2022-04-14 00:00:00,1977.85,1979.37,1973.64,1975.05,4422,18,0
2022-04-14 04:00:00,1975.07,1980.5,1972.6,1975.63,10161,18,0
2022-04-14 08:00:00,1975.63,1978.39,1970.41,1971.4,13999,18,0
2022-04-14 12:00:00,1971.3,1980.03,1967.19,1972.55,22333,18,0
2022-04-14 16:00:00,1972.62,1977.96,1960.37,1971.14,30387,18,0
2022-04-14 20:00:00,1971.17,1975.15,1970.06,1973.23,7223,31,0
2022-04-18 00:00:00,1972.84,1988.75,1969.66,1987.55,6665,36,0
2022-04-18 04:00:00,1987.65,1988.55,1982.52,1984.98,9647,25,0
2022-04-18 08:00:00,1984.98,1993.38,1983.73,1993.23,10697,26,0
2022-04-18 12:00:00,1993.23,1998.7,1987.94,1995.11,11119,19,0
2022-04-18 16:00:00,1995.11,1996.54,1982.79,1986.59,20682,18,0
2022-04-18 20:00:00,1986.6,1987.6,1976.12,1978.77,11717,18,0
2022-04-19 00:00:00,1977.44,1978.81,1974.7,1975.7,4078,21,0
2022-04-19 04:00:00,1975.7,1978.76,1973.44,1974.4,8551,32,0
2022-04-19 08:00:00,1974.4,1981.27,1972.54,1978.04,9593,18,0
2022-04-19 12:00:00,1978.01,1981.83,1964.38,1966.99,11301,18,0
2022-04-19 16:00:00,1967.06,1968.13,1950.18,1957.23,21050,18,0
2022-04-19 20:00:00,1957.12,1957.62,1943.54,1948.95,11499,18,0
2022-04-20 00:00:00,1949.71,1951.31,1945.74,1946.43,5146,18,0
2022-04-20 04:00:00,1946.43,1948.93,1939.82,1942.88,13519,18,0
2022-04-20 08:00:00,1942.81,1947.07,1938.93,1946.59,11275,18,0
2022-04-20 12:00:00,1946.59,1955.08,1944.55,1949.85,14796,18,0
2022-04-20 16:00:00,1949.84,1954.88,1943.73,1953.95,15011,18,0
2022-04-20 20:00:00,1953.9,1959.12,1951.67,1958.39,11160,18,0
2022-04-21 00:00:00,1957.9,1958.2,1953.86,1956.72,4242,29,0
2022-04-21 04:00:00,1956.76,1957.37,1950.86,1951.5,8343,18,0
2022-04-21 08:00:00,1951.5,1953.46,1942.72,1946.43,11062,18,0
2022-04-21 12:00:00,1946.42,1948.47,1935.87,1947.05,13075,18,0
2022-04-21 16:00:00,1946.97,1948.9,1937.14,1939.77,17957,18,0
2022-04-21 20:00:00,1939.68,1953.25,1939.37,1950.87,12050,18,0
2022-04-22 00:00:00,1950.11,1951.81,1946.93,1948.76,5177,22,0
2022-04-22 04:00:00,1948.84,1952.16,1944.39,1951.72,10047,18,0
2022-04-22 08:00:00,1951.72,1955.97,1943.43,1943.7,12794,18,0
2022-04-22 12:00:00,1943.71,1943.99,1928.32,1936.49,14506,18,0
2022-04-22 16:00:00,1936.45,1945.71,1925.77,1935.93,21860,18,0
2022-04-22 20:00:00,1935.9,1936.2,1930.58,1931.56,15562,18,0
2022-04-25 00:00:00,1927.71,1933.72,1925.68,1927.3,6749,18,0
2022-04-25 04:00:00,1927.27,1927.41,1915.4,1915.86,18075,18,0
2022-04-25 08:00:00,1915.86,1920.78,1911.67,1916.12,26218,18,0
2022-04-25 12:00:00,1916.12,1918.83,1890.97,1894.26,32974,18,0
2022-04-25 16:00:00,1894.24,1903.94,1891.75,1897.57,46702,18,0
2022-04-25 20:00:00,1897.57,1902.41,1894.51,1897.54,20291,18,0
2022-04-26 00:00:00,1896.21,1903.68,1896.05,1900.85,8083,18,0
2022-04-26 04:00:00,1900.87,1905.14,1897.2,1903.78,18631,18,0
2022-04-26 08:00:00,1903.78,1907.46,1895.54,1902.45,26690,18,0
2022-04-26 12:00:00,1902.45,1909.51,1900.32,1901.71,24493,18,0
2022-04-26 16:00:00,1901.71,1911.21,1900.09,1903.15,37880,18,0
2022-04-26 20:00:00,1903.14,1906.41,1896.38,1905.97,17843,18,0
2022-04-27 00:00:00,1902.95,1906.94,1902.88,1903.7,7064,18,0
2022-04-27 04:00:00,1903.7,1904.49,1895.74,1898.02,18960,18,0
2022-04-27 08:00:00,1897.96,1903.48,1883.4,1893.37,25554,18,0
2022-04-27 12:00:00,1893.37,1906.83,1893.2,1896.41,22717,18,0
2022-04-27 16:00:00,1896.44,1897.28,1881.11,1887.48,35374,18,0
2022-04-27 20:00:00,1887.48,1891.43,1884.77,1885.56,15827,18,0
2022-04-28 00:00:00,1885.61,1886.65,1882.98,1883.7,3587,18,0
2022-04-28 04:00:00,1883.7,1884.3,1875.55,1878.1,13175,18,0
2022-04-28 08:00:00,1878.11,1889.99,1871.51,1886.28,18687,18,0
2022-04-28 12:00:00,1886.29,1895.22,1881.9,1885.58,25168,18,0
2022-04-28 16:00:00,1885.58,1892.92,1883.15,1888.52,32655,18,0
2022-04-28 20:00:00,1888.53,1896.72,1887.62,1894.17,13725,18,0
2022-04-29 00:00:00,1893.19,1898.02,1892.54,1897.33,3799,18,0
2022-04-29 04:00:00,1897.33,1906.02,1896.73,1905.94,13289,18,0
2022-04-29 08:00:00,1905.93,1918.03,1905.53,1913.96,19440,18,0
2022-04-29 12:00:00,1913.97,1919.93,1907.57,1910.82,20902,18,0
2022-04-29 16:00:00,1910.8,1914.65,1902.54,1908.24,27380,18,0
2022-04-29 20:00:00,1908.24,1911.62,1894.37,1896.36,15338,18,0
2022-05-02 00:00:00,1895.85,1899.85,1888.88,1890.42,8616,18,0
2022-05-02 04:00:00,1890.42,1892.44,1883.7,1885.43,10321,18,0
2022-05-02 08:00:00,1885.14,1887.68,1879.46,1879.83,12837,18,0
2022-05-02 12:00:00,1879.83,1882.09,1860.32,1861.32,19031,18,0
2022-05-02 16:00:00,1861.25,1871.87,1854.2,1865.96,30713,18,0
2022-05-02 20:00:00,1865.8,1866.7,1859.74,1863.02,12974,18,0
2022-05-03 00:00:00,1862.5,1867.08,1862.08,1866.76,4370,18,0
2022-05-03 04:00:00,1866.72,1866.72,1857.45,1858.17,9435,18,0
2022-05-03 08:00:00,1858.17,1861.83,1850.58,1853.89,17404,18,0
2022-05-03 12:00:00,1853.85,1865.7,1853.77,1863.42,17818,18,0
2022-05-03 16:00:00,1863.33,1878.23,1862.24,1870.02,28304,18,0
2022-05-03 20:00:00,1870.0,1872.04,1865.5,1868.18,12411,18,0
2022-05-04 00:00:00,1866.96,1869.64,1865.08,1866.11,4032,18,0
2022-05-04 04:00:00,1866.08,1866.43,1861.81,1865.87,7161,18,0
2022-05-04 08:00:00,1865.87,1872.3,1861.54,1868.76,10541,18,0
2022-05-04 12:00:00,1868.71,1871.71,1863.69,1867.5,11902,18,0
2022-05-04 16:00:00,1867.51,1870.86,1861.5,1868.57,18881,18,0
2022-05-04 20:00:00,1868.76,1889.75,1861.68,1881.72,31509,18,0
2022-05-05 00:00:00,1882.33,1896.09,1881.86,1895.89,6985,18,0
2022-05-05 04:00:00,1895.89,1903.39,1895.89,1901.51,13239,18,0
2022-05-05 08:00:00,1901.51,1902.18,1889.51,1894.32,19628,18,0
2022-05-05 12:00:00,1894.32,1909.85,1893.2,1907.0,23591,18,0
2022-05-05 16:00:00,1907.03,1908.55,1872.32,1876.36,40859,18,0
2022-05-05 20:00:00,1876.21,1880.93,1873.25,1877.07,18331,18,0
2022-05-06 00:00:00,1875.56,1878.15,1871.78,1872.42,5896,18,0
2022-05-06 04:00:00,1872.42,1877.53,1865.82,1875.89,16340,18,0
2022-05-06 08:00:00,1875.9,1881.92,1873.09,1881.9,18229,18,0
2022-05-06 12:00:00,1881.91,1890.05,1875.94,1876.47,22232,18,0
2022-05-06 16:00:00,1876.57,1892.51,1874.39,1888.71,32607,18,0
2022-05-06 20:00:00,1888.64,1888.92,1880.43,1882.21,13771,18,0
2022-05-09 00:00:00,1882.76,1885.61,1877.75,1881.21,6863,18,0
2022-05-09 04:00:00,1881.21,1881.21,1872.78,1873.65,13501,18,0
2022-05-09 08:00:00,1873.65,1873.71,1864.04,1865.38,20189,18,0
2022-05-09 12:00:00,1865.38,1868.75,1855.91,1864.32,25752,18,0
2022-05-09 16:00:00,1864.3,1871.42,1857.56,1860.8,34557,18,0
2022-05-09 20:00:00,1860.8,1861.88,1851.43,1853.93,19096,18,0
2022-05-10 00:00:00,1852.4,1855.57,1852.05,1853.95,7259,18,0
2022-05-10 04:00:00,1853.97,1865.17,1852.74,1863.08,16002,18,0
2022-05-10 08:00:00,1863.06,1865.29,1858.69,1862.66,19294,18,0
2022-05-10 12:00:00,1862.68,1864.41,1856.12,1862.14,19794,18,0
2022-05-10 16:00:00,1862.16,1864.38,1841.25,1844.81,34894,18,0
2022-05-10 20:00:00,1844.75,1846.72,1835.34,1838.1,18992,18,0
2022-05-11 00:00:00,1837.01,1840.09,1831.89,1832.25,5952,18,0
2022-05-11 04:00:00,1832.22,1839.88,1832.08,1838.9,12146,18,0
2022-05-11 08:00:00,1838.9,1852.5,1837.03,1851.64,16621,18,0
2022-05-11 12:00:00,1851.67,1854.34,1834.66,1839.46,20082,18,0
2022-05-11 16:00:00,1839.46,1858.14,1837.7,1852.21,40354,18,0
2022-05-11 20:00:00,1852.22,1856.47,1850.6,1852.28,15646,18,0
2022-05-12 00:00:00,1851.92,1857.71,1850.94,1857.27,6163,18,0
2022-05-12 04:00:00,1857.27,1858.77,1850.08,1851.05,13135,18,0
2022-05-12 08:00:00,1851.04,1854.11,1843.81,1847.15,24945,18,0
2022-05-12 12:00:00,1847.18,1852.04,1839.88,1845.08,24486,18,0
2022-05-12 16:00:00,1845.01,1849.04,1823.99,1825.33,34407,18,0
2022-05-12 20:00:00,1825.39,1826.55,1821.3,1821.72,18691,18,0
2022-05-13 00:00:00,1821.37,1823.78,1810.25,1822.33,8198,18,0
2022-05-13 04:00:00,1822.31,1827.32,1822.28,1826.47,13817,18,0
2022-05-13 08:00:00,1826.48,1828.66,1820.11,1822.03,18251,18,0
2022-05-13 12:00:00,1822.02,1824.5,1808.17,1810.14,19686,18,0
2022-05-13 16:00:00,1810.17,1818.33,1798.94,1811.19,30420,18,0
2022-05-13 20:00:00,1811.16,1812.19,1806.85,1811.26,9924,18,0
2022-05-16 00:00:00,1808.65,1816.16,1808.54,1815.63,6742,18,0
2022-05-16 04:00:00,1815.67,1817.45,1807.18,1807.62,12792,21,0
2022-05-16 08:00:00,1807.52,1810.02,1786.65,1798.91,17552,18,0
2022-05-16 12:00:00,1798.88,1810.42,1797.98,1808.09,17246,18,0
2022-05-16 16:00:00,1808.09,1816.45,1804.77,1815.66,20211,18,0
2022-05-16 20:00:00,1815.56,1826.88,1813.79,1824.81,10073,18,0
2022-05-17 00:00:00,1823.28,1829.34,1822.94,1825.54,4929,18,0
2022-05-17 04:00:00,1825.55,1828.35,1821.87,1823.79,10438,18,0
2022-05-17 08:00:00,1823.77,1830.32,1823.36,1827.96,14313,18,0
2022-05-17 12:00:00,1827.94,1836.11,1826.12,1832.31,18645,18,0
2022-05-17 16:00:00,1832.4,1832.95,1817.89,1821.26,24831,18,0
2022-05-17 20:00:00,1821.24,1821.84,1812.8,1814.43,15137,18,0
2022-05-18 00:00:00,1813.08,1817.12,1812.93,1816.22,4781,18,0
2022-05-18 04:00:00,1816.34,1817.22,1807.58,1808.94,12843,18,0
2022-05-18 08:00:00,1808.94,1817.13,1808.65,1815.51,16086,18,0
2022-05-18 12:00:00,1815.46,1820.42,1807.12,1811.13,16970,18,0
2022-05-18 16:00:00,1811.1,1824.69,1809.65,1820.8,23603,18,0
2022-05-18 20:00:00,1820.83,1822.07,1815.36,1817.27,11810,18,0
2022-05-19 00:00:00,1814.81,1817.41,1814.31,1815.01,5200,18,0
2022-05-19 04:00:00,1815.01,1817.65,1813.86,1815.35,9638,18,0
2022-05-19 08:00:00,1815.35,1823.17,1810.84,1822.63,18533,18,0
2022-05-19 12:00:00,1822.61,1841.76,1821.38,1838.38,20733,18,0
2022-05-19 16:00:00,1838.4,1849.23,1832.46,1843.04,31512,18,0
2022-05-19 20:00:00,1843.06,1844.07,1839.96,1841.21,15527,18,0
2022-05-20 00:00:00,1839.83,1844.67,1839.83,1841.41,4875,18,0
2022-05-20 04:00:00,1841.41,1843.65,1836.52,1842.77,9957,18,0
2022-05-20 08:00:00,1842.69,1849.49,1841.39,1845.75,18317,18,0
2022-05-20 12:00:00,1845.73,1847.78,1841.11,1842.19,15026,18,0
2022-05-20 16:00:00,1842.29,1846.7,1832.31,1841.56,25293,18,0
2022-05-20 20:00:00,1841.56,1846.11,1840.41,1845.7,10708,18,0
2022-05-23 00:00:00,1843.78,1858.19,1843.35,1852.54,5373,18,0
2022-05-23 04:00:00,1852.54,1855.92,1848.63,1854.39,9959,18,0
2022-05-23 08:00:00,1854.39,1863.16,1851.92,1861.66,15438,18,0
2022-05-23 12:00:00,1861.68,1865.48,1854.87,1855.72,16460,18,0
2022-05-23 16:00:00,1855.76,1858.13,1848.65,1850.0,25180,18,0
2022-05-23 20:00:00,1850.01,1858.84,1846.94,1853.59,9883,18,0
2022-05-24 00:00:00,1852.25,1855.06,1851.93,1852.0,2590,18,0
2022-05-24 04:00:00,1852.02,1857.23,1849.25,1855.94,7166,18,0
2022-05-24 08:00:00,1855.96,1860.71,1850.44,1856.16,12235,18,0
2022-05-24 12:00:00,1856.17,1860.78,1854.14,1860.09,11109,18,0
2022-05-24 16:00:00,1860.09,1869.75,1858.77,1867.16,22884,18,0
2022-05-24 20:00:00,1867.16,1867.19,1862.8,1866.16,8018,18,0
2022-05-25 00:00:00,1864.44,1868.13,1863.59,1865.27,3304,18,0
2022-05-25 04:00:00,1865.27,1865.6,1859.61,1863.16,8791,18,0
2022-05-25 08:00:00,1863.18,1863.44,1855.03,1855.92,11754,18,0
2022-05-25 12:00:00,1855.92,1859.31,1850.83,1852.48,12998,18,0
2022-05-25 16:00:00,1852.43,1854.28,1841.18,1845.04,20793,18,0
2022-05-25 20:00:00,1844.98,1856.31,1843.36,1853.73,10962,18,0
2022-05-26 00:00:00,1852.09,1854.28,1852.09,1852.32,4297,18,0
2022-05-26 04:00:00,1852.32,1853.2,1844.18,1844.92,10247,18,0
2022-05-26 08:00:00,1844.92,1850.67,1842.7,1845.88,17042,18,0
2022-05-26 12:00:00,1845.98,1847.85,1840.36,1843.28,15758,18,0
2022-05-26 16:00:00,1843.31,1853.4,1841.29,1847.66,21876,18,0
2022-05-26 20:00:00,1847.68,1853.72,1847.66,1850.78,7444,18,0
2022-05-27 00:00:00,1848.64,1853.93,1848.38,1849.33,3426,18,0
2022-05-27 04:00:00,1849.29,1856.4,1847.89,1853.12,9404,18,0
2022-05-27 08:00:00,1853.1,1860.53,1851.87,1856.86,11737,18,0
2022-05-27 12:00:00,1856.86,1862.03,1850.48,1855.74,17126,18,0
2022-05-27 16:00:00,1855.64,1861.33,1851.04,1853.16,21148,18,0
2022-05-27 20:00:00,1853.11,1854.85,1852.0,1853.06,6223,18,0
2022-05-30 00:00:00,1850.19,1853.93,1848.06,1850.3,3716,18,0
2022-05-30 04:00:00,1850.3,1862.08,1848.62,1861.18,10798,18,0
2022-05-30 08:00:00,1861.18,1864.2,1856.34,1858.86,11235,18,0
2022-05-30 12:00:00,1858.86,1859.35,1853.97,1855.18,8547,18,0
2022-05-30 16:00:00,1855.19,1861.13,1854.24,1856.48,10878,18,0
2022-05-31 00:00:00,1855.29,1856.83,1845.78,1846.15,6761,18,0
2022-05-31 04:00:00,1846.15,1853.6,1845.63,1851.63,13422,18,0
2022-05-31 08:00:00,1851.63,1857.29,1851.63,1852.73,14523,18,0
2022-05-31 12:00:00,1852.73,1854.15,1844.44,1848.85,20051,18,0
2022-05-31 16:00:00,1848.89,1855.34,1839.74,1845.88,31530,18,0
2022-05-31 20:00:00,1845.8,1846.19,1834.96,1837.98,12677,18,0
2022-06-01 00:00:00,1836.53,1838.35,1834.02,1834.17,5313,18,0
2022-06-01 04:00:00,1834.09,1837.81,1831.68,1833.29,13775,18,0
2022-06-01 08:00:00,1833.27,1837.03,1829.24,1829.93,18540,18,0
2022-06-01 12:00:00,1829.93,1844.82,1828.26,1844.26,20113,18,0
2022-06-01 16:00:00,1844.25,1850.03,1838.0,1847.71,30483,18,0
2022-06-01 20:00:00,1847.71,1850.13,1845.18,1846.66,8919,18,0
2022-06-02 00:00:00,1846.0,1849.03,1845.45,1847.32,4152,18,0
2022-06-02 04:00:00,1847.32,1847.62,1844.11,1845.15,8907,18,0
2022-06-02 08:00:00,1845.17,1853.49,1844.18,1852.26,12215,18,0
2022-06-02 12:00:00,1852.26,1858.98,1851.07,1856.7,17035,18,0
2022-06-02 16:00:00,1856.77,1870.76,1856.77,1868.05,26379,18,0
2022-06-02 20:00:00,1868.08,1870.6,1866.72,1868.69,9201,18,0
2022-06-03 00:00:00,1868.81,1874.31,1868.43,1873.44,4674,18,0
2022-06-03 04:00:00,1873.5,1873.94,1866.89,1867.97,8355,18,0
2022-06-03 08:00:00,1868.01,1869.31,1864.44,1864.94,10188,18,0
2022-06-03 12:00:00,1864.93,1867.92,1856.71,1858.43,18746,18,0
2022-06-03 16:00:00,1858.51,1865.34,1848.05,1850.86,28624,18,0
2022-06-03 20:00:00,1850.87,1851.61,1847.27,1851.07,9820,18,0
2022-06-06 00:00:00,1847.97,1853.47,1847.97,1850.84,4900,18,0
2022-06-06 04:00:00,1850.8,1856.65,1850.46,1855.37,11381,18,0
2022-06-06 08:00:00,1855.37,1856.39,1850.88,1851.62,15113,18,0
2022-06-06 12:00:00,1851.62,1857.82,1850.77,1853.56,14454,18,0
2022-06-06 16:00:00,1853.56,1854.21,1841.46,1842.11,27401,18,0
2022-06-06 20:00:00,1842.13,1843.73,1840.51,1842.03,9549,18,0
2022-06-07 00:00:00,1840.38,1841.89,1837.54,1838.88,5392,18,0
2022-06-07 04:00:00,1838.79,1844.47,1836.9,1842.35,13882,18,0
2022-06-07 08:00:00,1842.35,1848.46,1838.35,1846.67,16790,18,0
2022-06-07 12:00:00,1846.67,1851.99,1842.7,1845.01,14744,18,0
2022-06-07 16:00:00,1845.01,1853.58,1842.31,1851.17,25334,18,0
2022-06-07 20:00:00,1851.16,1855.59,1848.74,1852.01,9662,18,0
2022-06-08 00:00:00,1851.88,1853.74,1849.53,1850.24,5266,18,0
2022-06-08 04:00:00,1850.26,1850.75,1845.71,1847.5,11051,18,0
2022-06-08 08:00:00,1847.5,1851.3,1846.44,1847.36,14271,18,0
2022-06-08 12:00:00,1847.36,1853.44,1844.51,1852.11,16253,18,0
2022-06-08 16:00:00,1852.11,1859.72,1851.25,1855.51,18587,18,0
2022-06-08 20:00:00,1855.53,1855.96,1848.94,1852.85,9403,18,0
2022-06-09 00:00:00,1852.05,1854.44,1851.5,1851.93,4644,18,0
2022-06-09 04:00:00,1851.93,1855.42,1850.87,1854.18,10971,18,0
2022-06-09 08:00:00,1854.14,1855.09,1847.48,1849.55,15650,18,0
2022-06-09 12:00:00,1849.55,1852.52,1843.68,1850.33,22578,18,0
2022-06-09 16:00:00,1850.41,1851.18,1839.91,1848.6,27599,18,0
2022-06-09 20:00:00,1848.58,1850.51,1846.66,1847.93,10387,18,0
2022-06-10 00:00:00,1847.64,1848.1,1845.68,1847.68,4199,18,0
2022-06-10 04:00:00,1847.61,1848.28,1843.14,1843.15,9576,18,0
2022-06-10 08:00:00,1843.15,1847.51,1843.1,1844.65,13370,18,0
2022-06-10 12:00:00,1844.65,1845.6,1824.72,1838.2,28027,18,0
2022-06-10 16:00:00,1838.19,1876.11,1828.15,1871.91,50384,18,0
2022-06-10 20:00:00,1871.91,1875.48,1868.81,1871.74,17723,18,0
2022-06-13 00:00:00,1873.84,1879.25,1871.99,1872.77,9585,18,0
2022-06-13 04:00:00,1872.77,1872.79,1860.17,1863.44,17079,18,0
2022-06-13 08:00:00,1863.39,1867.21,1853.17,1853.17,28995,18,0
2022-06-13 12:00:00,1853.08,1858.96,1842.12,1842.77,31741,18,0
2022-06-13 16:00:00,1842.79,1845.7,1823.17,1828.59,57531,18,0
2022-06-13 20:00:00,1828.58,1830.7,1818.91,1818.92,30505,18,0
2022-06-14 00:00:00,1819.23,1824.17,1807.77,1823.88,11177,18,0
2022-06-14 04:00:00,1823.88,1827.86,1822.92,1824.62,18598,18,0
2022-06-14 08:00:00,1824.68,1831.53,1823.83,1825.61,30278,18,0
2022-06-14 12:00:00,1825.62,1825.64,1815.92,1819.95,35452,18,0
2022-06-14 16:00:00,1819.95,1821.89,1809.21,1812.18,39806,18,0
2022-06-14 20:00:00,1812.16,1813.31,1804.89,1809.13,22711,18,0
2022-06-15 00:00:00,1806.53,1811.7,1806.53,1811.24,8799,18,0
2022-06-15 04:00:00,1811.24,1819.3,1810.4,1814.4,19510,18,0
2022-06-15 08:00:00,1814.43,1823.98,1813.06,1822.09,35901,18,0
2022-06-15 12:00:00,1822.09,1836.53,1820.39,1831.65,30333,18,0
2022-06-15 16:00:00,1831.77,1832.95,1818.59,1819.7,37404,18,0
2022-06-15 20:00:00,1819.7,1841.92,1813.46,1833.7,45790,18,0
2022-06-16 00:00:00,1831.38,1836.36,1831.38,1834.15,8956,18,0
2022-06-16 04:00:00,1834.14,1835.02,1829.6,1830.97,17512,18,0
2022-06-16 08:00:00,1830.99,1833.61,1826.46,1833.53,33704,18,0
2022-06-16 12:00:00,1833.53,1836.09,1815.01,1829.39,40482,18,0
2022-06-16 16:00:00,1829.39,1852.82,1825.23,1850.45,42918,18,0
2022-06-16 20:00:00,1850.49,1857.36,1845.55,1856.51,19761,18,0
2022-06-17 00:00:00,1856.56,1857.08,1845.98,1846.73,6836,18,0
2022-06-17 04:00:00,1846.71,1847.7,1841.6,1845.61,22383,18,0
2022-06-17 08:00:00,1845.6,1851.19,1841.95,1850.04,26411,18,0
2022-06-17 12:00:00,1850.03,1853.09,1844.56,1851.37,28957,18,0
2022-06-17 16:00:00,1851.37,1851.69,1836.65,1839.4,41333,18,0
2022-06-17 20:00:00,1839.38,1841.85,1833.84,1840.28,14334,18,0
2022-06-20 00:00:00,1837.72,1840.46,1834.66,1839.78,7733,0,0
2022-06-20 04:00:00,1839.78,1846.14,1835.11,1843.38,18327,18,0
2022-06-20 08:00:00,1843.36,1844.8,1838.91,1839.71,15449,18,0
2022-06-20 12:00:00,1839.71,1843.77,1836.38,1838.96,12480,18,0
2022-06-20 16:00:00,1838.96,1843.23,1835.67,1835.78,12807,18,0
2022-06-20 20:00:00,1835.78,1835.81,1835.69,1835.78,19,23,0
2022-06-21 00:00:00,1835.64,1841.59,1835.64,1841.05,7229,18,0
2022-06-21 04:00:00,1841.08,1842.35,1837.92,1838.57,11294,18,0
2022-06-21 08:00:00,1838.57,1839.55,1832.46,1834.57,17434,18,0
2022-06-21 12:00:00,1834.57,1839.49,1830.63,1836.08,17866,18,0
2022-06-21 16:00:00,1836.08,1843.6,1832.71,1836.27,22198,18,0
2022-06-21 20:00:00,1836.27,1836.97,1828.48,1833.32,9543,18,0
2022-06-22 00:00:00,1831.89,1833.14,1826.65,1828.34,7009,18,0
2022-06-22 04:00:00,1828.31,1830.3,1825.16,1825.5,14092,18,0
2022-06-22 08:00:00,1825.49,1830.21,1823.22,1823.82,19595,18,0
2022-06-22 12:00:00,1823.8,1846.79,1823.22,1844.72,23046,18,0
2022-06-22 16:00:00,1844.76,1847.89,1835.45,1838.3,33302,18,0
2022-06-22 20:00:00,1838.3,1841.75,1835.92,1838.28,9931,18,0
2022-06-23 00:00:00,1836.65,1838.36,1834.93,1835.68,4807,20,0
2022-06-23 04:00:00,1835.48,1838.64,1831.98,1833.17,13102,18,0
2022-06-23 08:00:00,1833.17,1838.04,1831.0,1832.97,19307,18,0
2022-06-23 12:00:00,1832.97,1834.14,1823.68,1833.91,19652,18,0
2022-06-23 16:00:00,1833.91,1846.09,1829.16,1830.29,32692,18,0
2022-06-23 20:00:00,1830.36,1830.37,1822.37,1823.1,15544,18,0
2022-06-24 00:00:00,1822.63,1825.24,1822.32,1823.78,7950,18,0
2022-06-24 04:00:00,1823.8,1826.33,1821.45,1825.89,17656,18,0
2022-06-24 08:00:00,1825.87,1831.66,1820.99,1826.08,21949,18,0
2022-06-24 12:00:00,1826.08,1829.03,1821.63,1821.99,19270,18,0
2022-06-24 16:00:00,1821.94,1831.3,1816.65,1826.35,32655,18,0
2022-06-24 20:00:00,1826.35,1830.82,1823.58,1827.25,10186,18,0
2022-06-27 00:00:00,1837.09,1839.25,1828.11,1828.88,8198,18,0
2022-06-27 04:00:00,1828.9,1836.86,1828.33,1835.51,13317,18,0
2022-06-27 08:00:00,1835.51,1841.11,1833.87,1839.58,15852,18,0
2022-06-27 12:00:00,1839.58,1840.47,1828.22,1831.87,17375,18,0
2022-06-27 16:00:00,1831.87,1834.52,1820.76,1825.33,28618,18,0
2022-06-27 20:00:00,1825.37,1827.02,1821.97,1822.74,9790,18,0
2022-06-28 00:00:00,1821.52,1824.92,1821.52,1824.75,5337,18,0
2022-06-28 04:00:00,1824.75,1826.95,1822.39,1825.42,10412,18,0
2022-06-28 08:00:00,1825.43,1829.49,1824.8,1826.52,14381,18,0
2022-06-28 12:00:00,1826.52,1827.84,1820.35,1822.47,16879,18,0
2022-06-28 16:00:00,1822.52,1826.24,1818.55,1821.62,24264,18,0
2022-06-28 20:00:00,1821.62,1822.52,1818.39,1820.61,9438,18,0
2022-06-29 00:00:00,1818.88,1820.23,1818.27,1819.86,4526,18,0
2022-06-29 04:00:00,1819.83,1822.99,1818.48,1820.78,9973,18,0
2022-06-29 08:00:00,1820.79,1822.14,1815.61,1816.38,17039,18,0
2022-06-29 12:00:00,1816.41,1833.1,1812.03,1831.32,18293,18,0
2022-06-29 16:00:00,1831.32,1832.65,1814.88,1816.93,27682,18,0
2022-06-29 20:00:00,1816.91,1819.35,1815.65,1818.22,6999,18,0
2022-06-30 00:00:00,1817.23,1820.72,1817.15,1819.71,5418,18,0
2022-06-30 04:00:00,1819.68,1822.01,1815.01,1816.14,10341,18,0
2022-06-30 08:00:00,1816.06,1817.78,1812.05,1815.89,18669,18,0
2022-06-30 12:00:00,1815.92,1824.7,1802.71,1822.52,24533,18,0
2022-06-30 16:00:00,1822.58,1825.01,1804.86,1809.89,30624,18,0
2022-06-30 20:00:00,1809.88,1810.23,1805.53,1807.15,12753,18,0
2022-07-01 00:00:00,1806.75,1807.9,1803.41,1806.39,5368,18,0
2022-07-01 04:00:00,1806.4,1806.97,1800.82,1802.87,15563,18,0
2022-07-01 08:00:00,1802.87,1802.93,1792.38,1794.82,20947,18,0
2022-07-01 12:00:00,1794.79,1797.05,1784.49,1789.86,25596,18,0
2022-07-01 16:00:00,1789.83,1808.85,1788.33,1799.42,39259,18,0
2022-07-01 20:00:00,1799.32,1809.29,1797.88,1808.44,12141,18,0
2022-07-04 00:00:00,1811.52,1811.52,1807.64,1808.2,5863,18,0
2022-07-04 04:00:00,1808.2,1814.33,1805.52,1812.36,13488,18,0
2022-07-04 08:00:00,1812.36,1813.41,1806.47,1807.46,13263,18,0
2022-07-04 12:00:00,1807.43,1809.59,1803.95,1807.62,12681,18,0
2022-07-04 16:00:00,1807.64,1810.88,1805.22,1806.64,7638,18,0
2022-07-04 20:00:00,1806.67,1807.69,1805.87,1807.14,643,21,0
2022-07-05 00:00:00,1807.17,1809.82,1806.49,1807.51,5808,18,0
2022-07-05 04:00:00,1807.51,1812.16,1807.46,1811.43,11332,18,0
2022-07-05 08:00:00,1811.32,1811.92,1800.66,1800.96,19331,18,0
2022-07-05 12:00:00,1800.97,1805.41,1796.28,1800.4,24121,18,0
2022-07-05 16:00:00,1800.45,1800.45,1765.05,1767.37,44501,18,0
2022-07-05 20:00:00,1767.39,1769.05,1763.89,1765.99,15795,18,0
2022-07-06 00:00:00,1762.48,1771.21,1762.48,1771.15,5896,18,0
2022-07-06 04:00:00,1771.13,1772.88,1765.89,1766.52,15446,22,0
2022-07-06 08:00:00,1766.52,1771.82,1763.0,1766.18,23156,19,0
2022-07-06 12:00:00,1766.25,1767.94,1759.5,1765.38,22085,18,0
2022-07-06 16:00:00,1765.36,1767.93,1732.24,1735.13,44168,18,0
2022-07-06 20:00:00,1735.11,1743.97,1733.56,1739.04,18746,18,0
2022-07-07 00:00:00,1738.38,1742.58,1738.21,1741.87,5844,18,0
2022-07-07 04:00:00,1741.87,1747.08,1736.48,1744.4,14589,18,0
2022-07-07 08:00:00,1744.4,1747.66,1740.04,1742.13,17755,18,0
2022-07-07 12:00:00,1742.4,1745.95,1738.36,1739.59,20884,18,0
2022-07-07 16:00:00,1739.59,1749.11,1737.99,1742.65,27041,18,0
2022-07-07 20:00:00,1742.65,1742.99,1738.7,1740.01,9715,18,0
2022-07-08 00:00:00,1739.98,1744.86,1738.88,1744.62,4640,21,0
2022-07-08 04:00:00,1744.6,1746.64,1739.53,1741.95,15460,18,0
2022-07-08 08:00:00,1741.95,1743.83,1733.19,1737.85,16761,18,0
2022-07-08 12:00:00,1737.87,1745.58,1727.78,1738.54,21777,18,0
2022-07-08 16:00:00,1738.6,1752.38,1736.42,1742.35,32841,18,0
2022-07-08 20:00:00,1742.36,1744.3,1741.11,1742.58,7940,18,0
2022-07-11 00:00:00,1742.33,1744.64,1739.83,1741.65,5489,18,0
2022-07-11 04:00:00,1741.65,1743.49,1738.53,1742.27,12872,18,0
2022-07-11 08:00:00,1742.26,1742.39,1735.97,1737.98,15661,18,0
2022-07-11 12:00:00,1737.98,1739.95,1733.6,1736.9,17988,18,0
2022-07-11 16:00:00,1736.9,1742.63,1734.11,1734.99,29788,18,0
2022-07-11 20:00:00,1734.98,1736.8,1731.3,1734.08,11049,18,0
2022-07-12 00:00:00,1733.03,1735.71,1731.96,1732.7,4947,18,0
2022-07-12 04:00:00,1732.71,1744.25,1723.15,1728.88,18309,18,0
2022-07-12 08:00:00,1728.84,1739.19,1725.55,1734.71,20184,18,0
2022-07-12 12:00:00,1734.65,1739.45,1730.83,1732.11,20207,18,0
2022-07-12 16:00:00,1732.11,1733.97,1726.07,1729.56,30681,18,0
2022-07-12 20:00:00,1729.56,1729.85,1724.53,1726.31,12703,18,0
2022-07-13 00:00:00,1725.16,1726.26,1722.76,1724.83,4961,18,0
2022-07-13 04:00:00,1724.66,1728.79,1724.05,1725.78,15995,18,0
2022-07-13 08:00:00,1725.78,1728.57,1722.46,1727.86,18639,18,0
2022-07-13 12:00:00,1727.86,1731.86,1707.16,1712.76,24644,18,0
2022-07-13 16:00:00,1712.63,1745.42,1710.61,1738.13,50416,18,0
2022-07-13 20:00:00,1738.07,1740.08,1731.98,1735.53,17572,18,0
2022-07-14 00:00:00,1734.24,1736.3,1727.32,1728.23,6337,21,0
2022-07-14 04:00:00,1728.26,1733.62,1725.46,1728.02,15093,18,0
2022-07-14 08:00:00,1728.02,1728.91,1715.11,1716.69,24294,18,0
2022-07-14 12:00:00,1716.69,1717.35,1707.81,1709.2,26358,18,0
2022-07-14 16:00:00,1709.2,1714.49,1697.57,1705.83,49613,18,0
2022-07-14 20:00:00,1705.88,1712.38,1705.68,1710.63,17101,18,0
2022-07-15 00:00:00,1709.66,1712.11,1709.66,1710.45,5435,18,0
2022-07-15 04:00:00,1710.45,1716.56,1707.53,1709.36,15480,18,0
2022-07-15 08:00:00,1709.42,1710.83,1700.65,1704.4,20299,18,0
2022-07-15 12:00:00,1704.42,1710.85,1699.9,1707.49,24248,18,0
2022-07-15 16:00:00,1707.49,1714.0,1699.01,1704.66,35320,18,0
2022-07-15 20:00:00,1704.66,1707.19,1703.63,1707.02,9398,18,0
2022-07-18 00:00:00,1707.29,1711.16,1705.9,1708.46,5832,18,0
2022-07-18 04:00:00,1708.61,1717.68,1708.05,1714.22,14354,18,0
2022-07-18 08:00:00,1714.21,1720.8,1711.87,1719.23,17405,18,0
2022-07-18 12:00:00,1719.23,1723.9,1711.5,1717.19,18928,18,0
2022-07-18 16:00:00,1717.15,1721.26,1708.9,1712.01,30491,18,0
2022-07-18 20:00:00,1712.0,1712.81,1706.69,1708.97,12613,18,0
2022-07-19 00:00:00,1709.16,1710.18,1705.26,1707.75,4402,18,0
2022-07-19 04:00:00,1707.75,1709.85,1705.36,1708.5,10447,18,0
2022-07-19 08:00:00,1708.5,1713.35,1707.43,1713.3,17647,18,0
2022-07-19 12:00:00,1713.3,1718.47,1708.57,1708.84,18736,18,0
2022-07-19 16:00:00,1708.86,1715.27,1708.53,1711.54,28667,18,0
2022-07-19 20:00:00,1711.54,1713.12,1709.76,1711.24,10274,18,0
2022-07-20 00:00:00,1711.04,1712.56,1709.56,1712.16,4653,18,0
2022-07-20 04:00:00,1712.16,1713.42,1709.49,1711.71,9233,18,0
2022-07-20 08:00:00,1711.71,1712.12,1705.96,1707.98,16566,18,0
2022-07-20 12:00:00,1707.94,1713.95,1706.32,1708.82,19240,18,0
2022-07-20 16:00:00,1708.82,1714.38,1701.29,1702.91,28560,18,0
2022-07-20 20:00:00,1702.91,1704.26,1692.36,1696.62,15248,18,0
2022-07-21 00:00:00,1695.57,1697.28,1691.86,1694.6,4237,18,0
2022-07-21 04:00:00,1694.62,1694.69,1689.93,1692.54,10855,18,0
2022-07-21 08:00:00,1692.53,1693.81,1684.96,1685.06,14888,18,0
2022-07-21 12:00:00,1685.08,1707.09,1680.86,1706.65,26053,18,0
2022-07-21 16:00:00,1706.64,1718.39,1693.15,1711.73,36965,18,0
2022-07-21 20:00:00,1711.73,1720.27,1710.95,1720.16,11874,18,0
2022-07-22 00:00:00,1717.43,1719.29,1716.9,1717.09,4693,18,0
2022-07-22 04:00:00,1717.09,1718.17,1712.84,1713.52,9338,18,0
2022-07-22 08:00:00,1713.52,1720.41,1713.22,1718.32,18601,18,0
2022-07-22 12:00:00,1718.24,1730.22,1717.72,1724.11,21127,18,0
2022-07-22 16:00:00,1724.13,1739.28,1722.13,1729.02,35044,18,0
2022-07-22 20:00:00,1729.08,1729.62,1720.37,1726.96,15615,18,0
2022-07-25 00:00:00,1727.45,1727.61,1720.53,1720.58,6593,18,0
2022-07-25 04:00:00,1720.58,1728.84,1719.88,1726.5,13056,18,0
2022-07-25 08:00:00,1726.48,1730.3,1723.78,1728.46,18380,18,0
2022-07-25 12:00:00,1728.46,1736.25,1724.17,1724.69,21194,18,0
2022-07-25 16:00:00,1724.72,1725.46,1714.77,1718.02,29662,18,0
2022-07-25 20:00:00,1718.04,1721.42,1716.2,1719.59,10642,18,0
2022-07-26 00:00:00,1718.95,1722.09,1718.05,1721.42,4504,18,0
2022-07-26 04:00:00,1721.38,1728.22,1720.83,1721.66,11874,18,0
2022-07-26 08:00:00,1721.67,1727.91,1721.07,1722.68,14639,18,0
2022-07-26 12:00:00,1722.68,1724.45,1713.63,1719.25,18578,18,0
2022-07-26 16:00:00,1719.22,1721.95,1714.41,1719.17,26534,18,0
2022-07-26 20:00:00,1719.17,1720.21,1716.34,1717.27,9928,18,0
2022-07-27 00:00:00,1716.44,1720.08,1716.44,1718.98,4650,18,0
2022-07-27 04:00:00,1719.03,1719.71,1713.6,1714.93,10739,18,0
2022-07-27 08:00:00,1714.94,1725.1,1714.47,1723.47,15099,18,0
2022-07-27 12:00:00,1723.51,1724.36,1717.82,1718.02,14735,18,0
2022-07-27 16:00:00,1718.02,1721.34,1711.44,1720.8,21003,18,0
2022-07-27 20:00:00,1720.88,1740.17,1718.99,1734.67,28657,18,0
2022-07-28 00:00:00,1733.48,1739.92,1733.46,1736.61,6670,18,0
2022-07-28 04:00:00,1736.58,1741.65,1734.06,1736.3,14815,18,0
2022-07-28 08:00:00,1736.31,1748.48,1735.39,1745.7,18329,18,0
2022-07-28 12:00:00,1745.69,1749.87,1736.04,1744.57,24600,18,0
2022-07-28 16:00:00,1744.54,1756.78,1741.04,1753.87,42247,18,0
2022-07-28 20:00:00,1753.86,1757.09,1750.36,1756.39,13596,18,0
2022-07-29 00:00:00,1755.9,1756.2,1753.86,1755.82,6572,18,0
2022-07-29 04:00:00,1755.85,1763.95,1752.65,1761.44,14985,18,0
2022-07-29 08:00:00,1761.44,1767.9,1761.05,1763.79,19897,18,0
2022-07-29 12:00:00,1763.8,1764.42,1755.71,1757.29,23327,18,0
2022-07-29 16:00:00,1757.39,1767.15,1751.98,1763.53,36307,18,0
2022-07-29 20:00:00,1763.56,1766.58,1760.92,1765.94,14369,18,0
2022-08-01 00:00:00,1763.68,1766.13,1760.52,1762.73,6482,18,0
2022-08-01 04:00:00,1762.77,1765.81,1759.7,1760.32,14615,18,0
2022-08-01 08:00:00,1760.27,1767.38,1758.29,1765.5,17076,18,0
2022-08-01 12:00:00,1765.51,1775.39,1764.79,1769.37,22042,18,0
2022-08-01 16:00:00,1769.37,1774.71,1764.26,1773.02,37075,18,0
2022-08-01 20:00:00,1773.02,1773.02,1766.52,1772.03,12738,18,0
2022-08-02 00:00:00,1771.11,1780.49,1770.83,1780.31,6330,18,0
2022-08-02 04:00:00,1780.31,1780.32,1772.8,1772.96,12622,18,0
2022-08-02 08:00:00,1772.92,1776.11,1768.82,1773.35,17732,18,0
2022-08-02 12:00:00,1773.22,1788.0,1772.59,1784.98,18929,18,0
2022-08-02 16:00:00,1785.08,1786.13,1773.24,1776.18,41425,18,0
2022-08-02 20:00:00,1776.18,1777.13,1760.5,1761.31,19947,18,0
2022-08-03 00:00:00,1760.57,1762.11,1755.0,1756.72,6816,18,0
2022-08-03 04:00:00,1756.67,1769.89,1755.51,1768.79,14599,18,0
2022-08-03 08:00:00,1768.85,1770.63,1764.11,1765.14,15212,18,0
2022-08-03 12:00:00,1765.14,1772.46,1760.25,1771.93,17510,18,0
2022-08-03 16:00:00,1771.93,1772.77,1754.28,1759.39,33783,18,0
2022-08-03 20:00:00,1759.42,1766.29,1758.87,1765.92,9137,18,0
2022-08-04 00:00:00,1765.6,1767.47,1763.21,1767.39,3887,18,0
2022-08-04 04:00:00,1767.32,1772.0,1766.02,1770.96,8441,18,0
2022-08-04 08:00:00,1770.96,1776.92,1769.05,1776.36,12491,18,0
2022-08-04 12:00:00,1776.37,1788.52,1776.08,1780.72,18134,18,0
2022-08-04 16:00:00,1780.76,1791.6,1774.27,1790.48,29585,18,0
2022-08-04 20:00:00,1790.46,1794.93,1789.41,1791.2,10941,18,0
2022-08-05 00:00:00,1790.84,1794.83,1789.66,1794.0,5119,18,0
2022-08-05 04:00:00,1794.0,1794.85,1788.73,1792.01,10622,18,0
2022-08-05 08:00:00,1792.01,1792.7,1785.78,1787.38,15381,18,0
2022-08-05 12:00:00,1787.38,1789.19,1767.45,1768.92,24167,18,0
2022-08-05 16:00:00,1768.92,1779.06,1764.94,1774.28,38970,18,0
2022-08-05 20:00:00,1774.29,1776.07,1771.88,1775.2,11496,18,0
2022-08-08 00:00:00,1773.52,1775.12,1770.5,1774.2,5642,18,0
2022-08-08 04:00:00,1774.21,1775.43,1771.6,1771.96,10289,18,0
2022-08-08 08:00:00,1771.94,1778.86,1771.29,1773.5,15045,18,0
2022-08-08 12:00:00,1773.5,1786.54,1772.5,1781.9,15007,18,0
2022-08-08 16:00:00,1781.9,1790.03,1780.68,1787.64,20625,18,0
2022-08-08 20:00:00,1787.65,1789.59,1786.41,1789.46,10036,18,0
2022-08-09 00:00:00,1788.31,1790.73,1787.83,1789.0,3783,18,0
2022-08-09 04:00:00,1789.08,1790.03,1783.28,1786.19,8466,18,0
2022-08-09 08:00:00,1786.18,1793.9,1783.73,1790.91,11691,18,0
2022-08-09 12:00:00,1790.82,1795.13,1788.55,1793.91,15165,18,0
2022-08-09 16:00:00,1793.93,1800.4,1790.14,1795.24,21411,18,0
2022-08-09 20:00:00,1795.24,1796.57,1793.32,1794.25,8842,18,0
2022-08-10 00:00:00,1794.09,1794.96,1791.74,1792.75,3231,18,0
2022-08-10 04:00:00,1792.77,1794.6,1789.85,1790.39,8131,18,0
2022-08-10 08:00:00,1790.37,1793.09,1788.22,1792.37,12647,18,0
2022-08-10 12:00:00,1792.37,1807.87,1787.3,1797.36,20733,18,0
2022-08-10 16:00:00,1797.26,1802.46,1791.58,1798.11,34862,18,0
2022-08-10 20:00:00,1798.11,1798.45,1788.11,1791.99,13361,18,0
2022-08-11 00:00:00,1791.65,1792.85,1789.55,1790.45,3175,18,0
2022-08-11 04:00:00,1790.45,1790.5,1784.27,1785.8,9591,18,0
2022-08-11 08:00:00,1785.8,1788.73,1782.9,1788.5,14293,18,0
2022-08-11 12:00:00,1788.54,1798.48,1786.71,1796.08,18951,18,0
2022-08-11 16:00:00,1795.99,1798.54,1785.69,1788.2,32038,18,0
2022-08-11 20:00:00,1788.22,1791.24,1784.32,1788.99,12755,18,0
2022-08-12 00:00:00,1788.58,1789.2,1786.0,1787.62,3657,18,0
2022-08-12 04:00:00,1787.65,1791.82,1785.53,1789.96,7983,18,0
2022-08-12 08:00:00,1789.96,1794.12,1786.04,1787.39,13240,18,0
2022-08-12 12:00:00,1787.38,1794.34,1784.9,1793.42,18309,18,0
2022-08-12 16:00:00,1793.4,1798.69,1790.41,1797.18,28465,18,0
2022-08-12 20:00:00,1797.21,1802.14,1797.02,1801.74,11090,18,0
2022-08-15 00:00:00,1800.56,1802.23,1798.74,1801.17,3486,18,0
2022-08-15 04:00:00,1801.17,1801.74,1793.54,1794.47,9340,18,0
2022-08-15 08:00:00,1794.42,1794.69,1780.96,1782.73,15347,18,0
2022-08-15 12:00:00,1782.73,1785.6,1772.85,1779.87,24949,18,0
2022-08-15 16:00:00,1779.87,1782.85,1775.65,1782.62,24795,18,0
2022-08-15 20:00:00,1782.62,1783.98,1777.36,1778.68,8668,18,0
2022-08-16 00:00:00,1779.04,1779.89,1777.41,1777.57,4195,18,0
2022-08-16 04:00:00,1777.58,1783.06,1776.71,1781.87,7774,18,0
2022-08-16 08:00:00,1781.89,1781.95,1773.13,1774.61,12417,18,0
2022-08-16 12:00:00,1774.61,1777.69,1770.58,1770.92,16145,18,0
2022-08-16 16:00:00,1771.07,1777.76,1771.05,1775.43,24262,18,0
2022-08-16 20:00:00,1775.43,1776.71,1773.15,1774.99,8184,18,0
2022-08-17 00:00:00,1774.75,1775.19,1772.93,1773.82,3672,18,0
2022-08-17 04:00:00,1773.78,1778.27,1773.1,1777.75,8344,18,0
2022-08-17 08:00:00,1777.75,1781.42,1771.46,1774.93,17152,18,0
2022-08-17 12:00:00,1774.93,1774.93,1764.7,1771.54,21774,18,0
2022-08-17 16:00:00,1771.61,1773.46,1759.78,1762.6,30226,18,0
2022-08-17 20:00:00,1762.61,1770.26,1761.14,1762.33,15940,18,0
2022-08-18 00:00:00,1761.37,1766.29,1760.86,1765.45,3719,18,0
2022-08-18 04:00:00,1765.48,1767.51,1761.68,1763.27,8957,18,0
2022-08-18 08:00:00,1763.29,1766.3,1760.88,1766.15,15231,18,0
2022-08-18 12:00:00,1766.15,1772.37,1765.34,1767.23,19447,18,0
2022-08-18 16:00:00,1767.26,1769.95,1756.43,1757.2,26986,18,0
2022-08-18 20:00:00,1757.26,1761.27,1755.3,1758.69,8935,18,0
2022-08-19 00:00:00,1758.87,1759.33,1754.71,1755.59,4705,18,0
2022-08-19 04:00:00,1755.59,1757.69,1751.84,1753.08,10135,18,0
2022-08-19 08:00:00,1753.08,1757.41,1751.89,1754.23,15788,18,0
2022-08-19 12:00:00,1754.2,1757.55,1749.83,1756.3,20148,18,0
2022-08-19 16:00:00,1756.3,1758.15,1745.75,1749.8,23705,18,0
2022-08-19 20:00:00,1749.77,1750.27,1745.57,1747.19,9532,18,0
2022-08-22 00:00:00,1746.34,1748.08,1744.91,1745.38,5748,18,0
2022-08-22 04:00:00,1745.38,1749.06,1743.87,1744.75,12276,18,0
2022-08-22 08:00:00,1744.75,1745.0,1732.39,1734.98,19230,18,0
2022-08-22 12:00:00,1735.01,1738.58,1727.75,1730.53,23476,18,0
2022-08-22 16:00:00,1730.53,1740.01,1730.36,1735.15,28263,18,0
2022-08-22 20:00:00,1735.28,1737.78,1733.78,1735.75,8669,18,0
2022-08-23 00:00:00,1735.98,1738.89,1734.14,1738.18,4617,18,0
2022-08-23 04:00:00,1738.18,1740.54,1736.85,1736.9,9506,18,0
2022-08-23 08:00:00,1736.95,1743.9,1734.7,1740.72,18547,18,0
2022-08-23 12:00:00,1740.69,1741.53,1730.83,1736.11,17978,18,0
2022-08-23 16:00:00,1736.14,1754.14,1735.49,1749.73,30163,18,0
2022-08-23 20:00:00,1749.76,1750.17,1745.88,1748.35,9878,18,0
2022-08-24 00:00:00,1748.02,1748.44,1745.37,1746.18,4271,18,0
2022-08-24 04:00:00,1746.16,1747.48,1743.99,1746.91,9119,18,0
2022-08-24 08:00:00,1746.81,1752.48,1744.18,1751.95,14703,18,0
2022-08-24 12:00:00,1751.96,1753.65,1742.48,1745.8,20664,18,0
2022-08-24 16:00:00,1745.81,1756.01,1742.97,1749.6,26299,18,0
2022-08-24 20:00:00,1749.6,1752.73,1747.72,1752.06,9147,18,0
2022-08-25 00:00:00,1750.83,1753.74,1749.92,1752.86,3753,18,0
2022-08-25 04:00:00,1752.82,1757.74,1752.39,1757.19,9383,18,0
2022-08-25 08:00:00,1757.21,1765.24,1755.96,1762.54,15486,18,0
2022-08-25 12:00:00,1762.57,1765.48,1756.96,1760.29,16492,18,0
2022-08-25 16:00:00,1760.35,1761.7,1752.28,1758.15,25403,18,0
2022-08-25 20:00:00,1758.17,1759.84,1754.94,1758.33,8410,18,0
2022-08-26 00:00:00,1758.05,1758.88,1754.9,1755.4,3073,18,0
2022-08-26 04:00:00,1755.4,1757.49,1752.25,1755.68,7552,18,0
2022-08-26 08:00:00,1755.65,1758.78,1750.18,1752.2,15836,18,0
2022-08-26 12:00:00,1752.2,1752.55,1743.72,1745.89,19760,18,0
2022-08-26 16:00:00,1745.93,1756.06,1734.14,1735.92,43872,18,0
2022-08-26 20:00:00,1735.93,1739.56,1735.14,1738.12,8624,18,0
2022-08-29 00:00:00,1735.23,1738.4,1732.89,1734.44,7797,18,0
2022-08-29 04:00:00,1734.44,1734.5,1721.15,1722.87,13916,18,0
2022-08-29 08:00:00,1722.9,1725.83,1720.32,1722.28,17263,18,0
2022-08-29 12:00:00,1722.28,1736.82,1721.58,1736.21,21227,18,0
2022-08-29 16:00:00,1736.24,1745.47,1735.35,1738.1,26914,18,0
2022-08-29 20:00:00,1738.1,1739.66,1735.91,1737.81,9361,18,0
2022-08-30 00:00:00,1736.93,1740.46,1736.5,1739.52,3893,18,0
2022-08-30 04:00:00,1739.54,1740.23,1733.86,1735.76,10301,18,0
2022-08-30 08:00:00,1735.71,1737.86,1729.03,1734.53,17987,18,0
2022-08-30 12:00:00,1734.53,1735.37,1728.13,1730.55,18810,18,0
2022-08-30 16:00:00,1730.55,1732.88,1721.16,1724.21,31934,18,0
2022-08-30 20:00:00,1724.24,1726.26,1723.07,1724.47,10348,18,0
2022-08-31 00:00:00,1723.4,1724.46,1722.29,1723.06,3494,18,0
2022-08-31 04:00:00,1723.08,1725.82,1720.56,1724.75,9215,18,0
2022-08-31 08:00:00,1724.76,1726.55,1713.4,1714.08,17074,18,0
2022-08-31 12:00:00,1714.12,1716.37,1709.64,1711.61,24935,18,0
2022-08-31 16:00:00,1711.62,1723.46,1710.26,1716.18,33724,18,0
2022-08-31 20:00:00,1716.08,1716.34,1709.61,1710.5,11824,18,0
2022-09-01 00:00:00,1710.78,1711.38,1705.3,1705.9,6789,18,0
2022-09-01 04:00:00,1705.9,1707.24,1702.27,1703.0,11270,18,0
2022-09-01 08:00:00,1703.03,1708.53,1700.54,1702.12,17505,18,0
2022-09-01 12:00:00,1702.14,1708.74,1694.89,1701.06,22190,18,0
2022-09-01 16:00:00,1701.06,1702.1,1688.78,1694.98,37050,18,0
2022-09-01 20:00:00,1694.98,1699.22,1694.35,1697.31,11694,18,0
2022-09-02 00:00:00,1696.47,1699.27,1694.98,1697.92,3561,18,0
2022-09-02 04:00:00,1697.91,1700.31,1696.3,1699.22,9301,18,0
2022-09-02 08:00:00,1699.22,1704.66,1698.89,1704.54,13753,18,0
2022-09-02 12:00:00,1704.54,1714.81,1704.11,1708.73,21372,18,0
2022-09-02 16:00:00,1708.75,1717.97,1706.12,1714.07,32414,18,0
2022-09-02 20:00:00,1714.03,1715.63,1708.81,1712.03,13475,18,0
2022-09-05 00:00:00,1712.5,1712.5,1707.69,1708.92,5082,18,0
2022-09-05 04:00:00,1708.89,1714.08,1708.47,1712.87,10154,18,0
2022-09-05 08:00:00,1712.85,1714.08,1708.24,1711.85,14003,18,0
2022-09-05 12:00:00,1711.85,1715.79,1710.47,1712.65,13232,18,0
2022-09-05 16:00:00,1712.65,1713.61,1710.01,1712.13,9973,18,0
2022-09-05 20:00:00,1712.15,1712.26,1712.14,1712.14,16,21,0
2022-09-06 00:00:00,1708.88,1726.73,1708.83,1723.89,5994,18,0
2022-09-06 04:00:00,1723.89,1723.9,1715.32,1715.61,9712,18,0
2022-09-06 08:00:00,1715.61,1720.76,1712.82,1713.39,17852,18,0
2022-09-06 12:00:00,1713.39,1714.97,1706.91,1707.89,20278,18,0
2022-09-06 16:00:00,1707.86,1711.8,1701.06,1701.54,37794,18,0
2022-09-06 20:00:00,1701.54,1703.82,1699.79,1701.57,14077,18,0
2022-09-07 00:00:00,1701.7,1703.89,1692.62,1696.18,7606,18,0
2022-09-07 04:00:00,1696.15,1698.67,1691.37,1693.74,15636,18,0
2022-09-07 08:00:00,1693.77,1705.47,1693.5,1704.07,21521,18,0
2022-09-07 12:00:00,1704.12,1707.16,1698.93,1700.25,22271,18,0
2022-09-07 16:00:00,1700.28,1715.04,1697.01,1714.94,30570,18,0
2022-09-07 20:00:00,1715.03,1719.22,1714.12,1718.98,13727,18,0
2022-09-08 00:00:00,1717.79,1718.99,1715.5,1715.61,4987,18,0
2022-09-08 04:00:00,1715.59,1719.3,1713.51,1714.67,12541,18,0
2022-09-08 08:00:00,1714.7,1722.87,1714.44,1718.0,20228,18,0
2022-09-08 12:00:00,1717.93,1728.17,1713.81,1715.69,26992,18,0
2022-09-08 16:00:00,1715.72,1716.74,1703.96,1706.18,43319,18,0
2022-09-08 20:00:00,1706.18,1711.64,1705.85,1708.81,12964,18,0
2022-09-09 00:00:00,1708.33,1715.24,1708.19,1713.56,5113,18,0
2022-09-09 04:00:00,1713.56,1721.79,1713.22,1721.35,13713,18,0
2022-09-09 08:00:00,1721.32,1729.45,1718.16,1728.58,21431,18,0
2022-09-09 12:00:00,1728.53,1729.39,1718.39,1718.85,24163,18,0
2022-09-09 16:00:00,1718.89,1720.29,1711.33,1720.09,32761,18,0
2022-09-09 20:00:00,1720.11,1720.23,1714.6,1717.52,7706,18,0
2022-09-12 00:00:00,1715.95,1720.17,1715.87,1716.93,5254,18,0
2022-09-12 04:00:00,1716.96,1718.77,1711.87,1712.85,8512,18,0
2022-09-12 08:00:00,1712.85,1726.52,1712.07,1725.78,21396,18,0
2022-09-12 12:00:00,1725.78,1733.91,1723.37,1729.74,26460,18,0
2022-09-12 16:00:00,1729.78,1735.09,1723.66,1731.85,31099,18,0
2022-09-12 20:00:00,1731.86,1731.94,1723.78,1724.7,14254,18,0
2022-09-13 00:00:00,1724.67,1727.59,1724.07,1724.72,5179,18,0
2022-09-13 04:00:00,1724.72,1725.17,1720.3,1721.99,11723,18,0
2022-09-13 08:00:00,1721.97,1726.11,1719.93,1725.34,18056,18,0
2022-09-13 12:00:00,1725.33,1731.8,1703.07,1703.82,28527,18,0
2022-09-13 16:00:00,1703.76,1709.59,1697.05,1705.47,40629,18,0
2022-09-13 20:00:00,1705.48,1707.3,1701.12,1702.3,13391,18,0
2022-09-14 00:00:00,1701.27,1703.16,1698.46,1700.18,8278,18,0
2022-09-14 04:00:00,1700.14,1705.06,1697.25,1703.88,13919,18,0
2022-09-14 08:00:00,1703.96,1706.1,1698.84,1704.36,22759,18,0
2022-09-14 12:00:00,1704.36,1707.06,1699.13,1705.87,23659,18,0
2022-09-14 16:00:00,1705.87,1707.04,1701.02,1701.22,27905,18,0
2022-09-14 20:00:00,1701.22,1701.33,1693.61,1696.99,13376,18,0
2022-09-15 00:00:00,1696.9,1698.21,1695.28,1695.47,3518,18,0
2022-09-15 04:00:00,1695.47,1696.53,1686.8,1687.42,9527,18,0
2022-09-15 08:00:00,1687.44,1689.95,1685.58,1687.31,16276,18,0
2022-09-15 12:00:00,1687.29,1692.25,1682.2,1687.5,23995,18,0
2022-09-15 16:00:00,1687.5,1690.87,1660.35,1664.88,38122,18,0
2022-09-15 20:00:00,1664.83,1669.27,1661.5,1664.25,12448,18,0
2022-09-16 00:00:00,1664.16,1666.36,1661.33,1665.53,5548,18,0
2022-09-16 04:00:00,1665.51,1667.66,1661.2,1664.08,11406,18,0
2022-09-16 08:00:00,1664.09,1664.51,1654.1,1659.12,17760,18,0
2022-09-16 12:00:00,1659.12,1667.79,1658.1,1660.32,20316,18,0
2022-09-16 16:00:00,1660.32,1680.29,1657.13,1673.2,31678,18,0
2022-09-16 20:00:00,1673.2,1677.7,1671.14,1675.68,7934,18,0
2022-09-19 00:00:00,1674.9,1679.92,1672.97,1675.77,4245,18,0
2022-09-19 04:00:00,1675.87,1676.87,1666.81,1668.5,8576,18,0
2022-09-19 08:00:00,1668.53,1669.72,1659.62,1662.55,15330,18,0
2022-09-19 12:00:00,1662.55,1667.58,1660.76,1664.89,20599,18,0
2022-09-19 16:00:00,1664.93,1675.31,1662.28,1670.76,33577,18,0
2022-09-19 20:00:00,1670.76,1676.0,1668.88,1675.51,11442,18,0
2022-09-20 00:00:00,1675.7,1679.43,1674.87,1676.08,5942,18,0
2022-09-20 04:00:00,1676.05,1677.88,1673.19,1673.46,11083,18,0
2022-09-20 08:00:00,1673.46,1675.95,1667.99,1668.9,19672,18,0
2022-09-20 12:00:00,1668.9,1670.29,1665.2,1667.85,21506,18,0
2022-09-20 16:00:00,1667.79,1668.9,1659.97,1664.0,29833,18,0
2022-09-20 20:00:00,1664.03,1666.33,1661.61,1664.87,12984,18,0
2022-09-21 00:00:00,1664.56,1667.44,1663.65,1663.97,4930,18,0
2022-09-21 04:00:00,1663.97,1666.42,1661.73,1662.01,10883,18,0
2022-09-21 08:00:00,1662.03,1676.24,1661.92,1671.17,23222,18,0
2022-09-21 12:00:00,1671.17,1677.84,1670.92,1674.2,18731,18,0
2022-09-21 16:00:00,1674.18,1675.07,1664.95,1665.26,26604,18,0
2022-09-21 20:00:00,1665.26,1687.97,1653.77,1674.12,41900,18,0
2022-09-22 00:00:00,1672.39,1673.62,1660.41,1660.5,7129,18,0
2022-09-22 04:00:00,1660.5,1664.73,1656.74,1660.42,16776,18,0
2022-09-22 08:00:00,1660.42,1678.09,1655.58,1670.87,33488,18,0
2022-09-22 12:00:00,1670.87,1684.89,1664.74,1681.89,34670,18,0
2022-09-22 16:00:00,1681.89,1681.91,1667.96,1674.01,43487,18,0
2022-09-22 20:00:00,1674.0,1674.49,1669.35,1671.59,14456,18,0
2022-09-23 00:00:00,1670.97,1674.77,1670.43,1674.19,4342,18,0
2022-09-23 04:00:00,1674.19,1675.87,1668.25,1668.64,10331,18,0
2022-09-23 08:00:00,1668.65,1674.14,1660.76,1661.6,23612,18,0
2022-09-23 12:00:00,1661.54,1663.09,1641.22,1646.12,42739,18,0
2022-09-23 16:00:00,1646.14,1657.9,1641.56,1646.29,43186,18,0
2022-09-23 20:00:00,1646.31,1648.44,1639.72,1645.09,18648,18,0
2022-09-26 00:00:00,1643.61,1645.69,1626.63,1627.86,9932,18,0
2022-09-26 04:00:00,1627.89,1645.92,1627.53,1635.37,21239,18,0
2022-09-26 08:00:00,1635.32,1649.76,1634.55,1646.52,29766,18,0
2022-09-26 12:00:00,1646.58,1647.71,1636.25,1645.97,32817,18,0
2022-09-26 16:00:00,1645.94,1648.28,1627.81,1631.21,43647,18,0
2022-09-26 20:00:00,1631.22,1631.33,1621.13,1623.8,26533,18,0
2022-09-27 00:00:00,1621.31,1631.04,1620.82,1630.82,7211,18,0
2022-09-27 04:00:00,1630.75,1633.01,1628.55,1631.68,14233,18,0
2022-09-27 08:00:00,1631.68,1640.62,1631.12,1635.79,24782,18,0
2022-09-27 12:00:00,1635.78,1642.44,1632.43,1635.39,27984,18,0
2022-09-27 16:00:00,1635.39,1640.0,1628.28,1629.42,43096,18,0
2022-09-27 20:00:00,1629.44,1632.63,1626.6,1629.41,20073,18,0
2022-09-28 00:00:00,1628.57,1630.56,1625.3,1626.94,6388,18,0
2022-09-28 04:00:00,1626.9,1627.3,1622.82,1623.41,16641,18,0
2022-09-28 08:00:00,1623.41,1625.59,1614.78,1620.14,29737,18,0
2022-09-28 12:00:00,1620.15,1638.33,1615.9,1635.14,42905,18,0
2022-09-28 16:00:00,1635.14,1660.86,1633.84,1659.25,44671,18,0
2022-09-28 20:00:00,1659.25,1662.78,1658.66,1659.99,18157,18,0
2022-09-29 00:00:00,1659.86,1660.04,1652.88,1653.94,5920,18,0
2022-09-29 04:00:00,1653.94,1659.34,1652.0,1652.33,16926,18,0
2022-09-29 08:00:00,1652.33,1652.6,1641.48,1644.2,30335,18,0
2022-09-29 12:00:00,1644.12,1656.06,1644.12,1649.37,36233,18,0
2022-09-29 16:00:00,1649.38,1664.88,1644.55,1658.87,44902,18,0
2022-09-29 20:00:00,1658.82,1662.18,1657.23,1660.4,16499,18,0
2022-09-30 00:00:00,1660.66,1665.2,1660.27,1664.7,6181,18,0
2022-09-30 04:00:00,1664.7,1664.87,1659.25,1663.01,14080,18,0
2022-09-30 08:00:00,1663.04,1674.23,1662.8,1672.0,25975,18,0
2022-09-30 12:00:00,1672.18,1672.43,1662.22,1664.54,29450,18,0
2022-09-30 16:00:00,1664.54,1675.39,1661.99,1664.12,37950,18,0
2022-09-30 20:00:00,1664.13,1666.0,1660.13,1660.87,16923,18,0
2022-10-03 00:00:00,1660.37,1665.27,1659.77,1664.33,5815,18,0
2022-10-03 04:00:00,1664.33,1669.49,1662.09,1662.2,11544,18,0
2022-10-03 08:00:00,1662.2,1668.26,1661.09,1663.06,25168,18,0
2022-10-03 12:00:00,1663.07,1669.98,1659.66,1665.42,27325,18,0
2022-10-03 16:00:00,1665.42,1694.13,1665.28,1691.17,41077,18,0
2022-10-03 20:00:00,1691.18,1701.45,1689.89,1699.08,12104,18,0
2022-10-04 00:00:00,1698.9,1702.5,1697.5,1698.79,6288,18,0
2022-10-04 04:00:00,1698.73,1701.32,1695.16,1699.67,14329,18,0
2022-10-04 08:00:00,1699.7,1710.65,1697.65,1708.87,25748,18,0
2022-10-04 12:00:00,1708.87,1713.18,1700.51,1711.93,29666,18,0
2022-10-04 16:00:00,1711.83,1729.46,1706.31,1723.29,38302,18,0
2022-10-04 20:00:00,1723.31,1726.71,1720.09,1725.98,16651,18,0
2022-10-05 00:00:00,1725.19,1726.12,1721.42,1722.94,6155,18,0
2022-10-05 04:00:00,1722.95,1723.72,1717.5,1718.37,13724,18,0
2022-10-05 08:00:00,1718.35,1727.76,1709.83,1714.72,23680,18,0
2022-10-05 12:00:00,1714.75,1715.18,1703.1,1713.25,26713,18,0
2022-10-05 16:00:00,1713.27,1713.72,1700.45,1708.43,38431,18,0
2022-10-05 20:00:00,1708.43,1718.63,1707.62,1716.67,15792,18,0
2022-10-06 00:00:00,1716.06,1723.51,1714.79,1720.26,6188,18,0
2022-10-06 04:00:00,1720.27,1724.31,1719.3,1723.87,12527,18,0
2022-10-06 08:00:00,1723.88,1725.52,1714.11,1714.19,21657,18,0
2022-10-06 12:00:00,1714.19,1719.5,1710.92,1715.42,24244,18,0
2022-10-06 16:00:00,1715.37,1717.1,1706.88,1711.87,40269,18,0
2022-10-06 20:00:00,1711.9,1715.13,1710.55,1712.74,13728,18,0
2022-10-07 00:00:00,1711.78,1713.46,1710.85,1711.09,5118,18,0
2022-10-07 04:00:00,1711.02,1713.41,1709.2,1709.52,9943,18,0
2022-10-07 08:00:00,1709.58,1714.03,1708.42,1712.32,19473,18,0
2022-10-07 12:00:00,1712.33,1714.83,1690.57,1697.88,27557,18,0
2022-10-07 16:00:00,1697.94,1707.26,1693.9,1699.8,43375,18,0
2022-10-07 20:00:00,1699.75,1702.41,1693.25,1694.89,14230,18,0
2022-10-10 00:00:00,1695.64,1699.85,1692.81,1694.59,6338,18,0
2022-10-10 04:00:00,1694.59,1696.27,1685.12,1686.64,13623,18,0
2022-10-10 08:00:00,1686.64,1689.31,1680.0,1680.21,19672,18,0
2022-10-10 12:00:00,1680.18,1684.58,1674.13,1677.15,22942,18,0
2022-10-10 16:00:00,1677.17,1678.63,1665.68,1667.87,34166,18,0
2022-10-10 20:00:00,1667.87,1671.64,1667.02,1668.3,14384,18,0
2022-10-11 00:00:00,1668.01,1672.92,1667.53,1672.3,5437,18,0
2022-10-11 04:00:00,1672.3,1673.59,1661.29,1663.24,15817,18,0
2022-10-11 08:00:00,1663.24,1669.84,1662.74,1665.76,25037,18,0
2022-10-11 12:00:00,1665.76,1672.98,1660.98,1669.59,25850,18,0
2022-10-11 16:00:00,1669.6,1683.9,1663.46,1680.77,38562,18,0
2022-10-11 20:00:00,1680.77,1681.07,1663.73,1666.27,21488,18,0
2022-10-12 00:00:00,1665.87,1666.66,1661.67,1664.98,5973,18,0
2022-10-12 04:00:00,1664.9,1672.14,1661.33,1668.62,15497,18,0
2022-10-12 08:00:00,1668.62,1675.39,1666.07,1670.05,26867,18,0
2022-10-12 12:00:00,1670.05,1673.04,1664.73,1671.59,24420,18,0
2022-10-12 16:00:00,1671.65,1673.19,1667.2,1669.85,35547,18,0
2022-10-12 20:00:00,1669.88,1678.3,1668.97,1673.07,16245,18,0
2022-10-13 00:00:00,1673.01,1675.44,1672.92,1674.25,4095,18,0
2022-10-13 04:00:00,1674.28,1674.69,1669.01,1670.18,8730,18,0
2022-10-13 08:00:00,1670.18,1675.27,1667.01,1674.85,15946,18,0
2022-10-13 12:00:00,1674.78,1682.42,1644.74,1654.47,35179,18,0
2022-10-13 16:00:00,1654.43,1668.64,1642.38,1665.77,66128,18,0
2022-10-13 20:00:00,1665.76,1672.54,1663.38,1665.95,21162,18,0
2022-10-14 00:00:00,1666.03,1666.46,1661.55,1661.73,6033,18,0
2022-10-14 04:00:00,1661.72,1670.24,1659.02,1667.57,14924,18,0
2022-10-14 08:00:00,1667.57,1671.79,1660.41,1660.7,24726,18,0
2022-10-14 12:00:00,1660.7,1663.29,1650.2,1663.29,35024,18,0
2022-10-14 16:00:00,1663.34,1663.95,1641.33,1643.9,52006,18,0
2022-10-14 20:00:00,1643.9,1645.34,1640.21,1644.51,16314,18,0
2022-10-17 00:00:00,1643.7,1648.97,1642.98,1648.33,7248,20,0
2022-10-17 04:00:00,1648.37,1652.63,1646.67,1649.44,11856,18,0
2022-10-17 08:00:00,1649.42,1657.39,1648.58,1655.38,25157,18,0
2022-10-17 12:00:00,1655.38,1668.19,1654.62,1666.61,27215,18,0
2022-10-17 16:00:00,1666.6,1668.45,1657.22,1657.39,32634,18,0
2022-10-17 20:00:00,1657.42,1659.97,1646.69,1650.58,13045,18,0
2022-10-18 00:00:00,1649.89,1652.26,1649.67,1652.1,4909,18,0
2022-10-18 04:00:00,1652.1,1660.77,1648.84,1659.44,13503,18,0
2022-10-18 08:00:00,1659.49,1660.82,1649.75,1649.78,21562,18,0
2022-10-18 12:00:00,1649.76,1657.35,1648.65,1656.43,25872,18,0
2022-10-18 16:00:00,1656.43,1656.71,1645.83,1650.57,36001,18,0
2022-10-18 20:00:00,1650.67,1652.77,1648.21,1651.45,16887,18,0
2022-10-19 00:00:00,1651.66,1654.42,1650.87,1653.11,5058,18,0
2022-10-19 04:00:00,1653.13,1653.45,1645.53,1646.26,10165,18,0
2022-10-19 08:00:00,1646.26,1647.8,1637.71,1640.84,24808,18,0
2022-10-19 12:00:00,1640.83,1642.19,1630.4,1634.89,28572,18,0
2022-10-19 16:00:00,1634.89,1637.69,1628.36,1629.66,34588,18,0
2022-10-19 20:00:00,1629.6,1630.35,1627.69,1628.89,15192,18,0
2022-10-20 00:00:00,1629.48,1630.3,1625.93,1628.45,5482,18,0
2022-10-20 04:00:00,1628.42,1632.95,1622.46,1632.8,14147,18,0
2022-10-20 08:00:00,1632.8,1635.0,1627.03,1629.28,23452,18,0
2022-10-20 12:00:00,1629.28,1639.99,1629.27,1632.65,29843,18,0
2022-10-20 16:00:00,1632.67,1645.65,1630.41,1636.19,35611,18,0
2022-10-20 20:00:00,1636.19,1636.26,1624.81,1628.05,18052,18,0
2022-10-21 00:00:00,1627.41,1628.39,1625.13,1626.87,5420,18,0
2022-10-21 04:00:00,1626.92,1628.24,1620.25,1621.79,11144,18,0
2022-10-21 08:00:00,1621.77,1627.25,1617.19,1620.71,22250,18,0
2022-10-21 12:00:00,1620.66,1633.58,1619.17,1631.25,32729,18,0
2022-10-21 16:00:00,1631.28,1654.05,1629.28,1651.5,77832,18,0
2022-10-21 20:00:00,1651.47,1657.87,1650.76,1657.05,23554,18,0
2022-10-24 00:00:00,1657.62,1670.86,1656.4,1656.92,18615,18,0
2022-10-24 04:00:00,1657.0,1658.53,1651.97,1658.07,14168,18,0
2022-10-24 08:00:00,1658.05,1658.66,1644.36,1647.8,28893,18,0
2022-10-24 12:00:00,1647.8,1652.29,1645.42,1649.22,33432,18,0
2022-10-24 16:00:00,1649.26,1654.44,1643.93,1650.55,49611,18,0
2022-10-24 20:00:00,1650.58,1652.1,1647.81,1649.47,13413,18,0
2022-10-25 00:00:00,1649.88,1654.09,1649.64,1653.69,7474,18,0
2022-10-25 04:00:00,1653.66,1654.87,1647.14,1650.2,16538,18,0
2022-10-25 08:00:00,1650.23,1651.78,1642.85,1643.91,20456,18,0
2022-10-25 12:00:00,1643.96,1645.97,1638.2,1642.16,22987,18,0
2022-10-25 16:00:00,1642.25,1662.33,1642.06,1653.17,44506,18,0
2022-10-25 20:00:00,1653.17,1657.04,1652.38,1653.15,14979,18,0
2022-10-26 00:00:00,1653.1,1653.95,1649.76,1650.31,6957,18,0
2022-10-26 04:00:00,1650.45,1657.62,1649.69,1655.8,14137,18,0
2022-10-26 08:00:00,1655.75,1673.56,1655.14,1672.99,27619,18,0
2022-10-26 12:00:00,1672.99,1674.99,1660.63,1662.07,28672,18,0
2022-10-26 16:00:00,1662.02,1672.67,1661.49,1666.64,44375,18,0
2022-10-26 20:00:00,1666.64,1667.18,1663.34,1664.23,18165,18,0
2022-10-27 00:00:00,1664.08,1669.42,1663.77,1667.15,7777,18,0
2022-10-27 04:00:00,1667.15,1670.73,1662.28,1665.32,15829,18,0
2022-10-27 08:00:00,1665.35,1669.68,1659.01,1663.46,25437,18,0
2022-10-27 12:00:00,1663.46,1665.13,1654.86,1660.18,32495,18,0
2022-10-27 16:00:00,1660.18,1665.72,1656.31,1658.09,49653,18,0
2022-10-27 20:00:00,1658.1,1663.39,1657.09,1662.71,17496,18,0
2022-10-28 00:00:00,1662.6,1663.14,1660.51,1661.89,5759,18,0
2022-10-28 04:00:00,1662.0,1667.01,1661.09,1664.51,18089,18,0
2022-10-28 08:00:00,1664.52,1665.18,1647.97,1650.65,28933,18,0
2022-10-28 12:00:00,1650.76,1653.07,1640.06,1643.4,35529,18,0
2022-10-28 16:00:00,1643.44,1649.2,1637.96,1642.76,46918,18,0
2022-10-28 20:00:00,1642.75,1645.74,1640.7,1645.21,14496,18,0
2022-10-31 00:00:00,1643.27,1645.34,1640.64,1641.5,12411,18,0
2022-10-31 04:00:00,1641.38,1645.62,1640.77,1641.5,11484,18,0
2022-10-31 08:00:00,1641.38,1644.57,1635.65,1639.44,19618,18,0
2022-10-31 12:00:00,1639.43,1642.05,1633.42,1637.35,30789,18,0
2022-10-31 16:00:00,1637.3,1642.13,1635.0,1635.47,30868,18,0
2022-10-31 20:00:00,1635.47,1636.47,1631.75,1633.63,13094,18,0
2022-11-01 00:00:00,1632.66,1638.49,1630.61,1637.31,11362,18,0
2022-11-01 04:00:00,1637.29,1642.08,1635.57,1641.92,16637,18,0
2022-11-01 08:00:00,1641.88,1650.68,1641.43,1650.38,28256,18,0
2022-11-01 12:00:00,1650.38,1657.02,1649.82,1649.88,35090,18,0
2022-11-01 16:00:00,1649.87,1651.06,1642.09,1649.11,48638,18,0
2022-11-01 20:00:00,1649.09,1651.11,1646.35,1647.76,9577,18,0
2022-11-02 00:00:00,1648.08,1651.32,1645.95,1650.06,12591,18,0
2022-11-02 04:00:00,1650.06,1653.35,1647.36,1650.77,14138,18,0
2022-11-02 08:00:00,1650.77,1656.32,1649.59,1654.56,20929,18,0
2022-11-02 12:00:00,1654.57,1658.89,1652.58,1653.36,29387,18,0
2022-11-02 16:00:00,1653.32,1653.61,1645.66,1649.8,24619,18,0
2022-11-02 20:00:00,1649.8,1669.55,1634.56,1635.07,46401,18,0
2022-11-03 00:00:00,1635.93,1640.97,1631.8,1637.99,14024,18,0
2022-11-03 04:00:00,1638.0,1639.17,1635.96,1636.9,11166,18,0
2022-11-03 08:00:00,1636.88,1636.93,1620.05,1624.16,28998,18,0
2022-11-03 12:00:00,1624.16,1625.14,1616.6,1621.43,43989,18,0
2022-11-03 16:00:00,1622.15,1631.53,1618.97,1629.51,41692,18,0
2022-11-03 20:00:00,1629.57,1632.37,1628.5,1629.4,10660,18,0
2022-11-04 00:00:00,1628.56,1633.99,1628.56,1633.92,12218,18,0
2022-11-04 04:00:00,1633.95,1648.62,1633.06,1647.12,17380,18,0
2022-11-04 08:00:00,1647.12,1652.44,1643.72,1645.91,30400,18,0
2022-11-04 12:00:00,1645.87,1667.89,1641.35,1667.42,52545,18,0
2022-11-04 16:00:00,1667.43,1675.5,1666.2,1674.43,42856,18,0
2022-11-04 20:00:00,1674.43,1681.7,1673.36,1680.47,15058,18,0
2022-11-07 00:00:00,1674.56,1680.24,1670.53,1672.34,17571,18,0
2022-11-07 04:00:00,1672.32,1674.88,1670.34,1672.27,16940,18,0
2022-11-07 08:00:00,1672.25,1680.41,1666.85,1678.6,30669,18,0
2022-11-07 12:00:00,1678.61,1680.17,1673.55,1677.98,29904,18,0
2022-11-07 16:00:00,1677.98,1681.9,1673.88,1677.06,43675,18,0
2022-11-07 20:00:00,1677.04,1678.05,1674.32,1675.21,13877,18,0
2022-11-08 00:00:00,1673.26,1676.72,1672.48,1673.58,9177,18,0
2022-11-08 04:00:00,1673.59,1674.44,1668.26,1668.33,11065,18,0
2022-11-08 08:00:00,1668.36,1671.59,1664.66,1671.5,24232,18,0
2022-11-08 12:00:00,1671.49,1675.19,1669.78,1672.91,24534,18,0
2022-11-08 16:00:00,1672.89,1716.9,1672.83,1715.0,45363,18,0
2022-11-08 20:00:00,1715.05,1716.9,1708.25,1712.46,24690,18,0
2022-11-09 00:00:00,1711.0,1713.42,1706.98,1707.02,12148,18,0
2022-11-09 04:00:00,1707.02,1712.52,1707.02,1709.47,16844,18,0
2022-11-09 08:00:00,1709.47,1715.83,1707.1,1708.05,29571,18,0
2022-11-09 12:00:00,1708.05,1710.08,1703.07,1710.07,34210,18,0
2022-11-09 16:00:00,1710.03,1722.38,1707.43,1712.51,40480,18,0
2022-11-09 20:00:00,1712.62,1712.94,1702.12,1707.07,22933,18,0
2022-11-10 00:00:00,1705.81,1708.89,1703.85,1706.78,9625,18,0
2022-11-10 04:00:00,1706.78,1712.22,1705.74,1712.2,14830,18,0
2022-11-10 08:00:00,1712.21,1712.56,1704.63,1707.05,25701,18,0
2022-11-10 12:00:00,1707.1,1737.13,1704.0,1733.2,37859,18,0
2022-11-10 16:00:00,1733.2,1753.31,1732.54,1748.41,63234,18,0
2022-11-10 20:00:00,1748.68,1757.23,1748.4,1754.86,22540,18,0
2022-11-11 00:00:00,1754.61,1754.61,1747.23,1747.48,14673,18,0
2022-11-11 04:00:00,1747.47,1763.05,1747.47,1760.71,17411,18,0
2022-11-11 08:00:00,1760.71,1766.19,1755.47,1763.91,35607,18,0
2022-11-11 12:00:00,1763.89,1766.61,1755.03,1765.56,36670,18,0
2022-11-11 16:00:00,1765.56,1765.67,1755.53,1764.58,39571,18,0
2022-11-11 20:00:00,1764.56,1772.7,1763.23,1769.96,15114,18,0
2022-11-14 00:00:00,1765.92,1766.81,1761.28,1762.74,16526,18,0
2022-11-14 04:00:00,1762.71,1766.29,1757.9,1758.48,19259,18,0
2022-11-14 08:00:00,1758.47,1766.19,1756.99,1757.12,27325,18,0
2022-11-14 12:00:00,1757.16,1764.19,1753.29,1763.72,27371,18,0
2022-11-14 16:00:00,1763.79,1775.08,1762.38,1770.79,31892,18,0
2022-11-14 20:00:00,1770.79,1774.46,1770.29,1771.66,10806,18,0
2022-11-15 00:00:00,1770.3,1772.38,1767.07,1769.1,8895,18,0
2022-11-15 04:00:00,1769.08,1773.66,1768.18,1770.83,12493,18,0
2022-11-15 08:00:00,1770.81,1784.46,1768.68,1776.51,29264,18,0
2022-11-15 12:00:00,1776.62,1786.51,1773.21,1777.19,37074,18,0
2022-11-15 16:00:00,1777.27,1779.47,1768.04,1772.39,48153,18,0
2022-11-15 20:00:00,1772.42,1785.97,1768.29,1778.36,39520,18,0
2022-11-16 00:00:00,1778.24,1781.4,1773.64,1774.41,12492,18,0
2022-11-16 04:00:00,1774.41,1777.05,1770.26,1774.04,17834,18,0
2022-11-16 08:00:00,1774.04,1783.56,1771.31,1782.95,22937,18,0
2022-11-16 12:00:00,1783.01,1785.04,1774.38,1779.19,32878,18,0
2022-11-16 16:00:00,1779.14,1780.37,1772.95,1774.81,40498,18,0
2022-11-16 20:00:00,1774.86,1776.18,1770.91,1773.44,17828,18,0
2022-11-17 00:00:00,1771.7,1774.72,1769.29,1769.89,6499,18,0
2022-11-17 04:00:00,1769.88,1769.95,1761.44,1763.05,14314,18,0
2022-11-17 08:00:00,1763.08,1771.01,1762.87,1765.55,24317,18,0
2022-11-17 12:00:00,1765.57,1767.61,1756.31,1756.58,36353,18,0
2022-11-17 16:00:00,1756.6,1762.88,1754.48,1760.22,34892,18,0
2022-11-17 20:00:00,1760.33,1762.32,1759.47,1760.64,14500,18,0
2022-11-18 00:00:00,1760.4,1764.56,1759.34,1762.89,8690,18,0
2022-11-18 04:00:00,1763.03,1765.68,1761.13,1764.06,12826,18,0
2022-11-18 08:00:00,1764.05,1767.74,1760.72,1764.27,24266,18,0
2022-11-18 12:00:00,1764.27,1765.67,1758.16,1760.23,26657,18,0
2022-11-18 16:00:00,1760.26,1761.2,1749.9,1751.39,37067,18,0
2022-11-18 20:00:00,1751.39,1752.83,1747.51,1750.31,12994,18,0
2022-11-21 00:00:00,1749.02,1752.98,1744.38,1746.27,10001,18,0
2022-11-21 04:00:00,1746.26,1747.4,1743.87,1746.7,15266,18,0
2022-11-21 08:00:00,1746.7,1747.07,1736.94,1738.52,25779,18,0
2022-11-21 12:00:00,1738.36,1746.95,1738.04,1743.54,22799,18,0
2022-11-21 16:00:00,1743.55,1746.4,1732.55,1736.62,35876,18,0
2022-11-21 20:00:00,1736.57,1739.64,1735.4,1738.43,14374,18,0
2022-11-22 00:00:00,1737.99,1744.93,1737.41,1743.58,8078,18,0
2022-11-22 04:00:00,1743.58,1745.78,1740.99,1741.58,10693,18,0
2022-11-22 08:00:00,1741.58,1748.4,1740.32,1747.02,24271,18,0
2022-11-22 12:00:00,1747.02,1749.79,1743.04,1743.75,23417,18,0
2022-11-22 16:00:00,1743.73,1746.64,1738.57,1739.62,29291,18,0
2022-11-22 20:00:00,1739.64,1740.76,1737.02,1740.01,11374,18,0
2022-11-23 00:00:00,1739.6,1742.86,1739.02,1740.29,6387,18,0
2022-11-23 04:00:00,1740.22,1741.74,1732.95,1736.51,10109,18,0
2022-11-23 08:00:00,1736.5,1745.72,1735.55,1739.64,19781,18,0
2022-11-23 12:00:00,1739.63,1740.13,1719.47,1736.79,26326,18,0
2022-11-23 16:00:00,1736.72,1747.7,1735.61,1743.25,37653,18,0
2022-11-23 20:00:00,1743.25,1753.43,1742.51,1749.45,18164,18,0
2022-11-24 00:00:00,1748.67,1756.08,1748.67,1755.55,9103,18,0
2022-11-24 04:00:00,1755.59,1756.84,1753.1,1753.18,11794,18,0
2022-11-24 08:00:00,1753.18,1758.21,1752.42,1756.4,18815,18,0
2022-11-24 12:00:00,1756.4,1758.69,1754.58,1757.02,19285,18,0
2022-11-24 16:00:00,1757.04,1758.52,1754.9,1755.31,13403,18,0
2022-11-24 20:00:00,1755.3,1755.64,1754.99,1754.99,208,18,0
2022-11-25 00:00:00,1755.1,1757.55,1752.35,1756.67,9041,18,0
2022-11-25 04:00:00,1756.67,1761.15,1755.68,1756.5,12114,18,0
2022-11-25 08:00:00,1756.43,1757.11,1749.24,1750.9,20962,18,0
2022-11-25 12:00:00,1750.92,1754.42,1745.96,1748.39,23021,18,0
2022-11-25 16:00:00,1748.39,1755.57,1747.06,1753.16,26079,18,0
2022-11-25 20:00:00,1753.19,1756.27,1752.89,1756.16,1330,18,0
2022-11-28 00:00:00,1754.22,1755.33,1745.87,1746.86,9499,18,0
2022-11-28 04:00:00,1746.83,1752.18,1746.2,1749.57,12685,18,0
2022-11-28 08:00:00,1749.5,1762.83,1749.12,1760.9,24647,18,0
2022-11-28 12:00:00,1760.93,1763.71,1750.28,1753.46,26225,18,0
2022-11-28 16:00:00,1753.41,1753.44,1741.92,1742.57,36486,18,0
2022-11-28 20:00:00,1742.57,1743.0,1739.61,1741.32,11392,18,0
2022-11-29 00:00:00,1739.73,1746.45,1739.52,1746.38,9221,18,0
2022-11-29 04:00:00,1746.38,1755.03,1744.6,1754.17,16741,18,0
2022-11-29 08:00:00,1754.14,1759.04,1751.45,1754.04,25585,18,0
2022-11-29 12:00:00,1754.05,1757.53,1750.17,1751.63,24946,18,0
2022-11-29 16:00:00,1751.61,1758.1,1746.91,1750.96,35937,18,0
2022-11-29 20:00:00,1750.87,1752.43,1747.9,1749.83,12582,18,0
2022-11-30 00:00:00,1748.83,1754.14,1747.82,1752.83,7487,18,0
2022-11-30 04:00:00,1752.83,1755.74,1751.28,1753.69,9450,18,0
2022-11-30 08:00:00,1753.77,1762.11,1752.88,1762.0,19483,18,0
2022-11-30 12:00:00,1762.02,1764.65,1754.12,1755.13,29775,18,0
2022-11-30 16:00:00,1755.13,1763.3,1749.08,1752.7,38720,18,0
2022-11-30 20:00:00,1752.66,1770.04,1744.83,1768.32,35568,18,0
2022-12-01 00:00:00,1768.14,1780.1,1768.14,1775.77,15046,18,0
2022-12-01 04:00:00,1775.77,1782.61,1771.88,1780.11,17968,18,0
2022-12-01 08:00:00,1780.06,1783.67,1774.65,1778.25,26756,18,0
2022-12-01 12:00:00,1778.25,1792.21,1776.5,1789.38,30293,18,0
2022-12-01 16:00:00,1789.4,1804.01,1789.19,1801.51,51257,18,0
2022-12-01 20:00:00,1801.45,1803.55,1799.26,1803.17,15350,18,0
2022-12-02 00:00:00,1802.32,1804.4,1797.15,1797.97,9280,18,0
2022-12-02 04:00:00,1797.97,1799.06,1795.54,1797.22,14004,18,0
2022-12-02 08:00:00,1797.18,1802.98,1797.01,1801.84,27320,18,0
2022-12-02 12:00:00,1801.8,1801.84,1778.47,1785.5,33579,18,0
2022-12-02 16:00:00,1785.39,1798.48,1780.93,1795.29,38558,18,0
2022-12-02 20:00:00,1795.29,1799.51,1793.53,1798.63,14851,18,0
2022-12-05 00:00:00,1796.39,1808.36,1794.35,1806.43,12783,18,0
2022-12-05 04:00:00,1806.45,1810.12,1805.7,1807.43,14852,18,0
2022-12-05 08:00:00,1807.41,1807.81,1795.03,1796.74,23802,18,0
2022-12-05 12:00:00,1796.71,1798.48,1790.92,1792.56,26697,18,0
2022-12-05 16:00:00,1792.59,1793.45,1768.98,1769.86,46471,18,0
2022-12-05 20:00:00,1769.8,1770.4,1765.84,1768.62,16800,18,0
2022-12-06 00:00:00,1767.7,1776.14,1767.49,1774.59,8918,18,0
2022-12-06 04:00:00,1774.59,1776.24,1768.78,1770.83,15201,18,0
2022-12-06 08:00:00,1770.83,1773.97,1767.27,1771.05,20927,18,0
2022-12-06 12:00:00,1771.11,1780.88,1771.04,1778.29,23783,18,0
2022-12-06 16:00:00,1778.3,1778.81,1770.35,1771.48,33279,18,0
2022-12-06 20:00:00,1771.48,1772.74,1767.29,1771.12,12923,18,0
2022-12-07 00:00:00,1770.43,1773.78,1768.71,1773.55,6630,18,0
2022-12-07 04:00:00,1773.43,1775.17,1770.3,1773.09,13848,18,0
2022-12-07 08:00:00,1773.06,1775.87,1769.61,1772.43,20928,18,0
2022-12-07 12:00:00,1772.41,1779.35,1770.78,1778.38,25685,18,0
2022-12-07 16:00:00,1778.38,1787.78,1776.05,1783.18,45831,18,0
2022-12-07 20:00:00,1783.2,1790.53,1782.72,1786.35,14638,18,0
2022-12-08 00:00:00,1785.6,1788.11,1781.46,1782.22,8302,18,0
2022-12-08 04:00:00,1782.22,1784.7,1781.39,1784.41,13570,18,0
2022-12-08 08:00:00,1784.4,1787.12,1781.73,1783.33,18489,18,0
2022-12-08 12:00:00,1783.33,1791.94,1781.81,1789.45,21462,18,0
2022-12-08 16:00:00,1789.44,1794.77,1784.36,1787.11,23542,18,0
2022-12-08 20:00:00,1787.12,1792.02,1786.45,1789.52,8777,25,0
2022-12-09 00:00:00,1788.75,1795.57,1788.39,1794.11,5296,18,0
2022-12-09 04:00:00,1794.17,1797.55,1792.01,1795.05,7738,25,0
2022-12-09 08:00:00,1794.95,1796.79,1788.8,1792.58,11170,18,0
2022-12-09 12:00:00,1792.64,1803.74,1789.4,1798.01,19193,18,0
2022-12-09 16:00:00,1798.01,1806.03,1790.0,1798.65,26801,18,0
2022-12-09 20:00:00,1798.72,1800.04,1794.57,1796.65,8930,18,0
2022-12-12 00:00:00,1796.25,1797.03,1789.67,1790.67,7063,25,0
2022-12-12 04:00:00,1790.67,1790.81,1785.34,1786.78,7719,18,0
2022-12-12 08:00:00,1786.77,1792.39,1785.97,1792.25,13168,18,0
2022-12-12 12:00:00,1792.22,1795.42,1787.2,1787.54,12913,18,0
2022-12-12 16:00:00,1787.54,1790.11,1780.92,1782.95,21108,18,0
2022-12-12 20:00:00,1782.97,1783.24,1777.47,1781.52,10754,18,0
2022-12-13 00:00:00,1779.65,1784.62,1779.65,1784.12,4405,18,0
2022-12-13 04:00:00,1784.12,1785.95,1780.9,1785.33,7820,25,0
2022-12-13 08:00:00,1785.42,1788.58,1782.75,1784.47,12853,18,0
2022-12-13 12:00:00,1784.46,1812.85,1782.5,1810.94,21008,18,0
2022-12-13 16:00:00,1810.92,1824.44,1805.2,1808.32,41906,18,0
2022-12-13 20:00:00,1808.25,1814.33,1807.45,1810.49,17043,18,0
2022-12-14 00:00:00,1809.95,1812.59,1808.76,1810.69,7651,25,0
2022-12-14 04:00:00,1810.69,1812.12,1808.13,1809.55,7415,25,0
2022-12-14 08:00:00,1809.52,1813.08,1806.38,1807.55,13314,18,0
2022-12-14 12:00:00,1807.55,1810.18,1804.23,1808.59,16753,18,0
2022-12-14 16:00:00,1808.58,1812.97,1807.62,1808.22,21044,18,0
2022-12-14 20:00:00,1808.22,1813.94,1794.99,1807.27,33324,18,0
2022-12-15 00:00:00,1806.65,1808.52,1797.05,1798.44,7118,25,0
2022-12-15 04:00:00,1798.47,1798.66,1789.52,1792.82,12374,19,0
2022-12-15 08:00:00,1792.82,1796.35,1773.55,1777.55,20688,18,0
2022-12-15 12:00:00,1777.52,1781.37,1773.25,1776.37,21948,18,0
2022-12-15 16:00:00,1776.22,1785.98,1773.96,1776.69,32894,25,0
2022-12-15 20:00:00,1776.82,1779.22,1775.82,1776.62,9978,25,0
2022-12-16 00:00:00,1776.05,1778.67,1775.37,1777.31,5416,25,0
2022-12-16 04:00:00,1777.31,1784.04,1776.9,1778.99,8563,25,0
2022-12-16 08:00:00,1778.99,1784.86,1774.04,1778.01,16542,18,0
2022-12-16 12:00:00,1778.07,1786.59,1777.54,1785.42,21315,18,0
2022-12-16 16:00:00,1785.42,1793.91,1782.17,1787.64,37368,18,0
2022-12-16 20:00:00,1787.66,1794.3,1787.42,1792.97,14322,18,0
2022-12-19 00:00:00,1790.49,1795.2,1790.49,1794.08,9081,18,0
2022-12-19 04:00:00,1794.09,1796.91,1790.28,1790.78,13489,18,0
2022-12-19 08:00:00,1790.75,1798.8,1790.61,1795.4,17446,18,0
2022-12-19 12:00:00,1795.42,1797.12,1791.01,1791.48,19868,18,0
2022-12-19 16:00:00,1791.45,1796.0,1783.78,1790.03,31666,18,0
2022-12-19 20:00:00,1789.91,1790.0,1786.25,1787.53,13223,18,0
2022-12-20 00:00:00,1787.06,1788.09,1784.58,1786.63,9510,18,0
2022-12-20 04:00:00,1786.61,1796.17,1785.21,1788.79,30747,18,0
2022-12-20 08:00:00,1788.77,1807.87,1788.3,1807.17,31903,18,0
2022-12-20 12:00:00,1807.14,1809.46,1798.34,1805.7,28648,18,0
2022-12-20 16:00:00,1805.71,1821.22,1802.83,1818.04,42423,18,0
2022-12-20 20:00:00,1818.04,1819.08,1814.17,1818.05,16978,18,0
2022-12-21 00:00:00,1817.82,1819.81,1815.74,1816.51,11924,18,0
2022-12-21 04:00:00,1816.48,1818.73,1813.03,1814.14,15195,18,0
2022-12-21 08:00:00,1814.11,1817.31,1811.9,1813.25,20988,18,0
2022-12-21 12:00:00,1813.27,1819.8,1811.87,1817.74,24850,18,0
2022-12-21 16:00:00,1817.71,1823.83,1814.7,1816.83,32210,18,0
2022-12-21 20:00:00,1816.87,1818.35,1812.85,1814.36,15171,18,0
2022-12-22 00:00:00,1813.64,1819.82,1813.36,1819.49,8463,18,0
2022-12-22 04:00:00,1819.46,1820.42,1817.48,1818.53,13773,18,0
2022-12-22 08:00:00,1818.49,1819.74,1813.68,1817.0,17720,18,0
2022-12-22 12:00:00,1817.01,1819.96,1807.09,1807.91,25530,18,0
2022-12-22 16:00:00,1807.8,1810.07,1792.63,1793.1,36968,18,0
2022-12-22 20:00:00,1793.07,1795.14,1784.87,1792.73,21973,18,0
2022-12-23 00:00:00,1792.43,1795.29,1791.23,1794.96,8465,18,0
2022-12-23 04:00:00,1794.96,1796.26,1792.44,1794.76,12039,18,0
2022-12-23 08:00:00,1794.76,1799.32,1794.48,1798.71,15236,18,0
2022-12-23 12:00:00,1798.71,1800.34,1793.23,1794.27,23429,18,0
2022-12-23 16:00:00,1794.23,1803.28,1791.18,1797.26,36600,18,0
2022-12-23 20:00:00,1797.26,1798.34,1793.63,1798.05,11330,18,0
2022-12-27 00:00:00,1799.6,1804.71,1799.38,1804.57,10663,18,0
2022-12-27 04:00:00,1804.57,1807.51,1803.42,1805.88,12580,18,0
2022-12-27 08:00:00,1805.89,1809.85,1804.98,1808.61,12749,18,0
2022-12-27 12:00:00,1808.61,1811.57,1805.96,1806.46,20607,18,0
2022-12-27 16:00:00,1806.46,1833.32,1802.35,1813.73,38355,18,0
2022-12-27 20:00:00,1813.7,1817.62,1812.25,1814.18,12431,18,0
2022-12-28 00:00:00,1813.25,1814.52,1809.56,1812.99,8945,18,0
2022-12-28 04:00:00,1813.04,1813.1,1809.98,1810.46,10740,18,0
2022-12-28 08:00:00,1810.47,1811.49,1799.8,1800.13,18561,18,0
2022-12-28 12:00:00,1800.14,1807.67,1799.26,1803.81,19010,18,0
2022-12-28 16:00:00,1803.78,1809.49,1797.03,1805.59,33301,18,0
2022-12-28 20:00:00,1805.61,1809.3,1802.77,1804.12,14088,18,0
2022-12-29 00:00:00,1803.72,1808.69,1803.69,1806.46,7888,18,0
2022-12-29 04:00:00,1806.51,1810.1,1805.88,1809.6,10985,18,0
2022-12-29 08:00:00,1809.61,1811.95,1804.78,1808.77,17328,18,0
2022-12-29 12:00:00,1808.78,1812.16,1804.36,1810.37,21481,18,0
2022-12-29 16:00:00,1810.36,1819.83,1808.71,1818.89,35377,18,0
2022-12-29 20:00:00,1818.92,1820.19,1814.31,1814.9,12892,18,0
2022-12-30 00:00:00,1814.11,1818.13,1813.79,1817.59,8271,18,0
2022-12-30 04:00:00,1817.62,1819.17,1815.61,1818.85,9816,18,0
2022-12-30 08:00:00,1818.85,1822.4,1814.81,1815.04,18177,18,0
2022-12-30 12:00:00,1815.05,1821.99,1813.43,1821.73,19109,18,0
2022-12-30 16:00:00,1821.76,1825.23,1814.32,1823.94,37467,18,0
2022-12-30 20:00:00,1823.95,1826.13,1818.59,1824.23,18309,18,0
2023-01-03 00:00:00,1826.48,1832.41,1823.71,1828.5,14495,18,0
2023-01-03 04:00:00,1828.5,1843.12,1828.29,1840.44,18699,18,0
2023-01-03 08:00:00,1840.47,1849.99,1834.57,1838.79,30871,18,0
2023-01-03 12:00:00,1838.79,1841.15,1830.84,1838.96,28695,18,0
2023-01-03 16:00:00,1838.88,1849.88,1827.55,1839.16,44761,18,0
2023-01-03 20:00:00,1839.16,1840.27,1836.53,1839.4,17908,18,0
2023-01-04 00:00:00,1837.12,1844.53,1835.14,1844.38,11578,18,0
2023-01-04 04:00:00,1844.3,1847.17,1843.45,1846.42,15744,18,0
2023-01-04 08:00:00,1846.42,1865.03,1845.82,1860.58,25102,18,0
2023-01-04 12:00:00,1860.59,1862.85,1852.81,1860.03,29469,18,0
2023-01-04 16:00:00,1860.17,1860.9,1848.9,1850.48,46945,18,0
2023-01-04 20:00:00,1850.48,1857.16,1847.06,1854.42,25727,18,0
2023-01-05 00:00:00,1854.06,1859.05,1853.96,1858.85,11343,18,0
2023-01-05 04:00:00,1858.85,1858.85,1850.33,1852.69,17637,18,0
2023-01-05 08:00:00,1852.69,1855.64,1843.83,1848.7,27046,18,0
2023-01-05 12:00:00,1848.63,1851.39,1833.04,1834.58,30648,18,0
2023-01-05 16:00:00,1834.63,1837.87,1825.08,1833.9,48735,18,0
2023-01-05 20:00:00,1833.9,1837.49,1831.89,1833.03,17496,18,0
2023-01-06 00:00:00,1829.59,1836.15,1829.59,1835.47,9560,18,0
2023-01-06 04:00:00,1835.47,1840.87,1835.46,1837.18,17957,18,0
2023-01-06 08:00:00,1837.17,1840.63,1833.26,1835.47,20873,18,0
2023-01-06 12:00:00,1835.52,1852.53,1834.04,1851.76,31199,18,0
2023-01-06 16:00:00,1851.91,1865.06,1840.69,1862.35,52337,18,0
2023-01-06 20:00:00,1862.41,1869.9,1861.72,1866.47,14940,18,0
2023-01-09 00:00:00,1867.57,1875.29,1865.24,1874.37,15531,18,0
2023-01-09 04:00:00,1874.4,1879.5,1874.23,1877.93,16562,18,0
2023-01-09 08:00:00,1877.92,1880.99,1871.26,1873.59,25332,18,0
2023-01-09 12:00:00,1873.61,1878.45,1870.53,1878.17,27251,18,0
2023-01-09 16:00:00,1878.18,1881.48,1869.03,1871.86,41420,18,0
2023-01-09 20:00:00,1871.9,1875.8,1869.21,1871.59,19647,18,0
2023-01-10 00:00:00,1871.01,1875.93,1867.8,1874.38,13789,18,0
2023-01-10 04:00:00,1874.38,1875.56,1870.7,1873.96,16894,18,0
2023-01-10 08:00:00,1874.0,1877.28,1870.59,1876.81,22512,18,0
2023-01-10 12:00:00,1876.8,1877.11,1870.4,1873.39,24356,18,0
2023-01-10 16:00:00,1873.39,1880.71,1871.19,1874.28,45307,18,0
2023-01-10 20:00:00,1874.22,1878.72,1871.96,1877.18,13496,18,0
2023-01-11 00:00:00,1876.16,1878.44,1872.01,1872.97,9652,18,0
2023-01-11 04:00:00,1872.94,1884.62,1872.27,1882.36,15434,18,0
2023-01-11 08:00:00,1882.35,1886.63,1880.32,1884.66,24145,18,0
2023-01-11 12:00:00,1884.61,1886.09,1875.78,1877.57,25905,18,0
2023-01-11 16:00:00,1877.66,1879.16,1867.09,1873.89,38713,18,0
2023-01-11 20:00:00,1873.89,1878.51,1873.14,1875.89,15807,18,0
2023-01-12 00:00:00,1874.92,1881.11,1874.57,1880.52,13612,18,0
2023-01-12 04:00:00,1880.55,1885.01,1880.27,1883.65,15499,18,0
2023-01-12 08:00:00,1883.64,1885.45,1879.89,1884.34,20396,18,0
2023-01-12 12:00:00,1884.34,1901.64,1868.87,1899.66,30895,18,0
2023-01-12 16:00:00,1899.69,1901.32,1879.84,1897.68,56472,18,0
2023-01-12 20:00:00,1897.68,1899.53,1894.07,1897.3,23356,18,0
2023-01-13 00:00:00,1895.16,1900.91,1895.16,1898.74,16486,18,0
2023-01-13 04:00:00,1898.78,1899.88,1892.29,1893.65,18574,18,0
2023-01-13 08:00:00,1893.68,1909.68,1893.49,1904.37,30932,18,0
2023-01-13 12:00:00,1904.36,1906.99,1893.67,1900.05,27908,18,0
2023-01-13 16:00:00,1900.08,1917.89,1899.11,1916.88,41532,18,0
2023-01-13 20:00:00,1916.86,1921.96,1916.73,1920.54,15401,18,0
2023-01-16 00:00:00,1919.96,1924.56,1916.77,1924.18,13015,18,0
2023-01-16 04:00:00,1924.15,1928.92,1916.93,1919.5,15206,18,0
2023-01-16 08:00:00,1919.52,1920.83,1910.85,1917.56,19612,18,0
2023-01-16 12:00:00,1917.56,1919.34,1911.39,1913.39,18311,18,0
2023-01-16 16:00:00,1913.43,1917.02,1912.57,1913.89,14500,18,0
2023-01-16 20:00:00,1913.86,1914.61,1913.83,1914.28,901,18,0
2023-01-17 00:00:00,1914.69,1918.96,1912.81,1912.97,8124,18,0
2023-01-17 04:00:00,1912.94,1916.28,1908.1,1910.99,13903,18,0
2023-01-17 08:00:00,1911.0,1911.88,1905.89,1906.55,19943,18,0
2023-01-17 12:00:00,1906.53,1914.39,1904.23,1912.99,22994,18,0
2023-01-17 16:00:00,1913.0,1916.59,1905.11,1907.13,36590,18,0
2023-01-17 20:00:00,1907.13,1910.81,1903.71,1908.36,13497,18,0
2023-01-18 00:00:00,1908.26,1909.19,1906.33,1908.69,7167,18,0
2023-01-18 04:00:00,1908.7,1910.33,1896.57,1897.84,24555,18,0
2023-01-18 08:00:00,1897.84,1915.91,1897.71,1914.77,27320,18,0
2023-01-18 12:00:00,1914.81,1924.22,1911.26,1921.34,23227,18,0
2023-01-18 16:00:00,1921.34,1925.96,1901.56,1905.35,43290,18,0
2023-01-18 20:00:00,1905.41,1906.46,1902.27,1904.12,13784,18,0
2023-01-19 00:00:00,1904.38,1909.49,1901.32,1901.89,10589,18,0
2023-01-19 04:00:00,1901.89,1910.9,1900.93,1910.03,14337,18,0
2023-01-19 08:00:00,1909.86,1916.73,1906.36,1910.36,17653,18,0
2023-01-19 12:00:00,1910.36,1913.41,1906.64,1913.15,25251,18,0
2023-01-19 16:00:00,1913.15,1923.27,1912.76,1920.06,33748,18,0
2023-01-19 20:00:00,1920.05,1935.16,1919.83,1931.63,20391,18,0
2023-01-20 00:00:00,1931.99,1934.88,1929.42,1931.71,7558,18,0
2023-01-20 04:00:00,1931.55,1932.47,1923.15,1927.9,12334,18,0
2023-01-20 08:00:00,1927.85,1937.48,1926.13,1929.41,19662,18,0
2023-01-20 12:00:00,1929.41,1931.32,1923.88,1924.18,23664,18,0
2023-01-20 16:00:00,1924.18,1930.96,1920.61,1925.19,29673,18,0
2023-01-20 20:00:00,1925.19,1931.02,1924.71,1926.81,10049,18,0
2023-01-23 00:00:00,1926.12,1933.69,1923.75,1932.43,6441,18,0
2023-01-23 04:00:00,1932.43,1935.52,1926.06,1926.15,9469,18,0
2023-01-23 08:00:00,1926.06,1927.37,1918.87,1925.94,20402,18,0
2023-01-23 12:00:00,1925.93,1929.3,1918.81,1921.88,21078,18,0
2023-01-23 16:00:00,1921.9,1926.31,1911.35,1923.85,34583,18,0
2023-01-23 20:00:00,1923.99,1931.75,1923.77,1931.51,9678,18,0
2023-01-24 00:00:00,1930.67,1935.75,1930.65,1935.75,5716,22,0
2023-01-24 04:00:00,1935.68,1936.94,1931.84,1934.04,6760,21,0
2023-01-24 08:00:00,1934.04,1942.46,1933.85,1936.16,18558,18,0
2023-01-24 12:00:00,1936.16,1939.37,1930.34,1932.42,20614,18,0
2023-01-24 16:00:00,1932.43,1936.65,1917.15,1933.85,41152,18,0
2023-01-24 20:00:00,1933.84,1938.23,1933.0,1937.28,10546,18,0
2023-01-25 00:00:00,1936.72,1938.79,1934.91,1937.48,5854,21,0
2023-01-25 04:00:00,1937.48,1939.64,1925.74,1927.51,10094,18,0
2023-01-25 08:00:00,1927.59,1933.67,1926.24,1927.9,18255,18,0
2023-01-25 12:00:00,1927.89,1928.4,1919.83,1922.25,21905,20,0
2023-01-25 16:00:00,1922.25,1940.42,1921.69,1937.42,33711,18,0
2023-01-25 20:00:00,1937.5,1948.0,1937.45,1946.27,13568,18,0
2023-01-26 00:00:00,1946.65,1949.05,1942.46,1945.5,7384,21,0
2023-01-26 04:00:00,1945.5,1948.78,1943.61,1947.41,9570,22,0
2023-01-26 08:00:00,1947.41,1948.94,1933.82,1936.78,22263,19,0
2023-01-26 12:00:00,1936.76,1939.54,1931.15,1937.71,23813,18,0
2023-01-26 16:00:00,1937.75,1942.34,1918.57,1926.53,41821,18,0
2023-01-26 20:00:00,1926.53,1933.07,1926.34,1929.02,12972,18,0
2023-01-27 00:00:00,1928.37,1934.78,1927.88,1930.06,5523,18,0
2023-01-27 04:00:00,1930.06,1931.14,1919.83,1925.09,9936,23,0
2023-01-27 08:00:00,1925.09,1928.18,1922.08,1925.56,15089,18,0
2023-01-27 12:00:00,1925.59,1934.94,1925.16,1928.75,20160,18,0
2023-01-27 16:00:00,1928.8,1932.12,1916.61,1928.54,33163,18,0
2023-01-27 20:00:00,1928.54,1931.99,1926.16,1928.58,7680,21,0
2023-01-30 00:00:00,1927.94,1930.99,1924.71,1927.67,8403,18,0
2023-01-30 04:00:00,1927.7,1934.35,1924.33,1931.32,13459,18,0
2023-01-30 08:00:00,1931.28,1932.06,1920.63,1924.62,21684,18,0
2023-01-30 12:00:00,1924.61,1930.66,1922.01,1929.06,20684,18,0
2023-01-30 16:00:00,1929.06,1929.56,1921.87,1924.29,23658,18,0
2023-01-30 20:00:00,1924.2,1924.63,1920.79,1923.02,9740,18,0
2023-01-31 00:00:00,1921.65,1927.37,1921.13,1925.16,5625,18,0
2023-01-31 04:00:00,1925.16,1926.33,1917.03,1917.25,9024,18,0
2023-01-31 08:00:00,1917.25,1917.25,1902.59,1903.75,20472,18,0
2023-01-31 12:00:00,1903.76,1920.27,1900.74,1919.65,22725,18,0
2023-01-31 16:00:00,1919.74,1930.5,1918.48,1929.57,34972,18,0
2023-01-31 20:00:00,1929.57,1931.11,1927.3,1927.97,13347,18,0
2023-02-01 00:00:00,1928.12,1928.74,1925.56,1927.09,5368,19,0
2023-02-01 04:00:00,1927.04,1928.47,1924.51,1925.97,7390,18,0
2023-02-01 08:00:00,1925.94,1929.22,1923.21,1925.12,14819,18,0
2023-02-01 12:00:00,1925.13,1933.26,1923.71,1929.31,16633,18,0
2023-02-01 16:00:00,1929.31,1932.91,1920.5,1925.62,27396,18,0
2023-02-01 20:00:00,1925.62,1954.53,1921.17,1950.07,31005,18,0
2023-02-02 00:00:00,1950.28,1957.22,1950.28,1952.7,11369,18,0
2023-02-02 04:00:00,1952.73,1954.41,1951.57,1952.54,9040,18,0
2023-02-02 08:00:00,1952.58,1959.63,1951.17,1956.41,18610,18,0
2023-02-02 12:00:00,1956.42,1957.18,1943.31,1944.15,24154,18,0
2023-02-02 16:00:00,1944.11,1947.15,1911.94,1912.09,42987,18,0
2023-02-02 20:00:00,1912.05,1918.55,1911.23,1912.44,17381,18,0
2023-02-03 00:00:00,1911.83,1918.11,1911.64,1917.75,7051,22,0
2023-02-03 04:00:00,1917.75,1918.47,1913.79,1914.91,7518,26,0
2023-02-03 08:00:00,1914.91,1918.19,1910.09,1913.19,17785,18,0
2023-02-03 12:00:00,1913.2,1917.02,1882.72,1886.61,26456,18,0
2023-02-03 16:00:00,1886.07,1886.36,1862.68,1863.35,49877,18,0
2023-02-03 20:00:00,1863.27,1866.94,1861.32,1865.69,15117,18,0
2023-02-06 00:00:00,1864.23,1873.41,1859.73,1872.74,10696,18,0
2023-02-06 04:00:00,1872.64,1878.62,1871.57,1878.02,10363,18,0
2023-02-06 08:00:00,1878.02,1881.26,1870.05,1873.16,16379,18,0
2023-02-06 12:00:00,1873.15,1874.06,1868.14,1871.61,19039,18,0
2023-02-06 16:00:00,1871.59,1875.74,1863.03,1865.94,32017,18,0
2023-02-06 20:00:00,1865.92,1871.21,1864.27,1867.54,12329,18,0
2023-02-07 00:00:00,1867.0,1873.51,1866.94,1873.51,6582,18,0
2023-02-07 04:00:00,1873.52,1875.54,1871.58,1874.91,10846,18,0
2023-02-07 08:00:00,1874.91,1877.99,1871.05,1873.36,18896,18,0
2023-02-07 12:00:00,1873.26,1875.43,1865.65,1869.83,19207,18,0
2023-02-07 16:00:00,1869.83,1884.44,1866.61,1880.49,34831,18,0
2023-02-07 20:00:00,1880.62,1882.69,1864.93,1872.0,30682,18,0
2023-02-08 00:00:00,1872.38,1878.37,1871.35,1875.99,5848,21,0
2023-02-08 04:00:00,1875.98,1878.28,1874.23,1876.86,8350,21,0
2023-02-08 08:00:00,1876.73,1886.41,1873.22,1885.98,20892,18,0
2023-02-08 12:00:00,1885.8,1885.83,1872.6,1877.7,18417,18,0
2023-02-08 16:00:00,1877.71,1883.09,1869.03,1875.69,33504,18,0
2023-02-08 20:00:00,1875.78,1879.85,1873.8,1875.72,13674,18,0
2023-02-09 00:00:00,1874.84,1876.85,1871.97,1876.8,6766,18,0
2023-02-09 04:00:00,1876.8,1881.33,1876.57,1879.0,11453,18,0
2023-02-09 08:00:00,1879.0,1885.37,1876.77,1883.1,19061,18,0
2023-02-09 12:00:00,1883.17,1889.73,1879.6,1889.5,19601,18,0
2023-02-09 16:00:00,1889.45,1890.18,1862.93,1868.46,32876,18,0
2023-02-09 20:00:00,1868.33,1869.58,1858.84,1861.14,18710,18,0
2023-02-10 00:00:00,1861.38,1865.36,1859.04,1862.15,6147,18,0
2023-02-10 04:00:00,1862.14,1863.36,1852.68,1860.02,11026,18,0
2023-02-10 08:00:00,1860.02,1872.09,1857.56,1864.1,25704,18,0
2023-02-10 12:00:00,1864.04,1868.6,1860.49,1866.95,22512,18,0
2023-02-10 16:00:00,1866.95,1868.47,1856.26,1861.66,31238,18,0
2023-02-10 20:00:00,1861.66,1865.61,1861.11,1865.25,11701,20,0
2023-02-13 00:00:00,1863.69,1865.26,1858.03,1861.38,7781,18,0
2023-02-13 04:00:00,1861.38,1862.38,1856.92,1859.59,10465,21,0
2023-02-13 08:00:00,1859.59,1866.44,1854.38,1856.87,17804,18,0
2023-02-13 12:00:00,1856.87,1862.95,1853.58,1856.86,18002,18,0
2023-02-13 16:00:00,1856.86,1859.28,1850.6,1851.46,25981,18,0
2023-02-13 20:00:00,1851.46,1855.73,1850.41,1853.76,12148,18,0
2023-02-14 00:00:00,1853.34,1856.66,1853.16,1856.46,5301,23,0
2023-02-14 04:00:00,1856.46,1859.27,1855.56,1859.22,8987,26,0
2023-02-14 08:00:00,1859.22,1864.82,1857.77,1862.53,13328,18,0
2023-02-14 12:00:00,1862.42,1870.63,1850.07,1862.47,24586,18,0
2023-02-14 16:00:00,1862.54,1866.2,1843.18,1849.76,48571,18,0
2023-02-14 20:00:00,1849.72,1858.76,1849.55,1854.32,15102,18,0
2023-02-15 00:00:00,1854.04,1859.26,1853.46,1858.94,6629,21,0
2023-02-15 04:00:00,1858.94,1860.2,1845.2,1846.26,11351,18,0
2023-02-15 08:00:00,1846.24,1846.49,1831.76,1835.52,22018,18,0
2023-02-15 12:00:00,1835.2,1838.86,1831.67,1834.52,21313,18,0
2023-02-15 16:00:00,1834.52,1838.68,1830.01,1834.87,28270,18,0
2023-02-15 20:00:00,1834.84,1838.55,1833.66,1836.08,12130,18,0
2023-02-16 00:00:00,1835.58,1842.19,1834.42,1841.23,7211,18,0
2023-02-16 04:00:00,1841.23,1842.52,1835.28,1836.92,9736,21,0
2023-02-16 08:00:00,1836.92,1845.01,1834.23,1835.45,14833,18,0
2023-02-16 12:00:00,1835.45,1840.38,1827.59,1830.7,19266,18,0
2023-02-16 16:00:00,1830.75,1843.94,1827.52,1842.38,32384,18,0
2023-02-16 20:00:00,1842.38,1845.23,1835.75,1836.18,14423,18,0
2023-02-17 00:00:00,1836.49,1836.61,1828.81,1828.91,6479,26,0
2023-02-17 04:00:00,1828.91,1830.54,1823.89,1827.64,8218,18,0
2023-02-17 08:00:00,1827.6,1828.15,1818.86,1825.75,17825,18,0
2023-02-17 12:00:00,1825.69,1830.31,1821.81,1827.5,18392,18,0
2023-02-17 16:00:00,1827.5,1842.69,1822.6,1840.79,33742,18,0
2023-02-17 20:00:00,1840.92,1843.51,1840.2,1842.05,11471,18,0
2023-02-20 00:00:00,1840.98,1841.91,1837.26,1840.27,6461,18,0
2023-02-20 04:00:00,1840.22,1844.81,1839.35,1844.39,9788,18,0
2023-02-20 08:00:00,1844.28,1847.53,1842.55,1843.21,12191,18,0
2023-02-20 12:00:00,1843.17,1846.4,1841.88,1845.76,11996,18,0
2023-02-20 16:00:00,1845.75,1846.34,1840.01,1840.11,9227,18,0
2023-02-20 20:00:00,1840.03,1840.81,1840.03,1840.57,586,18,0
2023-02-21 00:00:00,1840.64,1843.13,1839.4,1841.67,5865,18,0
2023-02-21 04:00:00,1841.67,1842.79,1836.41,1839.02,9606,18,0
2023-02-21 08:00:00,1839.02,1839.02,1830.48,1835.45,18730,18,0
2023-02-21 12:00:00,1835.51,1837.23,1830.17,1836.69,19506,18,0
2023-02-21 16:00:00,1836.72,1843.83,1832.08,1836.87,31865,18,0
2023-02-21 20:00:00,1836.84,1837.42,1831.74,1834.86,12507,18,0
2023-02-22 00:00:00,1834.16,1838.44,1834.16,1836.14,6360,18,0
2023-02-22 04:00:00,1836.15,1837.51,1834.56,1837.01,8288,18,0
2023-02-22 08:00:00,1836.91,1841.1,1832.86,1833.9,12807,18,0
2023-02-22 12:00:00,1833.9,1845.98,1832.01,1838.44,16951,18,0
2023-02-22 16:00:00,1838.45,1839.02,1830.65,1833.18,26769,18,0
2023-02-22 20:00:00,1833.13,1834.18,1823.47,1825.21,19583,18,0
2023-02-23 00:00:00,1825.2,1828.69,1823.06,1827.61,5222,18,0
2023-02-23 04:00:00,1827.54,1830.33,1826.24,1828.89,9207,18,0
2023-02-23 08:00:00,1828.87,1833.68,1825.56,1826.15,12770,18,0
2023-02-23 12:00:00,1826.15,1828.45,1817.37,1825.51,18455,18,0
2023-02-23 16:00:00,1825.55,1830.1,1818.45,1821.19,32328,18,0
2023-02-23 20:00:00,1821.16,1824.1,1819.17,1822.15,11765,18,0
2023-02-24 00:00:00,1819.98,1827.11,1819.98,1825.94,7876,18,0
2023-02-24 04:00:00,1825.94,1827.71,1824.02,1824.59,9788,18,0
2023-02-24 08:00:00,1824.59,1826.29,1819.69,1821.52,10403,18,0
2023-02-24 12:00:00,1821.45,1824.08,1811.57,1815.76,19604,18,0
2023-02-24 16:00:00,1815.84,1815.86,1808.9,1809.87,32351,18,0
2023-02-24 20:00:00,1809.87,1813.39,1808.85,1811.09,14544,18,0
2023-02-27 00:00:00,1810.36,1814.06,1808.52,1813.73,7148,18,0
2023-02-27 04:00:00,1813.73,1813.88,1806.51,1808.64,12167,18,0
2023-02-27 08:00:00,1808.64,1813.72,1807.06,1808.39,16801,18,0
2023-02-27 12:00:00,1808.42,1816.3,1808.28,1815.17,17955,18,0
2023-02-27 16:00:00,1815.15,1820.11,1812.59,1818.63,25353,18,0
2023-02-27 20:00:00,1818.68,1820.08,1815.9,1817.2,12348,18,0
2023-02-28 00:00:00,1816.02,1818.13,1815.25,1817.2,4243,18,0
2023-02-28 04:00:00,1817.28,1819.33,1812.15,1813.36,7725,18,0
2023-02-28 08:00:00,1813.36,1816.99,1804.65,1810.28,15977,18,0
2023-02-28 12:00:00,1810.43,1814.21,1807.21,1814.0,17326,18,0
2023-02-28 16:00:00,1814.0,1831.1,1813.0,1829.25,34974,18,0
2023-02-28 20:00:00,1829.2,1830.79,1826.14,1827.1,14817,18,0
2023-03-01 00:00:00,1826.47,1829.4,1822.97,1829.06,7883,18,0
2023-03-01 04:00:00,1829.06,1832.59,1827.35,1831.09,12015,18,0
2023-03-01 08:00:00,1831.21,1837.93,1830.34,1831.7,20524,18,0
2023-03-01 12:00:00,1831.7,1841.57,1830.75,1837.18,19781,18,0
2023-03-01 16:00:00,1837.14,1844.56,1833.43,1837.17,36220,18,0
2023-03-01 20:00:00,1837.2,1839.07,1836.43,1836.63,11844,18,0
2023-03-02 00:00:00,1836.48,1838.34,1831.01,1833.04,8104,18,0
2023-03-02 04:00:00,1833.05,1835.88,1832.19,1833.46,10331,18,0
2023-03-02 08:00:00,1833.56,1835.17,1829.91,1831.86,18170,18,0
2023-03-02 12:00:00,1831.85,1837.65,1829.99,1832.11,19932,18,0
2023-03-02 16:00:00,1832.12,1838.95,1831.93,1833.66,27054,18,0
2023-03-02 20:00:00,1833.69,1838.05,1832.81,1835.95,12589,18,0
2023-03-03 00:00:00,1835.78,1841.44,1835.58,1838.68,6788,18,0
2023-03-03 04:00:00,1838.68,1841.08,1837.81,1839.04,9383,18,0
2023-03-03 08:00:00,1839.04,1847.37,1838.9,1845.94,14715,18,0
2023-03-03 12:00:00,1846.1,1849.2,1844.45,1846.95,15862,18,0
2023-03-03 16:00:00,1846.86,1848.28,1838.97,1847.29,26609,18,0
2023-03-03 20:00:00,1847.36,1856.3,1846.55,1854.65,10438,18,0
2023-03-06 00:00:00,1854.17,1855.36,1850.68,1852.55,5602,18,0
2023-03-06 04:00:00,1852.53,1856.39,1851.06,1854.26,6565,18,0
2023-03-06 08:00:00,1854.26,1858.26,1850.52,1851.37,13533,18,0
2023-03-06 12:00:00,1851.38,1853.2,1847.21,1851.51,14390,18,0
2023-03-06 16:00:00,1851.51,1853.91,1848.33,1850.33,23771,18,0
2023-03-06 20:00:00,1850.33,1850.33,1845.04,1846.98,11226,18,0
2023-03-07 00:00:00,1846.28,1848.46,1843.99,1847.79,6396,18,0
2023-03-07 04:00:00,1847.79,1850.39,1846.49,1847.41,7429,18,0
2023-03-07 08:00:00,1847.39,1851.55,1843.36,1843.73,12902,18,0
2023-03-07 12:00:00,1843.73,1844.29,1833.38,1835.41,16470,18,0
2023-03-07 16:00:00,1835.43,1835.46,1815.58,1816.98,39941,18,0
2023-03-07 20:00:00,1816.98,1817.98,1812.65,1813.43,13600,18,0
2023-03-08 00:00:00,1813.28,1814.34,1811.27,1812.23,6007,18,0
2023-03-08 04:00:00,1812.18,1812.94,1809.33,1812.01,6569,18,0
2023-03-08 08:00:00,1812.01,1815.14,1811.39,1813.69,8682,18,0
2023-03-08 12:00:00,1813.69,1816.59,1812.08,1813.59,16981,18,0
2023-03-08 16:00:00,1813.56,1824.21,1812.89,1815.55,36822,18,0
2023-03-08 20:00:00,1815.55,1816.34,1812.89,1813.49,12088,18,0
2023-03-09 00:00:00,1813.18,1816.39,1812.07,1812.22,6157,18,0
2023-03-09 04:00:00,1812.22,1816.03,1811.85,1815.04,7312,18,0
2023-03-09 08:00:00,1815.04,1819.09,1812.65,1816.97,13224,18,0
2023-03-09 12:00:00,1817.11,1825.23,1815.4,1825.07,15471,18,0
2023-03-09 16:00:00,1825.06,1835.54,1823.89,1829.24,26429,18,0
2023-03-09 20:00:00,1829.03,1834.99,1828.14,1830.88,16491,18,0
2023-03-10 00:00:00,1830.88,1834.83,1830.09,1831.01,8243,18,0
2023-03-10 04:00:00,1830.97,1833.23,1827.64,1830.93,13402,18,0
2023-03-10 08:00:00,1830.91,1837.24,1830.1,1831.57,19442,18,0
2023-03-10 12:00:00,1831.57,1845.01,1830.84,1842.39,20366,18,0
2023-03-10 16:00:00,1842.39,1867.34,1839.9,1864.2,48379,18,0
2023-03-10 20:00:00,1864.24,1870.14,1860.83,1867.43,21807,18,0
2023-03-13 00:00:00,1884.89,1893.99,1872.1,1873.01,25094,18,0
2023-03-13 04:00:00,1872.99,1888.77,1872.41,1877.87,18097,18,0
2023-03-13 08:00:00,1877.84,1893.78,1871.42,1885.85,31742,18,0
2023-03-13 12:00:00,1885.86,1909.75,1880.8,1896.56,47947,18,0
2023-03-13 16:00:00,1896.5,1913.0,1896.25,1909.73,48833,18,0
2023-03-13 20:00:00,1909.69,1914.56,1907.9,1913.78,16090,18,0
2023-03-14 00:00:00,1911.89,1914.04,1905.23,1906.06,11198,18,0
2023-03-14 04:00:00,1905.98,1907.88,1901.37,1903.92,8507,18,0
2023-03-14 08:00:00,1903.88,1913.49,1900.72,1901.08,27258,18,0
2023-03-14 12:00:00,1901.08,1911.93,1895.31,1902.25,35759,18,0
2023-03-14 16:00:00,1902.43,1910.18,1900.08,1906.65,30505,18,0
2023-03-14 20:00:00,1906.66,1909.73,1902.14,1903.54,15627,18,0
2023-03-15 00:00:00,1904.21,1905.09,1899.89,1903.59,7505,18,0
2023-03-15 04:00:00,1903.59,1905.58,1899.05,1900.08,9058,18,0
2023-03-15 08:00:00,1900.08,1902.3,1885.69,1896.26,27952,18,0
2023-03-15 12:00:00,1896.26,1930.31,1896.17,1926.13,59666,18,0
2023-03-15 16:00:00,1926.06,1937.37,1917.41,1924.35,55174,18,0
2023-03-15 20:00:00,1924.35,1926.29,1908.99,1917.99,23758,18,0
2023-03-16 00:00:00,1918.88,1924.29,1907.43,1910.95,16181,18,0
2023-03-16 04:00:00,1910.97,1920.11,1909.28,1919.76,11145,18,0
2023-03-16 08:00:00,1919.84,1922.44,1912.28,1921.68,21351,18,0
2023-03-16 12:00:00,1921.71,1933.5,1918.6,1923.68,34464,18,0
2023-03-16 16:00:00,1923.79,1932.34,1913.27,1916.33,53581,18,0
2023-03-16 20:00:00,1916.33,1921.14,1916.23,1919.74,12439,18,0
2023-03-17 00:00:00,1918.86,1922.79,1918.18,1922.77,10050,18,0
2023-03-17 04:00:00,1922.77,1932.77,1922.07,1929.41,15877,18,0
2023-03-17 08:00:00,1929.41,1934.29,1927.29,1932.2,25193,18,0
2023-03-17 12:00:00,1932.2,1952.13,1929.24,1950.52,36946,18,0
2023-03-17 16:00:00,1952.36,1975.14,1949.68,1972.85,40669,18,0
2023-03-17 20:00:00,1972.74,1987.7,1970.3,1986.01,23660,18,0
2023-03-20 00:00:00,1985.3,1990.63,1968.05,1969.58,16476,18,0
2023-03-20 04:00:00,1969.56,1988.61,1969.19,1988.03,14061,18,0
2023-03-20 08:00:00,1988.1,2009.69,1981.84,1984.72,42235,18,0
2023-03-20 12:00:00,1984.86,1988.57,1972.43,1977.95,43588,18,0
2023-03-20 16:00:00,1978.0,1980.87,1965.84,1977.52,35679,18,0
2023-03-20 20:00:00,1977.52,1984.31,1976.16,1978.78,12146,18,0
2023-03-21 00:00:00,1978.57,1982.82,1975.29,1980.09,10237,18,0
2023-03-21 04:00:00,1980.09,1985.1,1979.12,1982.47,11232,18,0
2023-03-21 08:00:00,1982.47,1983.18,1962.86,1968.93,28101,18,0
2023-03-21 12:00:00,1968.93,1969.38,1952.02,1952.78,32489,18,0
2023-03-21 16:00:00,1952.78,1954.91,1936.58,1941.4,41663,18,0
2023-03-21 20:00:00,1941.4,1942.15,1935.32,1940.33,10865,18,0
2023-03-22 00:00:00,1938.91,1946.17,1938.6,1943.86,9885,18,0
2023-03-22 04:00:00,1943.84,1943.84,1937.87,1939.72,12667,18,0
2023-03-22 08:00:00,1939.72,1945.65,1934.24,1944.07,23673,18,0
2023-03-22 12:00:00,1944.06,1945.25,1937.04,1942.88,26281,18,0
2023-03-22 16:00:00,1942.88,1951.88,1942.48,1945.21,28188,18,0
2023-03-22 20:00:00,1945.16,1978.75,1945.16,1967.99,37159,18,0
2023-03-23 00:00:00,1968.76,1973.72,1964.48,1968.97,14909,18,0
2023-03-23 04:00:00,1969.03,1980.82,1968.83,1977.03,17318,18,0
2023-03-23 08:00:00,1977.01,1983.56,1974.15,1978.05,27405,18,0
2023-03-23 12:00:00,1978.05,1984.97,1966.46,1984.13,31085,18,0
2023-03-23 16:00:00,1984.08,1999.66,1977.63,1999.58,38134,18,0
2023-03-23 20:00:00,1999.5,2003.24,1987.96,1993.02,24885,18,0
2023-03-24 00:00:00,1993.07,1994.85,1989.57,1990.67,12805,18,0
2023-03-24 04:00:00,1990.68,1993.41,1989.32,1990.45,13909,18,0
2023-03-24 08:00:00,1990.45,1994.85,1981.21,1994.41,25742,18,0
2023-03-24 12:00:00,1994.37,2002.92,1988.51,1989.47,43936,18,0
2023-03-24 16:00:00,1989.47,1998.39,1975.51,1979.72,43406,18,0
2023-03-24 20:00:00,1979.74,1979.86,1975.13,1977.48,11654,18,0
2023-03-27 00:00:00,1979.01,1980.17,1969.18,1973.68,8760,18,0
2023-03-27 04:00:00,1973.61,1978.65,1972.07,1973.68,16198,18,0
2023-03-27 08:00:00,1973.68,1973.89,1965.84,1968.29,22345,18,0
2023-03-27 12:00:00,1968.3,1968.63,1944.27,1945.72,26901,18,0
2023-03-27 16:00:00,1945.79,1959.37,1943.95,1955.8,32687,18,0
2023-03-27 20:00:00,1955.71,1958.13,1950.65,1956.13,13170,18,0
2023-03-28 00:00:00,1955.92,1960.73,1955.92,1959.45,5336,18,0
2023-03-28 04:00:00,1959.45,1963.96,1957.31,1957.73,12447,18,0
2023-03-28 08:00:00,1957.73,1960.83,1949.74,1950.22,21309,18,0
2023-03-28 12:00:00,1950.22,1967.37,1949.06,1965.17,19296,18,0
2023-03-28 16:00:00,1965.16,1970.01,1958.89,1968.98,28631,18,0
2023-03-28 20:00:00,1968.87,1975.21,1968.79,1973.77,13421,18,0
2023-03-29 00:00:00,1973.23,1974.32,1969.88,1970.38,4054,18,0
2023-03-29 04:00:00,1970.43,1971.83,1965.77,1966.19,11790,18,0
2023-03-29 08:00:00,1966.19,1967.57,1958.64,1964.29,17649,18,0
2023-03-29 12:00:00,1964.29,1969.1,1962.4,1964.88,18105,18,0
2023-03-29 16:00:00,1964.88,1971.64,1960.62,1964.97,26478,18,0
2023-03-29 20:00:00,1964.97,1969.12,1961.01,1964.57,9690,18,0
2023-03-30 00:00:00,1962.24,1964.87,1960.77,1961.4,4717,18,0
2023-03-30 04:00:00,1961.38,1961.95,1955.29,1960.79,13826,18,0
2023-03-30 08:00:00,1960.84,1971.46,1960.22,1967.83,19643,18,0
2023-03-30 12:00:00,1967.81,1975.32,1966.88,1970.2,18290,18,0
2023-03-30 16:00:00,1970.19,1984.22,1963.9,1983.3,30969,18,0
2023-03-30 20:00:00,1983.33,1983.43,1978.11,1979.88,11170,18,0
2023-03-31 00:00:00,1980.43,1980.63,1977.58,1979.61,5136,18,0
2023-03-31 04:00:00,1979.57,1983.54,1979.02,1980.73,14817,18,0
2023-03-31 08:00:00,1980.73,1985.0,1973.13,1975.36,20236,18,0
2023-03-31 12:00:00,1975.55,1987.53,1975.55,1979.48,19576,18,0
2023-03-31 16:00:00,1979.49,1984.04,1974.82,1977.1,25362,18,0
2023-03-31 20:00:00,1977.09,1977.16,1966.82,1969.33,14842,18,0
2023-04-03 00:00:00,1972.77,1972.77,1956.7,1962.31,7290,18,0
2023-04-03 04:00:00,1962.28,1964.42,1949.63,1952.52,18703,18,0
2023-04-03 08:00:00,1952.52,1966.37,1950.74,1965.8,19135,18,0
2023-04-03 12:00:00,1965.8,1979.87,1963.02,1978.97,19886,18,0
2023-04-03 16:00:00,1978.96,1990.46,1972.34,1986.97,35085,18,0
2023-04-03 20:00:00,1986.98,1986.99,1981.8,1984.07,11054,18,0
2023-04-04 00:00:00,1984.17,1985.46,1982.08,1982.81,3993,18,0
2023-04-04 04:00:00,1982.81,1983.56,1977.75,1979.64,10317,18,0
2023-04-04 08:00:00,1979.62,1984.16,1976.86,1980.59,17910,18,0
2023-04-04 12:00:00,1980.59,1985.62,1978.42,1983.51,16696,18,0
2023-04-04 16:00:00,1983.5,2024.93,1983.28,2020.68,41069,18,0
2023-04-04 20:00:00,2020.72,2022.47,2017.75,2020.43,12069,18,0
2023-04-05 00:00:00,2020.13,2023.61,2019.31,2019.41,5954,18,0
2023-04-05 04:00:00,2019.57,2025.27,2019.5,2023.28,8569,18,0
2023-04-05 08:00:00,2023.28,2028.32,2022.68,2023.98,14448,18,0
2023-04-05 12:00:00,2023.98,2031.94,2021.43,2031.62,20706,18,0
2023-04-05 16:00:00,2031.64,2032.03,2009.94,2021.32,42383,18,0
2023-04-05 20:00:00,2021.31,2023.31,2019.04,2020.22,10181,18,0
2023-04-06 00:00:00,2019.45,2021.33,2016.92,2017.04,4282,18,0
2023-04-06 04:00:00,2017.08,2017.09,2007.88,2013.53,16369,18,0
2023-04-06 08:00:00,2013.62,2019.58,2011.72,2017.32,18860,18,0
2023-04-06 12:00:00,2017.36,2020.91,2011.15,2012.84,20118,18,0
2023-04-06 16:00:00,2012.81,2014.89,2000.75,2011.59,33035,18,0
2023-04-06 20:00:00,2011.82,2012.44,2005.73,2007.37,12515,18,0
2023-04-10 00:00:00,1997.77,2006.23,1995.44,1998.18,5396,18,0
2023-04-10 04:00:00,1998.21,2000.62,1988.86,1992.04,14285,18,0
2023-04-10 08:00:00,1992.05,1999.32,1991.23,1997.25,11972,18,0
2023-04-10 12:00:00,1997.25,2002.93,1989.05,1989.38,17189,18,0
2023-04-10 16:00:00,1989.38,1994.38,1981.59,1989.6,27609,18,0
2023-04-10 20:00:00,1989.67,1992.73,1987.53,1991.18,10098,18,0
2023-04-11 00:00:00,1990.78,1995.37,1989.72,1993.07,3109,18,0
2023-04-11 04:00:00,1993.17,1999.95,1988.68,1999.79,13733,18,0
2023-04-11 08:00:00,1999.79,2007.43,1997.73,2004.5,17409,18,0
2023-04-11 12:00:00,2004.5,2005.38,1998.32,1998.52,17545,18,0
2023-04-11 16:00:00,1998.56,2006.59,1995.52,2006.14,25873,18,0
2023-04-11 20:00:00,2006.14,2006.72,2000.98,2003.27,9243,18,0
2023-04-12 00:00:00,2003.57,2005.4,2002.87,2005.35,2736,18,0
2023-04-12 04:00:00,2005.34,2021.05,2003.87,2020.34,15735,18,0
2023-04-12 08:00:00,2020.34,2020.78,2008.88,2008.98,19303,18,0
2023-04-12 12:00:00,2008.97,2028.28,2006.13,2022.53,23096,18,0
2023-04-12 16:00:00,2022.54,2023.76,2001.2,2007.74,45114,18,0
2023-04-12 20:00:00,2007.75,2018.03,2006.55,2014.72,18164,18,0
2023-04-13 00:00:00,2014.44,2019.78,2013.72,2017.79,5877,18,0
2023-04-13 04:00:00,2017.79,2019.38,2015.6,2018.4,15697,18,0
2023-04-13 08:00:00,2018.4,2029.13,2015.22,2026.54,19724,18,0
2023-04-13 12:00:00,2026.55,2045.78,2024.93,2045.1,20539,18,0
2023-04-13 16:00:00,2045.13,2048.64,2033.64,2040.1,33499,18,0
2023-04-13 20:00:00,2040.08,2044.03,2036.58,2040.65,12622,18,0
2023-04-14 00:00:00,2040.22,2043.67,2038.55,2041.81,4305,18,0
2023-04-14 04:00:00,2041.84,2047.38,2041.05,2043.15,16168,18,0
2023-04-14 08:00:00,2043.16,2044.32,2031.74,2035.68,20431,18,0
2023-04-14 12:00:00,2035.68,2042.13,2017.16,2024.59,24922,18,0
2023-04-14 16:00:00,2024.4,2028.07,1992.35,1999.47,48091,18,0
2023-04-14 20:00:00,1999.48,2007.92,1998.49,2004.47,14106,18,0
2023-04-17 00:00:00,1998.59,2004.93,1996.43,2002.13,6956,18,0
2023-04-17 04:00:00,2002.14,2006.27,1995.34,2004.32,18004,18,0
2023-04-17 08:00:00,2004.32,2015.01,2003.72,2009.83,21637,18,0
2023-04-17 12:00:00,2009.83,2012.0,1999.02,2000.47,19167,18,0
2023-04-17 16:00:00,2000.47,2002.16,1981.03,1991.43,33925,18,0
2023-04-17 20:00:00,1991.43,1997.03,1991.27,1994.92,9480,18,0
2023-04-18 00:00:00,1994.74,1996.02,1993.18,1995.09,3299,18,0
2023-04-18 04:00:00,1995.06,2001.95,1994.39,1998.3,12353,18,0
2023-04-18 08:00:00,1998.3,2005.07,1996.29,2003.17,14130,18,0
2023-04-18 12:00:00,2003.14,2005.74,1999.03,2001.18,16511,18,0
2023-04-18 16:00:00,2001.24,2011.84,1991.2,2007.08,32571,18,0
2023-04-18 20:00:00,2007.08,2008.18,2003.3,2004.63,11369,18,0
2023-04-19 00:00:00,2004.87,2007.46,2004.45,2007.28,4265,18,0
2023-04-19 04:00:00,2007.23,2008.08,2001.91,2003.88,13894,18,0
2023-04-19 08:00:00,2003.88,2004.22,1976.54,1979.9,26762,18,0
2023-04-19 12:00:00,1979.87,1980.44,1969.13,1980.22,24753,18,0
2023-04-19 16:00:00,1980.29,1996.42,1979.28,1995.94,32629,18,0
2023-04-19 20:00:00,1995.93,1996.82,1993.6,1994.83,12057,18,0
2023-04-20 00:00:00,1993.92,1996.62,1993.08,1995.53,5640,18,0
2023-04-20 04:00:00,1995.53,1998.67,1990.43,1992.64,15211,18,0
2023-04-20 08:00:00,1992.58,2001.16,1991.33,1996.68,19753,18,0
2023-04-20 12:00:00,1996.68,2011.32,1992.26,2006.67,20153,18,0
2023-04-20 16:00:00,2006.63,2012.32,1998.92,2005.77,30016,18,0
2023-04-20 20:00:00,2005.77,2008.28,2002.2,2004.67,11664,18,0
2023-04-21 00:00:00,2003.02,2005.48,2001.7,2004.48,5357,18,0
2023-04-21 04:00:00,2004.48,2005.12,2000.25,2000.48,12274,18,0
2023-04-21 08:00:00,2000.54,2000.98,1981.85,1988.23,23247,18,0
2023-04-21 12:00:00,1988.23,1992.4,1982.11,1988.87,20521,18,0
2023-04-21 16:00:00,1988.92,1997.94,1971.51,1977.38,39173,18,0
2023-04-21 20:00:00,1977.38,1983.5,1977.29,1982.64,9775,18,0
2023-04-24 00:00:00,1981.08,1985.37,1979.2,1983.77,5192,18,0
2023-04-24 04:00:00,1983.77,1984.58,1978.02,1979.48,18209,18,0
2023-04-24 08:00:00,1979.46,1985.18,1976.38,1985.02,20425,18,0
2023-04-24 12:00:00,1985.02,1986.84,1980.95,1983.52,16069,18,0
2023-04-24 16:00:00,1984.53,1987.67,1973.97,1986.57,31186,18,0
2023-04-24 20:00:00,1986.57,1990.8,1986.52,1988.83,10765,18,0
2023-04-25 00:00:00,1988.99,2000.92,1988.67,1996.74,6320,18,0
2023-04-25 04:00:00,1996.98,2000.54,1990.88,1990.98,17144,18,0
2023-04-25 08:00:00,1991.02,1997.22,1986.88,1988.43,22843,18,0
2023-04-25 12:00:00,1988.49,1994.49,1976.0,1992.93,24904,18,0
2023-04-25 16:00:00,1992.84,1993.63,1983.25,1990.57,30994,18,0
2023-04-25 20:00:00,1990.62,2003.92,1989.86,1996.47,16908,18,0
2023-04-26 00:00:00,1996.91,2002.37,1996.02,1997.69,7057,18,0
2023-04-26 04:00:00,1997.69,2001.07,1993.03,1995.46,13698,18,0
2023-04-26 08:00:00,1995.43,1999.25,1994.28,1997.66,18888,18,0
2023-04-26 12:00:00,1997.63,2001.63,1991.33,1997.88,21928,18,0
2023-04-26 16:00:00,1997.88,2009.27,1985.41,1986.5,42175,18,0
2023-04-26 20:00:00,1986.47,1991.56,1983.28,1988.98,17440,18,0
2023-04-27 00:00:00,1989.4,1992.16,1989.07,1991.38,4384,18,0
2023-04-27 04:00:00,1991.48,2000.82,1989.5,1999.53,15881,18,0
2023-04-27 08:00:00,1999.5,2003.14,1997.18,1998.08,18459,18,0
2023-04-27 12:00:00,1998.08,2003.37,1981.72,1985.79,20828,18,0
2023-04-27 16:00:00,1985.55,1988.79,1973.89,1984.22,39138,18,0
2023-04-27 20:00:00,1984.22,1990.98,1983.57,1987.58,13400,18,0
2023-04-28 00:00:00,1987.57,1987.97,1985.52,1985.84,6269,18,0
2023-04-28 04:00:00,1985.86,1991.71,1984.82,1987.27,22098,18,0
2023-04-28 08:00:00,1987.29,1989.57,1979.72,1983.4,29117,18,0
2023-04-28 12:00:00,1983.4,1987.47,1976.0,1984.13,20959,18,0
2023-04-28 16:00:00,1984.13,1994.96,1982.0,1991.49,38958,18,0
2023-04-28 20:00:00,1991.49,1992.78,1987.37,1989.63,12939,18,0
2023-05-01 00:00:00,1990.83,1991.73,1983.57,1983.78,5169,18,0
2023-05-01 04:00:00,1983.79,1986.42,1980.43,1984.08,7583,18,0
2023-05-01 08:00:00,1984.02,1984.09,1977.03,1977.18,8460,18,0
2023-05-01 12:00:00,1977.19,2005.27,1977.0,2004.23,16296,18,0
2023-05-01 16:00:00,2004.28,2005.93,1979.78,1981.55,30667,18,0
2023-05-01 20:00:00,1981.57,1983.87,1979.28,1982.37,10572,18,0
2023-05-02 00:00:00,1981.04,1983.58,1980.64,1982.06,5214,18,0
2023-05-02 04:00:00,1982.02,1985.13,1981.21,1982.1,12167,18,0
2023-05-02 08:00:00,1982.11,1985.64,1978.44,1981.22,17709,18,0
2023-05-02 12:00:00,1981.22,1990.19,1980.47,1985.66,15502,18,0
2023-05-02 16:00:00,1985.66,2019.33,1984.35,2014.99,40961,18,0
2023-05-02 20:00:00,2015.07,2018.42,2011.03,2016.63,16520,18,0
2023-05-03 00:00:00,2016.59,2016.88,2014.04,2016.26,4710,18,0
2023-05-03 04:00:00,2016.26,2019.38,2015.65,2016.0,6922,18,0
2023-05-03 08:00:00,2016.0,2018.68,2012.53,2015.54,15140,18,0
2023-05-03 12:00:00,2015.54,2017.42,2007.3,2013.59,18798,18,0
2023-05-03 16:00:00,2013.6,2026.75,2011.79,2024.02,35167,18,0
2023-05-03 20:00:00,2024.02,2039.37,2016.92,2038.87,40597,18,0
2023-05-04 00:00:00,2042.72,2081.5,2042.13,2054.39,15762,18,0
2023-05-04 04:00:00,2054.41,2054.89,2038.29,2044.2,22036,18,0
2023-05-04 08:00:00,2044.2,2045.34,2030.27,2034.38,24336,18,0
2023-05-04 12:00:00,2034.35,2044.84,2033.61,2036.83,27307,18,0
2023-05-04 16:00:00,2036.83,2059.52,2031.99,2050.71,58745,18,0
2023-05-04 20:00:00,2050.67,2050.93,2044.38,2050.37,26975,18,0
2023-05-05 00:00:00,2049.63,2050.02,2047.37,2048.86,4508,18,0
2023-05-05 04:00:00,2048.8,2052.93,2045.38,2048.51,13530,18,0
2023-05-05 08:00:00,2048.51,2049.56,2038.82,2039.88,19972,18,0
2023-05-05 12:00:00,2039.89,2040.17,2007.78,2010.27,22373,18,0
2023-05-05 16:00:00,2010.38,2018.76,1999.39,2017.04,44166,18,0
2023-05-05 20:00:00,2017.05,2018.82,2013.39,2015.72,14792,18,0
2023-05-08 00:00:00,2015.27,2018.57,2014.08,2017.94,5742,18,0
2023-05-08 04:00:00,2017.94,2024.47,2015.13,2023.62,14210,18,0
2023-05-08 08:00:00,2023.68,2024.58,2019.88,2022.44,12839,18,0
2023-05-08 12:00:00,2022.47,2026.97,2021.4,2026.01,14782,18,0
2023-05-08 16:00:00,2026.06,2029.33,2017.72,2026.97,29353,18,0
2023-05-08 20:00:00,2026.97,2027.85,2020.07,2021.22,14159,18,0
2023-05-09 00:00:00,2020.47,2022.34,2019.4,2020.03,5401,18,0
2023-05-09 04:00:00,2020.03,2026.73,2019.73,2025.56,11111,18,0
2023-05-09 08:00:00,2025.56,2028.65,2021.33,2025.39,16922,18,0
2023-05-09 12:00:00,2025.36,2032.82,2024.94,2026.97,17554,18,0
2023-05-09 16:00:00,2026.95,2032.55,2022.86,2030.83,29473,18,0
2023-05-09 20:00:00,2030.83,2037.53,2030.66,2034.36,12734,18,0
2023-05-10 00:00:00,2033.77,2038.17,2033.77,2036.4,3624,18,0
2023-05-10 04:00:00,2036.4,2036.97,2029.62,2030.57,9154,18,0
2023-05-10 08:00:00,2030.57,2032.9,2026.21,2028.41,15690,18,0
2023-05-10 12:00:00,2028.39,2048.1,2024.95,2045.62,21274,18,0
2023-05-10 16:00:00,2045.6,2046.63,2021.46,2027.88,45688,18,0
2023-05-10 20:00:00,2027.87,2034.11,2027.26,2029.9,16487,18,0
2023-05-11 00:00:00,2028.91,2035.37,2028.91,2035.25,3937,18,0
2023-05-11 04:00:00,2035.27,2036.38,2029.98,2030.98,13553,18,0
2023-05-11 08:00:00,2030.98,2033.08,2021.66,2022.45,21425,18,0
2023-05-11 12:00:00,2022.45,2041.13,2021.56,2037.51,28597,18,0
2023-05-11 16:00:00,2037.44,2038.03,2011.03,2015.57,50358,18,0
2023-05-11 20:00:00,2015.53,2017.6,2013.41,2015.01,16363,18,0
2023-05-12 00:00:00,2014.87,2017.47,2014.62,2015.74,5013,18,0
2023-05-12 04:00:00,2015.74,2016.22,2008.57,2011.77,13257,18,0
2023-05-12 08:00:00,2011.77,2012.53,2005.5,2006.5,16926,18,0
2023-05-12 12:00:00,2006.5,2015.73,2000.87,2014.12,18451,18,0
2023-05-12 16:00:00,2014.1,2022.54,2008.25,2013.82,35026,18,0
2023-05-12 20:00:00,2013.82,2016.33,2010.27,2010.72,11181,18,0
2023-05-15 00:00:00,2008.26,2011.93,2007.01,2011.93,3923,18,0
2023-05-15 04:00:00,2011.95,2018.72,2011.95,2014.12,13488,18,0
2023-05-15 08:00:00,2014.12,2020.83,2013.23,2017.35,17772,18,0
2023-05-15 12:00:00,2017.35,2019.13,2011.45,2017.03,16563,18,0
2023-05-15 16:00:00,2017.03,2022.11,2013.24,2020.22,24217,18,0
2023-05-15 20:00:00,2020.22,2021.33,2014.31,2015.9,9378,18,0
2023-05-16 00:00:00,2015.37,2016.47,2013.62,2015.59,4497,18,0
2023-05-16 04:00:00,2015.59,2018.22,2014.7,2016.12,10151,18,0
2023-05-16 08:00:00,2016.12,2017.63,2002.61,2010.05,18769,18,0
2023-05-16 12:00:00,2010.06,2014.83,2001.06,2012.0,17499,18,0
2023-05-16 16:00:00,2011.95,2012.28,1987.37,1987.52,34981,18,0
2023-05-16 20:00:00,1987.45,1991.17,1985.42,1988.65,13802,18,0
2023-05-17 00:00:00,1988.27,1992.88,1987.97,1991.96,3619,18,0
2023-05-17 04:00:00,1991.92,1992.97,1989.75,1991.41,9036,18,0
2023-05-17 08:00:00,1991.41,1991.71,1985.84,1986.08,16543,18,0
2023-05-17 12:00:00,1986.1,1988.78,1981.79,1984.83,17893,18,0
2023-05-17 16:00:00,1984.77,1987.95,1974.98,1983.81,37919,18,0
2023-05-17 20:00:00,1983.83,1984.54,1980.31,1981.89,12474,18,0
2023-05-18 00:00:00,1981.23,1983.63,1980.2,1983.43,3558,18,0
2023-05-18 04:00:00,1983.39,1985.95,1979.4,1979.81,13247,18,0
2023-05-18 08:00:00,1979.83,1981.39,1972.07,1975.25,18428,18,0
2023-05-18 12:00:00,1975.25,1978.85,1966.18,1966.98,21461,18,0
2023-05-18 16:00:00,1967.03,1968.17,1951.89,1955.59,41121,18,0
2023-05-18 20:00:00,1955.59,1958.87,1953.89,1957.3,12864,18,0
2023-05-19 00:00:00,1957.47,1959.66,1957.08,1957.58,3505,18,0
2023-05-19 04:00:00,1957.58,1964.04,1953.94,1962.49,11130,18,0
2023-05-19 08:00:00,1962.49,1968.67,1960.56,1964.64,15563,18,0
2023-05-19 12:00:00,1964.66,1968.14,1960.26,1960.79,17124,18,0
2023-05-19 16:00:00,1960.73,1984.13,1957.06,1978.25,40994,18,0
2023-05-19 20:00:00,1978.28,1983.17,1974.2,1977.47,13615,18,0
2023-05-22 00:00:00,1977.22,1981.37,1977.08,1980.87,4787,18,0
2023-05-22 04:00:00,1980.93,1982.29,1975.87,1976.22,12585,18,0
2023-05-22 08:00:00,1976.22,1980.68,1971.13,1980.61,15424,18,0
2023-05-22 12:00:00,1980.64,1982.53,1969.74,1975.54,22069,18,0
2023-05-22 16:00:00,1975.54,1978.64,1968.76,1974.38,38329,18,0
2023-05-22 20:00:00,1974.38,1978.87,1971.58,1971.68,13601,18,0
2023-05-23 00:00:00,1971.82,1972.44,1966.72,1966.85,5012,18,0
2023-05-23 04:00:00,1966.89,1968.43,1960.17,1963.35,17011,18,0
2023-05-23 08:00:00,1963.32,1964.52,1954.18,1959.77,21412,18,0
2023-05-23 12:00:00,1959.71,1962.58,1954.39,1958.75,18955,18,0
2023-05-23 16:00:00,1958.8,1974.63,1958.8,1973.18,39474,18,0
2023-05-23 20:00:00,1973.18,1977.77,1971.42,1975.17,14925,18,0
2023-05-24 00:00:00,1974.92,1977.23,1974.42,1974.96,3746,18,0
2023-05-24 04:00:00,1974.95,1978.58,1972.64,1977.57,14544,18,0
2023-05-24 08:00:00,1977.53,1980.53,1970.62,1976.3,20948,18,0
2023-05-24 12:00:00,1976.31,1985.15,1973.87,1979.8,21352,18,0
2023-05-24 16:00:00,1979.8,1980.83,1956.66,1958.99,39136,18,0
2023-05-24 20:00:00,1958.99,1965.23,1957.44,1957.63,17832,18,0
2023-05-25 00:00:00,1956.73,1961.81,1956.73,1959.25,6375,18,0
2023-05-25 04:00:00,1959.27,1960.02,1954.95,1957.73,15985,18,0
2023-05-25 08:00:00,1957.72,1964.71,1954.87,1961.99,19747,18,0
2023-05-25 12:00:00,1962.0,1963.93,1939.12,1943.42,28695,18,0
2023-05-25 16:00:00,1943.41,1953.95,1942.88,1943.51,39121,18,0
2023-05-25 20:00:00,1943.51,1944.96,1938.78,1940.49,13958,18,0
2023-05-26 00:00:00,1939.95,1943.02,1936.72,1940.92,5843,18,0
2023-05-26 04:00:00,1940.92,1948.87,1940.29,1947.89,14878,18,0
2023-05-26 08:00:00,1947.89,1957.19,1946.93,1952.53,21329,18,0
2023-05-26 12:00:00,1952.56,1954.13,1944.22,1947.31,21367,18,0
2023-05-26 16:00:00,1947.31,1951.75,1938.73,1943.97,39120,18,0
2023-05-26 20:00:00,1943.98,1947.61,1942.98,1946.48,10217,18,0
2023-05-29 00:00:00,1941.47,1946.22,1940.99,1941.47,4465,18,0
2023-05-29 04:00:00,1941.47,1946.13,1940.16,1945.72,8982,18,0
2023-05-29 08:00:00,1945.79,1948.84,1940.72,1945.2,12731,18,0
2023-05-29 12:00:00,1945.18,1949.63,1944.18,1948.79,12086,18,0
2023-05-29 16:00:00,1948.8,1949.54,1944.02,1944.11,13825,18,0
2023-05-30 00:00:00,1943.87,1944.14,1940.93,1942.58,5959,18,0
2023-05-30 04:00:00,1942.61,1946.58,1937.82,1938.8,17438,18,0
2023-05-30 08:00:00,1938.8,1946.86,1931.97,1944.92,27814,18,0
2023-05-30 12:00:00,1944.92,1962.21,1942.33,1956.33,26224,18,0
2023-05-30 16:00:00,1956.42,1963.45,1950.51,1959.7,34546,18,0
2023-05-30 20:00:00,1959.7,1960.76,1957.68,1959.81,12356,18,0
2023-05-31 00:00:00,1958.57,1959.95,1957.38,1959.5,3839,18,0
2023-05-31 04:00:00,1959.5,1960.38,1953.57,1959.99,12349,18,0
2023-05-31 08:00:00,1960.01,1965.23,1955.2,1955.21,21068,18,0
2023-05-31 12:00:00,1955.14,1963.42,1954.87,1962.71,13193,18,0
2023-05-31 16:00:00,1962.61,1974.7,1960.37,1965.12,32826,18,0
2023-05-31 20:00:00,1965.12,1968.64,1962.34,1963.08,14394,18,0
2023-06-01 00:00:00,1962.31,1967.43,1962.27,1965.93,4857,18,0
2023-06-01 04:00:00,1965.9,1967.48,1962.0,1963.99,15459,18,0
2023-06-01 08:00:00,1963.99,1965.83,1953.36,1955.96,20375,18,0
2023-06-01 12:00:00,1955.99,1968.45,1955.34,1968.42,26750,18,0
2023-06-01 16:00:00,1968.43,1983.09,1966.03,1978.46,42600,18,0
2023-06-01 20:00:00,1978.42,1978.81,1975.67,1977.8,13355,18,0
2023-06-02 00:00:00,1976.56,1977.55,1975.51,1975.83,4217,18,0
2023-06-02 04:00:00,1975.93,1983.41,1974.01,1979.73,14884,18,0
2023-06-02 08:00:00,1979.68,1981.98,1975.0,1979.12,20203,18,0
2023-06-02 12:00:00,1979.1,1981.15,1968.67,1970.97,24668,18,0
2023-06-02 16:00:00,1970.91,1976.64,1952.22,1952.29,43267,18,0
2023-06-02 20:00:00,1952.34,1953.8,1948.0,1948.28,14185,18,0
2023-06-05 00:00:00,1947.9,1950.11,1945.66,1946.44,6367,18,0
2023-06-05 04:00:00,1946.55,1948.31,1943.98,1946.02,16193,18,0
2023-06-05 08:00:00,1946.01,1946.62,1938.55,1942.34,19611,18,0
2023-06-05 12:00:00,1942.34,1945.93,1938.11,1942.76,18150,18,0
2023-06-05 16:00:00,1942.85,1961.92,1942.68,1958.26,34019,18,0
2023-06-05 20:00:00,1958.24,1964.01,1957.3,1961.64,14832,18,0
2023-06-06 00:00:00,1961.31,1963.16,1960.5,1961.11,4783,18,0
2023-06-06 04:00:00,1961.19,1964.57,1959.03,1961.28,15405,18,0
2023-06-06 08:00:00,1961.29,1962.75,1956.86,1960.3,22279,18,0
2023-06-06 12:00:00,1960.32,1966.41,1959.89,1961.89,22406,18,0
2023-06-06 16:00:00,1961.87,1966.4,1954.38,1963.62,33289,18,0
2023-06-06 20:00:00,1963.63,1966.08,1962.32,1963.02,10771,18,0
2023-06-07 00:00:00,1963.02,1965.07,1962.72,1964.81,3732,8,0
2023-06-07 04:00:00,1964.81,1966.66,1962.89,1964.47,10550,7,0
2023-06-07 08:00:00,1964.46,1964.97,1954.95,1961.56,15439,5,0
2023-06-07 12:00:00,1961.6,1966.4,1957.15,1958.56,17855,5,0
2023-06-07 16:00:00,1958.49,1970.15,1940.89,1942.16,31102,5,0
2023-06-07 20:00:00,1942.18,1946.57,1939.88,1939.99,14573,8,0
2023-06-08 00:00:00,1939.7,1946.25,1939.7,1946.16,4849,5,0
2023-06-08 04:00:00,1946.17,1947.27,1944.44,1946.55,11158,5,0
2023-06-08 08:00:00,1946.55,1949.08,1942.76,1948.32,14892,5,0
2023-06-08 12:00:00,1948.31,1959.99,1944.91,1959.28,17125,5,0
2023-06-08 16:00:00,1959.33,1970.46,1957.14,1966.34,28517,5,0
2023-06-08 20:00:00,1966.3,1966.63,1961.76,1965.42,12224,6,0
2023-06-09 00:00:00,1965.11,1966.38,1963.32,1963.33,3852,7,0
2023-06-09 04:00:00,1963.37,1965.67,1962.35,1963.08,10265,5,0
2023-06-09 08:00:00,1963.1,1966.08,1960.73,1962.16,13020,5,0
2023-06-09 12:00:00,1962.14,1973.05,1961.63,1962.94,17214,5,0
2023-06-09 16:00:00,1962.91,1968.08,1956.6,1961.2,25745,5,0
2023-06-09 20:00:00,1961.2,1962.81,1959.65,1960.56,10224,5,0
2023-06-12 00:00:00,1960.03,1960.44,1957.95,1958.28,4428,12,0
2023-06-12 04:00:00,1958.27,1959.45,1954.18,1956.91,10708,6,0
2023-06-12 08:00:00,1956.91,1965.44,1956.52,1964.86,16138,6,0
2023-06-12 12:00:00,1964.87,1966.96,1961.06,1962.76,15281,5,0
2023-06-12 16:00:00,1962.8,1964.01,1949.18,1954.18,25188,5,0
2023-06-12 20:00:00,1954.13,1958.7,1953.19,1957.4,11040,8,0
2023-06-13 00:00:00,1957.05,1960.9,1956.78,1957.91,3482,13,0
2023-06-13 04:00:00,1957.86,1962.16,1955.86,1960.88,11022,6,0
2023-06-13 08:00:00,1960.89,1965.36,1958.22,1964.17,14398,5,0
2023-06-13 12:00:00,1964.18,1970.93,1947.98,1961.34,16796,5,0
2023-06-13 16:00:00,1961.35,1965.9,1942.03,1944.94,28620,5,0
2023-06-13 20:00:00,1944.93,1946.62,1940.01,1943.48,13389,5,0
2023-06-14 00:00:00,1942.62,1945.58,1942.14,1944.41,4773,7,0
2023-06-14 04:00:00,1944.42,1949.48,1944.03,1948.79,9310,10,0
2023-06-14 08:00:00,1948.79,1951.51,1945.23,1949.83,13034,5,0
2023-06-14 12:00:00,1949.84,1960.25,1945.77,1957.16,15649,5,0
2023-06-14 16:00:00,1957.14,1959.24,1954.9,1955.08,19795,5,0
2023-06-14 20:00:00,1955.06,1955.79,1939.66,1941.2,23875,5,0
2023-06-15 00:00:00,1941.43,1945.26,1936.19,1939.19,5288,5,0
2023-06-15 04:00:00,1939.16,1939.17,1932.36,1934.44,14200,7,0
2023-06-15 08:00:00,1934.44,1939.73,1928.93,1931.62,19115,5,0
2023-06-15 12:00:00,1931.64,1936.74,1924.57,1933.34,21046,5,0
2023-06-15 16:00:00,1933.43,1960.19,1933.4,1959.49,27943,5,0
2023-06-15 20:00:00,1959.51,1960.25,1956.92,1957.8,11781,5,0
2023-06-16 00:00:00,1957.28,1959.37,1956.55,1956.84,3409,9,0
2023-06-16 04:00:00,1956.86,1961.96,1954.91,1955.39,10994,5,0
2023-06-16 08:00:00,1955.39,1963.99,1954.6,1963.11,16021,5,0
2023-06-16 12:00:00,1963.13,1967.89,1962.38,1962.57,17261,5,0
2023-06-16 16:00:00,1962.59,1966.02,1953.25,1955.19,29687,5,0
2023-06-16 20:00:00,1955.23,1959.75,1955.15,1957.37,11056,5,0
2023-06-19 00:00:00,1957.88,1958.66,1956.19,1956.58,3649,8,0
2023-06-19 04:00:00,1956.58,1958.25,1953.94,1956.98,8883,9,0
2023-06-19 08:00:00,1957.04,1958.66,1952.69,1956.45,12126,5,0
2023-06-19 12:00:00,1956.43,1956.57,1947.76,1952.14,12892,5,0
2023-06-19 16:00:00,1952.15,1953.46,1949.95,1950.25,13708,5,0
2023-06-19 20:00:00,1950.22,1950.65,1949.36,1950.29,1244,11,0
2023-06-20 00:00:00,1950.78,1954.09,1950.48,1950.99,3880,5,0
2023-06-20 04:00:00,1950.99,1951.73,1945.06,1949.84,11906,10,0
2023-06-20 08:00:00,1949.82,1956.73,1946.86,1953.28,15684,5,0
2023-06-20 12:00:00,1953.35,1954.51,1944.19,1944.71,17602,5,0
2023-06-20 16:00:00,1944.66,1945.15,1929.76,1937.52,24974,5,0
2023-06-20 20:00:00,1937.55,1938.58,1935.4,1936.05,11745,5,0
2023-06-21 00:00:00,1936.14,1938.8,1936.14,1936.81,4370,6,0
2023-06-21 04:00:00,1936.77,1939.41,1935.4,1935.8,10415,5,0
2023-06-21 08:00:00,1935.8,1937.37,1931.22,1934.59,14983,5,0
2023-06-21 12:00:00,1934.57,1935.82,1925.97,1929.85,18278,5,0
2023-06-21 16:00:00,1929.85,1934.59,1919.14,1933.3,28273,5,0
2023-06-21 20:00:00,1933.3,1937.57,1931.89,1932.37,12890,5,0
2023-06-22 00:00:00,1932.62,1934.92,1932.28,1932.28,3547,9,0
2023-06-22 04:00:00,1932.28,1934.22,1929.72,1929.72,6521,5,0
2023-06-22 08:00:00,1929.7,1931.43,1924.9,1927.34,14449,5,0
2023-06-22 12:00:00,1927.34,1930.94,1923.42,1923.46,18129,5,0
2023-06-22 16:00:00,1923.43,1927.37,1912.76,1915.46,24929,5,0
2023-06-22 20:00:00,1915.49,1916.75,1912.34,1913.63,10581,5,0
2023-06-23 00:00:00,1913.92,1916.0,1913.26,1915.55,4549,6,0
2023-06-23 04:00:00,1915.56,1917.17,1909.99,1916.49,9459,5,0
2023-06-23 08:00:00,1916.48,1920.04,1912.92,1917.59,16823,5,0
2023-06-23 12:00:00,1917.61,1929.74,1916.57,1928.88,16326,5,0
2023-06-23 16:00:00,1929.06,1937.26,1917.91,1918.67,26624,5,0
2023-06-23 20:00:00,1918.67,1921.63,1918.46,1921.09,9541,5,0
2023-06-26 00:00:00,1924.88,1926.93,1922.63,1926.35,5015,5,0
2023-06-26 04:00:00,1926.35,1928.49,1924.11,1925.0,10968,5,0
2023-06-26 08:00:00,1924.98,1933.22,1922.1,1931.72,15152,5,0
2023-06-26 12:00:00,1931.71,1933.32,1929.31,1931.47,15178,5,0
2023-06-26 16:00:00,1931.46,1931.64,1921.53,1923.66,23442,5,0
2023-06-26 20:00:00,1923.7,1925.25,1922.38,1923.15,10260,5,0
2023-06-27 00:00:00,1923.08,1924.72,1921.02,1922.6,3424,5,0
2023-06-27 04:00:00,1922.69,1930.33,1922.58,1928.46,10829,7,0
2023-06-27 08:00:00,1928.46,1929.72,1924.12,1925.57,14212,6,0
2023-06-27 12:00:00,1925.57,1930.36,1919.66,1926.17,15266,5,0
2023-06-27 16:00:00,1926.15,1930.64,1911.46,1914.59,25508,5,0
2023-06-27 20:00:00,1914.54,1915.87,1910.84,1913.55,10965,5,0
2023-06-28 00:00:00,1914.03,1917.14,1913.97,1916.11,3698,7,0
2023-06-28 04:00:00,1916.11,1916.74,1913.39,1915.16,9497,11,0
2023-06-28 08:00:00,1915.15,1916.7,1908.24,1909.99,13650,5,0
2023-06-28 12:00:00,1909.94,1911.97,1905.57,1906.91,14983,5,0
2023-06-28 16:00:00,1906.9,1913.29,1902.82,1912.2,26288,5,0
2023-06-28 20:00:00,1912.21,1913.37,1906.77,1907.33,10239,5,0
2023-06-29 00:00:00,1907.55,1910.69,1907.23,1909.88,3798,9,0
2023-06-29 04:00:00,1909.93,1912.73,1902.72,1905.24,11158,10,0
2023-06-29 08:00:00,1905.24,1908.11,1902.49,1906.15,14210,5,0
2023-06-29 12:00:00,1906.19,1912.14,1895.53,1896.09,16107,5,0
2023-06-29 16:00:00,1896.12,1913.08,1892.94,1910.28,29280,5,0
2023-06-29 20:00:00,1910.24,1910.76,1906.23,1908.0,11239,5,0
2023-06-30 00:00:00,1908.25,1909.16,1907.04,1908.62,4480,17,0
2023-06-30 04:00:00,1908.64,1909.7,1906.81,1908.19,10557,8,0
2023-06-30 08:00:00,1908.22,1909.84,1900.5,1901.84,17088,5,0
2023-06-30 12:00:00,1901.91,1913.72,1901.48,1911.02,17338,5,0
2023-06-30 16:00:00,1910.99,1920.54,1909.72,1919.99,28498,5,0
2023-06-30 20:00:00,1920.03,1922.73,1917.78,1919.08,12022,5,0
2023-07-03 00:00:00,1918.6,1919.54,1916.71,1917.05,4127,13,0
2023-07-03 04:00:00,1917.07,1920.11,1914.57,1920.02,11382,6,0
2023-07-03 08:00:00,1920.02,1920.52,1910.08,1911.94,15487,5,0
2023-07-03 12:00:00,1911.94,1922.01,1911.58,1921.89,15564,5,0
2023-07-03 16:00:00,1921.89,1930.98,1919.4,1921.77,25719,5,0
2023-07-03 20:00:00,1922.03,1922.11,1920.55,1921.39,4542,12,0
2023-07-04 00:00:00,1921.05,1921.97,1919.79,1921.06,2625,10,0
2023-07-04 04:00:00,1921.08,1924.42,1919.96,1924.16,8309,7,0
2023-07-04 08:00:00,1924.19,1928.78,1923.18,1928.48,12763,5,0
2023-07-04 12:00:00,1928.5,1930.67,1926.2,1926.73,13200,5,0
2023-07-04 16:00:00,1926.73,1929.51,1924.07,1924.17,10253,8,0
2023-07-04 20:00:00,1924.1,1924.12,1923.94,1923.99,27,18,0
2023-07-05 00:00:00,1925.26,1927.1,1924.83,1926.68,4122,5,0
2023-07-05 04:00:00,1926.66,1926.75,1923.15,1925.51,9221,13,0
2023-07-05 08:00:00,1925.51,1928.04,1920.8,1926.95,15083,5,0
2023-07-05 12:00:00,1926.95,1930.11,1925.1,1929.28,14250,5,0
2023-07-05 16:00:00,1929.35,1935.02,1919.06,1921.57,26373,5,0
2023-07-05 20:00:00,1921.58,1921.58,1914.43,1914.98,12911,5,0
2023-07-06 00:00:00,1915.27,1917.88,1915.27,1917.33,3851,5,0
2023-07-06 04:00:00,1917.33,1919.71,1916.41,1917.89,9300,5,0
2023-07-06 08:00:00,1917.91,1921.46,1916.23,1918.08,12534,5,0
2023-07-06 12:00:00,1918.02,1927.63,1902.61,1906.25,19856,11,0
2023-07-06 16:00:00,1906.34,1914.86,1902.71,1909.81,29368,11,0
2023-07-06 20:00:00,1909.81,1911.89,1908.9,1910.9,7594,11,0
2023-07-07 00:00:00,1910.72,1912.39,1909.57,1910.63,3666,11,0
2023-07-07 04:00:00,1910.56,1912.28,1909.83,1912.09,6970,11,0
2023-07-07 08:00:00,1912.19,1916.43,1911.88,1915.56,12267,11,0
2023-07-07 12:00:00,1915.54,1928.15,1914.22,1918.82,17757,11,0
2023-07-07 16:00:00,1918.8,1934.83,1915.46,1926.87,29228,11,0
2023-07-07 20:00:00,1926.87,1928.01,1924.24,1925.1,9133,11,0
2023-07-10 00:00:00,1924.63,1928.11,1922.83,1924.19,5265,11,0
2023-07-10 04:00:00,1924.17,1926.87,1920.97,1921.21,10440,11,0
2023-07-10 08:00:00,1921.2,1925.66,1919.32,1925.13,12716,11,0
2023-07-10 12:00:00,1925.13,1926.17,1912.6,1913.96,15009,11,0
2023-07-10 16:00:00,1914.0,1925.96,1913.99,1925.52,24489,11,0
2023-07-10 20:00:00,1925.52,1926.76,1924.78,1925.15,9723,11,0
2023-07-11 00:00:00,1925.19,1927.13,1924.33,1926.32,4061,11,0
2023-07-11 04:00:00,1926.32,1929.36,1924.77,1929.32,12858,11,0
2023-07-11 08:00:00,1929.35,1938.27,1928.1,1936.66,18115,11,0
2023-07-11 12:00:00,1936.81,1938.44,1929.48,1931.89,16625,11,0
2023-07-11 16:00:00,1931.96,1935.37,1929.32,1932.32,22258,11,0
2023-07-11 20:00:00,1932.32,1932.54,1930.49,1932.3,8485,11,0
2023-07-12 00:00:00,1932.2,1936.21,1932.1,1935.68,4911,11,0
2023-07-12 04:00:00,1935.67,1940.93,1935.6,1938.87,12852,11,0
2023-07-12 08:00:00,1938.88,1940.2,1933.75,1934.76,13440,11,0
2023-07-12 12:00:00,1934.74,1950.03,1933.48,1943.13,16668,11,0
2023-07-12 16:00:00,1943.14,1959.41,1940.96,1959.13,29945,11,0
2023-07-12 20:00:00,1959.18,1959.62,1955.67,1957.28,11055,11,0
2023-07-13 00:00:00,1956.66,1958.85,1956.5,1956.94,4115,11,0
2023-07-13 04:00:00,1957.02,1962.23,1956.33,1957.18,13002,11,0
2023-07-13 08:00:00,1957.2,1963.3,1955.25,1960.84,16253,11,0
2023-07-13 12:00:00,1960.84,1963.52,1952.35,1957.55,17049,11,0
2023-07-13 16:00:00,1957.54,1961.83,1954.68,1958.76,26812,11,0
2023-07-13 20:00:00,1958.77,1960.78,1957.57,1960.5,10695,11,0
2023-07-14 00:00:00,1960.24,1961.78,1958.29,1959.32,4462,11,0
2023-07-14 04:00:00,1959.32,1963.74,1958.41,1960.32,12233,11,0
2023-07-14 08:00:00,1960.32,1961.22,1954.29,1956.13,14149,11,0
2023-07-14 12:00:00,1956.14,1962.68,1955.11,1957.45,14751,11,0
2023-07-14 16:00:00,1957.42,1961.95,1950.92,1958.94,27580,11,0
2023-07-14 20:00:00,1958.97,1960.99,1954.24,1955.29,10579,11,0
2023-07-17 00:00:00,1954.8,1955.94,1951.38,1954.64,4670,11,0
2023-07-17 04:00:00,1954.64,1955.89,1950.88,1953.59,9285,11,0
2023-07-17 08:00:00,1953.59,1957.4,1950.56,1955.79,13989,11,0
2023-07-17 12:00:00,1955.86,1959.82,1948.11,1948.58,16123,11,0
2023-07-17 16:00:00,1948.61,1955.64,1945.72,1954.55,21008,11,0
2023-07-17 20:00:00,1954.6,1956.38,1952.43,1954.88,8009,11,0
2023-07-18 00:00:00,1954.56,1956.77,1954.56,1955.35,3686,11,0
2023-07-18 04:00:00,1955.37,1961.08,1955.07,1959.98,12248,11,0
2023-07-18 08:00:00,1959.99,1964.05,1957.73,1961.62,15268,11,0
2023-07-18 12:00:00,1961.63,1972.09,1960.73,1968.69,18703,11,0
2023-07-18 16:00:00,1968.73,1984.33,1963.74,1977.9,29568,11,0
2023-07-18 20:00:00,1977.91,1978.93,1975.0,1978.73,9964,11,0
2023-07-19 00:00:00,1978.75,1979.13,1976.58,1978.43,4191,11,0
2023-07-19 04:00:00,1978.32,1978.5,1974.07,1974.78,11356,11,0
2023-07-19 08:00:00,1974.77,1980.91,1972.96,1977.47,16178,11,0
2023-07-19 12:00:00,1977.47,1979.55,1971.57,1977.53,15730,11,0
2023-07-19 16:00:00,1977.52,1979.8,1969.76,1977.51,24641,11,0
2023-07-19 20:00:00,1977.48,1978.89,1976.19,1976.98,9192,11,0
2023-07-20 00:00:00,1975.8,1979.27,1975.61,1979.04,4274,11,0
2023-07-20 04:00:00,1979.04,1987.42,1978.95,1984.58,13527,11,0
2023-07-20 08:00:00,1984.58,1984.71,1977.84,1981.53,15736,11,0
2023-07-20 12:00:00,1981.53,1983.18,1972.36,1973.94,14943,11,0
2023-07-20 16:00:00,1973.94,1980.08,1965.33,1967.97,25707,11,0
2023-07-20 20:00:00,1967.98,1971.49,1967.96,1969.37,8988,11,0
2023-07-21 00:00:00,1970.2,1973.34,1970.1,1972.92,4014,11,0
2023-07-21 04:00:00,1972.93,1973.75,1969.01,1969.93,10411,11,0
2023-07-21 08:00:00,1969.93,1972.22,1961.16,1961.44,15436,11,0
2023-07-21 12:00:00,1961.43,1968.07,1961.03,1963.12,15813,11,0
2023-07-21 16:00:00,1963.08,1965.32,1956.77,1963.52,23287,11,0
2023-07-21 20:00:00,1963.5,1964.8,1961.47,1961.86,7667,11,0
2023-07-24 00:00:00,1962.49,1962.89,1959.86,1961.78,4060,11,0
2023-07-24 04:00:00,1961.76,1962.59,1958.98,1960.57,10569,11,0
2023-07-24 08:00:00,1960.54,1965.59,1957.82,1959.57,14079,11,0
2023-07-24 12:00:00,1959.62,1967.85,1959.41,1967.36,14158,11,0
2023-07-24 16:00:00,1967.41,1967.52,1957.07,1959.86,23271,11,0
2023-07-24 20:00:00,1959.84,1960.69,1953.43,1954.56,8617,11,0
2023-07-25 00:00:00,1955.06,1955.64,1953.18,1955.27,3685,11,0
2023-07-25 04:00:00,1955.31,1963.51,1955.31,1960.55,12182,11,0
2023-07-25 08:00:00,1960.55,1964.08,1959.32,1962.88,14039,11,0
2023-07-25 12:00:00,1962.88,1963.62,1953.13,1959.3,14542,11,0
2023-07-25 16:00:00,1959.3,1965.59,1952.1,1962.36,19459,11,0
2023-07-25 20:00:00,1962.28,1965.16,1961.24,1964.58,6976,11,0
2023-07-26 00:00:00,1964.98,1966.21,1964.04,1964.87,3805,12,0
2023-07-26 04:00:00,1964.86,1965.53,1961.96,1963.06,8236,11,0
2023-07-26 08:00:00,1963.08,1972.45,1962.34,1972.03,13560,11,0
2023-07-26 12:00:00,1972.04,1974.15,1969.52,1972.23,11952,11,0
2023-07-26 16:00:00,1972.13,1975.02,1963.86,1970.26,21779,11,0
2023-07-26 20:00:00,1970.24,1978.3,1966.15,1972.17,18632,11,0
2023-07-27 00:00:00,1971.7,1974.74,1970.8,1972.39,3938,11,0
2023-07-27 04:00:00,1972.2,1982.0,1972.2,1976.69,11011,11,0
2023-07-27 08:00:00,1976.64,1982.15,1973.98,1975.84,14661,11,0
2023-07-27 12:00:00,1975.84,1979.1,1957.92,1960.16,16463,11,0
2023-07-27 16:00:00,1960.15,1960.32,1942.55,1944.22,24556,11,0
2023-07-27 20:00:00,1944.21,1949.61,1943.34,1944.92,13785,11,0
2023-07-28 00:00:00,1946.52,1947.99,1945.36,1946.91,5416,11,0
2023-07-28 04:00:00,1946.91,1956.73,1946.6,1951.82,18580,11,0
2023-07-28 08:00:00,1951.84,1953.5,1947.85,1949.47,18057,11,0
2023-07-28 12:00:00,1949.49,1961.16,1948.32,1955.6,17532,11,0
2023-07-28 16:00:00,1955.58,1963.5,1952.21,1961.08,22814,11,0
2023-07-28 20:00:00,1961.1,1962.34,1957.45,1959.05,7720,11,0
2023-07-31 00:00:00,1959.02,1960.54,1956.35,1958.21,4554,11,0
2023-07-31 04:00:00,1958.25,1958.57,1953.43,1954.41,11452,11,0
2023-07-31 08:00:00,1954.41,1957.15,1950.98,1953.5,11392,11,0
2023-07-31 12:00:00,1953.47,1967.01,1953.26,1965.45,14218,11,0
2023-07-31 16:00:00,1965.45,1972.33,1962.81,1970.9,20120,11,0
2023-07-31 20:00:00,1970.91,1972.01,1964.18,1965.44,8830,11,0
2023-08-01 00:00:00,1965.6,1965.95,1962.93,1963.41,3465,11,0
2023-08-01 04:00:00,1963.38,1963.89,1958.88,1959.6,10053,11,0
2023-08-01 08:00:00,1959.58,1960.14,1954.39,1955.79,12413,11,0
2023-08-01 12:00:00,1955.75,1957.63,1945.93,1946.79,14832,11,0
2023-08-01 16:00:00,1946.78,1953.82,1941.4,1943.08,22992,11,0
2023-08-01 20:00:00,1943.1,1945.56,1941.2,1944.05,6882,11,0
2023-08-02 00:00:00,1949.67,1952.86,1948.29,1949.2,7526,11,0
2023-08-02 04:00:00,1949.18,1949.86,1945.22,1946.33,9831,11,0
2023-08-02 08:00:00,1946.32,1951.79,1946.29,1949.8,12994,11,0
2023-08-02 12:00:00,1949.79,1954.72,1943.86,1945.6,16003,11,0
2023-08-02 16:00:00,1945.58,1947.6,1933.1,1935.63,24066,11,0
2023-08-02 20:00:00,1935.65,1939.04,1934.4,1934.46,6453,11,0
2023-08-03 00:00:00,1935.16,1936.99,1934.79,1935.48,2940,11,0
2023-08-03 04:00:00,1935.45,1938.92,1933.88,1934.03,8898,11,0
2023-08-03 08:00:00,1934.08,1938.36,1930.89,1937.75,14667,11,0
2023-08-03 12:00:00,1937.76,1938.34,1929.51,1932.81,17227,11,0
2023-08-03 16:00:00,1932.84,1938.68,1930.31,1935.63,22616,11,0
2023-08-03 20:00:00,1935.6,1935.85,1932.47,1934.11,6808,11,0
2023-08-04 00:00:00,1934.01,1936.99,1934.0,1936.68,3173,11,0
2023-08-04 04:00:00,1936.7,1937.94,1933.14,1934.49,10358,11,0
2023-08-04 08:00:00,1934.51,1937.41,1932.05,1932.42,10653,11,0
2023-08-04 12:00:00,1932.43,1942.67,1925.54,1939.0,14985,11,0
2023-08-04 16:00:00,1938.97,1946.83,1937.51,1941.72,24343,11,0
2023-08-04 20:00:00,1941.7,1943.22,1939.75,1942.67,7149,11,0
2023-08-07 00:00:00,1942.19,1946.62,1942.15,1944.28,4341,11,0
2023-08-07 04:00:00,1944.11,1944.21,1937.45,1938.75,8261,11,0
2023-08-07 08:00:00,1938.73,1938.9,1934.41,1936.15,9737,11,0
2023-08-07 12:00:00,1936.16,1938.2,1933.35,1937.98,10795,11,0
2023-08-07 16:00:00,1937.99,1941.6,1931.37,1934.38,17394,11,0
2023-08-07 20:00:00,1934.38,1937.6,1934.09,1936.42,6294,11,0
2023-08-08 00:00:00,1936.43,1938.01,1935.11,1935.65,3748,11,0
2023-08-08 04:00:00,1935.61,1935.65,1931.07,1934.41,9417,11,0
2023-08-08 08:00:00,1934.41,1935.08,1930.18,1935.06,12179,11,0
2023-08-08 12:00:00,1935.06,1935.59,1923.78,1925.33,16150,11,0
2023-08-08 16:00:00,1925.35,1932.0,1922.75,1925.32,20057,11,0
2023-08-08 20:00:00,1925.39,1926.58,1923.54,1925.06,7633,11,0
2023-08-09 00:00:00,1924.99,1926.51,1924.49,1924.97,2395,11,0
2023-08-09 04:00:00,1924.97,1931.01,1924.17,1930.26,9082,11,0
2023-08-09 08:00:00,1930.29,1932.27,1927.39,1927.99,9178,11,0
2023-08-09 12:00:00,1928.01,1928.28,1922.15,1924.87,11104,11,0
2023-08-09 16:00:00,1924.84,1927.48,1915.56,1916.27,20476,11,0
2023-08-09 20:00:00,1916.26,1917.9,1913.99,1914.74,7498,11,0
2023-08-10 00:00:00,1914.71,1917.36,1914.58,1916.92,2954,11,0
2023-08-10 04:00:00,1916.96,1919.11,1915.28,1916.69,7179,11,0
2023-08-10 08:00:00,1916.69,1921.17,1915.47,1919.34,9909,11,0
2023-08-10 12:00:00,1919.31,1930.05,1919.13,1926.2,14081,11,0
2023-08-10 16:00:00,1926.16,1927.13,1912.85,1920.53,25235,11,0
2023-08-10 20:00:00,1920.57,1920.96,1912.06,1912.33,11991,11,0
2023-08-11 00:00:00,1912.51,1915.08,1910.81,1914.63,2883,11,0
2023-08-11 04:00:00,1914.56,1915.96,1912.55,1913.4,6667,11,0
2023-08-11 08:00:00,1913.37,1919.32,1912.72,1918.93,10027,11,0
2023-08-11 12:00:00,1918.95,1920.84,1913.15,1916.0,12184,11,0
2023-08-11 16:00:00,1915.99,1920.65,1912.9,1914.31,21565,11,0
2023-08-11 20:00:00,1914.28,1915.48,1912.14,1913.82,7502,11,0
2023-08-14 00:00:00,1913.65,1915.11,1910.63,1910.92,3971,11,0
2023-08-14 04:00:00,1910.95,1913.55,1910.11,1912.33,9164,11,0
2023-08-14 08:00:00,1912.34,1916.13,1910.57,1914.19,11144,11,0
2023-08-14 12:00:00,1914.19,1914.92,1905.92,1910.29,12763,11,0
2023-08-14 16:00:00,1910.28,1913.16,1902.66,1911.85,21289,11,0
2023-08-14 20:00:00,1911.83,1913.07,1906.93,1907.35,7361,11,0
2023-08-15 00:00:00,1907.41,1908.07,1904.89,1907.08,2983,11,0
2023-08-15 04:00:00,1907.03,1908.18,1903.68,1906.5,9778,11,0
2023-08-15 08:00:00,1906.51,1907.42,1903.07,1904.2,13530,11,0
2023-08-15 12:00:00,1904.2,1905.76,1896.35,1903.38,15365,11,0
2023-08-15 16:00:00,1903.38,1911.56,1900.02,1903.59,25566,11,0
2023-08-15 20:00:00,1903.6,1905.48,1901.29,1901.48,10630,11,0
2023-08-16 00:00:00,1901.77,1902.46,1900.24,1902.24,3070,11,0
2023-08-16 04:00:00,1902.19,1905.25,1900.42,1903.9,8695,11,0
2023-08-16 08:00:00,1903.91,1906.47,1902.78,1905.32,10278,11,0
2023-08-16 12:00:00,1905.34,1907.15,1900.0,1900.69,11972,11,0
2023-08-16 16:00:00,1900.69,1906.42,1898.79,1899.41,20654,11,0
2023-08-16 20:00:00,1899.45,1899.61,1891.78,1891.96,13635,11,0
2023-08-17 00:00:00,1892.25,1894.91,1890.98,1892.74,5028,11,0
2023-08-17 04:00:00,1892.77,1893.89,1889.54,1893.72,10124,11,0
2023-08-17 08:00:00,1893.72,1897.55,1892.07,1893.94,10980,11,0
2023-08-17 12:00:00,1893.92,1902.41,1893.59,1899.48,15812,11,0
2023-08-17 16:00:00,1899.43,1903.39,1887.85,1888.31,23189,11,0
2023-08-17 20:00:00,1888.3,1890.1,1884.97,1889.16,10194,11,0
2023-08-18 00:00:00,1889.41,1893.81,1888.96,1893.27,3306,11,0
2023-08-18 04:00:00,1893.24,1895.09,1891.1,1892.1,8820,11,0
2023-08-18 08:00:00,1892.11,1894.05,1891.35,1891.97,10789,11,0
2023-08-18 12:00:00,1891.95,1895.48,1888.64,1890.17,11237,11,0
2023-08-18 16:00:00,1890.18,1896.81,1888.62,1889.41,18159,11,0
2023-08-18 20:00:00,1889.5,1890.33,1886.71,1889.61,7986,13,0
2023-08-21 00:00:00,1889.86,1891.08,1888.76,1889.9,3555,13,0
2023-08-21 04:00:00,1889.88,1893.74,1884.76,1892.44,10863,13,0
2023-08-21 08:00:00,1892.42,1894.05,1887.33,1888.59,10990,13,0
2023-08-21 12:00:00,1888.62,1897.55,1886.75,1897.1,14591,13,0
2023-08-21 16:00:00,1897.1,1898.66,1885.34,1892.55,21104,13,0
2023-08-21 20:00:00,1892.64,1895.32,1892.49,1894.72,8032,13,0
2023-08-22 00:00:00,1894.58,1896.0,1893.6,1895.45,2945,13,0
2023-08-22 04:00:00,1895.44,1897.22,1893.79,1893.94,9200,13,0
2023-08-22 08:00:00,1893.92,1902.29,1893.88,1899.91,12344,13,0
2023-08-22 12:00:00,1899.89,1904.4,1896.22,1897.35,13484,13,0
2023-08-22 16:00:00,1897.37,1899.09,1889.13,1897.28,20868,13,0
2023-08-22 20:00:00,1897.27,1898.4,1896.33,1897.53,6255,13,0
2023-08-23 00:00:00,1897.4,1900.29,1897.34,1898.93,2122,13,0
2023-08-23 04:00:00,1898.95,1903.29,1898.74,1903.29,8587,13,0
2023-08-23 08:00:00,1903.24,1905.41,1901.64,1903.69,12701,13,0
2023-08-23 12:00:00,1903.68,1908.52,1901.19,1903.62,13480,13,0
2023-08-23 16:00:00,1903.65,1920.29,1902.97,1919.73,24224,13,0
2023-08-23 20:00:00,1919.72,1919.79,1914.44,1915.32,8652,13,0
2023-08-24 00:00:00,1915.33,1919.25,1915.24,1918.57,3293,13,0
2023-08-24 04:00:00,1918.57,1922.15,1917.46,1921.0,9134,13,0
2023-08-24 08:00:00,1921.01,1922.83,1919.44,1920.25,12006,13,0
2023-08-24 12:00:00,1920.24,1920.95,1911.72,1915.08,13124,13,0
2023-08-24 16:00:00,1915.09,1923.29,1911.87,1918.33,22125,13,0
2023-08-24 20:00:00,1918.32,1919.59,1916.25,1916.7,7662,13,0
2023-08-25 00:00:00,1917.1,1917.2,1915.09,1915.48,2570,13,0
2023-08-25 04:00:00,1915.48,1917.48,1913.1,1913.66,7306,13,0
2023-08-25 08:00:00,1913.66,1916.09,1912.75,1915.35,9734,13,0
2023-08-25 12:00:00,1915.33,1920.18,1915.14,1917.2,10329,13,0
2023-08-25 16:00:00,1917.2,1922.32,1903.75,1909.95,27204,13,0
2023-08-25 20:00:00,1909.98,1914.88,1909.85,1913.86,9547,13,0
2023-08-28 00:00:00,1915.48,1916.61,1914.24,1915.68,3737,13,0
2023-08-28 04:00:00,1915.54,1917.38,1914.66,1915.54,8086,13,0
2023-08-28 08:00:00,1915.54,1917.7,1913.44,1914.68,8855,13,0
2023-08-28 12:00:00,1914.68,1917.27,1913.33,1917.02,9466,13,0
2023-08-28 16:00:00,1917.03,1926.02,1912.72,1920.6,18406,13,0
2023-08-28 20:00:00,1920.63,1920.82,1916.89,1920.04,7569,13,0
2023-08-29 00:00:00,1920.07,1922.01,1920.06,1921.56,1881,13,0
2023-08-29 04:00:00,1921.56,1925.75,1921.25,1923.82,7164,13,0
2023-08-29 08:00:00,1923.85,1925.52,1921.56,1922.87,8916,13,0
2023-08-29 12:00:00,1922.81,1924.41,1914.38,1916.96,12522,13,0
2023-08-29 16:00:00,1916.98,1937.64,1916.7,1936.22,24105,13,0
2023-08-29 20:00:00,1936.22,1938.11,1935.06,1937.36,8007,13,0
2023-08-30 00:00:00,1937.2,1937.62,1935.88,1936.73,3143,13,0
2023-08-30 04:00:00,1936.76,1937.45,1935.31,1936.08,7380,13,0
2023-08-30 08:00:00,1936.09,1936.94,1934.89,1936.54,10188,13,0
2023-08-30 12:00:00,1936.55,1945.7,1935.92,1945.14,14977,13,0
2023-08-30 16:00:00,1945.04,1949.03,1942.81,1944.86,23719,13,0
2023-08-30 20:00:00,1944.82,1945.67,1942.02,1942.37,6557,13,0
2023-08-31 00:00:00,1942.68,1945.46,1942.68,1945.31,3579,13,0
2023-08-31 04:00:00,1945.28,1947.68,1944.7,1945.69,7051,13,0
2023-08-31 08:00:00,1945.7,1946.26,1943.17,1944.34,9503,13,0
2023-08-31 12:00:00,1944.35,1947.84,1943.06,1945.76,13004,13,0
2023-08-31 16:00:00,1945.74,1946.34,1938.98,1941.65,21716,13,0
2023-08-31 20:00:00,1941.67,1942.01,1939.02,1939.69,7176,13,0
2023-09-01 00:00:00,1940.06,1940.27,1938.65,1939.24,2513,13,0
2023-09-01 04:00:00,1939.24,1944.0,1938.14,1939.94,8164,13,0
2023-09-01 08:00:00,1939.94,1943.71,1938.39,1942.94,8659,13,0
2023-09-01 12:00:00,1942.94,1952.86,1942.88,1949.86,13174,13,0
2023-09-01 16:00:00,1949.87,1951.41,1934.48,1938.07,27527,13,0
2023-09-01 20:00:00,1938.09,1941.49,1937.28,1939.9,6170,13,0
2023-09-04 00:00:00,1940.36,1941.62,1939.34,1940.9,2688,13,0
2023-09-04 04:00:00,1940.81,1946.03,1940.39,1945.01,8012,13,0
2023-09-04 08:00:00,1945.0,1946.3,1942.62,1943.83,8243,13,0
2023-09-04 12:00:00,1943.81,1944.16,1939.8,1939.88,7310,13,0
2023-09-04 16:00:00,1939.89,1940.17,1936.74,1938.26,8706,13,0
2023-09-04 20:00:00,1938.23,1938.44,1938.23,1938.38,10,13,0
2023-09-05 00:00:00,1938.55,1938.76,1936.92,1937.76,2191,13,0
2023-09-05 04:00:00,1937.76,1938.86,1934.92,1938.48,7298,13,0
2023-09-05 08:00:00,1938.49,1938.91,1932.24,1933.47,12120,13,0
2023-09-05 12:00:00,1933.47,1934.68,1927.9,1933.69,14821,13,0
2023-09-05 16:00:00,1933.74,1934.17,1925.26,1927.23,23958,13,0
2023-09-05 20:00:00,1927.2,1927.45,1925.37,1925.83,6696,13,0
2023-09-06 00:00:00,1926.15,1926.86,1924.43,1924.71,2487,13,0
2023-09-06 04:00:00,1924.7,1927.28,1924.18,1927.16,7127,13,0
2023-09-06 08:00:00,1927.16,1928.43,1922.48,1924.66,11792,13,0
2023-09-06 12:00:00,1924.64,1927.65,1922.76,1923.19,11711,13,0
2023-09-06 16:00:00,1923.11,1929.13,1915.21,1919.94,24832,13,0
2023-09-06 20:00:00,1919.95,1920.61,1915.92,1916.34,6659,13,0
2023-09-07 00:00:00,1917.36,1918.79,1916.24,1916.78,2496,13,0
2023-09-07 04:00:00,1916.76,1920.62,1916.56,1918.92,7528,13,0
2023-09-07 08:00:00,1918.96,1919.72,1917.03,1918.8,10104,13,0
2023-09-07 12:00:00,1918.82,1923.54,1916.13,1923.15,13119,13,0
2023-09-07 16:00:00,1923.19,1923.42,1917.18,1917.98,18634,13,0
2023-09-07 20:00:00,1917.98,1920.66,1917.39,1919.56,5715,13,0
2023-09-08 00:00:00,1919.56,1924.56,1919.32,1923.64,3715,13,0
2023-09-08 04:00:00,1923.6,1927.25,1922.84,1924.46,8505,13,0
2023-09-08 08:00:00,1924.46,1927.22,1923.33,1924.64,9037,13,0
2023-09-08 12:00:00,1924.65,1926.0,1920.32,1920.38,9821,13,0
2023-09-08 16:00:00,1920.44,1929.65,1917.31,1919.62,19501,13,0
2023-09-08 20:00:00,1919.62,1920.64,1918.04,1919.07,5525,13,0
2023-09-11 00:00:00,1920.56,1920.6,1916.69,1920.0,4731,13,0
2023-09-11 04:00:00,1920.0,1926.7,1919.06,1926.46,10621,13,0
2023-09-11 08:00:00,1926.46,1930.64,1925.34,1927.74,13356,13,0
2023-09-11 12:00:00,1927.66,1927.97,1924.15,1927.19,11030,13,0
2023-09-11 16:00:00,1927.18,1930.04,1921.32,1923.35,18193,13,0
2023-09-11 20:00:00,1923.35,1924.3,1921.4,1922.25,6043,11,0
2023-09-12 00:00:00,1922.8,1923.37,1921.18,1921.61,2931,11,0
2023-09-12 04:00:00,1921.54,1924.45,1920.29,1922.22,8236,11,0
2023-09-12 08:00:00,1922.21,1922.32,1918.58,1919.71,9797,11,0
2023-09-12 12:00:00,1919.73,1920.01,1908.59,1909.74,13500,11,0
2023-09-12 16:00:00,1909.68,1915.02,1907.59,1912.33,17697,11,0
2023-09-12 20:00:00,1912.32,1913.56,1911.73,1913.24,6172,11,0
2023-09-13 00:00:00,1913.27,1913.76,1912.4,1912.53,2787,11,0
2023-09-13 04:00:00,1912.48,1913.78,1908.16,1911.61,8757,11,0
2023-09-13 08:00:00,1911.61,1912.59,1908.21,1912.16,10730,11,0
2023-09-13 12:00:00,1912.15,1914.46,1905.59,1912.24,13396,11,0
2023-09-13 16:00:00,1912.24,1915.7,1908.86,1909.36,23089,11,0
2023-09-13 20:00:00,1909.35,1911.16,1908.12,1908.18,7130,11,0
2023-09-14 00:00:00,1908.47,1912.59,1907.28,1912.4,3307,11,0
2023-09-14 04:00:00,1912.3,1912.65,1908.59,1909.18,9934,11,0
2023-09-14 08:00:00,1909.2,1910.81,1904.94,1907.06,11653,11,0
2023-09-14 12:00:00,1907.06,1910.11,1900.92,1904.2,15313,11,0
2023-09-14 16:00:00,1904.2,1911.85,1900.94,1910.0,26793,11,0
2023-09-14 20:00:00,1910.0,1911.19,1907.85,1910.36,6915,11,0
2023-09-15 00:00:00,1910.71,1911.26,1909.52,1910.99,2953,11,0
2023-09-15 04:00:00,1911.0,1916.53,1910.12,1915.89,9763,11,0
2023-09-15 08:00:00,1915.87,1919.26,1914.63,1917.72,14100,11,0
2023-09-15 12:00:00,1917.71,1920.31,1915.78,1916.86,12929,11,0
2023-09-15 16:00:00,1916.9,1930.17,1916.65,1925.08,23761,11,0
2023-09-15 20:00:00,1925.16,1925.73,1922.06,1923.31,7781,11,0
2023-09-18 00:00:00,1923.33,1924.39,1922.25,1924.29,2945,11,0
2023-09-18 04:00:00,1924.33,1929.15,1923.04,1927.88,9866,11,0
2023-09-18 08:00:00,1927.9,1930.36,1924.83,1925.88,12299,11,0
2023-09-18 12:00:00,1925.85,1927.9,1923.24,1923.76,9452,11,0
2023-09-18 16:00:00,1923.76,1930.88,1922.55,1930.77,18130,11,0
2023-09-18 20:00:00,1930.77,1933.92,1930.71,1933.23,7348,11,0
2023-09-19 00:00:00,1933.47,1934.33,1932.37,1932.47,2709,11,0
2023-09-19 04:00:00,1932.49,1933.12,1931.03,1931.04,6758,11,0
2023-09-19 08:00:00,1931.03,1934.7,1929.53,1933.49,9914,11,0
2023-09-19 12:00:00,1933.48,1937.09,1933.32,1935.54,10205,11,0
2023-09-19 16:00:00,1935.57,1936.05,1930.56,1930.64,16406,11,0
2023-09-19 20:00:00,1930.64,1932.72,1929.45,1930.95,5694,11,0
2023-09-20 00:00:00,1931.67,1932.24,1929.99,1930.38,2310,11,0
2023-09-20 04:00:00,1930.4,1931.16,1928.22,1929.48,5618,14,0
2023-09-20 08:00:00,1929.47,1932.01,1927.64,1928.87,9563,11,0
2023-09-20 12:00:00,1928.84,1933.8,1928.84,1931.89,9042,11,0
2023-09-20 16:00:00,1931.88,1946.42,1931.62,1946.41,18771,11,0
2023-09-20 20:00:00,1946.46,1947.11,1928.74,1930.02,21003,11,0
2023-09-21 00:00:00,1929.94,1931.02,1924.04,1924.42,5420,11,0
2023-09-21 04:00:00,1924.44,1928.11,1923.61,1927.46,8670,12,0
2023-09-21 08:00:00,1927.38,1929.95,1922.33,1922.53,9631,11,0
2023-09-21 12:00:00,1922.47,1925.53,1913.58,1915.94,15528,11,0
2023-09-21 16:00:00,1916.0,1923.25,1913.38,1918.98,22062,11,0
2023-09-21 20:00:00,1918.94,1920.75,1918.18,1919.44,6875,11,0
2023-09-22 00:00:00,1919.27,1923.07,1919.0,1922.88,3130,11,0
2023-09-22 04:00:00,1922.84,1924.96,1921.47,1923.81,7814,11,0
2023-09-22 08:00:00,1923.78,1928.17,1923.15,1926.16,11811,11,0
2023-09-22 12:00:00,1926.16,1927.07,1923.62,1925.57,10415,11,0
2023-09-22 16:00:00,1925.58,1928.55,1924.33,1924.77,17755,11,0
2023-09-22 20:00:00,1924.75,1925.83,1923.78,1924.6,4623,11,0
2023-09-25 00:00:00,1924.68,1925.91,1922.74,1924.32,2978,11,0
2023-09-25 04:00:00,1924.32,1924.74,1922.11,1922.58,5158,11,0
2023-09-25 08:00:00,1922.56,1926.63,1920.32,1921.16,9909,11,0
2023-09-25 12:00:00,1921.15,1926.27,1921.06,1925.36,10090,11,0
2023-09-25 16:00:00,1925.35,1925.8,1914.66,1916.18,18568,11,0
2023-09-25 20:00:00,1916.19,1917.07,1914.64,1915.37,5501,11,0
2023-09-26 00:00:00,1915.64,1916.26,1914.25,1914.27,2458,11,0
2023-09-26 04:00:00,1914.28,1915.27,1912.56,1914.07,5875,11,0
2023-09-26 08:00:00,1914.07,1915.09,1909.21,1913.25,9863,11,0
2023-09-26 12:00:00,1913.25,1913.34,1904.74,1909.7,9856,11,0
2023-09-26 16:00:00,1909.78,1909.78,1900.24,1900.65,19279,11,0
2023-09-26 20:00:00,1900.71,1901.73,1898.61,1900.07,6789,11,0
2023-09-27 00:00:00,1900.07,1901.93,1899.22,1900.12,3007,11,0
2023-09-27 04:00:00,1900.04,1903.36,1896.0,1897.13,7910,11,0
2023-09-27 08:00:00,1897.12,1898.54,1894.62,1896.12,9965,11,0
2023-09-27 12:00:00,1896.14,1896.14,1889.44,1891.27,11164,11,0
2023-09-27 16:00:00,1891.22,1891.61,1874.93,1875.34,21042,11,0
2023-09-27 20:00:00,1875.34,1877.73,1871.96,1874.12,11638,11,0
2023-09-28 00:00:00,1875.64,1877.35,1875.41,1876.53,3981,12,0
2023-09-28 04:00:00,1876.5,1876.91,1873.02,1874.29,7307,11,0
2023-09-28 08:00:00,1874.29,1877.69,1873.12,1873.61,12279,11,0
2023-09-28 12:00:00,1873.61,1879.07,1871.24,1871.86,13802,11,0
2023-09-28 16:00:00,1871.85,1876.57,1857.12,1862.99,26422,11,0
2023-09-28 20:00:00,1863.0,1866.77,1860.44,1864.14,8402,11,0
2023-09-29 00:00:00,1864.76,1866.69,1863.26,1864.82,3862,11,0
2023-09-29 04:00:00,1864.83,1866.47,1862.4,1864.48,6001,12,0
2023-09-29 08:00:00,1864.47,1873.4,1863.92,1871.07,10801,11,0
2023-09-29 12:00:00,1871.1,1873.52,1867.05,1873.31,14392,11,0
2023-09-29 16:00:00,1873.33,1879.27,1851.7,1853.13,26769,11,0
2023-09-29 20:00:00,1853.15,1853.15,1845.8,1848.56,10155,11,0
2023-10-02 00:00:00,1846.53,1848.39,1844.73,1844.9,4110,11,0
2023-10-02 04:00:00,1844.89,1846.82,1841.87,1841.99,5067,12,0
2023-10-02 08:00:00,1841.99,1845.7,1838.69,1839.01,11357,11,0
2023-10-02 12:00:00,1839.0,1840.07,1830.6,1835.71,16200,11,0
2023-10-02 16:00:00,1835.7,1837.91,1826.61,1831.07,26035,11,0
2023-10-02 20:00:00,1831.08,1833.05,1826.97,1827.2,8708,11,0
2023-10-03 00:00:00,1828.53,1828.94,1819.94,1824.13,5901,11,0
2023-10-03 04:00:00,1824.13,1824.56,1814.69,1820.12,9198,11,0
2023-10-03 08:00:00,1820.11,1828.59,1817.62,1825.7,12842,11,0
2023-10-03 12:00:00,1825.73,1829.24,1823.13,1824.26,16552,11,0
2023-10-03 16:00:00,1824.27,1832.81,1818.74,1823.4,32071,11,0
2023-10-03 20:00:00,1823.42,1825.43,1821.38,1822.26,11300,11,0
2023-10-04 00:00:00,1822.84,1824.46,1821.31,1822.72,4503,12,0
2023-10-04 04:00:00,1822.66,1823.79,1819.14,1823.38,8839,11,0
2023-10-04 08:00:00,1823.48,1823.52,1816.25,1822.54,16012,11,0
2023-10-04 12:00:00,1822.6,1830.13,1820.63,1826.86,20450,11,0
2023-10-04 16:00:00,1826.87,1826.98,1816.65,1820.56,29654,11,0
2023-10-04 20:00:00,1820.56,1823.25,1816.16,1820.78,9667,11,0
2023-10-05 00:00:00,1820.96,1825.98,1820.96,1825.93,3602,11,0
2023-10-05 04:00:00,1825.93,1829.46,1825.92,1827.94,7618,11,0
2023-10-05 08:00:00,1827.94,1828.46,1819.51,1819.62,12065,11,0
2023-10-05 12:00:00,1819.64,1824.24,1813.43,1816.12,16621,11,0
2023-10-05 16:00:00,1816.07,1822.22,1814.55,1818.47,27409,11,0
2023-10-05 20:00:00,1818.48,1821.21,1816.23,1820.6,9389,11,0
2023-10-06 00:00:00,1820.91,1823.53,1820.53,1821.02,3261,11,0
2023-10-06 04:00:00,1820.92,1824.93,1820.02,1823.12,6047,11,0
2023-10-06 08:00:00,1823.1,1823.25,1818.95,1822.27,10547,11,0
2023-10-06 12:00:00,1822.28,1825.46,1810.78,1815.48,16849,11,0
2023-10-06 16:00:00,1815.43,1835.02,1814.23,1829.37,32995,11,0
2023-10-06 20:00:00,1829.36,1834.14,1828.94,1831.84,9861,11,0
2023-10-09 00:00:00,1849.62,1855.47,1845.5,1852.4,10244,11,0
2023-10-09 04:00:00,1852.34,1853.21,1847.29,1850.44,9920,11,0
2023-10-09 08:00:00,1850.46,1854.36,1848.01,1850.41,13095,11,0
2023-10-09 12:00:00,1850.43,1852.29,1844.93,1847.92,11431,11,0
2023-10-09 16:00:00,1847.92,1853.17,1844.17,1849.99,19049,11,0
2023-10-09 20:00:00,1849.99,1863.45,1849.89,1861.3,9326,11,0
2023-10-10 00:00:00,1861.28,1865.33,1860.32,1864.04,4957,11,0
2023-10-10 04:00:00,1864.02,1865.18,1860.74,1860.8,9718,12,0
2023-10-10 08:00:00,1860.8,1862.16,1855.16,1858.51,16504,11,0
2023-10-10 12:00:00,1858.48,1859.53,1852.96,1854.46,15797,11,0
2023-10-10 16:00:00,1854.46,1862.47,1853.05,1861.87,23932,11,0
2023-10-10 20:00:00,1861.88,1862.73,1858.08,1860.35,9746,11,0
2023-10-11 00:00:00,1860.02,1862.05,1859.33,1860.92,3055,14,0
2023-10-11 04:00:00,1860.88,1861.98,1859.37,1859.66,7044,12,0
2023-10-11 08:00:00,1859.66,1869.81,1858.57,1869.52,14742,11,0
2023-10-11 12:00:00,1869.54,1874.74,1867.31,1872.77,16482,11,0
2023-10-11 16:00:00,1872.88,1877.14,1868.13,1874.31,25055,11,0
2023-10-11 20:00:00,1874.31,1874.7,1870.78,1873.92,10515,11,0
2023-10-12 00:00:00,1874.3,1876.59,1873.78,1875.39,3060,13,0
2023-10-12 04:00:00,1875.39,1879.07,1874.42,1878.87,7745,11,0
2023-10-12 08:00:00,1878.84,1882.59,1878.34,1880.29,11093,11,0
2023-10-12 12:00:00,1880.29,1885.04,1875.27,1879.09,15693,11,0
2023-10-12 16:00:00,1879.03,1879.98,1870.63,1871.37,24245,11,0
2023-10-12 20:00:00,1871.4,1871.99,1867.86,1868.68,11624,11,0
2023-10-13 00:00:00,1869.21,1872.57,1868.98,1872.51,3626,11,0
2023-10-13 04:00:00,1872.5,1876.76,1871.28,1876.28,7122,11,0
2023-10-13 08:00:00,1876.28,1884.88,1875.69,1883.78,13342,11,0
2023-10-13 12:00:00,1883.76,1919.07,1882.42,1913.29,22224,11,0
2023-10-13 16:00:00,1913.34,1927.43,1905.52,1927.1,30988,11,0
2023-10-13 20:00:00,1927.13,1930.73,1926.79,1930.0,11405,11,0
2023-10-16 00:00:00,1923.66,1927.72,1921.16,1921.62,8294,11,0
2023-10-16 04:00:00,1921.62,1923.45,1917.99,1920.1,8068,11,0
2023-10-16 08:00:00,1920.13,1920.13,1908.17,1911.58,15861,11,0
2023-10-16 12:00:00,1911.53,1924.56,1911.18,1918.64,16930,11,0
2023-10-16 16:00:00,1918.64,1922.26,1914.4,1921.86,22328,11,0
2023-10-16 20:00:00,1921.87,1922.72,1917.79,1920.0,7088,11,0
2023-10-17 00:00:00,1920.01,1921.74,1914.39,1916.52,4181,11,0
2023-10-17 04:00:00,1916.54,1917.56,1912.35,1914.63,8399,11,0
2023-10-17 08:00:00,1914.74,1921.23,1914.16,1919.14,10264,11,0
2023-10-17 12:00:00,1919.14,1928.9,1918.77,1925.87,16603,11,0
2023-10-17 16:00:00,1925.8,1931.43,1920.73,1923.94,23759,11,0
2023-10-17 20:00:00,1923.97,1924.99,1919.0,1922.98,9253,11,0
2023-10-18 00:00:00,1923.8,1928.06,1923.12,1927.23,3496,11,0
2023-10-18 04:00:00,1927.24,1942.52,1926.75,1937.54,13655,11,0
2023-10-18 08:00:00,1937.53,1939.59,1934.72,1937.77,14121,11,0
2023-10-18 12:00:00,1937.77,1949.45,1937.67,1948.19,16548,11,0
2023-10-18 16:00:00,1948.21,1961.97,1937.64,1949.22,28842,11,0
2023-10-18 20:00:00,1949.19,1955.97,1946.71,1947.04,12401,11,0
2023-10-19 00:00:00,1947.6,1953.15,1947.16,1950.05,4664,12,0
2023-10-19 04:00:00,1950.04,1951.58,1945.06,1948.03,9841,11,0
2023-10-19 08:00:00,1947.99,1954.57,1945.09,1949.26,15449,11,0
2023-10-19 12:00:00,1949.2,1957.13,1947.4,1954.87,15076,12,0
2023-10-19 16:00:00,1954.86,1962.09,1949.75,1962.0,28988,12,0
2023-10-19 20:00:00,1962.07,1977.72,1960.87,1973.96,19150,12,0
2023-10-20 00:00:00,1973.54,1982.21,1972.48,1974.84,8484,12,0
2023-10-20 04:00:00,1974.78,1981.89,1971.82,1976.99,12273,12,0
2023-10-20 08:00:00,1977.06,1984.94,1974.19,1983.45,15927,12,0
2023-10-20 12:00:00,1983.5,1985.32,1973.75,1978.49,15806,12,0
2023-10-20 16:00:00,1978.37,1997.17,1976.66,1982.59,27762,12,0
2023-10-20 20:00:00,1982.6,1986.63,1974.31,1980.32,14226,12,0
2023-10-23 00:00:00,1969.44,1978.56,1964.17,1966.09,7165,12,0
2023-10-23 04:00:00,1966.12,1974.68,1964.23,1973.7,11557,12,0
2023-10-23 08:00:00,1973.6,1981.92,1972.7,1981.4,13155,12,0
2023-10-23 12:00:00,1981.41,1982.77,1975.33,1977.49,14990,12,0
2023-10-23 16:00:00,1977.49,1980.0,1970.05,1974.45,26124,12,0
2023-10-23 20:00:00,1974.45,1978.08,1971.08,1972.72,10699,12,0
2023-10-24 00:00:00,1973.5,1975.75,1971.42,1973.76,3674,12,0
2023-10-24 04:00:00,1973.77,1980.7,1973.77,1976.14,9966,12,0
2023-10-24 08:00:00,1976.2,1978.67,1970.61,1972.32,14319,12,0
2023-10-24 12:00:00,1972.21,1972.58,1954.17,1964.79,19093,12,0
2023-10-24 16:00:00,1964.83,1975.97,1958.94,1974.29,24647,12,0
2023-10-24 20:00:00,1974.29,1977.53,1970.81,1970.9,8278,12,0
2023-10-25 00:00:00,1970.85,1974.93,1969.98,1974.74,3667,12,0
2023-10-25 04:00:00,1974.79,1976.42,1971.27,1971.88,8258,12,0
2023-10-25 08:00:00,1971.77,1975.88,1968.23,1971.29,11701,12,0
2023-10-25 12:00:00,1971.33,1976.85,1969.4,1975.02,13651,12,0
2023-10-25 16:00:00,1975.07,1987.18,1963.07,1978.16,25772,12,0
2023-10-25 20:00:00,1978.19,1985.58,1976.49,1979.85,10642,12,0
2023-10-26 00:00:00,1980.42,1984.68,1979.99,1983.39,6314,12,0
2023-10-26 04:00:00,1983.4,1989.34,1983.25,1988.46,8922,12,0
2023-10-26 08:00:00,1988.44,1993.39,1983.91,1992.06,15584,12,0
2023-10-26 12:00:00,1992.06,1992.1,1974.72,1979.5,17454,12,0
2023-10-26 16:00:00,1979.54,1985.79,1971.68,1984.13,27059,12,0
2023-10-26 20:00:00,1984.15,1989.23,1982.28,1984.78,11344,12,0
2023-10-27 00:00:00,1984.6,1986.76,1983.1,1983.7,4311,12,0
2023-10-27 04:00:00,1983.62,1989.89,1983.42,1989.39,9130,12,0
2023-10-27 08:00:00,1989.42,1989.63,1985.45,1986.88,12543,12,0
2023-10-27 12:00:00,1986.88,1987.88,1977.03,1980.35,14607,12,0
2023-10-27 16:00:00,1980.26,1985.63,1976.8,1983.6,23064,12,0
2023-10-27 20:00:00,1983.61,2009.3,1982.98,2005.72,18036,12,0
2023-10-30 00:00:00,2004.84,2006.72,1996.91,2005.3,11159,12,0
2023-10-30 04:00:00,2005.3,2005.34,2000.09,2000.19,6720,12,0
2023-10-30 08:00:00,2000.2,2001.37,1990.88,1996.57,15577,12,0
2023-10-30 12:00:00,1996.58,2002.47,1992.56,1998.5,21913,12,0
2023-10-30 16:00:00,1998.49,2002.42,1992.15,1997.9,22384,12,0
2023-10-30 20:00:00,1997.89,1999.82,1994.68,1996.13,6311,12,0
2023-10-31 00:00:00,1995.78,1997.24,1993.95,1996.36,6530,12,0
2023-10-31 04:00:00,1996.34,1997.09,1990.57,1993.02,9510,12,0
2023-10-31 08:00:00,1993.01,1999.16,1992.36,1997.58,13215,12,0
2023-10-31 12:00:00,1997.56,2004.06,1994.64,2002.58,20780,12,0
2023-10-31 16:00:00,2002.57,2007.84,1983.29,1984.1,27022,12,0
2023-10-31 20:00:00,1984.1,1986.68,1978.78,1983.88,9419,12,0
2023-11-01 00:00:00,1983.66,1986.1,1977.92,1979.48,8187,12,0
2023-11-01 04:00:00,1979.48,1980.9,1975.17,1979.54,8348,12,0
2023-11-01 08:00:00,1979.54,1983.66,1976.41,1982.67,12646,12,0
2023-11-01 12:00:00,1982.66,1988.42,1981.08,1985.66,18371,12,0
2023-11-01 16:00:00,1985.68,1992.4,1974.6,1977.9,21357,12,0
2023-11-01 20:00:00,1977.88,1982.79,1969.79,1982.26,16671,12,0
2023-11-02 00:00:00,1983.28,1987.88,1981.25,1985.68,9321,12,0
2023-11-02 04:00:00,1985.69,1987.08,1982.75,1985.86,8362,12,0
2023-11-02 08:00:00,1985.84,1989.54,1983.4,1988.2,11067,12,0
2023-11-02 12:00:00,1988.18,1991.03,1981.77,1984.21,20984,12,0
2023-11-02 16:00:00,1984.11,1986.43,1978.56,1984.76,24574,12,0
2023-11-02 20:00:00,1984.77,1986.08,1983.41,1985.54,6182,12,0
2023-11-03 00:00:00,1985.64,1986.28,1982.98,1983.64,5231,12,0
2023-11-03 04:00:00,1983.64,1987.63,1983.5,1986.86,5860,12,0
2023-11-03 08:00:00,1986.87,1990.13,1984.52,1989.1,11569,12,0
2023-11-03 12:00:00,1989.09,2004.04,1986.54,1995.26,24461,12,0
2023-11-03 16:00:00,1995.36,1999.08,1988.61,1993.06,28179,12,0
2023-11-03 20:00:00,1993.09,1995.07,1991.54,1992.38,6932,12,0
2023-11-06 00:00:00,1992.78,1993.1,1987.01,1992.06,8377,12,0
2023-11-06 04:00:00,1992.07,1992.92,1982.05,1983.72,10679,12,0
2023-11-06 08:00:00,1983.72,1987.9,1982.04,1987.02,12764,12,0
2023-11-06 12:00:00,1987.11,1989.04,1983.37,1986.28,15108,12,0
2023-11-06 16:00:00,1986.35,1988.17,1979.88,1983.69,20652,12,0
2023-11-06 20:00:00,1983.69,1983.73,1977.09,1977.58,8342,12,0
2023-11-07 00:00:00,1977.63,1978.03,1974.48,1975.48,6408,12,0
2023-11-07 04:00:00,1975.46,1975.88,1970.68,1973.42,8012,12,0
2023-11-07 08:00:00,1973.4,1973.63,1964.16,1966.3,13506,12,0
2023-11-07 12:00:00,1966.29,1968.01,1956.64,1966.5,20063,12,0
2023-11-07 16:00:00,1966.52,1967.2,1960.11,1963.98,21251,12,0
2023-11-07 20:00:00,1963.99,1969.82,1963.66,1969.1,9259,12,0
2023-11-08 00:00:00,1969.02,1969.98,1967.45,1968.62,6677,12,0
2023-11-08 04:00:00,1968.62,1970.98,1965.02,1965.53,7601,12,0
2023-11-08 08:00:00,1965.56,1969.11,1965.09,1965.47,12895,12,0
2023-11-08 12:00:00,1965.41,1966.62,1959.54,1964.81,15876,12,0
2023-11-08 16:00:00,1964.79,1966.36,1950.93,1953.69,24864,12,0
2023-11-08 20:00:00,1953.69,1954.7,1947.4,1950.17,10361,12,0
2023-11-09 00:00:00,1949.96,1954.63,1948.59,1953.66,6459,12,0
2023-11-09 04:00:00,1953.66,1953.67,1947.49,1950.42,9206,12,0
2023-11-09 08:00:00,1950.45,1950.72,1944.72,1946.84,12910,12,0
2023-11-09 12:00:00,1946.84,1951.31,1944.78,1950.5,15243,12,0
2023-11-09 16:00:00,1950.56,1964.88,1948.57,1961.86,23708,12,0
2023-11-09 20:00:00,1961.86,1965.54,1956.12,1958.2,16684,12,0
2023-11-10 00:00:00,1958.23,1960.75,1957.84,1959.07,7246,12,0
2023-11-10 04:00:00,1959.06,1960.43,1956.35,1957.24,8300,12,0
2023-11-10 08:00:00,1957.25,1958.18,1953.51,1953.91,12751,12,0
2023-11-10 12:00:00,1953.89,1954.37,1943.14,1946.09,18277,12,0
2023-11-10 16:00:00,1946.12,1947.6,1936.53,1936.73,25071,12,0
2023-11-10 20:00:00,1936.76,1937.82,1932.98,1937.81,9729,12,0
2023-11-13 00:00:00,1938.74,1941.92,1936.8,1940.32,7931,12,0
2023-11-13 04:00:00,1940.32,1941.25,1934.04,1939.12,9543,12,0
2023-11-13 08:00:00,1939.14,1941.19,1935.93,1938.15,12678,12,0
2023-11-13 12:00:00,1938.14,1939.65,1934.02,1935.97,13330,12,0
2023-11-13 16:00:00,1935.97,1949.16,1931.55,1945.7,21490,12,0
2023-11-13 20:00:00,1945.73,1948.0,1944.73,1945.98,6675,12,0
2023-11-14 00:00:00,1946.14,1948.35,1945.39,1945.65,4198,12,0
2023-11-14 04:00:00,1945.64,1946.65,1943.73,1944.41,6285,12,0
2023-11-14 08:00:00,1944.37,1947.95,1944.12,1947.16,9656,12,0
2023-11-14 12:00:00,1947.2,1959.09,1944.3,1954.3,15436,12,0
2023-11-14 16:00:00,1954.29,1970.76,1953.58,1962.2,26416,12,0
2023-11-14 20:00:00,1962.16,1964.43,1961.62,1963.08,7616,12,0
2023-11-15 00:00:00,1962.94,1963.96,1961.53,1962.65,6295,12,0
2023-11-15 04:00:00,1962.66,1967.91,1962.51,1966.85,8789,12,0
2023-11-15 08:00:00,1966.85,1972.53,1966.79,1971.45,14134,12,0
2023-11-15 12:00:00,1971.43,1975.32,1963.53,1965.62,16985,12,0
2023-11-15 16:00:00,1965.69,1966.71,1955.49,1961.38,23559,12,0
2023-11-15 20:00:00,1961.37,1962.2,1958.97,1959.4,6451,12,0
2023-11-16 00:00:00,1960.08,1961.36,1957.55,1958.35,5381,12,0
2023-11-16 04:00:00,1958.35,1963.82,1956.45,1962.85,7806,12,0
2023-11-16 08:00:00,1962.87,1968.54,1962.74,1966.18,11244,12,0
2023-11-16 12:00:00,1966.18,1972.9,1962.06,1972.08,13480,12,0
2023-11-16 16:00:00,1972.04,1987.88,1971.47,1983.32,24793,12,0
2023-11-16 20:00:00,1983.36,1985.19,1980.71,1981.37,7922,12,0
2023-11-17 00:00:00,1981.15,1986.99,1980.95,1983.57,5483,12,0
2023-11-17 04:00:00,1983.57,1987.26,1983.32,1984.48,7918,12,0
2023-11-17 08:00:00,1984.48,1992.32,1982.77,1991.23,12992,12,0
2023-11-17 12:00:00,1991.26,1993.37,1983.57,1984.79,15907,0,0
2023-11-17 16:00:00,1984.8,1986.63,1978.6,1981.06,21019,0,0
2023-11-17 20:00:00,1981.05,1982.76,1978.97,1980.18,7059,12,0
2023-11-20 00:00:00,1977.9,1983.0,1973.38,1981.05,8440,12,0
2023-11-20 04:00:00,1981.05,1985.13,1979.54,1980.61,11702,12,0
2023-11-20 08:00:00,1980.61,1981.83,1975.86,1979.29,15364,12,0
2023-11-20 12:00:00,1979.28,1979.49,1965.6,1968.2,16641,12,0
2023-11-20 16:00:00,1968.19,1976.22,1965.42,1973.83,18792,12,0
2023-11-20 20:00:00,1973.81,1978.96,1973.47,1977.7,9048,12,0
2023-11-21 00:00:00,1977.97,1990.37,1977.72,1990.03,9160,12,0
2023-11-21 04:00:00,1990.03,1994.19,1988.76,1991.66,11103,12,0
2023-11-21 08:00:00,1991.68,1994.25,1984.3,1985.33,15661,12,0
2023-11-21 12:00:00,1985.32,2000.13,1985.3,1997.51,16657,12,0
2023-11-21 16:00:00,1997.58,2007.45,1997.28,2001.45,22184,12,0
2023-11-21 20:00:00,2001.44,2001.78,1996.23,1998.34,9517,12,0
2023-11-22 00:00:00,1998.5,1999.79,1995.78,1996.12,6875,12,0
2023-11-22 04:00:00,1996.11,2000.28,1995.45,1998.75,9436,12,0
2023-11-22 08:00:00,1998.81,2006.27,1998.23,2002.07,16845,12,0
2023-11-22 12:00:00,2002.06,2003.34,1996.82,1999.15,15538,12,0
2023-11-22 16:00:00,1999.14,2002.46,1988.61,1991.57,21847,12,0
2023-11-22 20:00:00,1991.45,1992.61,1986.94,1989.62,7923,12,0
2023-11-23 00:00:00,1989.44,1994.02,1989.42,1993.46,5958,12,0
2023-11-23 04:00:00,1993.45,1998.12,1993.09,1996.25,7894,12,0
2023-11-23 08:00:00,1996.25,1998.5,1992.2,1994.34,11401,12,0
2023-11-23 12:00:00,1994.34,1994.8,1991.87,1992.67,7454,12,0
2023-11-23 16:00:00,1992.71,1994.85,1989.81,1992.77,7212,12,0
2023-11-23 20:00:00,1992.78,1992.97,1991.76,1992.72,767,12,0
2023-11-24 00:00:00,1992.88,1994.86,1991.4,1992.81,5122,12,0
2023-11-24 04:00:00,1992.75,1994.68,1991.46,1994.22,8082,12,0
2023-11-24 08:00:00,1994.21,1994.87,1991.98,1994.49,9224,12,0
2023-11-24 12:00:00,1994.52,2001.87,1994.31,1999.59,12294,12,0
2023-11-24 16:00:00,1999.73,2003.54,1997.11,2000.91,16946,12,0
2023-11-24 20:00:00,2000.9,2002.21,2000.0,2002.16,751,12,0
2023-11-27 00:00:00,2002.74,2018.2,2000.46,2011.92,11446,12,0
2023-11-27 04:00:00,2011.96,2013.69,2007.35,2010.61,11916,12,0
2023-11-27 08:00:00,2010.6,2015.76,2008.72,2013.68,13190,12,0
2023-11-27 12:00:00,2013.76,2016.74,2010.26,2011.74,14469,12,0
2023-11-27 16:00:00,2011.75,2015.37,2006.24,2010.4,20444,12,0
2023-11-27 20:00:00,2010.41,2015.09,2009.92,2014.5,7385,12,0
2023-11-28 00:00:00,2014.7,2018.49,2013.8,2015.69,8011,12,0
2023-11-28 04:00:00,2015.72,2017.72,2014.28,2015.36,8863,12,0
2023-11-28 08:00:00,2015.34,2017.08,2012.33,2016.27,12733,12,0
2023-11-28 12:00:00,2016.29,2021.72,2012.02,2021.53,12861,12,0
2023-11-28 16:00:00,2021.53,2042.75,2020.62,2040.48,24615,12,0
2023-11-28 20:00:00,2040.54,2042.7,2037.98,2040.91,9087,12,0
2023-11-29 00:00:00,2041.05,2051.94,2040.74,2048.78,10715,12,0
2023-11-29 04:00:00,2048.7,2048.99,2042.96,2045.95,12283,12,0
2023-11-29 08:00:00,2045.92,2046.2,2034.97,2038.0,16579,12,0
2023-11-29 12:00:00,2038.02,2043.0,2036.32,2039.09,16791,12,0
2023-11-29 16:00:00,2039.09,2046.85,2037.31,2045.29,22289,12,0
2023-11-29 20:00:00,2045.3,2049.52,2042.76,2044.16,10741,12,0
2023-11-30 00:00:00,2044.56,2046.78,2043.07,2043.26,6024,12,0
2023-11-30 04:00:00,2043.26,2047.18,2041.41,2041.77,9626,12,0
2023-11-30 08:00:00,2041.66,2046.86,2038.77,2039.86,13296,12,0
2023-11-30 12:00:00,2039.87,2044.03,2034.0,2036.81,16728,12,0
2023-11-30 16:00:00,2036.82,2041.28,2031.72,2037.02,26132,12,0
2023-11-30 20:00:00,2037.12,2038.64,2033.62,2036.08,8258,12,0
2023-12-01 00:00:00,2036.92,2043.38,2036.66,2041.71,6619,12,0
2023-12-01 04:00:00,2041.68,2042.73,2038.67,2040.95,7476,12,0
2023-12-01 08:00:00,2040.95,2049.8,2039.23,2046.34,12615,12,0
2023-12-01 12:00:00,2046.39,2047.18,2033.85,2037.66,15506,12,0
2023-12-01 16:00:00,2037.65,2067.62,2035.14,2067.27,28960,12,0
2023-12-01 20:00:00,2067.27,2075.3,2065.56,2071.38,13395,12,0
2023-12-04 00:00:00,2072.52,2150.1,2071.74,2087.55,21925,12,0
2023-12-04 04:00:00,2087.45,2090.51,2081.49,2086.0,13136,12,0
2023-12-04 08:00:00,2086.0,2087.87,2057.8,2070.97,20790,12,0
2023-12-04 12:00:00,2071.03,2071.78,2056.07,2057.64,17757,12,0
2023-12-04 16:00:00,2057.63,2057.93,2020.11,2025.9,33698,12,0
2023-12-04 20:00:00,2025.96,2032.25,2022.15,2028.93,12172,12,0
2023-12-05 00:00:00,2029.99,2041.16,2028.44,2035.57,9547,12,0
2023-12-05 04:00:00,2035.53,2038.3,2030.4,2032.12,10040,12,0
2023-12-05 08:00:00,2032.09,2039.5,2028.56,2028.89,16378,12,0
2023-12-05 12:00:00,2028.88,2030.8,2021.5,2029.42,17906,12,0
2023-12-05 16:00:00,2029.43,2030.12,2009.89,2017.15,29953,12,0
2023-12-05 20:00:00,2017.15,2020.85,2016.67,2019.18,8201,12,0
2023-12-06 00:00:00,2019.7,2022.64,2017.22,2020.76,6307,12,0
2023-12-06 04:00:00,2020.72,2025.4,2019.69,2024.77,8003,12,0
2023-12-06 08:00:00,2024.76,2035.78,2020.2,2021.14,15300,12,0
2023-12-06 12:00:00,2021.14,2031.77,2020.18,2030.11,15647,12,0
2023-12-06 16:00:00,2030.29,2032.98,2022.64,2029.47,25322,12,0
2023-12-06 20:00:00,2029.47,2031.16,2024.39,2025.27,8870,12,0
2023-12-07 00:00:00,2026.08,2029.55,2025.27,2026.09,6113,12,0
2023-12-07 04:00:00,2026.11,2029.97,2024.88,2026.4,9112,12,0
2023-12-07 08:00:00,2026.44,2035.21,2025.89,2034.4,14152,12,0
2023-12-07 12:00:00,2034.45,2040.15,2029.9,2037.11,15202,12,0
2023-12-07 16:00:00,2037.15,2037.42,2020.2,2028.77,26017,12,0
2023-12-07 20:00:00,2028.81,2031.93,2027.64,2028.31,9562,12,0
2023-12-08 00:00:00,2028.45,2033.08,2026.82,2032.14,9284,12,0
2023-12-08 04:00:00,2032.26,2034.22,2028.94,2029.6,8643,12,0
2023-12-08 08:00:00,2029.49,2030.97,2026.04,2028.18,14238,12,0
2023-12-08 12:00:00,2028.18,2031.94,2014.4,2018.55,17796,12,0
2023-12-08 16:00:00,2018.55,2019.27,1994.63,1997.12,29574,12,0
2023-12-08 20:00:00,1997.12,2005.04,1996.29,2004.07,9904,12,0
2023-12-11 00:00:00,2005.08,2007.74,2001.7,2001.85,8964,12,0
2023-12-11 04:00:00,2001.84,2002.45,1994.42,1999.13,9039,12,0
2023-12-11 08:00:00,1999.13,2000.91,1991.68,1993.79,13215,12,0
2023-12-11 12:00:00,1993.8,1996.7,1990.25,1993.66,13855,12,0
2023-12-11 16:00:00,1993.92,1994.36,1976.11,1976.7,21092,12,0
2023-12-11 20:00:00,1976.7,1983.03,1975.84,1981.7,10070,12,0
2023-12-12 00:00:00,1981.99,1989.44,1981.76,1983.23,7282,12,0
2023-12-12 04:00:00,1983.23,1988.24,1981.96,1987.88,7441,12,0
2023-12-12 08:00:00,1987.87,1989.43,1982.86,1985.98,9760,12,0
2023-12-12 12:00:00,1985.98,1996.67,1982.84,1984.43,15241,12,0
2023-12-12 16:00:00,1984.44,1989.77,1977.21,1977.76,21141,12,0
2023-12-12 20:00:00,1977.75,1981.02,1977.51,1979.3,8775,12,0
2023-12-13 00:00:00,1980.55,1982.72,1979.78,1980.07,4419,12,0
2023-12-13 04:00:00,1980.07,1980.34,1977.18,1978.35,5329,12,0
2023-12-13 08:00:00,1978.35,1982.61,1972.61,1982.47,11973,12,0
2023-12-13 12:00:00,1982.45,1986.72,1979.64,1984.42,13093,12,0
2023-12-13 16:00:00,1984.42,1986.13,1978.4,1982.09,19471,12,0
2023-12-13 20:00:00,1982.09,2027.64,1979.65,2027.41,23074,12,0
2023-12-14 00:00:00,2025.0,2039.52,2024.24,2032.82,14252,12,0
2023-12-14 04:00:00,2032.84,2036.09,2029.71,2035.32,13833,12,0
2023-12-14 08:00:00,2035.34,2039.53,2029.67,2036.36,20133,12,0
2023-12-14 12:00:00,2036.35,2039.16,2027.47,2037.22,19403,12,0
2023-12-14 16:00:00,2037.24,2047.87,2034.65,2036.02,26389,12,0
2023-12-14 20:00:00,2036.03,2036.63,2029.06,2036.01,12580,12,0
2023-12-15 00:00:00,2036.17,2038.63,2031.3,2032.13,7902,12,0
2023-12-15 04:00:00,2032.09,2037.4,2031.82,2035.22,9579,12,0
2023-12-15 08:00:00,2035.09,2044.11,2034.26,2042.6,12703,12,0
2023-12-15 12:00:00,2042.6,2044.86,2026.92,2031.53,15491,12,0
2023-12-15 16:00:00,2031.54,2038.54,2031.3,2032.74,23463,12,0
2023-12-15 20:00:00,2032.71,2033.73,2015.56,2018.4,13508,12,0
2023-12-18 00:00:00,2020.02,2023.3,2015.92,2019.29,8148,12,0
2023-12-18 04:00:00,2019.25,2024.52,2018.97,2023.09,7361,12,0
2023-12-18 08:00:00,2023.08,2027.28,2021.48,2022.87,12648,12,0
2023-12-18 12:00:00,2022.77,2026.22,2018.75,2025.81,11998,12,0
2023-12-18 16:00:00,2025.68,2033.47,2020.28,2033.44,15555,12,0
2023-12-18 20:00:00,2033.55,2033.64,2024.96,2027.14,7548,12,0
2023-12-19 00:00:00,2027.54,2029.19,2025.57,2026.06,5542,12,0
2023-12-19 04:00:00,2026.06,2026.46,2022.09,2024.51,8722,12,0
2023-12-19 08:00:00,2024.55,2028.38,2022.92,2026.23,11298,12,0
2023-12-19 12:00:00,2026.29,2032.56,2024.24,2029.92,11826,12,0
2023-12-19 16:00:00,2029.93,2046.95,2028.9,2040.36,17511,12,0
2023-12-19 20:00:00,2040.4,2040.84,2036.72,2040.12,6946,12,0
2023-12-20 00:00:00,2039.75,2041.54,2037.21,2037.71,6182,12,0
2023-12-20 04:00:00,2037.61,2041.72,2036.27,2041.59,6258,12,0
2023-12-20 08:00:00,2041.6,2043.81,2039.87,2039.92,10631,12,0
2023-12-20 12:00:00,2039.9,2040.36,2029.12,2036.4,15594,12,0
2023-12-20 16:00:00,2036.31,2039.83,2030.37,2034.72,25480,12,0
2023-12-20 20:00:00,2034.73,2037.1,2027.47,2031.54,17419,12,0
2023-12-21 00:00:00,2031.93,2035.93,2031.5,2035.51,5709,12,0
2023-12-21 04:00:00,2035.37,2038.17,2034.85,2036.14,7528,12,0
2023-12-21 08:00:00,2036.19,2037.35,2033.93,2035.41,12343,12,0
2023-12-21 12:00:00,2035.41,2045.95,2032.1,2041.34,18014,12,0
2023-12-21 16:00:00,2041.34,2045.97,2036.67,2040.98,28728,12,0
2023-12-21 20:00:00,2040.99,2045.93,2037.39,2045.84,12654,12,0
2023-12-22 00:00:00,2048.77,2054.95,2046.79,2048.3,8360,12,0
2023-12-22 04:00:00,2048.29,2051.6,2047.53,2048.4,11131,12,0
2023-12-22 08:00:00,2048.4,2054.56,2046.78,2053.48,15142,12,0
2023-12-22 12:00:00,2053.48,2069.26,2053.44,2067.15,22047,15,0
2023-12-22 16:00:00,2067.17,2070.57,2051.15,2055.51,28961,15,0
2023-12-22 20:00:00,2055.48,2058.07,2051.74,2053.0,12502,17,0
2023-12-26 00:00:00,2053.58,2064.0,2053.44,2063.37,5689,17,0
2023-12-26 04:00:00,2063.37,2065.13,2061.34,2062.71,7555,17,0
2023-12-26 08:00:00,2062.72,2065.01,2060.59,2061.89,7160,17,0
2023-12-26 12:00:00,2061.88,2064.12,2058.81,2058.86,8659,17,0
2023-12-26 16:00:00,2058.78,2061.93,2054.48,2057.72,14410,17,0
2023-12-26 20:00:00,2057.74,2069.06,2057.33,2067.61,8994,17,0
2023-12-27 00:00:00,2068.36,2068.56,2063.89,2067.1,6267,17,0
2023-12-27 04:00:00,2067.1,2067.61,2064.08,2064.66,6640,17,0
2023-12-27 08:00:00,2064.65,2069.24,2064.39,2068.31,10480,17,0
2023-12-27 12:00:00,2068.34,2070.27,2061.44,2068.35,15809,17,0
2023-12-27 16:00:00,2068.3,2082.47,2066.66,2081.89,22666,17,0
2023-12-27 20:00:00,2081.83,2084.41,2075.93,2077.0,12078,17,0
2023-12-28 00:00:00,2078.18,2088.13,2077.39,2087.39,6869,17,0
2023-12-28 04:00:00,2087.4,2088.83,2085.22,2086.32,9921,17,0
2023-12-28 08:00:00,2086.33,2087.34,2072.32,2076.5,17023,17,0
2023-12-28 12:00:00,2076.51,2079.03,2071.33,2072.93,16512,17,0
2023-12-28 16:00:00,2072.94,2081.13,2072.05,2074.8,21977,17,0
2023-12-28 20:00:00,2074.8,2075.45,2064.6,2065.19,11853,17,0
2023-12-29 00:00:00,2066.4,2071.77,2065.69,2071.13,7343,17,0
2023-12-29 04:00:00,2071.13,2072.75,2067.17,2072.69,8565,17,0
2023-12-29 08:00:00,2072.7,2075.3,2065.43,2065.55,13417,17,0
2023-12-29 12:00:00,2065.57,2068.86,2058.24,2059.19,17335,17,0
2023-12-29 16:00:00,2059.19,2068.07,2058.48,2066.49,24905,17,0
2023-12-29 20:00:00,2066.53,2067.79,2061.11,2062.65,12324,17,0
2024-01-02 00:00:00,2064.14,2069.48,2061.86,2066.15,7316,17,0
2024-01-02 04:00:00,2066.15,2074.43,2063.56,2074.04,8931,17,0
2024-01-02 08:00:00,2074.12,2078.35,2071.34,2076.56,15561,17,0
2024-01-02 12:00:00,2076.56,2077.25,2064.67,2065.89,20728,17,0
2024-01-02 16:00:00,2066.0,2070.67,2055.65,2062.67,28001,17,0
2024-01-02 20:00:00,2062.76,2064.94,2057.96,2058.88,9617,17,0
2024-01-03 00:00:00,2058.97,2062.54,2058.55,2062.01,6445,17,0
2024-01-03 04:00:00,2062.0,2066.46,2061.17,2064.54,8078,17,0
2024-01-03 08:00:00,2064.53,2065.87,2054.28,2056.76,16120,17,0
2024-01-03 12:00:00,2056.76,2057.07,2038.71,2041.0,22714,17,0
2024-01-03 16:00:00,2041.01,2048.76,2030.57,2033.34,32325,17,0
2024-01-03 20:00:00,2033.35,2042.29,2030.62,2041.15,18938,17,0
2024-01-04 00:00:00,2042.01,2043.86,2040.54,2042.65,6863,17,0
2024-01-04 04:00:00,2042.65,2047.32,2041.95,2043.32,9606,17,0
2024-01-04 08:00:00,2043.33,2050.4,2043.21,2047.57,17435,17,0
2024-01-04 12:00:00,2047.61,2050.61,2038.86,2040.19,20423,17,0
2024-01-04 16:00:00,2040.21,2047.72,2036.2,2043.24,26214,17,0
2024-01-04 20:00:00,2043.25,2044.88,2041.55,2043.26,9869,17,0
2024-01-05 00:00:00,2043.42,2048.29,2042.76,2046.58,7445,17,0
2024-01-05 04:00:00,2046.59,2048.3,2042.71,2044.04,8249,17,0
2024-01-05 08:00:00,2044.06,2046.56,2038.45,2038.84,15547,17,0
2024-01-05 12:00:00,2038.9,2041.81,2024.45,2040.09,19828,17,0
2024-01-05 16:00:00,2040.03,2063.95,2038.74,2041.97,39064,17,0
2024-01-05 20:00:00,2041.98,2050.34,2040.5,2045.04,15652,17,0
2024-01-08 00:00:00,2044.72,2046.6,2042.9,2043.75,6783,17,0
2024-01-08 04:00:00,2043.71,2043.78,2026.97,2030.36,11832,17,0
2024-01-08 08:00:00,2030.2,2032.89,2026.06,2028.47,19351,17,0
2024-01-08 12:00:00,2028.49,2028.88,2016.13,2018.77,22500,17,0
2024-01-08 16:00:00,2018.7,2036.65,2018.32,2027.47,28174,17,0
2024-01-08 20:00:00,2027.4,2029.64,2026.0,2027.86,10627,17,0
2024-01-09 00:00:00,2028.12,2035.59,2027.94,2032.2,7793,17,0
2024-01-09 04:00:00,2032.19,2035.87,2030.32,2032.77,9661,17,0
2024-01-09 08:00:00,2032.7,2038.2,2031.16,2035.44,17852,17,0
2024-01-09 12:00:00,2035.43,2041.91,2031.63,2038.65,19306,17,0
2024-01-09 16:00:00,2038.61,2040.09,2026.06,2027.66,28019,17,0
2024-01-09 20:00:00,2027.61,2031.12,2026.72,2029.82,11305,17,0
2024-01-10 00:00:00,2030.51,2032.48,2027.23,2031.77,7105,17,0
2024-01-10 04:00:00,2031.76,2032.83,2025.5,2026.64,9372,17,0
2024-01-10 08:00:00,2026.64,2036.26,2023.85,2035.83,17950,17,0
2024-01-10 12:00:00,2035.84,2040.3,2030.18,2030.39,18635,17,0
2024-01-10 16:00:00,2030.42,2033.63,2022.36,2024.19,26676,17,0
2024-01-10 20:00:00,2024.15,2025.16,2020.59,2024.32,13442,17,0
2024-01-11 00:00:00,2024.21,2030.48,2024.21,2029.87,6179,17,0
2024-01-11 04:00:00,2029.86,2034.77,2028.89,2033.11,8622,17,0
2024-01-11 08:00:00,2033.12,2035.84,2030.35,2031.45,14181,17,0
2024-01-11 12:00:00,2031.45,2043.97,2025.28,2029.45,20750,17,0
2024-01-11 16:00:00,2029.5,2035.01,2013.44,2014.5,39751,17,0
2024-01-11 20:00:00,2014.48,2029.74,2013.98,2028.84,17698,17,0
2024-01-12 00:00:00,2029.17,2035.62,2028.79,2034.0,9327,17,0
2024-01-12 04:00:00,2034.01,2037.28,2033.02,2036.21,8702,17,0
2024-01-12 08:00:00,2036.16,2040.23,2034.3,2038.24,15814,17,0
2024-01-12 12:00:00,2038.27,2056.75,2038.18,2056.31,25692,17,0
2024-01-12 16:00:00,2056.31,2062.39,2041.62,2044.05,35595,17,0
2024-01-12 20:00:00,2044.09,2049.3,2043.11,2048.86,13191,17,0
2024-01-15 00:00:00,2048.77,2051.37,2045.79,2051.04,8505,17,0
2024-01-15 04:00:00,2051.04,2058.06,2049.86,2055.11,10490,17,0
2024-01-15 08:00:00,2055.14,2058.59,2052.9,2055.01,14161,17,0
2024-01-15 12:00:00,2055.0,2055.12,2051.39,2054.25,12387,17,0
2024-01-15 16:00:00,2054.25,2056.3,2049.2,2055.34,13148,17,0
2024-01-15 20:00:00,2055.31,2055.4,2053.63,2054.6,792,17,0
2024-01-16 00:00:00,2055.17,2055.53,2049.91,2050.84,8236,17,0
2024-01-16 04:00:00,2050.79,2051.59,2047.55,2048.6,10064,17,0
2024-01-16 08:00:00,2048.6,2050.91,2038.6,2041.23,19682,17,0
2024-01-16 12:00:00,2041.23,2045.07,2031.3,2037.97,24534,17,0
2024-01-16 16:00:00,2037.99,2042.89,2025.26,2025.61,35081,17,0
2024-01-16 20:00:00,2025.62,2030.13,2024.54,2028.38,13845,19,0
2024-01-17 00:00:00,2028.0,2030.77,2025.61,2030.25,8141,19,0
2024-01-17 04:00:00,2030.24,2032.94,2019.37,2020.65,13191,19,0
2024-01-17 08:00:00,2020.65,2026.57,2017.58,2023.87,19625,19,0
2024-01-17 12:00:00,2023.85,2029.02,2019.01,2022.45,23481,19,0
2024-01-17 16:00:00,2022.4,2023.11,2003.43,2007.03,31826,19,0
2024-01-17 20:00:00,2007.07,2007.22,2001.8,2006.12,14098,19,0
2024-01-18 00:00:00,2006.54,2012.09,2006.3,2011.69,7738,19,0
2024-01-18 04:00:00,2011.61,2011.86,2005.77,2009.22,10178,19,0
2024-01-18 08:00:00,2009.21,2014.08,2008.16,2010.15,16611,19,0
2024-01-18 12:00:00,2010.14,2017.22,2007.64,2009.09,19735,19,0
2024-01-18 16:00:00,2009.08,2017.72,2009.07,2016.37,28087,19,0
2024-01-18 20:00:00,2016.39,2023.27,2015.52,2023.0,12749,19,0
2024-01-19 00:00:00,2023.15,2025.51,2021.16,2024.01,8381,19,0
2024-01-19 04:00:00,2024.02,2024.63,2019.97,2021.25,7717,19,0
2024-01-19 08:00:00,2021.21,2030.81,2020.43,2029.76,15009,19,0
2024-01-19 12:00:00,2029.76,2039.33,2028.79,2035.28,16823,19,0
2024-01-19 16:00:00,2035.29,2035.68,2023.05,2029.06,27529,19,0
2024-01-19 20:00:00,2029.06,2029.92,2026.42,2029.3,10315,19,0
2024-01-22 00:00:00,2028.49,2031.69,2024.99,2028.63,7659,19,0
2024-01-22 04:00:00,2028.72,2030.32,2021.81,2023.16,9363,19,0
2024-01-22 08:00:00,2023.18,2026.24,2019.12,2021.65,16994,19,0
2024-01-22 12:00:00,2021.59,2030.08,2021.03,2023.15,19005,19,0
2024-01-22 16:00:00,2023.13,2026.54,2016.51,2021.53,23069,19,0
2024-01-22 20:00:00,2021.53,2021.85,2019.1,2021.52,8917,19,0
2024-01-23 00:00:00,2021.4,2023.07,2019.53,2021.63,5475,19,0
2024-01-23 04:00:00,2021.62,2031.62,2020.69,2030.77,11313,19,0
2024-01-23 08:00:00,2030.76,2037.75,2027.03,2028.69,18551,19,0
2024-01-23 12:00:00,2028.66,2030.28,2022.41,2024.93,16874,19,0
2024-01-23 16:00:00,2024.9,2027.71,2021.35,2024.24,23142,19,0
2024-01-23 20:00:00,2024.24,2030.65,2022.94,2028.98,10354,19,0
2024-01-24 00:00:00,2028.8,2029.57,2026.39,2027.19,5958,19,0
2024-01-24 04:00:00,2027.19,2027.5,2022.47,2024.01,7352,19,0
2024-01-24 08:00:00,2024.01,2034.08,2023.2,2030.84,16708,19,0
2024-01-24 12:00:00,2030.82,2036.88,2029.31,2034.08,18764,19,0
2024-01-24 16:00:00,2034.08,2034.83,2011.88,2019.23,29914,19,0
2024-01-24 20:00:00,2019.22,2019.79,2011.19,2014.03,12927,19,0
2024-01-25 00:00:00,2014.78,2017.6,2014.46,2016.3,7753,20,0
2024-01-25 04:00:00,2016.3,2016.93,2014.25,2015.05,7222,19,0
2024-01-25 08:00:00,2015.07,2018.35,2012.18,2018.31,13643,19,0
2024-01-25 12:00:00,2018.3,2023.49,2010.13,2019.6,17827,19,0
2024-01-25 16:00:00,2019.64,2025.44,2012.49,2014.91,28173,19,0
2024-01-25 20:00:00,2014.93,2020.7,2013.38,2020.67,10939,20,0
2024-01-26 00:00:00,2019.92,2024.58,2019.3,2022.29,6548,19,0
2024-01-26 04:00:00,2022.27,2024.31,2021.41,2023.45,5909,20,0
2024-01-26 08:00:00,2023.47,2023.85,2018.77,2021.39,12194,19,0
2024-01-26 12:00:00,2021.41,2026.79,2018.75,2024.62,16121,19,0
2024-01-26 16:00:00,2024.62,2026.04,2015.89,2016.61,21518,19,0
2024-01-26 20:00:00,2016.53,2019.24,2016.02,2018.35,7602,19,0
2024-01-29 00:00:00,2026.06,2028.46,2019.26,2023.18,9573,19,0
2024-01-29 04:00:00,2023.23,2027.58,2021.48,2025.45,7436,19,0
2024-01-29 08:00:00,2025.43,2033.81,2024.82,2028.34,14290,19,0
2024-01-29 12:00:00,2028.34,2037.53,2025.46,2036.85,14611,13,0
2024-01-29 16:00:00,2036.82,2037.2,2020.52,2029.29,21690,13,0
2024-01-29 20:00:00,2029.3,2035.17,2025.08,2032.33,12103,13,0
2024-01-30 00:00:00,2032.63,2034.04,2029.24,2031.04,5326,13,0
2024-01-30 04:00:00,2030.89,2033.29,2029.78,2032.12,5822,14,0
2024-01-30 08:00:00,2032.12,2040.43,2032.06,2035.67,13710,13,0
2024-01-30 12:00:00,2035.74,2037.9,2031.41,2037.68,14724,14,0
2024-01-30 16:00:00,2037.72,2048.57,2029.02,2033.99,29068,13,0
2024-01-30 20:00:00,2033.91,2037.0,2031.47,2036.7,11060,18,0
2024-01-31 00:00:00,2036.89,2038.62,2034.47,2034.58,5467,18,0
2024-01-31 04:00:00,2034.55,2035.1,2032.81,2035.06,6628,18,0
2024-01-31 08:00:00,2035.12,2040.4,2033.59,2038.19,13159,17,0
2024-01-31 12:00:00,2038.23,2043.17,2035.97,2041.9,15779,17,0
2024-01-31 16:00:00,2041.89,2055.94,2040.71,2049.59,30350,17,0
2024-01-31 20:00:00,2049.59,2050.79,2030.9,2038.92,28762,17,0
2024-02-01 00:00:00,2040.11,2042.7,2039.17,2041.32,6121,17,0
2024-02-01 04:00:00,2041.31,2049.44,2041.18,2044.48,8945,17,0
2024-02-01 08:00:00,2044.47,2044.86,2038.93,2041.03,15118,18,0
2024-02-01 12:00:00,2041.07,2042.09,2030.03,2039.98,23722,17,0
2024-02-01 16:00:00,2040.01,2065.37,2039.96,2054.42,37787,17,0
2024-02-01 20:00:00,2054.4,2058.71,2052.13,2054.63,16815,17,0
2024-02-02 00:00:00,2054.86,2056.77,2052.86,2054.68,5481,18,0
2024-02-02 04:00:00,2054.7,2056.48,2051.94,2055.48,8133,17,0
2024-02-02 08:00:00,2055.45,2056.88,2052.65,2052.99,13788,17,0
2024-02-02 12:00:00,2052.99,2057.6,2029.56,2031.65,19444,17,0
2024-02-02 16:00:00,2031.66,2037.5,2027.82,2035.21,29659,17,0
2024-02-02 20:00:00,2035.21,2039.67,2034.41,2039.61,10619,17,0
2024-02-05 00:00:00,2039.67,2042.2,2033.54,2037.97,10349,17,0
2024-02-05 04:00:00,2038.0,2038.72,2028.88,2029.71,11419,18,0
2024-02-05 08:00:00,2029.65,2031.44,2020.62,2022.66,16957,17,0
2024-02-05 12:00:00,2022.65,2028.35,2014.96,2015.88,18733,17,0
2024-02-05 16:00:00,2015.98,2026.39,2014.87,2025.63,29079,17,0
2024-02-05 20:00:00,2025.64,2027.51,2023.98,2024.65,12033,17,0
2024-02-06 00:00:00,2024.91,2028.48,2023.66,2027.11,5319,17,0
2024-02-06 04:00:00,2027.09,2029.76,2023.42,2029.45,8524,18,0
2024-02-06 08:00:00,2029.46,2029.6,2022.88,2023.58,10664,18,0
2024-02-06 12:00:00,2023.57,2030.85,2022.92,2029.17,16526,17,0
2024-02-06 16:00:00,2029.23,2038.86,2026.86,2037.03,29632,17,0
2024-02-06 20:00:00,2036.95,2038.2,2033.8,2035.78,13326,18,0
2024-02-07 00:00:00,2035.55,2036.24,2034.21,2034.98,4169,17,0
2024-02-07 04:00:00,2035.0,2035.55,2033.19,2033.32,6535,18,0
2024-02-07 08:00:00,2033.25,2036.13,2031.19,2034.36,13023,17,0
2024-02-07 12:00:00,2034.34,2036.62,2030.58,2036.06,18369,18,0
2024-02-07 16:00:00,2036.08,2044.5,2032.64,2035.59,28654,17,0
2024-02-07 20:00:00,2035.83,2037.23,2033.67,2034.85,10355,17,0
2024-02-08 00:00:00,2034.34,2038.09,2034.34,2037.17,4552,18,0
2024-02-08 04:00:00,2037.1,2038.67,2031.16,2033.43,7481,18,0
2024-02-08 08:00:00,2033.53,2035.95,2028.87,2035.26,12572,17,0
2024-02-08 12:00:00,2035.42,2038.4,2020.91,2020.99,21749,17,0
2024-02-08 16:00:00,2021.02,2033.96,2020.11,2031.71,28105,17,0
2024-02-08 20:00:00,2031.68,2035.29,2031.1,2034.05,12497,17,0
2024-02-09 00:00:00,2034.79,2034.97,2031.92,2034.17,3998,18,0
2024-02-09 04:00:00,2034.17,2035.07,2032.14,2032.78,4720,18,0
2024-02-09 08:00:00,2032.84,2034.89,2030.45,2031.52,12286,18,0
2024-02-09 12:00:00,2031.51,2037.07,2025.59,2027.16,19123,17,0
2024-02-09 16:00:00,2027.03,2030.52,2020.27,2024.64,26143,17,0
2024-02-09 20:00:00,2024.61,2026.28,2022.75,2023.93,9224,18,0
2024-02-12 00:00:00,2024.83,2026.77,2023.44,2023.5,3571,18,0
2024-02-12 04:00:00,2023.5,2024.09,2021.79,2023.77,3654,18,0
2024-02-12 08:00:00,2023.72,2027.21,2020.37,2020.73,10542,17,0
2024-02-12 12:00:00,2020.72,2027.51,2018.5,2019.05,15692,17,0
2024-02-12 16:00:00,2019.05,2020.31,2011.85,2019.4,23821,17,0
2024-02-12 20:00:00,2019.31,2021.54,2017.75,2019.87,10243,18,0
2024-02-13 00:00:00,2019.34,2021.15,2018.21,2020.19,3084,18,0
2024-02-13 04:00:00,2020.24,2021.57,2016.8,2020.69,4109,18,0
2024-02-13 08:00:00,2020.73,2026.85,2020.64,2026.65,11401,18,0
2024-02-13 12:00:00,2026.64,2032.47,2002.94,2004.33,19151,17,0
2024-02-13 16:00:00,2004.32,2005.83,1990.09,1993.67,30715,17,0
2024-02-13 20:00:00,1993.7,1995.73,1991.21,1993.02,10230,18,0
2024-02-14 00:00:00,1993.17,1993.23,1988.79,1992.81,5053,18,0
2024-02-14 04:00:00,1992.75,1993.55,1991.08,1992.88,4953,18,0
2024-02-14 08:00:00,1992.88,1992.97,1986.03,1991.22,13575,17,0
2024-02-14 12:00:00,1991.21,1993.34,1988.65,1989.12,16260,17,0
2024-02-14 16:00:00,1989.11,1995.2,1984.19,1994.3,27739,17,0
2024-02-14 20:00:00,1994.36,1996.07,1989.58,1992.0,10260,17,0
2024-02-15 00:00:00,1991.13,1994.71,1990.25,1992.51,4543,17,0
2024-02-15 04:00:00,1992.45,1993.48,1990.14,1991.86,4459,18,0
2024-02-15 08:00:00,1991.92,1996.3,1991.31,1995.93,10973,17,0
2024-02-15 12:00:00,1995.9,2004.12,1995.28,2003.75,16754,17,0
2024-02-15 16:00:00,2003.74,2008.22,1998.41,2003.65,28413,17,0
2024-02-15 20:00:00,2003.64,2006.4,2002.73,2004.14,11333,17,0
2024-02-16 00:00:00,2004.33,2005.59,2002.34,2005.47,3884,18,0
2024-02-16 04:00:00,2005.47,2005.58,2003.18,2004.4,5240,18,0
2024-02-16 08:00:00,2004.41,2006.41,2002.66,2004.99,10462,17,0
2024-02-16 12:00:00,2005.01,2008.05,1995.06,2001.44,15713,17,0
2024-02-16 16:00:00,2001.42,2014.36,1995.32,2013.26,29883,17,0
2024-02-16 20:00:00,2013.27,2015.11,2011.03,2013.56,11605,17,0
2024-02-19 00:00:00,2014.94,2020.65,2007.41,2019.76,8357,17,0
2024-02-19 04:00:00,2019.73,2022.8,2018.21,2020.71,6719,17,0
2024-02-19 08:00:00,2020.73,2022.89,2019.07,2020.15,10946,17,0
2024-02-19 12:00:00,2020.13,2020.53,2015.95,2016.79,11368,17,0
2024-02-19 16:00:00,2016.81,2018.46,2013.23,2017.31,11268,17,0
2024-02-19 20:00:00,2017.31,2018.4,2016.85,2017.83,754,18,0
2024-02-20 00:00:00,2017.36,2019.18,2014.96,2016.95,6185,17,0
2024-02-20 04:00:00,2016.93,2019.67,2016.76,2018.46,6655,17,0
2024-02-20 08:00:00,2018.43,2025.11,2017.71,2024.02,15004,17,0
2024-02-20 12:00:00,2024.02,2030.78,2023.49,2030.01,19798,17,0
2024-02-20 16:00:00,2030.04,2030.86,2025.67,2028.78,18138,17,0
2024-02-20 20:00:00,2028.77,2028.98,2023.64,2024.31,6189,17,0
2024-02-21 00:00:00,2024.11,2026.12,2022.99,2025.4,5482,17,0
2024-02-21 04:00:00,2025.42,2032.26,2025.41,2030.98,7993,17,0
2024-02-21 08:00:00,2031.03,2031.27,2025.92,2028.07,12843,17,0
2024-02-21 12:00:00,2028.06,2031.31,2027.34,2028.5,15706,17,0
2024-02-21 16:00:00,2028.5,2030.27,2021.45,2024.19,23356,17,0
2024-02-21 20:00:00,2024.19,2026.96,2019.99,2025.78,16354,17,0
2024-02-22 00:00:00,2025.84,2028.51,2024.96,2027.0,5351,17,0
2024-02-22 04:00:00,2027.0,2029.96,2025.5,2028.4,6952,17,0
2024-02-22 08:00:00,2028.34,2034.82,2028.33,2030.54,14917,17,0
2024-02-22 12:00:00,2030.62,2031.47,2023.31,2025.97,17024,17,0
2024-02-22 16:00:00,2025.93,2027.0,2019.71,2022.95,25696,17,0
2024-02-22 20:00:00,2022.96,2025.02,2019.65,2024.59,10682,17,0
2024-02-23 00:00:00,2024.21,2027.18,2022.7,2026.8,5200,17,0
2024-02-23 04:00:00,2026.83,2027.34,2022.12,2022.39,4812,17,0
2024-02-23 08:00:00,2022.38,2022.62,2016.04,2016.83,12173,17,0
2024-02-23 12:00:00,2016.85,2029.2,2016.64,2025.34,18072,17,0
2024-02-23 16:00:00,2025.31,2039.79,2024.12,2037.88,26561,17,0
2024-02-23 20:00:00,2037.87,2041.29,2035.08,2035.78,10674,17,0
2024-02-26 00:00:00,2033.06,2034.84,2029.86,2031.23,5675,17,0
2024-02-26 04:00:00,2031.22,2034.2,2030.57,2032.93,5823,17,0
2024-02-26 08:00:00,2032.93,2036.95,2031.83,2033.1,11577,17,0
2024-02-26 12:00:00,2033.07,2035.42,2030.71,2032.6,14085,17,0
2024-02-26 16:00:00,2032.63,2032.86,2025.03,2028.67,20214,17,0
2024-02-26 20:00:00,2028.66,2033.6,2028.11,2031.25,9021,17,0
2024-02-27 00:00:00,2031.36,2033.73,2030.62,2033.52,4264,17,0
2024-02-27 04:00:00,2033.64,2034.54,2032.27,2033.59,5106,17,0
2024-02-27 08:00:00,2033.59,2039.39,2033.23,2036.97,10795,17,0
2024-02-27 12:00:00,2037.05,2038.82,2035.05,2035.96,14651,17,0
2024-02-27 16:00:00,2035.95,2038.09,2030.52,2033.03,21324,17,0
2024-02-27 20:00:00,2033.04,2036.07,2028.71,2030.39,9439,17,0
2024-02-28 00:00:00,2030.27,2033.67,2029.06,2033.4,4595,17,0
2024-02-28 04:00:00,2033.4,2033.58,2029.74,2030.88,6468,17,0
2024-02-28 08:00:00,2030.88,2032.01,2025.34,2025.39,11400,17,0
2024-02-28 12:00:00,2025.36,2035.18,2024.95,2034.88,16542,17,0
2024-02-28 16:00:00,2034.87,2036.94,2029.52,2032.87,21415,17,0
2024-02-28 20:00:00,2032.88,2034.32,2029.91,2033.34,8202,17,0
2024-02-29 00:00:00,2033.91,2035.63,2032.96,2035.51,3994,17,0
2024-02-29 04:00:00,2035.52,2036.13,2033.43,2034.67,5828,17,0
2024-02-29 08:00:00,2034.67,2036.88,2033.08,2033.63,10755,17,0
2024-02-29 12:00:00,2033.62,2047.79,2027.13,2046.75,18449,17,0
2024-02-29 16:00:00,2046.76,2050.71,2043.26,2045.64,25512,17,0
2024-02-29 20:00:00,2045.65,2046.84,2042.82,2043.97,10549,17,0
2024-03-01 00:00:00,2043.91,2044.67,2042.8,2044.3,4491,17,0
2024-03-01 04:00:00,2044.29,2046.79,2043.38,2045.01,4519,17,0
2024-03-01 08:00:00,2045.02,2048.77,2038.99,2046.37,13693,17,0
2024-03-01 12:00:00,2046.37,2057.4,2045.86,2051.6,20400,17,0
2024-03-01 16:00:00,2051.57,2085.61,2045.6,2084.77,32521,17,0
2024-03-01 20:00:00,2084.77,2088.26,2082.2,2083.4,13682,17,0
2024-03-04 00:00:00,2082.64,2086.18,2079.42,2080.19,7419,17,0
2024-03-04 04:00:00,2080.18,2083.4,2079.8,2081.51,6070,17,0
2024-03-04 08:00:00,2081.51,2088.18,2081.01,2085.12,13021,17,0
2024-03-04 12:00:00,2085.12,2093.16,2081.13,2091.57,16149,17,0
2024-03-04 16:00:00,2091.63,2119.85,2090.36,2116.68,31942,17,0
2024-03-04 20:00:00,2116.67,2118.58,2113.81,2114.73,10818,17,0
2024-03-05 00:00:00,2114.86,2117.21,2110.83,2113.03,6506,17,0
2024-03-05 04:00:00,2113.02,2119.65,2111.66,2119.21,7693,17,0
2024-03-05 08:00:00,2119.21,2124.8,2113.95,2124.1,15832,17,0
2024-03-05 12:00:00,2124.1,2141.73,2120.68,2127.7,21941,17,0
2024-03-05 16:00:00,2127.7,2138.49,2122.66,2129.88,32279,17,0
2024-03-05 20:00:00,2129.87,2133.68,2127.04,2127.78,12737,17,0
2024-03-06 00:00:00,2127.47,2128.44,2125.04,2125.46,5987,17,0
2024-03-06 04:00:00,2125.46,2127.94,2123.65,2125.27,6796,17,0
2024-03-06 08:00:00,2125.27,2131.48,2124.28,2128.6,13417,17,0
2024-03-06 12:00:00,2128.6,2139.61,2124.64,2139.38,19277,17,0
2024-03-06 16:00:00,2139.37,2149.97,2132.25,2144.74,33103,17,0
2024-03-06 20:00:00,2144.74,2152.18,2139.45,2148.1,16144,17,0
2024-03-07 00:00:00,2148.31,2151.2,2144.19,2146.1,9103,17,0
2024-03-07 04:00:00,2146.16,2161.29,2145.59,2154.47,14068,17,0
2024-03-07 08:00:00,2154.39,2159.77,2151.59,2157.63,16698,17,0
2024-03-07 12:00:00,2157.64,2164.59,2153.23,2159.97,18325,17,0
2024-03-07 16:00:00,2159.98,2160.2,2148.7,2158.19,25101,17,0
2024-03-07 20:00:00,2158.27,2160.43,2156.38,2159.44,8536,17,0
2024-03-08 00:00:00,2159.71,2163.23,2157.52,2157.71,6590,17,0
2024-03-08 04:00:00,2157.71,2159.51,2154.28,2157.99,7412,17,0
2024-03-08 08:00:00,2158.07,2171.87,2156.72,2169.88,16196,17,0
2024-03-08 12:00:00,2169.91,2186.27,2157.79,2172.0,17453,17,0
2024-03-08 16:00:00,2171.99,2195.08,2164.66,2184.93,34580,23,0
2024-03-08 20:00:00,2184.93,2184.94,2168.27,2178.7,16437,23,0
2024-03-11 00:00:00,2180.86,2188.96,2177.13,2180.2,12384,23,0
2024-03-11 04:00:00,2180.23,2181.63,2176.82,2177.98,9177,23,0
2024-03-11 08:00:00,2178.08,2183.05,2175.96,2180.47,15362,23,0
2024-03-11 12:00:00,2180.48,2185.09,2174.82,2181.72,22390,23,0
2024-03-11 16:00:00,2181.72,2185.64,2175.66,2179.6,24103,23,0
2024-03-11 20:00:00,2179.67,2184.11,2177.15,2182.7,7288,23,0
2024-03-12 00:00:00,2182.09,2184.7,2179.95,2182.71,7819,23,0
2024-03-12 04:00:00,2182.71,2182.82,2174.15,2176.11,8381,23,0
2024-03-12 08:00:00,2176.15,2179.04,2173.65,2176.93,14487,23,0
2024-03-12 12:00:00,2176.91,2181.99,2156.13,2160.36,33122,23,0
2024-03-12 16:00:00,2160.4,2166.49,2152.6,2154.97,28968,23,0
2024-03-12 20:00:00,2154.95,2158.95,2150.54,2158.28,9092,23,0
2024-03-13 00:00:00,2158.63,2161.39,2155.74,2158.57,9968,23,0
2024-03-13 04:00:00,2158.57,2161.52,2157.21,2160.04,7853,23,0
2024-03-13 08:00:00,2160.04,2161.45,2157.49,2158.51,13826,23,0
2024-03-13 12:00:00,2158.54,2171.56,2158.07,2166.03,23645,23,0
2024-03-13 16:00:00,2166.03,2179.65,2163.53,2174.34,29696,23,0
2024-03-13 20:00:00,2174.33,2176.39,2171.57,2174.41,7627,23,0
2024-03-14 00:00:00,2174.67,2176.78,2173.03,2174.56,7488,23,0
2024-03-14 04:00:00,2174.55,2175.3,2168.46,2168.66,8553,23,0
2024-03-14 08:00:00,2168.66,2171.81,2167.25,2169.89,14049,23,0
2024-03-14 12:00:00,2169.93,2170.73,2158.54,2162.52,27050,23,0
2024-03-14 16:00:00,2162.44,2164.97,2152.73,2160.21,28510,23,0
2024-03-14 20:00:00,2160.21,2163.81,2160.21,2162.17,6035,23,0
2024-03-15 00:00:00,2162.16,2165.88,2160.56,2162.67,6322,23,0
2024-03-15 04:00:00,2162.65,2169.21,2161.59,2169.08,7822,23,0
2024-03-15 08:00:00,2169.12,2172.66,2165.25,2171.82,15729,23,0
2024-03-15 12:00:00,2171.85,2172.61,2156.49,2159.96,23013,23,0
2024-03-15 16:00:00,2159.95,2166.64,2155.18,2156.76,25491,23,0
2024-03-15 20:00:00,2156.77,2160.25,2155.42,2156.14,5626,23,0
2024-03-18 00:00:00,2152.6,2157.48,2150.12,2152.22,10473,23,0
2024-03-18 04:00:00,2152.28,2153.45,2146.0,2146.98,10432,23,0
2024-03-18 08:00:00,2147.0,2155.86,2146.7,2154.82,15030,23,0
2024-03-18 12:00:00,2154.88,2163.52,2154.59,2156.74,23413,23,0
2024-03-18 16:00:00,2156.73,2161.27,2154.52,2159.94,20827,23,0
2024-03-18 20:00:00,2159.85,2160.96,2159.12,2160.13,4848,23,0
2024-03-19 00:00:00,2160.25,2162.78,2158.53,2160.44,6895,23,0
2024-03-19 04:00:00,2160.44,2162.73,2157.02,2157.53,11187,23,0
2024-03-19 08:00:00,2157.58,2157.7,2147.11,2153.13,18884,23,0
2024-03-19 12:00:00,2153.15,2158.62,2150.46,2151.19,22905,23,0
2024-03-19 16:00:00,2151.23,2157.33,2148.37,2156.87,20462,23,0
2024-03-19 20:00:00,2156.85,2158.45,2155.5,2157.48,5490,23,0
2024-03-20 00:00:00,2157.75,2159.96,2155.19,2158.64,5681,23,0
2024-03-20 04:00:00,2158.65,2160.13,2156.54,2157.42,6903,23,0
2024-03-20 08:00:00,2157.42,2159.46,2153.11,2154.64,11626,23,0
2024-03-20 12:00:00,2154.62,2158.6,2149.57,2157.86,19025,23,0
2024-03-20 16:00:00,2157.87,2164.84,2154.61,2157.29,21334,23,0
2024-03-20 20:00:00,2156.78,2188.76,2156.29,2185.86,29361,23,0
2024-03-21 00:00:00,2187.39,2222.91,2186.7,2204.66,25744,23,0
2024-03-21 04:00:00,2204.62,2206.21,2201.59,2204.74,11229,23,0
2024-03-21 08:00:00,2204.67,2210.14,2196.8,2205.41,23974,23,0
2024-03-21 12:00:00,2205.39,2211.71,2191.29,2191.44,30069,23,0
2024-03-21 16:00:00,2191.48,2191.89,2166.34,2180.82,33231,23,0
2024-03-21 20:00:00,2180.94,2183.94,2180.29,2181.03,5937,23,0
2024-03-22 00:00:00,2181.17,2186.02,2172.6,2173.47,9893,23,0
2024-03-22 04:00:00,2173.47,2177.08,2171.75,2174.21,14991,23,0
2024-03-22 08:00:00,2174.24,2176.23,2162.53,2166.61,20634,23,0
2024-03-22 12:00:00,2166.61,2180.07,2165.17,2178.0,24840,23,0
2024-03-22 16:00:00,2178.05,2179.79,2156.98,2159.16,28697,23,0
2024-03-22 20:00:00,2159.12,2167.19,2158.74,2165.52,8380,23,0
2024-03-25 00:00:00,2165.37,2176.87,2163.94,2175.16,15602,23,0
2024-03-25 04:00:00,2175.12,2178.24,2167.91,2169.77,13316,23,0
2024-03-25 08:00:00,2169.79,2170.55,2163.63,2168.38,17460,23,0
2024-03-25 12:00:00,2168.38,2181.25,2167.59,2176.92,21599,23,0
2024-03-25 16:00:00,2176.88,2180.42,2174.19,2174.7,19784,23,0
2024-03-25 20:00:00,2174.7,2174.7,2170.67,2171.33,6079,23,0
2024-03-26 00:00:00,2171.76,2174.39,2167.54,2169.39,11021,23,0
2024-03-26 04:00:00,2169.32,2173.33,2169.25,2172.86,8857,23,0
2024-03-26 08:00:00,2172.86,2195.17,2169.58,2190.86,18105,23,0
2024-03-26 12:00:00,2190.81,2200.02,2178.39,2182.78,28064,23,0
2024-03-26 16:00:00,2182.72,2186.24,2171.63,2176.78,26538,23,0
2024-03-26 20:00:00,2176.78,2178.56,2174.64,2177.91,6485,23,0
2024-03-27 00:00:00,2177.97,2180.26,2173.47,2175.02,8397,23,0
2024-03-27 04:00:00,2175.02,2181.59,2174.69,2176.99,8440,23,0
2024-03-27 08:00:00,2176.97,2193.87,2176.52,2189.2,14852,23,0
2024-03-27 12:00:00,2189.2,2197.56,2183.52,2193.34,25597,23,0
2024-03-27 16:00:00,2193.33,2195.17,2188.34,2190.4,23942,23,0
2024-03-27 20:00:00,2190.41,2195.15,2189.04,2194.63,6677,23,0
2024-03-28 00:00:00,2191.11,2194.28,2187.3,2189.3,9871,23,0
2024-03-28 04:00:00,2189.33,2200.58,2189.01,2197.23,11355,23,0
2024-03-28 08:00:00,2197.24,2198.89,2190.8,2197.77,15862,23,0
2024-03-28 12:00:00,2197.78,2217.05,2197.12,2206.75,35768,12,0
2024-03-28 16:00:00,2206.73,2225.47,2204.35,2222.01,32237,16,0
2024-03-28 20:00:00,2222.02,2236.12,2217.98,2232.48,8928,16,0
2024-04-01 00:00:00,2240.62,2256.3,2234.4,2249.95,9198,31,0
2024-04-01 04:00:00,2249.89,2265.97,2249.89,2260.21,15096,31,0
2024-04-01 08:00:00,2260.21,2263.23,2255.74,2257.62,11725,25,0
2024-04-01 12:00:00,2257.15,2258.26,2243.5,2252.51,16556,26,0
2024-04-01 16:00:00,2252.5,2257.79,2228.43,2237.99,31221,31,0
2024-04-01 20:00:00,2238.0,2251.1,2234.66,2251.1,11682,31,0
2024-04-02 00:00:00,2250.0,2255.74,2247.71,2250.19,5930,31,0
2024-04-02 04:00:00,2250.09,2259.7,2246.61,2256.51,11746,31,0
2024-04-02 08:00:00,2256.47,2262.72,2252.12,2260.99,18556,31,0
2024-04-02 12:00:00,2261.0,2266.74,2253.3,2257.54,25173,31,0
2024-04-02 16:00:00,2257.49,2276.89,2250.65,2260.23,36363,31,0
2024-04-02 20:00:00,2260.24,2280.85,2259.43,2280.09,19712,31,0
2024-04-03 00:00:00,2280.67,2288.14,2277.66,2283.04,7561,31,0
2024-04-03 04:00:00,2283.13,2287.82,2276.6,2283.59,13309,31,0
2024-04-03 08:00:00,2283.6,2285.85,2267.61,2273.13,20459,31,0
2024-04-03 12:00:00,2273.1,2275.07,2265.36,2274.84,23916,31,0
2024-04-03 16:00:00,2274.86,2295.1,2271.6,2293.78,36711,31,0
2024-04-03 20:00:00,2293.75,2301.07,2288.82,2299.07,17276,31,0
2024-04-04 00:00:00,2298.64,2302.44,2296.14,2302.06,6878,31,0
2024-04-04 04:00:00,2302.15,2304.63,2297.38,2298.78,8806,31,0
2024-04-04 08:00:00,2298.72,2300.52,2290.92,2291.47,16871,31,0
2024-04-04 12:00:00,2291.49,2295.07,2282.84,2288.09,22787,31,0
2024-04-04 16:00:00,2288.2,2299.32,2284.52,2286.75,29586,31,0
2024-04-04 20:00:00,2286.74,2305.52,2279.71,2290.18,25263,31,0
2024-04-05 00:00:00,2290.64,2293.22,2282.7,2283.0,5937,31,0
2024-04-05 04:00:00,2282.95,2284.05,2267.66,2277.94,13348,31,0
2024-04-05 08:00:00,2277.88,2291.72,2276.51,2287.96,19404,31,0
2024-04-05 12:00:00,2287.98,2296.03,2280.06,2290.78,23779,31,0
2024-04-05 16:00:00,2290.82,2329.42,2286.92,2327.08,37923,31,0
2024-04-05 20:00:00,2327.24,2330.29,2320.65,2329.29,16690,31,0
2024-04-08 00:00:00,2322.39,2328.0,2303.72,2306.08,10078,31,0
2024-04-08 04:00:00,2306.06,2353.71,2302.81,2342.05,24833,31,0
2024-04-08 08:00:00,2342.06,2343.53,2331.71,2336.19,24976,31,0
2024-04-08 12:00:00,2336.17,2343.49,2322.6,2328.96,27122,31,0
2024-04-08 16:00:00,2329.04,2335.58,2318.66,2328.46,34980,31,0
2024-04-08 20:00:00,2328.52,2341.98,2327.52,2339.23,17865,31,0
2024-04-09 00:00:00,2337.56,2341.53,2336.99,2340.71,4076,31,0
2024-04-09 04:00:00,2340.68,2348.35,2337.67,2344.46,14615,31,0
2024-04-09 08:00:00,2344.52,2359.17,2343.51,2357.48,22227,31,0
2024-04-09 12:00:00,2357.62,2365.0,2345.25,2348.89,26595,16,0
2024-04-09 16:00:00,2348.83,2363.74,2337.75,2344.53,38354,31,0
2024-04-09 20:00:00,2344.55,2354.04,2341.47,2352.17,17388,31,0
2024-04-10 00:00:00,2351.97,2355.02,2349.92,2351.04,3817,31,0
2024-04-10 04:00:00,2351.07,2357.01,2344.18,2356.44,12634,31,0
2024-04-10 08:00:00,2356.44,2360.2,2352.32,2354.34,19581,31,0
2024-04-10 12:00:00,2354.32,2354.6,2327.42,2338.3,25654,31,0
2024-04-10 16:00:00,2338.32,2352.37,2319.43,2337.26,42388,31,0
2024-04-10 20:00:00,2337.26,2345.03,2325.63,2332.86,24074,31,0
2024-04-11 00:00:00,2332.44,2337.03,2332.38,2335.08,4465,31,0
2024-04-11 04:00:00,2335.0,2346.71,2333.93,2342.73,13896,31,0
2024-04-11 08:00:00,2342.8,2344.43,2325.74,2328.06,24051,31,0
2024-04-11 12:00:00,2328.33,2343.91,2327.97,2340.85,27503,31,0
2024-04-11 16:00:00,2340.8,2350.23,2331.82,2349.27,37188,31,0
2024-04-11 20:00:00,2349.3,2377.05,2347.55,2371.55,23205,31,0
2024-04-12 00:00:00,2370.73,2378.93,2370.41,2378.49,5651,31,0
2024-04-12 04:00:00,2378.59,2394.45,2378.54,2384.2,19950,31,0
2024-04-12 08:00:00,2384.11,2400.79,2383.41,2396.34,24088,31,0
2024-04-12 12:00:00,2396.36,2399.99,2389.88,2395.31,28191,31,0
2024-04-12 16:00:00,2395.35,2430.97,2360.13,2368.6,48175,31,0
2024-04-12 20:00:00,2368.72,2372.39,2333.27,2343.4,25083,31,0
2024-04-15 00:00:00,2361.79,2371.61,2346.83,2353.05,11084,31,0
2024-04-15 04:00:00,2353.11,2364.66,2348.27,2355.93,17829,31,0
2024-04-15 08:00:00,2355.83,2361.52,2344.71,2351.51,24294,31,0
2024-04-15 12:00:00,2351.56,2361.21,2346.28,2357.25,23025,31,0
2024-04-15 16:00:00,2357.3,2361.08,2324.32,2357.06,39484,31,0
2024-04-15 20:00:00,2357.12,2387.52,2354.03,2382.96,24470,31,0
2024-04-16 00:00:00,2380.36,2391.85,2380.01,2383.47,6585,31,0
2024-04-16 04:00:00,2383.39,2389.17,2379.16,2385.9,15712,31,0
2024-04-16 08:00:00,2385.94,2388.92,2362.95,2368.66,23779,31,0
2024-04-16 12:00:00,2368.65,2378.12,2366.77,2376.16,23954,31,0
2024-04-16 16:00:00,2376.32,2398.14,2363.5,2397.39,40649,31,0
2024-04-16 20:00:00,2397.44,2397.54,2378.24,2382.16,25358,31,0
2024-04-17 00:00:00,2382.73,2386.81,2380.57,2384.26,5296,31,0
2024-04-17 04:00:00,2384.26,2386.04,2379.66,2381.34,12501,31,0
2024-04-17 08:00:00,2381.32,2394.23,2371.97,2393.59,22156,31,0
2024-04-17 12:00:00,2393.59,2394.95,2378.89,2383.0,23079,31,0
2024-04-17 16:00:00,2382.94,2395.48,2361.05,2372.33,40069,31,0
2024-04-17 20:00:00,2372.36,2379.04,2354.29,2359.16,22207,31,0
2024-04-18 00:00:00,2362.54,2369.92,2362.43,2369.59,4338,31,0
2024-04-18 04:00:00,2369.56,2376.35,2363.95,2374.96,16226,31,0
2024-04-18 08:00:00,2375.07,2380.91,2373.62,2379.86,21262,31,0
2024-04-18 12:00:00,2379.85,2387.43,2377.21,2385.35,21905,31,0
2024-04-18 16:00:00,2385.41,2392.73,2369.55,2387.91,38491,31,0
2024-04-18 20:00:00,2387.99,2389.23,2376.73,2378.25,19077,31,0
2024-04-19 00:00:00,2378.22,2381.48,2373.75,2379.45,4566,31,0
2024-04-19 04:00:00,2379.49,2417.77,2378.84,2383.52,30101,31,0
2024-04-19 08:00:00,2383.53,2394.02,2378.1,2384.3,24687,31,0
2024-04-19 12:00:00,2384.32,2386.14,2372.84,2381.39,24006,31,0
2024-04-19 16:00:00,2381.32,2399.63,2372.97,2399.6,35437,31,0
2024-04-19 20:00:00,2399.62,2401.83,2386.51,2390.93,18978,31,0
2024-04-22 00:00:00,2386.61,2388.3,2380.38,2382.07,11063,31,0
2024-04-22 04:00:00,2382.07,2384.09,2361.82,2369.49,31730,31,0
2024-04-22 08:00:00,2369.5,2370.35,2351.42,2359.53,43410,31,0
2024-04-22 12:00:00,2359.53,2363.6,2332.93,2336.77,45898,31,0
2024-04-22 16:00:00,2336.82,2343.75,2328.87,2329.79,67491,31,0
2024-04-22 20:00:00,2329.79,2334.78,2324.45,2326.18,25523,31,0
2024-04-23 00:00:00,2328.6,2333.72,2326.81,2332.52,8628,31,0
2024-04-23 04:00:00,2332.51,2334.26,2295.28,2305.36,40781,31,0
2024-04-23 08:00:00,2305.36,2314.64,2298.79,2302.61,41746,31,0
2024-04-23 12:00:00,2302.62,2313.92,2291.12,2311.38,42964,31,0
2024-04-23 16:00:00,2311.39,2332.27,2308.95,2330.23,74163,31,0
2024-04-23 20:00:00,2330.27,2331.29,2321.21,2321.79,29704,31,0
2024-04-24 00:00:00,2321.52,2324.14,2320.57,2320.71,5556,31,0
2024-04-24 04:00:00,2320.71,2329.98,2315.7,2326.53,27188,31,0
2024-04-24 08:00:00,2326.52,2331.27,2316.03,2319.11,33357,31,0
2024-04-24 12:00:00,2319.1,2323.44,2311.71,2323.19,37589,31,0
2024-04-24 16:00:00,2323.18,2337.21,2315.9,2324.98,71101,31,0
2024-04-24 20:00:00,2325.02,2330.41,2313.53,2315.79,30125,31,0
2024-04-25 00:00:00,2315.77,2318.78,2315.13,2318.51,6090,31,0
2024-04-25 04:00:00,2318.55,2321.35,2304.34,2315.14,21332,31,0
2024-04-25 08:00:00,2315.19,2328.81,2314.29,2326.81,28764,31,0
2024-04-25 12:00:00,2326.79,2334.64,2323.17,2330.61,36989,31,0
2024-04-25 16:00:00,2330.65,2344.76,2312.73,2328.68,83057,31,0
2024-04-25 20:00:00,2328.7,2336.38,2326.18,2331.76,29704,31,0
2024-04-26 00:00:00,2331.35,2333.22,2328.74,2329.91,4760,31,0
2024-04-26 04:00:00,2329.91,2338.6,2326.32,2335.76,21053,31,0
2024-04-26 08:00:00,2335.76,2350.13,2333.87,2346.92,34107,31,0
2024-04-26 12:00:00,2346.93,2352.5,2340.57,2344.67,37506,31,0
2024-04-26 16:00:00,2344.73,2350.32,2328.65,2333.59,72605,31,0
2024-04-26 20:00:00,2333.54,2341.37,2332.61,2337.57,22442,31,0
2024-04-29 00:00:00,2335.35,2336.62,2330.48,2331.89,6006,31,0
2024-04-29 04:00:00,2331.87,2333.07,2319.77,2332.44,31325,31,0
2024-04-29 08:00:00,2332.44,2341.19,2327.41,2338.01,42217,31,0
2024-04-29 12:00:00,2338.04,2344.26,2328.22,2331.87,33146,31,0
2024-04-29 16:00:00,2331.84,2346.61,2325.52,2342.71,61158,31,0
2024-04-29 20:00:00,2342.79,2346.48,2332.95,2335.17,30061,31,0
2024-04-30 00:00:00,2334.32,2336.02,2331.58,2333.82,5749,31,0
2024-04-30 04:00:00,2333.74,2336.01,2324.82,2326.28,20719,31,0
2024-04-30 08:00:00,2326.28,2326.81,2310.64,2312.89,30524,31,0
2024-04-30 12:00:00,2312.83,2317.86,2304.27,2305.71,37428,31,0
2024-04-30 16:00:00,2305.7,2312.95,2293.16,2294.7,73418,31,0
2024-04-30 20:00:00,2294.69,2297.44,2284.97,2285.16,37002,31,0
2024-05-01 00:00:00,2286.37,2293.1,2285.52,2286.72,7014,31,0
2024-05-01 04:00:00,2286.72,2289.35,2281.46,2283.09,12882,31,0
2024-05-01 08:00:00,2283.09,2289.68,2282.42,2286.25,19682,31,0
2024-05-01 12:00:00,2286.26,2299.93,2285.69,2298.22,37035,27,0
2024-05-01 16:00:00,2298.21,2310.38,2295.16,2303.67,64057,31,0
2024-05-01 20:00:00,2303.65,2328.22,2292.2,2317.48,64488,31,0
2024-05-02 00:00:00,2318.57,2325.85,2317.03,2324.28,6668,31,0
2024-05-02 04:00:00,2324.25,2326.29,2317.18,2318.04,14605,31,0
2024-05-02 08:00:00,2318.04,2319.42,2302.93,2303.98,30921,31,0
2024-05-02 12:00:00,2303.98,2305.28,2293.45,2294.42,42408,31,0
2024-05-02 16:00:00,2294.43,2306.87,2285.44,2299.57,70577,26,0
2024-05-02 20:00:00,2299.55,2309.38,2299.22,2303.83,34579,26,0
2024-05-03 00:00:00,2303.67,2305.62,2299.59,2303.37,7932,26,0
2024-05-03 04:00:00,2303.38,2308.56,2299.31,2307.93,16662,26,0
2024-05-03 08:00:00,2307.94,2309.34,2297.69,2301.31,28621,26,0
2024-05-03 12:00:00,2301.3,2320.63,2293.39,2304.71,39311,26,0
2024-05-03 16:00:00,2304.7,2308.87,2277.13,2299.14,77253,26,0
2024-05-03 20:00:00,2299.17,2303.33,2295.93,2301.42,28154,26,0
2024-05-06 00:00:00,2302.85,2303.16,2291.71,2295.98,12784,26,0
2024-05-06 04:00:00,2295.98,2315.28,2295.94,2308.39,29425,26,0
2024-05-06 08:00:00,2308.39,2324.13,2307.92,2317.63,31431,26,0
2024-05-06 12:00:00,2317.66,2330.11,2314.21,2323.23,37204,26,0
2024-05-06 16:00:00,2323.24,2331.41,2317.85,2325.54,58263,26,0
2024-05-06 20:00:00,2325.57,2328.66,2320.95,2323.76,25343,26,0
2024-05-07 00:00:00,2324.03,2329.0,2322.15,2328.7,10569,26,0
2024-05-07 04:00:00,2328.7,2329.4,2319.06,2322.5,26463,26,0
2024-05-07 08:00:00,2322.5,2323.22,2311.63,2315.64,30515,26,0
2024-05-07 12:00:00,2315.61,2317.29,2309.95,2315.99,32714,26,0
2024-05-07 16:00:00,2315.96,2323.59,2312.34,2312.43,52434,26,0
2024-05-07 20:00:00,2312.42,2317.37,2310.99,2313.91,23624,26,0
2024-05-08 00:00:00,2313.4,2316.65,2313.4,2314.1,6305,26,0
2024-05-08 04:00:00,2314.11,2319.26,2306.86,2319.17,23708,26,0
2024-05-08 08:00:00,2319.17,2321.34,2302.93,2307.48,31928,26,0
2024-05-08 12:00:00,2307.48,2318.26,2307.18,2314.47,36436,26,0
2024-05-08 16:00:00,2314.48,2320.99,2306.77,2316.97,52771,26,0
2024-05-08 20:00:00,2316.98,2317.46,2307.77,2308.68,22199,26,0
2024-05-09 00:00:00,2307.93,2311.21,2307.84,2309.98,7138,26,0
2024-05-09 04:00:00,2309.98,2315.77,2308.09,2315.01,19503,26,0
2024-05-09 08:00:00,2315.01,2320.37,2306.82,2310.97,28970,26,0
2024-05-09 12:00:00,2310.96,2328.44,2306.67,2326.51,35552,26,0
2024-05-09 16:00:00,2326.51,2338.71,2312.07,2329.7,70562,26,0
2024-05-09 20:00:00,2329.7,2347.16,2329.21,2345.53,30829,26,0
2024-05-10 00:00:00,2345.52,2348.86,2345.15,2347.46,8043,26,0
2024-05-10 04:00:00,2347.48,2355.76,2347.3,2354.44,30814,26,0
2024-05-10 08:00:00,2354.43,2371.44,2354.23,2368.89,38680,26,0
2024-05-10 12:00:00,2368.91,2377.77,2361.73,2364.12,42580,26,0
2024-05-10 16:00:00,2364.1,2373.64,2356.53,2368.22,71413,26,0
2024-05-10 20:00:00,2368.24,2370.86,2359.64,2360.38,27096,26,0
2024-05-13 00:00:00,2360.57,2364.44,2359.64,2363.93,8917,26,0
2024-05-13 04:00:00,2363.92,2364.1,2353.62,2353.67,27678,26,0
2024-05-13 08:00:00,2353.62,2354.4,2342.24,2343.91,31583,26,0
2024-05-13 12:00:00,2343.92,2350.38,2338.46,2347.34,39528,26,0
2024-05-13 16:00:00,2347.34,2349.6,2332.1,2336.68,63532,26,0
2024-05-13 20:00:00,2336.68,2338.42,2334.38,2335.85,23626,26,0
2024-05-14 00:00:00,2336.15,2340.15,2335.38,2336.94,6378,26,0
2024-05-14 04:00:00,2336.92,2345.02,2336.89,2343.32,22117,26,0
2024-05-14 08:00:00,2343.31,2345.2,2336.67,2344.36,32756,26,0
2024-05-14 12:00:00,2344.35,2350.1,2336.35,2348.14,45885,26,0
2024-05-14 16:00:00,2348.19,2357.09,2344.88,2354.15,74675,26,0
2024-05-14 20:00:00,2354.14,2359.56,2351.89,2358.21,20955,26,0
2024-05-15 00:00:00,2357.1,2357.75,2354.85,2355.72,6056,26,0
2024-05-15 04:00:00,2355.72,2360.46,2354.81,2357.53,21992,26,0
2024-05-15 08:00:00,2357.54,2374.23,2356.05,2373.1,36771,26,0
2024-05-15 12:00:00,2373.11,2378.76,2354.69,2372.48,51554,26,0
2024-05-15 16:00:00,2372.47,2386.58,2351.77,2383.59,82599,26,0
2024-05-15 20:00:00,2383.62,2390.16,2383.49,2386.31,33518,26,0
2024-05-16 00:00:00,2385.0,2395.19,2384.83,2395.03,12490,26,0
2024-05-16 04:00:00,2395.03,2397.42,2386.08,2390.75,34249,26,0
2024-05-16 08:00:00,2390.75,2394.83,2384.5,2386.58,40835,26,0
2024-05-16 12:00:00,2386.6,2388.28,2377.66,2379.17,48272,26,0
2024-05-16 16:00:00,2379.19,2383.92,2371.08,2382.06,67822,26,0
2024-05-16 20:00:00,2382.08,2382.58,2375.84,2376.59,25196,26,0
2024-05-17 00:00:00,2377.19,2379.59,2377.16,2377.89,6820,26,0
2024-05-17 04:00:00,2377.91,2381.11,2373.88,2378.77,22199,26,0
2024-05-17 08:00:00,2378.79,2387.71,2378.47,2384.11,31793,26,0
2024-05-17 12:00:00,2384.1,2393.97,2381.62,2393.18,34109,26,0
2024-05-17 16:00:00,2393.19,2419.03,2393.19,2407.76,74631,26,0
2024-05-17 20:00:00,2407.77,2422.63,2405.64,2413.83,37075,26,0
2024-05-20 00:00:00,2418.95,2426.42,2416.43,2425.3,16292,26,0
2024-05-20 04:00:00,2425.31,2440.56,2425.31,2436.54,38047,26,0
2024-05-20 08:00:00,2436.55,2450.2,2432.6,2440.76,51767,26,0
2024-05-20 12:00:00,2440.79,2447.08,2407.2,2413.83,58808,26,0
2024-05-20 16:00:00,2413.7,2428.04,2410.33,2426.44,68764,26,0
2024-05-20 20:00:00,2426.45,2437.26,2423.18,2425.07,35817,26,0
2024-05-21 00:00:00,2427.17,2430.55,2424.29,2428.82,10039,26,0
2024-05-21 04:00:00,2428.79,2433.03,2406.19,2412.3,45365,26,0
2024-05-21 08:00:00,2412.3,2422.08,2408.52,2418.65,43020,26,0
2024-05-21 12:00:00,2418.66,2429.93,2412.1,2426.12,42465,26,0
2024-05-21 16:00:00,2426.12,2433.83,2417.85,2422.79,72380,26,0
2024-05-21 20:00:00,2422.82,2424.94,2417.29,2420.72,28608,26,0
2024-05-22 00:00:00,2420.62,2423.07,2420.31,2420.43,7235,26,0
2024-05-22 04:00:00,2420.47,2426.43,2412.06,2412.82,31489,26,0
2024-05-22 08:00:00,2412.82,2418.43,2410.53,2416.81,41547,26,0
2024-05-22 12:00:00,2416.95,2419.27,2404.72,2412.39,49631,26,0
2024-05-22 16:00:00,2412.35,2413.27,2382.17,2391.91,79371,26,0
2024-05-22 20:00:00,2391.89,2394.26,2374.87,2378.46,47382,26,0
2024-05-23 00:00:00,2379.66,2383.6,2377.99,2380.27,9152,26,0
2024-05-23 04:00:00,2380.27,2381.83,2366.62,2372.73,32746,26,0
2024-05-23 08:00:00,2372.73,2373.48,2354.39,2359.97,49840,26,0
2024-05-23 12:00:00,2359.99,2369.32,2358.39,2362.63,51652,26,0
2024-05-23 16:00:00,2362.61,2369.79,2339.97,2340.91,81218,26,0
2024-05-23 20:00:00,2340.91,2342.98,2326.89,2328.28,35171,26,0
2024-05-24 00:00:00,2328.33,2333.53,2328.03,2329.66,7666,26,0
2024-05-24 04:00:00,2329.58,2335.81,2325.98,2335.42,26770,26,0
2024-05-24 08:00:00,2335.42,2340.52,2333.74,2339.47,31406,26,0
2024-05-24 12:00:00,2339.48,2343.35,2334.98,2339.22,36918,26,0
2024-05-24 16:00:00,2339.24,2347.36,2332.3,2334.19,55886,26,0
2024-05-24 20:00:00,2334.2,2336.69,2331.74,2333.69,22231,26,0
2024-05-27 00:00:00,2334.8,2340.62,2332.18,2336.75,8096,26,0
2024-05-27 04:00:00,2336.75,2348.14,2335.2,2343.59,20522,26,0
2024-05-27 08:00:00,2343.55,2346.27,2338.7,2344.16,25193,26,0
2024-05-27 12:00:00,2344.16,2350.48,2341.82,2347.76,25372,26,0
2024-05-27 16:00:00,2347.78,2359.06,2345.24,2355.54,46890,26,0
2024-05-27 20:00:00,2355.53,2355.69,2353.99,2354.43,1247,26,0
2024-05-28 00:00:00,2351.59,2354.37,2351.59,2352.34,5550,26,0
2024-05-28 04:00:00,2352.34,2356.91,2349.74,2351.56,20574,26,0
2024-05-28 08:00:00,2351.57,2354.23,2339.79,2344.83,32895,26,0
2024-05-28 12:00:00,2344.82,2356.35,2342.22,2352.48,33506,26,0
2024-05-28 16:00:00,2352.47,2363.34,2347.85,2356.61,70118,26,0
2024-05-28 20:00:00,2356.62,2361.16,2352.72,2361.06,31183,26,0
2024-05-29 00:00:00,2362.05,2362.25,2357.32,2357.79,6698,26,0
2024-05-29 04:00:00,2357.79,2360.11,2353.66,2357.49,22583,26,0
2024-05-29 08:00:00,2357.51,2360.59,2344.8,2345.41,40538,26,0
2024-05-29 12:00:00,2345.42,2347.2,2334.5,2337.52,43465,26,0
2024-05-29 16:00:00,2337.68,2347.11,2335.84,2341.85,57424,26,0
2024-05-29 20:00:00,2341.84,2344.23,2335.8,2338.21,23869,26,0
2024-05-30 00:00:00,2337.81,2339.1,2333.57,2336.28,7853,26,0
2024-05-30 04:00:00,2336.3,2339.29,2328.42,2335.68,28643,26,0
2024-05-30 08:00:00,2335.68,2337.63,2321.9,2334.91,38969,26,0
2024-05-30 12:00:00,2334.93,2345.71,2330.51,2341.84,44681,26,0
2024-05-30 16:00:00,2341.69,2352.35,2340.27,2347.78,62204,26,0
2024-05-30 20:00:00,2347.77,2348.75,2339.82,2343.09,24562,26,0
2024-05-31 00:00:00,2344.02,2347.98,2341.91,2346.76,7704,26,0
2024-05-31 04:00:00,2346.76,2348.23,2337.51,2344.24,25974,26,0
2024-05-31 08:00:00,2344.23,2346.98,2340.26,2343.19,32806,26,0
2024-05-31 12:00:00,2343.15,2356.67,2340.91,2354.7,37113,26,0
2024-05-31 16:00:00,2354.69,2359.59,2327.63,2332.8,82307,26,0
2024-05-31 20:00:00,2332.82,2333.74,2320.49,2327.11,37206,26,0
2024-06-03 00:00:00,2328.45,2329.18,2323.3,2327.01,8313,26,0
2024-06-03 04:00:00,2327.01,2330.96,2319.3,2320.56,22682,26,0
2024-06-03 08:00:00,2320.56,2329.14,2315.15,2324.72,35673,21,0
2024-06-03 12:00:00,2324.72,2334.97,2324.07,2334.65,34878,26,0
2024-06-03 16:00:00,2334.64,2350.1,2329.08,2349.05,64528,26,0
2024-06-03 20:00:00,2349.06,2354.66,2344.65,2350.59,29080,26,0
2024-06-04 00:00:00,2351.54,2352.7,2349.7,2350.53,5848,26,0
2024-06-04 04:00:00,2350.53,2352.19,2343.01,2348.55,20563,26,0
2024-06-04 08:00:00,2348.54,2352.39,2331.52,2332.6,38260,26,0
2024-06-04 12:00:00,2332.62,2335.92,2324.7,2335.04,48521,26,0
2024-06-04 16:00:00,2335.06,2338.51,2315.52,2323.91,66428,26,0
2024-06-04 20:00:00,2323.83,2330.26,2323.66,2326.87,22594,26,0
2024-06-05 00:00:00,2327.14,2330.11,2327.14,2328.75,5628,26,0
2024-06-05 04:00:00,2328.76,2338.82,2326.5,2338.64,19546,26,0
2024-06-05 08:00:00,2338.65,2342.28,2327.3,2332.54,33031,26,0
2024-06-05 12:00:00,2332.55,2344.63,2329.43,2342.78,38241,26,0
2024-06-05 16:00:00,2342.6,2357.98,2334.72,2353.3,64894,26,0
2024-06-05 20:00:00,2353.29,2357.38,2352.35,2355.7,23337,26,0
2024-06-06 00:00:00,2356.91,2358.15,2355.21,2356.39,5244,26,0
2024-06-06 04:00:00,2356.34,2375.55,2356.26,2370.09,30147,26,0
2024-06-06 08:00:00,2370.08,2372.07,2359.73,2362.82,27049,26,0
2024-06-06 12:00:00,2362.84,2365.05,2355.16,2357.07,33605,26,0
2024-06-06 16:00:00,2357.11,2378.46,2352.67,2372.84,73663,26,0
2024-06-06 20:00:00,2372.87,2375.97,2368.88,2375.6,28886,26,0
2024-06-07 00:00:00,2376.49,2379.88,2375.49,2378.98,6075,26,0
2024-06-07 04:00:00,2379.0,2388.06,2370.03,2387.27,27568,26,0
2024-06-07 08:00:00,2387.27,2388.32,2343.12,2347.53,44211,26,0
2024-06-07 12:00:00,2347.53,2348.05,2313.3,2319.24,53074,26,0
2024-06-07 16:00:00,2319.22,2328.03,2303.02,2311.58,63579,26,0
2024-06-07 20:00:00,2311.58,2312.28,2286.68,2293.75,29486,26,0
2024-06-10 00:00:00,2292.77,2300.43,2289.21,2297.64,9254,26,0
2024-06-10 04:00:00,2297.61,2301.99,2292.04,2294.07,16239,26,0
2024-06-10 08:00:00,2294.08,2297.48,2287.69,2291.88,31361,26,0
2024-06-10 12:00:00,2291.88,2308.59,2291.09,2306.09,37721,26,0
2024-06-10 16:00:00,2306.08,2313.67,2300.31,2312.85,49843,26,0
2024-06-10 20:00:00,2312.85,2313.32,2308.43,2310.62,19489,26,0
2024-06-11 00:00:00,2312.09,2312.43,2308.7,2311.28,5154,26,0
2024-06-11 04:00:00,2311.29,2311.29,2299.28,2302.83,28728,26,0
2024-06-11 08:00:00,2302.83,2307.71,2296.95,2305.96,30575,26,0
2024-06-11 12:00:00,2305.95,2319.85,2301.48,2317.89,40153,26,0
2024-06-11 16:00:00,2317.9,2319.5,2305.85,2308.48,58048,26,0
2024-06-11 20:00:00,2308.5,2316.71,2307.77,2316.57,22114,26,0
2024-06-12 00:00:00,2316.35,2317.51,2313.38,2313.73,5830,26,0
2024-06-12 04:00:00,2313.73,2316.63,2310.65,2312.65,21830,26,0
2024-06-12 08:00:00,2312.65,2317.66,2310.73,2312.75,25788,26,0
2024-06-12 12:00:00,2312.68,2337.57,2311.5,2335.92,36725,26,0
2024-06-12 16:00:00,2335.88,2341.54,2320.01,2337.63,66556,26,0
2024-06-12 20:00:00,2337.64,2339.5,2315.78,2324.22,46791,26,0
2024-06-13 00:00:00,2323.86,2324.69,2317.47,2320.71,6853,26,0
2024-06-13 04:00:00,2320.71,2321.48,2308.07,2311.74,27984,26,0
2024-06-13 08:00:00,2311.74,2318.53,2308.95,2315.53,33273,26,0
2024-06-13 12:00:00,2315.53,2326.18,2303.9,2322.84,49662,26,0
2024-06-13 16:00:00,2322.76,2324.23,2295.08,2298.75,72463,26,0
2024-06-13 20:00:00,2298.73,2304.43,2298.5,2303.28,24891,26,0
2024-06-14 00:00:00,2302.47,2305.18,2301.03,2304.43,5219,26,0
2024-06-14 04:00:00,2304.43,2308.14,2302.56,2305.36,24332,26,0
2024-06-14 08:00:00,2305.37,2321.13,2305.01,2316.82,40850,26,0
2024-06-14 12:00:00,2316.83,2336.11,2314.71,2329.87,59059,26,0
2024-06-14 16:00:00,2329.82,2334.92,2323.58,2328.75,66338,26,0
2024-06-14 20:00:00,2328.77,2335.47,2328.39,2332.55,25359,26,0
2024-06-17 00:00:00,2331.56,2332.34,2325.14,2326.28,6976,26,0
2024-06-17 04:00:00,2326.3,2328.85,2321.45,2323.57,22722,26,0
2024-06-17 08:00:00,2323.58,2323.59,2315.37,2321.3,36806,26,0
2024-06-17 12:00:00,2321.27,2322.56,2316.74,2319.52,41248,26,0
2024-06-17 16:00:00,2319.54,2327.56,2309.87,2316.82,56968,26,0
2024-06-17 20:00:00,2316.84,2320.63,2313.2,2318.94,21986,26,0
2024-06-18 00:00:00,2319.5,2325.89,2319.06,2324.39,5872,26,0
2024-06-18 04:00:00,2324.43,2326.18,2319.77,2321.88,23027,26,0
2024-06-18 08:00:00,2321.87,2324.16,2309.91,2310.43,32632,26,0
2024-06-18 12:00:00,2310.43,2324.01,2305.81,2314.55,44013,26,0
2024-06-18 16:00:00,2314.57,2330.68,2313.21,2330.16,54879,26,0
2024-06-18 20:00:00,2330.16,2333.01,2327.34,2329.29,18783,26,0
2024-06-19 00:00:00,2329.52,2330.12,2327.25,2328.67,4293,26,0
2024-06-19 04:00:00,2328.68,2330.97,2325.69,2327.9,16404,26,0
2024-06-19 08:00:00,2327.9,2334.9,2326.77,2332.47,23054,24,0
2024-06-19 12:00:00,2332.47,2333.01,2325.38,2328.49,25926,26,0
2024-06-19 16:00:00,2328.5,2331.57,2323.87,2331.06,31966,26,0
2024-06-20 00:00:00,2329.61,2330.56,2327.82,2329.84,4666,26,0
2024-06-20 04:00:00,2329.85,2341.02,2329.85,2340.55,26445,26,0
2024-06-20 08:00:00,2340.6,2345.61,2332.58,2333.26,35163,26,0
2024-06-20 12:00:00,2333.25,2343.53,2331.54,2338.37,34532,26,0
2024-06-20 16:00:00,2338.52,2365.38,2336.59,2356.27,58549,26,0
2024-06-20 20:00:00,2356.28,2360.93,2354.55,2359.83,19881,26,0
2024-06-21 00:00:00,2359.93,2364.78,2358.04,2363.97,6791,26,0
2024-06-21 04:00:00,2363.97,2364.04,2357.06,2362.87,23155,26,0
2024-06-21 08:00:00,2362.85,2368.09,2355.03,2365.24,34643,26,0
2024-06-21 12:00:00,2365.25,2368.64,2360.33,2360.6,41298,26,0
2024-06-21 16:00:00,2360.59,2363.73,2323.25,2324.64,70915,26,0
2024-06-21 20:00:00,2324.61,2325.05,2316.67,2321.15,25173,26,0
2024-06-24 00:00:00,2318.65,2322.61,2317.61,2320.81,6606,26,0
2024-06-24 04:00:00,2320.83,2326.56,2318.89,2324.39,26174,26,0
2024-06-24 08:00:00,2324.4,2332.77,2321.34,2330.46,32205,26,0
2024-06-24 12:00:00,2330.46,2330.89,2320.79,2327.53,44387,26,0
2024-06-24 16:00:00,2327.55,2333.78,2325.83,2331.57,56744,26,0
2024-06-24 20:00:00,2331.59,2334.56,2330.51,2333.61,22386,26,0
2024-06-25 00:00:00,2333.45,2334.15,2328.24,2329.95,4479,26,0
2024-06-25 04:00:00,2329.95,2330.81,2322.64,2327.37,21788,26,0
2024-06-25 08:00:00,2327.39,2330.5,2322.85,2329.57,34260,26,0
2024-06-25 12:00:00,2329.58,2337.01,2323.98,2324.09,41058,26,0
2024-06-25 16:00:00,2324.11,2328.13,2315.43,2317.77,59179,26,0
2024-06-25 20:00:00,2317.76,2320.54,2316.73,2319.23,21261,26,0
2024-06-26 00:00:00,2318.89,2323.62,2317.5,2318.22,7082,26,0
2024-06-26 04:00:00,2318.21,2321.39,2310.35,2316.56,27761,26,0
2024-06-26 08:00:00,2316.55,2317.94,2309.4,2315.41,31868,26,0
2024-06-26 12:00:00,2315.46,2318.22,2304.16,2310.07,45754,26,0
2024-06-26 16:00:00,2309.99,2311.53,2293.59,2299.66,61848,26,0
2024-06-26 20:00:00,2299.66,2302.94,2296.9,2297.85,26488,26,0
2024-06-27 00:00:00,2297.84,2300.01,2296.68,2298.98,6132,26,0
2024-06-27 04:00:00,2298.98,2301.1,2296.78,2300.44,17752,26,0
2024-06-27 08:00:00,2300.42,2308.35,2296.46,2307.54,31483,26,0
2024-06-27 12:00:00,2307.54,2325.61,2307.27,2322.74,43186,26,0
2024-06-27 16:00:00,2322.75,2330.8,2319.44,2325.32,63518,26,0
2024-06-27 20:00:00,2325.34,2328.43,2322.37,2327.64,27795,26,0
2024-06-28 00:00:00,2327.0,2328.18,2321.88,2322.15,5222,26,0
2024-06-28 04:00:00,2322.15,2324.77,2318.33,2321.81,26443,26,0
2024-06-28 08:00:00,2321.8,2331.81,2321.56,2329.3,29130,26,0
2024-06-28 12:00:00,2329.3,2339.22,2327.81,2335.38,42956,26,0
2024-06-28 16:00:00,2335.36,2339.63,2322.79,2329.87,61968,26,0
2024-06-28 20:00:00,2329.88,2332.61,2322.84,2326.49,21993,24,0
2024-07-01 00:00:00,2325.19,2326.04,2322.14,2324.69,6997,26,0
2024-07-01 04:00:00,2324.69,2328.46,2321.37,2323.55,20634,23,0
2024-07-01 08:00:00,2323.55,2328.9,2318.48,2325.79,34739,24,0
2024-07-01 12:00:00,2325.78,2338.4,2325.4,2327.33,42642,26,0
2024-07-01 16:00:00,2327.31,2334.22,2319.19,2328.1,62393,26,0
2024-07-01 20:00:00,2328.09,2332.27,2326.67,2331.59,19772,21,0
2024-07-02 00:00:00,2329.55,2333.77,2329.37,2332.93,4736,25,0
2024-07-02 04:00:00,2332.94,2334.23,2324.82,2327.21,17829,26,0
2024-07-02 08:00:00,2327.22,2332.36,2323.26,2331.1,31084,26,0
2024-07-02 12:00:00,2331.09,2331.81,2319.0,2327.37,41577,23,0
2024-07-02 16:00:00,2327.36,2336.69,2320.88,2322.74,61643,26,0
2024-07-02 20:00:00,2322.72,2331.24,2322.0,2329.41,19195,18,0
2024-07-03 00:00:00,2329.14,2332.03,2329.14,2330.15,3633,13,0
2024-07-03 04:00:00,2330.14,2335.18,2326.81,2334.41,17042,13,0
2024-07-03 08:00:00,2334.4,2347.46,2331.88,2344.55,35567,26,0
2024-07-03 12:00:00,2344.6,2356.03,2342.05,2350.38,43200,13,0
2024-07-03 16:00:00,2350.41,2364.83,2347.55,2356.51,65630,26,0
2024-07-03 20:00:00,2356.54,2360.79,2353.63,2355.95,15708,23,0
2024-07-04 00:00:00,2356.13,2359.44,2355.89,2358.44,4625,26,0
2024-07-04 04:00:00,2358.44,2362.4,2357.12,2358.45,17417,18,0
2024-07-04 08:00:00,2358.45,2359.5,2350.35,2358.76,25748,23,0
2024-07-04 12:00:00,2358.76,2360.34,2355.64,2357.71,25304,26,0
2024-07-04 16:00:00,2357.71,2361.75,2355.46,2357.75,36859,19,0
2024-07-04 20:00:00,2357.74,2357.93,2357.15,2357.15,546,26,0
2024-07-05 00:00:00,2354.7,2358.92,2354.2,2358.79,6743,26,0
2024-07-05 04:00:00,2358.77,2364.59,2356.81,2363.87,21257,22,0
2024-07-05 08:00:00,2363.84,2368.0,2362.18,2366.36,30424,24,0
2024-07-05 12:00:00,2366.39,2376.03,2346.78,2372.04,38946,21,0
2024-07-05 16:00:00,2372.03,2388.29,2370.57,2386.46,68822,26,0
2024-07-05 20:00:00,2386.46,2392.83,2384.5,2391.24,27608,24,0
2024-07-08 00:00:00,2386.28,2390.0,2384.47,2386.53,7204,26,0
2024-07-08 04:00:00,2386.53,2391.05,2380.7,2384.89,23063,22,0
2024-07-08 08:00:00,2384.89,2386.72,2371.86,2372.7,37793,24,0
2024-07-08 12:00:00,2372.69,2377.42,2368.21,2372.7,37708,26,0
2024-07-08 16:00:00,2372.68,2379.47,2350.96,2358.6,64138,26,0
2024-07-08 20:00:00,2358.6,2359.75,2354.8,2358.51,19554,26,0
2024-07-09 00:00:00,2358.68,2363.6,2358.44,2361.75,5736,25,0
2024-07-09 04:00:00,2361.75,2368.69,2360.48,2367.27,23723,26,0
2024-07-09 08:00:00,2367.27,2368.28,2358.18,2361.59,30299,26,0
2024-07-09 12:00:00,2361.6,2365.55,2356.02,2360.1,35830,26,0
2024-07-09 16:00:00,2360.04,2371.39,2349.42,2357.41,69332,26,0
2024-07-09 20:00:00,2357.38,2365.53,2357.38,2363.59,23726,26,0
2024-07-10 00:00:00,2363.53,2366.32,2363.07,2364.53,4907,13,0
2024-07-10 04:00:00,2364.6,2370.11,2363.22,2367.65,20707,25,0
2024-07-10 08:00:00,2367.65,2374.86,2367.1,2372.72,28852,26,0
2024-07-10 12:00:00,2372.71,2381.78,2371.6,2377.73,27224,13,0
2024-07-10 16:00:00,2377.73,2386.59,2373.9,2377.77,47636,13,0
2024-07-10 20:00:00,2377.78,2378.46,2369.9,2371.09,15933,13,0
2024-07-11 00:00:00,2371.08,2374.25,2370.66,2374.03,3432,13,0
2024-07-11 04:00:00,2374.03,2382.4,2372.98,2381.89,16553,13,0
2024-07-11 08:00:00,2381.89,2384.08,2378.41,2381.35,25451,13,0
2024-07-11 12:00:00,2381.35,2409.66,2376.41,2406.21,37847,13,0
2024-07-11 16:00:00,2406.27,2424.48,2395.76,2411.59,79979,13,0
2024-07-11 20:00:00,2411.58,2418.56,2411.01,2414.75,16828,13,0
2024-07-12 00:00:00,2414.57,2416.24,2410.97,2411.85,10889,13,0
2024-07-12 04:00:00,2411.86,2414.15,2406.57,2408.5,19984,13,0
2024-07-12 08:00:00,2408.51,2410.06,2400.28,2407.33,30407,13,0
2024-07-12 12:00:00,2407.33,2408.21,2391.32,2397.85,37179,13,0
2024-07-12 16:00:00,2397.91,2416.83,2396.76,2415.83,58760,13,0
2024-07-12 20:00:00,2415.83,2418.15,2411.09,2411.25,13107,13,0
2024-07-15 00:00:00,2412.77,2414.88,2405.6,2408.35,8660,13,0
2024-07-15 04:00:00,2408.39,2413.33,2404.86,2411.44,17697,13,0
2024-07-15 08:00:00,2411.43,2413.96,2400.6,2412.36,31715,13,0
2024-07-15 12:00:00,2412.36,2420.82,2407.75,2414.85,40831,13,0
2024-07-15 16:00:00,2414.84,2439.7,2411.49,2430.16,66918,15,0
2024-07-15 20:00:00,2430.22,2430.26,2419.77,2422.15,26560,15,0
2024-07-16 00:00:00,2421.82,2422.81,2419.98,2421.18,5077,15,0
2024-07-16 04:00:00,2421.2,2431.43,2421.19,2429.29,24286,15,0
2024-07-16 08:00:00,2429.28,2439.4,2428.11,2437.39,36300,15,0
2024-07-16 12:00:00,2437.4,2444.29,2429.39,2432.61,47790,15,0
2024-07-16 16:00:00,2432.47,2465.22,2431.0,2459.14,74751,15,0
2024-07-16 20:00:00,2459.1,2469.61,2458.68,2468.73,21121,15,0
2024-07-17 00:00:00,2468.09,2472.56,2465.49,2467.91,8940,15,0
2024-07-17 04:00:00,2467.84,2482.36,2463.25,2468.24,38303,15,0
2024-07-17 08:00:00,2468.23,2479.62,2461.11,2474.19,47031,15,0
2024-07-17 12:00:00,2474.19,2475.59,2465.91,2472.63,47027,15,0
2024-07-17 16:00:00,2472.63,2484.32,2452.87,2455.65,83740,15,0
2024-07-17 20:00:00,2455.65,2460.34,2451.48,2458.68,23782,15,0
2024-07-18 00:00:00,2458.47,2461.84,2456.7,2458.11,8374,15,0
2024-07-18 04:00:00,2458.15,2469.58,2456.9,2465.97,27645,15,0
2024-07-18 08:00:00,2466.01,2475.56,2463.95,2465.95,38559,15,0
2024-07-18 12:00:00,2465.95,2468.83,2461.54,2463.99,42422,15,0
2024-07-18 16:00:00,2464.0,2469.91,2455.8,2456.19,69999,15,0
2024-07-18 20:00:00,2456.2,2457.52,2440.32,2444.72,28061,15,0
2024-07-19 00:00:00,2444.86,2445.26,2426.76,2434.29,12373,15,0
2024-07-19 04:00:00,2434.28,2434.6,2420.51,2425.5,33805,15,0
2024-07-19 08:00:00,2425.53,2426.13,2412.92,2420.46,41250,15,0
2024-07-19 12:00:00,2420.46,2421.16,2401.54,2403.81,42228,15,0
2024-07-19 16:00:00,2403.8,2408.49,2393.78,2399.65,65222,15,0
2024-07-19 20:00:00,2399.65,2400.76,2395.67,2400.34,21128,15,0
2024-07-22 00:00:00,2403.59,2412.59,2401.79,2408.49,9059,15,0
2024-07-22 04:00:00,2408.49,2412.78,2403.93,2405.81,23131,15,0
2024-07-22 08:00:00,2405.8,2407.01,2399.14,2400.18,36231,15,0
2024-07-22 12:00:00,2400.16,2407.76,2388.14,2394.76,39298,15,0
2024-07-22 16:00:00,2394.75,2400.81,2384.61,2393.83,62077,15,0
2024-07-22 20:00:00,2393.85,2400.81,2392.56,2397.35,18814,15,0
2024-07-23 00:00:00,2398.36,2399.6,2395.36,2399.25,6520,16,0
2024-07-23 04:00:00,2399.26,2403.3,2395.79,2396.53,25282,15,0
2024-07-23 08:00:00,2396.58,2407.13,2388.28,2404.02,38044,15,0
2024-07-23 12:00:00,2404.02,2412.06,2403.14,2405.45,36261,15,0
2024-07-23 16:00:00,2405.45,2407.7,2399.54,2405.28,48963,15,0
2024-07-23 20:00:00,2405.28,2409.98,2402.65,2409.4,18432,15,0
2024-07-24 00:00:00,2408.71,2410.29,2407.85,2408.28,4906,15,0
2024-07-24 04:00:00,2408.28,2418.42,2404.95,2417.83,30607,15,0
2024-07-24 08:00:00,2417.84,2419.17,2410.72,2411.81,31363,15,0
2024-07-24 12:00:00,2411.82,2422.09,2409.8,2421.43,34318,15,0
2024-07-24 16:00:00,2421.47,2431.99,2413.68,2419.05,68050,15,0
2024-07-24 20:00:00,2419.05,2419.61,2397.09,2397.17,29873,15,0
2024-07-25 00:00:00,2397.99,2401.22,2392.95,2397.06,12361,15,0
2024-07-25 04:00:00,2397.08,2400.02,2366.74,2377.57,54840,15,0
2024-07-25 08:00:00,2377.59,2378.72,2365.87,2374.62,52082,15,0
2024-07-25 12:00:00,2374.62,2382.5,2362.77,2371.06,57302,15,0
2024-07-25 16:00:00,2371.06,2376.32,2357.56,2362.64,82709,15,0
2024-07-25 20:00:00,2362.64,2365.51,2353.13,2365.03,32120,15,0
2024-07-26 00:00:00,2363.74,2365.36,2362.0,2362.66,7663,17,0
2024-07-26 04:00:00,2362.66,2379.36,2355.73,2369.83,32915,15,0
2024-07-26 08:00:00,2369.83,2375.27,2365.21,2372.95,36943,15,0
2024-07-26 12:00:00,2372.97,2379.02,2370.28,2377.48,35146,15,0
2024-07-26 16:00:00,2377.52,2390.76,2374.01,2389.12,62065,15,0
2024-07-26 20:00:00,2389.11,2389.15,2381.16,2386.99,19827,15,0
2024-07-29 00:00:00,2388.12,2403.12,2387.61,2400.72,12670,15,0
2024-07-29 04:00:00,2400.72,2403.15,2389.29,2394.24,27919,15,0
2024-07-29 08:00:00,2394.24,2395.67,2386.88,2390.34,35301,15,0
2024-07-29 12:00:00,2390.33,2395.39,2386.1,2393.82,36061,15,0
2024-07-29 16:00:00,2393.85,2396.75,2369.59,2378.11,63553,15,0
2024-07-29 20:00:00,2378.12,2385.4,2376.91,2383.77,20206,15,0
2024-07-30 00:00:00,2382.51,2384.85,2380.19,2381.77,5179,15,0
2024-07-30 04:00:00,2381.75,2388.26,2376.44,2386.42,27535,15,0
2024-07-30 08:00:00,2386.41,2392.04,2386.07,2389.42,33179,15,0
2024-07-30 12:00:00,2389.41,2392.39,2385.76,2386.5,26293,15,0
2024-07-30 16:00:00,2386.51,2400.31,2383.48,2399.82,65775,15,0
2024-07-30 20:00:00,2399.84,2412.84,2399.84,2411.03,29021,15,0
2024-07-31 00:00:00,2409.45,2410.88,2408.03,2409.59,7276,18,0
2024-07-31 04:00:00,2409.59,2421.43,2404.49,2421.25,37666,15,0
2024-07-31 08:00:00,2421.25,2425.44,2415.45,2420.82,37982,15,0
2024-07-31 12:00:00,2420.82,2423.23,2417.07,2420.45,36565,15,0
2024-07-31 16:00:00,2420.43,2429.03,2417.81,2426.96,60364,15,0
2024-07-31 20:00:00,2426.94,2450.99,2421.43,2447.78,51455,15,0
2024-08-01 00:00:00,2448.73,2449.38,2444.29,2447.54,11112,15,0
2024-08-01 04:00:00,2447.43,2458.4,2437.32,2444.19,44266,15,0
2024-08-01 08:00:00,2444.19,2448.83,2433.18,2433.79,43536,15,0
2024-08-01 12:00:00,2433.79,2455.51,2430.17,2450.69,44852,15,0
2024-08-01 16:00:00,2450.69,2462.28,2442.14,2444.46,83584,15,0
2024-08-01 20:00:00,2444.52,2447.51,2434.92,2446.58,37232,15,0
2024-08-02 00:00:00,2446.28,2452.31,2443.66,2449.02,13257,15,0
2024-08-02 04:00:00,2449.0,2460.29,2434.98,2457.78,43379,15,0
2024-08-02 08:00:00,2457.78,2468.43,2457.63,2462.04,46056,15,0
2024-08-02 12:00:00,2462.04,2477.63,2455.8,2472.88,53555,15,0
2024-08-02 16:00:00,2472.84,2474.35,2410.74,2430.43,123865,15,0
2024-08-02 20:00:00,2430.43,2442.42,2423.05,2441.72,33241,15,0
2024-08-05 00:00:00,2443.77,2447.02,2413.68,2422.05,28610,15,0
2024-08-05 04:00:00,2421.76,2458.73,2420.07,2452.64,56938,15,0
2024-08-05 08:00:00,2452.64,2452.64,2422.08,2424.95,72134,15,0
2024-08-05 12:00:00,2424.96,2428.1,2364.25,2374.53,86139,15,0
2024-08-05 16:00:00,2374.53,2412.32,2374.53,2402.99,104494,15,0
2024-08-05 20:00:00,2403.0,2413.0,2400.23,2409.3,38744,15,0
2024-08-06 00:00:00,2410.76,2418.32,2404.34,2415.86,17664,15,0
2024-08-06 04:00:00,2415.87,2417.7,2405.2,2408.2,41198,15,0
2024-08-06 08:00:00,2408.21,2415.39,2395.39,2411.17,62364,15,0
2024-08-06 12:00:00,2411.17,2415.65,2391.77,2393.01,51938,15,0
2024-08-06 16:00:00,2392.97,2403.15,2381.57,2389.94,85995,15,0
2024-08-06 20:00:00,2389.91,2396.01,2386.43,2389.05,31233,15,0
2024-08-07 00:00:00,2389.62,2390.4,2381.14,2386.45,11770,15,0
2024-08-07 04:00:00,2386.49,2395.36,2378.98,2393.41,42394,15,0
2024-08-07 08:00:00,2393.36,2397.61,2388.0,2393.31,42234,15,0
2024-08-07 12:00:00,2393.31,2407.05,2392.43,2403.84,35983,15,0
2024-08-07 16:00:00,2403.9,2404.9,2391.98,2399.67,59278,15,0
2024-08-07 20:00:00,2399.67,2399.69,2381.72,2382.77,31564,15,0
2024-08-08 00:00:00,2382.03,2388.15,2380.89,2384.89,13796,15,0
2024-08-08 04:00:00,2384.89,2396.36,2384.3,2394.27,34336,15,0
2024-08-08 08:00:00,2394.27,2400.68,2392.41,2394.55,35671,15,0
2024-08-08 12:00:00,2394.55,2415.53,2393.89,2408.04,45986,15,0
2024-08-08 16:00:00,2408.05,2424.32,2402.39,2418.15,63428,15,0
2024-08-08 20:00:00,2418.16,2427.55,2415.79,2427.12,23447,15,0
2024-08-09 00:00:00,2426.18,2427.58,2422.56,2423.98,9277,15,0
2024-08-09 04:00:00,2424.07,2429.03,2419.37,2423.88,27681,15,0
2024-08-09 08:00:00,2423.88,2427.02,2416.88,2423.87,32526,15,0
2024-08-09 12:00:00,2423.89,2432.66,2422.26,2429.63,33706,15,0
2024-08-09 16:00:00,2429.49,2435.93,2421.06,2434.42,58848,15,0
2024-08-09 20:00:00,2434.42,2437.04,2427.28,2430.79,18709,15,0
2024-08-12 00:00:00,2429.72,2433.43,2426.69,2428.43,6715,15,0
2024-08-12 04:00:00,2428.33,2433.56,2423.8,2433.34,16693,15,0
2024-08-12 08:00:00,2433.35,2443.79,2429.12,2441.98,26228,15,0
2024-08-12 12:00:00,2441.99,2445.41,2439.7,2444.41,25709,15,0
2024-08-12 16:00:00,2444.41,2466.08,2442.14,2463.09,59508,15,0
2024-08-12 20:00:00,2463.09,2473.11,2461.73,2472.37,19656,15,0
2024-08-13 00:00:00,2470.48,2476.92,2468.43,2472.12,8926,15,0
2024-08-13 04:00:00,2472.08,2473.65,2460.14,2461.96,29755,15,0
2024-08-13 08:00:00,2461.96,2466.14,2458.44,2460.63,28268,15,0
2024-08-13 12:00:00,2460.61,2473.09,2458.9,2468.38,31499,15,0
2024-08-13 16:00:00,2468.38,2476.28,2459.67,2469.47,47674,15,0
2024-08-13 20:00:00,2469.47,2470.28,2462.21,2465.13,18662,15,0
2024-08-14 00:00:00,2466.59,2467.33,2462.93,2465.66,6096,15,0
2024-08-14 04:00:00,2465.68,2472.49,2455.23,2461.9,29644,15,0
2024-08-14 08:00:00,2461.87,2478.61,2459.21,2474.35,30410,15,0
2024-08-14 12:00:00,2474.28,2479.89,2462.38,2468.79,30705,20,0
2024-08-14 16:00:00,2468.79,2469.44,2438.02,2444.13,53826,20,0
2024-08-14 20:00:00,2444.11,2448.43,2440.3,2447.82,17665,20,0
2024-08-15 00:00:00,2448.28,2454.27,2446.54,2450.06,8508,20,0
2024-08-15 04:00:00,2450.07,2455.44,2448.17,2453.36,22310,20,0
2024-08-15 08:00:00,2453.36,2458.12,2449.65,2455.45,26321,20,0
2024-08-15 12:00:00,2455.46,2470.07,2440.99,2441.09,35766,20,0
2024-08-15 16:00:00,2441.19,2459.92,2432.17,2455.69,62463,20,0
2024-08-15 20:00:00,2455.69,2461.62,2453.47,2456.16,22580,20,0
2024-08-16 00:00:00,2455.82,2460.35,2454.41,2458.93,7142,20,0
2024-08-16 04:00:00,2459.14,2460.71,2450.76,2452.01,21662,20,0
2024-08-16 08:00:00,2452.01,2464.55,2451.17,2462.35,28897,20,0
2024-08-16 12:00:00,2462.37,2492.58,2461.88,2491.69,35150,20,0
2024-08-16 16:00:00,2491.68,2500.33,2477.38,2495.83,64121,20,0
2024-08-16 20:00:00,2495.83,2509.69,2493.08,2506.85,25155,20,0
2024-08-19 00:00:00,2506.25,2506.8,2500.25,2501.24,11894,20,0
2024-08-19 04:00:00,2501.38,2505.83,2494.33,2500.67,31838,20,0
2024-08-19 08:00:00,2500.71,2507.2,2499.13,2503.04,29465,20,0
2024-08-19 12:00:00,2503.04,2503.94,2486.54,2491.18,31762,20,0
2024-08-19 16:00:00,2491.17,2507.49,2485.66,2505.51,53005,20,0
2024-08-19 20:00:00,2505.51,2505.84,2500.68,2504.13,16453,17,0
2024-08-20 00:00:00,2503.04,2506.81,2502.05,2504.89,5960,15,0
2024-08-20 04:00:00,2504.89,2508.2,2498.68,2500.78,25555,15,0
2024-08-20 08:00:00,2500.77,2523.13,2497.29,2519.84,39977,15,0
2024-08-20 12:00:00,2519.9,2529.87,2519.79,2527.38,37465,10,0
2024-08-20 16:00:00,2527.38,2532.3,2500.82,2509.08,68675,15,0
2024-08-20 20:00:00,2509.13,2516.87,2506.77,2514.04,18152,15,0
2024-08-21 00:00:00,2513.37,2516.0,2511.87,2512.77,7560,16,0
2024-08-21 04:00:00,2512.82,2519.31,2510.21,2515.47,26410,15,0
2024-08-21 08:00:00,2515.48,2519.57,2506.22,2506.66,31885,15,0
2024-08-21 12:00:00,2506.66,2513.3,2503.88,2509.92,33794,15,0
2024-08-21 16:00:00,2509.94,2512.28,2493.64,2507.11,73682,15,0
2024-08-21 20:00:00,2507.12,2519.11,2506.94,2511.36,27494,15,0
2024-08-22 00:00:00,2510.92,2513.68,2510.51,2512.7,6054,15,0
2024-08-22 04:00:00,2512.69,2513.13,2499.01,2501.84,26150,15,0
2024-08-22 08:00:00,2501.84,2510.25,2500.67,2503.66,38496,15,0
2024-08-22 12:00:00,2503.66,2509.12,2495.12,2500.63,40818,15,0
2024-08-22 16:00:00,2500.72,2501.55,2470.84,2484.3,66977,15,0
2024-08-22 20:00:00,2484.27,2484.94,2478.55,2484.4,20956,15,0
2024-08-23 00:00:00,2484.69,2492.25,2484.36,2489.9,6274,15,0
2024-08-23 04:00:00,2489.93,2494.47,2486.64,2493.38,25523,15,0
2024-08-23 08:00:00,2493.38,2499.92,2490.56,2498.97,31724,15,0
2024-08-23 12:00:00,2498.98,2502.42,2495.63,2501.27,30986,15,0
2024-08-23 16:00:00,2501.25,2518.31,2494.41,2510.28,84303,15,0
2024-08-23 20:00:00,2510.29,2513.2,2507.9,2512.36,23208,15,0
2024-08-26 00:00:00,2511.79,2516.84,2511.0,2513.66,10916,15,0
2024-08-26 04:00:00,2513.62,2515.4,2508.86,2509.54,24946,15,0
2024-08-26 08:00:00,2509.53,2525.73,2508.66,2524.25,37574,15,0
2024-08-26 12:00:00,2524.23,2526.89,2520.85,2523.81,39717,15,0
2024-08-26 16:00:00,2523.8,2526.44,2510.57,2520.21,52451,15,0
2024-08-26 20:00:00,2520.2,2523.31,2515.58,2518.09,19629,15,0
2024-08-27 00:00:00,2517.8,2517.81,2512.92,2513.09,5209,18,0
2024-08-27 04:00:00,2513.13,2514.04,2505.81,2507.26,21843,15,0
2024-08-27 08:00:00,2507.26,2517.53,2503.46,2511.07,40672,15,0
2024-08-27 12:00:00,2511.09,2514.35,2506.87,2509.8,38305,15,0
2024-08-27 16:00:00,2509.79,2520.28,2503.51,2514.41,57644,15,0
2024-08-27 20:00:00,2514.42,2525.91,2514.13,2524.41,22960,15,0
2024-08-28 00:00:00,2524.99,2528.92,2523.8,2524.37,7259,17,0
2024-08-28 04:00:00,2524.37,2524.37,2510.27,2511.49,23523,15,0
2024-08-28 08:00:00,2511.48,2511.66,2503.28,2508.16,37880,15,0
2024-08-28 12:00:00,2508.11,2511.4,2493.58,2500.64,38181,15,0
2024-08-28 16:00:00,2500.64,2510.69,2496.43,2501.85,55878,15,0
2024-08-28 20:00:00,2501.85,2509.55,2500.51,2504.33,23186,15,0
2024-08-29 00:00:00,2504.83,2515.28,2504.81,2512.25,8546,15,0
2024-08-29 04:00:00,2512.19,2518.13,2511.6,2515.79,21504,15,0
2024-08-29 08:00:00,2515.72,2521.18,2513.7,2517.11,33592,15,0
2024-08-29 12:00:00,2517.14,2524.41,2503.59,2509.17,44832,15,0
2024-08-29 16:00:00,2509.18,2526.73,2508.26,2525.14,67692,15,0
2024-08-29 20:00:00,2525.16,2528.7,2520.67,2521.3,27652,15,0
2024-08-30 00:00:00,2520.55,2521.74,2516.64,2517.58,5306,23,0
2024-08-30 04:00:00,2517.52,2520.03,2512.17,2513.37,19671,15,0
2024-08-30 08:00:00,2513.38,2526.7,2512.49,2522.9,34418,15,0
2024-08-30 12:00:00,2522.89,2526.9,2515.01,2519.58,39232,15,0
2024-08-30 16:00:00,2519.6,2519.9,2496.52,2497.66,71360,15,0
2024-08-30 20:00:00,2497.7,2504.68,2494.15,2503.04,25633,15,0
2024-09-02 00:00:00,2502.45,2504.91,2501.07,2501.43,6444,15,0
2024-09-02 04:00:00,2501.4,2504.58,2490.03,2496.89,23565,15,0
2024-09-02 08:00:00,2496.89,2507.3,2495.27,2506.28,30018,15,0
2024-09-02 12:00:00,2506.28,2506.56,2497.05,2501.27,24671,15,0
2024-09-02 16:00:00,2501.35,2502.46,2497.68,2500.55,30959,15,0
2024-09-02 20:00:00,2500.51,2501.42,2499.71,2499.73,1179,16,0
2024-09-03 00:00:00,2499.21,2499.75,2494.29,2495.0,5848,19,0
2024-09-03 04:00:00,2494.99,2496.32,2489.04,2495.24,26026,15,0
2024-09-03 08:00:00,2495.19,2506.93,2492.08,2504.57,37722,15,0
2024-09-03 12:00:00,2504.62,2505.71,2484.77,2493.28,52321,15,0
2024-09-03 16:00:00,2493.28,2497.64,2473.37,2486.13,78624,15,0
2024-09-03 20:00:00,2486.12,2494.35,2485.5,2492.75,22270,15,0
2024-09-04 00:00:00,2492.75,2495.0,2491.95,2492.36,9710,15,0
2024-09-04 04:00:00,2492.35,2496.87,2491.3,2495.87,19085,15,0
2024-09-04 08:00:00,2495.88,2496.6,2473.18,2473.91,30781,15,0
2024-09-04 12:00:00,2473.95,2491.78,2472.51,2486.22,45187,15,0
2024-09-04 16:00:00,2486.25,2500.08,2482.27,2496.72,71475,15,0
2024-09-04 20:00:00,2496.77,2497.38,2491.4,2495.7,19111,15,0
2024-09-05 00:00:00,2494.74,2496.95,2494.42,2495.1,6837,15,0
2024-09-05 04:00:00,2495.11,2499.27,2493.81,2494.25,19010,15,0
2024-09-05 08:00:00,2494.22,2516.7,2493.96,2514.73,37750,15,0
2024-09-05 12:00:00,2514.89,2523.44,2513.29,2517.72,43446,15,0
2024-09-05 16:00:00,2517.72,2520.57,2503.95,2510.39,71011,15,0
2024-09-05 20:00:00,2510.39,2516.83,2509.28,2516.33,19247,15,0
2024-09-06 00:00:00,2516.61,2517.87,2514.91,2515.26,6795,19,0
2024-09-06 04:00:00,2515.28,2518.88,2512.37,2518.38,19573,15,0
2024-09-06 08:00:00,2518.37,2521.74,2515.51,2517.81,27294,15,0
2024-09-06 12:00:00,2517.79,2529.15,2507.27,2522.2,41775,15,0
2024-09-06 16:00:00,2522.24,2523.03,2485.15,2489.03,110209,15,0
2024-09-06 20:00:00,2489.03,2497.81,2485.92,2497.38,36382,15,0
2024-09-09 00:00:00,2496.61,2498.25,2495.54,2495.89,7974,15,0
2024-09-09 04:00:00,2495.85,2500.5,2494.66,2498.21,27065,15,0
2024-09-09 08:00:00,2498.2,2498.28,2485.56,2492.2,46172,15,0
2024-09-09 12:00:00,2492.23,2504.12,2492.08,2500.9,46014,15,0
2024-09-09 16:00:00,2500.89,2505.3,2493.23,2504.41,61377,15,0
2024-09-09 20:00:00,2504.41,2507.19,2499.41,2506.12,20895,15,0
2024-09-10 00:00:00,2506.28,2507.59,2504.78,2505.36,8644,15,0
2024-09-10 04:00:00,2505.36,2506.76,2500.34,2501.08,18380,16,0
2024-09-10 08:00:00,2501.09,2507.06,2499.49,2501.68,33271,15,0
2024-09-10 12:00:00,2501.68,2514.04,2499.5,2513.83,41158,15,0
2024-09-10 16:00:00,2513.84,2518.48,2500.87,2514.39,71203,15,0
2024-09-10 20:00:00,2514.39,2517.41,2512.06,2516.35,19494,15,0
2024-09-11 00:00:00,2516.15,2519.1,2516.1,2516.5,6887,15,0
2024-09-11 04:00:00,2516.5,2522.57,2514.94,2519.58,31229,15,0
2024-09-11 08:00:00,2519.58,2529.03,2519.32,2524.33,41326,15,0
2024-09-11 12:00:00,2524.33,2524.72,2502.27,2508.19,46279,15,0
2024-09-11 16:00:00,2508.19,2520.1,2500.96,2515.21,89618,15,0
2024-09-11 20:00:00,2515.15,2516.89,2509.77,2511.32,24259,15,0
2024-09-12 00:00:00,2511.41,2513.89,2511.06,2512.14,6384,15,0
2024-09-12 04:00:00,2512.06,2517.74,2510.99,2516.98,21123,16,0
2024-09-12 08:00:00,2517.07,2522.25,2514.5,2517.39,31045,15,0
2024-09-12 12:00:00,2517.34,2535.24,2513.05,2528.57,46595,15,0
2024-09-12 16:00:00,2528.52,2555.19,2522.05,2550.67,82951,15,0
2024-09-12 20:00:00,2550.68,2560.04,2550.16,2558.66,29166,15,0
2024-09-13 00:00:00,2557.97,2562.75,2556.67,2561.51,9333,15,0
2024-09-13 04:00:00,2561.52,2570.17,2559.91,2568.89,30099,15,0
2024-09-13 08:00:00,2568.86,2571.08,2563.07,2569.97,39737,15,0
2024-09-13 12:00:00,2569.68,2575.92,2563.7,2575.83,41294,15,0
2024-09-13 16:00:00,2575.82,2585.12,2573.1,2584.26,64804,15,0
2024-09-13 20:00:00,2584.25,2586.07,2577.5,2578.89,23893,15,0
2024-09-16 00:00:00,2578.48,2582.36,2577.4,2581.24,7583,15,0
2024-09-16 04:00:00,2581.24,2588.98,2579.87,2585.76,13859,15,0
2024-09-16 08:00:00,2585.77,2589.61,2579.58,2586.81,31736,15,0
2024-09-16 12:00:00,2586.81,2588.34,2575.27,2583.39,33680,15,0
2024-09-16 16:00:00,2583.37,2589.36,2576.13,2583.71,48043,15,0
2024-09-16 20:00:00,2583.63,2584.13,2579.6,2582.8,16667,15,0
2024-09-17 00:00:00,2581.97,2584.43,2580.2,2580.24,6216,15,0
2024-09-17 04:00:00,2580.24,2586.28,2574.95,2576.9,15964,15,0
2024-09-17 08:00:00,2576.9,2586.93,2574.58,2580.13,31243,15,0
2024-09-17 12:00:00,2580.12,2581.65,2568.39,2577.79,50113,15,0
2024-09-17 16:00:00,2577.78,2582.24,2561.38,2563.11,64759,15,0
2024-09-17 20:00:00,2563.11,2571.68,2560.76,2569.56,22837,15,0
2024-09-18 00:00:00,2569.21,2574.72,2569.21,2572.98,6943,15,0
2024-09-18 04:00:00,2572.98,2576.43,2567.97,2568.65,29139,15,0
2024-09-18 08:00:00,2568.61,2571.95,2565.63,2569.75,34900,15,0
2024-09-18 12:00:00,2569.77,2580.69,2567.98,2576.21,35807,15,0
2024-09-18 16:00:00,2576.19,2578.55,2568.03,2574.91,52275,15,0
2024-09-18 20:00:00,2574.87,2600.05,2546.82,2559.11,84861,15,0
2024-09-19 00:00:00,2557.33,2561.45,2555.17,2558.7,12562,15,0
2024-09-19 04:00:00,2558.7,2566.68,2550.99,2564.04,40681,15,0
2024-09-19 08:00:00,2564.02,2586.6,2563.91,2584.94,46317,15,0
2024-09-19 12:00:00,2585.0,2594.88,2573.17,2576.73,50902,15,0
2024-09-19 16:00:00,2576.73,2592.57,2569.74,2591.71,72582,15,0
2024-09-19 20:00:00,2591.74,2592.67,2585.88,2586.61,18077,15,0
2024-09-20 00:00:00,2586.02,2588.43,2585.94,2588.01,6135,18,0
2024-09-20 04:00:00,2588.04,2594.37,2584.77,2593.69,27462,15,0
2024-09-20 08:00:00,2593.74,2612.75,2592.4,2609.8,40993,15,0
2024-09-20 12:00:00,2609.8,2619.33,2602.53,2615.58,41272,15,0
2024-09-20 16:00:00,2615.58,2625.79,2602.56,2624.9,82147,15,0
2024-09-20 20:00:00,2624.87,2625.38,2617.82,2622.14,28577,15,0
2024-09-23 00:00:00,2619.42,2621.92,2618.04,2618.14,6586,15,0
2024-09-23 04:00:00,2618.18,2631.11,2616.05,2629.41,23098,15,0
2024-09-23 08:00:00,2629.4,2631.38,2613.83,2616.87,38725,15,0
2024-09-23 12:00:00,2616.87,2628.21,2615.42,2627.03,35921,15,0
2024-09-23 16:00:00,2627.04,2634.83,2625.62,2628.14,63726,15,0
2024-09-23 20:00:00,2628.14,2629.14,2625.71,2628.3,19744,15,0
2024-09-24 00:00:00,2626.67,2628.23,2623.86,2625.13,6288,15,0
2024-09-24 04:00:00,2625.14,2638.23,2624.88,2638.09,35386,15,0
2024-09-24 08:00:00,2638.14,2640.06,2622.64,2629.01,47027,15,0
2024-09-24 12:00:00,2629.02,2636.27,2623.39,2633.2,46333,15,0
2024-09-24 16:00:00,2633.22,2655.19,2631.01,2653.56,83795,15,0
2024-09-24 20:00:00,2653.57,2664.3,2649.8,2656.64,27008,15,0
2024-09-25 00:00:00,2658.37,2661.08,2656.58,2660.69,8477,16,0
2024-09-25 04:00:00,2660.69,2670.53,2655.48,2658.91,38130,15,0
2024-09-25 08:00:00,2658.82,2659.8,2651.33,2655.89,42248,15,0
2024-09-25 12:00:00,2655.9,2660.78,2652.76,2659.46,38961,15,0
2024-09-25 16:00:00,2659.45,2667.49,2649.66,2653.75,70731,15,0
2024-09-25 20:00:00,2653.65,2662.98,2653.13,2657.09,20974,15,0
2024-09-26 00:00:00,2657.06,2660.35,2655.44,2659.03,9177,15,0
2024-09-26 04:00:00,2659.04,2662.9,2657.11,2660.65,26281,15,0
2024-09-26 08:00:00,2660.64,2670.55,2657.96,2669.1,44459,15,0
2024-09-26 12:00:00,2669.1,2685.56,2666.93,2677.29,59169,15,0
2024-09-26 16:00:00,2677.29,2679.86,2654.85,2668.18,88518,15,0
2024-09-26 20:00:00,2668.18,2677.85,2667.52,2672.11,24360,15,0
2024-09-27 00:00:00,2671.59,2673.21,2669.36,2669.64,6967,15,0
2024-09-27 04:00:00,2669.66,2674.0,2666.22,2670.54,29038,15,0
2024-09-27 08:00:00,2670.56,2671.37,2660.99,2662.59,49442,15,0
2024-09-27 12:00:00,2662.59,2674.3,2658.35,2670.05,46268,15,0
2024-09-27 16:00:00,2670.04,2671.14,2644.76,2651.79,80057,15,0
2024-09-27 20:00:00,2651.79,2659.93,2643.11,2657.98,26881,15,0
2024-09-30 00:00:00,2657.94,2665.96,2657.82,2661.56,15305,15,0
2024-09-30 04:00:00,2661.6,2664.32,2647.34,2655.9,34765,15,0
2024-09-30 08:00:00,2655.91,2660.64,2650.6,2653.56,40189,15,0
2024-09-30 12:00:00,2653.58,2653.68,2634.46,2639.04,44146,15,0
2024-09-30 16:00:00,2639.04,2642.09,2628.72,2639.07,69064,15,0
2024-09-30 20:00:00,2639.15,2641.83,2624.7,2634.81,36378,15,0
2024-10-01 00:00:00,2633.16,2637.14,2632.15,2636.36,5963,15,0
2024-10-01 04:00:00,2636.35,2640.4,2634.59,2639.62,16864,15,0
2024-10-01 08:00:00,2639.62,2647.49,2639.54,2646.58,41358,15,0
2024-10-01 12:00:00,2646.61,2656.7,2645.42,2651.52,43921,15,0
2024-10-01 16:00:00,2651.52,2673.13,2647.98,2666.48,80747,15,0
2024-10-01 20:00:00,2666.48,2671.73,2657.56,2663.63,29842,15,0
2024-10-02 00:00:00,2661.86,2662.82,2656.94,2657.39,7271,15,0
2024-10-02 04:00:00,2657.39,2662.01,2652.56,2654.1,20839,15,0
2024-10-02 08:00:00,2654.08,2656.18,2644.52,2652.4,42441,15,0
2024-10-02 12:00:00,2652.41,2655.56,2643.75,2649.58,44917,15,0
2024-10-02 16:00:00,2649.58,2663.36,2641.1,2649.7,73329,15,0
2024-10-02 20:00:00,2649.66,2659.89,2647.19,2658.76,19936,15,0
2024-10-03 00:00:00,2657.67,2662.84,2657.37,2657.75,8562,15,0
2024-10-03 04:00:00,2657.75,2658.9,2653.26,2654.98,23860,15,0
2024-10-03 08:00:00,2654.98,2657.41,2641.79,2645.11,41937,15,0
2024-10-03 12:00:00,2645.14,2653.91,2640.98,2642.33,51776,15,0
2024-10-03 16:00:00,2642.33,2661.25,2637.29,2660.01,75057,15,0
2024-10-03 20:00:00,2660.04,2662.09,2655.12,2656.14,22999,15,0
2024-10-04 00:00:00,2656.79,2657.5,2654.34,2657.19,5634,15,0
2024-10-04 04:00:00,2657.18,2666.56,2656.72,2664.73,16290,15,0
2024-10-04 08:00:00,2664.73,2668.41,2659.4,2659.7,31323,15,0
2024-10-04 12:00:00,2659.72,2663.19,2632.68,2639.44,43489,15,0
2024-10-04 16:00:00,2639.38,2670.81,2637.88,2645.32,91083,15,0
2024-10-04 20:00:00,2645.38,2653.91,2642.73,2653.59,25762,15,0
2024-10-07 00:00:00,2650.81,2652.79,2648.39,2649.86,8924,15,0
2024-10-07 04:00:00,2649.93,2652.49,2644.5,2646.08,23833,15,0
2024-10-07 08:00:00,2646.09,2657.07,2638.98,2651.63,46810,15,0
2024-10-07 12:00:00,2651.65,2659.31,2637.1,2639.42,51447,15,0
2024-10-07 16:00:00,2639.38,2653.12,2639.06,2646.87,67238,15,0
2024-10-07 20:00:00,2646.66,2648.74,2639.7,2642.54,19480,15,0
2024-10-08 00:00:00,2642.22,2649.03,2641.7,2642.96,10636,15,0
2024-10-08 04:00:00,2642.95,2647.58,2633.11,2643.75,55908,15,0
2024-10-08 08:00:00,2643.76,2647.06,2627.9,2637.26,54925,15,0
2024-10-08 12:00:00,2637.26,2653.6,2635.32,2645.9,54711,15,0
2024-10-08 16:00:00,2645.89,2647.68,2604.76,2608.99,86292,15,0
2024-10-08 20:00:00,2608.98,2623.62,2605.54,2621.96,27623,15,0
2024-10-09 00:00:00,2621.5,2623.73,2620.5,2621.78,8805,15,0
2024-10-09 04:00:00,2621.75,2624.85,2615.46,2615.99,34201,15,0
2024-10-09 08:00:00,2616.0,2624.3,2609.78,2616.94,44528,15,0
2024-10-09 12:00:00,2616.9,2622.44,2615.35,2618.87,39271,15,0
2024-10-09 16:00:00,2618.86,2620.75,2604.56,2608.66,69123,15,0
2024-10-09 20:00:00,2608.66,2611.06,2605.17,2607.76,20793,15,0
2024-10-10 00:00:00,2608.07,2610.15,2605.93,2609.29,6163,15,0
2024-10-10 04:00:00,2609.29,2617.48,2606.99,2613.23,32896,15,0
2024-10-10 08:00:00,2613.31,2616.68,2609.6,2614.83,37570,15,0
2024-10-10 12:00:00,2614.85,2626.72,2601.78,2624.49,48724,15,0
2024-10-10 16:00:00,2624.52,2629.78,2615.65,2619.34,79083,15,0
2024-10-10 20:00:00,2619.34,2631.51,2616.51,2629.54,28610,15,0
2024-10-11 00:00:00,2629.1,2635.81,2628.08,2633.75,10696,15,0
2024-10-11 04:00:00,2633.78,2646.08,2632.94,2645.55,29580,15,0
2024-10-11 08:00:00,2645.47,2647.21,2638.04,2639.2,29965,15,0
2024-10-11 12:00:00,2639.21,2650.15,2636.2,2642.35,40552,15,0
2024-10-11 16:00:00,2642.51,2661.4,2641.96,2660.46,59686,15,0
2024-10-11 20:00:00,2660.47,2661.18,2654.66,2656.89,15889,15,0
2024-10-14 00:00:00,2652.34,2653.79,2645.06,2646.7,11273,15,0
2024-10-14 04:00:00,2646.7,2660.26,2643.15,2659.19,29645,15,0
2024-10-14 08:00:00,2659.18,2666.78,2657.04,2659.43,30862,15,0
2024-10-14 12:00:00,2659.43,2663.04,2649.24,2651.37,31939,15,0
2024-10-14 16:00:00,2651.35,2661.21,2643.99,2648.53,54121,15,0
2024-10-14 20:00:00,2648.53,2653.26,2646.08,2648.79,15761,15,0
2024-10-15 00:00:00,2647.87,2650.91,2647.1,2648.11,6738,15,0
2024-10-15 04:00:00,2648.13,2652.75,2642.85,2644.35,29794,15,0
2024-10-15 08:00:00,2644.35,2655.79,2638.06,2653.92,49061,15,0
2024-10-15 12:00:00,2653.91,2657.47,2645.59,2648.26,43735,15,0
2024-10-15 16:00:00,2648.26,2668.87,2646.06,2661.84,70872,15,0
2024-10-15 20:00:00,2661.84,2666.42,2658.98,2662.92,19227,15,0
2024-10-16 00:00:00,2662.02,2662.76,2658.64,2660.18,6120,16,0
2024-10-16 04:00:00,2660.18,2670.06,2660.07,2666.68,33159,15,0
2024-10-16 08:00:00,2666.69,2680.14,2666.08,2679.49,44895,15,0
2024-10-16 12:00:00,2679.47,2682.76,2672.95,2681.74,40736,15,0
2024-10-16 16:00:00,2681.76,2685.47,2666.65,2674.16,66902,15,0
2024-10-16 20:00:00,2674.16,2676.65,2672.82,2673.55,15496,15,0
2024-10-17 00:00:00,2673.84,2677.85,2673.24,2677.74,7062,15,0
2024-10-17 04:00:00,2677.71,2684.91,2674.51,2679.03,38042,15,0
2024-10-17 08:00:00,2679.06,2685.75,2678.01,2681.86,45476,15,0
2024-10-17 12:00:00,2681.87,2688.8,2673.13,2680.68,43732,15,0
2024-10-17 16:00:00,2680.64,2696.7,2677.78,2692.23,79688,15,0
2024-10-17 20:00:00,2692.23,2694.2,2688.84,2692.7,16605,15,0
2024-10-18 00:00:00,2692.04,2695.75,2691.65,2692.91,7157,18,0
2024-10-18 04:00:00,2692.93,2711.96,2692.76,2710.15,41305,15,0
2024-10-18 08:00:00,2710.16,2714.03,2701.7,2706.23,41400,15,0
2024-10-18 12:00:00,2706.21,2717.05,2706.18,2709.56,40162,15,0
2024-10-18 16:00:00,2709.56,2720.13,2705.0,2717.57,65023,15,0
2024-10-18 20:00:00,2717.57,2722.52,2713.57,2721.71,22896,15,0
2024-10-21 00:00:00,2720.53,2725.78,2719.83,2721.57,12201,15,0
2024-10-21 04:00:00,2721.6,2732.82,2721.08,2730.4,39759,15,0
2024-10-21 08:00:00,2730.42,2733.11,2723.59,2731.35,43200,15,0
2024-10-21 12:00:00,2731.35,2739.78,2727.79,2738.63,51367,15,0
2024-10-21 16:00:00,2738.61,2740.55,2716.87,2723.51,80031,15,0
2024-10-21 20:00:00,2723.51,2725.61,2714.18,2719.83,25803,15,0
2024-10-22 00:00:00,2719.18,2725.14,2718.68,2724.69,7778,15,0
2024-10-22 04:00:00,2724.67,2735.92,2723.95,2734.71,36525,15,0
2024-10-22 08:00:00,2734.67,2738.38,2729.02,2734.92,37627,15,0
2024-10-22 12:00:00,2734.91,2739.31,2729.49,2736.2,45378,15,0
2024-10-22 16:00:00,2736.2,2745.57,2733.75,2745.33,70864,15,0
2024-10-22 20:00:00,2745.29,2748.86,2743.5,2748.52,25852,15,0
2024-10-23 00:00:00,2747.33,2748.07,2744.75,2745.03,6131,15,0
2024-10-23 04:00:00,2745.03,2751.29,2737.85,2750.62,37482,15,0
2024-10-23 08:00:00,2750.61,2759.1,2748.72,2757.57,41754,15,0
2024-10-23 12:00:00,2757.65,2758.22,2740.77,2743.31,41468,15,0
2024-10-23 16:00:00,2743.33,2744.12,2708.71,2719.34,88805,15,0
2024-10-23 20:00:00,2719.33,2720.61,2711.97,2715.36,30463,15,0
2024-10-24 00:00:00,2714.98,2721.99,2714.88,2721.77,9827,15,0
2024-10-24 04:00:00,2721.77,2727.83,2720.91,2727.17,30296,15,0
2024-10-24 08:00:00,2727.16,2737.71,2726.49,2736.23,44602,15,0
2024-10-24 12:00:00,2736.18,2742.22,2734.5,2739.72,38673,15,0
2024-10-24 16:00:00,2739.77,2743.24,2722.41,2733.6,72057,15,0
2024-10-24 20:00:00,2733.58,2737.72,2732.91,2735.76,23680,15,0
2024-10-25 00:00:00,2735.3,2735.99,2731.25,2732.33,5694,15,0
2024-10-25 04:00:00,2732.33,2735.04,2723.27,2725.27,27074,15,0
2024-10-25 08:00:00,2725.29,2731.92,2719.49,2720.05,34072,15,0
2024-10-25 12:00:00,2720.09,2732.44,2717.69,2731.51,39826,15,0
2024-10-25 16:00:00,2731.58,2742.03,2725.21,2739.19,68751,15,0
2024-10-25 20:00:00,2739.2,2747.73,2738.8,2746.78,18519,15,0
2024-10-28 00:00:00,2732.28,2740.16,2724.7,2732.3,28555,15,0
2024-10-28 04:00:00,2732.24,2738.79,2729.17,2738.41,24150,15,0
2024-10-28 08:00:00,2738.4,2744.58,2727.76,2729.86,34615,15,0
2024-10-28 12:00:00,2729.86,2743.4,2728.5,2740.9,44112,15,0
2024-10-28 16:00:00,2740.9,2745.94,2738.84,2743.32,42693,15,0
2024-10-28 20:00:00,2743.32,2743.45,2740.12,2742.22,9824,15,0
2024-10-29 00:00:00,2741.34,2751.7,2739.84,2751.41,19409,15,0
2024-10-29 04:00:00,2751.41,2757.4,2749.25,2750.56,31998,15,0
2024-10-29 08:00:00,2750.56,2757.13,2746.33,2752.43,36176,15,0
2024-10-29 12:00:00,2752.42,2764.02,2746.29,2760.6,52089,15,0
2024-10-29 16:00:00,2760.6,2772.52,2760.6,2769.74,66090,15,0
2024-10-29 20:00:00,2769.75,2774.79,2768.22,2774.38,14745,15,0
2024-10-30 00:00:00,2773.42,2782.75,2772.89,2782.28,17935,15,0
2024-10-30 04:00:00,2782.28,2785.59,2776.72,2783.73,27368,15,0
2024-10-30 08:00:00,2783.76,2789.79,2779.51,2784.62,35801,15,0
2024-10-30 12:00:00,2784.64,2787.48,2770.81,2777.47,58996,15,0
2024-10-30 16:00:00,2777.47,2789.55,2771.96,2788.54,64414,15,0
2024-10-30 20:00:00,2788.55,2790.01,2784.38,2786.28,16688,15,0
2024-10-31 00:00:00,2786.75,2789.43,2782.89,2784.01,14371,15,0
2024-10-31 04:00:00,2784.02,2788.41,2781.45,2785.77,22518,15,0
2024-10-31 08:00:00,2785.77,2786.67,2776.95,2778.18,32861,15,0
2024-10-31 12:00:00,2778.18,2782.63,2754.61,2755.35,60337,15,0
2024-10-31 16:00:00,2755.32,2756.87,2731.54,2739.61,74571,15,0
2024-10-31 20:00:00,2739.61,2749.77,2739.58,2743.78,20940,15,0
2024-11-01 00:00:00,2743.89,2749.99,2743.67,2749.73,21634,15,0
2024-11-01 04:00:00,2749.72,2754.55,2746.16,2754.33,33708,15,0
2024-11-01 08:00:00,2754.32,2757.01,2747.5,2751.33,40154,15,0
2024-11-01 12:00:00,2751.33,2762.25,2744.81,2755.95,64562,15,0
2024-11-01 16:00:00,2755.94,2758.93,2735.05,2736.32,66271,15,0
2024-11-01 20:00:00,2736.29,2738.04,2733.24,2736.52,16127,15,0
2024-11-04 00:00:00,2736.07,2740.68,2729.94,2739.31,17882,15,0
2024-11-04 04:00:00,2739.29,2743.11,2736.31,2742.16,25144,15,0
2024-11-04 08:00:00,2742.17,2744.14,2731.89,2743.3,40927,15,0
2024-11-04 12:00:00,2743.3,2746.76,2736.53,2746.71,40763,15,0
2024-11-04 16:00:00,2746.75,2748.2,2731.75,2738.38,58717,15,0
2024-11-04 20:00:00,2738.4,2739.65,2735.6,2736.41,23401,15,0
2024-11-05 00:00:00,2737.67,2737.69,2732.2,2733.55,13945,15,0
2024-11-05 04:00:00,2733.56,2736.99,2723.97,2731.91,34776,15,0
2024-11-05 08:00:00,2731.92,2745.74,2731.07,2739.85,37676,15,0
2024-11-05 12:00:00,2739.85,2746.08,2734.95,2744.35,38361,15,0
2024-11-05 16:00:00,2744.36,2750.63,2733.0,2741.99,61837,15,0
2024-11-05 20:00:00,2741.99,2744.89,2739.37,2743.63,20984,15,0
2024-11-06 00:00:00,2742.25,2750.32,2732.69,2747.72,31543,15,0
2024-11-06 04:00:00,2747.57,2749.0,2729.84,2738.32,71241,15,0
2024-11-06 08:00:00,2738.33,2738.62,2702.1,2724.01,78928,15,0
2024-11-06 12:00:00,2724.01,2727.21,2659.14,2663.62,79475,15,0
2024-11-06 16:00:00,2663.63,2678.26,2652.38,2663.28,90927,15,0
2024-11-06 20:00:00,2663.32,2669.61,2658.92,2658.98,31902,19,0
2024-11-07 00:00:00,2659.14,2664.29,2642.58,2648.77,28707,19,0
2024-11-07 04:00:00,2648.77,2661.88,2648.77,2659.8,40428,19,0
2024-11-07 08:00:00,2659.81,2667.2,2653.4,2661.03,43585,19,0
2024-11-07 12:00:00,2661.0,2685.15,2659.15,2684.56,52280,15,0
2024-11-07 16:00:00,2684.56,2700.35,2682.36,2699.32,66121,15,0
2024-11-07 20:00:00,2699.32,2710.39,2687.43,2707.0,44683,15,0
2024-11-08 00:00:00,2704.19,2710.35,2698.49,2699.23,19183,15,0
2024-11-08 04:00:00,2699.23,2700.36,2692.67,2695.82,28204,15,0
2024-11-08 08:00:00,2695.82,2696.43,2680.17,2688.96,54732,15,0
2024-11-08 12:00:00,2688.95,2701.12,2681.72,2697.55,47868,15,0
2024-11-08 16:00:00,2697.54,2704.12,2682.89,2687.91,65476,15,0
2024-11-08 20:00:00,2687.92,2688.83,2682.88,2684.55,21250,15,0
2024-11-11 00:00:00,2684.41,2686.03,2671.89,2672.97,24081,15,0
2024-11-11 04:00:00,2672.98,2675.23,2666.49,2669.21,31825,15,0
2024-11-11 08:00:00,2669.22,2674.11,2663.85,2666.83,40605,15,0
2024-11-11 12:00:00,2666.77,2675.35,2634.31,2635.58,54518,15,0
2024-11-11 16:00:00,2635.54,2635.72,2611.48,2612.56,66339,15,0
2024-11-11 20:00:00,2612.56,2626.21,2610.67,2619.6,19273,15,0
2024-11-12 00:00:00,2619.83,2627.15,2619.2,2624.17,19994,15,0
2024-11-12 04:00:00,2624.11,2625.45,2605.39,2606.89,38803,15,0
2024-11-12 08:00:00,2606.86,2610.13,2590.83,2593.26,53351,15,0
2024-11-12 12:00:00,2593.26,2616.43,2589.64,2611.59,53162,15,0
2024-11-12 16:00:00,2611.56,2616.96,2592.47,2597.48,63532,15,0
2024-11-12 20:00:00,2597.44,2602.07,2595.18,2598.4,20040,15,0
2024-11-13 00:00:00,2598.01,2611.11,2597.47,2608.13,19163,15,0
2024-11-13 04:00:00,2608.15,2613.3,2603.58,2605.77,35059,15,0
2024-11-13 08:00:00,2605.75,2611.72,2601.01,2608.57,37623,15,0
2024-11-13 12:00:00,2608.57,2619.12,2605.88,2612.77,47861,15,0
2024-11-13 16:00:00,2612.72,2616.82,2577.62,2583.3,90639,15,0
2024-11-13 20:00:00,2583.3,2585.43,2572.63,2572.92,27332,15,0
2024-11-14 00:00:00,2571.87,2581.38,2561.57,2562.57,26532,15,0
2024-11-14 04:00:00,2562.56,2565.23,2555.32,2558.61,35973,15,0
2024-11-14 08:00:00,2558.65,2560.54,2536.83,2543.52,48731,15,0
2024-11-14 12:00:00,2543.48,2560.35,2539.03,2557.16,62274,15,0
2024-11-14 16:00:00,2557.09,2577.44,2554.27,2572.98,69339,15,0
2024-11-14 20:00:00,2573.0,2576.89,2563.91,2565.19,42404,15,0
2024-11-15 00:00:00,2564.75,2571.7,2563.09,2565.02,15234,15,0
2024-11-15 04:00:00,2565.01,2571.19,2559.68,2559.87,33150,15,0
2024-11-15 08:00:00,2559.87,2568.99,2554.42,2564.07,43506,15,0
2024-11-15 12:00:00,2564.09,2575.8,2561.18,2565.28,57709,15,0
2024-11-15 16:00:00,2565.28,2576.05,2560.14,2562.94,85063,15,0
2024-11-15 20:00:00,2562.96,2568.09,2559.44,2562.91,27527,15,0
2024-11-18 00:00:00,2567.32,2597.23,2566.51,2587.05,29993,15,0
2024-11-18 04:00:00,2586.96,2595.04,2585.02,2585.56,34342,15,0
2024-11-18 08:00:00,2585.53,2597.24,2580.41,2595.72,50906,15,0
2024-11-18 12:00:00,2595.68,2605.14,2589.58,2603.95,50180,15,0
2024-11-18 16:00:00,2603.94,2615.04,2602.78,2610.44,58862,15,0
2024-11-18 20:00:00,2610.46,2612.64,2607.71,2611.66,20244,15,0
2024-11-19 00:00:00,2610.96,2617.84,2610.35,2615.67,16672,15,0
2024-11-19 04:00:00,2615.64,2625.52,2615.62,2622.56,34545,15,0
2024-11-19 08:00:00,2622.57,2634.46,2617.73,2630.22,53953,15,0
2024-11-19 12:00:00,2630.24,2639.44,2628.69,2635.24,56668,15,0
2024-11-19 16:00:00,2635.24,2636.99,2620.9,2628.07,69587,15,0
2024-11-19 20:00:00,2628.11,2634.56,2626.25,2632.19,23402,15,0
2024-11-20 00:00:00,2631.66,2641.38,2631.66,2639.55,16376,15,0
2024-11-20 04:00:00,2639.55,2641.89,2634.91,2636.86,26857,15,0
2024-11-20 08:00:00,2636.59,2637.03,2618.81,2621.96,44850,15,0
2024-11-20 12:00:00,2621.91,2640.52,2620.9,2636.08,48750,15,0
2024-11-20 16:00:00,2636.09,2655.46,2634.12,2651.82,54974,15,0
2024-11-20 20:00:00,2651.84,2653.12,2645.45,2650.01,26184,15,0
2024-11-21 00:00:00,2650.4,2660.42,2648.84,2653.43,16342,15,0
2024-11-21 04:00:00,2653.42,2658.93,2650.38,2656.88,25920,15,0
2024-11-21 08:00:00,2656.88,2671.72,2656.54,2668.88,40271,15,0
2024-11-21 12:00:00,2668.82,2673.5,2660.42,2665.48,43884,15,0
2024-11-21 16:00:00,2665.54,2672.82,2661.32,2671.79,68315,15,0
2024-11-21 20:00:00,2671.79,2673.47,2667.82,2669.47,22059,15,0
2024-11-22 00:00:00,2669.65,2679.44,2668.16,2677.8,16934,15,0
2024-11-22 04:00:00,2677.76,2692.39,2677.24,2686.63,38525,15,0
2024-11-22 08:00:00,2686.63,2707.44,2685.87,2703.3,54813,15,0
2024-11-22 12:00:00,2703.31,2710.16,2689.35,2692.93,56826,15,0
2024-11-22 16:00:00,2692.86,2707.27,2684.48,2706.83,71660,15,0
2024-11-22 20:00:00,2706.85,2715.62,2705.08,2715.44,22416,15,0
2024-11-25 00:00:00,2706.48,2721.27,2694.89,2701.14,32103,15,0
2024-11-25 04:00:00,2701.18,2704.35,2658.22,2664.68,50859,15,0
2024-11-25 08:00:00,2664.63,2675.27,2661.67,2673.95,52343,15,0
2024-11-25 12:00:00,2673.95,2688.71,2668.8,2678.26,42560,15,0
2024-11-25 16:00:00,2678.25,2678.8,2624.42,2627.84,75593,15,0
2024-11-25 20:00:00,2627.86,2628.78,2615.6,2625.53,25691,2,0
2024-11-26 00:00:00,2625.51,2632.15,2605.18,2628.06,36162,15,0
2024-11-26 04:00:00,2628.1,2631.4,2617.87,2624.29,34950,15,0
2024-11-26 08:00:00,2624.34,2627.12,2610.83,2626.0,38265,15,0
2024-11-26 12:00:00,2626.0,2641.96,2624.02,2629.94,49208,15,0
2024-11-26 16:00:00,2629.91,2633.83,2616.77,2624.91,55014,15,0
2024-11-26 20:00:00,2624.95,2633.51,2619.58,2632.62,27680,15,0
2024-11-27 00:00:00,2630.73,2634.1,2627.06,2631.35,17791,15,0
2024-11-27 04:00:00,2631.34,2645.72,2631.14,2642.03,28250,15,0
2024-11-27 08:00:00,2642.01,2653.92,2638.98,2648.41,37143,15,0
2024-11-27 12:00:00,2648.39,2658.23,2643.23,2656.23,40558,15,0
2024-11-27 16:00:00,2656.24,2656.86,2635.31,2637.23,63652,15,0
2024-11-27 20:00:00,2637.21,2640.82,2633.74,2635.59,20775,15,0
2024-11-28 00:00:00,2636.26,2638.39,2620.93,2628.76,20551,15,0
2024-11-28 04:00:00,2628.79,2634.06,2625.6,2633.39,23549,15,0
2024-11-28 08:00:00,2633.42,2647.98,2631.84,2646.09,29331,15,0
2024-11-28 12:00:00,2646.09,2649.67,2642.81,2647.03,27528,15,0
2024-11-28 16:00:00,2647.05,2647.98,2636.28,2640.92,23288,15,0
2024-11-28 20:00:00,2640.92,2641.06,2639.57,2640.56,438,15,0
2024-11-29 00:00:00,2638.23,2647.19,2634.04,2644.93,19981,15,0
2024-11-29 04:00:00,2644.9,2664.31,2644.73,2662.42,31715,15,0
2024-11-29 08:00:00,2662.36,2666.3,2654.53,2664.18,34120,15,0
2024-11-29 12:00:00,2664.15,2665.87,2656.18,2657.96,40364,15,0
2024-11-29 16:00:00,2657.98,2662.72,2650.52,2660.65,59290,15,0
2024-11-29 20:00:00,2660.66,2660.78,2654.9,2655.24,3624,15,0
2024-12-02 00:00:00,2650.06,2650.91,2622.91,2635.86,32470,15,0
2024-12-02 04:00:00,2635.85,2638.04,2621.93,2623.18,41369,15,0
2024-12-02 08:00:00,2623.18,2636.86,2621.94,2633.62,52014,15,0
2024-12-02 12:00:00,2633.57,2648.86,2633.28,2647.04,53740,15,0
2024-12-02 16:00:00,2647.04,2651.84,2637.34,2638.84,64323,15,0
2024-12-02 20:00:00,2638.78,2644.23,2633.53,2638.64,23756,15,0
2024-12-03 00:00:00,2638.57,2645.28,2634.1,2636.52,22390,15,0
2024-12-03 04:00:00,2636.53,2642.97,2634.47,2641.14,33173,15,0
2024-12-03 08:00:00,2641.14,2650.05,2639.24,2644.1,44563,15,0
2024-12-03 12:00:00,2644.09,2653.76,2637.78,2652.86,46367,15,0
2024-12-03 16:00:00,2652.85,2655.66,2635.22,2646.99,66732,15,0
2024-12-03 20:00:00,2646.97,2649.17,2640.22,2643.47,20412,15,0
2024-12-04 00:00:00,2642.81,2643.56,2637.68,2642.2,14109,15,0
2024-12-04 04:00:00,2642.22,2651.16,2641.94,2649.72,27567,15,0
2024-12-04 08:00:00,2649.76,2651.36,2636.71,2640.94,34976,15,0
2024-12-04 12:00:00,2640.94,2649.19,2632.42,2648.5,51118,15,0
2024-12-04 16:00:00,2648.46,2657.13,2645.05,2651.42,63864,15,0
2024-12-04 20:00:00,2651.42,2655.44,2646.85,2649.87,26106,15,0
2024-12-05 00:00:00,2648.82,2651.65,2646.22,2647.01,14125,15,0
2024-12-05 04:00:00,2647.06,2655.52,2644.68,2653.14,24250,15,0
2024-12-05 08:00:00,2653.11,2654.08,2641.91,2644.82,33136,15,0
2024-12-05 12:00:00,2644.77,2654.52,2644.29,2649.04,40397,15,0
2024-12-05 16:00:00,2648.97,2650.31,2623.73,2628.0,63287,15,0
2024-12-05 20:00:00,2628.01,2632.41,2623.54,2631.82,20561,15,0
2024-12-06 00:00:00,2631.76,2633.79,2613.23,2617.6,20349,15,0
2024-12-06 04:00:00,2617.62,2644.52,2616.92,2637.85,34922,15,0
2024-12-06 08:00:00,2637.85,2645.65,2636.01,2640.71,36743,15,0
2024-12-06 12:00:00,2640.71,2643.55,2631.26,2635.73,48613,15,0
2024-12-06 16:00:00,2635.73,2641.63,2624.06,2634.92,70361,15,0
2024-12-06 20:00:00,2634.87,2639.06,2631.09,2632.91,19455,15,0
2024-12-09 00:00:00,2647.48,2650.66,2627.48,2646.7,27971,15,0
2024-12-09 04:00:00,2646.68,2648.65,2634.65,2638.34,36291,15,0
2024-12-09 08:00:00,2638.34,2657.41,2638.18,2655.61,41087,15,0
2024-12-09 12:00:00,2655.6,2666.39,2653.3,2665.48,47558,15,0
2024-12-09 16:00:00,2665.54,2676.38,2662.67,2664.52,64579,15,0
2024-12-09 20:00:00,2664.51,2664.68,2656.73,2660.27,23153,15,0
2024-12-10 00:00:00,2660.81,2668.72,2657.88,2667.42,20811,15,0
2024-12-10 04:00:00,2667.42,2673.87,2665.45,2668.83,37808,15,0
2024-12-10 08:00:00,2668.83,2670.89,2661.18,2665.03,34472,15,0
2024-12-10 12:00:00,2665.06,2682.01,2664.44,2680.41,44338,15,0
2024-12-10 16:00:00,2680.55,2695.58,2679.5,2694.36,58575,15,0
2024-12-10 20:00:00,2694.36,2695.18,2690.87,2693.49,15957,15,0
2024-12-11 00:00:00,2693.45,2703.64,2693.37,2699.71,19934,15,0
2024-12-11 04:00:00,2699.73,2704.42,2675.01,2688.1,32917,6,0
2024-12-11 08:00:00,2688.11,2698.13,2686.73,2695.63,17041,6,0
2024-12-11 12:00:00,2695.65,2702.14,2690.58,2700.95,51628,15,0
2024-12-11 16:00:00,2700.86,2720.03,2696.55,2718.04,70539,15,0
2024-12-11 20:00:00,2718.04,2721.2,2713.29,2717.72,25684,15,0
2024-12-12 00:00:00,2716.44,2726.19,2698.48,2710.93,18681,15,0
2024-12-12 04:00:00,2710.89,2716.19,2703.67,2713.53,23295,15,0
2024-12-12 08:00:00,2713.49,2720.36,2710.04,2714.68,35129,15,0
2024-12-12 12:00:00,2714.63,2715.68,2697.38,2697.63,50871,15,0
2024-12-12 16:00:00,2697.64,2699.59,2675.1,2686.33,85522,15,0
2024-12-12 20:00:00,2686.31,2687.03,2679.41,2680.7,27938,15,0
2024-12-13 00:00:00,2680.72,2692.69,2678.91,2689.89,23476,15,0
2024-12-13 04:00:00,2689.89,2691.25,2684.2,2688.31,37894,15,0
2024-12-13 08:00:00,2688.31,2690.58,2667.45,2668.96,47775,15,0
2024-12-13 12:00:00,2668.93,2672.89,2659.55,2662.18,49746,15,0
2024-12-13 16:00:00,2662.18,2664.48,2654.67,2656.26,62736,15,0
2024-12-13 20:00:00,2656.31,2657.07,2646.14,2648.31,30360,15,0
2024-12-15 08:00:00,2648.31,2648.31,2648.31,2648.31,1,47,0
2024-12-16 00:00:00,2649.98,2655.66,2643.49,2653.36,20195,15,0
2024-12-16 04:00:00,2653.36,2655.61,2649.5,2652.82,21792,15,0
2024-12-16 08:00:00,2652.75,2662.03,2651.66,2658.1,28625,15,0
2024-12-16 12:00:00,2658.1,2664.39,2657.45,2661.89,34732,15,0
2024-12-16 16:00:00,2662.09,2663.05,2648.5,2652.09,46328,15,0
2024-12-16 20:00:00,2652.06,2655.69,2651.32,2652.9,16556,15,0
2024-12-17 00:00:00,2652.25,2658.63,2651.17,2658.05,15288,15,0
2024-12-17 04:00:00,2657.81,2658.64,2649.15,2653.64,24796,15,0
2024-12-17 08:00:00,2653.69,2657.03,2638.01,2639.7,37797,15,0
2024-12-17 12:00:00,2639.62,2646.87,2634.77,2637.03,41363,15,0
2024-12-17 16:00:00,2637.08,2647.04,2633.09,2645.98,56697,15,0
2024-12-17 20:00:00,2646.0,2649.01,2643.17,2645.98,22441,15,0
2024-12-18 00:00:00,2646.04,2651.68,2644.83,2650.9,13258,15,0
2024-12-18 04:00:00,2650.92,2651.0,2642.67,2647.43,28832,15,0
2024-12-18 08:00:00,2647.43,2649.68,2642.09,2646.81,30132,15,0
2024-12-18 12:00:00,2646.8,2649.42,2641.09,2643.96,30472,15,0
2024-12-18 16:00:00,2643.99,2644.88,2633.08,2636.06,48001,15,0
2024-12-18 20:00:00,2636.08,2638.96,2583.77,2586.07,63016,15,0
2024-12-19 00:00:00,2583.18,2618.06,2582.59,2611.83,24677,15,0
2024-12-19 04:00:00,2611.63,2613.84,2606.26,2607.15,24366,15,0
2024-12-19 08:00:00,2607.15,2622.83,2603.31,2620.37,37021,15,0
2024-12-19 12:00:00,2620.37,2626.4,2595.29,2596.36,50128,15,0
2024-12-19 16:00:00,2596.36,2600.9,2586.97,2592.65,63538,15,0
2024-12-19 20:00:00,2592.66,2600.97,2591.96,2594.07,27117,15,0
2024-12-20 00:00:00,2594.77,2603.93,2589.63,2603.82,18236,15,0
2024-12-20 04:00:00,2603.79,2604.02,2595.51,2600.41,25055,15,0
2024-12-20 08:00:00,2600.41,2607.75,2598.85,2605.07,31620,15,0
2024-12-20 12:00:00,2605.1,2614.12,2600.13,2609.63,38094,15,0
2024-12-20 16:00:00,2609.62,2631.94,2608.5,2625.62,67855,15,0
2024-12-20 20:00:00,2625.6,2629.34,2619.25,2622.35,27417,15,0
2024-12-23 00:00:00,2622.88,2625.18,2617.33,2620.86,15659,15,0
2024-12-23 04:00:00,2620.8,2629.17,2620.53,2626.71,17801,15,0
2024-12-23 08:00:00,2626.68,2633.22,2624.58,2626.38,23110,15,0
2024-12-23 12:00:00,2626.35,2626.87,2613.03,2617.4,31510,15,0
2024-12-23 16:00:00,2617.4,2619.85,2608.15,2611.27,51303,15,0
2024-12-23 20:00:00,2611.25,2613.73,2609.14,2613.2,15812,15,0
2024-12-24 00:00:00,2611.44,2617.98,2611.44,2617.59,10610,15,0
2024-12-24 04:00:00,2617.53,2621.35,2615.73,2619.22,19659,15,0
2024-12-24 08:00:00,2619.21,2621.42,2613.33,2613.49,17841,15,0
2024-12-24 12:00:00,2613.48,2617.84,2611.33,2614.21,22968,15,0
2024-12-24 16:00:00,2614.22,2619.36,2610.08,2616.91,41245,15,0
2024-12-24 20:00:00,2616.91,2617.79,2614.99,2616.07,1641,16,0
2024-12-26 00:00:00,2614.93,2627.74,2612.9,2626.7,9939,15,0
2024-12-26 04:00:00,2626.68,2629.09,2625.6,2626.28,12967,15,0
2024-12-26 08:00:00,2626.27,2629.47,2623.49,2627.31,13192,15,0
2024-12-26 12:00:00,2627.36,2631.1,2621.7,2623.03,23482,15,0
2024-12-26 16:00:00,2623.03,2639.09,2622.5,2629.28,48236,15,0
2024-12-26 20:00:00,2629.31,2636.17,2629.2,2633.31,21715,15,0
2024-12-27 00:00:00,2629.64,2634.27,2629.52,2632.19,9824,15,0
2024-12-27 04:00:00,2632.19,2635.49,2628.93,2631.4,19515,15,0
2024-12-27 08:00:00,2631.4,2638.27,2623.65,2623.97,22892,15,0
2024-12-27 12:00:00,2623.97,2631.58,2618.13,2618.88,28034,15,0
2024-12-27 16:00:00,2618.63,2619.76,2611.6,2615.83,48316,15,0
2024-12-27 20:00:00,2615.9,2621.78,2612.58,2621.63,18197,15,0
2024-12-30 00:00:00,2617.06,2626.82,2617.06,2624.21,11868,15,0
2024-12-30 04:00:00,2624.25,2628.09,2620.56,2623.63,17604,15,0
2024-12-30 08:00:00,2623.65,2624.64,2609.29,2612.76,27040,15,0
2024-12-30 12:00:00,2612.7,2622.54,2606.48,2606.65,34914,15,0
2024-12-30 16:00:00,2606.66,2613.75,2596.11,2605.21,53717,15,0
2024-12-30 20:00:00,2605.24,2609.58,2603.45,2606.29,21501,15,0
2024-12-31 00:00:00,2605.88,2611.55,2603.85,2608.87,10680,15,0
2024-12-31 04:00:00,2608.84,2609.48,2602.64,2604.37,14972,15,0
2024-12-31 08:00:00,2604.37,2617.65,2603.58,2615.2,23684,15,0
2024-12-31 12:00:00,2615.24,2616.33,2605.43,2613.22,27149,15,0
2024-12-31 16:00:00,2613.22,2627.43,2611.24,2624.22,41526,15,0
2024-12-31 20:00:00,2624.12,2627.15,2622.01,2623.85,16272,15,0
2025-01-02 00:00:00,2624.81,2634.42,2621.57,2632.99,16434,15,0
2025-01-02 04:00:00,2632.96,2636.49,2631.06,2634.05,29637,15,0
2025-01-02 08:00:00,2634.12,2639.92,2631.03,2636.06,29941,15,0
2025-01-02 12:00:00,2636.08,2647.27,2632.72,2643.03,43576,15,0
2025-01-02 16:00:00,2642.92,2660.42,2640.33,2656.51,67293,15,0
2025-01-02 20:00:00,2656.52,2660.43,2653.72,2657.39,26747,15,0
2025-01-03 00:00:00,2657.39,2662.48,2656.63,2659.36,9836,15,0
2025-01-03 04:00:00,2659.31,2665.22,2655.62,2658.5,19132,15,0
2025-01-03 08:00:00,2658.54,2660.32,2649.85,2653.6,27321,15,0
2025-01-03 12:00:00,2653.58,2659.28,2643.46,2649.94,28821,15,0
2025-01-03 16:00:00,2649.85,2652.68,2639.02,2641.8,54656,15,0
2025-01-03 20:00:00,2641.84,2642.94,2636.47,2639.22,18438,15,0
2025-01-06 00:00:00,2641.15,2647.38,2638.58,2641.3,17922,15,0
2025-01-06 04:00:00,2641.22,2645.33,2631.45,2633.82,28552,15,0
2025-01-06 08:00:00,2633.82,2635.76,2625.09,2632.67,28658,15,0
2025-01-06 12:00:00,2632.67,2649.52,2621.92,2624.16,55900,15,0
2025-01-06 16:00:00,2624.14,2641.25,2614.49,2636.68,74942,15,0
2025-01-06 20:00:00,2636.7,2638.63,2632.88,2635.95,25027,15,0
2025-01-07 00:00:00,2635.98,2641.13,2632.94,2638.97,15817,15,0
2025-01-07 04:00:00,2638.97,2645.55,2636.95,2644.35,22207,15,0
2025-01-07 08:00:00,2644.34,2646.72,2637.96,2641.41,27827,15,0
2025-01-07 12:00:00,2641.37,2663.82,2641.27,2661.99,40496,15,0
2025-01-07 16:00:00,2662.0,2663.0,2642.12,2652.46,71329,15,0
2025-01-07 20:00:00,2652.48,2652.59,2647.0,2648.74,31991,15,0
2025-01-08 00:00:00,2648.45,2651.54,2647.19,2648.82,14306,15,0
2025-01-08 04:00:00,2648.8,2650.72,2645.19,2650.04,21979,15,0
2025-01-08 08:00:00,2650.04,2655.79,2648.82,2654.2,29323,15,0
2025-01-08 12:00:00,2654.16,2660.44,2645.88,2660.27,41698,15,0
2025-01-08 16:00:00,2660.24,2670.11,2649.41,2655.61,63067,15,0
2025-01-08 20:00:00,2655.58,2664.02,2650.92,2661.46,28037,15,0
2025-01-09 00:00:00,2661.41,2663.12,2657.81,2658.96,10405,15,0
2025-01-09 04:00:00,2658.91,2662.69,2656.02,2658.89,19610,15,0
2025-01-09 08:00:00,2658.88,2667.45,2658.88,2665.55,28456,15,0
2025-01-09 12:00:00,2665.56,2678.88,2664.96,2673.32,35838,15,0
2025-01-09 16:00:00,2673.32,2676.32,2663.27,2666.58,38875,15,0
2025-01-09 20:00:00,2666.58,2673.09,2665.73,2670.87,18054,15,0
2025-01-10 00:00:00,2670.07,2672.56,2669.0,2671.69,13030,15,0
2025-01-10 04:00:00,2671.69,2676.49,2671.09,2675.54,18010,15,0
2025-01-10 08:00:00,2675.54,2682.9,2674.06,2679.2,32133,15,0
2025-01-10 12:00:00,2679.26,2684.4,2664.37,2683.37,50221,15,0
2025-01-10 16:00:00,2683.31,2697.78,2681.48,2695.97,91165,15,0
2025-01-10 20:00:00,2695.97,2697.11,2684.45,2689.22,30074,15,0
2025-01-13 00:00:00,2687.91,2693.16,2678.74,2685.6,25542,15,0
2025-01-13 04:00:00,2685.68,2690.81,2683.28,2686.93,31379,15,0
2025-01-13 08:00:00,2687.02,2691.3,2683.14,2684.79,43694,15,0
2025-01-13 12:00:00,2684.78,2685.01,2663.85,2669.12,57120,15,0
2025-01-13 16:00:00,2669.16,2674.2,2659.32,2660.88,69077,15,0
2025-01-13 20:00:00,2660.93,2664.18,2656.81,2663.67,23100,15,0
2025-01-14 00:00:00,2662.92,2672.87,2662.92,2671.47,19755,15,0
2025-01-14 04:00:00,2671.48,2674.67,2667.41,2669.13,29846,15,0
2025-01-14 08:00:00,2669.23,2675.06,2664.74,2667.35,39290,15,0
2025-01-14 12:00:00,2667.37,2674.31,2660.83,2662.92,47976,15,0
2025-01-14 16:00:00,2662.92,2674.0,2659.84,2669.04,70735,15,0
2025-01-14 20:00:00,2669.07,2678.12,2666.7,2676.8,28584,15,0
2025-01-15 00:00:00,2677.84,2677.91,2670.3,2670.43,9965,15,0
2025-01-15 04:00:00,2670.46,2679.8,2669.87,2679.78,25243,15,0
2025-01-15 08:00:00,2679.75,2689.16,2679.57,2686.52,37798,15,0
2025-01-15 12:00:00,2686.59,2694.1,2682.12,2693.72,57428,15,0
2025-01-15 16:00:00,2693.7,2696.03,2676.65,2692.63,78623,15,0
2025-01-15 20:00:00,2692.63,2697.3,2690.98,2696.26,24623,15,0
2025-01-16 00:00:00,2692.1,2702.59,2691.4,2696.61,22360,15,0
2025-01-16 04:00:00,2696.72,2698.8,2693.49,2694.13,24333,15,0
2025-01-16 08:00:00,2694.13,2706.78,2689.3,2705.97,43100,15,0
2025-01-16 12:00:00,2705.98,2718.21,2700.87,2715.43,52718,15,0
2025-01-16 16:00:00,2715.47,2724.73,2712.51,2721.75,73494,15,0
2025-01-16 20:00:00,2721.74,2723.32,2712.25,2714.38,27574,15,0
2025-01-17 00:00:00,2714.14,2716.59,2710.35,2714.12,19153,15,0
2025-01-17 04:00:00,2714.24,2716.97,2711.62,2712.02,22944,15,0
2025-01-17 08:00:00,2712.02,2713.91,2703.34,2704.29,33221,15,0
2025-01-17 12:00:00,2704.24,2712.18,2702.29,2705.09,47227,15,0
2025-01-17 16:00:00,2705.07,2717.3,2702.67,2712.58,67596,15,0
2025-01-17 20:00:00,2712.57,2713.31,2699.14,2702.52,29472,15,0
2025-01-20 00:00:00,2702.51,2703.0,2689.22,2694.37,22691,15,0
2025-01-20 04:00:00,2694.43,2708.08,2694.17,2706.58,31151,15,0
2025-01-20 08:00:00,2706.62,2713.13,2702.79,2706.78,32516,15,0
2025-01-20 12:00:00,2706.76,2713.08,2701.54,2705.08,47260,15,0
2025-01-20 16:00:00,2705.11,2712.1,2703.32,2707.43,46346,15,0
2025-01-20 20:00:00,2707.43,2711.31,2705.18,2709.7,2746,15,0
2025-01-21 00:00:00,2706.98,2718.66,2702.12,2717.38,29145,15,0
2025-01-21 04:00:00,2717.38,2728.51,2717.28,2725.49,41831,15,0
2025-01-21 08:00:00,2725.52,2732.08,2717.89,2721.49,47882,15,0
2025-01-21 12:00:00,2721.49,2730.3,2716.7,2726.53,51399,15,0
2025-01-21 16:00:00,2726.49,2746.03,2725.54,2740.6,68204,15,0
2025-01-21 20:00:00,2740.58,2746.27,2740.27,2744.92,25298,15,0
2025-01-22 00:00:00,2744.95,2749.92,2741.64,2748.17,19266,15,0
2025-01-22 04:00:00,2748.11,2758.63,2746.24,2758.0,27913,15,0
2025-01-22 08:00:00,2758.0,2762.28,2745.56,2758.45,44314,15,0
2025-01-22 12:00:00,2758.46,2763.29,2751.02,2757.71,40778,15,0
2025-01-22 16:00:00,2757.73,2760.29,2750.28,2756.57,61479,15,0
2025-01-22 20:00:00,2756.57,2759.38,2754.81,2756.02,23252,15,0
2025-01-23 00:00:00,2755.8,2756.31,2750.59,2752.64,13501,15,0
2025-01-23 04:00:00,2752.64,2754.9,2749.49,2752.15,27100,15,0
2025-01-23 08:00:00,2752.15,2755.53,2740.93,2745.91,38841,15,0
2025-01-23 12:00:00,2745.89,2754.44,2735.86,2741.63,58572,15,0
2025-01-23 16:00:00,2741.68,2758.77,2740.34,2757.73,69419,15,0
2025-01-23 20:00:00,2757.78,2758.23,2751.38,2754.28,31099,15,0
2025-01-24 00:00:00,2755.0,2762.57,2753.64,2762.33,15100,15,0
2025-01-24 04:00:00,2762.34,2777.28,2762.34,2775.22,46092,15,0
2025-01-24 08:00:00,2775.2,2778.38,2769.96,2772.76,41142,15,0
2025-01-24 12:00:00,2772.76,2784.59,2771.58,2782.42,41660,15,0
2025-01-24 16:00:00,2782.43,2785.96,2769.82,2773.23,67240,15,0
2025-01-24 20:00:00,2773.23,2775.27,2770.5,2771.22,23415,15,0
2025-01-27 00:00:00,2766.86,2772.46,2762.93,2762.96,24782,15,0
2025-01-27 04:00:00,2762.96,2763.65,2752.78,2753.17,42091,15,0
2025-01-27 08:00:00,2753.14,2764.85,2747.21,2763.33,48809,15,0
2025-01-27 12:00:00,2763.42,2771.98,2752.27,2757.25,57802,15,0
2025-01-27 16:00:00,2757.22,2757.88,2730.41,2733.71,77468,15,0
2025-01-27 20:00:00,2733.66,2743.95,2732.99,2740.45,33192,15,0
2025-01-28 00:00:00,2740.7,2745.34,2739.32,2741.34,16255,15,0
2025-01-28 04:00:00,2741.34,2744.92,2737.81,2741.63,36166,15,0
2025-01-28 08:00:00,2741.56,2745.0,2734.76,2743.35,37128,15,0
2025-01-28 12:00:00,2743.35,2749.53,2741.0,2748.94,40136,15,0
2025-01-28 16:00:00,2748.98,2760.08,2748.95,2759.68,60730,15,0
2025-01-28 20:00:00,2759.68,2765.01,2759.22,2763.34,24837,15,0
2025-01-29 00:00:00,2763.16,2766.24,2762.27,2763.7,8379,15,0
2025-01-29 04:00:00,2763.74,2765.61,2760.15,2760.63,24883,15,0
2025-01-29 08:00:00,2760.73,2766.13,2757.38,2762.69,38824,15,0
2025-01-29 12:00:00,2762.72,2763.33,2752.25,2758.68,49300,15,0
2025-01-29 16:00:00,2758.66,2761.05,2748.19,2752.74,57187,15,0
2025-01-29 20:00:00,2752.73,2759.46,2744.73,2759.17,44713,15,0
2025-01-30 00:00:00,2759.54,2762.56,2757.75,2760.12,9927,15,0
2025-01-30 04:00:00,2760.08,2763.33,2758.66,2760.48,17521,15,0
2025-01-30 08:00:00,2760.42,2776.53,2760.18,2774.24,36316,15,0
2025-01-30 12:00:00,2774.19,2786.09,2773.8,2785.82,46778,15,0
2025-01-30 16:00:00,2785.84,2798.54,2780.01,2795.59,91668,15,0
2025-01-30 20:00:00,2795.59,2798.36,2786.28,2792.72,39037,15,0
2025-01-31 00:00:00,2793.91,2799.46,2791.05,2796.32,16277,15,0
2025-01-31 04:00:00,2796.32,2798.23,2794.0,2795.51,25689,15,0
2025-01-31 08:00:00,2795.51,2800.89,2791.62,2793.66,37678,15,0
2025-01-31 12:00:00,2793.66,2808.43,2791.01,2806.46,45843,15,0
2025-01-31 16:00:00,2806.43,2817.12,2803.0,2808.72,74730,10,0
2025-01-31 20:00:00,2808.73,2808.92,2794.21,2798.6,58477,15,0
2025-02-03 00:00:00,2800.53,2803.61,2778.29,2782.21,37117,15,0
2025-02-03 04:00:00,2782.16,2785.03,2772.03,2783.06,56531,15,0
2025-02-03 08:00:00,2783.02,2800.79,2782.84,2796.31,56950,15,0
2025-02-03 12:00:00,2796.33,2811.84,2792.87,2811.03,49463,15,0
2025-02-03 16:00:00,2811.05,2830.56,2810.14,2817.13,86521,15,0
2025-02-03 20:00:00,2817.13,2822.95,2812.23,2814.63,38323,15,0
2025-02-04 00:00:00,2813.81,2824.27,2812.25,2823.35,15856,15,0
2025-02-04 04:00:00,2823.34,2824.58,2813.39,2815.82,43664,15,0
2025-02-04 08:00:00,2815.74,2821.9,2807.17,2820.48,55292,15,0
2025-02-04 12:00:00,2820.44,2837.12,2812.5,2831.65,58416,15,0
2025-02-04 16:00:00,2831.7,2845.48,2828.98,2843.9,83469,15,0
2025-02-04 20:00:00,2843.95,2845.01,2840.85,2841.98,29205,15,0
2025-02-05 00:00:00,2841.47,2849.72,2840.28,2845.0,28274,15,0
2025-02-05 04:00:00,2845.14,2861.2,2844.5,2859.78,28742,15,0
2025-02-05 08:00:00,2859.76,2872.17,2855.44,2870.88,41396,15,0
2025-02-05 12:00:00,2870.93,2877.57,2858.52,2861.85,52371,15,0
2025-02-05 16:00:00,2861.85,2882.29,2860.63,2872.95,81245,15,0
2025-02-05 20:00:00,2872.92,2873.45,2859.9,2867.32,39381,15,0
2025-02-06 00:00:00,2867.65,2871.29,2864.2,2870.93,18507,15,0
2025-02-06 04:00:00,2870.92,2872.57,2863.73,2867.71,29847,15,0
2025-02-06 08:00:00,2867.7,2870.71,2848.85,2859.31,46085,15,0
2025-02-06 12:00:00,2859.32,2870.31,2855.53,2856.75,51661,15,0
2025-02-06 16:00:00,2856.69,2859.8,2834.18,2852.36,67545,15,0
2025-02-06 20:00:00,2852.39,2857.35,2849.84,2855.94,27752,15,0
2025-02-07 00:00:00,2855.93,2868.82,2855.81,2866.78,15460,15,0
2025-02-07 04:00:00,2866.78,2870.8,2861.5,2861.6,22870,15,0
2025-02-07 08:00:00,2861.58,2870.69,2858.97,2868.94,33657,15,0
2025-02-07 12:00:00,2868.97,2870.66,2852.43,2862.58,48420,15,0
2025-02-07 16:00:00,2862.69,2886.78,2853.31,2860.02,87442,15,0
2025-02-07 20:00:00,2860.01,2865.29,2858.87,2861.09,26121,15,0
2025-02-10 00:00:00,2855.78,2877.24,2854.82,2872.45,27955,15,0
2025-02-10 04:00:00,2872.44,2880.58,2871.85,2879.36,30688,15,0
2025-02-10 08:00:00,2879.34,2903.27,2878.97,2902.96,46907,15,0
2025-02-10 12:00:00,2902.95,2911.11,2898.67,2900.99,57271,15,0
2025-02-10 16:00:00,2900.99,2911.73,2896.35,2903.31,59850,15,0
2025-02-10 20:00:00,2903.32,2908.19,2900.83,2907.91,25528,15,0
2025-02-11 00:00:00,2907.87,2936.76,2907.87,2934.69,26068,15,0
2025-02-11 04:00:00,2934.61,2943.29,2905.62,2922.32,49525,15,0
2025-02-11 08:00:00,2922.26,2928.78,2902.41,2902.61,54991,15,0
2025-02-11 12:00:00,2902.61,2906.48,2881.18,2896.46,74912,15,0
2025-02-11 16:00:00,2896.49,2908.66,2890.83,2905.55,74150,15,0
2025-02-11 20:00:00,2905.56,2907.19,2894.08,2897.59,33642,15,0
2025-02-12 00:00:00,2897.18,2900.63,2883.15,2893.85,21294,15,0
2025-02-12 04:00:00,2893.86,2898.41,2884.22,2886.86,34921,15,0
2025-02-12 08:00:00,2886.86,2895.8,2885.83,2886.23,42438,15,0
2025-02-12 12:00:00,2886.21,2889.29,2864.02,2884.76,55461,15,0
2025-02-12 16:00:00,2884.74,2909.19,2881.9,2902.88,75465,15,0
2025-02-12 20:00:00,2902.87,2904.21,2893.59,2904.14,33216,15,0
2025-02-13 00:00:00,2904.52,2908.99,2900.35,2906.03,18052,15,0
2025-02-13 04:00:00,2906.02,2923.39,2905.26,2918.57,29508,15,0
2025-02-13 08:00:00,2918.57,2920.68,2909.4,2915.42,46636,15,0
2025-02-13 12:00:00,2915.42,2921.34,2905.77,2908.52,51785,15,0
2025-02-13 16:00:00,2908.52,2920.95,2906.48,2918.92,62180,15,0
2025-02-13 20:00:00,2918.95,2929.49,2914.3,2928.38,32872,15,0
2025-02-14 00:00:00,2928.45,2933.85,2927.37,2929.92,22247,15,0
2025-02-14 04:00:00,2929.92,2932.39,2923.32,2930.96,33152,15,0
2025-02-14 08:00:00,2930.96,2938.83,2929.88,2935.25,49960,15,0
2025-02-14 12:00:00,2935.3,2940.04,2917.59,2920.5,60103,15,0
2025-02-14 16:00:00,2920.5,2928.53,2885.43,2886.99,110050,15,0
2025-02-14 20:00:00,2887.0,2887.94,2877.03,2882.67,40525,15,0
2025-02-17 00:00:00,2885.77,2896.5,2878.38,2895.47,27271,15,0
2025-02-17 04:00:00,2895.42,2905.19,2893.75,2896.21,30677,15,0
2025-02-17 08:00:00,2896.21,2906.38,2888.27,2902.58,43118,15,0
2025-02-17 12:00:00,2902.58,2903.86,2895.43,2896.76,43824,15,0
2025-02-17 16:00:00,2896.77,2904.11,2896.43,2898.49,41026,15,0
2025-02-17 20:00:00,2898.54,2899.15,2897.11,2898.05,3266,15,0
2025-02-18 00:00:00,2899.04,2900.32,2891.87,2895.75,12140,15,0
2025-02-18 04:00:00,2895.73,2915.81,2895.27,2910.65,30822,15,0
2025-02-18 08:00:00,2910.57,2915.38,2908.23,2912.64,28976,15,0
2025-02-18 12:00:00,2912.63,2921.42,2907.08,2918.72,37551,15,0
2025-02-18 16:00:00,2918.72,2933.68,2917.71,2931.13,56407,15,0
2025-02-18 20:00:00,2931.2,2936.93,2928.36,2935.14,26859,15,0
2025-02-19 00:00:00,2934.86,2939.59,2927.92,2938.46,12743,15,0
2025-02-19 04:00:00,2938.47,2939.61,2924.34,2932.73,29489,15,0
2025-02-19 08:00:00,2932.72,2946.56,2930.39,2945.41,32162,15,0
2025-02-19 12:00:00,2945.4,2946.99,2931.22,2936.31,40928,15,0
2025-02-19 16:00:00,2936.31,2940.56,2921.44,2923.89,61298,15,0
2025-02-19 20:00:00,2923.89,2937.52,2918.59,2932.8,34147,15,0
2025-02-20 00:00:00,2933.3,2942.36,2933.26,2936.91,16076,15,0
2025-02-20 04:00:00,2936.91,2946.84,2933.88,2946.76,21925,15,0
2025-02-20 08:00:00,2946.76,2954.9,2943.87,2951.5,28743,15,0
2025-02-20 12:00:00,2951.65,2954.79,2933.7,2933.93,46371,15,0
2025-02-20 16:00:00,2933.88,2947.0,2924.08,2940.46,65964,15,0
2025-02-20 20:00:00,2940.44,2942.48,2933.49,2938.37,28504,15,0
2025-02-21 00:00:00,2938.77,2949.28,2927.25,2929.24,19301,15,0
2025-02-21 04:00:00,2929.16,2941.73,2923.53,2929.61,35691,15,0
2025-02-21 08:00:00,2929.62,2933.66,2916.78,2929.29,33111,15,0
2025-02-21 12:00:00,2929.3,2936.13,2926.88,2930.91,33628,15,0
2025-02-21 16:00:00,2930.91,2941.63,2921.54,2939.7,59026,15,0
2025-02-21 20:00:00,2939.71,2942.78,2932.02,2936.06,30586,15,0
2025-02-24 00:00:00,2934.21,2940.18,2921.89,2928.43,25387,15,0
2025-02-24 04:00:00,2928.41,2944.11,2925.57,2936.29,34321,15,0
2025-02-24 08:00:00,2936.26,2948.73,2935.24,2944.19,30106,15,0
2025-02-24 12:00:00,2944.23,2954.56,2934.9,2954.43,35162,15,0
2025-02-24 16:00:00,2954.43,2956.2,2930.69,2943.31,62828,15,0
2025-02-24 20:00:00,2943.34,2952.94,2942.73,2952.32,22059,15,0
2025-02-25 00:00:00,2952.54,2953.52,2945.21,2949.56,18135,15,0
2025-02-25 04:00:00,2949.49,2952.05,2935.16,2937.92,28397,15,0
2025-02-25 08:00:00,2937.86,2942.39,2929.32,2938.4,38172,15,0
2025-02-25 12:00:00,2938.41,2941.06,2923.31,2936.68,48442,15,0
2025-02-25 16:00:00,2936.68,2944.84,2888.19,2907.64,86971,15,0
2025-02-25 20:00:00,2907.63,2917.27,2905.34,2914.91,33147,15,0
2025-02-26 00:00:00,2915.1,2930.15,2913.37,2917.85,21377,15,0
2025-02-26 04:00:00,2917.86,2923.04,2912.64,2915.37,22749,15,0
2025-02-26 08:00:00,2915.38,2919.02,2905.8,2913.06,32542,15,0
2025-02-26 12:00:00,2913.08,2916.82,2905.52,2905.91,30192,15,0
2025-02-26 16:00:00,2905.92,2916.97,2890.79,2914.0,59803,15,0
2025-02-26 20:00:00,2913.99,2918.69,2912.03,2916.36,26270,15,0
2025-02-27 00:00:00,2916.45,2920.76,2911.06,2912.54,15617,15,0
2025-02-27 04:00:00,2912.54,2914.87,2888.39,2890.79,36152,15,0
2025-02-27 08:00:00,2890.77,2898.22,2877.33,2886.64,48885,15,0
2025-02-27 12:00:00,2886.64,2894.32,2880.04,2887.85,46972,15,0
2025-02-27 16:00:00,2887.85,2891.49,2867.85,2883.15,70992,15,0
2025-02-27 20:00:00,2883.14,2887.61,2871.26,2875.95,35793,15,0
2025-02-28 00:00:00,2876.34,2883.85,2872.63,2873.54,17704,15,0
2025-02-28 04:00:00,2873.48,2877.82,2856.91,2864.09,37889,15,0
2025-02-28 08:00:00,2864.17,2866.63,2851.05,2862.42,40328,15,0
2025-02-28 12:00:00,2862.38,2864.94,2848.21,2848.37,39232,15,0
2025-02-28 16:00:00,2848.49,2854.01,2832.67,2845.08,67677,15,0
2025-02-28 20:00:00,2845.08,2859.25,2838.03,2857.43,37266,15,0
2025-03-03 00:00:00,2859.52,2876.65,2859.52,2870.87,24436,15,0
2025-03-03 04:00:00,2870.82,2871.93,2859.29,2863.83,26990,15,0
2025-03-03 08:00:00,2863.82,2871.57,2858.86,2867.44,35165,15,0
2025-03-03 12:00:00,2867.46,2877.69,2867.24,2872.63,30736,15,0
2025-03-03 16:00:00,2872.63,2893.11,2871.34,2890.96,55045,15,0
2025-03-03 20:00:00,2890.96,2895.29,2878.36,2893.47,35601,15,0
2025-03-04 00:00:00,2891.71,2893.73,2881.97,2888.29,16188,15,0
2025-03-04 04:00:00,2888.24,2894.31,2884.77,2889.6,22743,15,0
2025-03-04 08:00:00,2889.62,2921.34,2884.29,2917.92,36088,15,0
2025-03-04 12:00:00,2917.91,2927.88,2911.99,2922.1,41449,15,0
2025-03-04 16:00:00,2922.11,2922.54,2900.28,2911.6,68674,15,0
2025-03-04 20:00:00,2911.61,2920.68,2908.25,2917.51,33035,15,0
2025-03-05 00:00:00,2917.83,2918.14,2903.31,2907.11,18720,15,0
2025-03-05 04:00:00,2907.13,2919.39,2901.94,2919.32,26398,15,0
2025-03-05 08:00:00,2919.26,2922.54,2912.85,2918.96,39535,15,0
2025-03-05 12:00:00,2918.98,2919.26,2894.3,2899.99,42500,15,0
2025-03-05 16:00:00,2899.95,2929.84,2897.67,2916.08,74937,15,0
2025-03-05 20:00:00,2916.15,2922.99,2911.19,2919.13,30208,15,0
2025-03-06 00:00:00,2918.58,2925.69,2915.69,2924.59,14004,15,0
2025-03-06 04:00:00,2924.6,2926.56,2914.54,2919.71,23015,15,0
2025-03-06 08:00:00,2919.84,2923.01,2891.22,2894.22,45073,15,0
2025-03-06 12:00:00,2894.22,2909.37,2891.97,2904.51,46799,15,0
2025-03-06 16:00:00,2904.51,2922.65,2903.37,2915.47,62573,15,0
2025-03-06 20:00:00,2915.54,2920.6,2908.31,2910.86,27647,15,0
2025-03-07 00:00:00,2911.89,2913.58,2896.5,2906.87,21980,15,0
2025-03-07 04:00:00,2906.85,2912.47,2901.3,2909.61,33087,15,0
2025-03-07 08:00:00,2909.52,2923.04,2907.74,2921.52,28542,15,0
2025-03-07 12:00:00,2921.43,2926.36,2910.03,2913.69,39567,15,0
2025-03-07 16:00:00,2913.69,2930.32,2903.66,2908.22,72813,15,0
2025-03-07 20:00:00,2908.22,2912.52,2901.97,2911.15,31623,15,0
2025-03-10 00:00:00,2911.49,2918.24,2911.25,2912.04,20333,15,0
2025-03-10 04:00:00,2912.06,2914.52,2906.93,2909.88,24353,15,0
2025-03-10 08:00:00,2909.88,2915.49,2896.65,2911.18,37753,15,0
2025-03-10 12:00:00,2911.15,2911.31,2896.2,2903.56,50594,15,0
2025-03-10 16:00:00,2903.51,2910.3,2882.7,2886.18,59899,15,0
2025-03-10 20:00:00,2886.24,2891.0,2880.24,2889.02,26376,15,0
2025-03-11 00:00:00,2888.2,2891.59,2880.07,2891.28,24237,15,0
2025-03-11 04:00:00,2891.11,2899.98,2890.58,2895.19,25366,15,0
2025-03-11 08:00:00,2895.27,2912.52,2892.89,2911.74,34920,15,0
2025-03-11 12:00:00,2911.76,2922.25,2906.77,2917.96,39128,15,0
2025-03-11 16:00:00,2917.96,2920.85,2911.81,2917.7,47942,15,0
2025-03-11 20:00:00,2917.69,2921.34,2915.14,2916.02,18986,15,0
2025-03-12 00:00:00,2915.9,2919.57,2910.08,2914.16,16148,15,0
2025-03-12 04:00:00,2914.02,2920.66,2912.07,2916.08,20645,15,0
2025-03-12 08:00:00,2916.09,2925.94,2908.29,2914.69,37577,15,0
2025-03-12 12:00:00,2914.71,2922.58,2905.42,2916.31,49952,15,0
2025-03-12 16:00:00,2916.3,2940.49,2914.97,2936.13,51863,15,0
2025-03-12 20:00:00,2936.12,2937.35,2930.78,2933.11,18301,15,0
2025-03-13 00:00:00,2933.94,2940.73,2933.53,2937.21,16639,15,0
2025-03-13 04:00:00,2937.31,2946.42,2936.92,2940.03,24741,15,0
2025-03-13 08:00:00,2940.02,2948.89,2932.66,2947.86,30426,15,0
2025-03-13 12:00:00,2947.86,2952.46,2938.95,2950.44,44565,15,0
2025-03-13 16:00:00,2950.46,2985.28,2949.9,2979.39,70668,15,0
2025-03-13 20:00:00,2979.37,2989.09,2978.94,2988.66,19675,15,0
2025-03-14 00:00:00,2988.43,2990.09,2981.64,2987.82,22951,15,0
2025-03-14 04:00:00,2987.79,2993.87,2981.82,2986.49,26126,15,0
2025-03-14 08:00:00,2986.42,2999.49,2980.79,2998.75,33813,15,0
2025-03-14 12:00:00,2998.77,3004.82,2983.18,2985.68,50356,15,0
2025-03-14 16:00:00,2985.65,2993.43,2978.41,2986.73,51742,15,0
2025-03-14 20:00:00,2986.72,2988.82,2981.75,2985.97,16221,15,0
2025-03-17 00:00:00,2984.8,2994.01,2984.0,2990.81,20597,15,0
2025-03-17 04:00:00,2990.91,2992.06,2982.21,2986.01,16996,15,0
2025-03-17 08:00:00,2986.02,2996.94,2983.17,2995.62,22557,15,0
2025-03-17 12:00:00,2995.62,3001.18,2984.76,2988.46,37916,15,0
2025-03-17 16:00:00,2988.39,3000.54,2987.05,2997.94,37840,15,0
2025-03-17 20:00:00,2997.92,3001.93,2996.76,3001.21,13603,15,0
2025-03-18 00:00:00,3001.51,3007.81,2999.11,3005.01,16323,15,0
2025-03-18 04:00:00,3005.01,3016.92,3002.07,3011.14,22622,15,0
2025-03-18 08:00:00,3011.2,3029.09,3010.42,3019.46,31717,15,0
2025-03-18 12:00:00,3019.28,3038.28,3019.01,3033.21,45021,15,0
2025-03-18 16:00:00,3032.97,3036.95,3024.68,3032.6,46729,15,0
2025-03-18 20:00:00,3032.59,3037.99,3032.38,3033.93,13368,15,0
2025-03-19 00:00:00,3033.84,3034.95,3026.69,3028.78,11967,15,0
2025-03-19 04:00:00,3028.72,3044.61,3028.39,3043.82,21435,15,0
2025-03-19 08:00:00,3043.76,3044.69,3022.07,3030.2,32901,15,0
2025-03-19 12:00:00,3030.2,3040.94,3027.7,3033.38,31779,15,0
2025-03-19 16:00:00,3033.38,3039.03,3025.84,3029.83,37011,15,0
2025-03-19 20:00:00,3029.82,3052.0,3028.82,3047.33,30006,15,0
2025-03-20 00:00:00,3048.73,3056.18,3046.81,3049.59,23967,15,0
2025-03-20 04:00:00,3049.59,3057.75,3044.27,3046.21,34077,15,0
2025-03-20 08:00:00,3046.19,3051.41,3038.06,3041.39,35955,15,0
2025-03-20 12:00:00,3041.39,3042.95,3025.0,3033.45,56449,15,0
2025-03-20 16:00:00,3033.45,3043.84,3030.81,3041.66,49170,15,0
2025-03-20 20:00:00,3041.66,3046.12,3040.8,3044.52,15291,15,0
2025-03-21 00:00:00,3044.9,3047.44,3035.75,3035.75,16233,15,0
2025-03-21 04:00:00,3035.75,3036.95,3021.59,3028.07,27881,15,0
2025-03-21 08:00:00,3028.07,3034.86,3027.02,3030.28,31851,15,0
2025-03-21 12:00:00,3030.28,3038.69,3004.19,3006.54,44940,15,0
2025-03-21 16:00:00,3006.47,3018.04,2999.93,3013.18,60221,15,0
2025-03-21 20:00:00,3013.22,3024.04,3012.74,3022.99,17232,15,0
2025-03-24 00:00:00,3023.55,3026.3,3016.35,3020.15,24241,15,0
2025-03-24 04:00:00,3020.35,3024.17,3014.41,3022.62,25624,15,0
2025-03-24 08:00:00,3022.53,3030.38,3017.71,3023.49,34546,15,0
2025-03-24 12:00:00,3023.55,3033.24,3019.08,3022.67,43051,15,0
2025-03-24 16:00:00,3022.52,3024.02,3005.77,3007.1,52123,15,0
2025-03-24 20:00:00,3007.1,3014.66,3002.46,3011.7,18210,15,0
2025-03-25 00:00:00,3011.4,3015.46,3008.87,3012.44,15731,15,0
2025-03-25 04:00:00,3012.42,3021.61,3006.86,3018.91,24379,15,0
2025-03-25 08:00:00,3018.91,3023.54,3010.51,3023.38,24943,15,0
2025-03-25 12:00:00,3023.25,3030.64,3014.11,3028.53,34237,15,0
2025-03-25 16:00:00,3028.53,3035.99,3017.9,3022.62,39651,15,0
2025-03-25 20:00:00,3022.62,3022.92,3017.84,3020.24,10533,15,0
2025-03-26 00:00:00,3019.45,3025.39,3016.32,3024.68,15039,15,0
2025-03-26 04:00:00,3024.71,3026.93,3013.08,3022.75,25387,15,0
2025-03-26 08:00:00,3022.67,3032.07,3017.49,3018.78,28215,15,0
2025-03-26 12:00:00,3018.62,3030.38,3015.87,3016.69,33835,15,0
2025-03-26 16:00:00,3016.69,3021.62,3012.25,3018.7,39129,15,0
2025-03-26 20:00:00,3018.79,3021.73,3015.72,3018.95,13001,15,0
2025-03-27 00:00:00,3020.56,3028.36,3017.53,3023.51,16684,15,0
2025-03-27 04:00:00,3023.52,3038.58,3023.16,3029.66,23716,15,0
2025-03-27 08:00:00,3029.61,3041.03,3026.6,3039.91,29476,15,0
2025-03-27 12:00:00,3039.92,3055.89,3033.48,3040.64,47865,15,0
2025-03-27 16:00:00,3040.69,3059.72,3040.69,3052.92,63425,15,0
2025-03-27 20:00:00,3052.93,3057.81,3052.7,3056.56,18603,15,0
2025-03-28 00:00:00,3055.82,3074.0,3054.04,3073.94,18455,15,0
2025-03-28 04:00:00,3073.89,3082.15,3069.65,3077.85,24421,15,0
2025-03-28 08:00:00,3077.85,3085.98,3066.09,3073.0,31757,15,0
2025-03-28 12:00:00,3073.01,3084.13,3067.32,3083.16,43108,15,0
2025-03-28 16:00:00,3082.93,3086.82,3067.31,3077.4,54792,15,0
2025-03-28 20:00:00,3077.47,3085.8,3073.46,3085.21,18212,15,0
2025-03-31 00:00:00,3087.96,3097.7,3077.53,3078.92,14135,15,0
2025-03-31 04:00:00,3078.99,3115.77,3076.58,3113.23,36008,15,0
2025-03-31 08:00:00,3113.2,3128.07,3107.46,3122.25,38611,15,0
2025-03-31 12:00:00,3122.3,3126.62,3111.86,3124.42,35641,15,0
2025-03-31 16:00:00,3124.45,3127.08,3099.87,3117.53,69644,15,0
2025-03-31 20:00:00,3117.53,3124.75,3115.9,3124.02,23944,15,0
2025-04-01 00:00:00,3124.79,3128.08,3120.0,3127.16,8957,15,0
2025-04-01 04:00:00,3127.15,3147.85,3126.41,3144.67,35460,15,0
2025-04-01 08:00:00,3144.68,3149.0,3124.0,3130.89,44163,15,0
2025-04-01 12:00:00,3130.9,3138.94,3127.76,3133.43,31505,15,0
2025-04-01 16:00:00,3133.47,3137.13,3100.65,3106.59,69983,15,0
2025-04-01 20:00:00,3106.59,3120.66,3105.69,3114.19,22600,15,0
2025-04-02 00:00:00,3114.03,3123.73,3107.63,3122.86,11876,15,0
2025-04-02 04:00:00,3122.85,3135.61,3115.35,3115.78,25690,15,0
2025-04-02 08:00:00,3115.94,3133.81,3108.74,3131.3,31201,15,0
2025-04-02 12:00:00,3131.34,3131.51,3110.11,3122.4,32145,15,0
2025-04-02 16:00:00,3122.4,3134.31,3116.65,3131.35,50767,15,0
2025-04-02 20:00:00,3131.35,3146.06,3105.01,3132.44,41206,15,0
2025-04-03 00:00:00,3131.59,3167.65,3117.81,3150.46,45791,15,0
2025-04-03 04:00:00,3150.71,3162.28,3138.87,3140.34,48128,15,0
2025-04-03 08:00:00,3140.38,3140.88,3116.44,3129.18,52381,15,0
2025-04-03 12:00:00,3129.0,3129.62,3062.5,3076.79,78039,15,0
2025-04-03 16:00:00,3076.79,3135.46,3054.63,3107.54,99684,18,0
2025-04-03 20:00:00,3107.44,3119.7,3100.04,3113.06,40918,18,0
2025-04-04 00:00:00,3113.8,3116.64,3105.91,3110.49,15894,18,0
2025-04-04 04:00:00,3110.47,3115.69,3086.92,3100.01,40828,18,0
2025-04-04 08:00:00,3099.86,3110.5,3078.85,3083.52,49112,18,0
2025-04-04 12:00:00,3083.52,3135.99,3070.55,3072.14,84679,18,0
2025-04-04 16:00:00,3072.12,3088.35,3017.95,3031.96,89479,18,0
2025-04-04 20:00:00,3032.03,3041.91,3016.62,3037.47,52795,18,0
2025-04-07 00:00:00,3028.67,3032.16,2970.31,2978.74,36938,18,0
2025-04-07 04:00:00,2978.74,3054.58,2971.9,3036.15,62435,18,0
2025-04-07 08:00:00,3036.22,3043.64,3013.25,3031.19,79107,18,0
2025-04-07 12:00:00,3031.51,3046.08,3014.72,3031.15,72638,18,0
2025-04-07 16:00:00,3031.2,3037.89,2970.02,2970.5,107020,18,0
2025-04-07 20:00:00,2970.66,2985.91,2956.26,2982.58,52031,18,0
2025-04-08 00:00:00,2981.91,2992.6,2978.46,2985.28,18486,18,0
2025-04-08 04:00:00,2985.28,3004.94,2983.49,3002.24,43260,18,0
2025-04-08 08:00:00,3002.22,3015.66,2999.22,3007.53,45955,18,0
2025-04-08 12:00:00,3007.5,3019.44,2994.74,3002.53,40979,18,0
2025-04-08 16:00:00,3002.56,3022.64,2984.31,2985.96,81194,15,0
2025-04-08 20:00:00,2986.01,2992.14,2974.76,2982.28,54560,18,0
2025-04-09 00:00:00,2983.9,2990.65,2969.85,2980.26,30628,18,0
2025-04-09 04:00:00,2980.18,3014.06,2972.19,3012.3,65415,18,0
2025-04-09 08:00:00,3012.27,3052.13,3005.32,3044.15,65209,18,0
2025-04-09 12:00:00,3044.21,3073.01,3035.75,3047.46,65307,18,0
2025-04-09 16:00:00,3047.46,3094.83,3047.12,3092.18,80105,18,0
2025-04-09 20:00:00,3092.24,3099.38,3048.44,3083.17,76316,18,0
2025-04-10 00:00:00,3080.66,3101.18,3071.31,3097.18,29549,18,0
2025-04-10 04:00:00,3097.27,3132.44,3078.37,3125.11,52678,18,0
2025-04-10 08:00:00,3125.19,3132.59,3104.55,3104.84,47799,18,0
2025-04-10 12:00:00,3104.84,3133.77,3103.36,3123.05,48975,18,0
2025-04-10 16:00:00,3122.98,3174.9,3116.08,3158.48,81016,18,0
2025-04-10 20:00:00,3158.47,3176.37,3151.5,3175.59,41845,18,0
2025-04-11 00:00:00,3177.62,3217.88,3175.95,3205.42,33465,18,0
2025-04-11 04:00:00,3205.42,3220.07,3200.98,3208.48,57657,18,0
2025-04-11 08:00:00,3208.59,3227.14,3187.12,3215.87,68389,18,0
2025-04-11 12:00:00,3215.97,3237.8,3210.07,3233.76,53775,18,0
2025-04-11 16:00:00,3233.8,3245.42,3219.44,3223.16,81481,18,0
2025-04-11 20:00:00,3223.3,3239.27,3223.3,3237.87,36356,18,0
2025-04-14 00:00:00,3218.87,3227.24,3208.42,3220.85,22381,18,0
2025-04-14 04:00:00,3220.85,3245.6,3215.18,3227.22,38715,18,0
2025-04-14 08:00:00,3227.14,3238.07,3216.47,3227.04,36148,18,0
2025-04-14 12:00:00,3227.03,3231.7,3200.6,3206.67,43642,18,0
2025-04-14 16:00:00,3206.59,3215.56,3193.47,3207.5,63567,18,0
2025-04-14 20:00:00,3207.56,3216.52,3201.31,3210.23,26741,18,0
2025-04-15 00:00:00,3211.72,3215.27,3210.3,3211.85,8629,18,0
2025-04-15 04:00:00,3211.83,3232.54,3209.87,3231.72,26284,18,0
2025-04-15 08:00:00,3231.66,3232.18,3217.22,3227.66,30299,18,0
2025-04-15 12:00:00,3227.67,3230.14,3214.28,3221.47,27002,18,0
2025-04-15 16:00:00,3221.47,3226.95,3211.6,3221.52,48697,18,0
2025-04-15 20:00:00,3221.51,3233.57,3220.39,3229.74,24747,18,0
2025-04-16 00:00:00,3230.48,3267.31,3229.81,3263.68,19816,18,0
2025-04-16 04:00:00,3263.68,3288.42,3256.02,3284.3,39102,18,0
2025-04-16 08:00:00,3284.28,3317.28,3284.24,3306.96,51982,18,0
2025-04-16 12:00:00,3307.0,3313.39,3293.75,3307.29,36856,18,0
2025-04-16 16:00:00,3307.29,3333.03,3296.72,3327.31,57890,18,0
2025-04-16 20:00:00,3327.31,3342.68,3324.32,3342.26,33739,18,0
2025-04-17 00:00:00,3343.3,3357.71,3341.9,3345.15,18708,18,0
2025-04-17 04:00:00,3345.14,3356.23,3320.69,3341.49,46507,18,0
2025-04-17 08:00:00,3341.56,3345.48,3312.57,3324.24,40633,18,0
2025-04-17 12:00:00,3324.16,3342.09,3320.57,3328.11,33781,18,0
2025-04-17 16:00:00,3328.11,3332.08,3283.88,3316.08,82062,18,0
2025-04-17 20:00:00,3316.14,3328.86,3310.95,3327.31,30625,18,0
2025-04-21 00:00:00,3331.25,3370.73,3326.83,3368.6,27986,18,0
2025-04-21 04:00:00,3368.6,3385.23,3367.11,3376.32,45047,18,0
2025-04-21 08:00:00,3376.32,3395.99,3375.35,3392.68,45836,18,0
2025-04-21 12:00:00,3392.73,3415.69,3386.46,3414.93,50400,18,0
2025-04-21 16:00:00,3414.93,3430.18,3405.07,3414.55,74924,18,0
2025-04-21 20:00:00,3414.56,3430.42,3406.09,3424.55,51847,18,0
2025-04-22 00:00:00,3423.94,3444.35,3412.02,3425.34,28940,18,0
2025-04-22 04:00:00,3425.38,3494.73,3421.48,3484.5,60884,18,0
2025-04-22 08:00:00,3484.5,3499.9,3443.06,3443.85,77552,18,0
2025-04-22 12:00:00,3443.87,3468.14,3423.74,3430.83,51932,18,0
2025-04-22 16:00:00,3430.7,3449.58,3372.0,3393.08,98271,18,0
2025-04-22 20:00:00,3393.13,3410.26,3366.67,3381.2,50246,18,0
2025-04-23 00:00:00,3318.78,3371.07,3314.9,3367.8,37843,18,0
2025-04-23 04:00:00,3367.81,3386.58,3328.16,3346.5,62255,18,0
2025-04-23 08:00:00,3346.56,3348.51,3291.33,3321.41,62018,18,0
2025-04-23 12:00:00,3321.37,3341.22,3309.91,3310.19,47070,18,0
2025-04-23 16:00:00,3310.18,3313.03,3260.04,3295.13,100583,18,0
2025-04-23 20:00:00,3295.05,3301.51,3277.71,3288.13,37071,18,0
2025-04-24 00:00:00,3290.94,3339.02,3290.57,3331.61,21964,18,0
2025-04-24 04:00:00,3331.55,3368.2,3320.52,3326.23,55756,18,0
2025-04-24 08:00:00,3326.24,3341.46,3313.78,3335.93,44620,18,0
2025-04-24 12:00:00,3336.01,3344.66,3325.39,3335.76,32750,18,0
2025-04-24 16:00:00,3335.74,3336.2,3306.72,3331.63,72000,18,0
2025-04-24 20:00:00,3331.65,3349.93,3329.95,3349.13,27333,18,0
2025-04-25 00:00:00,3355.91,3370.91,3321.31,3357.62,21655,18,0
2025-04-25 04:00:00,3357.56,3362.94,3316.15,3324.66,42686,18,0
2025-04-25 08:00:00,3324.63,3327.2,3286.73,3303.81,55536,18,0
2025-04-25 12:00:00,3303.84,3308.83,3287.95,3292.61,38224,18,0
2025-04-25 16:00:00,3292.6,3292.89,3265.03,3285.42,63874,18,0
2025-04-25 20:00:00,3285.49,3319.1,3281.94,3318.49,27651,18,0
2025-04-28 00:00:00,3328.02,3330.75,3298.59,3313.8,26404,18,0
2025-04-28 04:00:00,3313.72,3314.88,3267.86,3298.91,39534,18,0
2025-04-28 08:00:00,3299.03,3301.06,3277.67,3282.57,35344,18,0
2025-04-28 12:00:00,3282.58,3302.25,3273.2,3296.19,35613,18,0
2025-04-28 16:00:00,3296.19,3339.22,3286.81,3336.51,70578,18,0
2025-04-28 20:00:00,3336.62,3352.88,3332.99,3344.15,29988,18,0
2025-04-29 00:00:00,3345.97,3348.61,3327.57,3329.9,16344,18,0
2025-04-29 04:00:00,3329.9,3339.94,3306.55,3309.23,33866,18,0
2025-04-29 08:00:00,3309.17,3324.8,3304.98,3311.79,27283,18,0
2025-04-29 12:00:00,3311.79,3315.98,3300.48,3312.89,30928,18,0
2025-04-29 16:00:00,3312.71,3329.96,3299.67,3328.77,58356,18,0
2025-04-29 20:00:00,3328.79,3329.64,3313.23,3317.15,24628,18,0
2025-04-30 00:00:00,3315.6,3327.89,3310.78,3313.19,11324,18,0
2025-04-30 04:00:00,3313.18,3322.65,3301.15,3307.87,24587,18,0
2025-04-30 08:00:00,3307.82,3314.62,3280.22,3284.48,32297,18,0
2025-04-30 12:00:00,3284.48,3304.89,3266.93,3298.64,47387,18,0
2025-04-30 16:00:00,3298.56,3319.64,3292.86,3310.74,66203,18,0
2025-04-30 20:00:00,3310.74,3313.5,3282.93,3288.27,28364,18,0
2025-05-01 00:00:00,3287.57,3290.16,3240.97,3246.1,26189,18,0
2025-05-01 04:00:00,3246.11,3251.47,3221.08,3226.37,30630,18,0
2025-05-01 08:00:00,3226.35,3242.97,3223.07,3235.04,30120,18,0
2025-05-01 12:00:00,3235.1,3236.31,3201.77,3226.79,45123,18,0
2025-05-01 16:00:00,3226.81,3233.18,3204.83,3219.5,60834,18,0
2025-05-01 20:00:00,3219.59,3239.52,3209.81,3237.76,30737,18,0
2025-05-02 00:00:00,3240.58,3244.24,3227.34,3231.07,15299,18,0
2025-05-02 04:00:00,3231.07,3258.54,3230.94,3251.74,22645,18,0
2025-05-02 08:00:00,3251.4,3263.32,3246.19,3258.02,25845,18,0
2025-05-02 12:00:00,3258.04,3269.21,3248.22,3250.24,37449,18,0
2025-05-02 16:00:00,3250.24,3264.47,3222.72,3224.85,94435,18,0
2025-05-02 20:00:00,3224.95,3241.52,3223.44,3241.16,45062,18,0
2025-05-05 00:00:00,3242.22,3251.65,3237.37,3246.32,20192,18,0
2025-05-05 04:00:00,3246.33,3271.59,3246.12,3256.34,40300,18,0
2025-05-05 08:00:00,3256.31,3283.58,3253.87,3283.38,38150,18,0
2025-05-05 12:00:00,3283.41,3322.51,3282.92,3319.54,50228,18,0
2025-05-05 16:00:00,3319.54,3328.64,3305.58,3309.65,60158,18,0
2025-05-05 20:00:00,3309.71,3337.49,3309.0,3333.87,30648,18,0
2025-05-06 00:00:00,3336.09,3337.92,3321.9,3329.24,18374,18,0
2025-05-06 04:00:00,3329.24,3386.98,3329.24,3363.56,67278,18,0
2025-05-06 08:00:00,3363.56,3383.06,3350.19,3377.17,53173,18,0
2025-05-06 12:00:00,3377.17,3392.3,3371.36,3391.01,46442,18,0
2025-05-06 16:00:00,3391.22,3411.62,3378.22,3408.83,69388,18,0
2025-05-06 20:00:00,3408.83,3434.86,3407.44,3430.56,38126,18,0
2025-05-07 00:00:00,3426.01,3430.46,3360.65,3379.35,47106,18,0
2025-05-07 04:00:00,3379.24,3393.88,3359.95,3381.97,46403,18,0
2025-05-07 08:00:00,3381.98,3397.38,3378.17,3382.81,41445,18,0
2025-05-07 12:00:00,3382.77,3393.85,3369.19,3390.87,47111,18,0
2025-05-07 16:00:00,3390.89,3397.97,3375.59,3386.89,61595,18,0
2025-05-07 20:00:00,3386.79,3397.88,3363.57,3363.95,53062,18,0
2025-05-08 00:00:00,3366.88,3386.76,3366.34,3380.49,15564,18,0
2025-05-08 04:00:00,3380.48,3414.6,3378.83,3381.76,51188,18,0
2025-05-08 08:00:00,3381.83,3384.08,3320.13,3339.19,68780,18,0
2025-05-08 12:00:00,3339.17,3358.53,3330.37,3356.04,44863,18,0
2025-05-08 16:00:00,3356.04,3369.43,3304.3,3310.15,71092,18,0
2025-05-08 20:00:00,3310.13,3311.09,3288.61,3306.27,41443,18,0
2025-05-09 00:00:00,3308.26,3323.92,3306.18,3322.07,18609,18,0
2025-05-09 04:00:00,3322.05,3327.24,3274.43,3324.43,48986,18,0
2025-05-09 08:00:00,3324.47,3332.17,3312.73,3328.53,41277,18,0
2025-05-09 12:00:00,3328.53,3338.33,3322.06,3333.53,33459,18,0
2025-05-09 16:00:00,3333.53,3347.44,3320.31,3336.82,63734,18,0
2025-05-09 20:00:00,3336.8,3342.91,3324.55,3325.87,28974,18,0
2025-05-12 00:00:00,3279.61,3291.08,3265.59,3278.94,29177,18,0
2025-05-12 04:00:00,3278.82,3284.62,3258.59,3278.72,41535,18,0
2025-05-12 08:00:00,3278.94,3281.54,3216.05,3231.38,68777,18,0
2025-05-12 12:00:00,3231.43,3234.23,3207.7,3233.55,55430,18,0
2025-05-12 16:00:00,3233.55,3248.63,3223.12,3224.11,75407,18,0
2025-05-12 20:00:00,3224.12,3238.75,3220.23,3234.29,33393,18,0
2025-05-13 00:00:00,3239.47,3243.14,3229.74,3239.69,13571,18,0
2025-05-13 04:00:00,3239.64,3253.29,3215.7,3252.44,37131,18,0
2025-05-13 08:00:00,3252.44,3265.41,3247.27,3255.55,36076,18,0
2025-05-13 12:00:00,3255.53,3258.54,3237.31,3241.71,38902,18,0
2025-05-13 16:00:00,3241.56,3257.76,3225.46,3250.95,64632,18,0
2025-05-13 20:00:00,3250.95,3254.67,3242.04,3249.97,24726,18,0
2025-05-14 00:00:00,3251.96,3256.97,3241.1,3244.23,12158,18,0
2025-05-14 04:00:00,3244.25,3251.63,3222.68,3223.86,32934,18,0
2025-05-14 08:00:00,3223.87,3243.73,3221.54,3232.58,38068,18,0
2025-05-14 12:00:00,3232.56,3239.13,3184.17,3184.77,48076,18,0
2025-05-14 16:00:00,3184.77,3198.25,3173.69,3188.5,74219,18,0
2025-05-14 20:00:00,3188.49,3190.39,3168.04,3177.93,30536,18,0
2025-05-15 00:00:00,3178.57,3187.66,3176.97,3187.57,11315,18,0
2025-05-15 04:00:00,3187.57,3192.65,3135.38,3138.5,37631,18,0
2025-05-15 08:00:00,3138.63,3164.27,3120.64,3162.41,46510,18,0
2025-05-15 12:00:00,3162.4,3189.81,3159.27,3188.8,38130,18,0
2025-05-15 16:00:00,3188.8,3222.74,3185.19,3222.55,59646,18,0
2025-05-15 20:00:00,3222.61,3240.43,3216.37,3240.3,27087,18,0
2025-05-16 00:00:00,3239.47,3252.07,3231.85,3243.05,21195,18,0
2025-05-16 04:00:00,3243.07,3244.5,3206.52,3219.38,36165,18,0
2025-05-16 08:00:00,3219.35,3231.04,3195.45,3207.51,35219,18,0
2025-05-16 12:00:00,3207.35,3212.91,3154.02,3177.38,45111,18,0
2025-05-16 16:00:00,3177.38,3189.73,3165.75,3189.27,51659,18,0
2025-05-16 20:00:00,3189.3,3202.74,3183.49,3201.89,22275,18,0
2025-05-19 00:00:00,3211.96,3249.69,3205.06,3246.3,26375,18,0
2025-05-19 04:00:00,3246.24,3246.65,3206.44,3215.76,37889,18,0
2025-05-19 08:00:00,3215.77,3244.86,3214.91,3244.45,31651,18,0
2025-05-19 12:00:00,3244.47,3248.56,3228.82,3229.24,26600,18,0
2025-05-19 16:00:00,3229.24,3241.45,3217.13,3231.72,48243,18,0
2025-05-19 20:00:00,3231.66,3235.8,3225.28,3230.23,19071,18,0
2025-05-20 00:00:00,3229.33,3230.48,3214.11,3222.79,15143,18,0
2025-05-20 04:00:00,3222.79,3232.67,3204.59,3217.24,43331,18,0
2025-05-20 08:00:00,3217.25,3235.93,3207.98,3235.79,38332,18,0
2025-05-20 12:00:00,3235.8,3250.57,3230.47,3242.82,31409,18,0
2025-05-20 16:00:00,3242.82,3285.72,3232.87,3278.93,79506,18,0
2025-05-20 20:00:00,3278.93,3295.56,3278.34,3290.07,29403,18,0
2025-05-21 00:00:00,3291.79,3304.06,3288.47,3303.35,21617,18,0
2025-05-21 04:00:00,3303.34,3314.57,3285.25,3302.11,45017,18,0
2025-05-21 08:00:00,3301.97,3320.73,3298.36,3308.41,37384,18,0
2025-05-21 12:00:00,3308.43,3318.21,3290.69,3302.72,39713,18,0
2025-05-21 16:00:00,3302.67,3315.15,3295.26,3303.19,60142,18,0
2025-05-21 20:00:00,3302.94,3324.79,3302.86,3315.37,39528,18,0
2025-05-22 00:00:00,3318.99,3326.19,3315.31,3323.68,18948,18,0
2025-05-22 04:00:00,3323.67,3344.76,3320.41,3339.23,45938,18,0
2025-05-22 08:00:00,3339.21,3340.19,3310.05,3311.09,43905,18,0
2025-05-22 12:00:00,3311.09,3314.65,3282.91,3304.18,56629,18,0
2025-05-22 16:00:00,3304.23,3315.7,3279.17,3301.55,77778,18,0
2025-05-22 20:00:00,3301.56,3301.75,3289.04,3294.36,34346,18,0
2025-05-23 00:00:00,3295.77,3308.84,3286.8,3300.9,20072,18,0
2025-05-23 04:00:00,3300.89,3316.25,3290.83,3313.75,37088,18,0
2025-05-23 08:00:00,3313.74,3334.37,3312.55,3326.42,36257,18,0
2025-05-23 12:00:00,3326.46,3359.61,3323.44,3356.2,58016,18,0
2025-05-23 16:00:00,3356.22,3364.51,3336.71,3358.92,73583,18,0
2025-05-23 20:00:00,3358.92,3365.85,3355.32,3355.4,27690,18,0
2025-05-26 00:00:00,3352.51,3356.17,3330.58,3341.17,24049,18,0
2025-05-26 04:00:00,3341.28,3356.44,3335.53,3349.96,32321,18,0
2025-05-26 08:00:00,3349.95,3351.73,3330.99,3334.56,22598,18,0
2025-05-26 12:00:00,3334.6,3336.14,3323.44,3334.24,17433,18,0
2025-05-26 16:00:00,3334.24,3343.51,3331.38,3341.95,20456,18,0
2025-05-26 20:00:00,3341.94,3343.08,3340.59,3341.07,1410,18,0
2025-05-27 00:00:00,3343.3,3350.06,3342.3,3345.03,13536,18,0
2025-05-27 04:00:00,3345.08,3347.26,3330.67,3330.84,30446,18,0
2025-05-27 08:00:00,3330.87,3332.65,3292.49,3298.59,58882,18,0
2025-05-27 12:00:00,3298.54,3309.79,3287.62,3293.69,47271,18,0
2025-05-27 16:00:00,3293.69,3304.74,3284.98,3297.79,53062,18,0
2025-05-27 20:00:00,3297.8,3307.9,3296.86,3300.07,18642,18,0
2025-05-28 00:00:00,3301.59,3315.69,3297.06,3308.35,13476,18,0
2025-05-28 04:00:00,3308.28,3313.23,3291.54,3296.26,32082,18,0
2025-05-28 08:00:00,3296.26,3323.78,3295.86,3321.71,33618,18,0
2025-05-28 12:00:00,3321.69,3325.35,3305.4,3312.11,22990,18,0
2025-05-28 16:00:00,3312.11,3316.33,3288.61,3293.43,45206,18,0
2025-05-28 20:00:00,3293.43,3303.0,3274.33,3286.58,22475,18,0
2025-05-29 00:00:00,3286.46,3294.11,3250.0,3265.11,32440,18,0
2025-05-29 04:00:00,3265.14,3280.07,3245.32,3269.05,38701,18,0
2025-05-29 08:00:00,3269.05,3289.37,3265.99,3281.69,24320,18,0
2025-05-29 12:00:00,3281.68,3316.75,3276.24,3315.7,35010,18,0
2025-05-29 16:00:00,3315.7,3331.27,3304.75,3322.22,57116,18,0
2025-05-29 20:00:00,3322.2,3325.75,3315.31,3317.31,24603,18,0
2025-05-30 00:00:00,3319.86,3320.89,3309.47,3312.46,13926,18,0
2025-05-30 04:00:00,3312.61,3322.54,3291.19,3296.11,33562,18,0
2025-05-30 08:00:00,3296.11,3304.28,3286.73,3295.68,28856,18,0
2025-05-30 12:00:00,3295.69,3306.86,3282.77,3303.99,35848,18,0
2025-05-30 16:00:00,3303.98,3308.21,3271.71,3293.3,65161,18,0
2025-05-30 20:00:00,3293.31,3295.71,3288.41,3289.24,21688,18,0
2025-06-02 00:00:00,3298.16,3316.51,3297.57,3311.71,20460,18,0
2025-06-02 04:00:00,3311.74,3317.48,3300.85,3313.04,22873,18,0
2025-06-02 08:00:00,3313.1,3358.41,3313.0,3351.4,33376,18,0
2025-06-02 12:00:00,3351.42,3363.57,3344.04,3355.49,30724,18,0
2025-06-02 16:00:00,3355.69,3379.29,3350.31,3371.61,56133,18,0
2025-06-02 20:00:00,3371.57,3382.84,3370.72,3381.55,27491,18,0
2025-06-03 00:00:00,3383.74,3391.94,3373.0,3375.02,18627,18,0
2025-06-03 04:00:00,3375.02,3378.56,3358.92,3362.58,36697,18,0
2025-06-03 08:00:00,3362.62,3367.87,3351.03,3361.25,30069,18,0
2025-06-03 12:00:00,3361.26,3363.03,3348.86,3359.37,25534,18,0
2025-06-03 16:00:00,3359.42,3363.06,3333.05,3348.49,51163,18,0
2025-06-03 20:00:00,3348.47,3355.39,3347.41,3353.16,17310,18,0
2025-06-04 00:00:00,3355.64,3361.42,3349.86,3350.04,13379,18,0
2025-06-04 04:00:00,3350.05,3372.61,3346.32,3354.66,28556,18,0
2025-06-04 08:00:00,3354.66,3365.12,3348.06,3362.8,29084,18,0
2025-06-04 12:00:00,3362.81,3365.06,3343.75,3358.94,34424,18,0
2025-06-04 16:00:00,3358.94,3384.65,3350.79,3375.05,50494,18,0
2025-06-04 20:00:00,3374.87,3382.06,3370.55,3373.66,19085,18,0
2025-06-05 00:00:00,3373.52,3381.75,3372.29,3380.06,12732,18,0
2025-06-05 04:00:00,3380.06,3384.06,3363.78,3368.38,28074,18,0
2025-06-05 08:00:00,3368.41,3376.95,3361.12,3375.23,24628,18,0
2025-06-05 12:00:00,3375.25,3403.61,3374.03,3382.9,52381,18,0
2025-06-05 16:00:00,3382.91,3388.39,3339.28,3354.03,94466,18,0
2025-06-05 20:00:00,3354.08,3361.3,3348.9,3352.58,32875,18,0
2025-06-06 00:00:00,3354.31,3364.11,3352.87,3359.29,13834,18,0
2025-06-06 04:00:00,3359.34,3374.51,3356.45,3373.62,29971,18,0
2025-06-06 08:00:00,3373.54,3375.54,3352.86,3365.39,35834,18,0
2025-06-06 12:00:00,3365.4,3365.42,3343.53,3353.36,40896,18,0
2025-06-06 16:00:00,3353.3,3360.91,3316.35,3322.66,81198,18,0
2025-06-06 20:00:00,3322.66,3326.74,3307.01,3311.2,27286,18,0
2025-06-09 00:00:00,3315.13,3321.08,3298.16,3305.47,19705,18,0
2025-06-09 04:00:00,3305.71,3313.44,3293.38,3311.68,30735,18,0
2025-06-09 08:00:00,3311.75,3328.53,3309.53,3319.85,28423,18,0
2025-06-09 12:00:00,3319.85,3323.44,3312.09,3320.01,25378,18,0
2025-06-09 16:00:00,3319.92,3337.85,3310.79,3337.67,45731,18,0
2025-06-09 20:00:00,3337.93,3338.18,3324.85,3325.59,19472,18,0
2025-06-10 00:00:00,3326.92,3327.83,3314.44,3316.49,15129,18,0
2025-06-10 04:00:00,3316.49,3319.94,3301.82,3307.27,32805,18,0
2025-06-10 08:00:00,3307.33,3334.88,3306.74,3329.36,33827,18,0
2025-06-10 12:00:00,3329.37,3342.44,3327.19,3337.25,26876,18,0
2025-06-10 16:00:00,3337.25,3349.19,3319.87,3321.31,52988,18,0
2025-06-10 20:00:00,3321.25,3334.52,3319.35,3322.48,23899,18,0
2025-06-11 00:00:00,3321.34,3335.06,3315.41,3332.3,17659,18,0
2025-06-11 04:00:00,3332.29,3342.85,3327.19,3341.68,24349,18,0
2025-06-11 08:00:00,3341.69,3347.89,3332.44,3344.57,26912,18,0
2025-06-11 12:00:00,3344.54,3360.57,3326.13,3336.72,46258,18,0
2025-06-11 16:00:00,3336.76,3344.5,3327.69,3330.16,57320,18,0
2025-06-11 20:00:00,3330.18,3355.71,3319.44,3355.7,38330,18,0
2025-06-12 00:00:00,3358.33,3373.41,3356.12,3365.72,25709,18,0
2025-06-12 04:00:00,3365.72,3377.17,3362.43,3370.36,32479,18,0
2025-06-12 08:00:00,3370.36,3375.73,3338.47,3356.81,41501,18,0
2025-06-12 12:00:00,3356.8,3390.39,3355.4,3388.24,44360,18,0
2025-06-12 16:00:00,3388.4,3398.91,3377.78,3383.69,69045,18,0
2025-06-12 20:00:00,3383.69,3389.36,3378.07,3385.68,24267,18,0
2025-06-13 00:00:00,3386.21,3420.38,3379.58,3417.03,33888,18,0
2025-06-13 04:00:00,3415.99,3444.41,3414.07,3425.29,55745,18,0
2025-06-13 08:00:00,3425.34,3428.8,3407.96,3424.37,43995,18,0
2025-06-13 12:00:00,3424.41,3438.18,3411.6,3436.67,44178,18,0
2025-06-13 16:00:00,3436.64,3446.68,3419.2,3430.02,65906,18,0
2025-06-13 20:00:00,3429.99,3439.47,3427.4,3433.49,35159,18,0
2025-06-16 00:00:00,3441.69,3451.15,3434.12,3436.1,27507,18,0
2025-06-16 04:00:00,3436.2,3446.32,3426.8,3427.47,32022,18,0
2025-06-16 08:00:00,3427.6,3430.32,3409.48,3413.25,37535,18,0
2025-06-16 12:00:00,3413.29,3422.63,3410.68,3415.52,32975,18,0
2025-06-16 16:00:00,3415.52,3418.14,3382.75,3399.37,63710,18,0
2025-06-16 20:00:00,3399.36,3400.32,3382.76,3384.62,25924,18,0
2025-06-17 00:00:00,3386.7,3403.92,3386.08,3394.79,21742,18,0
2025-06-17 04:00:00,3394.85,3403.22,3373.77,3393.9,33740,18,0
2025-06-17 08:00:00,3393.95,3395.48,3377.84,3378.88,29676,18,0
2025-06-17 12:00:00,3378.86,3400.14,3375.7,3386.73,37807,18,0
2025-06-17 16:00:00,3386.77,3397.38,3366.1,3382.88,60795,18,0
2025-06-17 20:00:00,3382.91,3392.45,3381.3,3388.53,29384,18,0
2025-06-18 00:00:00,3392.18,3396.06,3382.26,3385.25,14655,18,0
2025-06-18 04:00:00,3385.24,3400.0,3369.88,3395.89,28746,18,0
2025-06-18 08:00:00,3395.94,3396.3,3377.12,3383.58,29594,18,0
2025-06-18 12:00:00,3383.57,3389.85,3375.45,3386.55,27296,18,0
2025-06-18 16:00:00,3386.58,3396.85,3373.83,3391.08,50459,18,0
2025-06-18 20:00:00,3391.07,3395.65,3362.42,3368.33,49829,18,0
2025-06-19 00:00:00,3370.07,3383.92,3369.31,3379.59,15180,18,0
2025-06-19 04:00:00,3379.53,3387.5,3368.93,3374.51,22657,18,0
2025-06-19 08:00:00,3374.5,3375.2,3347.42,3368.7,42872,18,0
2025-06-19 12:00:00,3368.7,3378.91,3363.69,3367.9,24835,18,0
2025-06-19 16:00:00,3368.05,3373.04,3361.52,3371.2,32141,18,0
2025-06-19 20:00:00,3371.19,3374.06,3370.88,3373.17,1123,18,0
2025-06-20 00:00:00,3369.14,3370.44,3361.85,3367.99,14052,18,0
2025-06-20 04:00:00,3368.02,3368.32,3345.19,3353.64,30866,18,0
2025-06-20 08:00:00,3353.63,3354.64,3339.64,3350.96,29640,18,0
2025-06-20 12:00:00,3350.93,3359.19,3341.98,3344.52,27882,18,0
2025-06-20 16:00:00,3344.52,3374.43,3343.0,3371.45,44667,18,0
2025-06-20 20:00:00,3371.45,3371.68,3364.62,3368.21,17573,18,0
2025-06-23 00:00:00,3391.65,3394.39,3358.42,3365.52,26338,18,0
2025-06-23 04:00:00,3365.52,3368.06,3351.86,3358.47,27271,18,0
2025-06-23 08:00:00,3358.47,3362.35,3347.02,3361.89,26777,18,0
2025-06-23 12:00:00,3361.78,3382.12,3355.92,3360.49,32742,18,0
2025-06-23 16:00:00,3360.48,3393.53,3359.68,3389.71,56348,18,0
2025-06-23 20:00:00,3389.71,3391.46,3367.13,3368.43,33990,18,0
2025-06-24 00:00:00,3368.78,3368.78,3333.16,3351.03,28782,18,0
2025-06-24 04:00:00,3351.07,3357.67,3342.13,3348.5,28127,18,0
2025-06-24 08:00:00,3348.45,3348.76,3316.03,3327.3,45004,18,0
2025-06-24 12:00:00,3327.3,3328.91,3304.56,3314.62,36593,18,0
2025-06-24 16:00:00,3314.59,3320.45,3295.44,3318.39,58842,18,0
2025-06-24 20:00:00,3318.44,3325.15,3315.71,3323.13,21927,18,0
2025-06-25 00:00:00,3324.77,3330.0,3320.71,3326.82,9496,18,0
2025-06-25 04:00:00,3326.82,3335.14,3325.69,3327.47,20817,18,0
2025-06-25 08:00:00,3327.4,3337.11,3326.47,3327.31,21200,18,0
2025-06-25 12:00:00,3327.37,3329.5,3318.12,3320.6,23394,18,0
2025-06-25 16:00:00,3320.62,3335.14,3311.96,3334.71,39593,18,0
2025-06-25 20:00:00,3334.71,3336.08,3324.63,3332.13,25616,18,0
2025-06-26 00:00:00,3334.95,3340.17,3331.16,3333.9,11968,18,0
2025-06-26 04:00:00,3334.0,3343.16,3329.23,3334.0,22039,18,0
2025-06-26 08:00:00,3334.01,3350.29,3331.02,3348.25,25167,18,0
2025-06-26 12:00:00,3348.1,3348.66,3321.55,3321.99,30337,18,0
2025-06-26 16:00:00,3321.99,3333.33,3309.93,3331.41,55072,18,0
2025-06-26 20:00:00,3331.39,3336.31,3327.7,3328.06,20833,18,0
2025-06-27 00:00:00,3327.07,3327.19,3313.24,3318.81,12377,18,0
2025-06-27 04:00:00,3318.63,3321.98,3290.3,3293.25,33091,18,0
2025-06-27 08:00:00,3293.32,3300.31,3281.86,3289.42,36519,18,0
2025-06-27 12:00:00,3289.41,3290.98,3269.43,3270.01,36628,18,0
2025-06-27 16:00:00,3270.04,3278.61,3255.81,3277.66,63178,18,0
2025-06-27 20:00:00,3277.69,3282.81,3268.31,3274.33,29008,18,0
2025-06-30 00:00:00,3280.94,3280.94,3244.73,3263.81,21713,18,0
2025-06-30 04:00:00,3263.68,3286.23,3259.43,3285.7,27494,18,0
2025-06-30 08:00:00,3285.61,3297.21,3284.66,3288.62,25359,18,0
2025-06-30 12:00:00,3288.58,3288.96,3274.54,3281.99,31742,18,0
2025-06-30 16:00:00,3282.02,3297.52,3278.0,3297.31,42939,18,0
2025-06-30 20:00:00,3297.3,3309.53,3292.05,3303.03,25116,18,0
2025-07-01 00:00:00,3303.16,3314.78,3302.16,3314.68,14213,18,0
2025-07-01 04:00:00,3314.65,3322.82,3313.88,3322.66,24426,18,0
2025-07-01 08:00:00,3322.75,3342.42,3322.75,3339.63,30478,18,0
2025-07-01 12:00:00,3339.64,3358.06,3338.25,3354.63,39301,18,0
2025-07-01 16:00:00,3354.64,3355.62,3337.05,3341.81,58356,18,0
2025-07-01 20:00:00,3341.78,3342.21,3336.77,3338.87,24228,18,0
2025-07-02 00:00:00,3337.63,3344.99,3334.51,3339.0,15245,18,0
2025-07-02 04:00:00,3339.04,3342.8,3328.53,3339.95,23243,18,0
2025-07-02 08:00:00,3339.98,3343.82,3327.64,3333.48,26705,18,0
2025-07-02 12:00:00,3333.48,3351.07,3332.99,3346.64,28479,18,0
2025-07-02 16:00:00,3346.51,3349.23,3333.89,3348.72,43333,18,0
2025-07-02 20:00:00,3348.46,3360.16,3347.4,3357.08,19225,18,0
2025-07-03 00:00:00,3359.08,3365.53,3343.5,3344.63,16004,18,0
2025-07-03 04:00:00,3344.6,3351.83,3341.83,3350.77,20454,18,0
2025-07-03 08:00:00,3350.8,3363.67,3350.13,3356.24,28855,18,0
2025-07-03 12:00:00,3356.2,3356.39,3311.52,3324.43,41983,18,0
2025-07-03 16:00:00,3324.43,3338.52,3322.05,3333.92,51095,18,0
2025-07-03 20:00:00,3333.91,3334.88,3325.33,3326.53,10407,18,0
2025-07-04 00:00:00,3326.32,3331.97,3323.44,3328.99,10811,18,0
2025-07-04 04:00:00,3328.95,3342.17,3326.16,3340.94,20958,18,0
2025-07-04 08:00:00,3340.96,3345.04,3336.45,3342.82,24322,18,0
2025-07-04 12:00:00,3342.82,3343.05,3331.4,3333.93,19856,18,0
2025-07-04 16:00:00,3333.93,3338.0,3330.79,3334.84,16425,18,0
2025-07-07 00:00:00,3337.38,3342.32,3320.99,3325.78,16232,18,0
2025-07-07 04:00:00,3325.78,3327.02,3305.18,3307.74,35289,18,0
2025-07-07 08:00:00,3307.82,3315.28,3300.64,3310.2,30937,18,0
2025-07-07 12:00:00,3310.21,3312.66,3295.65,3309.61,39134,18,0
2025-07-07 16:00:00,3309.58,3328.05,3306.13,3327.42,42750,18,0
2025-07-07 20:00:00,3327.52,3340.36,3327.37,3336.44,30851,18,0
2025-07-08 00:00:00,3339.5,3345.76,3330.49,3333.56,15889,18,0
2025-07-08 04:00:00,3333.56,3337.36,3326.67,3328.98,26467,18,0
2025-07-08 08:00:00,3328.92,3338.8,3322.57,3322.98,26612,18,0
2025-07-08 12:00:00,3322.96,3329.19,3319.22,3327.49,24317,18,0
2025-07-08 16:00:00,3327.48,3327.97,3287.03,3300.4,61823,18,0
2025-07-08 20:00:00,3300.41,3310.34,3299.27,3301.6,33896,18,0
2025-07-09 00:00:00,3303.15,3307.98,3297.11,3307.79,14559,18,0
2025-07-09 04:00:00,3307.79,3307.93,3285.64,3294.63,29340,18,0
2025-07-09 08:00:00,3294.53,3298.41,3282.6,3285.03,34876,18,0
2025-07-09 12:00:00,3285.0,3297.53,3283.28,3296.36,28966,18,0
2025-07-09 16:00:00,3296.37,3313.25,3291.88,3311.78,40730,18,0
2025-07-09 20:00:00,3311.78,3316.78,3307.99,3313.74,24998,18,0
2025-07-10 00:00:00,3314.03,3322.61,3313.9,3318.27,12082,18,0
2025-07-10 04:00:00,3318.27,3327.0,3314.81,3322.12,20751,18,0
2025-07-10 08:00:00,3322.15,3330.32,3319.84,3329.05,23074,18,0
2025-07-10 12:00:00,3329.05,3331.01,3318.63,3324.56,28424,18,0
2025-07-10 16:00:00,3324.53,3330.15,3310.07,3315.07,48141,18,0
2025-07-10 20:00:00,3315.07,3325.9,3314.65,3324.37,24017,18,0
2025-07-11 00:00:00,3325.28,3336.43,3321.95,3330.62,16556,18,0
2025-07-11 04:00:00,3330.64,3335.96,3325.3,3331.97,26419,18,0
2025-07-11 08:00:00,3331.93,3343.98,3331.12,3333.69,41051,18,0
2025-07-11 12:00:00,3333.8,3357.1,3333.59,3355.15,38553,18,0
2025-07-11 16:00:00,3355.11,3368.76,3350.08,3353.76,70982,18,0
2025-07-11 20:00:00,3353.7,3359.72,3349.33,3354.73,28354,18,0
2025-07-14 00:00:00,3364.58,3373.84,3358.79,3366.65,25689,18,0
2025-07-14 04:00:00,3366.61,3369.37,3353.72,3359.7,31594,18,0
2025-07-14 08:00:00,3359.53,3374.96,3353.53,3365.93,33439,18,0
2025-07-14 12:00:00,3366.06,3374.55,3349.35,3350.03,36140,18,0
2025-07-14 16:00:00,3350.11,3359.0,3340.92,3347.74,45270,18,0
2025-07-14 20:00:00,3347.79,3351.7,3341.23,3342.53,22680,18,0
2025-07-15 00:00:00,3343.94,3349.29,3341.25,3347.06,8536,18,0
2025-07-15 04:00:00,3347.06,3360.66,3345.0,3359.55,22569,18,0
2025-07-15 08:00:00,3359.57,3364.91,3355.93,3360.34,25658,18,0
2025-07-15 12:00:00,3360.3,3366.24,3346.44,3348.83,30407,18,0
2025-07-15 16:00:00,3348.94,3352.46,3320.22,3329.25,62596,18,0
2025-07-15 20:00:00,3329.25,3331.9,3324.75,3325.16,24255,17,0
2025-07-16 00:00:00,3323.98,3332.6,3323.82,3330.55,9804,18,0
2025-07-16 04:00:00,3330.55,3338.67,3325.04,3338.31,23680,18,0
2025-07-16 08:00:00,3338.35,3342.63,3335.67,3342.13,21136,18,0
2025-07-16 12:00:00,3342.09,3343.03,3331.65,3335.16,25923,18,0
2025-07-16 16:00:00,3335.2,3377.33,3319.61,3349.12,93231,18,0
2025-07-16 20:00:00,3349.09,3357.54,3345.97,3347.44,31513,18,0
2025-07-17 00:00:00,3349.94,3352.19,3339.81,3340.86,10995,18,0
2025-07-17 04:00:00,3340.83,3344.74,3335.55,3342.08,22634,18,0
2025-07-17 08:00:00,3342.07,3342.26,3324.52,3328.07,27040,18,0
2025-07-17 12:00:00,3328.06,3331.86,3309.17,3312.45,32018,18,0
2025-07-17 16:00:00,3312.44,3339.98,3310.43,3338.73,57265,18,0
2025-07-17 20:00:00,3338.75,3341.02,3335.56,3338.67,28123,45,0
2025-07-18 00:00:00,3339.46,3343.92,3337.78,3339.72,10155,45,0
2025-07-18 04:00:00,3339.71,3344.0,3332.96,3336.32,20667,45,0
2025-07-18 08:00:00,3336.21,3349.69,3331.01,3346.8,28920,45,0
2025-07-18 12:00:00,3346.89,3360.43,3346.73,3359.24,32786,40,0
2025-07-18 16:00:00,3359.23,3359.55,3351.07,3353.58,59639,40,0
2025-07-18 20:00:00,3353.59,3353.66,3347.53,3350.97,23969,40,0
2025-07-21 00:00:00,3348.87,3353.84,3344.94,3351.54,9689,40,0
2025-07-21 04:00:00,3351.5,3358.03,3349.86,3357.09,16985,40,0
2025-07-21 08:00:00,3356.86,3370.08,3356.86,3365.94,33001,33,0
2025-07-21 12:00:00,3365.97,3388.58,3362.72,3387.18,35757,40,0
2025-07-21 16:00:00,3387.27,3401.48,3383.51,3395.49,79412,33,0
2025-07-21 20:00:00,3395.49,3399.75,3391.31,3397.54,34851,40,0
2025-07-22 00:00:00,3398.22,3402.57,3389.86,3393.94,12077,40,0
2025-07-22 04:00:00,3393.93,3395.27,3384.36,3390.41,26145,40,0
2025-07-22 08:00:00,3390.44,3391.23,3382.6,3388.37,33466,40,0
2025-07-22 12:00:00,3388.34,3408.3,3383.95,3408.1,37897,40,0
2025-07-22 16:00:00,3407.98,3432.86,3404.99,3432.16,84503,40,0
2025-07-22 20:00:00,3432.14,3433.4,3426.41,3431.08,39852,40,0
2025-07-23 00:00:00,3431.47,3438.83,3426.29,3429.1,16368,40,0
2025-07-23 04:00:00,3429.15,3431.26,3419.74,3424.13,34260,40,0
2025-07-23 08:00:00,3424.12,3429.0,3417.03,3427.76,40230,40,0
2025-07-23 12:00:00,3427.67,3433.04,3419.81,3419.87,41352,40,0
2025-07-23 16:00:00,3419.87,3420.49,3381.36,3387.41,89721,40,0
2025-07-23 20:00:00,3387.34,3395.95,3385.69,3386.67,43286,40,0
2025-07-24 00:00:00,3388.93,3393.14,3386.45,3391.37,9618,40,0
2025-07-24 04:00:00,3391.36,3393.36,3375.09,3382.47,36778,40,0
2025-07-24 08:00:00,3382.46,3382.86,3365.77,3369.7,41548,40,0
2025-07-24 12:00:00,3369.56,3370.1,3352.63,3353.36,45961,40,0
2025-07-24 16:00:00,3353.37,3377.35,3351.31,3366.83,75475,40,0
2025-07-24 20:00:00,3366.84,3373.38,3366.17,3368.18,32647,40,0
2025-07-25 00:00:00,3368.3,3373.39,3365.06,3372.07,11565,40,0
2025-07-25 04:00:00,3372.09,3372.56,3357.16,3360.08,24450,40,0
2025-07-25 08:00:00,3360.11,3361.6,3343.73,3345.36,30644,40,0
2025-07-25 12:00:00,3345.38,3348.81,3336.27,3340.74,32749,40,0
2025-07-25 16:00:00,3340.71,3347.41,3324.84,3329.64,77212,31,0
2025-07-25 20:00:00,3329.65,3340.21,3329.51,3338.35,29608,40,0
2025-07-28 00:00:00,3325.33,3337.38,3323.4,3334.02,19800,40,0
2025-07-28 04:00:00,3333.99,3344.61,3330.53,3340.26,29978,40,0
2025-07-28 08:00:00,3340.22,3345.98,3332.92,3336.59,36414,40,0
2025-07-28 12:00:00,3336.61,3341.33,3326.09,3328.91,36394,40,0
2025-07-28 16:00:00,3328.89,3331.09,3301.69,3312.08,73020,38,0
2025-07-28 20:00:00,3312.1,3318.82,3308.66,3314.72,36283,40,0
2025-07-29 00:00:00,3313.43,3315.71,3307.97,3312.17,11982,40,0
2025-07-29 04:00:00,3312.15,3321.54,3309.0,3317.01,22781,40,0
2025-07-29 08:00:00,3317.05,3330.6,3311.81,3326.89,35428,40,0
2025-07-29 12:00:00,3326.81,3328.89,3315.53,3323.81,38505,40,0
2025-07-29 16:00:00,3323.86,3334.06,3311.88,3323.11,72986,40,0
2025-07-29 20:00:00,3323.08,3330.76,3322.53,3326.26,34263,40,0
2025-07-30 00:00:00,3326.95,3333.67,3325.87,3329.69,8136,40,0
2025-07-30 04:00:00,3329.64,3332.61,3320.99,3326.5,21520,40,0
2025-07-30 08:00:00,3326.45,3332.68,3322.26,3331.5,28032,40,0
2025-07-30 12:00:00,3331.48,3333.29,3309.91,3312.6,42985,40,0
2025-07-30 16:00:00,3312.56,3315.36,3288.54,3297.96,76206,39,0
2025-07-30 20:00:00,3298.02,3304.82,3267.87,3275.15,81474,40,0
2025-07-31 00:00:00,3274.91,3288.31,3273.42,3286.21,15022,40,0
2025-07-31 04:00:00,3286.34,3297.77,3284.95,3297.36,30564,40,0
2025-07-31 08:00:00,3297.35,3314.76,3293.95,3309.77,35112,40,0
2025-07-31 12:00:00,3309.79,3313.01,3293.68,3307.58,45845,40,0
2025-07-31 16:00:00,3307.67,3310.4,3289.52,3294.97,74215,40,0
2025-07-31 20:00:00,3294.96,3298.35,3289.68,3290.19,38409,38,0
2025-08-01 00:00:00,3289.86,3295.06,3286.38,3289.48,12383,40,0
2025-08-01 04:00:00,3289.41,3296.32,3280.86,3291.31,27945,40,0
2025-08-01 08:00:00,3291.29,3299.63,3284.42,3293.48,31107,40,0
2025-08-01 12:00:00,3293.5,3345.03,3292.02,3341.24,48984,37,0
2025-08-01 16:00:00,3341.19,3354.94,3338.76,3347.42,93679,18,0
2025-08-01 20:00:00,3347.37,3363.42,3345.65,3362.92,23567,18,0
2025-08-04 00:00:00,3365.43,3365.82,3350.26,3352.19,10506,22,0
2025-08-04 04:00:00,3352.13,3362.79,3345.04,3359.57,16017,22,0
2025-08-04 08:00:00,3359.72,3363.3,3352.43,3359.19,20179,18,0
2025-08-04 12:00:00,3359.18,3372.23,3353.61,3368.48,22763,18,0
2025-08-04 16:00:00,3368.48,3385.38,3367.78,3371.0,32387,18,0
2025-08-04 20:00:00,3371.01,3377.21,3370.74,3373.66,15518,18,0
2025-08-05 00:00:00,3374.42,3381.31,3373.67,3379.17,6283,25,0
2025-08-05 04:00:00,3379.25,3381.71,3370.3,3370.47,11971,25,0
2025-08-05 08:00:00,3370.44,3374.86,3365.03,3365.48,18793,18,0
2025-08-05 12:00:00,3365.47,3366.99,3349.87,3366.15,23443,20,0
2025-08-05 16:00:00,3366.27,3390.45,3365.88,3382.08,34131,18,0
2025-08-05 20:00:00,3382.1,3382.79,3378.18,3380.78,15521,18,0
2025-08-06 00:00:00,3380.8,3385.28,3378.15,3384.16,6227,23,0
2025-08-06 04:00:00,3383.9,3384.31,3372.91,3373.11,12735,23,0
2025-08-06 08:00:00,3373.22,3379.32,3365.49,3365.82,17056,14,0
2025-08-06 12:00:00,3365.83,3369.35,3358.91,3367.5,21095,18,0
2025-08-06 16:00:00,3367.51,3379.94,3365.34,3376.07,30680,18,0
2025-08-06 20:00:00,3376.11,3377.62,3367.18,3368.88,19868,18,0
2025-08-07 00:00:00,3370.76,3374.79,3365.25,3372.27,12394,26,0
2025-08-07 04:00:00,3372.3,3384.73,3370.11,3378.29,18474,26,0
2025-08-07 08:00:00,3378.44,3398.11,3372.34,3378.85,33410,16,0
2025-08-07 12:00:00,3378.94,3389.78,3371.86,3380.8,35481,21,0
2025-08-07 16:00:00,3380.78,3393.85,3375.23,3388.89,83594,21,0
2025-08-07 20:00:00,3388.9,3401.89,3384.46,3396.72,52379,21,0
2025-08-08 00:00:00,3400.97,3407.7,3387.53,3389.7,46017,21,0
2025-08-08 04:00:00,3389.7,3399.97,3381.94,3395.03,83917,21,0
2025-08-08 08:00:00,3395.04,3404.93,3389.51,3395.02,91866,21,0
2025-08-08 12:00:00,3395.07,3402.13,3381.34,3391.58,126586,21,0
2025-08-08 16:00:00,3391.66,3401.64,3381.23,3397.43,112005,21,0
2025-08-08 20:00:00,3397.42,3404.03,3368.22,3397.05,75430,21,0
2025-08-11 00:00:00,3403.77,3404.97,3381.48,3381.67,17957,25,0
2025-08-11 04:00:00,3381.64,3384.04,3367.72,3375.85,34233,25,0
2025-08-11 08:00:00,3375.81,3380.07,3356.99,3361.25,54361,16,0
2025-08-11 12:00:00,3361.18,3363.26,3344.43,3356.93,59976,21,0
2025-08-11 16:00:00,3356.89,3362.85,3341.51,3344.14,68993,21,0
2025-08-11 20:00:00,3344.14,3358.81,3341.22,3342.66,41581,21,0
2025-08-12 00:00:00,3342.75,3356.46,3342.45,3355.19,9330,27,0
2025-08-12 04:00:00,3355.22,3358.15,3346.89,3354.45,18880,27,0
2025-08-12 08:00:00,3354.49,3358.2,3342.26,3347.93,35105,18,0
2025-08-12 12:00:00,3347.92,3358.08,3336.12,3349.87,50402,23,0
2025-08-12 16:00:00,3349.86,3359.24,3331.1,3349.44,86137,23,0
2025-08-12 20:00:00,3349.44,3350.87,3345.54,3347.87,30007,23,0
2025-08-13 00:00:00,3349.83,3353.76,3341.98,3342.87,14384,25,0
2025-08-13 04:00:00,3342.9,3353.74,3342.01,3351.16,31164,25,0
2025-08-13 08:00:00,3351.15,3362.92,3344.93,3359.67,36473,18,0
2025-08-13 12:00:00,3359.67,3367.12,3355.47,3358.14,38607,23,0
2025-08-13 16:00:00,3358.17,3370.77,3354.17,3357.89,47758,23,0
2025-08-13 20:00:00,3357.89,3359.35,3350.03,3355.65,21115,23,0
2025-08-14 00:00:00,3357.11,3374.74,3356.71,3370.19,16767,28,0
2025-08-14 04:00:00,3370.18,3371.6,3356.12,3361.18,36587,28,0
2025-08-14 08:00:00,3361.17,3366.5,3341.41,3346.22,44638,21,0
2025-08-14 12:00:00,3346.22,3359.14,3342.0,3350.56,45096,26,0
2025-08-14 16:00:00,3350.56,3356.09,3329.68,3334.29,71556,26,0
2025-08-14 20:00:00,3334.29,3340.97,3331.72,3335.1,23593,26,0
2025-08-15 00:00:00,3336.73,3339.7,3332.2,3337.89,13311,28,0
2025-08-15 04:00:00,3337.92,3347.44,3334.12,3346.36,27599,28,0
2025-08-15 08:00:00,3346.35,3349.65,3339.16,3342.18,33048,21,0
2025-08-15 12:00:00,3342.16,3345.9,3333.43,3342.69,39245,26,0
2025-08-15 16:00:00,3342.71,3345.96,3332.79,3338.07,48600,36,0
2025-08-15 20:00:00,3338.07,3339.44,3334.22,3335.86,21585,36,0
2025-08-18 00:00:00,3336.26,3343.7,3323.82,3341.44,20283,28,0
2025-08-18 04:00:00,3341.37,3358.37,3340.45,3357.69,32245,28,0
2025-08-18 08:00:00,3357.69,3358.55,3344.45,3348.63,36410,21,0
2025-08-18 12:00:00,3348.61,3351.67,3343.09,3344.78,28466,26,0
2025-08-18 16:00:00,3344.72,3344.96,3331.52,3334.14,44100,26,0
2025-08-18 20:00:00,3334.15,3334.68,3330.04,3332.46,17232,26,0
2025-08-19 00:00:00,3333.6,3339.07,3325.98,3335.05,15108,28,0
2025-08-19 04:00:00,3335.05,3341.51,3329.27,3337.49,31598,28,0
2025-08-19 08:00:00,3337.51,3341.7,3334.41,3338.02,26763,21,0
2025-08-19 12:00:00,3338.03,3345.31,3333.99,3334.44,26398,31,0
2025-08-19 16:00:00,3334.57,3339.31,3316.72,3317.25,58162,40,0
2025-08-19 20:00:00,3317.18,3319.85,3314.65,3314.99,23009,40,0
2025-08-20 00:00:00,3316.39,3317.35,3311.93,3315.08,11170,40,0
2025-08-20 04:00:00,3315.11,3319.99,3311.24,3317.77,28756,40,0
2025-08-20 08:00:00,3317.86,3326.64,3317.17,3324.19,30503,40,0
2025-08-20 12:00:00,3324.23,3344.83,3322.73,3342.89,39035,35,0
2025-08-20 16:00:00,3342.9,3350.23,3338.79,3345.12,48870,33,0
2025-08-20 20:00:00,3345.11,3349.36,3344.04,3348.21,23861,35,0
2025-08-21 00:00:00,3350.74,3352.13,3341.42,3342.18,10356,35,0
2025-08-21 04:00:00,3342.22,3346.36,3337.91,3338.17,18816,35,0
2025-08-21 08:00:00,3338.21,3341.53,3334.23,3339.55,24986,35,0
2025-08-21 12:00:00,3339.54,3344.96,3324.93,3341.77,38789,35,0
2025-08-21 16:00:00,3341.73,3348.08,3335.9,3339.62,64504,35,0
2025-08-21 20:00:00,3339.68,3341.95,3336.4,3338.35,22243,35,0
2025-08-22 00:00:00,3338.81,3340.58,3334.95,3339.28,8608,35,0
2025-08-22 04:00:00,3339.38,3340.05,3327.64,3328.24,21756,35,0
2025-08-22 08:00:00,3328.21,3334.85,3325.06,3328.59,33646,35,0
2025-08-22 12:00:00,3328.59,3331.46,3321.22,3323.31,34497,35,0
2025-08-22 16:00:00,3323.39,3378.91,3323.09,3370.51,88103,35,0
2025-08-22 20:00:00,3370.54,3375.52,3368.81,3371.89,30018,31,0
2025-08-25 00:00:00,3371.21,3371.21,3363.48,3365.06,12149,33,0
2025-08-25 04:00:00,3365.07,3368.2,3359.79,3366.2,21006,33,0
2025-08-25 08:00:00,3366.16,3369.95,3363.2,3364.09,19198,26,0
2025-08-25 12:00:00,3363.99,3371.59,3361.99,3364.34,22231,26,0
2025-08-25 16:00:00,3364.31,3376.41,3362.03,3373.99,45718,35,0
2025-08-25 20:00:00,3374.0,3375.01,3364.2,3365.32,24747,35,0
2025-08-26 00:00:00,3365.56,3386.48,3351.2,3383.12,29076,35,0
2025-08-26 04:00:00,3383.13,3384.93,3369.57,3377.35,32013,35,0
2025-08-26 08:00:00,3377.43,3379.85,3367.05,3376.7,35385,35,0
2025-08-26 12:00:00,3376.72,3380.28,3366.99,3371.93,41227,35,0
2025-08-26 16:00:00,3371.89,3389.38,3370.15,3382.98,59666,35,0
2025-08-26 20:00:00,3382.96,3393.4,3380.33,3393.26,28072,33,0
2025-08-27 00:00:00,3393.84,3393.88,3388.86,3389.59,11402,35,0
2025-08-27 04:00:00,3389.61,3390.19,3373.69,3374.71,27056,35,0
2025-08-27 08:00:00,3374.74,3385.01,3373.64,3384.58,34434,35,0
2025-08-27 12:00:00,3384.55,3385.5,3373.47,3381.06,43052,35,0
2025-08-27 16:00:00,3381.09,3398.86,3375.42,3395.62,62852,34,0
2025-08-27 20:00:00,3395.6,3398.11,3392.37,3397.31,29601,35,0
2025-08-28 00:00:00,3398.86,3399.47,3391.38,3392.07,11835,35,0
2025-08-28 04:00:00,3392.01,3392.89,3384.46,3390.29,29324,35,0
2025-08-28 08:00:00,3390.28,3401.18,3387.55,3400.8,36983,35,0
2025-08-28 12:00:00,3400.83,3408.83,3393.91,3397.27,48664,35,0
2025-08-28 16:00:00,3397.34,3418.11,3394.44,3415.82,68174,35,0
2025-08-28 20:00:00,3415.73,3423.43,3414.79,3417.06,39807,35,0
2025-08-29 00:00:00,3416.69,3418.14,3413.33,3413.66,11390,35,0
2025-08-29 04:00:00,3413.65,3414.25,3407.54,3408.88,30866,35,0
2025-08-29 08:00:00,3408.94,3415.08,3406.42,3410.4,36616,35,0
2025-08-29 12:00:00,3410.46,3417.0,3404.17,3416.47,46943,35,0
2025-08-29 16:00:00,3416.58,3449.61,3413.53,3449.35,92085,35,0
2025-08-29 20:00:00,3449.24,3454.13,3441.07,3448.25,55326,31,0
2025-09-01 00:00:00,3444.38,3452.99,3442.53,3444.35,19690,33,0
2025-09-01 04:00:00,3444.39,3486.08,3437.16,3475.31,71637,33,0
2025-09-01 08:00:00,3475.32,3490.1,3467.74,3476.83,56146,26,0
2025-09-01 12:00:00,3476.82,3477.03,3466.08,3469.39,46005,35,0
2025-09-01 16:00:00,3469.27,3481.42,3468.76,3477.29,40640,35,0
2025-09-01 20:00:00,3477.27,3478.89,3476.11,3476.4,5793,35,0
2025-09-02 00:00:00,3474.49,3485.78,3473.99,3479.6,18122,35,0
2025-09-02 04:00:00,3479.6,3508.6,3477.49,3496.63,53231,35,0
2025-09-02 08:00:00,3496.55,3497.72,3469.85,3477.48,63544,35,0
2025-09-02 12:00:00,3477.5,3494.14,3474.33,3481.97,76455,35,0
2025-09-02 16:00:00,3481.98,3528.91,3478.12,3527.88,114682,34,0
2025-09-02 20:00:00,3527.89,3540.09,3521.89,3533.72,54937,34,0
2025-09-03 00:00:00,3531.44,3547.31,3526.34,3536.46,22755,35,0
2025-09-03 04:00:00,3536.46,3546.53,3529.78,3537.34,49739,35,0
2025-09-03 08:00:00,3537.39,3541.86,3527.14,3540.53,52820,35,0
2025-09-03 12:00:00,3540.54,3551.5,3532.78,3550.63,63824,35,0
2025-09-03 16:00:00,3550.66,3572.52,3549.25,3572.42,97554,28,0
2025-09-03 20:00:00,3572.43,3578.51,3558.6,3559.52,60460,32,0
2025-09-04 00:00:00,3560.87,3563.98,3551.89,3561.42,24261,35,0
2025-09-04 04:00:00,3561.51,3563.28,3510.95,3533.0,56367,35,0
2025-09-04 08:00:00,3532.93,3545.49,3524.24,3541.19,48918,33,0
2025-09-04 12:00:00,3541.24,3551.44,3536.42,3548.12,54268,34,0
2025-09-04 16:00:00,3548.08,3558.75,3535.1,3552.55,88973,35,0
2025-09-04 20:00:00,3552.44,3555.36,3542.4,3545.45,35439,35,0
2025-09-05 00:00:00,3543.41,3556.32,3539.93,3551.33,19376,35,0
2025-09-05 04:00:00,3551.36,3558.56,3545.15,3557.74,38062,35,0
2025-09-05 08:00:00,3557.7,3560.41,3544.07,3545.82,45944,35,0
2025-09-05 12:00:00,3545.83,3585.91,3545.76,3580.28,62205,35,0
2025-09-05 16:00:00,3580.29,3600.13,3573.14,3595.11,125960,33,0
2025-09-05 20:00:00,3595.22,3597.49,3587.23,3589.94,61659,35,0
2025-09-08 00:00:00,3584.69,3597.39,3583.98,3594.8,33732,35,0
2025-09-08 04:00:00,3594.79,3597.81,3580.26,3582.27,53943,35,0
2025-09-08 08:00:00,3582.28,3617.14,3581.85,3611.29,51126,35,0
2025-09-08 12:00:00,3611.25,3625.9,3608.59,3624.15,46946,35,0
2025-09-08 16:00:00,3624.16,3646.4,3620.06,3640.5,102796,28,0
2025-09-08 20:00:00,3640.53,3641.05,3631.67,3634.97,51779,35,0
2025-09-09 00:00:00,3634.36,3640.64,3628.28,3637.75,19714,35,0
2025-09-09 04:00:00,3637.74,3657.12,3635.25,3654.82,58870,33,0
2025-09-09 08:00:00,3654.82,3659.28,3636.41,3647.94,62475,35,0
2025-09-09 12:00:00,3647.98,3656.63,3643.4,3647.16,50650,35,0
2025-09-09 16:00:00,3647.32,3674.39,3626.81,3644.85,124483,35,0
2025-09-09 20:00:00,3644.9,3646.35,3626.51,3626.59,46959,46,0
2025-09-10 00:00:00,3625.04,3640.65,3621.08,3623.9,23851,46,0
2025-09-10 04:00:00,3623.96,3643.23,3620.04,3642.91,40832,46,0
2025-09-10 08:00:00,3642.92,3648.44,3639.8,3645.87,43834,46,0
2025-09-10 12:00:00,3645.86,3657.51,3640.24,3643.88,56047,46,0
2025-09-10 16:00:00,3643.87,3655.34,3638.37,3642.58,84874,42,0
2025-09-10 20:00:00,3642.55,3649.47,3634.97,3639.58,41823,46,0
2025-09-11 00:00:00,3642.48,3646.98,3637.87,3643.83,14249,46,0
2025-09-11 04:00:00,3643.81,3649.04,3629.71,3630.33,32000,46,0
2025-09-11 08:00:00,3630.35,3637.86,3622.54,3626.75,52837,31,0
2025-09-11 12:00:00,3626.76,3643.99,3612.9,3628.96,58630,31,0
2025-09-11 16:00:00,3628.96,3641.97,3618.34,3636.27,83531,31,0
2025-09-11 20:00:00,3636.29,3637.69,3630.42,3633.36,32525,31,0
2025-09-12 00:00:00,3634.54,3638.4,3629.72,3635.83,14497,33,0
2025-09-12 04:00:00,3635.83,3656.32,3635.83,3654.99,41565,33,0
2025-09-12 08:00:00,3655.02,3656.7,3639.62,3641.01,41843,26,0
2025-09-12 12:00:00,3640.92,3652.25,3637.57,3645.33,48226,31,0
2025-09-12 16:00:00,3645.41,3654.43,3641.82,3649.26,62469,37,0
2025-09-12 20:00:00,3649.25,3650.77,3641.32,3643.22,27085,41,0
2025-09-15 00:00:00,3644.96,3646.33,3631.4,3632.75,16624,43,0
2025-09-15 04:00:00,3632.72,3646.17,3625.88,3644.95,36996,43,0
2025-09-15 08:00:00,3644.96,3645.54,3633.03,3644.79,36695,36,0
2025-09-15 12:00:00,3644.79,3650.89,3635.07,3650.32,52646,35,0
2025-09-15 16:00:00,3650.3,3685.62,3646.88,3679.26,93303,35,0
2025-09-15 20:00:00,3679.29,3682.81,3675.85,3678.85,46112,34,0
2025-09-16 00:00:00,3680.61,3686.44,3675.3,3686.13,17149,33,0
2025-09-16 04:00:00,3686.11,3689.24,3674.37,3684.78,39739,35,0
2025-09-16 08:00:00,3684.7,3697.07,3680.12,3694.17,45788,35,0
2025-09-16 12:00:00,3694.21,3699.33,3686.24,3688.97,56010,35,0
2025-09-16 16:00:00,3689.0,3703.0,3678.57,3689.59,106222,35,0
2025-09-16 20:00:00,3689.64,3693.68,3686.12,3689.65,35508,35,0
2025-09-17 00:00:00,3689.25,3694.91,3689.15,3690.63,11777,20,0
2025-09-17 04:00:00,3690.64,3691.26,3674.71,3680.04,38396,20,0
2025-09-17 08:00:00,3680.06,3685.1,3661.86,3664.12,40598,17,0
2025-09-17 12:00:00,3664.12,3679.25,3659.31,3678.68,48637,20,0
2025-09-17 16:00:00,3678.7,3688.52,3672.63,3684.64,51162,20,0
2025-09-17 20:00:00,3684.65,3707.29,3646.03,3659.27,94037,15,0
2025-09-18 00:00:00,3660.59,3671.98,3654.55,3665.31,20070,20,0
2025-09-18 04:00:00,3665.33,3668.7,3651.74,3653.48,38845,20,0
2025-09-18 08:00:00,3653.48,3665.82,3633.4,3665.48,52033,20,0
2025-09-18 12:00:00,3665.41,3672.97,3662.8,3663.12,41614,17,0
2025-09-18 16:00:00,3663.11,3664.19,3627.87,3646.19,83218,18,0
2025-09-18 20:00:00,3646.17,3647.02,3640.47,3643.64,28373,20,0
2025-09-19 00:00:00,3643.05,3643.42,3636.01,3639.94,10458,20,0
2025-09-19 04:00:00,3639.92,3659.96,3632.17,3658.79,40086,20,0
2025-09-19 08:00:00,3658.82,3661.14,3643.36,3655.73,40310,20,0
2025-09-19 12:00:00,3655.68,3659.18,3644.5,3649.25,33775,8,0
2025-09-19 16:00:00,3649.19,3675.92,3643.54,3668.36,68733,8,0
2025-09-19 20:00:00,3668.23,3685.35,3668.05,3685.12,35633,8,0
2025-09-22 00:00:00,3683.78,3692.34,3683.51,3690.93,17336,8,0
2025-09-22 04:00:00,3690.96,3697.47,3685.54,3692.12,38040,8,0
2025-09-22 08:00:00,3692.17,3722.5,3691.79,3720.32,41861,8,0
2025-09-22 12:00:00,3720.33,3728.53,3712.09,3721.64,39739,8,0
2025-09-22 16:00:00,3721.65,3739.69,3713.73,3737.12,64551,8,0
2025-09-22 20:00:00,3737.12,3748.84,3737.12,3746.79,31645,8,0
2025-09-23 00:00:00,3745.24,3750.61,3738.13,3747.14,19027,8,0
2025-09-23 04:00:00,3747.13,3759.2,3736.64,3744.69,47168,8,0
2025-09-23 08:00:00,3744.51,3775.28,3743.24,3774.47,47601,8,0
2025-09-23 12:00:00,3774.47,3790.86,3774.35,3784.31,52456,8,0
2025-09-23 16:00:00,3784.32,3788.75,3764.78,3778.92,79076,8,0
2025-09-23 20:00:00,3778.95,3785.35,3751.89,3763.64,55258,8,0
2025-09-24 00:00:00,3766.18,3770.0,3758.7,3765.0,17071,8,0
2025-09-24 04:00:00,3764.99,3771.61,3750.36,3768.11,42691,8,0
2025-09-24 08:00:00,3768.11,3779.12,3766.87,3769.89,37781,8,0
2025-09-24 12:00:00,3769.87,3772.08,3759.45,3767.87,42658,3,0
2025-09-24 16:00:00,3767.89,3773.49,3731.99,3735.54,82545,8,0
2025-09-24 20:00:00,3735.56,3738.54,3717.29,3736.13,40855,8,0
2025-09-25 00:00:00,3738.99,3751.44,3738.11,3749.34,19040,8,0
2025-09-25 04:00:00,3749.27,3750.82,3730.14,3738.89,41033,5,0
2025-09-25 08:00:00,3738.87,3762.27,3734.53,3757.12,46012,8,0
2025-09-25 12:00:00,3757.12,3761.04,3731.25,3739.49,58540,8,0
2025-09-25 16:00:00,3739.49,3746.34,3721.86,3733.63,81673,6,0
2025-09-25 20:00:00,3733.62,3758.15,3732.24,3749.23,48350,8,0
2025-09-26 00:00:00,3747.92,3751.21,3737.82,3749.24,21363,8,0
2025-09-26 04:00:00,3749.23,3752.51,3733.61,3747.44,37857,8,0
2025-09-26 08:00:00,3747.45,3755.12,3738.37,3752.86,41132,8,0
2025-09-26 12:00:00,3752.86,3757.39,3742.96,3751.97,43944,7,0
2025-09-26 16:00:00,3751.97,3783.69,3751.21,3774.14,88502,8,0
2025-09-26 20:00:00,3774.16,3783.17,3759.46,3760.42,44271,8,0
2025-09-29 00:00:00,3760.01,3787.46,3759.94,3787.05,24050,8,0
2025-09-29 04:00:00,3787.07,3809.0,3767.78,3805.02,69180,8,0
2025-09-29 08:00:00,3805.03,3819.84,3801.22,3818.57,61249,8,0
2025-09-29 12:00:00,3818.52,3831.31,3805.82,3813.52,64286,8,0
2025-09-29 16:00:00,3813.53,3833.54,3809.55,3830.42,92595,20,0
2025-09-29 20:00:00,3830.46,3833.83,3822.63,3833.69,48507,20,0
2025-09-30 00:00:00,3830.23,3840.64,3825.72,3838.93,22159,22,0
2025-09-30 04:00:00,3838.94,3867.61,3837.9,3867.57,58382,22,0
2025-09-30 08:00:00,3867.56,3871.83,3807.57,3816.23,83056,18,0
2025-09-30 12:00:00,3816.22,3821.47,3792.98,3819.3,77281,20,0
2025-09-30 16:00:00,3819.3,3854.58,3811.55,3845.92,94887,20,0
2025-09-30 20:00:00,3845.93,3860.81,3839.77,3858.7,47260,20,0
2025-10-01 00:00:00,3857.86,3865.26,3854.81,3859.84,21386,22,0
2025-10-01 04:00:00,3859.62,3874.92,3855.54,3864.9,50146,22,0
2025-10-01 08:00:00,3864.91,3895.35,3853.41,3892.97,65602,18,0
2025-10-01 12:00:00,3892.99,3895.21,3864.46,3870.34,67824,20,0
2025-10-01 16:00:00,3870.35,3878.62,3856.24,3870.77,102569,20,0
2025-10-01 20:00:00,3870.81,3871.78,3854.92,3864.32,53100,20,0
2025-10-02 00:00:00,3868.87,3869.33,3855.87,3855.89,23733,22,0
2025-10-02 04:00:00,3855.85,3869.96,3852.8,3864.04,34204,22,0
2025-10-02 08:00:00,3864.05,3878.62,3861.66,3874.51,49432,18,0
2025-10-02 12:00:00,3874.51,3891.99,3873.28,3884.41,52497,20,0
2025-10-02 16:00:00,3884.4,3896.96,3819.35,3844.84,126656,20,0
2025-10-02 20:00:00,3844.75,3859.27,3840.44,3855.15,51332,20,0
2025-10-03 00:00:00,3856.98,3863.82,3852.12,3856.23,19252,22,0
2025-10-03 04:00:00,3856.12,3862.09,3838.68,3844.67,45958,22,0
2025-10-03 08:00:00,3844.68,3865.6,3844.52,3864.87,42713,18,0
2025-10-03 12:00:00,3864.75,3874.87,3854.77,3873.81,52445,20,0
2025-10-03 16:00:00,3874.12,3892.39,3865.89,3884.39,101488,20,0
2025-10-03 20:00:00,3884.42,3888.53,3876.31,3885.68,54184,20,0
2025-10-06 00:00:00,3886.95,3920.88,3883.43,3900.47,50181,22,0
2025-10-06 04:00:00,3900.58,3941.18,3899.7,3939.34,60032,22,0
2025-10-06 08:00:00,3939.34,3948.92,3921.8,3943.26,78425,18,0
2025-10-06 12:00:00,3943.35,3947.48,3926.88,3933.54,74349,20,0
2025-10-06 16:00:00,3933.64,3970.09,3928.1,3954.09,108058,20,0
2025-10-06 20:00:00,3954.06,3965.06,3951.16,3960.98,51183,20,0
2025-10-07 00:00:00,3958.04,3977.58,3958.04,3963.44,42938,22,0
2025-10-07 04:00:00,3963.46,3977.71,3955.29,3976.6,49125,22,0
2025-10-07 08:00:00,3976.61,3977.64,3940.5,3951.55,79267,18,0
2025-10-07 12:00:00,3951.52,3980.66,3951.31,3980.16,60752,18,0
2025-10-07 16:00:00,3980.17,3990.91,3961.7,3976.64,125167,20,0
2025-10-07 20:00:00,3976.64,3987.79,3974.11,3984.31,63351,25,0
2025-10-08 00:00:00,3983.63,3999.03,3982.96,3993.0,27344,27,0
2025-10-08 04:00:00,3992.99,4026.69,3985.22,4026.25,62092,27,0
2025-10-08 08:00:00,4026.06,4040.54,4022.07,4036.37,67307,20,0
2025-10-08 12:00:00,4036.38,4049.66,4030.87,4039.93,68346,25,0
2025-10-08 16:00:00,4039.88,4059.21,4026.32,4056.57,105419,25,0
2025-10-08 20:00:00,4056.58,4058.08,4032.07,4041.48,77094,25,0
2025-10-09 00:00:00,4039.68,4041.44,4002.18,4022.78,49849,27,0
2025-10-09 04:00:00,4022.78,4041.89,4001.96,4039.6,81534,27,0
2025-10-09 08:00:00,4039.53,4043.68,4023.31,4038.05,72653,20,0
2025-10-09 12:00:00,4038.07,4053.69,4033.47,4053.36,60830,20,0
2025-10-09 16:00:00,4053.4,4057.96,3964.02,3968.54,154989,25,0
2025-10-09 20:00:00,3968.89,3981.9,3944.61,3975.71,98126,25,0
2025-10-10 00:00:00,3979.77,3993.84,3958.54,3990.32,31580,27,0
2025-10-10 04:00:00,3990.3,3991.64,3946.85,3966.18,73288,27,0
2025-10-10 08:00:00,3966.17,3994.56,3952.5,3991.93,88272,20,0
2025-10-10 12:00:00,3991.93,4006.6,3980.15,3985.56,86334,25,0
2025-10-10 16:00:00,3985.55,4022.82,3970.66,3983.3,145626,25,0
2025-10-10 20:00:00,3983.31,4021.21,3975.03,4018.55,90635,25,0
2025-10-13 00:00:00,4012.7,4060.34,4002.65,4044.37,58418,27,0
2025-10-13 04:00:00,4044.36,4059.92,4036.52,4056.94,67104,27,0
2025-10-13 08:00:00,4056.94,4079.8,4055.54,4078.37,76061,20,0
2025-10-13 12:00:00,4078.4,4086.46,4070.91,4079.79,64519,25,0
2025-10-13 16:00:00,4079.79,4117.13,4078.4,4105.77,104274,25,0
2025-10-13 20:00:00,4105.77,4115.41,4090.86,4111.21,64917,25,0
2025-10-14 00:00:00,4109.3,4132.0,4106.63,4124.47,39497,27,0
2025-10-14 04:00:00,4124.44,4170.06,4123.26,4168.08,94099,27,0
2025-10-14 08:00:00,4168.07,4179.78,4090.51,4144.11,122560,20,0
2025-10-14 12:00:00,4144.11,4144.32,4103.53,4106.6,92359,25,0
2025-10-14 16:00:00,4106.69,4155.29,4097.94,4140.42,125071,25,0
2025-10-14 20:00:00,4140.38,4153.04,4134.5,4143.46,71247,25,0
2025-10-15 00:00:00,4143.46,4169.84,4140.56,4162.48,32287,27,0
2025-10-15 04:00:00,4162.49,4190.44,4162.1,4179.27,64401,27,0
2025-10-15 08:00:00,4179.22,4217.71,4176.2,4208.16,63200,20,0
2025-10-15 12:00:00,4208.29,4211.99,4164.77,4190.47,78059,27,0
2025-10-15 16:00:00,4190.46,4212.3,4179.73,4198.95,108042,27,0
2025-10-15 20:00:00,4198.93,4213.39,4182.51,4208.05,68659,27,0
2025-10-16 00:00:00,4208.95,4227.82,4199.42,4210.88,34896,27,0
2025-10-16 04:00:00,4210.87,4241.38,4210.86,4232.8,66482,27,0
2025-10-16 08:00:00,4232.8,4235.24,4202.77,4232.23,77094,43,0
2025-10-16 12:00:00,4232.24,4251.06,4221.14,4235.79,63743,45,0
2025-10-16 16:00:00,4235.83,4292.02,4234.7,4282.57,115501,30,0
2025-10-16 20:00:00,4282.6,4330.41,4273.42,4328.78,89508,30,0
2025-10-17 00:00:00,4333.38,4379.84,4332.56,4358.1,63829,30,0
2025-10-17 04:00:00,4358.05,4376.93,4278.26,4376.21,108021,30,0
2025-10-17 08:00:00,4376.25,4378.49,4310.72,4347.42,111470,30,0
2025-10-17 12:00:00,4347.36,4348.02,4283.2,4314.18,103580,30,0
2025-10-17 16:00:00,4314.19,4317.5,4200.45,4204.74,154988,30,0
2025-10-17 20:00:00,4204.75,4250.41,4185.79,4246.66,95483,20,0
2025-10-20 00:00:00,4243.66,4274.31,4218.8,4249.29,61910,20,0
2025-10-20 04:00:00,4249.3,4270.86,4229.3,4265.93,82322,20,0
2025-10-20 08:00:00,4265.5,4266.47,4221.15,4258.36,85410,20,0
2025-10-20 12:00:00,4258.41,4327.12,4245.43,4323.46,81815,18,0
2025-10-20 16:00:00,4323.83,4355.42,4292.69,4347.63,118084,18,0
2025-10-20 20:00:00,4347.62,4381.32,4337.17,4355.81,77728,18,0
2025-10-21 00:00:00,4358.39,4375.16,4356.1,4368.59,42670,20,0
2025-10-21 04:00:00,4368.58,4372.1,4332.73,4341.64,79576,20,0
2025-10-21 08:00:00,4341.43,4343.95,4244.77,4273.7,109476,18,0
2025-10-21 12:00:00,4273.76,4277.71,4205.57,4210.91,103628,18,0
2025-10-21 16:00:00,4210.9,4225.21,4079.74,4113.29,160912,18,0
2025-10-21 20:00:00,4113.29,4130.74,4093.92,4125.47,97143,18,0
2025-10-22 00:00:00,4125.95,4132.06,4003.82,4074.82,60645,18,0
2025-10-22 04:00:00,4074.83,4143.18,4064.22,4128.08,79974,18,0
2025-10-22 08:00:00,4128.2,4161.2,4055.73,4070.35,97002,18,0
2025-10-22 12:00:00,4070.34,4101.45,4014.53,4033.77,103706,18,0
2025-10-22 16:00:00,4033.78,4085.15,4011.17,4059.14,145829,18,0
2025-10-22 20:00:00,4059.15,4113.48,4044.04,4098.0,88622,18,0
2025-10-23 00:00:00,4104.16,4115.71,4065.99,4081.75,49578,20,0
2025-10-23 04:00:00,4081.84,4100.61,4071.75,4089.56,70373,20,0
2025-10-23 08:00:00,4089.57,4137.79,4083.87,4116.18,86982,18,0
2025-10-23 12:00:00,4116.17,4129.09,4099.94,4127.17,73448,18,0
2025-10-23 16:00:00,4127.06,4154.57,4125.44,4132.82,106842,18,0
2025-10-23 20:00:00,4132.56,4143.38,4107.23,4125.32,58634,18,0
2025-10-24 00:00:00,4128.8,4133.61,4105.89,4132.48,27755,20,0
2025-10-24 04:00:00,4132.52,4144.31,4102.59,4111.41,60129,20,0
2025-10-24 08:00:00,4111.41,4117.71,4047.44,4065.24,81749,18,0
2025-10-24 12:00:00,4065.22,4093.11,4044.08,4081.95,88010,18,0
2025-10-24 16:00:00,4081.96,4138.51,4078.9,4129.18,118593,18,0
2025-10-24 20:00:00,4129.34,4134.17,4096.47,4112.94,72099,18,0
2025-10-27 00:00:00,4078.1,4108.84,4058.04,4081.7,67665,20,0
2025-10-27 04:00:00,4081.64,4084.38,4053.5,4079.5,62087,20,0
2025-10-27 08:00:00,4079.46,4084.74,4023.62,4039.56,84553,18,0
2025-10-27 12:00:00,4039.59,4050.19,4013.26,4021.85,107370,18,0
2025-10-27 16:00:00,4022.03,4023.25,3971.22,4006.38,117974,18,0
2025-10-27 20:00:00,4006.38,4010.01,3979.13,3982.41,51284,18,0
2025-10-28 00:00:00,3978.76,4019.63,3972.91,4010.91,50424,20,0
2025-10-28 04:00:00,4010.96,4013.81,3959.1,3966.38,64711,20,0
2025-10-28 08:00:00,3966.38,3968.41,3886.39,3904.72,95967,18,0
2025-10-28 12:00:00,3904.67,3940.36,3899.97,3939.14,101099,18,0
2025-10-28 16:00:00,3938.9,3970.33,3934.79,3962.36,105210,18,0
2025-10-28 20:00:00,3962.35,3964.06,3945.23,3952.11,43676,18,0
2025-10-29 00:00:00,3955.78,3982.16,3914.74,3973.54,60836,20,0
2025-10-29 04:00:00,3973.49,3974.12,3944.06,3962.47,62274,20,0
2025-10-29 08:00:00,3962.44,4029.65,3959.82,4023.91,85317,18,0
2025-10-29 12:00:00,4023.93,4030.19,4002.27,4012.27,96020,18,0
2025-10-29 16:00:00,4012.26,4022.23,3985.76,3994.66,98166,18,0
2025-10-29 20:00:00,3994.68,4007.54,3927.84,3928.9,93100,18,0
2025-10-30 00:00:00,3926.15,3966.5,3916.94,3947.87,65923,18,0
2025-10-30 04:00:00,3947.88,3982.49,3915.37,3963.87,98510,18,0
2025-10-30 08:00:00,3963.85,4011.81,3955.89,3998.62,99983,18,0
2025-10-30 12:00:00,3998.46,4000.88,3960.19,3995.36,108780,18,0
2025-10-30 16:00:00,3995.38,4017.88,3986.78,4004.66,110561,18,0
2025-10-30 20:00:00,4004.65,4027.0,4000.04,4024.65,53153,18,0
2025-10-31 00:00:00,4023.71,4046.02,4012.74,4018.79,82730,18,0
2025-10-31 04:00:00,4018.49,4019.17,3988.96,4004.97,90183,18,0
2025-10-31 08:00:00,4005.08,4026.6,3998.68,4008.33,80796,18,0
2025-10-31 12:00:00,4008.47,4036.09,4001.76,4016.45,82512,18,0
2025-10-31 16:00:00,4016.54,4027.06,3972.25,3997.63,115041,18,0
2025-10-31 20:00:00,3997.6,4009.79,3991.28,4003.13,43398,18,0
2025-11-03 00:00:00,3990.88,4001.8,3962.57,3996.04,57899,18,0
2025-11-03 04:00:00,3995.92,4018.25,3990.26,4013.91,69064,18,0
2025-11-03 08:00:00,4013.91,4028.1,3992.97,4000.41,72650,18,0
2025-11-03 12:00:00,4000.55,4020.35,3994.33,4015.81,75082,18,0
2025-11-03 16:00:00,4015.81,4030.45,3995.19,4005.95,107388,18,0
2025-11-03 20:00:00,4005.98,4014.81,3995.18,4000.02,54678,10,0
2025-11-04 00:00:00,4002.92,4005.48,3979.23,3987.21,49759,18,0
2025-11-04 04:00:00,3987.19,3999.19,3972.49,3973.23,70126,18,0
2025-11-04 08:00:00,3973.24,4000.84,3966.55,3991.21,71294,18,0
2025-11-04 12:00:00,3991.2,4000.05,3971.69,3975.64,73219,18,0
2025-11-04 16:00:00,3975.62,3977.66,3928.46,3955.0,110069,18,0
2025-11-04 20:00:00,3954.99,3956.78,3930.22,3931.74,72186,18,0
2025-11-05 00:00:00,3933.79,3950.25,3929.39,3938.05,49777,18,0
2025-11-05 04:00:00,3937.94,3978.62,3936.03,3964.89,65829,18,0
2025-11-05 08:00:00,3964.91,3987.14,3961.73,3971.75,60638,18,0
2025-11-05 12:00:00,3971.74,3979.48,3956.07,3976.06,59853,18,0
2025-11-05 16:00:00,3976.05,3990.45,3964.19,3982.15,89502,18,0
2025-11-05 20:00:00,3982.16,3990.28,3977.8,3978.93,41184,18,0
2025-11-06 00:00:00,3977.82,3980.06,3964.39,3976.62,37972,18,0
2025-11-06 04:00:00,3976.73,3990.8,3974.21,3987.61,41763,18,0
2025-11-06 08:00:00,3987.68,4016.96,3982.42,4010.9,55600,18,0
2025-11-06 12:00:00,4010.91,4019.51,4002.7,4012.19,55129,18,0
2025-11-06 16:00:00,4012.29,4013.92,3965.58,3986.05,111717,18,0
2025-11-06 20:00:00,3986.05,3995.09,3976.54,3976.84,68317,18,0
2025-11-07 00:00:00,3974.61,4002.79,3974.61,4001.73,28689,18,0
2025-11-07 04:00:00,4001.71,4003.31,3985.28,3994.86,38350,18,0
2025-11-07 08:00:00,3994.84,4014.19,3992.09,4006.48,43034,18,0
2025-11-07 12:00:00,4006.49,4012.05,3991.55,3997.7,59573,18,0
2025-11-07 16:00:00,3997.71,4027.42,3983.89,4005.25,102538,18,0
2025-11-07 20:00:00,4005.32,4008.96,3994.43,4001.18,56937,18,0
2025-11-10 00:00:00,3999.04,4053.35,3999.04,4044.25,44364,18,0
2025-11-10 04:00:00,4044.24,4070.01,4037.87,4069.47,48336,18,0
2025-11-10 08:00:00,4069.53,4086.62,4066.99,4076.8,57757,18,0
2025-11-10 12:00:00,4076.77,4106.04,4075.85,4091.64,67449,18,0
2025-11-10 16:00:00,4091.66,4102.7,4074.26,4102.61,98513,18,0
2025-11-10 20:00:00,4102.57,4116.51,4101.71,4115.38,57047,18,0
2025-11-11 00:00:00,4116.03,4141.03,4115.25,4136.07,42396,18,0
2025-11-11 04:00:00,4136.07,4148.8,4124.5,4130.98,54047,18,0
2025-11-11 08:00:00,4130.97,4145.74,4124.7,4141.75,57433,18,0
2025-11-11 12:00:00,4141.79,4146.59,4132.93,4142.48,56155,18,0
2025-11-11 16:00:00,4142.51,4143.19,4096.95,4114.28,100833,18,0
2025-11-11 20:00:00,4114.3,4131.85,4106.59,4126.08,50404,18,0
2025-11-12 00:00:00,4129.31,4145.52,4126.27,4131.31,44161,18,0
2025-11-12 04:00:00,4131.35,4135.3,4098.64,4104.64,59288,18,0
2025-11-12 08:00:00,4104.63,4133.63,4103.05,4124.49,65210,18,0
2025-11-12 12:00:00,4124.48,4139.3,4117.88,4126.82,68514,18,0
2025-11-12 16:00:00,4127.04,4206.6,4124.96,4199.47,126649,18,0
2025-11-12 20:00:00,4199.48,4211.68,4190.54,4194.17,77026,18,0
2025-11-13 00:00:00,4200.52,4209.11,4179.7,4192.19,62343,18,0
2025-11-13 04:00:00,4192.13,4219.27,4183.28,4212.02,82698,18,0
2025-11-13 08:00:00,4212.01,4239.32,4203.19,4232.97,74147,18,0
2025-11-13 12:00:00,4232.95,4244.91,4219.16,4231.64,83555,18,0
2025-11-13 16:00:00,4231.67,4232.22,4184.28,4201.65,132678,18,0
2025-11-13 20:00:00,4201.65,4203.15,4145.33,4171.23,92630,18,0
2025-11-14 00:00:00,4171.42,4193.76,4171.42,4189.86,53206,18,0
2025-11-14 04:00:00,4189.86,4211.01,4183.67,4189.75,75710,18,0
2025-11-14 08:00:00,4189.76,4193.12,4158.83,4169.3,88930,18,0
2025-11-14 12:00:00,4169.31,4170.97,4041.17,4055.71,107771,18,0
2025-11-14 16:00:00,4055.72,4111.0,4032.08,4099.75,126720,18,0
2025-11-14 20:00:00,4099.76,4103.58,4075.48,4084.87,71148,18,0
2025-11-17 00:00:00,4082.82,4106.69,4070.09,4091.0,57716,18,0
2025-11-17 04:00:00,4091.03,4093.57,4049.61,4058.2,69917,18,0
2025-11-17 08:00:00,4058.21,4095.79,4054.66,4081.98,68038,18,0
2025-11-17 12:00:00,4081.98,4092.14,4060.7,4065.29,73517,18,0
2025-11-17 16:00:00,4065.29,4081.96,4052.17,4073.37,114533,18,0
2025-11-17 20:00:00,4073.41,4076.11,4006.84,4045.45,90135,18,0
2025-11-18 00:00:00,4047.67,4055.07,4022.38,4024.83,50356,18,0
2025-11-18 04:00:00,4024.83,4035.77,4004.55,4018.75,75981,18,0
2025-11-18 08:00:00,4018.78,4047.13,3997.85,4040.11,79445,18,0
2025-11-18 12:00:00,4040.12,4070.26,4029.2,4065.17,85413,18,0
2025-11-18 16:00:00,4065.16,4081.95,4040.43,4071.46,131859,18,0
2025-11-18 20:00:00,4071.52,4082.32,4063.17,4067.06,78490,18,0
2025-11-19 00:00:00,4066.92,4078.27,4056.33,4058.97,40293,18,0
2025-11-19 04:00:00,4058.96,4097.43,4055.49,4095.44,67339,18,0
2025-11-19 08:00:00,4095.46,4116.18,4078.01,4113.32,67791,18,0
2025-11-19 12:00:00,4113.32,4119.69,4100.61,4110.37,81798,18,0
2025-11-19 16:00:00,4110.42,4132.65,4055.48,4078.76,143394,18,0
2025-11-19 20:00:00,4078.73,4091.14,4065.51,4077.68,88829,18,0
2025-11-20 00:00:00,4079.73,4110.13,4077.55,4081.32,50811,18,0
2025-11-20 04:00:00,4081.28,4085.48,4039.41,4066.64,81698,18,0
2025-11-20 08:00:00,4066.63,4077.63,4038.84,4064.18,91098,18,0
2025-11-20 12:00:00,4064.19,4096.35,4051.13,4080.21,88785,18,0
2025-11-20 16:00:00,4080.18,4107.14,4043.64,4066.13,155549,18,0
2025-11-20 20:00:00,4066.07,4087.15,4056.23,4076.89,92370,18,0
2025-11-21 00:00:00,4073.01,4088.65,4060.4,4068.44,45169,18,0
2025-11-21 04:00:00,4068.42,4079.91,4039.58,4058.33,78956,18,0
2025-11-21 08:00:00,4058.35,4064.75,4022.3,4050.57,96067,18,0
2025-11-21 12:00:00,4050.57,4081.2,4030.77,4079.64,117335,18,0
2025-11-21 16:00:00,4079.63,4101.15,4055.05,4085.44,144473,18,0
2025-11-21 20:00:00,4085.46,4092.15,4054.51,4065.7,88317,18,0
2025-11-24 00:00:00,4068.83,4077.58,4042.54,4044.08,47122,18,0
2025-11-24 04:00:00,4044.01,4061.0,4039.89,4046.06,70490,18,0
2025-11-24 08:00:00,4046.06,4074.17,4045.31,4072.19,70953,18,0
2025-11-24 12:00:00,4072.2,4085.56,4063.5,4078.0,67357,18,0
2025-11-24 16:00:00,4078.01,4100.38,4068.24,4093.06,99010,18,0
2025-11-24 20:00:00,4093.07,4140.01,4088.09,4133.95,64125,18,0
2025-11-25 00:00:00,4133.83,4144.59,4122.47,4134.49,53057,18,0
2025-11-25 04:00:00,4134.44,4155.88,4132.41,4150.79,69033,18,0
2025-11-25 08:00:00,4150.8,4152.46,4109.4,4128.26,82574,18,0
2025-11-25 12:00:00,4128.28,4150.78,4115.75,4147.79,84771,18,0
2025-11-25 16:00:00,4147.77,4159.24,4110.9,4146.01,111112,18,0
2025-11-25 20:00:00,4146.0,4150.88,4127.52,4130.39,67796,18,0
2025-11-26 00:00:00,4130.93,4153.2,4129.68,4148.66,34530,18,0
2025-11-26 04:00:00,4148.66,4169.8,4147.58,4162.72,62513,18,0
2025-11-26 08:00:00,4162.66,4168.56,4146.6,4162.58,59188,18,0
2025-11-26 12:00:00,4162.59,4173.3,4148.47,4153.09,74619,18,0
2025-11-26 16:00:00,4153.1,4169.92,4136.43,4167.22,94671,18,0
2025-11-26 20:00:00,4167.24,4171.73,4158.08,4163.75,58975,18,0
2025-11-27 00:00:00,4162.34,4168.62,4148.44,4154.0,38509,18,0
2025-11-27 04:00:00,4154.01,4155.99,4142.44,4146.81,57229,18,0
2025-11-27 08:00:00,4146.81,4167.13,4146.68,4158.5,65548,18,0
2025-11-27 12:00:00,4158.49,4162.31,4148.93,4154.81,54375,18,0
2025-11-27 16:00:00,4154.79,4161.64,4151.23,4157.59,44271,18,0
2025-11-27 20:00:00,4157.58,4160.36,4155.63,4159.55,8473,18,0
2025-11-28 00:00:00,4159.71,4193.2,4158.18,4191.4,37370,18,0
2025-11-28 04:00:00,4191.38,4192.03,4131.64,4182.62,26399,18,0
2025-11-28 08:00:00,4182.4,4188.86,4151.92,4164.04,12547,18,0
2025-11-28 12:00:00,4163.99,4182.88,4159.86,4182.44,16981,18,0
2025-11-28 16:00:00,4182.52,4216.62,4182.52,4216.49,45148,18,0
2025-11-28 20:00:00,4216.48,4225.99,4211.14,4217.37,12736,19,0
2025-12-01 00:00:00,4227.93,4256.18,4205.71,4255.59,96604,18,0
2025-12-01 04:00:00,4255.61,4256.66,4215.23,4229.42,116134,18,0
2025-12-01 08:00:00,4229.51,4253.43,4226.18,4249.77,62430,18,0
2025-12-01 12:00:00,4249.77,4264.63,4244.12,4247.28,85020,18,0
2025-12-01 16:00:00,4247.29,4249.12,4219.43,4232.31,139062,18,0
2025-12-01 20:00:00,4232.39,4244.48,4229.24,4231.69,79421,18,0
2025-12-02 00:00:00,4229.06,4235.75,4199.22,4219.44,55286,18,0
2025-12-02 04:00:00,4219.37,4226.3,4213.73,4224.84,62826,18,0
2025-12-02 08:00:00,4224.87,4226.37,4180.92,4191.66,69459,18,0
2025-12-02 12:00:00,4191.61,4215.13,4181.98,4212.35,66989,18,0
2025-12-02 16:00:00,4212.35,4230.8,4163.55,4193.71,127646,18,0
2025-12-02 20:00:00,4193.69,4212.26,4183.21,4205.46,61290,18,0
2025-12-03 00:00:00,4205.88,4221.03,4202.73,4214.39,57105,18,0
2025-12-03 04:00:00,4214.35,4228.98,4203.36,4207.55,71495,18,0
2025-12-03 08:00:00,4207.53,4211.51,4196.92,4201.98,70707,18,0
2025-12-03 12:00:00,4201.96,4238.52,4194.37,4237.28,82683,18,0
2025-12-03 16:00:00,4237.27,4241.58,4195.7,4211.15,128435,18,0
2025-12-03 20:00:00,4211.16,4212.68,4195.03,4202.44,70476,18,0
2025-12-04 00:00:00,4204.67,4216.7,4202.48,4208.95,48064,18,0
2025-12-04 04:00:00,4208.91,4208.95,4174.71,4180.83,85761,18,0
2025-12-04 08:00:00,4180.86,4202.03,4178.32,4199.71,93157,18,0
2025-12-04 12:00:00,4199.7,4206.39,4185.31,4198.13,86000,18,0
2025-12-04 16:00:00,4198.12,4219.49,4191.26,4216.51,121570,18,0
2025-12-04 20:00:00,4216.5,4217.45,4199.44,4208.36,71688,18,0
2025-12-05 00:00:00,4207.36,4209.59,4195.57,4203.31,42071,18,0
2025-12-05 04:00:00,4203.28,4221.22,4196.44,4220.61,66021,18,0
2025-12-05 08:00:00,4220.58,4231.09,4216.0,4223.34,64384,18,0
2025-12-05 12:00:00,4223.33,4239.26,4220.07,4234.82,62487,18,0
2025-12-05 16:00:00,4234.72,4259.38,4198.5,4217.4,130439,18,0
2025-12-05 20:00:00,4217.3,4219.05,4191.77,4195.72,79238,18,0
2025-12-08 00:00:00,4197.09,4211.42,4193.88,4200.93,52005,18,0
2025-12-08 04:00:00,4200.89,4217.02,4198.37,4216.96,67476,18,0
2025-12-08 08:00:00,4216.96,4218.93,4202.8,4207.77,67807,18,0
2025-12-08 12:00:00,4207.74,4215.34,4197.63,4201.49,70505,18,0
2025-12-08 16:00:00,4201.51,4211.53,4175.82,4194.62,113639,18,0
2025-12-08 20:00:00,4194.67,4195.53,4183.96,4190.16,61972,18,0
2025-12-09 00:00:00,4190.65,4196.73,4188.05,4195.34,42869,18,0
2025-12-09 04:00:00,4195.36,4198.23,4177.84,4179.54,70240,18,0
2025-12-09 08:00:00,4179.58,4213.06,4169.75,4202.91,89328,18,0
2025-12-09 12:00:00,4203.08,4208.52,4195.78,4201.37,84169,18,0
2025-12-09 16:00:00,4201.35,4221.49,4189.27,4202.97,130234,26,0
2025-12-09 20:00:00,4202.94,4215.92,4201.23,4208.25,83624,30,0
2025-12-10 00:00:00,4208.84,4218.12,4206.78,4213.86,42559,32,0
2025-12-10 04:00:00,4213.87,4218.98,4202.22,4210.71,63371,32,0
2025-12-10 08:00:00,4210.71,4210.93,4192.38,4194.09,76558,30,0
2025-12-10 12:00:00,4194.09,4204.88,4187.54,4200.57,80720,30,0
2025-12-10 16:00:00,4200.56,4206.87,4188.74,4199.51,102715,30,0
2025-12-10 20:00:00,4199.57,4238.77,4181.85,4228.52,97709,30,0
2025-12-11 00:00:00,4229.68,4246.93,4224.03,4239.12,51566,36,0
2025-12-11 04:00:00,4239.08,4241.57,4205.88,4207.22,74324,36,0
2025-12-11 08:00:00,4207.25,4221.42,4204.03,4218.37,63890,30,0
2025-12-11 12:00:00,4218.38,4225.82,4205.09,4221.83,67381,30,0
2025-12-11 16:00:00,4221.88,4282.17,4218.26,4279.01,122836,30,0
2025-12-11 20:00:00,4278.88,4286.26,4263.5,4280.18,69277,30,0
2025-12-12 00:00:00,4281.76,4283.67,4264.78,4271.23,47721,32,0
2025-12-12 04:00:00,4271.16,4280.89,4266.37,4279.26,60486,32,0
2025-12-12 08:00:00,4279.27,4320.5,4277.06,4317.94,75543,30,0
2025-12-12 12:00:00,4317.99,4346.31,4315.11,4341.1,97176,30,0
2025-12-12 16:00:00,4341.11,4353.6,4257.65,4294.25,161739,30,0
2025-12-12 20:00:00,4294.63,4304.2,4288.56,4300.23,75199,30,0
2025-12-15 00:00:00,4294.28,4325.72,4294.28,4322.55,47748,32,0
2025-12-15 04:00:00,4322.55,4344.39,4319.43,4343.61,72263,32,0
2025-12-15 08:00:00,4343.6,4350.39,4333.68,4342.65,70345,14,0
2025-12-15 12:00:00,4342.71,4348.55,4330.93,4332.26,76195,18,0
2025-12-15 16:00:00,4332.3,4336.79,4285.12,4304.29,140320,18,0
2025-12-15 20:00:00,4304.32,4317.65,4299.47,4305.29,68835,18,0
2025-12-16 00:00:00,4307.72,4317.8,4299.06,4308.82,51568,18,0
2025-12-16 04:00:00,4308.83,4312.07,4271.3,4283.94,89471,18,0
2025-12-16 08:00:00,4284.01,4292.03,4275.03,4280.21,72884,18,0
2025-12-16 12:00:00,4280.24,4313.21,4273.61,4312.94,76980,18,0
2025-12-16 16:00:00,4312.95,4335.11,4291.26,4303.58,122962,18,0
2025-12-16 20:00:00,4303.56,4315.92,4297.23,4302.15,68524,18,0
2025-12-17 00:00:00,4301.94,4326.83,4301.13,4326.7,42247,18,0
2025-12-17 04:00:00,4326.69,4343.52,4311.1,4335.01,75647,18,0
2025-12-17 08:00:00,4335.11,4338.75,4308.04,4315.88,72373,18,0
2025-12-17 12:00:00,4315.88,4344.09,4306.5,4342.12,71115,18,0
2025-12-17 16:00:00,4342.12,4349.15,4320.28,4342.5,141808,18,0
2025-12-17 20:00:00,4342.52,4346.57,4329.01,4338.43,75223,18,0
2025-12-18 00:00:00,4337.6,4342.51,4323.33,4332.29,51010,18,0
2025-12-18 04:00:00,4332.32,4338.53,4328.66,4333.24,79385,18,0
2025-12-18 08:00:00,4333.28,4337.63,4320.55,4323.24,70251,18,0
2025-12-18 12:00:00,4323.21,4342.97,4314.63,4336.61,67871,18,0
2025-12-18 16:00:00,4336.48,4374.69,4308.5,4333.18,148672,18,0
2025-12-18 20:00:00,4333.24,4341.25,4322.75,4332.12,87468,18,0
2025-12-19 00:00:00,4334.08,4336.68,4308.07,4322.39,35102,18,0
2025-12-19 04:00:00,4322.43,4327.7,4309.1,4324.68,57328,18,0
2025-12-19 08:00:00,4324.66,4333.39,4320.84,4329.28,63608,18,0
2025-12-19 12:00:00,4329.18,4335.26,4320.5,4328.23,73556,18,0
2025-12-19 16:00:00,4328.22,4356.25,4319.77,4353.75,117905,18,0
2025-12-19 20:00:00,4353.71,4356.81,4336.66,4338.44,54738,18,0
2025-12-22 00:00:00,4338.47,4385.32,4337.85,4383.4,43596,18,0
2025-12-22 04:00:00,4383.4,4409.87,4379.03,4400.28,54461,18,0
2025-12-22 08:00:00,4400.28,4420.64,4399.57,4411.38,50828,18,0
2025-12-22 12:00:00,4411.49,4427.4,4406.35,4423.96,70273,18,0
2025-12-22 16:00:00,4424.24,4442.53,4412.2,4438.95,99306,18,0
2025-12-22 20:00:00,4439.01,4449.29,4429.13,4443.76,44396,18,0
2025-12-23 00:00:00,4447.53,4490.89,4447.48,4486.92,44394,18,0
2025-12-23 04:00:00,4486.92,4497.84,4474.79,4475.06,76508,18,0
2025-12-23 08:00:00,4474.98,4493.15,4469.34,4480.27,75011,18,0
2025-12-23 12:00:00,4480.32,4497.4,4473.31,4478.98,80447,18,0
2025-12-23 16:00:00,4479.05,4480.0,4430.25,4472.64,133725,18,0
2025-12-23 20:00:00,4472.87,4500.03,4472.81,4484.77,67028,18,0
2025-12-24 00:00:00,4486.35,4525.83,4485.96,4518.75,60800,18,0
2025-12-24 04:00:00,4518.76,4519.09,4468.93,4488.2,90028,18,0
2025-12-24 08:00:00,4488.21,4498.31,4479.04,4495.27,79383,18,0
2025-12-24 12:00:00,4495.28,4500.02,4474.5,4487.7,79602,18,0
2025-12-24 16:00:00,4487.74,4489.33,4448.11,4480.76,137448,18,0
2025-12-24 20:00:00,4480.75,4482.59,4477.48,4480.7,5682,20,0
2025-12-26 00:00:00,4465.01,4530.16,4465.01,4504.27,61150,22,0
2025-12-26 04:00:00,4504.18,4514.97,4493.26,4510.09,97448,22,0
2025-12-26 08:00:00,4510.09,4520.71,4507.27,4512.79,78015,20,0
2025-12-26 12:00:00,4512.79,4528.81,4502.76,4525.46,87066,20,0
2025-12-26 16:00:00,4525.41,4550.38,4509.96,4519.08,128556,20,0
2025-12-26 20:00:00,4519.13,4535.71,4514.77,4531.88,87882,20,0
2025-12-29 00:00:00,4548.57,4549.48,4472.36,4497.1,86731,22,0
2025-12-29 04:00:00,4497.08,4520.25,4496.25,4506.4,85701,22,0
2025-12-29 08:00:00,4506.6,4510.54,4445.17,4471.77,107866,20,0
2025-12-29 12:00:00,4471.74,4474.12,4407.76,4422.09,100241,20,0
2025-12-29 16:00:00,4422.07,4422.07,4302.39,4327.88,143186,20,0
2025-12-29 20:00:00,4327.87,4344.16,4322.56,4330.89,74158,26,0
2025-12-30 00:00:00,4335.34,4359.12,4323.03,4359.08,59966,28,0
2025-12-30 04:00:00,4359.06,4379.95,4347.77,4377.34,84709,28,0
2025-12-30 08:00:00,4377.31,4383.04,4349.94,4371.82,100582,26,0
2025-12-30 12:00:00,4371.82,4404.06,4367.53,4388.03,109659,26,0
2025-12-30 16:00:00,4388.06,4391.81,4354.43,4369.84,136029,26,0
2025-12-30 20:00:00,4369.84,4378.09,4334.21,4338.24,88955,26,0
2025-12-31 00:00:00,4342.01,4373.14,4328.34,4365.93,61455,28,0
2025-12-31 04:00:00,4365.99,4370.9,4275.99,4285.64,114777,28,0
2025-12-31 08:00:00,4285.72,4337.27,4274.1,4325.81,88773,26,0
2025-12-31 12:00:00,4325.89,4348.27,4303.02,4345.73,87439,26,0
2025-12-31 16:00:00,4345.77,4353.36,4317.02,4321.74,123573,26,0
2025-12-31 20:00:00,4321.8,4331.43,4304.33,4318.3,78840,26,0
2026-01-02 00:00:00,4329.13,4356.01,4324.25,4347.97,40380,28,0
2026-01-02 04:00:00,4347.96,4381.67,4345.06,4380.66,60198,28,0
2026-01-02 08:00:00,4380.68,4397.43,4371.91,4385.29,75404,26,0
2026-01-02 12:00:00,4385.28,4402.23,4361.91,4365.94,90875,26,0
2026-01-02 16:00:00,4366.05,4373.5,4314.77,4322.65,136242,26,0
2026-01-02 20:00:00,4322.62,4332.88,4309.5,4332.58,82137,26,0
2026-01-05 00:00:00,4351.19,4420.21,4344.62,4402.06,71145,28,0
2026-01-05 04:00:00,4402.09,4413.83,4388.77,4411.46,88050,28,0
2026-01-05 08:00:00,4411.38,4437.72,4410.26,4434.45,82321,26,0
2026-01-05 12:00:00,4434.49,4438.77,4395.99,4416.76,103418,22,0
2026-01-05 16:00:00,4416.78,4455.63,4416.78,4443.49,130642,22,0
2026-01-05 20:00:00,4443.48,4449.39,4434.83,4448.71,68719,22,0
2026-01-06 00:00:00,4449.59,4459.77,4427.75,4451.72,51275,24,0
2026-01-06 04:00:00,4451.71,4473.08,4449.79,4453.75,84093,24,0
2026-01-06 08:00:00,4453.88,4476.92,4444.61,4445.97,78503,22,0
2026-01-06 12:00:00,4446.02,4470.37,4442.28,4467.98,84600,22,0
2026-01-06 16:00:00,4467.99,4491.65,4462.98,4489.65,121141,22,0
2026-01-06 20:00:00,4489.66,4497.38,4477.49,4494.51,65818,22,0
2026-01-07 00:00:00,4496.03,4500.54,4460.09,4464.43,52182,24,0
2026-01-07 04:00:00,4464.41,4481.4,4443.84,4453.32,90208,24,0
2026-01-07 08:00:00,4453.31,4474.77,4441.2,4463.48,71517,22,0
2026-01-07 12:00:00,4463.46,4467.64,4427.75,4452.85,87670,22,0
2026-01-07 16:00:00,4452.87,4468.32,4423.26,4451.73,119681,22,0
2026-01-07 20:00:00,4451.77,4461.59,4445.22,4455.23,67879,22,0
2026-01-08 00:00:00,4458.79,4466.16,4443.04,4449.54,48278,24,0
2026-01-08 04:00:00,4449.51,4450.68,4415.29,4425.37,98348,24,0
2026-01-08 08:00:00,4425.37,4439.5,4415.67,4432.55,88155,22,0
2026-01-08 12:00:00,4432.56,4435.94,4407.43,4423.6,88074,22,0
2026-01-08 16:00:00,4423.61,4465.51,4418.97,4463.66,119257,22,0
2026-01-08 20:00:00,4463.36,4479.6,4444.63,4477.09,66545,22,0
2026-01-09 00:00:00,4482.83,4483.79,4452.75,4468.86,45224,24,0
2026-01-09 04:00:00,4468.83,4476.62,4458.19,4467.92,63209,24,0
2026-01-09 08:00:00,4468.44,4477.51,4463.96,4471.02,58398,22,0
2026-01-09 12:00:00,4471.02,4491.67,4458.98,4482.44,71693,22,0
2026-01-09 16:00:00,4482.47,4517.41,4479.16,4484.45,120653,22,0
2026-01-09 20:00:00,4484.39,4511.27,4482.99,4509.79,60801,22,0
2026-01-12 00:00:00,4521.69,4601.62,4513.08,4570.17,79819,24,0
2026-01-12 04:00:00,4570.1,4584.95,4561.74,4580.77,84699,24,0
2026-01-12 08:00:00,4580.79,4599.83,4569.57,4589.27,74860,8,0
2026-01-12 12:00:00,4589.25,4620.44,4578.39,4616.05,77889,22,0
2026-01-12 16:00:00,4616.09,4630.31,4584.8,4616.64,118852,22,0
2026-01-12 20:00:00,4616.68,4618.92,4589.04,4596.46,69603,22,0
2026-01-13 00:00:00,4606.22,4607.61,4575.54,4577.85,54478,24,0
2026-01-13 04:00:00,4577.8,4602.2,4576.65,4592.15,70723,24,0
2026-01-13 08:00:00,4592.19,4597.19,4573.59,4586.27,65360,22,0
2026-01-13 12:00:00,4586.31,4621.1,4577.76,4611.67,71303,22,0
2026-01-13 16:00:00,4611.54,4634.86,4586.66,4590.34,125093,22,0
2026-01-13 20:00:00,4590.23,4601.95,4569.68,4586.27,82850,22,0
2026-01-14 00:00:00,4590.74,4620.37,4589.05,4619.59,50097,24,0
2026-01-14 04:00:00,4619.64,4639.92,4613.87,4619.69,79077,24,0
2026-01-14 08:00:00,4619.67,4639.87,4618.41,4630.44,80788,22,0
2026-01-14 12:00:00,4630.47,4642.14,4624.5,4635.89,83034,22,0
2026-01-14 16:00:00,4635.88,4639.18,4599.09,4614.19,140102,22,0
2026-01-14 20:00:00,4613.88,4643.08,4612.68,4625.69,91028,22,0
2026-01-15 00:00:00,4630.74,4632.36,4584.79,4599.9,68644,24,0
2026-01-15 04:00:00,4599.81,4613.58,4579.99,4594.6,98432,24,0
2026-01-15 08:00:00,4594.67,4613.07,4593.17,4612.57,79750,22,0
2026-01-15 12:00:00,4612.56,4623.09,4581.53,4587.42,84436,22,0
2026-01-15 16:00:00,4587.7,4624.81,4582.78,4616.45,121713,22,0
2026-01-15 20:00:00,4616.45,4621.67,4600.76,4615.38,71758,22,0
2026-01-16 00:00:00,4617.11,4620.76,4594.37,4601.68,52934,24,0
2026-01-16 04:00:00,4601.69,4615.02,4590.3,4610.42,71959,24,0
2026-01-16 08:00:00,4610.44,4612.03,4593.7,4600.44,62036,22,0
2026-01-16 12:00:00,4600.49,4616.37,4582.1,4601.66,65043,22,0
2026-01-16 16:00:00,4601.63,4620.46,4536.39,4581.42,130014,22,0
2026-01-16 20:00:00,4581.23,4598.43,4580.05,4595.39,76502,22,0
2026-01-19 00:00:00,4635.14,4690.43,4616.77,4658.09,76251,24,0
2026-01-19 04:00:00,4658.08,4675.36,4654.01,4668.82,64056,34,0
2026-01-19 08:00:00,4668.84,4680.14,4660.82,4669.57,57310,22,0
2026-01-19 12:00:00,4669.55,4674.68,4660.21,4665.73,49976,22,0
2026-01-19 16:00:00,4665.76,4678.95,4660.96,4676.41,55779,27,0
2026-01-19 20:00:00,4676.33,4680.56,4673.95,4675.73,8462,27,0
2026-01-20 00:00:00,4674.79,4676.91,4658.38,4669.66,37595,34,0
2026-01-20 04:00:00,4669.66,4717.13,4665.42,4715.01,65750,34,0
2026-01-20 08:00:00,4715.04,4737.79,4706.08,4732.81,70688,27,0
2026-01-20 12:00:00,4732.84,4738.65,4715.22,4737.53,78337,27,0
2026-01-20 16:00:00,4737.39,4762.85,4722.18,4759.62,121027,27,0
2026-01-20 20:00:00,4759.63,4766.69,4747.73,4763.17,94928,27,0
2026-01-21 00:00:00,4761.09,4844.28,4757.94,4835.26,51443,34,0
2026-01-21 04:00:00,4835.36,4878.19,4817.26,4869.91,80997,34,0
2026-01-21 08:00:00,4869.93,4888.53,4832.18,4859.96,86826,27,0
2026-01-21 12:00:00,4859.93,4880.26,4854.88,4879.41,70552,27,0
2026-01-21 16:00:00,4879.33,4880.84,4802.2,4826.01,151146,27,0
2026-01-21 20:00:00,4826.02,4853.84,4755.64,4828.54,112013,27,0
2026-01-22 00:00:00,4831.4,4832.62,4772.09,4797.66,57839,34,0
2026-01-22 04:00:00,4797.54,4821.53,4774.36,4821.13,73804,34,0
2026-01-22 08:00:00,4821.12,4838.97,4813.81,4822.82,68882,27,0
2026-01-22 12:00:00,4822.89,4836.37,4810.64,4822.15,71682,27,0
2026-01-22 16:00:00,4821.98,4906.29,4820.41,4904.68,119720,27,0
2026-01-22 20:00:00,4904.65,4940.61,4901.5,4936.04,77990,27,0
2026-01-23 00:00:00,4944.06,4968.35,4930.75,4953.27,54207,34,0
2026-01-23 04:00:00,4953.28,4967.17,4937.86,4960.62,44875,34,0
2026-01-23 08:00:00,4960.59,4963.06,4899.46,4918.38,76423,27,0
2026-01-23 12:00:00,4918.39,4947.55,4911.74,4938.62,80567,27,0
2026-01-23 16:00:00,4938.63,4988.01,4932.52,4965.67,114600,27,0
2026-01-23 20:00:00,4965.56,4989.64,4958.15,4985.81,71343,27,0
2026-01-26 00:00:00,5013.14,5086.29,5003.3,5071.65,82320,34,0
2026-01-26 04:00:00,5071.65,5092.74,5052.07,5074.18,96723,34,0
2026-01-26 08:00:00,5074.08,5111.01,5064.87,5083.58,93343,27,0
2026-01-26 12:00:00,5083.99,5096.6,5054.26,5068.01,94952,27,0
2026-01-26 16:00:00,5068.04,5104.88,5057.99,5100.82,142781,37,0
2026-01-26 20:00:00,5100.87,5103.14,4989.69,5008.05,166451,37,0
2026-01-27 00:00:00,5034.39,5075.74,5013.26,5061.14,79223,44,0
2026-01-27 04:00:00,5060.94,5084.22,5050.65,5082.62,103949,44,0
2026-01-27 08:00:00,5082.62,5100.72,5072.96,5098.59,99128,37,0
2026-01-27 12:00:00,5098.36,5098.41,5066.54,5077.23,101295,37,0
2026-01-27 16:00:00,5077.28,5103.22,5046.43,5081.23,157143,37,0
2026-01-27 20:00:00,5081.24,5190.31,5076.22,5180.38,121375,37,0
2026-01-28 00:00:00,5181.4,5225.17,5158.32,5204.47,82537,44,0
2026-01-28 04:00:00,5204.45,5266.25,5201.28,5260.99,108035,44,0
2026-01-28 08:00:00,5261.0,5311.41,5251.41,5277.81,101216,37,0
2026-01-28 12:00:00,5277.86,5289.01,5238.4,5265.94,98882,37,0
2026-01-28 16:00:00,5265.95,5306.81,5235.4,5298.01,143619,37,0
2026-01-28 20:00:00,5297.97,5417.21,5268.46,5416.95,146291,37,0
2026-01-29 00:00:00,5440.2,5598.09,5432.04,5545.19,121285,51,0
2026-01-29 04:00:00,5545.19,5564.14,5503.7,5562.06,128195,51,0
2026-01-29 08:00:00,5562.07,5595.07,5473.62,5513.56,131298,44,0
2026-01-29 12:00:00,5513.57,5542.54,5470.24,5510.01,112348,57,0
2026-01-29 16:00:00,5509.98,5548.98,5095.62,5335.32,184206,57,0
2026-01-29 20:00:00,5335.37,5425.74,5282.73,5377.13,153995,57,0
2026-01-30 00:00:00,5419.91,5450.86,5290.85,5301.12,98952,64,0
2026-01-30 04:00:00,5300.93,5312.28,5112.11,5184.57,147286,64,0
2026-01-30 08:00:00,5184.59,5204.85,4942.02,5013.3,150186,72,0
2026-01-30 12:00:00,5013.25,5145.45,4991.93,5019.11,121937,79,0
2026-01-30 16:00:00,5019.07,5112.81,4800.3,4849.3,160312,77,0
2026-01-30 20:00:00,4848.93,4948.07,4689.86,4882.32,138617,113,0
2026-02-02 00:00:00,4828.82,4883.66,4583.23,4736.18,128052,132,0
2026-02-02 04:00:00,4735.89,4772.08,4498.11,4548.59,173319,232,0
2026-02-02 08:00:00,4548.48,4730.55,4401.55,4718.75,164128,132,0
2026-02-02 12:00:00,4718.73,4811.32,4656.51,4705.36,142686,65,0
2026-02-02 16:00:00,4705.38,4793.85,4595.72,4673.39,178031,65,0
2026-02-02 20:00:00,4673.35,4712.17,4617.81,4656.98,133088,65,0
2026-02-03 00:00:00,4700.32,4855.72,4694.33,4840.93,100229,65,0
2026-02-03 04:00:00,4840.91,4841.33,4744.47,4824.47,131984,65,0
2026-02-03 08:00:00,4824.54,4948.46,4815.88,4915.38,117756,65,0
2026-02-03 12:00:00,4915.37,4950.16,4883.11,4931.97,102200,54,0
2026-02-03 16:00:00,4932.28,4992.72,4893.14,4927.97,155075,54,0
2026-02-03 20:00:00,4927.96,4963.38,4879.72,4945.01,126429,54,0
2026-02-04 00:00:00,4955.47,5052.7,4908.91,5045.89,91278,54,0
2026-02-04 04:00:00,5045.88,5089.4,5034.22,5078.41,84695,54,0
2026-02-04 08:00:00,5078.42,5090.76,5041.56,5058.83,83032,54,0
2026-02-04 12:00:00,5058.84,5063.01,5012.83,5052.94,83227,54,0
2026-02-04 16:00:00,5052.99,5058.21,4850.3,4897.44,164486,54,0
2026-02-04 20:00:00,4897.2,4969.77,4872.19,4963.83,92297,54,0
2026-02-05 00:00:00,4993.26,5022.52,4934.96,4958.0,80371,54,0
2026-02-05 04:00:00,4957.99,4961.2,4788.57,4895.13,152109,54,0
2026-02-05 08:00:00,4895.13,4942.99,4848.9,4854.21,123046,54,0
2026-02-05 12:00:00,4854.29,4893.91,4801.33,4834.89,119328,54,0
2026-02-05 16:00:00,4834.96,4905.76,4799.72,4868.77,156868,54,0
2026-02-05 20:00:00,4868.77,4874.68,4759.13,4775.59,105892,54,0
2026-02-06 00:00:00,4774.88,4784.06,4654.37,4773.34,102935,54,0
2026-02-06 04:00:00,4773.48,4897.1,4760.34,4896.78,104137,54,0
2026-02-06 08:00:00,4896.74,4902.56,4824.78,4866.25,89601,54,0
2026-02-06 12:00:00,4866.25,4937.9,4851.13,4928.85,75392,54,0
2026-02-06 16:00:00,4928.8,4968.04,4893.89,4959.82,109408,54,0
2026-02-06 20:00:00,4959.81,4970.56,4936.32,4963.43,49755,54,0
2026-02-09 00:00:00,4986.74,5046.12,4964.06,4981.28,72612,54,0
2026-02-09 04:00:00,4981.25,5040.32,4968.07,5035.17,78807,54,0
2026-02-09 08:00:00,5034.86,5043.84,4995.51,5006.23,77654,54,0
2026-02-09 12:00:00,5006.41,5022.59,4981.25,5006.9,74080,38,0
2026-02-09 16:00:00,5006.86,5080.15,5002.26,5045.53,95944,38,0
2026-02-09 20:00:00,5045.48,5085.83,5043.3,5058.93,60957,38,0
2026-02-10 00:00:00,5055.38,5063.47,4987.22,5031.89,71101,38,0
2026-02-10 04:00:00,5031.9,5055.31,5009.95,5038.55,73463,38,0
2026-02-10 08:00:00,5038.53,5062.63,5017.37,5045.52,66985,38,0
2026-02-10 12:00:00,5045.51,5059.92,5017.85,5050.39,61139,38,0
2026-02-10 16:00:00,5050.4,5078.38,4998.11,5025.05,111539,38,0
2026-02-10 20:00:00,5025.06,5044.54,5003.25,5021.44,64171,38,0
2026-02-11 00:00:00,5032.26,5054.81,5027.4,5054.3,38951,38,0
2026-02-11 04:00:00,5054.3,5063.49,5031.46,5051.08,46481,38,0
2026-02-11 08:00:00,5051.1,5071.57,5044.15,5062.38,54965,36,0
2026-02-11 12:00:00,5062.39,5118.67,5018.3,5065.29,89979,36,0
2026-02-11 16:00:00,5065.28,5098.42,5034.9,5090.95,117199,36,0
2026-02-11 20:00:00,5090.74,5093.31,5066.51,5081.63,61239,36,0
2026-02-12 00:00:00,5093.93,5094.93,5043.57,5062.01,53601,36,0
2026-02-12 04:00:00,5062.14,5077.3,5048.93,5074.25,46398,36,0
2026-02-12 08:00:00,5074.26,5079.61,5044.22,5071.9,49982,36,0
2026-02-12 12:00:00,5071.89,5083.66,5045.74,5074.84,48224,36,0
2026-02-12 16:00:00,5074.83,5076.94,4877.27,4939.62,137527,36,0
2026-02-12 20:00:00,4939.54,4956.72,4905.23,4920.32,107074,36,0
2026-02-13 00:00:00,4890.75,4988.28,4887.32,4980.3,59514,36,0
2026-02-13 04:00:00,4980.2,4996.53,4944.0,4945.44,54883,36,0
2026-02-13 08:00:00,4945.54,4988.83,4945.15,4969.58,63987,36,0
2026-02-13 12:00:00,4969.57,4999.05,4931.81,4986.41,62152,36,0
2026-02-13 16:00:00,4986.44,5033.32,4963.47,5020.72,119259,36,0
2026-02-13 20:00:00,5020.77,5045.82,5014.96,5042.3,69111,36,0
2026-02-16 00:00:00,5014.27,5030.22,4998.81,5027.86,38807,36,0
2026-02-16 04:00:00,5027.86,5030.19,4961.44,4988.91,42587,36,0
2026-02-16 08:00:00,4988.88,5016.81,4984.02,5013.13,36134,36,0
2026-02-16 12:00:00,5013.1,5016.75,4987.59,4995.51,34073,35,0
2026-02-16 16:00:00,4995.52,4997.67,4967.22,4990.33,40085,35,0
2026-02-16 20:00:00,4990.32,4996.29,4987.36,4994.42,7681,36,0
2026-02-17 00:00:00,4997.04,4999.79,4926.16,4956.81,36975,36,0
2026-02-17 04:00:00,4956.84,4969.6,4857.75,4887.33,49913,33,0
2026-02-17 08:00:00,4887.36,4931.65,4885.38,4925.46,49149,30,0
2026-02-17 12:00:00,4925.46,4944.33,4869.18,4869.59,54197,36,0
2026-02-17 16:00:00,4869.52,4906.36,4841.45,4863.57,116168,33,0
2026-02-17 20:00:00,4863.63,4909.4,4861.26,4876.35,62016,33,0
2026-02-18 00:00:00,4869.48,4892.02,4852.78,4889.1,34123,30,0
2026-02-18 04:00:00,4889.05,4940.15,4886.03,4933.83,31152,27,0
2026-02-18 08:00:00,4933.89,4942.71,4912.28,4916.45,32767,33,0
2026-02-18 12:00:00,4916.47,4968.79,4905.92,4953.7,45666,31,0
2026-02-18 16:00:00,4953.71,5011.31,4951.52,4999.19,71764,31,0
2026-02-18 20:00:00,4999.19,5003.14,4972.91,4975.23,55512,33,0
2026-02-19 00:00:00,4972.35,4988.09,4959.62,4972.2,28712,33,0
2026-02-19 04:00:00,4972.14,4997.47,4964.76,4996.06,25596,33,0
2026-02-19 08:00:00,4996.02,5021.15,4992.28,4995.03,37098,28,0
2026-02-19 12:00:00,4994.99,4996.31,4970.14,4994.77,45772,30,0
2026-02-19 16:00:00,4994.76,5021.33,4961.61,4983.86,87126,31,0
2026-02-19 20:00:00,4983.88,5003.39,4974.19,4994.89,47235,29,0
2026-02-20 00:00:00,5000.49,5014.14,4984.35,4995.5,25278,31,0
2026-02-20 04:00:00,4995.49,5010.99,4980.46,5010.99,28767,31,0
2026-02-20 08:00:00,5011.12,5042.52,5004.07,5027.32,43434,24,0
2026-02-20 12:00:00,5027.37,5048.74,5005.75,5043.7,46949,30,0
2026-02-20 16:00:00,5043.65,5076.48,4989.51,5073.21,107369,30,0
2026-02-20 20:00:00,5073.22,5106.4,5054.4,5102.4,60081,29,0
2026-02-23 00:00:00,5117.52,5170.45,5117.32,5155.86,53520,30,0
2026-02-23 04:00:00,5155.67,5175.71,5150.75,5155.93,44133,30,0
2026-02-23 08:00:00,5155.91,5159.05,5120.79,5147.75,48771,30,0
2026-02-23 12:00:00,5147.8,5164.92,5142.08,5144.37,46507,20,0
2026-02-23 16:00:00,5144.3,5218.43,5139.63,5207.38,76712,19,0
2026-02-23 20:00:00,5207.75,5236.71,5200.72,5226.54,47651,19,0
2026-02-24 00:00:00,5242.12,5248.8,5144.19,5175.32,46727,19,0
2026-02-24 04:00:00,5175.59,5189.9,5159.11,5180.58,49674,19,0
2026-02-24 08:00:00,5180.62,5182.63,5153.91,5168.5,51681,19,0
2026-02-24 12:00:00,5168.48,5178.83,5108.74,5112.97,55285,19,0
2026-02-24 16:00:00,5112.9,5162.43,5090.29,5162.35,79102,19,0
2026-02-24 20:00:00,5162.37,5171.87,5138.7,5143.08,48146,19,0
2026-02-25 00:00:00,5134.77,5189.19,5126.74,5175.93,36755,19,0
2026-02-25 04:00:00,5175.92,5209.21,5165.2,5200.5,50105,19,0
2026-02-25 08:00:00,5200.51,5200.55,5173.96,5191.37,46049,19,0
2026-02-25 12:00:00,5191.39,5193.28,5152.6,5184.46,49635,19,0
2026-02-25 16:00:00,5184.2,5216.87,5155.84,5205.95,69949,19,0
2026-02-25 20:00:00,5205.93,5207.24,5143.99,5167.0,49442,18,0
2026-02-26 00:00:00,5173.44,5197.29,5153.7,5190.27,43266,19,0
2026-02-26 04:00:00,5189.99,5204.98,5172.56,5197.07,46824,19,0
2026-02-26 08:00:00,5197.09,5198.58,5165.0,5184.07,50743,19,0
2026-02-26 12:00:00,5184.07,5187.75,5154.48,5163.55,52791,19,0
2026-02-26 16:00:00,5163.16,5191.9,5127.76,5166.39,83753,19,0
2026-02-26 20:00:00,5166.58,5200.44,5159.39,5183.92,50070,21,0
2026-02-27 00:00:00,5181.04,5194.3,5165.32,5193.79,33626,19,0
2026-02-27 04:00:00,5193.82,5199.75,5172.34,5197.5,45023,20,0
2026-02-27 08:00:00,5197.5,5198.95,5169.1,5172.44,47895,20,0
2026-02-27 12:00:00,5172.43,5240.68,5165.65,5222.21,53274,19,0
2026-02-27 16:00:00,5222.17,5257.42,5213.76,5233.54,81376,19,0
2026-02-27 20:00:00,5233.54,5280.56,5221.4,5278.13,52316,19,0
2026-03-02 00:00:00,5361.49,5391.85,5302.11,5323.65,55059,368,0
2026-03-02 04:00:00,5323.62,5365.65,5315.61,5364.97,57161,519,0
2026-03-02 08:00:00,5364.98,5417.8,5362.69,5390.77,61229,19,0
2026-03-02 12:00:00,5390.72,5415.34,5373.19,5391.49,62479,19,0
2026-03-02 16:00:00,5391.5,5392.62,5258.72,5304.52,90309,18,0
2026-03-02 20:00:00,5304.6,5344.63,5287.06,5319.11,56581,20,0
2026-03-03 00:00:00,5341.93,5378.48,5327.51,5333.71,39089,19,0
2026-03-03 04:00:00,5333.8,5371.2,5302.68,5316.22,58362,19,0
2026-03-03 08:00:00,5316.24,5333.63,5224.04,5272.84,72176,19,0
2026-03-03 12:00:00,5272.83,5286.27,5072.11,5155.85,82522,18,0
2026-03-03 16:00:00,5155.76,5174.9,4995.33,5078.19,97449,19,0
2026-03-03 20:00:00,5078.21,5147.77,5078.14,5087.88,73307,19,0
2026-03-04 00:00:00,5109.08,5177.52,5102.36,5174.09,52324,19,0
2026-03-04 04:00:00,5174.1,5189.81,5140.34,5158.99,77295,22,0
2026-03-04 08:00:00,5159.01,5184.27,5113.8,5181.67,70164,19,0
2026-03-04 12:00:00,5181.66,5204.57,5155.33,5167.46,73724,19,0
2026-03-04 16:00:00,5167.47,5183.66,5118.3,5140.45,95947,19,0
2026-03-04 20:00:00,5140.46,5145.94,5108.35,5136.32,57089,19,0
2026-03-05 00:00:00,5150.24,5185.27,5143.38,5170.85,35643,20,0
2026-03-05 04:00:00,5170.56,5195.15,5147.36,5147.63,52030,19,0
2026-03-05 08:00:00,5147.66,5180.06,5118.54,5159.93,65831,18,0
2026-03-05 12:00:00,5159.84,5170.43,5082.66,5116.66,58414,19,0
2026-03-05 16:00:00,5116.34,5128.12,5051.8,5060.78,89555,19,0
2026-03-05 20:00:00,5060.74,5093.11,5048.87,5079.41,63679,19,0
2026-03-06 00:00:00,5086.93,5142.84,5066.85,5134.01,38437,19,0
2026-03-06 04:00:00,5133.96,5140.81,5113.35,5116.66,47441,19,0
2026-03-06 08:00:00,5116.85,5122.1,5081.72,5083.79,53903,20,0
2026-03-06 12:00:00,5083.96,5128.89,5059.18,5083.54,65877,19,0
2026-03-06 16:00:00,5083.75,5170.54,5079.57,5139.01,85730,19,0
2026-03-06 20:00:00,5138.98,5174.45,5136.99,5169.18,54337,19,0
2026-03-09 00:00:00,5163.41,5167.35,5012.61,5068.83,74717,20,0
2026-03-09 04:00:00,5069.01,5139.08,5054.28,5122.99,63460,19,0
2026-03-09 08:00:00,5122.83,5133.02,5079.81,5103.52,65968,19,0
2026-03-09 12:00:00,5103.51,5111.43,5066.2,5072.48,68386,19,0
2026-03-09 16:00:00,5071.7,5115.35,5059.65,5094.78,75798,18,0
2026-03-09 20:00:00,5094.82,5146.97,5091.31,5136.38,41268,19,0
2026-03-10 00:00:00,5126.28,5185.71,5115.4,5183.73,57468,19,0
2026-03-10 04:00:00,5183.72,5186.46,5153.04,5176.97,51922,19,0
2026-03-10 08:00:00,5177.15,5194.6,5157.46,5181.93,54467,19,0
2026-03-10 12:00:00,5181.92,5228.65,5155.34,5204.7,69102,19,0
2026-03-10 16:00:00,5204.85,5237.74,5183.97,5226.74,69820,19,0
2026-03-10 20:00:00,5226.66,5227.09,5157.28,5189.99,44828,18,0
2026-03-11 00:00:00,5189.84,5221.84,5180.77,5207.07,45480,20,0
2026-03-11 04:00:00,5207.07,5218.74,5188.32,5197.36,47548,19,0
2026-03-11 08:00:00,5197.39,5208.71,5171.95,5185.73,56197,19,0
2026-03-11 12:00:00,5185.74,5194.41,5143.46,5174.53,67011,19,0
2026-03-11 16:00:00,5174.53,5194.69,5151.2,5166.81,74315,19,0
2026-03-11 20:00:00,5166.7,5181.0,5166.24,5173.27,27731,19,0
2026-03-12 00:00:00,5174.41,5174.83,5122.53,5166.92,53158,19,0
2026-03-12 04:00:00,5166.81,5174.88,5134.9,5153.05,46858,19,0
2026-03-12 08:00:00,5153.04,5190.11,5145.73,5187.77,49666,19,0
2026-03-12 12:00:00,5187.56,5191.24,5142.53,5147.07,62838,19,0
2026-03-12 16:00:00,5147.05,5159.35,5098.44,5101.27,78351,19,0
2026-03-12 20:00:00,5101.25,5108.05,5051.34,5075.21,41985,19,0
2026-03-13 00:00:00,5080.46,5122.55,5074.63,5122.54,42626,20,0
2026-03-13 04:00:00,5122.53,5126.56,5096.39,5101.7,43196,19,0
2026-03-13 08:00:00,5101.73,5106.95,5057.83,5087.88,62206,19,0
2026-03-13 12:00:00,5087.85,5120.13,5078.58,5103.0,64311,19,0
2026-03-13 16:00:00,5103.05,5108.46,5016.02,5043.25,86432,19,0
2026-03-13 20:00:00,5043.26,5048.49,5007.4,5016.83,42843,19,0
2026-03-16 00:00:00,5011.43,5028.95,4965.68,5013.35,72036,19,0
2026-03-16 04:00:00,5013.42,5023.84,4995.33,5014.52,54556,19,0
2026-03-16 08:00:00,5014.4,5033.08,4969.46,4972.81,66678,19,0
2026-03-16 12:00:00,4972.8,5032.38,4967.78,5027.79,72001,19,0
2026-03-16 16:00:00,5027.83,5036.21,4971.25,4988.6,80565,19,0
2026-03-16 20:00:00,4989.0,5019.34,4987.2,5002.87,38922,19,0
2026-03-17 00:00:00,5008.98,5026.07,4992.08,5025.8,44639,19,0
2026-03-17 04:00:00,5026.03,5042.23,5017.9,5018.55,46952,19,0
2026-03-17 08:00:00,5018.59,5026.38,5001.66,5006.12,54860,20,0
2026-03-17 12:00:00,5006.13,5029.03,4987.82,5014.87,63455,19,0
2026-03-17 16:00:00,5015.0,5019.33,4973.19,5002.74,76905,19,0
2026-03-17 20:00:00,5002.68,5008.93,4996.35,5002.09,30609,19,0
2026-03-18 00:00:00,4999.53,5015.74,4991.29,4998.32,30486,19,0
2026-03-18 04:00:00,4998.38,5006.76,4981.56,4997.52,40485,19,0
2026-03-18 08:00:00,4997.24,5016.5,4977.01,4990.5,46517,19,0
2026-03-18 12:00:00,4990.49,4990.5,4833.76,4877.82,80118,19,0
2026-03-18 16:00:00,4878.0,4898.78,4856.12,4890.83,73262,19,0
2026-03-18 20:00:00,4890.87,4899.32,4806.48,4817.24,54113,18,0
2026-03-19 00:00:00,4824.1,4866.87,4804.04,4849.87,58924,18,0
2026-03-19 04:00:00,4849.9,4865.75,4826.9,4827.35,53091,19,0
2026-03-19 08:00:00,4827.35,4841.94,4686.74,4698.72,91433,18,0
2026-03-19 12:00:00,4698.73,4719.82,4502.8,4621.34,99423,18,0
2026-03-19 16:00:00,4621.82,4649.24,4565.98,4615.42,109285,19,0
2026-03-19 20:00:00,4615.38,4663.02,4596.4,4656.22,60017,19,0
2026-03-20 00:00:00,4657.78,4699.08,4634.11,4677.19,62001,19,0
2026-03-20 04:00:00,4677.23,4735.84,4670.11,4688.41,61873,19,0
2026-03-20 08:00:00,4688.56,4734.61,4659.53,4667.57,73194,19,0
2026-03-20 12:00:00,4667.6,4695.52,4612.61,4616.23,89159,19,0
2026-03-20 16:00:00,4616.33,4622.44,4540.45,4574.4,106893,19,0
2026-03-20 20:00:00,4574.43,4578.35,4477.35,4496.81,66141,19,0
2026-03-23 00:00:00,4473.41,4536.12,4319.87,4387.62,81011,19,0
2026-03-23 04:00:00,4387.63,4422.09,4301.68,4310.37,80465,19,0
2026-03-23 08:00:00,4310.36,4310.57,4098.7,4253.52,94528,18,0
2026-03-23 12:00:00,4254.03,4492.74,4241.31,4454.75,98974,18,0
2026-03-23 16:00:00,4454.71,4512.84,4350.6,4426.81,103985,18,0
2026-03-23 20:00:00,4426.78,4466.89,4383.08,4405.45,55484,19,0
2026-03-24 00:00:00,4381.52,4448.39,4308.3,4322.29,72458,19,0
2026-03-24 04:00:00,4322.32,4379.53,4306.07,4347.38,80116,19,0
2026-03-24 08:00:00,4347.41,4432.66,4343.0,4426.37,84014,19,0
2026-03-24 12:00:00,4426.42,4442.05,4351.63,4381.51,89092,18,0
2026-03-24 16:00:00,4381.5,4434.16,4372.44,4388.6,98507,19,0
2026-03-24 20:00:00,4388.61,4484.12,4383.95,4475.32,59373,19,0
2026-03-25 00:00:00,4478.07,4601.15,4455.97,4594.82,69262,18,0
2026-03-25 04:00:00,4594.88,4602.62,4549.56,4555.75,57841,19,0
2026-03-25 08:00:00,4555.73,4567.97,4527.55,4551.77,70274,19,0
2026-03-25 12:00:00,4551.98,4585.7,4521.98,4544.68,81049,19,0
2026-03-25 16:00:00,4544.94,4579.43,4524.85,4550.9,90274,19,0
2026-03-25 20:00:00,4550.76,4568.91,4486.79,4504.31,51545,18,0
2026-03-26 00:00:00,4520.48,4544.36,4488.74,4535.72,60447,19,0
2026-03-26 04:00:00,4535.67,4535.78,4438.81,4438.98,62115,19,0
2026-03-26 08:00:00,4439.0,4463.87,4412.43,4423.55,80463,19,0
2026-03-26 12:00:00,4423.58,4460.72,4416.43,4452.85,82450,19,0
2026-03-26 16:00:00,4452.9,4479.18,4366.72,4381.65,95812,19,0
2026-03-26 20:00:00,4381.57,4420.97,4351.31,4379.56,57770,19,0
2026-03-27 00:00:00,4385.83,4420.59,4375.21,4417.52,49178,19,0
2026-03-27 04:00:00,4417.52,4475.28,4417.28,4454.08,53582,19,0
2026-03-27 08:00:00,4453.99,4473.09,4420.77,4428.86,63432,19,0
2026-03-27 12:00:00,4428.88,4445.43,4404.07,4431.17,71321,19,0
2026-03-27 16:00:00,4431.09,4555.53,4430.75,4487.54,86173,19,0
2026-03-27 20:00:00,4487.57,4528.82,4485.92,4492.23,46622,19,0
2026-03-30 00:00:00,4510.3,4513.12,4419.74,4432.2,53413,19,0
2026-03-30 04:00:00,4432.18,4517.52,4431.78,4496.72,73262,19,0
2026-03-30 08:00:00,4496.74,4550.56,4496.74,4538.31,70525,19,0
2026-03-30 12:00:00,4538.31,4580.53,4523.64,4569.33,71354,19,0
2026-03-30 16:00:00,4569.59,4578.74,4511.75,4539.77,95916,19,0
2026-03-30 20:00:00,4539.69,4542.1,4493.0,4508.81,69501,19,0
2026-03-31 00:00:00,4517.63,4548.17,4482.45,4547.6,43481,19,0
2026-03-31 04:00:00,4547.63,4619.42,4532.1,4564.27,76976,20,0
2026-03-31 08:00:00,4564.04,4581.91,4543.14,4568.36,70308,19,0
2026-03-31 12:00:00,4568.13,4597.17,4529.46,4576.26,77800,19,0
2026-03-31 16:00:00,4576.05,4651.45,4567.88,4638.78,103441,19,0
2026-03-31 20:00:00,4638.94,4685.54,4636.55,4666.97,81267,19,0
2026-04-01 00:00:00,4673.21,4722.4,4661.54,4710.9,44140,19,0
2026-04-01 04:00:00,4710.92,4724.45,4666.77,4676.48,62477,19,0
2026-04-01 08:00:00,4676.49,4747.66,4674.86,4728.73,70234,19,0
2026-04-01 12:00:00,4728.74,4763.3,4712.56,4723.67,65531,19,0
2026-04-01 16:00:00,4723.75,4791.03,4715.99,4787.27,90185,19,0
2026-04-01 20:00:00,4787.31,4793.04,4741.61,4755.27,65784,19,0
2026-04-02 00:00:00,4758.69,4800.13,4758.69,4784.24,31078,19,0
2026-04-02 04:00:00,4784.73,4784.79,4649.93,4672.46,70494,19,0
2026-04-02 08:00:00,4672.66,4680.42,4553.3,4619.85,73559,19,0
2026-04-02 12:00:00,4619.82,4635.03,4592.6,4600.07,62548,19,0
2026-04-02 16:00:00,4599.62,4699.97,4580.65,4659.64,94716,19,0
2026-04-02 20:00:00,4659.68,4681.9,4645.54,4674.99,58199,19,0
2026-04-06 00:00:00,4636.28,4651.0,4598.8,4622.34,46595,19,0
2026-04-06 04:00:00,4622.41,4671.71,4620.52,4659.05,53398,19,0
2026-04-06 08:00:00,4659.04,4698.25,4643.61,4696.33,52837,19,0
2026-04-06 12:00:00,4696.13,4706.58,4659.47,4677.03,54444,19,0
2026-04-06 16:00:00,4677.16,4697.47,4651.82,4660.13,74716,18,0
2026-04-06 20:00:00,4660.18,4666.69,4644.66,4648.34,46850,30,0
2026-04-07 00:00:00,4660.15,4667.71,4648.96,4651.03,26834,19,0
2026-04-07 04:00:00,4650.42,4664.35,4616.37,4660.8,56669,19,0
2026-04-07 08:00:00,4660.82,4690.56,4622.85,4683.03,64709,19,0
2026-04-07 12:00:00,4683.08,4694.48,4628.45,4651.78,68821,19,0
2026-04-07 16:00:00,4651.82,4668.91,4607.41,4656.61,85324,19,0
2026-04-07 20:00:00,4656.61,4718.69,4653.8,4706.23,67637,19,0
2026-04-08 00:00:00,4742.52,4857.56,4713.09,4820.04,64870,19,0
2026-04-08 04:00:00,4820.67,4825.43,4788.09,4803.51,60179,19,0
2026-04-08 08:00:00,4803.54,4843.71,4790.88,4794.18,66859,19,0
2026-04-08 12:00:00,4794.19,4807.12,4768.44,4799.23,66685,19,0
2026-04-08 16:00:00,4798.93,4806.7,4732.1,4760.22,93239,19,0
2026-04-08 20:00:00,4760.22,4764.32,4699.12,4718.1,69011,19,0
2026-04-09 00:00:00,4727.17,4728.19,4698.18,4706.41,34622,19,0
2026-04-09 04:00:00,4706.51,4732.89,4699.21,4720.93,53077,19,0
2026-04-09 08:00:00,4720.95,4733.49,4703.53,4726.08,59656,19,0
2026-04-09 12:00:00,4726.06,4759.9,4723.13,4745.55,54204,19,0
2026-04-09 16:00:00,4744.72,4800.87,4738.76,4789.83,81866,19,0
2026-04-09 20:00:00,4789.86,4801.43,4760.89,4763.93,57631,19,0
2026-04-10 00:00:00,4771.05,4771.73,4750.73,4761.98,27973,19,0
2026-04-10 04:00:00,4761.56,4777.01,4737.63,4758.54,49374,19,0
2026-04-10 08:00:00,4758.59,4769.13,4730.45,4741.56,52778,19,0
2026-04-10 12:00:00,4741.52,4782.24,4740.42,4770.59,56119,19,0
2026-04-10 16:00:00,4770.46,4795.11,4747.35,4763.92,77343,19,0
2026-04-10 20:00:00,4763.88,4773.04,4740.85,4747.88,50038,19,0
2026-04-13 00:00:00,4668.13,4698.01,4644.06,4695.02,45917,20,0
2026-04-13 04:00:00,4694.98,4728.05,4693.6,4723.08,56877,19,0
2026-04-13 08:00:00,4723.09,4740.06,4716.29,4723.33,58353,19,0
2026-04-13 12:00:00,4723.31,4729.23,4702.98,4723.65,60047,19,0
2026-04-13 16:00:00,4723.64,4746.68,4699.79,4732.99,85975,19,0
2026-04-13 20:00:00,4733.02,4749.92,4722.94,4739.6,54662,19,0
2026-04-14 00:00:00,4745.42,4775.99,4745.09,4769.89,34415,19,0
2026-04-14 04:00:00,4769.94,4777.22,4761.77,4774.19,52396,19,0
2026-04-14 08:00:00,4774.17,4796.37,4757.74,4786.96,66351,18,0
2026-04-14 12:00:00,4787.11,4789.21,4752.49,4771.07,65593,19,0
2026-04-14 16:00:00,4770.97,4820.31,4770.91,4810.21,83476,19,0
2026-04-14 20:00:00,4810.13,4846.31,4809.51,4839.37,53428,19,0
2026-04-15 00:00:00,4847.06,4849.2,4827.13,4835.79,34764,19,0
2026-04-15 04:00:00,4836.14,4871.29,4816.68,4824.75,60471,18,0
2026-04-15 08:00:00,4824.77,4830.27,4803.49,4818.1,66314,19,0
2026-04-15 12:00:00,4818.11,4819.34,4786.26,4811.39,69499,18,0
2026-04-15 16:00:00,4811.53,4830.58,4785.86,4804.02,83213,19,0
2026-04-15 20:00:00,4803.98,4808.59,4786.01,4789.88,53679,19,0
2026-04-16 00:00:00,4796.48,4837.75,4790.33,4833.09,32193,19,0
2026-04-16 04:00:00,4833.0,4836.17,4811.39,4833.05,50636,19,0
2026-04-16 08:00:00,4833.08,4838.28,4806.6,4813.78,62317,19,0
2026-04-16 12:00:00,4813.78,4823.31,4804.95,4816.32,57079,19,0
2026-04-16 16:00:00,4816.7,4823.97,4772.37,4791.79,85795,19,0
2026-04-16 20:00:00,4791.85,4798.48,4781.16,4788.48,57847,19,0
2026-04-17 00:00:00,4794.11,4801.14,4785.61,4794.64,28056,19,0
2026-04-17 04:00:00,4794.54,4804.51,4767.01,4803.07,49051,19,0
2026-04-17 08:00:00,4802.99,4806.2,4778.34,4795.86,56435,19,0
2026-04-17 12:00:00,4795.85,4847.93,4782.22,4846.6,58763,19,0
2026-04-17 16:00:00,4846.58,4890.34,4835.36,4867.1,87861,18,0
2026-04-17 20:00:00,4867.07,4869.75,4828.94,4831.64,60827,19,0
2026-04-20 00:00:00,4773.0,4795.1,4736.93,4772.31,49775,19,0
2026-04-20 04:00:00,4772.21,4814.25,4771.38,4788.76,58876,19,0
2026-04-20 08:00:00,4788.63,4805.61,4779.64,4795.95,67472,19,0
2026-04-20 12:00:00,4795.85,4821.93,4783.36,4803.18,64428,19,0
2026-04-20 16:00:00,4803.22,4827.76,4792.43,4805.23,88412,18,0
2026-04-20 20:00:00,4805.24,4821.24,4803.47,4819.19,47649,22,0
2026-04-21 00:00:00,4823.58,4833.1,4816.83,4823.94,31472,19,0
2026-04-21 04:00:00,4824.15,4824.45,4787.48,4788.72,52332,19,0
2026-04-21 08:00:00,4788.85,4796.61,4772.34,4785.34,64451,19,0
2026-04-21 12:00:00,4785.33,4797.64,4766.05,4778.43,62855,19,0
2026-04-21 16:00:00,4778.41,4794.04,4707.92,4710.74,100410,19,0
2026-04-21 20:00:00,4710.7,4721.87,4668.49,4717.16,82973,18,0
2026-04-22 00:00:00,4724.05,4747.29,4715.45,4739.7,32708,19,0
2026-04-22 04:00:00,4739.69,4765.04,4735.91,4754.62,49966,19,0
2026-04-22 08:00:00,4754.64,4772.55,4751.6,4756.96,59343,19,0
2026-04-22 12:00:00,4756.96,4762.57,4742.92,4744.35,61866,19,0
2026-04-22 16:00:00,4744.47,4760.98,4724.0,4728.84,89351,19,0
2026-04-22 20:00:00,4728.83,4749.77,4728.67,4738.07,54423,19,0
2026-04-23 00:00:00,4740.44,4753.64,4693.89,4748.1,39417,19,0
2026-04-23 04:00:00,4747.74,4749.93,4697.81,4704.03,71646,19,0
2026-04-23 08:00:00,4704.03,4724.76,4691.63,4703.19,69985,19,0
2026-04-23 12:00:00,4703.16,4743.33,4683.96,4740.43,77855,19,0
2026-04-23 16:00:00,4740.44,4741.53,4715.73,4732.57,90014,19,0
2026-04-23 20:00:00,4732.64,4734.13,4664.19,4691.61,85002,18,0
2026-04-24 00:00:00,4693.89,4707.98,4686.94,4704.76,36220,19,0
2026-04-24 04:00:00,4704.76,4711.31,4657.71,4674.66,68712,19,0
2026-04-24 08:00:00,4674.75,4697.87,4666.53,4691.76,66029,19,0
2026-04-24 12:00:00,4691.62,4717.37,4674.83,4700.93,74357,19,0
2026-04-24 16:00:00,4700.47,4739.95,4689.82,4726.58,95850,19,0
2026-04-24 20:00:00,4726.58,4729.81,4701.86,4704.65,57517,19,0
2026-04-27 00:00:00,4695.78,4698.11,4672.04,4697.63,36495,20,0
2026-04-27 04:00:00,4697.65,4730.2,4690.86,4724.97,61150,19,0
2026-04-27 08:00:00,4725.01,4725.48,4704.77,4706.54,63009,19,0
2026-04-27 12:00:00,4706.59,4712.46,4696.69,4699.14,61149,19,0
2026-04-27 16:00:00,4699.15,4703.12,4666.96,4676.27,87441,19,0
2026-04-27 20:00:00,4676.45,4685.76,4667.68,4678.33,49674,19,0
2026-04-28 00:00:00,4680.99,4701.07,4680.6,4690.39,26617,19,0
2026-04-28 04:00:00,4690.17,4691.29,4665.54,4667.03,52333,19,0
2026-04-28 08:00:00,4667.07,4667.63,4614.41,4629.41,74205,19,0
2026-04-28 12:00:00,4629.33,4629.71,4554.68,4593.75,79123,19,0
2026-04-28 16:00:00,4593.7,4594.91,4557.19,4592.18,91545,19,0
2026-04-28 20:00:00,4591.98,4601.73,4587.03,4595.01,52944,20,0
2026-04-29 00:00:00,4597.06,4610.46,4587.88,4599.94,27050,19,0
2026-04-29 04:00:00,4599.95,4605.83,4575.9,4605.01,59014,19,0
2026-04-29 08:00:00,4605.0,4607.6,4557.18,4573.03,65187,19,0
2026-04-29 12:00:00,4573.01,4580.71,4542.06,4544.79,66925,19,0
2026-04-29 16:00:00,4544.81,4564.86,4509.96,4545.35,88646,19,0
2026-04-29 20:00:00,4545.42,4554.32,4517.72,4542.19,76624,19,0
2026-04-30 00:00:00,4538.22,4573.86,4538.09,4569.76,35508,19,0
2026-04-30 04:00:00,4569.59,4582.32,4540.75,4542.18,63433,18,0
2026-04-30 08:00:00,4542.12,4629.56,4542.12,4616.57,68376,19,0
2026-04-30 12:00:00,4616.6,4646.68,4614.83,4639.76,75333,19,0
2026-04-30 16:00:00,4639.77,4646.14,4605.21,4607.34,81808,19,0
2026-04-30 20:00:00,4607.45,4626.97,4607.33,4619.27,54166,19,0
2026-05-01 00:00:00,4627.36,4634.31,4618.6,4619.9,33046,19,0
2026-05-01 04:00:00,4619.62,4636.04,4608.84,4608.84,46513,19,0
2026-05-01 08:00:00,4608.94,4615.8,4564.89,4568.92,61083,20,0
2026-05-01 12:00:00,4568.89,4607.23,4559.81,4590.4,59313,19,0
2026-05-01 16:00:00,4590.46,4660.14,4586.33,4638.64,93279,19,0
2026-05-01 20:00:00,4638.67,4642.69,4607.21,4613.66,56712,19,0
2026-05-04 00:00:00,4624.2,4629.55,4602.08,4612.84,35049,19,0
2026-05-04 04:00:00,4612.73,4618.08,4590.66,4606.16,53845,19,0
2026-05-04 08:00:00,4606.16,4613.11,4573.35,4576.65,62277,19,0
2026-05-04 12:00:00,4576.52,4584.1,4525.75,4568.32,68154,19,0
2026-05-04 16:00:00,4568.24,4583.08,4500.82,4510.59,88013,18,0
2026-05-04 20:00:00,4510.67,4531.52,4509.58,4522.06,55575,19,0
2026-05-05 00:00:00,4518.85,4530.3,4513.3,4529.82,24783,19,0
2026-05-05 04:00:00,4529.58,4546.64,4525.23,4533.43,45287,19,0
2026-05-05 08:00:00,4533.67,4559.53,4531.09,4558.94,59724,19,0
2026-05-05 12:00:00,4558.93,4574.77,4539.83,4564.42,60451,19,0
2026-05-05 16:00:00,4564.62,4586.7,4553.9,4561.38,73606,19,0
2026-05-05 20:00:00,4561.31,4565.97,4551.75,4554.94,43125,19,0
2026-05-06 00:00:00,4551.16,4619.85,4546.2,4618.67,41170,18,0
2026-05-06 04:00:00,4618.43,4653.79,4609.43,4649.27,57359,19,0
2026-05-06 08:00:00,4649.16,4702.95,4644.86,4701.06,67056,19,0
2026-05-06 12:00:00,4701.13,4722.79,4660.75,4683.3,84425,19,0
2026-05-06 16:00:00,4683.08,4717.62,4668.82,4682.84,89169,18,0
2026-05-06 20:00:00,4682.9,4700.18,4679.09,4689.35,48847,19,0
2026-05-07 00:00:00,4689.49,4701.16,4685.55,4687.94,32176,19,0
2026-05-07 04:00:00,4687.91,4721.5,4685.28,4696.19,55497,23,0
2026-05-07 08:00:00,4696.2,4753.44,4694.68,4730.87,68450,19,0
2026-05-07 12:00:00,4730.89,4752.63,4721.58,4749.18,67651,19,0
2026-05-07 16:00:00,4748.6,4764.74,4704.1,4715.1,87878,19,0
2026-05-07 20:00:00,4715.27,4719.26,4684.7,4687.02,75619,19,0
2026-05-08 00:00:00,4691.89,4709.36,4681.61,4702.51,36239,20,0
2026-05-08 04:00:00,4702.67,4732.85,4701.92,4711.03,55966,19,0
2026-05-08 08:00:00,4711.0,4734.37,4697.38,4715.19,65633,19,0
2026-05-08 12:00:00,4715.18,4731.95,4702.34,4722.94,65111,19,0
2026-05-08 16:00:00,4723.27,4749.8,4701.94,4712.59,82349,19,0
2026-05-08 20:00:00,4712.55,4729.01,4712.26,4713.93,42330,19,0
2026-05-11 00:00:00,4685.51,4698.27,4670.34,4683.62,39715,19,0
2026-05-11 04:00:00,4683.38,4705.34,4667.42,4671.06,63804,19,0
2026-05-11 08:00:00,4671.04,4679.79,4647.03,4666.62,61853,19,0
2026-05-11 12:00:00,4666.68,4700.2,4649.68,4699.23,61811,19,0
2026-05-11 16:00:00,4699.25,4748.16,4697.98,4715.61,79137,19,0
2026-05-11 20:00:00,4715.54,4737.82,4715.08,4732.98,45563,19,0
2026-05-12 00:00:00,4738.72,4773.72,4736.74,4749.1,36955,19,0
2026-05-12 04:00:00,4749.06,4755.56,4711.23,4714.23,66008,20,0
2026-05-12 08:00:00,4714.14,4721.88,4687.35,4703.2,68038,19,0
2026-05-12 12:00:00,4702.95,4711.42,4684.79,4705.55,69172,19,0
2026-05-12 16:00:00,4705.27,4709.1,4637.77,4671.16,91175,19,0
2026-05-12 20:00:00,4671.19,4719.01,4671.17,4713.67,57837,19,0
2026-05-13 00:00:00,4718.46,4727.04,4709.35,4714.5,34110,19,0
2026-05-13 04:00:00,4714.49,4717.1,4687.6,4699.52,59654,20,0
2026-05-13 08:00:00,4699.6,4715.39,4693.85,4700.4,62607,19,0
2026-05-13 12:00:00,4700.42,4710.35,4675.72,4683.72,67669,19,0
2026-05-13 16:00:00,4683.52,4709.97,4668.94,4695.72,81976,18,0
2026-05-13 20:00:00,4695.73,4701.3,4677.71,4687.27,48545,19,0
2026-05-14 00:00:00,4692.04,4706.64,4688.41,4705.59,30703,20,0
2026-05-14 04:00:00,4705.53,4713.14,4668.97,4702.74,71573,19,0
2026-05-14 08:00:00,4702.8,4718.71,4686.01,4693.22,71653,19,0
2026-05-14 12:00:00,4693.16,4710.04,4688.45,4705.6,66545,19,0
2026-05-14 16:00:00,4705.84,4707.52,4666.38,4678.71,84458,19,0
2026-05-14 20:00:00,4678.73,4682.74,4644.22,4649.68,52845,20,0
2026-05-15 00:00:00,4651.1,4665.06,4613.35,4627.55,39971,19,0
2026-05-15 04:00:00,4627.13,4631.21,4603.3,4605.2,73809,19,0
2026-05-15 08:00:00,4604.88,4605.38,4549.64,4554.02,80968,19,0
2026-05-15 12:00:00,4553.96,4572.63,4531.81,4545.02,76589,19,0
2026-05-15 16:00:00,4544.6,4566.38,4511.5,4544.95,89549,19,0
2026-05-15 20:00:00,4544.83,4564.25,4533.19,4537.7,60475,19,0
2026-05-18 00:00:00,4543.54,4554.9,4480.07,4515.86,49549,19,0
2026-05-18 04:00:00,4514.43,4549.7,4489.63,4540.74,76479,20,0
2026-05-18 08:00:00,4540.86,4559.85,4529.66,4549.87,69551,19,0
2026-05-18 12:00:00,4549.88,4574.75,4530.0,4572.63,69682,19,0
2026-05-18 16:00:00,4573.0,4584.0,4531.53,4549.49,87472,18,0
2026-05-18 20:00:00,4549.52,4566.51,4533.98,4564.54,58368,19,0
2026-05-19 00:00:00,4569.56,4588.98,4561.22,4563.19,36686,19,0
2026-05-19 04:00:00,4563.11,4572.33,4537.35,4542.09,65144,19,0
2026-05-19 08:00:00,4542.13,4559.13,4530.77,4542.52,68606,19,0
2026-05-19 12:00:00,4542.51,4548.07,4525.23,4537.12,66504,18,0
2026-05-19 16:00:00,4537.01,4537.23,4464.52,4507.47,88478,19,0
2026-05-19 20:00:00,4507.45,4511.0,4480.17,4480.31,54945,19,0
2026-05-20 00:00:00,4482.91,4508.68,4476.62,4500.76,38992,19,0
2026-05-20 04:00:00,4500.72,4505.93,4453.36,4461.8,73902,19,0
2026-05-20 08:00:00,4461.65,4490.03,4460.75,4484.07,72752,19,0
2026-05-20 12:00:00,4484.06,4505.54,4472.6,4496.28,63261,19,0
2026-05-20 16:00:00,4496.28,4552.97,4466.83,4534.55,88320,19,0
2026-05-20 20:00:00,4534.64,4550.33,4529.06,4542.43,53888,19,0
2026-05-21 00:00:00,4543.25,4552.56,4534.69,4546.34,35793,19,0
2026-05-21 04:00:00,4546.37,4569.43,4526.97,4537.21,65408,19,0
2026-05-21 08:00:00,4537.29,4539.05,4510.36,4532.51,70480,19,0
2026-05-21 12:00:00,4532.53,4542.64,4502.02,4504.12,77371,19,0
2026-05-21 16:00:00,4504.12,4520.75,4488.45,4519.3,92655,19,0
2026-05-21 20:00:00,4519.3,4559.29,4513.98,4541.11,70843,19,0
2026-05-22 00:00:00,4543.37,4544.91,4525.26,4526.46,27306,19,0
2026-05-22 04:00:00,4526.1,4535.88,4517.55,4527.08,52944,19,0
2026-05-22 08:00:00,4527.06,4534.06,4507.04,4521.73,62347,19,0
2026-05-22 12:00:00,4521.72,4536.87,4509.61,4527.65,62801,19,0
2026-05-22 16:00:00,4527.59,4534.15,4491.36,4514.79,78191,19,0
2026-05-22 20:00:00,4514.87,4527.74,4503.4,4506.25,50175,19,0
2026-05-25 00:00:00,4549.13,4579.71,4548.5,4569.36,39135,19,0
2026-05-25 04:00:00,4569.35,4576.15,4556.78,4564.78,52171,20,0
2026-05-25 08:00:00,4564.72,4566.07,4550.53,4556.02,50886,19,0
2026-05-25 12:00:00,4556.01,4577.3,4552.89,4567.27,47144,19,0
2026-05-25 16:00:00,4566.94,4575.13,4560.29,4573.88,48893,19,0
2026-05-25 20:00:00,4573.96,4578.61,4570.74,4571.47,4795,19,0
2026-05-26 00:00:00,4570.02,4580.55,4538.27,4549.24,35934,19,0
2026-05-26 04:00:00,4549.27,4549.63,4523.03,4525.06,52116,19,0
2026-05-26 08:00:00,4525.01,4538.94,4519.62,4523.94,60265,19,0
2026-05-26 12:00:00,4524.01,4540.86,4500.04,4519.49,66198,19,0
2026-05-26 16:00:00,4519.2,4531.24,4498.65,4504.42,71736,19,0
2026-05-26 20:00:00,4504.46,4510.61,4481.65,4505.51,46088,19,0
2026-05-27 00:00:00,4500.81,4527.26,4492.71,4514.48,33022,19,0
2026-05-27 04:00:00,4514.48,4520.25,4495.74,4509.92,47026,19,0
2026-05-27 08:00:00,4509.98,4514.2,4474.16,4497.0,61248,19,0
2026-05-27 12:00:00,4496.97,4496.97,4424.41,4438.32,66135,19,0
2026-05-27 16:00:00,4438.33,4455.26,4401.04,4450.74,75028,18,0
2026-05-27 20:00:00,4450.78,4458.69,4441.39,4454.53,39219,19,0
2026-05-28 00:00:00,4455.08,4462.15,4443.95,4458.02,30659,19,0
2026-05-28 04:00:00,4458.05,4459.41,4365.3,4371.78,71200,19,0
2026-05-28 08:00:00,4371.93,4395.33,4365.95,4387.34,62241,19,0
2026-05-28 12:00:00,4387.22,4433.18,4375.07,4431.74,63445,19,0
2026-05-28 16:00:00,4431.81,4511.08,4418.36,4510.95,85258,18,0
2026-05-28 20:00:00,4511.15,4516.37,4493.73,4495.27,49255,19,0
2026-05-29 00:00:00,4496.25,4499.47,4488.76,4496.13,27500,19,0
2026-05-29 04:00:00,4496.16,4520.74,4492.0,4514.17,53577,20,0
2026-05-29 08:00:00,4514.12,4526.22,4502.6,4514.95,56905,19,0
2026-05-29 12:00:00,4514.94,4543.09,4512.54,4522.66,60215,19,0
2026-05-29 16:00:00,4522.8,4595.25,4516.81,4566.75,81420,18,0
2026-05-29 20:00:00,4566.74,4568.45,4538.19,4539.05,50774,19,0
2026-06-01 00:00:00,4519.38,4545.86,4518.5,4540.6,33663,19,0
2026-06-01 04:00:00,4540.66,4540.87,4508.53,4514.29,51288,20,0
2026-06-01 08:00:00,4514.36,4525.05,4490.31,4497.8,57768,19,0
2026-06-01 12:00:00,4497.82,4511.54,4488.97,4501.96,55775,19,0
2026-06-01 16:00:00,4501.96,4503.64,4447.3,4479.92,79305,18,0
2026-06-01 20:00:00,4479.89,4495.43,4471.35,4482.5,42783,19,0
2026-06-02 00:00:00,4481.78,4496.26,4475.42,4482.7,26845,19,0
2026-06-02 04:00:00,4482.48,4517.08,4462.88,4516.26,57336,19,0
2026-06-02 08:00:00,4516.26,4540.49,4514.02,4525.51,55663,19,0
2026-06-02 12:00:00,4525.47,4535.34,4513.36,4514.38,50660,19,0
2026-06-02 16:00:00,4514.68,4524.57,4486.08,4491.63,70850,19,0
2026-06-02 20:00:00,4491.63,4492.88,4478.53,4486.74,42430,21,0
2026-06-03 00:00:00,4488.86,4497.48,4461.04,4485.99,34381,19,0
2026-06-03 04:00:00,4485.87,4488.38,4463.32,4469.03,49031,19,0
2026-06-03 08:00:00,4469.02,4473.93,4440.53,4444.87,60929,19,0
2026-06-03 12:00:00,4444.86,4468.09,4439.77,4460.32,63917,19,0
2026-06-03 16:00:00,4460.22,4465.7,4426.16,4441.66,78790,19,0
2026-06-03 20:00:00,4441.89,4452.12,4428.84,4432.25,49568,19,0
2026-06-04 00:00:00,4430.3,4465.93,4422.72,4447.25,45719,19,0
2026-06-04 04:00:00,4447.23,4483.15,4442.34,4480.12,69183,19,0
2026-06-04 08:00:00,4480.18,4481.52,4457.31,4462.19,66072,18,0
2026-06-04 12:00:00,4462.18,4514.9,4459.62,4503.97,72408,18,0
2026-06-04 16:00:00,4503.93,4515.26,4456.81,4482.79,84456,18,0
2026-06-04 20:00:00,4482.77,4483.17,4472.86,4474.14,44717,19,0
2026-06-05 00:00:00,4472.31,4481.21,4451.56,4458.46,37534,19,0
2026-06-05 04:00:00,4458.23,4469.16,4434.95,4444.78,64551,19,0
2026-06-05 08:00:00,4444.8,4468.46,4428.51,4462.61,62607,19,0
2026-06-05 12:00:00,4462.55,4475.57,4402.91,4402.91,58905,19,0
2026-06-05 16:00:00,4403.7,4420.48,4323.01,4345.22,92741,18,0
2026-06-05 20:00:00,4345.28,4346.91,4311.44,4326.72,74222,18,0
2026-06-08 00:00:00,4319.17,4352.41,4308.8,4342.38,47657,19,0
2026-06-08 04:00:00,4342.62,4344.46,4298.83,4312.41,80359,20,0
2026-06-08 08:00:00,4312.62,4316.99,4268.65,4288.57,85647,19,0
2026-06-08 12:00:00,4288.88,4339.55,4272.79,4332.97,82725,19,0
2026-06-08 16:00:00,4333.29,4346.28,4314.64,4340.77,95435,19,0
2026-06-08 20:00:00,4340.77,4346.08,4323.24,4328.26,61195,19,0
2026-06-09 00:00:00,4325.39,4328.82,4312.82,4319.73,32298,19,0
2026-06-09 04:00:00,4319.74,4341.85,4318.62,4331.71,60217,19,0
2026-06-09 08:00:00,4332.18,4350.39,4320.92,4326.44,64939,19,0
2026-06-09 12:00:00,4326.35,4344.61,4324.5,4341.47,57032,19,0
2026-06-09 16:00:00,4342.1,4363.15,4236.51,4252.75,97053,19,0
2026-06-09 20:00:00,4253.0,4274.18,4249.8,4258.78,72799,19,0
2026-06-10 00:00:00,4253.36,4257.31,4198.37,4217.13,53855,19,0
2026-06-10 04:00:00,4216.74,4216.86,4171.95,4174.6,86615,19,0
2026-06-10 08:00:00,4174.52,4221.91,4161.02,4169.27,84788,19,0
2026-06-10 12:00:00,4169.26,4179.24,4130.21,4146.82,93376,19,0
2026-06-10 16:00:00,4146.94,4186.01,4106.49,4121.91,112928,18,0
2026-06-10 20:00:00,4121.9,4134.71,4065.51,4068.78,80217,19,0
2026-06-11 00:00:00,4060.42,4077.98,4023.66,4075.72,64812,20,0
2026-06-11 04:00:00,4075.64,4118.11,4052.45,4082.54,88183,19,0
2026-06-11 08:00:00,4082.63,4112.52,4072.52,4084.2,83085,19,0
2026-06-11 12:00:00,4084.18,4096.38,4057.43,4081.19,80775,19,0
2026-06-11 16:00:00,4081.33,4107.45,4052.87,4080.1,111403,18,0
2026-06-11 20:00:00,4080.09,4219.89,4071.77,4209.8,91906,18,0
2026-06-12 00:00:00,4207.1,4246.16,4200.54,4208.1,47082,19,0
2026-06-12 04:00:00,4208.13,4210.44,4171.39,4189.69,69185,19,0
2026-06-12 08:00:00,4189.64,4225.93,4169.93,4219.66,75810,19,0
2026-06-12 12:00:00,4219.64,4228.07,4188.53,4190.91,70621,19,0
2026-06-12 16:00:00,4190.88,4235.48,4177.13,4215.87,90487,19,0
2026-06-12 20:00:00,4215.89,4235.24,4201.78,4217.25,53020,18,0
2026-06-15 00:00:00,4297.78,4308.04,4278.84,4292.64,38580,19,0
2026-06-15 04:00:00,4292.73,4335.41,4285.62,4328.16,54449,19,0
2026-06-15 08:00:00,4328.14,4345.42,4300.67,4334.29,58468,19,0
2026-06-15 12:00:00,4334.3,4349.68,4324.73,4348.06,55251,19,0
2026-06-15 16:00:00,4347.89,4369.46,4334.41,4338.75,70836,19,0
2026-06-15 20:00:00,4338.55,4338.66,4305.15,4307.4,49494,19,0
2026-06-16 00:00:00,4311.84,4320.56,4305.89,4319.15,27847,19,0
2026-06-16 04:00:00,4319.16,4333.16,4307.54,4322.33,51715,19,0
2026-06-16 08:00:00,4322.35,4347.9,4313.46,4347.04,55423,19,0
2026-06-16 12:00:00,4347.06,4354.99,4335.07,4354.97,51650,19,0
2026-06-16 16:00:00,4354.76,4355.0,4313.07,4340.85,76922,19,0
2026-06-16 20:00:00,4340.86,4343.08,4325.34,4329.9,47647,19,0
2026-06-17 00:00:00,4330.53,4341.68,4328.68,4337.21,17460,19,0
2026-06-17 04:00:00,4336.95,4349.87,4317.67,4326.82,51396,19,0
2026-06-17 08:00:00,4326.93,4334.11,4317.15,4324.59,55495,19,0
2026-06-17 12:00:00,4324.61,4335.8,4319.95,4333.6,51511,19,0
2026-06-17 16:00:00,4333.61,4366.66,4324.09,4359.55,78727,19,0
2026-06-17 20:00:00,4359.57,4382.21,4219.0,4256.04,95766,19,0
2026-06-18 00:00:00,4256.18,4315.48,4256.1,4309.02,40785,19,0
2026-06-18 04:00:00,4308.67,4329.85,4306.94,4316.11,65547,19,0
2026-06-18 08:00:00,4315.81,4324.63,4265.26,4266.71,70404,19,0
2026-06-18 12:00:00,4266.63,4273.14,4239.52,4246.29,70815,19,0
2026-06-18 16:00:00,4246.13,4276.46,4213.92,4219.35,94682,19,0
2026-06-18 20:00:00,4219.34,4233.04,4201.31,4206.65,61947,19,0
2026-06-19 00:00:00,4203.66,4210.49,4184.08,4190.7,32796,19,0
2026-06-19 04:00:00,4190.61,4194.34,4125.0,4125.68,56600,19,0
2026-06-19 08:00:00,4125.88,4178.44,4121.52,4169.2,66711,19,0
2026-06-19 12:00:00,4169.18,4179.85,4141.77,4178.92,61345,19,0
2026-06-19 16:00:00,4178.92,4182.73,4142.1,4155.22,58531,19,0
2026-06-22 00:00:00,4154.92,4200.86,4136.08,4200.86,43174,19,0
2026-06-22 04:00:00,4201.5,4220.69,4170.49,4181.72,68203,19,0
2026-06-22 08:00:00,4181.66,4207.22,4179.18,4197.18,64428,20,0
2026-06-22 12:00:00,4197.42,4215.12,4191.98,4193.37,59212,19,0
2026-06-22 16:00:00,4193.36,4210.64,4169.29,4189.69,88596,19,0
2026-06-22 20:00:00,4189.93,4193.49,4176.91,4190.71,49455,19,0
2026-06-23 00:00:00,4191.02,4195.11,4178.14,4193.27,30603,19,0
2026-06-23 04:00:00,4193.45,4198.27,4113.16,4117.05,74639,19,0
2026-06-23 08:00:00,4117.38,4136.31,4090.51,4105.25,83980,19,0
2026-06-23 12:00:00,4105.24,4133.19,4103.75,4113.16,72814,19,0
2026-06-23 16:00:00,4113.32,4144.89,4105.15,4134.03,91949,19,0
2026-06-23 20:00:00,4133.99,4139.92,4107.29,4108.26,57897,19,0
2026-06-24 00:00:00,4109.88,4114.82,4080.65,4097.97,42272,19,0
2026-06-24 04:00:00,4097.01,4102.14,4049.2,4063.23,72799,19,0
2026-06-24 08:00:00,4063.2,4097.24,4059.32,4076.45,66590,19,0
2026-06-24 12:00:00,4076.46,4078.91,3987.34,3987.53,70629,19,0
2026-06-24 16:00:00,3987.51,4041.82,3964.24,4006.61,90959,19,0
2026-06-24 20:00:00,4006.62,4011.26,3958.87,3999.64,72942,19,0
2026-06-25 00:00:00,4005.55,4018.61,3977.46,3991.43,38542,19,0
2026-06-25 04:00:00,3991.08,4005.22,3962.14,3995.56,73749,19,0
2026-06-25 08:00:00,3995.52,4001.78,3972.52,3988.85,66530,19,0
2026-06-25 12:00:00,3988.88,4019.17,3973.64,4012.91,59693,19,0
2026-06-25 16:00:00,4012.38,4044.09,3998.89,4027.85,89970,19,0
2026-06-25 20:00:00,4027.7,4044.39,4021.86,4025.1,57380,19,0
2026-06-26 00:00:00,4028.13,4036.42,4011.31,4021.48,38532,19,0
2026-06-26 04:00:00,4021.15,4030.31,3982.77,4010.85,69761,19,0
2026-06-26 08:00:00,4011.01,4041.05,4005.78,4031.6,65539,19,0
2026-06-26 12:00:00,4031.61,4061.35,4030.76,4058.97,60496,19,0
2026-06-26 16:00:00,4059.81,4096.14,4042.84,4085.14,81267,19,0
2026-06-26 20:00:00,4085.2,4089.05,4064.09,4087.09,48973,19,0
2026-06-29 00:00:00,4074.71,4082.16,4048.22,4069.34,38975,19,0
2026-06-29 04:00:00,4069.1,4075.73,4049.32,4051.4,65714,19,0
2026-06-29 08:00:00,4051.14,4068.93,4039.37,4048.03,61803,19,0
2026-06-29 12:00:00,4048.11,4056.21,4023.92,4044.0,60209,19,0
2026-06-29 16:00:00,4044.08,4051.78,3999.62,4023.78,75001,19,0
2026-06-29 20:00:00,4023.86,4032.1,4005.29,4014.75,40292,19,0
2026-06-30 00:00:00,4017.0,4022.48,3979.54,3986.48,34190,19,0
2026-06-30 04:00:00,3986.3,3996.98,3942.54,3985.55,70043,22,0
2026-06-30 08:00:00,3985.59,4037.63,3975.95,4015.43,67966,19,0
2026-06-30 12:00:00,4015.08,4038.35,4008.42,4010.66,55333,19,0
2026-06-30 16:00:00,4009.82,4063.28,4009.76,4025.96,77310,19,0
2026-06-30 20:00:00,4025.91,4033.71,4003.98,4005.76,43182,19,0
2026-07-01 00:00:00,4012.67,4018.44,3992.77,3996.38,30868,19,0
2026-07-01 04:00:00,3996.82,3999.79,3970.02,3976.44,55651,19,0
2026-07-01 08:00:00,3976.35,3984.31,3959.71,3974.23,58240,19,0
2026-07-01 12:00:00,3974.22,4035.68,3972.49,4022.64,57363,19,0
2026-07-01 16:00:00,4022.83,4115.55,4013.01,4071.26,79531,19,0
2026-07-01 20:00:00,4071.69,4073.99,4028.73,4030.36,50170,19,0
2026-07-02 00:00:00,4037.52,4051.47,4029.94,4050.68,30482,19,0
2026-07-02 04:00:00,4050.7,4073.23,4042.35,4059.42,56285,19,0
2026-07-02 08:00:00,4059.48,4080.12,4052.79,4076.0,62309,19,0
2026-07-02 12:00:00,4076.01,4140.3,4058.59,4117.49,60434,19,0
2026-07-02 16:00:00,4118.13,4143.97,4100.23,4118.15,85527,19,0
2026-07-02 20:00:00,4118.24,4126.99,4105.81,4122.49,54680,19,0
2026-07-03 00:00:00,4123.66,4150.86,4121.1,4147.01,32269,19,0
2026-07-03 04:00:00,4147.36,4195.58,4146.44,4177.33,55335,19,0
2026-07-03 08:00:00,4177.29,4186.81,4159.11,4180.93,51153,19,0
2026-07-03 12:00:00,4180.63,4186.31,4168.45,4177.34,40852,19,0
2026-07-03 16:00:00,4177.3,4179.17,4155.26,4174.65,46717,19,0
2026-07-06 00:00:00,4178.97,4201.67,4170.2,4179.29,38013,19,0
2026-07-06 04:00:00,4178.97,4203.24,4157.17,4159.36,60671,19,0
2026-07-06 08:00:00,4159.59,4164.99,4144.86,4148.96,54131,19,0
2026-07-06 12:00:00,4148.97,4160.35,4131.23,4139.44,49724,19,0
2026-07-06 16:00:00,4139.47,4156.19,4128.38,4155.01,67292,19,0
2026-07-06 20:00:00,4155.25,4167.41,4150.32,4162.78,39280,19,0
2026-07-07 00:00:00,4163.09,4168.22,4144.11,4144.55,26709,19,0
2026-07-07 04:00:00,4144.26,4146.64,4124.11,4126.31,54082,19,0
2026-07-07 08:00:00,4126.18,4139.08,4116.45,4125.65,57372,19,0
2026-07-07 12:00:00,4125.63,4175.3,4119.49,4172.95,56984,19,0
2026-07-07 16:00:00,4173.77,4180.37,4135.36,4145.02,75059,19,0
2026-07-07 20:00:00,4145.05,4148.08,4092.13,4105.09,55394,19,0
2026-07-08 00:00:00,4103.87,4126.65,4095.65,4111.41,36326,20,0
2026-07-08 04:00:00,4111.33,4129.99,4096.24,4125.18,62040,19,0
2026-07-08 08:00:00,4125.14,4133.97,4051.88,4056.39,69340,19,0
2026-07-08 12:00:00,4056.38,4086.2,4039.91,4071.54,73936,19,0
2026-07-08 16:00:00,4071.83,4082.78,4021.47,4063.91,87978,19,0
2026-07-08 20:00:00,4063.86,4091.51,4059.54,4076.12,59660,19,0
2026-07-09 00:00:00,4072.76,4090.93,4070.13,4073.23,33297,19,0
2026-07-09 04:00:00,4072.98,4083.67,4055.33,4065.12,61666,19,0
2026-07-09 08:00:00,4065.13,4118.56,4064.29,4107.48,68216,19,0
2026-07-09 12:00:00,4107.38,4122.59,4093.04,4109.16,59715,19,0
2026-07-09 16:00:00,4109.19,4138.25,4106.91,4128.3,82633,19,0
2026-07-09 20:00:00,4128.36,4138.56,4118.84,4122.59,43974,20,0
2026-07-10 00:00:00,4123.76,4127.61,4113.02,4125.5,24414,19,0
2026-07-10 04:00:00,4125.95,4134.2,4107.77,4115.17,56706,20,0
2026-07-10 08:00:00,4115.13,4121.63,4093.4,4096.2,53860,19,0
2026-07-10 12:00:00,4096.02,4117.24,4092.72,4100.58,52653,19,0
2026-07-10 16:00:00,4100.32,4115.75,4073.09,4104.58,84620,18,0
2026-07-10 20:00:00,4104.26,4119.63,4097.79,4118.29,38378,19,0
2026-07-13 00:00:00,4089.02,4093.95,4060.85,4075.37,51529,19,0
2026-07-13 04:00:00,4075.08,4090.54,4051.07,4058.63,79514,20,0
2026-07-13 08:00:00,4058.46,4081.73,4043.17,4074.49,80315,19,0
2026-07-13 12:00:00,4074.23,4076.62,4046.81,4067.5,71331,19,0
2026-07-13 16:00:00,4067.59,4067.68,3986.42,3993.34,113153,18,0
2026-07-13 20:00:00,3993.33,4005.94,3986.3,4000.27,69744,19,0
2026-07-14 00:00:00,4000.37,4005.86,3982.97,4002.67,42118,21,0
2026-07-14 04:00:00,4002.51,4022.27,3990.72,4019.38,71321,19,0
2026-07-14 08:00:00,4019.31,4033.11,4013.2,4016.51,61793,19,0
2026-07-14 12:00:00,4016.74,4102.83,4012.46,4076.09,66024,18,0
2026-07-14 16:00:00,4076.26,4100.72,4057.5,4061.25,103513,18,0
2026-07-14 20:00:00,4061.24,4065.0,4042.76,4051.23,50939,32,0
2026-07-15 00:00:00,4051.38,4059.13,4046.69,4057.63,24194,36,0
2026-07-15 04:00:00,4058.06,4060.68,4027.61,4032.61,51196,36,0
2026-07-15 08:00:00,4032.56,4035.93,4016.74,4031.44,55314,32,0
2026-07-15 12:00:00,4031.47,4071.73,4025.46,4068.58,56025,29,0
2026-07-15 16:00:00,4068.6,4074.37,4026.59,4033.58,97322,29,0
2026-07-15 20:00:00,4033.56,4081.67,4032.81,4058.53,60464,29,0
2026-07-16 00:00:00,4060.08,4064.62,4043.27,4043.36,26482,31,0
2026-07-16 04:00:00,4043.29,4049.83,4024.64,4031.5,60074,31,0
2026-07-16 08:00:00,4031.5,4037.9,4023.6,4036.67,64360,29,0
2026-07-16 12:00:00,4036.62,4043.14,3989.78,3991.22,65544,29,0
2026-07-16 16:00:00,3990.84,4016.49,3973.19,3991.91,109021,29,0
2026-07-16 20:00:00,3991.85,3992.49,3968.78,3974.52,63746,29,0
2026-07-17 00:00:00,3976.77,3990.54,3972.78,3990.5,32362,31,0
2026-07-17 04:00:00,3990.51,4007.19,3968.89,3981.8,75625,31,0
2026-07-17 08:00:00,3981.79,4005.89,3975.79,3992.48,79273,29,0
2026-07-17 12:00:00,3992.49,4000.83,3963.22,3964.08,68788,31,0
2026-07-17 16:00:00,3964.11,4023.9,3958.96,4015.68,115919,31,0
2026-07-17 20:00:00,4015.71,4019.4,4002.18,4015.85,60358,31,0
2026-07-20 00:00:00,3994.57,4011.19,3981.45,4009.71,37175,35,0
2026-07-20 04:00:00,4009.71,4028.85,3996.44,4019.15,70031,35,0
2026-07-20 08:00:00,4019.15,4030.61,4001.81,4018.75,61654,31,0
2026-07-20 12:00:00,4018.74,4040.64,4006.23,4008.19,61254,31,0
2026-07-20 16:00:00,4008.18,4019.39,3998.02,4009.76,81061,31,0
2026-07-20 20:00:00,4009.75,4017.82,4003.36,4007.25,46725,31,0
2026-07-21 00:00:00,4006.64,4026.01,3999.62,4023.85,33998,35,0
2026-07-21 04:00:00,4024.1,4051.98,4017.35,4051.53,55859,35,0
2026-07-21 08:00:00,4051.53,4084.54,4048.22,4063.38,51803,31,0
2026-07-21 12:00:00,4063.4,4070.61,4050.99,4053.93,48010,31,0
2026-07-21 16:00:00,4054.06,4083.57,4044.39,4071.84,75550,31,0
2026-07-21 20:00:00,4071.84,4087.14,4066.91,4076.65,35218,31,0
2026-07-22 00:00:00,4077.42,4101.15,4075.64,4097.68,27268,35,0
2026-07-22 04:00:00,4097.85,4143.37,4096.84,4127.35,63844,35,0
2026-07-22 08:00:00,4127.23,4135.45,4109.26,4118.64,63694,31,0
2026-07-22 12:00:00,4118.62,4134.63,4107.1,4113.22,55673,31,0
2026-07-22 16:00:00,4113.12,4166.13,4112.64,4147.11,84355,31,0
2026-07-22 20:00:00,4147.11,4147.86,4126.92,4128.52,50607,31,0
2026-07-23 00:00:00,4118.34,4134.53,4116.59,4131.97,33591,35,0
2026-07-23 04:00:00,4131.97,4140.83,4111.62,4121.0,63153,35,0
2026-07-23 08:00:00,4120.9,4130.36,4086.08,4092.82,63691,31,0
2026-07-23 12:00:00,4092.68,4098.96,4060.48,4061.79,63547,31,0
2026-07-23 16:00:00,4061.7,4067.08,4039.8,4051.48,104201,31,0
2026-07-23 20:00:00,4051.48,4054.27,4040.31,4047.34,51206,31,0
2026-07-24 00:00:00,4047.25,4050.65,4040.78,4049.68,21341,35,0
2026-07-24 04:00:00,4049.68,4050.13,4021.31,4027.07,51257,35,0
2026-07-24 08:00:00,4027.13,4058.39,4021.72,4057.45,55215,31,0
2026-07-24 12:00:00,4057.45,4063.71,4051.29,4055.89,42293,31,0
2026-07-24 16:00:00,4055.89,4081.74,4044.22,4066.83,84271,31,0
2026-07-24 20:00:00,4066.82,4069.41,4048.66,4051.0,42470,31,0
2026-07-27 00:00:00,4088.09,4117.44,4083.48,4100.99,37970,35,0
2026-07-27 04:00:00,4102.01,4112.41,4084.48,4089.45,54998,35,0
2026-07-27 08:00:00,4089.42,4106.09,4084.33,4095.12,56310,31,0
2026-07-27 12:00:00,4095.12,4104.28,4081.12,4084.44,49375,31,0
2026-07-27 16:00:00,4084.65,4093.91,4065.2,4082.16,93086,31,0
2026-07-27 20:00:00,4082.2,4089.14,4070.52,4075.0,49778,31,0
2026-07-28 00:00:00,4078.9,4079.78,4056.83,4057.39,26055,35,0
2026-07-28 04:00:00,4057.3,4059.85,4039.65,4041.28,55815,35,0
2026-07-28 08:00:00,4041.23,4054.74,4034.32,4044.85,57552,31,0
2026-07-28 12:00:00,4044.85,4045.37,4016.1,4028.88,60943,31,0
2026-07-28 16:00:00,4028.87,4046.84,4010.97,4037.48,91698,31,0
2026-07-28 20:00:00,4037.46,4040.97,4021.03,4026.96,53137,31,0
2026-07-29 00:00:00,4024.89,4029.48,4013.66,4021.51,36664,35,0
2026-07-29 04:00:00,4021.43,4037.65,4009.86,4027.22,59691,35,0
2026-07-29 08:00:00,4027.22,4047.88,4026.23,4037.55,46337,31,0
2026-07-29 12:00:00,4037.54,4038.31,4008.46,4022.29,45194,31,0
2026-07-29 16:00:00,4022.43,4032.82,3995.36,4027.83,88433,31,0
2026-07-29 20:00:00,4027.95,4116.56,4027.47,4064.75,121695,32,0
2026-07-30 00:00:00,4071.74,4100.14,4063.39,4071.99,48107,35,0
2026-07-30 04:00:00,4071.96,4092.84,4045.13,4046.73,78808,35,0
2026-07-30 08:00:00,4046.73,4072.84,4028.21,4060.46,83709,31,0
2026-07-30 12:00:00,4060.63,4086.83,4059.27,4068.49,72916,31,0
2026-07-30 16:00:00,4068.63,4120.4,4065.25,4110.9,108205,31,0
2026-07-30 20:00:00,4110.79,4117.51,4097.89,4101.49,56069,31,0
2026-07-31 00:00:00,4101.84,4111.78,4090.45,4095.41,25040,35,0
2026-07-31 04:00:00,4095.77,4101.69,4071.84,4079.7,44602,35,0
2026-07-31 08:00:00,4079.77,4087.2,4053.83,4060.57,50792,31,0
2026-07-31 12:00:00,4060.55,4063.57,4039.79,4039.92,47996,31,0
2026-07-31 16:00:00,4039.74,4052.34,4020.42,4043.02,93878,29,0
2026-07-31 20:00:00,4043.04,4055.33,4040.24,4042.2,47874,31,0
2026-08-03 00:00:00,4073.52,4078.88,4055.59,4057.02,40843,35,0
2026-08-03 04:00:00,4057.02,4071.98,4047.19,4064.09,51380,35,0
2026-08-03 08:00:00,4064.08,4072.1,4051.98,4059.52,51795,31,0
2026-08-03 12:00:00,4059.53,4064.61,4041.9,4047.82,50969,31,0
2026-08-03 16:00:00,4048.12,4053.11,4018.57,4036.87,71800,31,0
2026-08-03 20:00:00,4036.86,4057.98,4029.43,4053.45,34538,31,0
2026-08-04 00:00:00,4049.97,4069.14,4047.59,4048.6,20779,35,0
2026-08-04 04:00:00,4048.38,4066.25,4042.37,4064.09,41573,35,0
2026-08-04 08:00:00,4064.07,4072.86,4054.36,4054.61,42114,31,0
2026-08-04 12:00:00,4054.7,4084.09,4044.85,4070.71,58331,31,0
2026-08-04 16:00:00,4070.57,4093.87,4060.8,4093.29,79355,31,0
2026-08-04 20:00:00,4093.29,4106.3,4074.6,4076.19,43003,31,0
2026-08-05 00:00:00,4076.84,4085.53,4065.24,4082.44,23114,35,0
2026-08-05 04:00:00,4082.36,4141.63,4077.56,4135.87,55305,35,0
2026-08-05 08:00:00,4135.87,4180.03,4135.17,4161.04,66750,31,0
2026-08-05 12:00:00,4161.03,4213.64,4150.51,4184.34,65277,31,0
2026-08-05 16:00:00,4184.62,4265.19,4184.19,4242.26,113629,31,0
2026-08-05 20:00:00,4242.25,4267.67,4236.88,4245.06,58081,31,0
2026-08-06 00:00:00,4247.98,4300.07,4244.36,4294.54,36750,35,0
2026-08-06 04:00:00,4294.54,4303.94,4252.84,4261.89,71778,35,0
2026-08-06 08:00:00,4261.9,4278.46,4247.07,4278.08,59555,31,0
2026-08-06 12:00:00,4278.07,4284.39,4248.83,4249.87,60980,31,0
2026-08-06 16:00:00,4249.63,4275.3,4223.24,4241.44,103269,31,0
2026-08-06 20:00:00,4241.47,4251.06,4232.99,4238.75,45678,31,0
2026-08-07 00:00:00,4235.17,4253.04,4229.57,4232.78,25270,35,0
2026-08-07 04:00:00,4232.8,4269.03,4231.54,4264.99,56876,35,0
2026-08-07 08:00:00,4264.99,4316.45,4261.92,4306.12,66823,31,0
2026-08-07 12:00:00,4306.12,4371.75,4299.86,4362.39,73330,31,0
2026-08-07 16:00:00,4362.31,4367.8,4327.31,4328.86,121834,31,0
2026-08-07 20:00:00,4329.0,4350.24,4327.62,4340.54,60955,31,0
2026-08-10 00:00:00,4337.68,4348.79,4331.88,4332.75,32384,35,0
2026-08-10 04:00:00,4333.32,4341.91,4313.01,4339.4,57864,35,0
2026-08-10 08:00:00,4339.34,4361.82,4331.56,4346.21,52527,31,0
2026-08-10 12:00:00,4346.21,4349.8,4323.94,4332.24,47124,31,0
2026-08-10 16:00:00,4331.99,4364.61,4316.47,4357.21,88897,31,0
2026-08-10 20:00:00,4357.23,4394.98,4351.73,4387.77,59011,31,0
2026-08-11 00:00:00,4388.24,4418.99,4388.07,4408.86,27916,35,0
2026-08-11 04:00:00,4408.56,4434.97,4393.52,4408.74,62330,35,0
2026-08-11 08:00:00,4408.74,4408.88,4356.22,4368.75,68852,31,0
2026-08-11 12:00:00,4368.52,4399.53,4367.23,4392.73,61892,31,0
2026-08-11 16:00:00,4392.86,4403.68,4368.87,4383.22,87785,31,0
2026-08-11 20:00:00,4383.22,4385.48,4360.08,4366.33,48612,31,0
2026-08-12 00:00:00,4371.12,4383.38,4362.23,4381.75,29122,35,0
2026-08-12 04:00:00,4382.09,4415.93,4378.01,4400.49,52667,35,0
2026-08-12 08:00:00,4400.49,4410.12,4383.64,4401.63,47128,31,0
2026-08-12 12:00:00,4401.69,4437.85,4379.05,4435.59,62398,31,0
2026-08-12 16:00:00,4435.91,4441.0,4396.34,4401.12,109600,31,0
2026-08-12 20:00:00,4400.99,4417.97,4396.08,4407.06,48535,31,0
2026-08-13 00:00:00,4404.0,4449.35,4397.86,4428.33,27830,35,0
2026-08-13 04:00:00,4428.19,4433.84,4390.75,4397.17,67101,35,0
2026-08-13 08:00:00,4397.12,4406.59,4363.19,4375.17,71466,31,0
2026-08-13 12:00:00,4375.21,4401.7,4371.85,4400.86,54903,31,0
2026-08-13 16:00:00,4400.82,4401.19,4350.74,4366.81,107539,31,0
2026-08-13 20:00:00,4366.77,4372.87,4343.43,4348.73,55691,31,0
2026-08-14 00:00:00,4351.46,4363.99,4328.09,4338.87,33419,35,0
2026-08-14 04:00:00,4339.02,4340.17,4310.22,4326.79,56409,35,0
2026-08-14 08:00:00,4326.8,4349.7,4310.91,4348.35,53926,31,0
2026-08-14 12:00:00,4348.35,4386.86,4346.1,4373.91,50129,31,0
2026-08-14 16:00:00,4373.93,4396.97,4369.99,4386.05,83349,31,0
2026-08-14 20:00:00,4386.05,4386.47,4370.93,4374.38,36696,31,0
2026-08-17 00:00:00,4372.23,4401.85,4367.14,4400.68,29759,35,0
2026-08-17 04:00:00,4400.68,4416.25,4387.48,4390.43,56081,35,0
2026-08-17 08:00:00,4390.41,4411.01,4386.69,4394.85,52466,31,0
2026-08-17 12:00:00,4394.84,4405.53,4377.15,4385.26,47738,31,0
2026-08-17 16:00:00,4385.27,4428.84,4381.03,4424.21,86125,31,0
2026-08-17 20:00:00,4424.2,4426.16,4398.01,4415.08,50527,31,0
2026-08-18 00:00:00,4415.11,4434.82,4409.74,4434.6,24877,35,0
2026-08-18 04:00:00,4434.47,4435.99,4388.53,4393.07,58495,35,0
2026-08-18 08:00:00,4393.06,4403.31,4384.95,4392.75,50071,31,0
2026-08-18 12:00:00,4392.75,4400.46,4386.42,4393.58,44884,31,0
2026-08-18 16:00:00,4393.34,4406.58,4351.46,4363.5,107541,31,0
2026-08-18 20:00:00,4363.49,4368.12,4328.56,4333.07,53037,31,0
2026-08-19 00:00:00,4337.78,4346.97,4326.98,4337.94,37333,35,0
2026-08-19 04:00:00,4337.94,4361.81,4323.76,4348.17,56881,35,0
2026-08-19 08:00:00,4348.17,4363.13,4334.06,4355.6,62163,31,0
2026-08-19 12:00:00,4355.62,4442.3,4353.44,4438.81,63840,31,0
2026-08-19 16:00:00,4438.48,4499.44,4424.52,4493.67,127470,31,0
2026-08-19 20:00:00,4493.61,4523.7,4472.33,4521.72,74522,31,0
2026-08-20 00:00:00,4519.95,4523.78,4504.09,4504.77,33230,35,0
2026-08-20 04:00:00,4504.77,4510.25,4484.61,4488.55,66850,35,0
2026-08-20 08:00:00,4488.55,4498.71,4478.03,4489.4,56435,31,0
2026-08-20 12:00:00,4489.43,4494.93,4450.72,4475.35,68357,31,0
2026-08-20 16:00:00,4475.45,4540.78,4469.41,4510.12,119515,31,0
2026-08-20 20:00:00,4510.19,4532.1,4507.7,4517.5,59830,31,0
2026-08-21 00:00:00,4518.77,4532.69,4509.55,4509.66,29771,35,0
2026-08-21 04:00:00,4509.41,4547.77,4508.73,4540.37,60696,35,0
2026-08-21 08:00:00,4540.3,4584.83,4528.98,4583.93,63271,31,0
2026-08-21 12:00:00,4583.93,4604.33,4563.44,4577.92,68706,31,0
2026-08-21 16:00:00,4577.92,4629.11,4573.25,4628.79,107962,31,0
2026-08-21 20:00:00,4628.84,4632.12,4601.42,4602.83,58218,31,0
2026-08-24 00:00:00,4609.02,4640.69,4594.71,4621.66,46315,35,0
2026-08-24 04:00:00,4621.66,4656.72,4607.99,4638.69,86239,35,0
2026-08-24 08:00:00,4638.71,4659.66,4628.57,4637.69,81991,31,0
2026-08-24 12:00:00,4637.69,4669.86,4632.71,4662.67,70735,31,0
2026-08-24 16:00:00,4662.51,4680.65,4639.3,4644.69,113714,31,0
2026-08-24 20:00:00,4644.69,4655.96,4624.76,4650.89,70918,31,0
2026-08-25 00:00:00,4654.34,4696.84,4653.7,4683.41,37479,35,0
2026-08-25 04:00:00,4683.35,4685.11,4615.36,4625.27,89099,35,0
2026-08-25 08:00:00,4625.32,4653.21,4619.97,4629.8,72463,31,0
2026-08-25 12:00:00,4629.8,4646.98,4623.77,4640.47,63922,31,0
2026-08-25 16:00:00,4640.45,4659.36,4605.26,4643.33,105098,31,0
2026-08-25 20:00:00,4643.31,4668.84,4633.76,4657.19,54226,31,0
2026-08-26 00:00:00,4660.05,4673.52,4634.22,4636.04,29940,35,0
2026-08-26 04:00:00,4636.12,4670.7,4628.87,4640.45,60519,35,0
2026-08-26 08:00:00,4640.44,4649.2,4622.06,4627.86,59561,31,0
2026-08-26 12:00:00,4627.97,4633.23,4610.3,4614.48,57088,31,0
2026-08-26 16:00:00,4614.49,4633.5,4582.57,4591.26,101345,31,0
2026-08-26 20:00:00,4591.26,4604.25,4583.75,4592.37,51469,31,0
2026-08-27 00:00:00,4601.91,4627.01,4600.39,4604.89,30772,35,0
2026-08-27 04:00:00,4604.88,4643.19,4602.2,4618.66,58732,35,0
2026-08-27 08:00:00,4618.66,4621.33,4593.42,4598.79,62963,31,0
2026-08-27 12:00:00,4598.84,4601.12,4568.82,4584.88,61821,31,0
2026-08-27 16:00:00,4584.94,4616.66,4564.7,4615.82,103110,31,0
2026-08-27 20:00:00,4615.78,4617.92,4598.58,4599.03,58466,31,0
2026-08-28 00:00:00,4600.6,4611.39,4585.58,4588.65,24722,35,0
2026-08-28 04:00:00,4588.65,4602.13,4574.91,4584.15,55991,35,0
2026-08-28 08:00:00,4584.16,4614.8,4571.02,4602.74,62365,31,0
2026-08-28 12:00:00,4602.67,4609.89,4588.98,4602.55,56824,31,0
2026-08-28 16:00:00,4602.55,4632.1,4463.77,4479.38,155275,31,0
2026-08-28 20:00:00,4479.36,4486.19,4445.14,4454.61,88469,31,0
2026-08-31 00:00:00,4444.43,4471.5,4435.86,4454.49,39970,29,0
2026-08-31 04:00:00,4454.74,4462.96,4396.22,4424.52,79389,35,0
2026-08-31 08:00:00,4424.52,4449.22,4419.03,4435.17,61666,31,0
2026-08-31 12:00:00,4435.13,4463.84,4435.08,4435.46,54370,31,0
2026-08-31 16:00:00,4434.2,4448.11,4415.48,4432.97,102333,31,0
2026-08-31 20:00:00,4432.96,4455.53,4425.98,4446.87,52573,31,0
2026-09-01 00:00:00,4452.62,4461.22,4441.71,4453.95,26685,35,0
2026-09-01 04:00:00,4453.96,4457.29,4425.17,4426.32,60391,35,0
2026-09-01 08:00:00,4426.34,4445.93,4368.89,4370.12,77696,31,0
2026-09-01 12:00:00,4370.16,4386.81,4351.64,4355.88,80202,31,0
2026-09-01 16:00:00,4355.63,4375.38,4325.71,4351.26,115966,31,0
2026-09-01 20:00:00,4351.28,4351.83,4322.33,4327.03,67603,31,0
2026-09-02 00:00:00,4329.21,4335.28,4314.26,4315.5,32171,35,0
2026-09-02 04:00:00,4315.43,4326.31,4283.35,4307.74,71806,35,0
2026-09-02 08:00:00,4307.74,4331.5,4303.69,4312.49,73689,31,0
2026-09-02 12:00:00,4312.51,4344.23,4301.83,4331.04,73622,31,0
2026-09-02 16:00:00,4331.09,4397.35,4330.5,4368.19,107329,31,0
2026-09-02 20:00:00,4368.16,4391.09,4364.38,4385.88,54579,31,0
2026-09-03 00:00:00,4389.48,4397.64,4381.04,4395.43,21696,35,0
2026-09-03 04:00:00,4395.4,4438.21,4387.1,4437.22,64106,35,0
2026-09-03 08:00:00,4437.22,4443.38,4417.43,4434.72,73850,31,0
2026-09-03 12:00:00,4434.72,4495.26,4418.95,4493.05,72388,31,0
2026-09-03 16:00:00,4493.2,4510.51,4456.43,4486.09,110330,31,0
2026-09-03 20:00:00,4486.11,4494.49,4470.29,4471.66,51589,31,0
2026-09-04 00:00:00,4474.29,4486.75,4471.14,4486.25,22544,35,0
2026-09-04 04:00:00,4486.29,4486.92,4464.9,4473.48,48531,35,0
2026-09-04 08:00:00,4473.33,4490.48,4459.98,4477.41,54964,31,0
2026-09-04 12:00:00,4477.43,4478.79,4373.54,4392.67,64658,31,0
2026-09-04 16:00:00,4392.63,4448.79,4365.45,4436.35,111435,31,0
2026-09-04 20:00:00,4436.27,4440.26,4411.84,4428.55,49711,31,0
2026-09-07 00:00:00,4420.68,4434.95,4408.82,4411.31,24709,35,0
2026-09-07 04:00:00,4411.36,4419.4,4388.45,4398.04,56458,35,0
2026-09-07 08:00:00,4398.05,4423.75,4386.31,4410.82,60104,31,0
2026-09-07 12:00:00,4410.82,4413.52,4381.02,4396.12,40616,31,0
2026-09-07 16:00:00,4396.24,4419.4,4395.42,4414.59,40262,29,0
2026-09-07 20:00:00,4414.59,4415.14,4403.2,4406.3,5388,31,0
2026-09-08 00:00:00,4411.51,4431.05,4406.32,4427.09,34702,35,0
2026-09-08 04:00:00,4426.94,4442.68,4417.88,4435.83,61082,29,0
2026-09-08 08:00:00,4435.83,4437.48,4387.44,4393.83,74629,31,0
2026-09-08 12:00:00,4393.83,4411.66,4384.52,4411.46,64911,31,0
2026-09-08 16:00:00,4411.49,4412.75,4380.21,4393.51,85789,31,0
2026-09-08 20:00:00,4393.54,4403.52,4343.98,4353.91,58198,31,0
2026-09-09 00:00:00,4355.76,4365.35,4341.01,4364.54,28092,35,0
2026-09-09 04:00:00,4364.07,4384.21,4353.78,4381.59,55293,35,0
2026-09-09 08:00:00,4381.59,4412.85,4380.51,4400.81,53346,31,0
2026-09-09 12:00:00,4400.8,4414.99,4384.85,4399.97,57739,31,0
2026-09-09 16:00:00,4399.91,4433.86,4374.89,4409.72,105767,31,0
2026-09-09 20:00:00,4409.72,4421.27,4393.36,4399.17,46033,31,0
2026-09-10 00:00:00,4403.49,4405.76,4390.94,4400.88,24399,35,0
2026-09-10 04:00:00,4400.89,4422.32,4400.0,4408.33,54662,35,0
2026-09-10 08:00:00,4408.35,4434.54,4392.02,4394.4,59667,31,0
2026-09-10 12:00:00,4394.37,4399.72,4323.87,4339.56,80922,31,0
2026-09-10 16:00:00,4339.62,4376.4,4339.48,4363.73,107869,31,0
2026-09-10 20:00:00,4363.74,4367.72,4312.98,4314.95,68229,31,0
2026-09-11 00:00:00,4320.41,4333.61,4310.52,4331.7,28479,35,0
2026-09-11 04:00:00,4331.4,4340.18,4300.69,4331.64,74279,35,0
2026-09-11 08:00:00,4331.66,4360.75,4327.78,4347.46,70199,32,0
2026-09-11 12:00:00,4347.65,4389.93,4288.41,4387.56,70145,31,0
2026-09-11 16:00:00,4387.48,4402.43,4351.9,4361.4,106882,31,0
2026-09-11 20:00:00,4361.41,4370.32,4342.6,4347.45,51199,31,0
