time,open,high,low,close,tick_volume,spread,real_volume
2026-04-13 17:15:00,4727.45,4728.1,4709.8,4715.36,6019,20,0
2026-04-13 17:30:00,4715.21,4722.65,4708.69,4721.7,5351,21,0
2026-04-13 17:45:00,4721.69,4723.36,4710.1,4719.06,5352,19,0
2026-04-13 18:00:00,4719.11,4719.88,4699.79,4707.44,5745,32,0
2026-04-13 18:15:00,4707.45,4711.33,4702.9,4703.56,5216,19,0
2026-04-13 18:30:00,4703.61,4717.91,4702.12,4712.45,5079,32,0
2026-04-13 18:45:00,4712.4,4715.77,4710.73,4714.41,4114,24,0
2026-04-13 19:00:00,4714.46,4721.07,4709.19,4719.81,4873,20,0
2026-04-13 19:15:00,4720.03,4734.09,4718.77,4730.25,5202,20,0
2026-04-13 19:30:00,4730.07,4740.39,4728.58,4740.1,5796,21,0
2026-04-13 19:45:00,4739.6,4746.68,4732.2,4732.99,5253,26,0
2026-04-13 20:00:00,4733.02,4738.63,4725.57,4730.83,4717,24,0
2026-04-13 20:15:00,4730.97,4749.92,4729.6,4743.2,4961,30,0
2026-04-13 20:30:00,4743.15,4747.5,4742.65,4744.05,4125,32,0
2026-04-13 20:45:00,4744.03,4744.28,4727.47,4729.97,4178,24,0
2026-04-13 21:00:00,4730.13,4732.9,4728.89,4730.01,3711,21,0
2026-04-13 21:15:00,4730.03,4731.05,4722.94,4727.21,3976,19,0
2026-04-13 21:30:00,4727.15,4735.22,4726.56,4733.43,4066,32,0
2026-04-13 21:45:00,4733.46,4740.67,4733.34,4738.38,4126,22,0
2026-04-13 22:00:00,4738.32,4739.55,4730.58,4734.73,3824,24,0
2026-04-13 22:15:00,4734.75,4744.13,4734.75,4743.18,3223,19,0
2026-04-13 22:30:00,4743.1,4747.38,4739.02,4741.84,3720,19,0
2026-04-13 22:45:00,4741.68,4745.69,4739.39,4741.12,3784,20,0
2026-04-13 23:00:00,4741.31,4744.05,4739.75,4742.43,1865,32,0
2026-04-13 23:15:00,4742.5,4743.82,4738.37,4739.39,1445,28,0
2026-04-13 23:30:00,4739.32,4740.59,4738.38,4739.91,1501,32,0
2026-04-13 23:45:00,4739.79,4741.04,4736.86,4739.6,1440,32,0
2026-04-14 01:00:00,4745.42,4751.95,4745.09,4748.39,1473,32,0
2026-04-14 01:15:00,4748.4,4749.69,4745.6,4748.71,1555,31,0
2026-04-14 01:30:00,4748.65,4750.41,4746.37,4750.41,2303,23,0
2026-04-14 01:45:00,4751.05,4759.66,4749.1,4757.96,2964,20,0
2026-04-14 02:00:00,4758.01,4765.79,4758.0,4762.98,3302,32,0
2026-04-14 02:15:00,4763.01,4763.52,4754.52,4755.36,2454,20,0
2026-04-14 02:30:00,4755.38,4761.74,4754.33,4759.49,2778,32,0
2026-04-14 02:45:00,4759.54,4761.59,4756.64,4757.64,2556,32,0
2026-04-14 03:00:00,4757.6,4760.63,4751.65,4759.64,3986,32,0
2026-04-14 03:15:00,4759.63,4767.7,4759.63,4762.36,3945,19,0
2026-04-14 03:30:00,4762.37,4775.99,4761.53,4770.43,3871,27,0
2026-04-14 03:45:00,4770.35,4771.9,4768.47,4769.89,3228,32,0
2026-04-14 04:00:00,4769.94,4776.97,4762.55,4775.91,5436,19,0
2026-04-14 04:15:00,4776.03,4776.38,4769.82,4770.4,4482,32,0
2026-04-14 04:30:00,4770.37,4773.1,4764.25,4772.87,4292,27,0
2026-04-14 04:45:00,4772.84,4773.65,4761.77,4764.71,3969,32,0
2026-04-14 05:00:00,4764.61,4771.16,4762.79,4768.06,4006,32,0
2026-04-14 05:15:00,4767.97,4772.52,4767.62,4768.96,2397,31,0
2026-04-14 05:30:00,4768.9,4772.73,4762.2,4772.32,3961,32,0
2026-04-14 05:45:00,4772.33,4777.22,4772.17,4775.13,3513,32,0
2026-04-14 06:00:00,4775.12,4775.67,4768.61,4768.95,3345,31,0
2026-04-14 06:15:00,4768.94,4771.25,4765.9,4768.39,3291,32,0
2026-04-14 06:30:00,4768.34,4769.62,4765.56,4767.65,2524,31,0
2026-04-14 06:45:00,4767.64,4771.91,4767.43,4767.95,2399,32,0
2026-04-14 07:00:00,4768.27,4770.47,4766.98,4768.66,1847,31,0
2026-04-14 07:15:00,4768.58,4777.0,4768.41,4776.0,2665,19,0
2026-04-14 07:30:00,4775.99,4776.27,4771.5,4773.7,2242,32,0
2026-04-14 07:45:00,4773.64,4776.02,4772.61,4774.19,2027,32,0
2026-04-14 08:00:00,4774.17,4774.27,4763.13,4765.26,3174,31,0
2026-04-14 08:15:00,4765.29,4767.89,4761.56,4764.45,2963,19,0
2026-04-14 08:30:00,4764.27,4766.9,4757.74,4760.74,4644,19,0
2026-04-14 08:45:00,4760.69,4766.57,4759.01,4759.92,4140,32,0
2026-04-14 09:00:00,4760.1,4769.59,4759.93,4765.8,4308,30,0
2026-04-14 09:15:00,4765.92,4767.97,4763.24,4767.7,3531,32,0
2026-04-14 09:30:00,4767.67,4770.41,4764.3,4769.69,3253,31,0
2026-04-14 09:45:00,4769.6,4783.02,4768.82,4782.14,4819,23,0
2026-04-14 10:00:00,4782.21,4796.37,4781.0,4790.34,5574,18,0
2026-04-14 10:15:00,4790.35,4791.49,4767.92,4772.4,4999,25,0
2026-04-14 10:30:00,4772.55,4779.55,4771.58,4777.75,4221,21,0
2026-04-14 10:45:00,4777.76,4780.51,4773.69,4777.0,4313,32,0
2026-04-14 11:00:00,4776.94,4782.73,4773.99,4780.37,4318,24,0
2026-04-14 11:15:00,4780.38,4786.37,4775.38,4785.87,4188,19,0
2026-04-14 11:30:00,4785.92,4789.93,4782.64,4784.81,4231,22,0
2026-04-14 11:45:00,4784.96,4786.96,4781.45,4786.96,3675,19,0
2026-04-14 12:00:00,4787.11,4788.07,4780.22,4785.59,3759,32,0
2026-04-14 12:15:00,4785.6,4789.21,4778.64,4778.68,3598,20,0
2026-04-14 12:30:00,4778.77,4779.42,4771.57,4778.05,3960,21,0
2026-04-14 12:45:00,4778.08,4782.22,4772.84,4778.07,3879,32,0
2026-04-14 13:00:00,4778.15,4784.94,4778.15,4782.18,3624,22,0
2026-04-14 13:15:00,4782.17,4787.95,4780.52,4783.89,3493,32,0
2026-04-14 13:30:00,4783.83,4784.5,4752.49,4767.08,4427,20,0
2026-04-14 13:45:00,4767.04,4772.28,4766.88,4768.27,3816,21,0
2026-04-14 14:00:00,4767.98,4776.95,4766.77,4776.77,4125,22,0
2026-04-14 14:15:00,4776.66,4782.94,4775.12,4778.55,3601,32,0
2026-04-14 14:30:00,4778.57,4779.92,4773.37,4778.08,4084,20,0
2026-04-14 14:45:00,4778.19,4782.98,4770.66,4774.84,3991,22,0
2026-04-14 15:00:00,4775.06,4777.6,4768.77,4769.74,4428,27,0
2026-04-14 15:15:00,4769.69,4772.36,4762.51,4769.02,4808,19,0
2026-04-14 15:30:00,4769.1,4776.14,4768.57,4768.98,5039,31,0
2026-04-14 15:45:00,4768.9,4773.58,4762.06,4771.07,4961,31,0
2026-04-14 16:00:00,4770.97,4782.21,4770.91,4782.03,5331,20,0
2026-04-14 16:15:00,4782.04,4792.58,4780.9,4783.68,5531,19,0
2026-04-14 16:30:00,4783.87,4803.43,4780.38,4792.84,6378,23,0
2026-04-14 16:45:00,4792.69,4796.44,4789.14,4795.59,5550,19,0
2026-04-14 17:00:00,4795.58,4803.95,4793.01,4795.11,6030,20,0
2026-04-14 17:15:00,4795.47,4810.79,4795.26,4809.42,5674,22,0
2026-04-14 17:30:00,4809.44,4817.8,4798.41,4798.41,5700,19,0
2026-04-14 17:45:00,4797.59,4806.3,4795.23,4803.74,5218,19,0
2026-04-14 18:00:00,4803.73,4803.83,4791.21,4794.31,5739,31,0
2026-04-14 18:15:00,4794.26,4805.53,4792.83,4802.4,5286,21,0
2026-04-14 18:30:00,4802.35,4813.66,4802.33,4809.45,4994,20,0
2026-04-14 18:45:00,4809.57,4816.26,4806.7,4807.86,4822,19,0
2026-04-14 19:00:00,4807.85,4814.21,4805.09,4809.6,4479,32,0
2026-04-14 19:15:00,4809.64,4819.35,4807.27,4816.61,4504,26,0
2026-04-14 19:30:00,4816.62,4820.31,4813.59,4815.57,4143,31,0
2026-04-14 19:45:00,4815.59,4818.77,4809.28,4810.21,4097,19,0
2026-04-14 20:00:00,4810.13,4833.62,4809.51,4827.35,4942,19,0
2026-04-14 20:15:00,4827.38,4832.06,4824.82,4825.75,4235,29,0
2026-04-14 20:30:00,4825.77,4841.35,4825.31,4837.14,4247,19,0
2026-04-14 20:45:00,4837.1,4839.76,4834.53,4835.17,3787,19,0
2026-04-14 21:00:00,4835.14,4843.23,4834.5,4838.79,3973,32,0
2026-04-14 21:15:00,4838.77,4840.12,4833.36,4837.73,4705,32,0
2026-04-14 21:30:00,4837.74,4839.4,4833.82,4834.51,4020,32,0
2026-04-14 21:45:00,4834.52,4836.64,4830.91,4836.64,3617,21,0
2026-04-14 22:00:00,4836.78,4842.61,4836.33,4841.55,3387,25,0
2026-04-14 22:15:00,4841.61,4842.4,4838.61,4840.1,3095,19,0
2026-04-14 22:30:00,4840.08,4843.61,4838.61,4841.37,3228,21,0
2026-04-14 22:45:00,4841.62,4846.31,4839.99,4845.28,3765,32,0
2026-04-14 23:00:00,4845.3,4846.3,4842.0,4842.96,2183,21,0
2026-04-14 23:15:00,4842.92,4843.6,4839.56,4840.49,1385,27,0
2026-04-14 23:30:00,4840.43,4843.13,4839.82,4842.41,1331,19,0
2026-04-14 23:45:00,4842.56,4843.23,4839.06,4839.37,1528,32,0
2026-04-15 01:00:00,4847.06,4849.2,4843.16,4844.94,1859,32,0
2026-04-15 01:15:00,4844.96,4847.08,4836.24,4840.05,2469,28,0
2026-04-15 01:30:00,4840.04,4843.24,4837.67,4840.35,2170,31,0
2026-04-15 01:45:00,4840.36,4840.37,4833.19,4835.13,2435,30,0
2026-04-15 02:00:00,4835.11,4843.85,4833.75,4837.16,2816,19,0
2026-04-15 02:15:00,4837.17,4839.37,4835.13,4835.67,2828,20,0
2026-04-15 02:30:00,4835.76,4842.71,4835.06,4842.31,3660,19,0
2026-04-15 02:45:00,4842.3,4843.95,4836.08,4837.2,2983,31,0
2026-04-15 03:00:00,4837.22,4840.04,4831.54,4833.34,3802,32,0
2026-04-15 03:15:00,4833.39,4836.35,4828.78,4833.65,3590,22,0
2026-04-15 03:30:00,4833.41,4833.48,4827.13,4830.03,2849,31,0
2026-04-15 03:45:00,4830.06,4837.52,4829.1,4835.79,3303,32,0
2026-04-15 04:00:00,4836.14,4852.47,4827.99,4850.15,5613,19,0
2026-04-15 04:15:00,4850.14,4871.29,4842.18,4850.73,5633,18,0
2026-04-15 04:30:00,4850.73,4851.35,4842.54,4843.32,4772,31,0
2026-04-15 04:45:00,4843.37,4848.79,4839.61,4846.94,4381,32,0
2026-04-15 05:00:00,4846.81,4853.24,4844.62,4845.09,4744,32,0
2026-04-15 05:15:00,4845.06,4845.81,4832.02,4834.4,3444,31,0
2026-04-15 05:30:00,4834.42,4835.25,4821.35,4828.18,5329,19,0
2026-04-15 05:45:00,4828.16,4830.16,4820.47,4823.75,4824,31,0
2026-04-15 06:00:00,4823.74,4824.86,4816.68,4820.73,4530,30,0
2026-04-15 06:15:00,4820.72,4827.74,4820.38,4826.32,3508,31,0
2026-04-15 06:30:00,4826.42,4828.58,4825.21,4828.29,2331,32,0
2026-04-15 06:45:00,4828.27,4829.42,4823.62,4823.86,2524,31,0
2026-04-15 07:00:00,4823.88,4826.1,4820.32,4825.19,2763,31,0
2026-04-15 07:15:00,4825.17,4826.56,4821.07,4824.43,2101,32,0
2026-04-15 07:30:00,4824.45,4827.59,4823.13,4823.28,1945,31,0
2026-04-15 07:45:00,4822.87,4826.12,4821.31,4824.75,2029,20,0
2026-04-15 08:00:00,4824.77,4828.43,4822.44,4826.68,3585,23,0
2026-04-15 08:15:00,4826.69,4830.27,4824.22,4825.97,3393,19,0
2026-04-15 08:30:00,4825.96,4827.74,4811.9,4816.41,5218,21,0
2026-04-15 08:45:00,4816.38,4823.55,4814.06,4819.52,4395,32,0
2026-04-15 09:00:00,4819.52,4824.9,4816.44,4818.73,4292,28,0
2026-04-15 09:15:00,4818.71,4819.39,4813.33,4814.46,3988,32,0
2026-04-15 09:30:00,4814.33,4817.56,4810.92,4815.71,4344,30,0
2026-04-15 09:45:00,4815.72,4821.98,4810.96,4811.24,4386,19,0
2026-04-15 10:00:00,4811.47,4816.69,4803.49,4815.36,4716,32,0
2026-04-15 10:15:00,4815.44,4815.93,4805.42,4812.43,4388,32,0
2026-04-15 10:30:00,4812.44,4815.36,4808.28,4809.98,3978,22,0
2026-04-15 10:45:00,4809.97,4812.49,4805.8,4810.7,4035,20,0
2026-04-15 11:00:00,4810.58,4812.16,4804.22,4811.06,4172,30,0
2026-04-15 11:15:00,4811.07,4813.94,4805.88,4809.52,4076,20,0
2026-04-15 11:30:00,4809.49,4812.65,4805.09,4810.31,3764,20,0
2026-04-15 11:45:00,4810.31,4821.32,4809.75,4818.1,3584,21,0
2026-04-15 12:00:00,4818.11,4819.34,4792.78,4804.81,5407,18,0
2026-04-15 12:15:00,4805.05,4807.09,4797.25,4797.68,4441,21,0
2026-04-15 12:30:00,4797.03,4803.52,4795.08,4795.9,4185,19,0
2026-04-15 12:45:00,4795.66,4799.95,4786.26,4797.52,4576,23,0
2026-04-15 13:00:00,4797.42,4802.86,4795.1,4800.97,4097,31,0
2026-04-15 13:15:00,4800.86,4801.19,4790.23,4794.67,5242,20,0
2026-04-15 13:30:00,4794.6,4800.36,4792.75,4799.91,4485,32,0
2026-04-15 13:45:00,4800.06,4804.97,4799.39,4799.81,4081,22,0
2026-04-15 14:00:00,4799.8,4804.07,4795.54,4802.13,3799,20,0
2026-04-15 14:15:00,4802.11,4806.8,4799.54,4804.82,3876,26,0
2026-04-15 14:30:00,4804.99,4808.44,4802.57,4805.72,3727,21,0
2026-04-15 14:45:00,4805.66,4814.67,4803.95,4812.22,4868,20,0
2026-04-15 15:00:00,4812.19,4814.13,4807.02,4814.03,4474,24,0
2026-04-15 15:15:00,4814.09,4816.19,4809.99,4812.12,4165,31,0
2026-04-15 15:30:00,4811.8,4816.04,4810.21,4811.55,4046,26,0
2026-04-15 15:45:00,4811.54,4815.56,4808.27,4811.39,4030,32,0
2026-04-15 16:00:00,4811.53,4816.25,4808.55,4813.96,5448,32,0
2026-04-15 16:15:00,4813.95,4821.89,4810.04,4821.76,4807,24,0
2026-04-15 16:30:00,4821.78,4825.17,4815.69,4820.82,6297,20,0
2026-04-15 16:45:00,4820.72,4830.01,4819.78,4829.19,5819,20,0
2026-04-15 17:00:00,4829.03,4829.81,4820.57,4828.49,5534,21,0
2026-04-15 17:15:00,4828.55,4830.58,4822.22,4825.08,5424,20,0
2026-04-15 17:30:00,4825.06,4825.5,4815.13,4819.2,5466,19,0
2026-04-15 17:45:00,4819.11,4819.23,4812.97,4815.4,4944,20,0
2026-04-15 18:00:00,4815.45,4815.83,4799.37,4809.33,5705,20,0
2026-04-15 18:15:00,4809.34,4809.96,4796.83,4796.91,5179,20,0
2026-04-15 18:30:00,4797.11,4806.4,4785.86,4803.41,5884,19,0
2026-04-15 18:45:00,4803.42,4807.51,4799.0,4801.36,4816,19,0
2026-04-15 19:00:00,4801.31,4810.13,4799.99,4808.03,4437,32,0
2026-04-15 19:15:00,4808.04,4812.79,4804.98,4811.38,4191,19,0
2026-04-15 19:30:00,4811.49,4811.94,4802.59,4804.18,4514,19,0
2026-04-15 19:45:00,4804.29,4807.13,4799.71,4804.02,4748,21,0
2026-04-15 20:00:00,4803.98,4804.74,4797.4,4797.93,4356,19,0
2026-04-15 20:15:00,4797.92,4808.59,4797.92,4801.75,4070,32,0
2026-04-15 20:30:00,4801.78,4802.5,4792.01,4793.22,4366,29,0
2026-04-15 20:45:00,4793.21,4795.62,4790.75,4792.89,3787,32,0
2026-04-15 21:00:00,4792.74,4800.83,4789.81,4796.77,4972,32,0
2026-04-15 21:15:00,4796.79,4798.56,4792.66,4794.83,3999,20,0
2026-04-15 21:30:00,4794.87,4798.27,4794.44,4796.95,3451,19,0
2026-04-15 21:45:00,4796.97,4802.02,4796.63,4799.6,3383,20,0
2026-04-15 22:00:00,4799.62,4803.23,4797.91,4798.81,3416,32,0
2026-04-15 22:15:00,4798.9,4803.22,4797.53,4802.54,2776,32,0
2026-04-15 22:30:00,4802.54,4802.76,4795.28,4796.85,3442,23,0
2026-04-15 22:45:00,4796.9,4801.58,4794.52,4795.89,4159,19,0
2026-04-15 23:00:00,4795.92,4796.73,4792.55,4793.6,2337,24,0
2026-04-15 23:15:00,4793.69,4795.74,4793.13,4793.51,1610,32,0
2026-04-15 23:30:00,4793.4,4793.4,4790.04,4790.73,1600,32,0
2026-04-15 23:45:00,4790.76,4792.92,4786.01,4789.88,1955,32,0
2026-04-16 01:00:00,4796.48,4797.29,4790.33,4791.9,1482,32,0
2026-04-16 01:15:00,4791.89,4802.01,4791.83,4801.22,2522,32,0
2026-04-16 01:30:00,4801.15,4803.4,4798.91,4801.22,2039,26,0
2026-04-16 01:45:00,4801.17,4811.65,4801.06,4807.49,2633,32,0
2026-04-16 02:00:00,4807.43,4813.35,4807.33,4812.66,2322,20,0
2026-04-16 02:15:00,4812.63,4815.76,4812.17,4814.86,2024,19,0
2026-04-16 02:30:00,4814.93,4824.25,4814.47,4823.08,3101,21,0
2026-04-16 02:45:00,4823.07,4826.92,4822.0,4823.84,2719,32,0
2026-04-16 03:00:00,4824.02,4831.2,4824.02,4829.74,3227,19,0
2026-04-16 03:15:00,4829.76,4831.06,4822.46,4824.95,3394,20,0
2026-04-16 03:30:00,4825.01,4837.75,4820.62,4832.63,3256,20,0
2026-04-16 03:45:00,4832.64,4837.35,4830.73,4833.09,3474,19,0
2026-04-16 04:00:00,4833.0,4836.17,4828.56,4829.8,4670,19,0
2026-04-16 04:15:00,4829.74,4830.4,4822.69,4823.6,3805,31,0
2026-04-16 04:30:00,4823.61,4825.63,4811.39,4815.9,4508,31,0
2026-04-16 04:45:00,4815.9,4822.04,4815.37,4817.91,3737,23,0
2026-04-16 05:00:00,4817.89,4824.95,4817.32,4821.31,3714,19,0
2026-04-16 05:15:00,4821.36,4823.36,4819.01,4819.08,2648,32,0
2026-04-16 05:30:00,4819.26,4821.42,4812.44,4817.19,4103,24,0
2026-04-16 05:45:00,4817.24,4820.86,4815.43,4819.6,3514,32,0
2026-04-16 06:00:00,4819.38,4827.02,4819.12,4826.46,3422,21,0
2026-04-16 06:15:00,4826.3,4826.66,4822.48,4823.74,2782,19,0
2026-04-16 06:30:00,4823.77,4825.76,4819.0,4820.27,2647,31,0
2026-04-16 06:45:00,4820.26,4826.57,4820.25,4823.93,2302,32,0
2026-04-16 07:00:00,4823.86,4827.28,4822.74,4826.76,2393,32,0
2026-04-16 07:15:00,4826.88,4830.0,4825.78,4826.42,2248,31,0
2026-04-16 07:30:00,4826.4,4831.12,4824.82,4830.51,2214,32,0
2026-04-16 07:45:00,4830.51,4833.43,4829.55,4833.05,1929,32,0
2026-04-16 08:00:00,4833.08,4838.28,4832.72,4834.48,3115,31,0
2026-04-16 08:15:00,4834.13,4836.3,4831.51,4833.23,2542,24,0
2026-04-16 08:30:00,4833.32,4833.96,4824.38,4825.07,4131,31,0
2026-04-16 08:45:00,4824.97,4829.09,4820.84,4821.04,4042,20,0
2026-04-16 09:00:00,4821.04,4827.41,4821.04,4822.3,3912,32,0
2026-04-16 09:15:00,4822.34,4824.81,4814.23,4815.93,4143,21,0
2026-04-16 09:30:00,4815.92,4824.92,4814.66,4823.9,4362,21,0
2026-04-16 09:45:00,4823.9,4830.02,4822.24,4825.9,4493,32,0
2026-04-16 10:00:00,4826.33,4830.73,4822.97,4824.86,4470,24,0
2026-04-16 10:15:00,4824.9,4829.49,4816.91,4828.01,4339,23,0
2026-04-16 10:30:00,4827.98,4830.19,4824.49,4827.58,3341,19,0
2026-04-16 10:45:00,4827.61,4828.19,4819.37,4821.04,3495,32,0
2026-04-16 11:00:00,4821.11,4822.39,4806.95,4811.48,4702,20,0
2026-04-16 11:15:00,4811.54,4814.58,4809.38,4811.39,3829,21,0
2026-04-16 11:30:00,4811.41,4813.57,4806.6,4811.89,3880,25,0
2026-04-16 11:45:00,4811.88,4814.6,4808.13,4813.78,3521,26,0
2026-04-16 12:00:00,4813.78,4818.18,4811.72,4816.16,3119,32,0
2026-04-16 12:15:00,4816.24,4817.13,4811.32,4813.06,3028,32,0
2026-04-16 12:30:00,4812.72,4814.84,4806.75,4814.62,3989,32,0
2026-04-16 12:45:00,4814.62,4815.28,4810.12,4812.87,3806,32,0
2026-04-16 13:00:00,4812.81,4815.47,4806.95,4807.01,3438,21,0
2026-04-16 13:15:00,4807.0,4810.04,4805.11,4806.9,3226,32,0
2026-04-16 13:30:00,4806.89,4812.14,4804.95,4808.32,3401,20,0
2026-04-16 13:45:00,4808.33,4817.15,4806.49,4817.1,3628,19,0
2026-04-16 14:00:00,4817.11,4820.69,4816.44,4817.6,3660,32,0
2026-04-16 14:15:00,4817.73,4820.2,4815.64,4816.13,3245,32,0
2026-04-16 14:30:00,4816.2,4820.08,4815.96,4817.86,3417,27,0
2026-04-16 14:45:00,4817.83,4822.66,4816.19,4822.26,3368,32,0
2026-04-16 15:00:00,4822.41,4823.31,4811.33,4817.23,4164,20,0
2026-04-16 15:15:00,4816.93,4818.62,4813.93,4815.06,3611,21,0
2026-04-16 15:30:00,4815.07,4820.81,4811.89,4817.16,4346,20,0
2026-04-16 15:45:00,4817.15,4819.06,4813.92,4816.32,3633,32,0
2026-04-16 16:00:00,4816.7,4823.25,4814.23,4817.42,4669,22,0
2026-04-16 16:15:00,4817.4,4821.35,4815.1,4815.59,4134,32,0
2026-04-16 16:30:00,4815.7,4823.97,4812.74,4816.17,6030,22,0
2026-04-16 16:45:00,4816.15,4819.39,4783.94,4794.65,6490,26,0
2026-04-16 17:00:00,4794.52,4805.15,4785.05,4800.61,6440,22,0
2026-04-16 17:15:00,4800.75,4802.87,4790.67,4798.85,5843,21,0
2026-04-16 17:30:00,4798.88,4800.49,4772.37,4787.36,5914,23,0
2026-04-16 17:45:00,4787.07,4793.32,4785.21,4788.56,6068,19,0
2026-04-16 18:00:00,4788.57,4812.82,4788.16,4806.83,5934,21,0
2026-04-16 18:15:00,4806.82,4809.7,4801.73,4801.77,5048,27,0
2026-04-16 18:30:00,4801.49,4810.9,4798.07,4802.74,5676,22,0
2026-04-16 18:45:00,4802.73,4808.29,4800.68,4806.93,4747,28,0
2026-04-16 19:00:00,4806.91,4809.77,4803.36,4804.86,4287,20,0
2026-04-16 19:15:00,4804.89,4805.69,4796.58,4799.19,4277,20,0
2026-04-16 19:30:00,4799.18,4799.75,4786.4,4790.04,5438,25,0
2026-04-16 19:45:00,4790.0,4793.43,4784.9,4791.79,4800,32,0
2026-04-16 20:00:00,4791.85,4795.33,4789.77,4791.18,4761,31,0
2026-04-16 20:15:00,4791.16,4793.82,4784.64,4784.87,4789,31,0
2026-04-16 20:30:00,4784.97,4789.19,4781.16,4786.86,4563,19,0
2026-04-16 20:45:00,4786.86,4790.86,4782.4,4789.01,4343,32,0
2026-04-16 21:00:00,4789.01,4794.03,4785.56,4789.91,5476,25,0
2026-04-16 21:15:00,4789.94,4793.09,4786.51,4786.92,4584,32,0
2026-04-16 21:30:00,4786.9,4791.17,4786.47,4790.24,3927,23,0
2026-04-16 21:45:00,4790.25,4792.53,4788.03,4789.32,3929,32,0
2026-04-16 22:00:00,4789.33,4794.75,4789.33,4789.96,3828,21,0
2026-04-16 22:15:00,4789.97,4793.83,4789.9,4790.93,3673,32,0
2026-04-16 22:30:00,4790.98,4797.8,4790.5,4797.54,3721,20,0
2026-04-16 22:45:00,4797.6,4798.48,4792.33,4793.52,3787,31,0
2026-04-16 23:00:00,4793.37,4793.72,4789.87,4790.23,2182,31,0
2026-04-16 23:15:00,4790.1,4791.43,4788.11,4788.72,1669,19,0
2026-04-16 23:30:00,4788.71,4790.24,4786.02,4788.4,1369,19,0
2026-04-16 23:45:00,4788.54,4790.46,4786.16,4788.48,1246,32,0
2026-04-17 01:00:00,4794.11,4796.76,4792.5,4795.2,1316,32,0
2026-04-17 01:15:00,4795.32,4795.93,4792.28,4793.75,1877,29,0
2026-04-17 01:30:00,4793.78,4795.8,4790.8,4795.06,2188,32,0
2026-04-17 01:45:00,4795.08,4796.6,4794.36,4795.06,1783,32,0
2026-04-17 02:00:00,4794.91,4795.32,4791.99,4792.78,2216,31,0
2026-04-17 02:15:00,4792.79,4797.66,4792.2,4794.35,2271,32,0
2026-04-17 02:30:00,4794.33,4796.08,4792.22,4795.47,1797,25,0
2026-04-17 02:45:00,4795.59,4796.61,4791.52,4791.6,2693,21,0
2026-04-17 03:00:00,4791.52,4791.67,4785.61,4789.97,3414,31,0
2026-04-17 03:15:00,4789.96,4792.86,4787.38,4792.75,2822,20,0
2026-04-17 03:30:00,4792.76,4798.5,4792.36,4798.5,2908,32,0
2026-04-17 03:45:00,4798.44,4801.14,4793.72,4794.64,2771,19,0
2026-04-17 04:00:00,4794.54,4795.44,4767.01,4778.53,5067,20,0
2026-04-17 04:15:00,4778.57,4784.85,4767.42,4768.26,4709,32,0
2026-04-17 04:30:00,4768.25,4777.56,4767.37,4777.56,4449,32,0
2026-04-17 04:45:00,4777.63,4791.33,4775.13,4789.48,4195,19,0
2026-04-17 05:00:00,4789.44,4794.42,4788.27,4791.4,3669,31,0
2026-04-17 05:15:00,4791.39,4791.94,4788.45,4789.07,2180,23,0
2026-04-17 05:30:00,4789.12,4794.79,4788.59,4791.59,3255,31,0
2026-04-17 05:45:00,4791.6,4793.58,4784.46,4784.6,2940,32,0
2026-04-17 06:00:00,4784.48,4797.85,4784.48,4796.07,3751,21,0
2026-04-17 06:15:00,4795.99,4798.29,4793.12,4794.29,3156,20,0
2026-04-17 06:30:00,4794.25,4795.21,4792.14,4794.36,1987,32,0
2026-04-17 06:45:00,4794.31,4796.99,4792.9,4793.31,1777,32,0
2026-04-17 07:00:00,4793.3,4796.2,4792.68,4795.43,1955,31,0
2026-04-17 07:15:00,4795.42,4796.26,4793.84,4796.04,1661,31,0
2026-04-17 07:30:00,4796.05,4801.85,4795.4,4801.07,2069,23,0
2026-04-17 07:45:00,4801.08,4804.51,4798.46,4803.07,2231,32,0
2026-04-17 08:00:00,4802.99,4806.2,4799.7,4805.07,3140,32,0
2026-04-17 08:15:00,4805.09,4805.32,4801.53,4803.6,2264,32,0
2026-04-17 08:30:00,4803.57,4805.36,4795.57,4796.44,3997,32,0
2026-04-17 08:45:00,4796.59,4800.39,4793.41,4793.96,3884,19,0
2026-04-17 09:00:00,4793.93,4794.88,4786.51,4787.4,4459,32,0
2026-04-17 09:15:00,4787.37,4789.47,4782.94,4783.49,3758,20,0
2026-04-17 09:30:00,4783.46,4786.67,4778.82,4785.04,3987,19,0
2026-04-17 09:45:00,4785.07,4786.87,4783.44,4784.7,3068,32,0
2026-04-17 10:00:00,4784.61,4790.57,4783.93,4786.83,3571,31,0
2026-04-17 10:15:00,4786.95,4792.38,4784.25,4791.33,3272,32,0
2026-04-17 10:30:00,4791.33,4794.74,4782.17,4785.69,3759,22,0
2026-04-17 10:45:00,4785.64,4785.95,4778.34,4784.06,3882,21,0
2026-04-17 11:00:00,4783.97,4790.71,4780.68,4783.33,3713,19,0
2026-04-17 11:15:00,4783.04,4786.9,4782.34,4784.15,3031,20,0
2026-04-17 11:30:00,4784.14,4796.72,4784.03,4796.72,3074,32,0
2026-04-17 11:45:00,4796.8,4796.93,4790.85,4795.86,3576,32,0
2026-04-17 12:00:00,4795.85,4801.0,4792.42,4792.99,3549,24,0
2026-04-17 12:15:00,4792.99,4798.38,4791.99,4795.8,3434,32,0
2026-04-17 12:30:00,4795.79,4798.99,4793.9,4794.49,3170,32,0
2026-04-17 12:45:00,4794.62,4795.03,4789.78,4790.19,3080,19,0
2026-04-17 13:00:00,4790.2,4791.88,4786.9,4791.29,3190,32,0
2026-04-17 13:15:00,4791.27,4794.07,4788.44,4789.28,3179,32,0
2026-04-17 13:30:00,4789.29,4789.6,4782.23,4784.6,3206,32,0
2026-04-17 13:45:00,4784.58,4788.01,4782.22,4786.95,3142,22,0
2026-04-17 14:00:00,4786.98,4789.35,4783.28,4786.2,2882,32,0
2026-04-17 14:15:00,4786.19,4793.17,4784.39,4792.71,2676,32,0
2026-04-17 14:30:00,4792.67,4798.45,4789.49,4798.31,3121,32,0
2026-04-17 14:45:00,4798.35,4811.9,4798.35,4799.1,4451,25,0
2026-04-17 15:00:00,4799.09,4805.44,4797.36,4803.63,3692,32,0
2026-04-17 15:15:00,4803.68,4819.71,4802.97,4816.91,4457,20,0
2026-04-17 15:30:00,4816.9,4825.31,4815.57,4823.5,5049,30,0
2026-04-17 15:45:00,4823.61,4847.93,4821.81,4846.6,6485,21,0
2026-04-17 16:00:00,4846.58,4890.34,4835.36,4883.35,6610,20,0
2026-04-17 16:15:00,4883.65,4883.98,4850.43,4851.76,6599,20,0
2026-04-17 16:30:00,4851.75,4873.71,4848.75,4864.64,6687,19,0
2026-04-17 16:45:00,4864.58,4882.1,4852.14,4880.3,6419,21,0
2026-04-17 17:00:00,4880.34,4885.61,4860.97,4866.99,6172,19,0
2026-04-17 17:15:00,4867.01,4880.58,4865.91,4871.5,5909,26,0
2026-04-17 17:30:00,4871.69,4883.38,4869.49,4877.53,5588,19,0
2026-04-17 17:45:00,4877.65,4881.54,4870.06,4873.29,5429,23,0
2026-04-17 18:00:00,4873.27,4880.74,4862.7,4867.8,5833,18,0
2026-04-17 18:15:00,4868.12,4874.62,4863.22,4866.01,5647,19,0
2026-04-17 18:30:00,4866.22,4874.12,4854.74,4858.81,5428,26,0
2026-04-17 18:45:00,4858.96,4871.95,4858.31,4867.61,4980,20,0
2026-04-17 19:00:00,4867.59,4873.41,4863.72,4871.59,4840,23,0
2026-04-17 19:15:00,4871.56,4873.57,4867.81,4868.06,4190,19,0
2026-04-17 19:30:00,4867.95,4873.06,4867.73,4868.54,3996,31,0
2026-04-17 19:45:00,4868.51,4869.22,4865.1,4867.1,3534,32,0
2026-04-17 20:00:00,4867.07,4869.75,4857.9,4862.63,4630,30,0
2026-04-17 20:15:00,4862.79,4865.05,4853.9,4858.51,4810,24,0
2026-04-17 20:30:00,4858.29,4863.07,4854.18,4855.13,4268,32,0
2026-04-17 20:45:00,4854.94,4863.54,4854.93,4862.69,3735,32,0
2026-04-17 21:00:00,4862.7,4866.55,4860.33,4861.16,4139,32,0
2026-04-17 21:15:00,4861.13,4868.4,4859.06,4860.79,4379,31,0
2026-04-17 21:30:00,4860.72,4866.81,4860.46,4862.49,3813,31,0
2026-04-17 21:45:00,4862.37,4863.18,4856.04,4858.27,4078,32,0
2026-04-17 22:00:00,4858.3,4858.95,4853.78,4856.52,3681,19,0
2026-04-17 22:15:00,4856.4,4858.3,4854.17,4857.18,3489,23,0
2026-04-17 22:30:00,4857.14,4861.38,4855.88,4860.26,3702,32,0
2026-04-17 22:45:00,4860.18,4860.18,4852.56,4854.44,4193,32,0
2026-04-17 23:00:00,4854.62,4855.4,4844.31,4845.94,3332,23,0
2026-04-17 23:15:00,4845.78,4851.95,4844.61,4845.81,2708,22,0
2026-04-17 23:30:00,4845.82,4847.0,4834.09,4835.72,3114,19,0
2026-04-17 23:45:00,4835.65,4837.48,4828.94,4831.64,2756,22,0
2026-04-20 01:00:00,4773.0,4794.93,4769.8,4790.3,3742,31,0
2026-04-20 01:15:00,4790.23,4795.1,4783.82,4785.28,3993,25,0
2026-04-20 01:30:00,4785.32,4790.83,4779.32,4780.45,3900,32,0
2026-04-20 01:45:00,4780.42,4786.7,4777.66,4779.16,3283,32,0
2026-04-20 02:00:00,4779.18,4779.28,4771.84,4772.3,3914,32,0
2026-04-20 02:15:00,4772.32,4775.66,4767.82,4768.74,3473,32,0
2026-04-20 02:30:00,4768.79,4773.1,4744.71,4751.41,4602,19,0
2026-04-20 02:45:00,4751.42,4755.3,4736.93,4754.96,5002,19,0
2026-04-20 03:00:00,4754.98,4755.07,4745.02,4751.98,5319,26,0
2026-04-20 03:15:00,4752.01,4765.59,4751.64,4765.04,4497,19,0
2026-04-20 03:30:00,4765.07,4768.03,4760.82,4764.02,3912,32,0
2026-04-20 03:45:00,4764.03,4774.19,4759.42,4772.31,4138,32,0
2026-04-20 04:00:00,4772.21,4794.28,4771.38,4793.58,6206,19,0
2026-04-20 04:15:00,4793.72,4803.76,4788.57,4802.77,5043,32,0
2026-04-20 04:30:00,4802.82,4812.09,4801.41,4807.05,5058,21,0
2026-04-20 04:45:00,4806.64,4814.25,4805.76,4807.76,4223,20,0
2026-04-20 05:00:00,4807.55,4809.16,4800.64,4800.87,4503,31,0
2026-04-20 05:15:00,4800.86,4803.92,4798.54,4800.24,3269,32,0
2026-04-20 05:30:00,4800.07,4801.78,4794.57,4796.08,4110,32,0
2026-04-20 05:45:00,4796.11,4797.42,4793.02,4797.17,3803,32,0
2026-04-20 06:00:00,4797.13,4798.21,4790.27,4791.45,4134,32,0
2026-04-20 06:15:00,4791.48,4795.75,4788.71,4794.97,3523,27,0
2026-04-20 06:30:00,4795.01,4796.54,4789.84,4793.3,2655,32,0
2026-04-20 06:45:00,4793.04,4794.57,4788.89,4790.97,2356,32,0
2026-04-20 07:00:00,4790.97,4795.73,4790.77,4792.55,2435,31,0
2026-04-20 07:15:00,4792.52,4795.4,4791.44,4794.41,2139,32,0
2026-04-20 07:30:00,4794.46,4794.5,4787.02,4787.29,2678,32,0
2026-04-20 07:45:00,4787.36,4793.11,4787.36,4788.76,2741,32,0
2026-04-20 08:00:00,4788.63,4792.79,4784.23,4786.31,3340,32,0
2026-04-20 08:15:00,4786.3,4789.37,4785.15,4787.78,2948,32,0
2026-04-20 08:30:00,4787.73,4795.95,4779.64,4780.59,5291,24,0
2026-04-20 08:45:00,4780.6,4792.93,4780.58,4790.66,5045,31,0
2026-04-20 09:00:00,4790.65,4793.74,4785.47,4790.17,4882,32,0
2026-04-20 09:15:00,4790.17,4790.29,4783.68,4785.9,4236,31,0
2026-04-20 09:30:00,4786.2,4791.42,4785.36,4789.92,3936,28,0
2026-04-20 09:45:00,4789.9,4795.24,4785.07,4795.21,4450,20,0
2026-04-20 10:00:00,4795.2,4801.29,4793.64,4797.15,4626,22,0
2026-04-20 10:15:00,4797.19,4805.61,4793.94,4797.63,4770,19,0
2026-04-20 10:30:00,4797.6,4798.49,4789.99,4797.33,4521,32,0
2026-04-20 10:45:00,4797.31,4797.34,4786.65,4789.51,4298,22,0
2026-04-20 11:00:00,4789.5,4791.53,4785.65,4788.84,4485,20,0
2026-04-20 11:15:00,4788.79,4792.28,4786.17,4791.73,3760,31,0
2026-04-20 11:30:00,4791.76,4792.35,4788.41,4792.09,3273,32,0
2026-04-20 11:45:00,4792.08,4795.99,4791.84,4795.95,3611,32,0
2026-04-20 12:00:00,4795.85,4797.6,4793.23,4795.56,3785,19,0
2026-04-20 12:15:00,4795.55,4795.59,4791.49,4792.07,3280,31,0
2026-04-20 12:30:00,4792.37,4793.98,4783.36,4791.6,4072,32,0
2026-04-20 12:45:00,4791.59,4796.98,4788.98,4791.48,3883,23,0
2026-04-20 13:00:00,4791.46,4799.31,4789.73,4795.58,4009,26,0
2026-04-20 13:15:00,4795.6,4800.81,4794.91,4797.97,3312,32,0
2026-04-20 13:30:00,4797.99,4799.72,4794.59,4794.77,2837,21,0
2026-04-20 13:45:00,4794.78,4796.93,4794.17,4795.6,3192,19,0
2026-04-20 14:00:00,4795.6,4796.02,4786.81,4789.49,4327,19,0
2026-04-20 14:15:00,4789.47,4790.71,4786.18,4788.38,3671,28,0
2026-04-20 14:30:00,4788.26,4794.32,4787.42,4794.32,3719,29,0
2026-04-20 14:45:00,4794.52,4810.88,4794.37,4810.43,4931,19,0
2026-04-20 15:00:00,4810.52,4813.03,4803.13,4810.99,5130,20,0
2026-04-20 15:15:00,4811.36,4821.93,4803.95,4805.67,5738,19,0
2026-04-20 15:30:00,4805.67,4809.39,4798.81,4805.76,4535,21,0
2026-04-20 15:45:00,4805.75,4808.24,4800.85,4803.18,4007,32,0
2026-04-20 16:00:00,4803.22,4816.71,4799.37,4815.32,5956,19,0
2026-04-20 16:15:00,4815.39,4825.5,4811.97,4824.16,5186,21,0
2026-04-20 16:30:00,4824.15,4826.2,4815.83,4822.35,6641,21,0
2026-04-20 16:45:00,4822.22,4824.38,4816.79,4817.72,5950,32,0
2026-04-20 17:00:00,4817.99,4818.43,4806.64,4815.88,6342,20,0
2026-04-20 17:15:00,4815.89,4826.76,4814.23,4823.33,6186,19,0
2026-04-20 17:30:00,4823.43,4827.76,4810.26,4813.98,6052,19,0
2026-04-20 17:45:00,4813.97,4814.75,4792.71,4805.0,5786,18,0
2026-04-20 18:00:00,4804.93,4807.24,4792.54,4797.86,6465,21,0
2026-04-20 18:15:00,4797.45,4809.18,4793.79,4807.91,6039,21,0
2026-04-20 18:30:00,4807.79,4809.01,4799.22,4800.02,5349,32,0
2026-04-20 18:45:00,4799.9,4801.38,4794.91,4799.34,4858,31,0
2026-04-20 19:00:00,4799.37,4801.36,4793.9,4798.13,5232,22,0
2026-04-20 19:15:00,4798.26,4801.58,4792.43,4800.83,4266,24,0
2026-04-20 19:30:00,4800.82,4804.29,4798.59,4801.74,4291,19,0
2026-04-20 19:45:00,4801.64,4806.28,4801.36,4805.23,3813,22,0
2026-04-20 20:00:00,4805.24,4810.23,4803.47,4808.61,4066,32,0
2026-04-20 20:15:00,4808.59,4811.11,4806.07,4809.81,3681,32,0
2026-04-20 20:30:00,4809.68,4812.07,4804.9,4809.27,4219,32,0
2026-04-20 20:45:00,4809.23,4809.62,4805.49,4806.59,2966,29,0
2026-04-20 21:00:00,4806.62,4815.96,4806.62,4815.63,4048,32,0
2026-04-20 21:15:00,4815.65,4815.65,4811.76,4813.25,3823,32,0
2026-04-20 21:30:00,4813.23,4815.4,4810.85,4814.39,3319,32,0
2026-04-20 21:45:00,4814.38,4816.58,4812.92,4813.94,2991,22,0
2026-04-20 22:00:00,4813.93,4821.24,4813.79,4820.35,2994,32,0
2026-04-20 22:15:00,4820.42,4820.57,4816.02,4816.81,2609,24,0
2026-04-20 22:30:00,4816.88,4817.14,4810.25,4811.35,3164,22,0
2026-04-20 22:45:00,4811.36,4814.21,4810.87,4814.08,3168,32,0
2026-04-20 23:00:00,4814.12,4816.69,4812.68,4813.2,1749,31,0
2026-04-20 23:15:00,4813.47,4816.91,4812.07,4815.78,1262,31,0
2026-04-20 23:30:00,4815.75,4817.28,4812.8,4816.57,1904,31,0
2026-04-20 23:45:00,4816.45,4820.41,4816.2,4819.19,1686,32,0
2026-04-21 01:00:00,4823.58,4832.25,4822.45,4828.96,2225,32,0
2026-04-21 01:15:00,4828.92,4833.1,4828.49,4828.85,2313,32,0
2026-04-21 01:30:00,4828.86,4830.97,4825.12,4830.62,2386,32,0
2026-04-21 01:45:00,4830.57,4831.74,4825.26,4827.6,2204,22,0
2026-04-21 02:00:00,4827.4,4831.52,4823.82,4825.55,2582,19,0
2026-04-21 02:15:00,4825.53,4826.71,4823.54,4825.49,1848,32,0
2026-04-21 02:30:00,4825.47,4825.47,4822.63,4823.87,1960,19,0
2026-04-21 02:45:00,4823.86,4824.6,4819.48,4821.64,2141,32,0
2026-04-21 03:00:00,4821.77,4830.75,4820.15,4828.57,3503,32,0
2026-04-21 03:15:00,4828.31,4829.23,4819.4,4819.78,3285,32,0
2026-04-21 03:30:00,4820.18,4824.71,4816.83,4822.54,3402,20,0
2026-04-21 03:45:00,4822.56,4826.21,4821.43,4823.94,3623,32,0
2026-04-21 04:00:00,4824.15,4824.45,4813.03,4814.68,4714,20,0
2026-04-21 04:15:00,4814.73,4818.49,4814.4,4818.38,3687,20,0
2026-04-21 04:30:00,4818.39,4818.91,4809.19,4813.18,4082,32,0
2026-04-21 04:45:00,4813.17,4813.99,4806.05,4809.92,3799,19,0
2026-04-21 05:00:00,4809.91,4810.15,4805.65,4807.12,3503,19,0
2026-04-21 05:15:00,4807.07,4808.33,4803.27,4807.3,2627,23,0
2026-04-21 05:30:00,4807.33,4807.44,4802.14,4806.14,3730,32,0
2026-04-21 05:45:00,4806.13,4807.81,4802.1,4806.47,3335,32,0
2026-04-21 06:00:00,4806.8,4807.37,4800.01,4800.11,3800,23,0
2026-04-21 06:15:00,4800.18,4801.88,4793.49,4798.35,3871,19,0
2026-04-21 06:30:00,4798.4,4799.48,4792.27,4794.4,2974,19,0
2026-04-21 06:45:00,4794.41,4797.09,4793.23,4796.43,2278,21,0
2026-04-21 07:00:00,4796.43,4797.26,4793.01,4793.51,2281,29,0
2026-04-21 07:15:00,4793.53,4796.16,4790.81,4791.76,2858,23,0
2026-04-21 07:30:00,4791.79,4793.85,4788.89,4791.18,2396,19,0
2026-04-21 07:45:00,4791.19,4793.05,4787.48,4788.72,2397,32,0
2026-04-21 08:00:00,4788.85,4792.67,4785.47,4789.04,3302,26,0
2026-04-21 08:15:00,4789.07,4790.87,4785.43,4786.98,2617,32,0
2026-04-21 08:30:00,4786.97,4796.61,4786.1,4796.06,4128,31,0
2026-04-21 08:45:00,4796.03,4796.29,4782.72,4783.76,4521,20,0
2026-04-21 09:00:00,4783.6,4790.28,4775.17,4784.71,5210,24,0
2026-04-21 09:15:00,4784.59,4785.58,4774.83,4778.36,4604,22,0
2026-04-21 09:30:00,4778.77,4781.89,4775.58,4779.95,3946,19,0
2026-04-21 09:45:00,4779.94,4782.84,4774.06,4778.42,4054,23,0
2026-04-21 10:00:00,4777.8,4785.28,4772.34,4782.41,4473,19,0
2026-04-21 10:15:00,4782.64,4787.24,4780.1,4782.99,3861,26,0
2026-04-21 10:30:00,4782.98,4786.87,4780.5,4786.31,3327,22,0
2026-04-21 10:45:00,4786.09,4792.26,4784.24,4785.72,4274,19,0
2026-04-21 11:00:00,4785.81,4787.23,4774.36,4775.5,4717,19,0
2026-04-21 11:15:00,4775.49,4788.77,4774.77,4787.04,4327,19,0
2026-04-21 11:30:00,4787.02,4792.48,4784.51,4791.38,3821,19,0
2026-04-21 11:45:00,4791.33,4792.64,4785.34,4785.34,3269,21,0
2026-04-21 12:00:00,4785.33,4786.71,4781.32,4784.02,3759,32,0
2026-04-21 12:15:00,4784.03,4787.63,4780.91,4781.99,3343,20,0
2026-04-21 12:30:00,4781.91,4787.22,4781.73,4786.93,3552,32,0
2026-04-21 12:45:00,4787.15,4789.16,4782.73,4783.4,3814,19,0
2026-04-21 13:00:00,4783.58,4785.59,4781.7,4782.63,3152,32,0
2026-04-21 13:15:00,4782.7,4784.63,4780.54,4782.66,2880,22,0
2026-04-21 13:30:00,4782.75,4787.67,4782.4,4785.94,2887,32,0
2026-04-21 13:45:00,4785.96,4790.1,4785.82,4789.36,2923,32,0
2026-04-21 14:00:00,4789.35,4789.89,4775.02,4781.37,4191,27,0
2026-04-21 14:15:00,4781.5,4784.05,4778.93,4783.35,3607,20,0
2026-04-21 14:30:00,4783.31,4794.7,4782.9,4792.87,3939,20,0
2026-04-21 14:45:00,4792.9,4797.64,4791.4,4794.46,3872,19,0
2026-04-21 15:00:00,4794.48,4796.83,4790.76,4791.0,4397,19,0
2026-04-21 15:15:00,4790.92,4791.5,4779.02,4780.51,5151,23,0
2026-04-21 15:30:00,4780.5,4790.24,4766.05,4778.82,6235,20,0
2026-04-21 15:45:00,4778.61,4782.65,4776.12,4778.43,5153,19,0
2026-04-21 16:00:00,4778.41,4783.5,4764.28,4765.02,6359,21,0
2026-04-21 16:15:00,4764.95,4775.02,4760.46,4774.6,5898,19,0
2026-04-21 16:30:00,4774.56,4792.21,4769.87,4788.84,7020,23,0
2026-04-21 16:45:00,4788.87,4794.04,4777.17,4779.15,5924,21,0
2026-04-21 17:00:00,4779.13,4782.21,4772.86,4778.29,5972,20,0
2026-04-21 17:15:00,4778.28,4780.37,4769.84,4773.83,5751,23,0
2026-04-21 17:30:00,4773.84,4774.96,4743.45,4744.63,6925,23,0
2026-04-21 17:45:00,4744.63,4745.51,4723.45,4738.65,7809,22,0
2026-04-21 18:00:00,4738.66,4750.44,4727.54,4748.09,7463,20,0
2026-04-21 18:15:00,4748.01,4757.5,4741.72,4742.64,6956,20,0
2026-04-21 18:30:00,4742.64,4747.55,4736.33,4745.57,6391,20,0
2026-04-21 18:45:00,4745.58,4750.03,4738.51,4741.34,5765,31,0
2026-04-21 19:00:00,4741.31,4746.52,4726.48,4730.1,5652,24,0
2026-04-21 19:15:00,4730.12,4733.78,4719.3,4720.61,5326,26,0
2026-04-21 19:30:00,4720.61,4727.13,4719.38,4720.88,5538,20,0
2026-04-21 19:45:00,4720.79,4722.45,4707.92,4710.74,5661,19,0
2026-04-21 20:00:00,4710.7,4717.8,4700.59,4705.9,6330,28,0
2026-04-21 20:15:00,4705.97,4708.2,4697.32,4699.52,5995,29,0
2026-04-21 20:30:00,4699.34,4721.87,4696.67,4717.65,6250,21,0
2026-04-21 20:45:00,4717.63,4718.41,4705.61,4710.4,5276,19,0
2026-04-21 21:00:00,4710.4,4714.27,4703.37,4704.28,4884,23,0
2026-04-21 21:15:00,4704.31,4704.69,4692.16,4696.04,5399,26,0
2026-04-21 21:30:00,4696.13,4703.18,4696.13,4702.6,4345,32,0
2026-04-21 21:45:00,4702.52,4713.54,4698.49,4708.97,4981,28,0
2026-04-21 22:00:00,4708.98,4712.6,4704.21,4707.06,5273,29,0
2026-04-21 22:15:00,4707.13,4714.89,4704.81,4713.77,5025,32,0
2026-04-21 22:30:00,4713.67,4714.54,4668.49,4671.43,6022,18,0
2026-04-21 22:45:00,4671.65,4685.44,4670.88,4679.26,6765,18,0
2026-04-21 23:00:00,4679.22,4701.95,4668.65,4696.64,5366,21,0
2026-04-21 23:15:00,4696.82,4710.97,4694.51,4705.68,5191,19,0
2026-04-21 23:30:00,4705.62,4713.62,4705.13,4711.28,3247,22,0
2026-04-21 23:45:00,4711.26,4717.68,4709.21,4717.16,2624,32,0
2026-04-22 01:00:00,4724.05,4724.68,4716.85,4721.56,2080,32,0
2026-04-22 01:15:00,4721.57,4721.64,4716.29,4718.97,2218,32,0
2026-04-22 01:30:00,4718.93,4719.58,4716.05,4716.83,1998,32,0
2026-04-22 01:45:00,4716.8,4719.98,4715.45,4719.52,2004,19,0
2026-04-22 02:00:00,4719.38,4729.65,4718.0,4727.21,2557,19,0
2026-04-22 02:15:00,4727.19,4733.09,4726.21,4729.88,2589,21,0
2026-04-22 02:30:00,4729.91,4733.72,4728.79,4731.64,2371,32,0
2026-04-22 02:45:00,4731.63,4740.4,4731.38,4738.06,3081,23,0
2026-04-22 03:00:00,4738.29,4747.29,4738.29,4742.86,3903,22,0
2026-04-22 03:15:00,4742.9,4745.76,4740.76,4742.48,3448,27,0
2026-04-22 03:30:00,4742.47,4747.15,4741.28,4742.28,3008,19,0
2026-04-22 03:45:00,4742.3,4746.79,4738.41,4739.7,3451,32,0
2026-04-22 04:00:00,4739.69,4745.24,4735.91,4738.4,4790,19,0
2026-04-22 04:15:00,4738.36,4749.12,4737.85,4746.36,3886,19,0
2026-04-22 04:30:00,4746.26,4753.82,4746.2,4749.42,4397,20,0
2026-04-22 04:45:00,4749.43,4754.6,4747.86,4752.21,3858,32,0
2026-04-22 05:00:00,4752.22,4756.44,4750.06,4755.71,3629,19,0
2026-04-22 05:15:00,4755.69,4758.16,4753.61,4755.71,2365,19,0
2026-04-22 05:30:00,4755.68,4759.04,4751.25,4751.49,3381,22,0
2026-04-22 05:45:00,4751.5,4757.26,4751.1,4755.77,3024,32,0
2026-04-22 06:00:00,4755.77,4760.87,4753.17,4757.6,3380,21,0
2026-04-22 06:15:00,4757.59,4763.64,4756.81,4763.2,2954,32,0
2026-04-22 06:30:00,4763.21,4765.04,4757.04,4759.32,2675,19,0
2026-04-22 06:45:00,4759.28,4760.84,4757.38,4758.34,2263,32,0
2026-04-22 07:00:00,4758.39,4759.75,4756.94,4757.75,2007,32,0
2026-04-22 07:15:00,4757.74,4758.15,4754.5,4756.03,2276,23,0
2026-04-22 07:30:00,4756.0,4757.38,4752.88,4756.51,2136,32,0
2026-04-22 07:45:00,4756.52,4759.6,4752.26,4754.62,2945,32,0
2026-04-22 08:00:00,4754.64,4757.23,4752.14,4756.98,2393,24,0
2026-04-22 08:15:00,4756.99,4771.62,4756.32,4766.2,4691,19,0
2026-04-22 08:30:00,4766.23,4769.35,4763.87,4767.29,4208,19,0
2026-04-22 08:45:00,4767.24,4771.98,4764.39,4767.55,3936,27,0
2026-04-22 09:00:00,4767.65,4767.7,4758.86,4762.71,4011,22,0
2026-04-22 09:15:00,4762.66,4767.22,4760.46,4766.95,3300,29,0
2026-04-22 09:30:00,4766.66,4767.87,4763.84,4763.84,3236,23,0
2026-04-22 09:45:00,4763.82,4767.88,4763.31,4767.63,3201,32,0
2026-04-22 10:00:00,4767.69,4772.55,4765.38,4765.72,4219,32,0
2026-04-22 10:15:00,4765.71,4768.01,4762.6,4765.96,3913,32,0
2026-04-22 10:30:00,4765.96,4766.78,4762.18,4763.93,3402,32,0
2026-04-22 10:45:00,4763.91,4764.55,4759.58,4760.58,3689,32,0
2026-04-22 11:00:00,4760.59,4762.37,4757.84,4758.18,3862,32,0
2026-04-22 11:15:00,4758.19,4759.94,4754.16,4754.31,4144,20,0
2026-04-22 11:30:00,4754.32,4756.93,4751.6,4756.02,3874,19,0
2026-04-22 11:45:00,4756.02,4758.17,4753.48,4756.96,3264,27,0
2026-04-22 12:00:00,4756.96,4761.74,4756.55,4760.83,3821,21,0
2026-04-22 12:15:00,4760.82,4762.09,4756.35,4756.51,3405,20,0
2026-04-22 12:30:00,4756.38,4762.57,4755.12,4758.44,3446,20,0
2026-04-22 12:45:00,4758.45,4759.15,4752.62,4755.27,3569,19,0
2026-04-22 13:00:00,4755.23,4757.5,4746.06,4748.59,4572,19,0
2026-04-22 13:15:00,4748.52,4756.16,4748.35,4754.88,3939,23,0
2026-04-22 13:30:00,4754.89,4759.6,4753.88,4756.65,3548,32,0
2026-04-22 13:45:00,4756.76,4760.26,4755.25,4759.55,2973,24,0
2026-04-22 14:00:00,4759.55,4760.62,4756.74,4757.49,3470,26,0
2026-04-22 14:15:00,4757.55,4761.5,4756.73,4757.65,3310,32,0
2026-04-22 14:30:00,4757.69,4760.25,4748.76,4749.0,3791,32,0
2026-04-22 14:45:00,4748.99,4753.41,4747.98,4750.5,3976,30,0
2026-04-22 15:00:00,4750.48,4757.84,4749.77,4752.42,4158,21,0
2026-04-22 15:15:00,4752.42,4759.6,4747.34,4753.45,4491,23,0
2026-04-22 15:30:00,4753.36,4754.55,4745.86,4746.98,4908,23,0
2026-04-22 15:45:00,4747.01,4748.52,4742.92,4744.35,4489,21,0
2026-04-22 16:00:00,4744.47,4749.76,4739.25,4742.38,5661,19,0
2026-04-22 16:15:00,4742.4,4749.98,4736.44,4749.89,5964,19,0
2026-04-22 16:30:00,4750.0,4756.75,4742.3,4755.45,6869,20,0
2026-04-22 16:45:00,4755.61,4760.98,4751.21,4753.19,6240,24,0
2026-04-22 17:00:00,4752.77,4757.74,4742.55,4745.55,6280,25,0
2026-04-22 17:15:00,4745.48,4750.62,4743.14,4744.12,6117,27,0
2026-04-22 17:30:00,4744.09,4744.98,4729.92,4733.24,6750,19,0
2026-04-22 17:45:00,4733.25,4739.7,4732.55,4736.14,5712,20,0
2026-04-22 18:00:00,4736.12,4740.13,4734.35,4737.8,5905,32,0
2026-04-22 18:15:00,4737.83,4737.83,4729.91,4735.46,5712,24,0
2026-04-22 18:30:00,4735.49,4735.63,4726.21,4727.29,5510,21,0
2026-04-22 18:45:00,4727.3,4731.57,4724.88,4727.71,4772,19,0
2026-04-22 19:00:00,4728.04,4734.81,4725.93,4730.26,4774,19,0
2026-04-22 19:15:00,4730.27,4730.45,4724.3,4727.1,4404,22,0
2026-04-22 19:30:00,4727.08,4732.3,4724.0,4728.25,4416,21,0
2026-04-22 19:45:00,4728.12,4730.99,4726.35,4728.84,4265,20,0
2026-04-22 20:00:00,4728.83,4739.36,4728.67,4735.58,5121,19,0
2026-04-22 20:15:00,4735.57,4737.74,4733.16,4735.26,3895,32,0
2026-04-22 20:30:00,4735.25,4738.34,4734.52,4736.4,3406,19,0
2026-04-22 20:45:00,4736.69,4738.59,4733.58,4737.46,4073,20,0
2026-04-22 21:00:00,4737.47,4738.97,4735.09,4736.08,3356,32,0
2026-04-22 21:15:00,4735.78,4736.2,4730.09,4730.56,4251,27,0
2026-04-22 21:30:00,4730.44,4740.19,4730.31,4739.86,3449,21,0
2026-04-22 21:45:00,4739.86,4749.77,4738.78,4741.88,4345,19,0
2026-04-22 22:00:00,4741.93,4743.79,4736.98,4738.77,4275,24,0
2026-04-22 22:15:00,4738.78,4745.52,4738.28,4744.62,3409,31,0
2026-04-22 22:30:00,4744.6,4744.9,4738.67,4739.45,3236,32,0
2026-04-22 22:45:00,4739.44,4742.01,4736.99,4740.28,4069,32,0
2026-04-22 23:00:00,4740.41,4740.64,4734.8,4736.16,2663,32,0
2026-04-22 23:15:00,4736.08,4737.85,4734.7,4736.95,1958,32,0
2026-04-22 23:30:00,4736.93,4739.54,4736.39,4737.57,1760,19,0
2026-04-22 23:45:00,4737.54,4739.87,4737.13,4738.07,1157,32,0
2026-04-23 01:00:00,4740.44,4740.92,4735.16,4736.48,1400,32,0
2026-04-23 01:15:00,4736.49,4738.4,4732.66,4733.1,2179,19,0
2026-04-23 01:30:00,4733.09,4735.32,4729.75,4729.81,2107,32,0
2026-04-23 01:45:00,4729.78,4731.99,4725.81,4726.11,2355,22,0
2026-04-23 02:00:00,4726.17,4728.33,4723.31,4726.08,2608,31,0
2026-04-23 02:15:00,4726.09,4730.11,4725.43,4728.43,1942,31,0
2026-04-23 02:30:00,4728.42,4728.45,4723.8,4724.5,1750,23,0
2026-04-23 02:45:00,4724.52,4729.31,4724.44,4727.94,2300,32,0
2026-04-23 03:00:00,4727.95,4728.26,4698.37,4699.13,5356,24,0
2026-04-23 03:15:00,4699.14,4742.48,4693.89,4741.46,7123,19,0
2026-04-23 03:30:00,4741.48,4751.85,4741.15,4744.88,5496,30,0
2026-04-23 03:45:00,4744.66,4753.64,4743.46,4748.1,4801,32,0
2026-04-23 04:00:00,4747.74,4749.93,4736.09,4736.98,5545,20,0
2026-04-23 04:15:00,4736.95,4738.68,4727.13,4728.25,5067,19,0
2026-04-23 04:30:00,4728.36,4735.56,4725.83,4733.76,4788,19,0
2026-04-23 04:45:00,4733.78,4736.82,4722.5,4723.31,5147,19,0
2026-04-23 05:00:00,4723.26,4724.68,4706.02,4707.26,5876,31,0
2026-04-23 05:15:00,4707.16,4717.96,4704.8,4713.75,5130,32,0
2026-04-23 05:30:00,4713.77,4715.71,4700.47,4701.23,5758,21,0
2026-04-23 05:45:00,4701.45,4707.26,4698.06,4698.79,5378,32,0
2026-04-23 06:00:00,4698.87,4708.6,4698.12,4701.86,5336,32,0
2026-04-23 06:15:00,4701.88,4705.81,4697.81,4703.13,4856,31,0
2026-04-23 06:30:00,4703.17,4706.89,4700.98,4704.79,3833,32,0
2026-04-23 06:45:00,4704.52,4707.4,4702.52,4703.79,3238,32,0
2026-04-23 07:00:00,4703.82,4706.27,4700.71,4706.13,3088,32,0
2026-04-23 07:15:00,4706.14,4707.07,4702.77,4705.45,3003,32,0
2026-04-23 07:30:00,4705.48,4706.93,4701.48,4701.61,2538,31,0
2026-04-23 07:45:00,4701.6,4704.39,4698.61,4704.03,3065,32,0
2026-04-23 08:00:00,4704.03,4710.14,4703.19,4707.73,3311,32,0
2026-04-23 08:15:00,4707.71,4709.24,4704.8,4705.73,3558,26,0
2026-04-23 08:30:00,4705.75,4706.99,4691.63,4701.56,5016,32,0
2026-04-23 08:45:00,4701.45,4715.04,4701.29,4713.92,4839,32,0
2026-04-23 09:00:00,4713.68,4718.15,4710.66,4711.92,4752,21,0
2026-04-23 09:15:00,4711.92,4714.31,4708.62,4712.16,4005,23,0
2026-04-23 09:30:00,4711.91,4717.09,4709.21,4715.03,3913,27,0
2026-04-23 09:45:00,4715.06,4720.97,4712.13,4713.06,4728,23,0
2026-04-23 10:00:00,4713.05,4716.47,4707.53,4712.31,5100,21,0
2026-04-23 10:15:00,4712.09,4713.79,4703.19,4706.06,5115,19,0
2026-04-23 10:30:00,4706.07,4713.77,4703.5,4713.62,4264,25,0
2026-04-23 10:45:00,4713.62,4720.51,4713.29,4718.91,4449,25,0
2026-04-23 11:00:00,4718.91,4724.76,4717.5,4718.14,4250,21,0
2026-04-23 11:15:00,4718.43,4721.83,4715.06,4715.56,3911,19,0
2026-04-23 11:30:00,4715.59,4716.15,4703.23,4703.68,4772,19,0
2026-04-23 11:45:00,4703.75,4707.3,4701.74,4703.19,4002,19,0
2026-04-23 12:00:00,4703.16,4703.55,4694.49,4696.83,5097,19,0
2026-04-23 12:15:00,4696.83,4702.87,4695.22,4700.73,4414,20,0
2026-04-23 12:30:00,4700.72,4703.12,4698.64,4700.7,4133,19,0
2026-04-23 12:45:00,4700.68,4701.93,4694.74,4697.33,4002,28,0
2026-04-23 13:00:00,4697.35,4701.39,4684.94,4688.93,4761,30,0
2026-04-23 13:15:00,4688.84,4692.65,4684.48,4686.42,4764,32,0
2026-04-23 13:30:00,4686.43,4696.64,4683.96,4690.61,4704,19,0
2026-04-23 13:45:00,4690.43,4697.12,4689.33,4696.43,4195,19,0
2026-04-23 14:00:00,4696.55,4700.19,4695.52,4697.91,4529,19,0
2026-04-23 14:15:00,4697.86,4703.37,4696.38,4699.4,3870,32,0
2026-04-23 14:30:00,4699.34,4705.77,4696.71,4705.5,4643,20,0
2026-04-23 14:45:00,4705.49,4720.98,4704.24,4720.71,5618,24,0
2026-04-23 15:00:00,4720.71,4738.83,4719.73,4729.41,6504,19,0
2026-04-23 15:15:00,4729.38,4735.1,4726.22,4733.7,5207,27,0
2026-04-23 15:30:00,4733.68,4743.02,4733.44,4739.82,5490,32,0
2026-04-23 15:45:00,4740.08,4743.33,4731.9,4740.43,5924,24,0
2026-04-23 16:00:00,4740.44,4741.18,4724.8,4726.0,5631,23,0
2026-04-23 16:15:00,4726.09,4730.94,4725.8,4727.55,5053,32,0
2026-04-23 16:30:00,4727.58,4735.92,4724.85,4734.81,6454,20,0
2026-04-23 16:45:00,4733.12,4741.5,4724.6,4724.7,6607,20,0
2026-04-23 17:00:00,4724.77,4728.81,4717.4,4724.42,7038,19,0
2026-04-23 17:15:00,4724.44,4736.07,4723.85,4731.65,6246,22,0
2026-04-23 17:30:00,4731.72,4734.75,4726.38,4731.28,6263,19,0
2026-04-23 17:45:00,4731.29,4736.92,4728.23,4733.8,5832,21,0
2026-04-23 18:00:00,4733.87,4735.06,4727.04,4730.97,5450,32,0
2026-04-23 18:15:00,4730.99,4741.53,4730.09,4733.94,5640,28,0
2026-04-23 18:30:00,4733.93,4735.07,4728.41,4728.41,4846,32,0
2026-04-23 18:45:00,4728.48,4729.0,4716.55,4720.47,6158,24,0
2026-04-23 19:00:00,4720.42,4722.6,4715.73,4719.36,5356,32,0
2026-04-23 19:15:00,4718.94,4725.03,4718.94,4723.25,4535,32,0
2026-04-23 19:30:00,4723.28,4734.71,4722.69,4734.05,4295,21,0
2026-04-23 19:45:00,4734.17,4737.03,4730.47,4732.57,4610,20,0
2026-04-23 20:00:00,4732.64,4734.13,4706.08,4716.12,7365,32,0
2026-04-23 20:15:00,4716.07,4718.33,4704.87,4706.88,7416,19,0
2026-04-23 20:30:00,4706.8,4714.09,4673.51,4677.29,7475,19,0
2026-04-23 20:45:00,4677.48,4711.06,4664.19,4709.38,8175,18,0
2026-04-23 21:00:00,4709.57,4722.13,4707.95,4714.2,6982,18,0
2026-04-23 21:15:00,4714.21,4717.0,4711.32,4716.84,5987,32,0
2026-04-23 21:30:00,4716.77,4720.68,4707.64,4711.58,5669,32,0
2026-04-23 21:45:00,4711.59,4712.54,4699.68,4701.33,5410,20,0
2026-04-23 22:00:00,4701.22,4704.65,4693.1,4696.42,5919,32,0
2026-04-23 22:15:00,4696.42,4702.82,4695.57,4700.4,4759,32,0
2026-04-23 22:30:00,4700.42,4701.46,4689.83,4692.57,5231,32,0
2026-04-23 22:45:00,4692.65,4700.31,4692.37,4696.34,5136,26,0
2026-04-23 23:00:00,4696.27,4698.37,4690.68,4690.84,3355,21,0
2026-04-23 23:15:00,4690.68,4692.79,4686.57,4689.45,2753,32,0
2026-04-23 23:30:00,4689.5,4691.67,4688.31,4691.36,1652,32,0
2026-04-23 23:45:00,4691.39,4692.19,4687.13,4691.61,1718,32,0
2026-04-24 01:00:00,4693.89,4699.25,4693.68,4697.35,1409,32,0
2026-04-24 01:15:00,4697.34,4697.38,4692.1,4692.77,1843,32,0
2026-04-24 01:30:00,4692.77,4696.94,4691.01,4693.67,2223,32,0
2026-04-24 01:45:00,4693.66,4694.65,4690.16,4693.4,2117,21,0
2026-04-24 02:00:00,4693.37,4695.68,4689.78,4689.81,2424,31,0
2026-04-24 02:15:00,4689.82,4694.75,4686.94,4694.62,2844,19,0
2026-04-24 02:30:00,4694.92,4700.97,4693.76,4697.62,2667,31,0
2026-04-24 02:45:00,4697.61,4699.72,4692.41,4695.58,3295,32,0
2026-04-24 03:00:00,4695.6,4700.31,4691.13,4698.21,4947,31,0
2026-04-24 03:15:00,4698.23,4705.69,4696.6,4705.6,4225,19,0
2026-04-24 03:30:00,4705.62,4707.98,4701.47,4701.64,4047,20,0
2026-04-24 03:45:00,4701.59,4706.22,4697.53,4704.76,4179,19,0
2026-04-24 04:00:00,4704.76,4710.24,4696.02,4709.56,5463,19,0
2026-04-24 04:15:00,4709.58,4711.31,4698.6,4698.71,4372,19,0
2026-04-24 04:30:00,4698.68,4702.41,4690.6,4691.12,5131,32,0
2026-04-24 04:45:00,4691.07,4700.83,4690.52,4699.53,4879,31,0
2026-04-24 05:00:00,4699.43,4700.56,4690.04,4693.09,4849,19,0
2026-04-24 05:15:00,4693.29,4696.23,4682.13,4683.78,4297,19,0
2026-04-24 05:30:00,4684.12,4691.04,4680.22,4683.57,4800,32,0
2026-04-24 05:45:00,4683.56,4684.19,4673.05,4676.83,4824,19,0
2026-04-24 06:00:00,4676.86,4678.43,4668.87,4670.33,4785,32,0
2026-04-24 06:15:00,4670.34,4678.07,4670.16,4674.46,4246,31,0
2026-04-24 06:30:00,4674.76,4678.23,4672.64,4675.27,3459,32,0
2026-04-24 06:45:00,4675.24,4676.86,4671.51,4672.25,2941,32,0
2026-04-24 07:00:00,4671.91,4674.6,4667.3,4670.01,3565,31,0
2026-04-24 07:15:00,4670.03,4670.82,4658.75,4659.45,4026,20,0
2026-04-24 07:30:00,4659.46,4668.42,4657.71,4668.12,3758,20,0
2026-04-24 07:45:00,4668.06,4676.87,4668.03,4674.66,3317,19,0
2026-04-24 08:00:00,4674.75,4676.95,4669.83,4673.97,3399,32,0
2026-04-24 08:15:00,4673.96,4678.46,4672.07,4676.54,3718,24,0
2026-04-24 08:30:00,4676.59,4687.74,4676.57,4682.87,4827,31,0
2026-04-24 08:45:00,4682.85,4687.25,4680.29,4687.12,4576,31,0
2026-04-24 09:00:00,4687.15,4688.3,4680.99,4681.89,4562,32,0
2026-04-24 09:15:00,4681.91,4682.12,4670.16,4671.91,4437,32,0
2026-04-24 09:30:00,4671.82,4676.17,4670.08,4673.74,4005,32,0
2026-04-24 09:45:00,4673.75,4676.62,4666.53,4671.78,4271,32,0
2026-04-24 10:00:00,4671.53,4681.52,4671.06,4680.67,3711,32,0
2026-04-24 10:15:00,4680.73,4685.16,4678.51,4684.62,3778,27,0
2026-04-24 10:30:00,4684.56,4686.58,4682.65,4685.87,3654,23,0
2026-04-24 10:45:00,4685.86,4695.79,4685.22,4694.23,4281,23,0
2026-04-24 11:00:00,4694.23,4695.16,4686.87,4687.89,4533,27,0
2026-04-24 11:15:00,4687.98,4697.87,4687.12,4688.15,4760,19,0
2026-04-24 11:30:00,4688.14,4690.34,4685.27,4688.06,3914,22,0
2026-04-24 11:45:00,4688.06,4693.26,4687.78,4691.76,3603,31,0
2026-04-24 12:00:00,4691.62,4695.84,4690.05,4695.51,4119,31,0
2026-04-24 12:15:00,4695.59,4697.02,4682.55,4683.72,4687,21,0
2026-04-24 12:30:00,4683.9,4688.85,4679.59,4686.34,4358,32,0
2026-04-24 12:45:00,4686.26,4686.99,4679.56,4682.14,3792,25,0
2026-04-24 13:00:00,4682.21,4685.06,4681.02,4682.39,3503,32,0
2026-04-24 13:15:00,4682.38,4686.35,4680.34,4682.44,3589,32,0
2026-04-24 13:30:00,4682.41,4682.72,4674.83,4679.1,4010,20,0
2026-04-24 13:45:00,4679.09,4680.74,4676.77,4678.48,3141,32,0
2026-04-24 14:00:00,4678.55,4703.59,4677.82,4696.36,6084,22,0
2026-04-24 14:15:00,4696.24,4717.2,4692.55,4715.68,6439,19,0
2026-04-24 14:30:00,4716.56,4717.37,4705.05,4705.18,5372,23,0
2026-04-24 14:45:00,4705.2,4708.18,4702.98,4707.0,4597,21,0
2026-04-24 15:00:00,4707.07,4710.12,4703.25,4708.66,5031,24,0
2026-04-24 15:15:00,4708.62,4711.7,4701.63,4710.42,4943,26,0
2026-04-24 15:30:00,4710.45,4711.53,4698.79,4699.05,4961,20,0
2026-04-24 15:45:00,4699.04,4700.94,4690.35,4700.93,5731,20,0
2026-04-24 16:00:00,4700.47,4705.52,4695.88,4703.04,6191,20,0
2026-04-24 16:15:00,4703.07,4705.31,4693.5,4698.22,5392,20,0
2026-04-24 16:30:00,4698.07,4709.4,4689.82,4708.46,6902,20,0
2026-04-24 16:45:00,4708.54,4717.42,4704.64,4711.23,6475,21,0
2026-04-24 17:00:00,4711.3,4739.95,4706.69,4731.15,7544,24,0
2026-04-24 17:15:00,4731.15,4733.82,4721.35,4725.21,6961,20,0
2026-04-24 17:30:00,4725.25,4732.67,4723.41,4730.07,6513,30,0
2026-04-24 17:45:00,4729.97,4731.14,4723.76,4726.15,5599,19,0
2026-04-24 18:00:00,4726.14,4726.69,4718.57,4721.83,5795,20,0
2026-04-24 18:15:00,4722.0,4725.94,4718.17,4721.72,5337,28,0
2026-04-24 18:30:00,4721.7,4728.88,4714.57,4726.76,5815,19,0
2026-04-24 18:45:00,4726.62,4733.15,4723.9,4726.63,7311,20,0
2026-04-24 19:00:00,4726.62,4729.32,4719.63,4719.63,5723,19,0
2026-04-24 19:15:00,4719.52,4725.58,4718.78,4723.25,4781,29,0
2026-04-24 19:30:00,4723.39,4726.79,4718.99,4722.47,4852,20,0
2026-04-24 19:45:00,4722.58,4727.5,4720.06,4726.58,4659,21,0
2026-04-24 20:00:00,4726.58,4729.81,4725.49,4727.44,5098,23,0
2026-04-24 20:15:00,4727.45,4729.07,4722.15,4722.45,4660,32,0
2026-04-24 20:30:00,4722.44,4725.13,4718.64,4722.32,4689,32,0
2026-04-24 20:45:00,4722.28,4727.43,4720.27,4723.7,3642,19,0
2026-04-24 21:00:00,4723.74,4724.55,4719.7,4723.4,3913,32,0
2026-04-24 21:15:00,4723.44,4724.01,4716.65,4716.88,3897,32,0
2026-04-24 21:30:00,4716.94,4720.33,4716.55,4718.44,3423,32,0
2026-04-24 21:45:00,4718.46,4723.03,4717.45,4722.77,3624,32,0
2026-04-24 22:00:00,4722.76,4725.79,4720.57,4721.98,3828,23,0
2026-04-24 22:15:00,4722.0,4722.98,4717.07,4718.37,3573,32,0
2026-04-24 22:30:00,4718.3,4720.26,4715.74,4716.24,3732,32,0
2026-04-24 22:45:00,4716.04,4718.65,4713.82,4717.23,4222,21,0
2026-04-24 23:00:00,4717.26,4717.49,4705.53,4707.06,3196,32,0
2026-04-24 23:15:00,4707.07,4709.87,4705.24,4708.11,2369,32,0
2026-04-24 23:30:00,4708.08,4708.92,4705.26,4707.58,1898,32,0
2026-04-24 23:45:00,4707.59,4709.12,4701.86,4704.65,1753,32,0
2026-04-27 01:00:00,4695.78,4695.78,4679.97,4685.46,3002,32,0
2026-04-27 01:15:00,4686.08,4688.68,4683.13,4686.88,3041,30,0
2026-04-27 01:30:00,4686.56,4686.92,4682.25,4684.7,2517,27,0
2026-04-27 01:45:00,4684.72,4686.1,4682.12,4684.72,2071,28,0
2026-04-27 02:00:00,4684.73,4684.86,4677.61,4683.72,3033,32,0
2026-04-27 02:15:00,4683.71,4684.57,4677.31,4677.4,2290,32,0
2026-04-27 02:30:00,4677.43,4679.99,4674.84,4676.8,2942,27,0
2026-04-27 02:45:00,4676.79,4682.17,4676.7,4680.08,2865,32,0
2026-04-27 03:00:00,4680.07,4680.98,4672.04,4679.7,4292,32,0
2026-04-27 03:15:00,4679.71,4682.09,4677.55,4680.63,3602,20,0
2026-04-27 03:30:00,4680.71,4681.36,4676.49,4680.3,2982,31,0
2026-04-27 03:45:00,4680.31,4698.11,4680.29,4697.63,3858,27,0
2026-04-27 04:00:00,4697.65,4709.76,4692.5,4693.05,6254,26,0
2026-04-27 04:15:00,4693.06,4698.67,4690.86,4698.1,4934,22,0
2026-04-27 04:30:00,4698.12,4700.93,4695.85,4698.01,4922,19,0
2026-04-27 04:45:00,4698.02,4706.53,4697.82,4702.76,4685,20,0
2026-04-27 05:00:00,4702.8,4706.8,4696.41,4699.66,4647,19,0
2026-04-27 05:15:00,4699.68,4708.17,4699.0,4705.86,3569,20,0
2026-04-27 05:30:00,4705.88,4714.73,4704.47,4713.63,4475,19,0
2026-04-27 05:45:00,4713.62,4723.31,4712.2,4718.06,4445,20,0
2026-04-27 06:00:00,4717.98,4722.13,4716.21,4717.67,3706,32,0
2026-04-27 06:15:00,4717.68,4718.39,4714.32,4715.62,3040,20,0
2026-04-27 06:30:00,4715.71,4729.3,4715.4,4728.35,3646,30,0
2026-04-27 06:45:00,4728.27,4728.5,4722.55,4724.14,3191,32,0
2026-04-27 07:00:00,4724.01,4728.0,4723.72,4727.51,2625,32,0
2026-04-27 07:15:00,4727.52,4727.88,4724.88,4726.99,2154,32,0
2026-04-27 07:30:00,4726.98,4730.2,4725.44,4726.34,2394,32,0
2026-04-27 07:45:00,4726.33,4726.71,4722.66,4724.97,2463,32,0
2026-04-27 08:00:00,4725.01,4725.48,4718.19,4718.27,2922,32,0
2026-04-27 08:15:00,4718.24,4719.8,4716.01,4718.01,2952,31,0
2026-04-27 08:30:00,4718.0,4718.21,4708.85,4711.41,4748,21,0
2026-04-27 08:45:00,4711.44,4713.47,4708.61,4710.12,3678,19,0
2026-04-27 09:00:00,4710.12,4715.51,4709.08,4714.38,4425,20,0
2026-04-27 09:15:00,4714.38,4715.47,4711.14,4714.32,3499,32,0
2026-04-27 09:30:00,4714.29,4714.42,4709.36,4710.64,3880,32,0
2026-04-27 09:45:00,4710.62,4715.67,4709.83,4712.87,3812,32,0
2026-04-27 10:00:00,4712.87,4718.2,4710.97,4717.12,4534,20,0
2026-04-27 10:15:00,4717.07,4718.28,4712.51,4715.93,3972,23,0
2026-04-27 10:30:00,4715.93,4717.38,4713.53,4714.9,3716,25,0
2026-04-27 10:45:00,4714.88,4716.92,4709.99,4713.32,3926,32,0
2026-04-27 11:00:00,4713.28,4714.28,4710.26,4710.82,4405,20,0
2026-04-27 11:15:00,4710.83,4714.07,4708.85,4710.35,4284,22,0
2026-04-27 11:30:00,4710.37,4711.79,4705.05,4711.76,4205,23,0
2026-04-27 11:45:00,4711.75,4714.71,4704.77,4706.54,4051,19,0
2026-04-27 12:00:00,4706.59,4708.07,4702.41,4704.94,3794,32,0
2026-04-27 12:15:00,4704.95,4706.38,4701.32,4702.11,3544,29,0
2026-04-27 12:30:00,4702.11,4705.05,4698.86,4704.35,3597,24,0
2026-04-27 12:45:00,4704.34,4704.34,4699.38,4703.19,3690,23,0
2026-04-27 13:00:00,4703.2,4706.68,4701.4,4701.8,3356,19,0
2026-04-27 13:15:00,4701.82,4705.5,4699.36,4704.79,2996,20,0
2026-04-27 13:30:00,4704.55,4710.42,4704.3,4708.85,3452,32,0
2026-04-27 13:45:00,4708.86,4711.1,4707.0,4708.75,3345,32,0
2026-04-27 14:00:00,4708.77,4709.08,4703.83,4704.03,3683,19,0
2026-04-27 14:15:00,4704.04,4706.8,4699.94,4704.87,4046,20,0
2026-04-27 14:30:00,4704.87,4708.29,4699.16,4702.59,3873,32,0
2026-04-27 14:45:00,4702.59,4705.05,4700.83,4704.62,3311,25,0
2026-04-27 15:00:00,4704.77,4709.13,4702.34,4708.79,4071,32,0
2026-04-27 15:15:00,4708.82,4712.46,4701.61,4706.7,4846,19,0
2026-04-27 15:30:00,4706.71,4707.44,4696.9,4698.73,4777,21,0
2026-04-27 15:45:00,4698.65,4704.2,4696.69,4699.14,4768,32,0
2026-04-27 16:00:00,4699.15,4700.39,4693.02,4695.84,5851,26,0
2026-04-27 16:15:00,4695.84,4703.12,4695.39,4699.83,4794,24,0
2026-04-27 16:30:00,4699.81,4702.47,4688.81,4692.96,6332,23,0
2026-04-27 16:45:00,4693.0,4697.16,4689.15,4695.92,6024,31,0
2026-04-27 17:00:00,4695.95,4696.02,4687.45,4692.19,6610,26,0
2026-04-27 17:15:00,4692.1,4696.17,4685.97,4688.76,5919,19,0
2026-04-27 17:30:00,4688.77,4696.19,4683.2,4693.15,6319,20,0
2026-04-27 17:45:00,4693.16,4693.76,4676.29,4677.68,5839,23,0
2026-04-27 18:00:00,4677.68,4678.98,4666.96,4674.21,6696,20,0
2026-04-27 18:15:00,4674.1,4680.61,4671.56,4680.58,5814,19,0
2026-04-27 18:30:00,4680.75,4681.98,4676.6,4677.21,5297,21,0
2026-04-27 18:45:00,4677.11,4677.82,4667.69,4669.6,5557,20,0
2026-04-27 19:00:00,4669.57,4674.5,4667.0,4674.05,4793,22,0
2026-04-27 19:15:00,4674.05,4677.26,4673.19,4675.72,4203,32,0
2026-04-27 19:30:00,4675.72,4679.06,4674.0,4674.46,3924,21,0
2026-04-27 19:45:00,4674.46,4677.63,4674.33,4676.27,3469,32,0
2026-04-27 20:00:00,4676.45,4678.04,4671.13,4673.34,4040,32,0
2026-04-27 20:15:00,4673.35,4679.5,4667.68,4679.27,4847,24,0
2026-04-27 20:30:00,4679.41,4685.76,4678.94,4682.87,4792,22,0
2026-04-27 20:45:00,4682.8,4684.13,4680.7,4681.92,3907,32,0
2026-04-27 21:00:00,4681.9,4682.57,4678.71,4681.19,3803,21,0
2026-04-27 21:15:00,4681.14,4685.22,4680.35,4683.8,3890,32,0
2026-04-27 21:30:00,4683.82,4685.03,4682.23,4682.57,3042,32,0
2026-04-27 21:45:00,4682.55,4684.76,4680.46,4680.47,3220,32,0
2026-04-27 22:00:00,4680.54,4681.02,4678.2,4679.99,3198,19,0
2026-04-27 22:15:00,4679.98,4682.4,4679.53,4681.94,2958,27,0
2026-04-27 22:30:00,4681.95,4682.04,4676.39,4679.6,3227,32,0
2026-04-27 22:45:00,4679.51,4681.11,4678.09,4680.4,3685,32,0
2026-04-27 23:00:00,4680.49,4681.13,4677.21,4678.82,1669,32,0
2026-04-27 23:15:00,4678.83,4680.41,4678.24,4679.44,1240,31,0
2026-04-27 23:30:00,4679.43,4680.21,4678.47,4679.88,1129,21,0
2026-04-27 23:45:00,4679.87,4680.14,4676.67,4678.33,1027,32,0
2026-04-28 01:00:00,4680.99,4690.92,4680.6,4689.1,1685,21,0
2026-04-28 01:15:00,4689.12,4689.67,4686.78,4688.87,1781,19,0
2026-04-28 01:30:00,4688.86,4689.59,4686.34,4687.2,1695,20,0
2026-04-28 01:45:00,4687.22,4687.98,4685.99,4687.77,1511,22,0
2026-04-28 02:00:00,4687.72,4689.84,4687.09,4689.7,1562,32,0
2026-04-28 02:15:00,4689.68,4691.52,4689.26,4690.45,1779,32,0
2026-04-28 02:30:00,4690.44,4694.26,4690.31,4694.08,2002,31,0
2026-04-28 02:45:00,4694.1,4694.92,4691.64,4691.67,2030,32,0
2026-04-28 03:00:00,4691.82,4701.07,4691.55,4697.82,3658,19,0
2026-04-28 03:15:00,4697.84,4699.36,4692.26,4694.77,3522,25,0
2026-04-28 03:30:00,4694.79,4695.06,4691.68,4693.43,2825,19,0
2026-04-28 03:45:00,4693.45,4694.48,4690.32,4690.39,2567,32,0
2026-04-28 04:00:00,4690.17,4690.73,4684.38,4687.85,4322,32,0
2026-04-28 04:15:00,4687.83,4690.52,4685.63,4687.39,3429,32,0
2026-04-28 04:30:00,4687.38,4691.29,4683.47,4687.07,3766,32,0
2026-04-28 04:45:00,4687.08,4687.57,4669.51,4670.46,4647,19,0
2026-04-28 05:00:00,4670.54,4677.87,4665.54,4677.03,4423,19,0
2026-04-28 05:15:00,4677.04,4679.54,4674.35,4675.36,3011,32,0
2026-04-28 05:30:00,4675.38,4675.46,4670.28,4670.76,3904,23,0
2026-04-28 05:45:00,4670.7,4671.13,4666.08,4668.83,3882,32,0
2026-04-28 06:00:00,4668.86,4673.95,4668.2,4672.67,3669,32,0
2026-04-28 06:15:00,4672.65,4675.68,4671.12,4674.63,3165,32,0
2026-04-28 06:30:00,4674.64,4675.17,4671.46,4671.7,2645,32,0
2026-04-28 06:45:00,4671.56,4672.35,4668.8,4670.57,2261,32,0
2026-04-28 07:00:00,4670.52,4670.91,4666.45,4669.2,2631,32,0
2026-04-28 07:15:00,4669.19,4669.22,4665.97,4666.87,2169,31,0
2026-04-28 07:30:00,4666.86,4669.33,4666.25,4669.23,2306,31,0
2026-04-28 07:45:00,4669.24,4669.37,4666.71,4667.03,2103,32,0
2026-04-28 08:00:00,4667.07,4667.63,4648.1,4652.11,4497,20,0
2026-04-28 08:15:00,4652.11,4659.27,4650.81,4658.07,3582,32,0
2026-04-28 08:30:00,4658.05,4658.08,4623.96,4624.39,6050,22,0
2026-04-28 08:45:00,4624.38,4633.77,4623.51,4631.72,5477,21,0
2026-04-28 09:00:00,4631.64,4642.4,4625.51,4640.29,5115,19,0
2026-04-28 09:15:00,4640.3,4640.89,4623.1,4631.2,4741,27,0
2026-04-28 09:30:00,4631.32,4634.21,4624.81,4629.33,4382,19,0
2026-04-28 09:45:00,4629.34,4631.3,4622.9,4628.48,4495,21,0
2026-04-28 10:00:00,4628.31,4638.92,4626.99,4633.71,4540,19,0
2026-04-28 10:15:00,4633.65,4634.41,4626.87,4629.16,4194,31,0
2026-04-28 10:30:00,4629.12,4634.8,4625.65,4628.8,4353,19,0
2026-04-28 10:45:00,4628.89,4633.17,4620.08,4632.72,4533,21,0
2026-04-28 11:00:00,4632.62,4633.25,4614.41,4619.72,5498,21,0
2026-04-28 11:15:00,4619.76,4626.62,4618.46,4626.2,4477,23,0
2026-04-28 11:30:00,4626.34,4634.9,4626.03,4627.72,4554,19,0
2026-04-28 11:45:00,4627.37,4630.27,4624.6,4629.41,3717,20,0
2026-04-28 12:00:00,4629.33,4629.71,4621.16,4625.07,4263,23,0
2026-04-28 12:15:00,4625.03,4625.28,4612.22,4617.78,4659,19,0
2026-04-28 12:30:00,4617.77,4618.45,4607.56,4613.02,4970,21,0
2026-04-28 12:45:00,4612.95,4614.83,4604.29,4604.72,4615,22,0
2026-04-28 13:00:00,4604.38,4613.15,4604.38,4612.31,4415,20,0
2026-04-28 13:15:00,4612.29,4615.69,4610.25,4611.1,4077,25,0
2026-04-28 13:30:00,4610.91,4615.27,4610.32,4612.62,3789,27,0
2026-04-28 13:45:00,4612.72,4614.57,4602.7,4602.83,4414,19,0
2026-04-28 14:00:00,4602.82,4608.29,4597.24,4598.08,5020,29,0
2026-04-28 14:15:00,4597.88,4603.59,4593.65,4598.96,4832,29,0
2026-04-28 14:30:00,4598.83,4599.41,4568.04,4571.81,5874,25,0
2026-04-28 14:45:00,4571.79,4573.83,4554.97,4562.33,5947,19,0
2026-04-28 15:00:00,4562.2,4581.38,4554.68,4581.21,5857,19,0
2026-04-28 15:15:00,4581.23,4597.73,4573.59,4579.84,5668,20,0
2026-04-28 15:30:00,4579.96,4588.72,4570.59,4586.91,5352,19,0
2026-04-28 15:45:00,4586.9,4600.01,4584.29,4593.75,5371,19,0
2026-04-28 16:00:00,4593.7,4594.61,4570.91,4576.16,6032,20,0
2026-04-28 16:15:00,4576.07,4584.38,4572.13,4581.58,5477,32,0
2026-04-28 16:30:00,4581.29,4591.63,4570.83,4581.76,6472,31,0
2026-04-28 16:45:00,4581.77,4592.27,4574.68,4580.27,5982,19,0
2026-04-28 17:00:00,4580.33,4580.61,4565.25,4568.23,6371,20,0
2026-04-28 17:15:00,4568.09,4577.75,4564.65,4571.54,6353,31,0
2026-04-28 17:30:00,4571.53,4577.83,4557.39,4563.92,6419,26,0
2026-04-28 17:45:00,4563.93,4574.4,4557.19,4574.03,6615,20,0
2026-04-28 18:00:00,4574.01,4581.38,4570.39,4572.71,6300,20,0
2026-04-28 18:15:00,4572.68,4577.41,4566.7,4576.96,5788,25,0
2026-04-28 18:30:00,4576.95,4581.09,4571.06,4577.74,5586,31,0
2026-04-28 18:45:00,4577.75,4586.42,4576.56,4586.35,5339,32,0
2026-04-28 19:00:00,4586.34,4586.7,4582.24,4585.31,4890,32,0
2026-04-28 19:15:00,4585.3,4585.75,4577.93,4582.87,4600,20,0
2026-04-28 19:30:00,4582.73,4586.81,4580.64,4584.95,4540,28,0
2026-04-28 19:45:00,4584.88,4594.91,4583.78,4592.18,4781,29,0
2026-04-28 20:00:00,4591.98,4594.97,4588.45,4593.67,4440,22,0
2026-04-28 20:15:00,4593.7,4597.1,4587.03,4593.17,4574,32,0
2026-04-28 20:30:00,4593.37,4601.73,4593.37,4599.01,4123,22,0
2026-04-28 20:45:00,4599.02,4600.49,4594.04,4594.69,3836,26,0
2026-04-28 21:00:00,4594.79,4598.54,4592.15,4596.11,3872,20,0
2026-04-28 21:15:00,4596.08,4600.44,4596.08,4599.0,4060,22,0
2026-04-28 21:30:00,4598.97,4599.54,4593.56,4597.81,3615,20,0
2026-04-28 21:45:00,4597.82,4598.87,4593.19,4594.33,3133,32,0
2026-04-28 22:00:00,4594.42,4598.69,4593.92,4595.67,3082,32,0
2026-04-28 22:15:00,4595.78,4597.2,4593.76,4596.28,3445,32,0
2026-04-28 22:30:00,4596.32,4600.13,4594.58,4598.6,3428,32,0
2026-04-28 22:45:00,4598.79,4599.52,4593.31,4595.69,4007,32,0
2026-04-28 23:00:00,4595.66,4598.76,4594.85,4597.34,2319,32,0
2026-04-28 23:15:00,4597.36,4598.19,4591.19,4592.77,2207,20,0
2026-04-28 23:30:00,4592.81,4595.36,4592.57,4593.39,1566,20,0
2026-04-28 23:45:00,4593.5,4595.01,4591.36,4595.01,1237,32,0
2026-04-29 01:00:00,4597.06,4597.38,4593.03,4596.5,1372,32,0
2026-04-29 01:15:00,4596.49,4597.14,4595.1,4595.76,1220,32,0
2026-04-29 01:30:00,4595.81,4597.32,4592.97,4593.63,1189,19,0
2026-04-29 01:45:00,4593.64,4595.25,4592.39,4594.06,1334,32,0
2026-04-29 02:00:00,4594.13,4594.47,4588.86,4590.88,1978,31,0
2026-04-29 02:15:00,4590.87,4592.76,4590.18,4592.18,1462,32,0
2026-04-29 02:30:00,4592.19,4593.45,4587.88,4589.82,1973,31,0
2026-04-29 02:45:00,4589.81,4595.97,4588.92,4595.59,2288,32,0
2026-04-29 03:00:00,4595.6,4610.46,4594.82,4607.23,4567,20,0
2026-04-29 03:15:00,4607.27,4607.86,4598.49,4599.89,3760,27,0
2026-04-29 03:30:00,4599.88,4604.55,4599.07,4603.44,2779,32,0
2026-04-29 03:45:00,4603.48,4603.82,4595.95,4599.94,3128,32,0
2026-04-29 04:00:00,4599.95,4600.19,4575.9,4582.63,5734,31,0
2026-04-29 04:15:00,4582.34,4586.5,4579.01,4580.44,4587,19,0
2026-04-29 04:30:00,4580.45,4591.57,4578.97,4590.29,4999,20,0
2026-04-29 04:45:00,4590.32,4591.51,4580.38,4584.72,4663,19,0
2026-04-29 05:00:00,4584.73,4602.51,4584.73,4601.19,4810,19,0
2026-04-29 05:15:00,4601.29,4604.22,4598.4,4599.27,3386,19,0
2026-04-29 05:30:00,4599.37,4601.95,4595.39,4596.84,3859,20,0
2026-04-29 05:45:00,4596.88,4601.23,4592.19,4593.44,4156,24,0
2026-04-29 06:00:00,4593.35,4602.95,4592.87,4601.92,3883,24,0
2026-04-29 06:15:00,4601.84,4603.33,4596.72,4598.56,3663,32,0
2026-04-29 06:30:00,4598.56,4598.62,4592.54,4593.86,2588,32,0
2026-04-29 06:45:00,4593.89,4596.41,4592.13,4595.4,2536,32,0
2026-04-29 07:00:00,4595.39,4603.35,4595.26,4601.01,2337,31,0
2026-04-29 07:15:00,4600.95,4601.81,4597.37,4601.58,2363,32,0
2026-04-29 07:30:00,4601.61,4605.48,4601.61,4602.09,2905,31,0
2026-04-29 07:45:00,4602.1,4605.83,4602.1,4605.01,2545,32,0
2026-04-29 08:00:00,4605.0,4607.6,4600.47,4600.98,3177,22,0
2026-04-29 08:15:00,4601.01,4602.61,4598.67,4600.65,2461,25,0
2026-04-29 08:30:00,4600.58,4601.68,4594.18,4599.04,3647,20,0
2026-04-29 08:45:00,4599.06,4603.41,4590.6,4591.25,4428,20,0
2026-04-29 09:00:00,4591.17,4598.5,4586.91,4588.37,4596,20,0
2026-04-29 09:15:00,4588.47,4589.33,4581.05,4584.94,4378,21,0
2026-04-29 09:30:00,4584.89,4587.47,4580.76,4584.83,3509,30,0
2026-04-29 09:45:00,4585.02,4586.79,4581.01,4584.36,3522,19,0
2026-04-29 10:00:00,4584.14,4588.61,4576.6,4578.25,4622,25,0
2026-04-29 10:15:00,4578.25,4580.99,4569.25,4574.99,4500,21,0
2026-04-29 10:30:00,4574.94,4578.7,4568.93,4570.31,4516,21,0
2026-04-29 10:45:00,4570.32,4572.6,4567.17,4567.73,4133,22,0
2026-04-29 11:00:00,4567.89,4573.06,4564.31,4565.25,4792,20,0
2026-04-29 11:15:00,4565.11,4571.32,4565.11,4566.29,4171,23,0
2026-04-29 11:30:00,4566.09,4568.6,4557.18,4568.07,4680,19,0
2026-04-29 11:45:00,4568.03,4576.78,4567.95,4573.03,4055,32,0
2026-04-29 12:00:00,4573.01,4575.62,4570.3,4573.92,3863,26,0
2026-04-29 12:15:00,4573.73,4580.71,4565.65,4565.89,4356,20,0
2026-04-29 12:30:00,4565.93,4569.32,4558.71,4558.91,4565,32,0
2026-04-29 12:45:00,4558.94,4561.8,4550.74,4555.76,4774,22,0
2026-04-29 13:00:00,4555.68,4568.09,4555.12,4567.76,4038,32,0
2026-04-29 13:15:00,4567.75,4573.28,4567.75,4571.8,3862,19,0
2026-04-29 13:30:00,4571.84,4576.62,4566.07,4566.46,3988,22,0
2026-04-29 13:45:00,4566.45,4570.78,4564.01,4569.87,3600,20,0
2026-04-29 14:00:00,4569.87,4571.75,4565.43,4568.14,3984,19,0
2026-04-29 14:15:00,4568.22,4570.44,4564.16,4564.65,3642,19,0
2026-04-29 14:30:00,4564.64,4571.9,4563.48,4566.74,3908,19,0
2026-04-29 14:45:00,4566.52,4566.58,4558.49,4561.47,3850,23,0
2026-04-29 15:00:00,4561.42,4568.09,4560.33,4564.31,4006,32,0
2026-04-29 15:15:00,4564.37,4568.77,4559.27,4559.42,4308,19,0
2026-04-29 15:30:00,4559.42,4559.62,4550.84,4557.47,4962,22,0
2026-04-29 15:45:00,4557.44,4559.62,4542.06,4544.79,5219,21,0
2026-04-29 16:00:00,4544.81,4553.5,4544.81,4549.87,5223,21,0
2026-04-29 16:15:00,4549.9,4551.72,4534.45,4537.62,5419,20,0
2026-04-29 16:30:00,4537.65,4539.27,4513.05,4514.61,6452,19,0
2026-04-29 16:45:00,4514.56,4529.72,4509.96,4521.58,6215,21,0
2026-04-29 17:00:00,4521.57,4528.26,4517.84,4525.89,6298,32,0
2026-04-29 17:15:00,4525.9,4537.87,4524.16,4532.92,6018,21,0
2026-04-29 17:30:00,4533.11,4542.43,4530.83,4538.76,5535,19,0
2026-04-29 17:45:00,4538.8,4540.61,4532.18,4539.27,5195,23,0
2026-04-29 18:00:00,4539.27,4546.73,4536.29,4538.04,5660,19,0
2026-04-29 18:15:00,4538.07,4546.53,4536.22,4543.63,5354,32,0
2026-04-29 18:30:00,4543.66,4556.06,4540.52,4553.02,5620,22,0
2026-04-29 18:45:00,4552.96,4558.98,4542.31,4547.78,6003,19,0
2026-04-29 19:00:00,4547.73,4564.86,4547.1,4559.26,5467,21,0
2026-04-29 19:15:00,4559.27,4564.51,4557.24,4560.43,4651,23,0
2026-04-29 19:30:00,4560.39,4560.39,4545.41,4550.23,5138,19,0
2026-04-29 19:45:00,4550.25,4551.24,4543.31,4545.35,4398,20,0
2026-04-29 20:00:00,4545.42,4552.07,4542.66,4550.5,4551,32,0
2026-04-29 20:15:00,4550.48,4554.32,4545.91,4547.04,4762,25,0
2026-04-29 20:30:00,4547.03,4548.13,4542.35,4544.43,4317,32,0
2026-04-29 20:45:00,4544.57,4547.11,4541.37,4543.82,4208,27,0
2026-04-29 21:00:00,4547.18,4552.59,4525.09,4525.57,6214,20,0
2026-04-29 21:15:00,4525.44,4539.49,4525.09,4532.81,5665,24,0
2026-04-29 21:30:00,4532.82,4540.45,4520.04,4520.39,6245,31,0
2026-04-29 21:45:00,4520.45,4540.85,4517.72,4537.81,6029,19,0
2026-04-29 22:00:00,4537.75,4548.46,4533.08,4547.4,5364,21,0
2026-04-29 22:15:00,4547.22,4550.4,4541.02,4542.69,4977,19,0
2026-04-29 22:30:00,4542.15,4544.81,4537.43,4539.45,4809,21,0
2026-04-29 22:45:00,4539.44,4549.44,4539.31,4546.87,4853,20,0
2026-04-29 23:00:00,4546.84,4553.29,4542.54,4546.04,5086,21,0
2026-04-29 23:15:00,4546.13,4548.0,4541.41,4543.2,4181,25,0
2026-04-29 23:30:00,4543.15,4546.49,4542.43,4543.82,3022,22,0
2026-04-29 23:45:00,4543.79,4544.63,4540.08,4542.19,2341,19,0
2026-04-30 01:00:00,4538.22,4548.71,4538.09,4546.31,1495,25,0
2026-04-30 01:15:00,4546.32,4550.8,4546.32,4549.1,2704,32,0
2026-04-30 01:30:00,4549.08,4551.92,4547.4,4548.42,2395,32,0
2026-04-30 01:45:00,4548.39,4552.72,4547.79,4552.18,2604,32,0
2026-04-30 02:00:00,4552.15,4553.99,4550.27,4553.25,2560,24,0
2026-04-30 02:15:00,4553.2,4555.09,4549.55,4551.62,2549,32,0
2026-04-30 02:30:00,4551.6,4554.84,4551.32,4554.41,2104,32,0
2026-04-30 02:45:00,4554.43,4562.07,4553.91,4561.58,3030,32,0
2026-04-30 03:00:00,4561.59,4568.28,4557.66,4557.8,4629,19,0
2026-04-30 03:15:00,4557.87,4564.33,4556.34,4563.47,4129,32,0
2026-04-30 03:30:00,4563.46,4566.82,4562.19,4566.77,3605,32,0
2026-04-30 03:45:00,4566.75,4573.86,4566.45,4569.76,3704,32,0
2026-04-30 04:00:00,4569.59,4571.05,4564.61,4568.35,4460,20,0
2026-04-30 04:15:00,4568.39,4581.06,4565.81,4579.6,4468,32,0
2026-04-30 04:30:00,4579.69,4581.32,4571.04,4576.13,4709,24,0
2026-04-30 04:45:00,4576.17,4582.32,4574.04,4579.21,4082,32,0
2026-04-30 05:00:00,4579.01,4581.9,4574.8,4579.67,3756,32,0
2026-04-30 05:15:00,4579.65,4580.63,4571.86,4573.08,3159,18,0
2026-04-30 05:30:00,4573.13,4574.05,4560.39,4562.27,5055,20,0
2026-04-30 05:45:00,4562.02,4565.24,4559.83,4564.57,3980,21,0
2026-04-30 06:00:00,4564.54,4569.0,4562.45,4564.92,4017,32,0
2026-04-30 06:15:00,4565.15,4566.9,4562.82,4563.3,3362,32,0
2026-04-30 06:30:00,4563.29,4563.94,4557.73,4561.45,3346,32,0
2026-04-30 06:45:00,4561.46,4561.56,4555.54,4556.19,3376,26,0
2026-04-30 07:00:00,4556.11,4556.53,4550.71,4555.31,4037,31,0
2026-04-30 07:15:00,4555.32,4556.93,4546.03,4547.19,3979,32,0
2026-04-30 07:30:00,4547.09,4547.74,4540.75,4544.72,4104,19,0
2026-04-30 07:45:00,4544.74,4549.25,4542.01,4542.18,3543,19,0
2026-04-30 08:00:00,4542.12,4553.57,4542.12,4553.21,4179,21,0
2026-04-30 08:15:00,4553.23,4558.74,4551.73,4555.63,3193,31,0
2026-04-30 08:30:00,4555.62,4566.69,4553.84,4563.95,4580,21,0
2026-04-30 08:45:00,4563.89,4569.49,4562.24,4562.65,3706,25,0
2026-04-30 09:00:00,4562.74,4567.63,4560.32,4566.07,4910,20,0
2026-04-30 09:15:00,4566.23,4571.06,4563.67,4569.49,3819,21,0
2026-04-30 09:30:00,4569.6,4578.52,4569.6,4575.18,4456,29,0
2026-04-30 09:45:00,4575.12,4591.48,4574.74,4589.42,4442,19,0
2026-04-30 10:00:00,4589.5,4595.54,4586.31,4591.59,4731,23,0
2026-04-30 10:15:00,4591.59,4593.71,4585.01,4591.54,4167,19,0
2026-04-30 10:30:00,4591.64,4598.23,4588.12,4596.8,3832,24,0
2026-04-30 10:45:00,4596.81,4605.99,4593.57,4598.54,4295,21,0
2026-04-30 11:00:00,4598.55,4629.56,4597.43,4618.92,5465,19,0
2026-04-30 11:15:00,4618.92,4620.53,4612.12,4617.62,4742,32,0
2026-04-30 11:30:00,4617.56,4620.82,4613.88,4615.1,4332,21,0
2026-04-30 11:45:00,4615.21,4619.4,4614.41,4616.57,3527,26,0
2026-04-30 12:00:00,4616.6,4620.36,4614.83,4619.09,4101,20,0
2026-04-30 12:15:00,4619.01,4627.02,4615.62,4625.77,4409,19,0
2026-04-30 12:30:00,4625.74,4631.86,4618.67,4619.47,5188,19,0
2026-04-30 12:45:00,4619.45,4627.48,4618.32,4625.41,4225,22,0
2026-04-30 13:00:00,4625.44,4629.3,4623.92,4627.0,4061,23,0
2026-04-30 13:15:00,4627.02,4644.3,4626.41,4643.91,4399,25,0
2026-04-30 13:30:00,4644.04,4646.68,4634.29,4636.95,5516,20,0
2026-04-30 13:45:00,4636.95,4640.08,4634.11,4639.91,4616,21,0
2026-04-30 14:00:00,4638.68,4645.37,4636.23,4636.24,5030,19,0
2026-04-30 14:15:00,4636.23,4643.71,4630.56,4637.9,5099,19,0
2026-04-30 14:30:00,4637.92,4637.95,4626.93,4629.65,5583,21,0
2026-04-30 14:45:00,4629.66,4635.5,4628.24,4630.31,4673,22,0
2026-04-30 15:00:00,4630.32,4637.35,4629.65,4636.07,4603,32,0
2026-04-30 15:15:00,4636.32,4637.36,4628.48,4629.93,4475,20,0
2026-04-30 15:30:00,4630.01,4636.36,4625.66,4626.1,4740,22,0
2026-04-30 15:45:00,4626.11,4640.35,4624.7,4639.76,4615,20,0
2026-04-30 16:00:00,4639.77,4644.32,4634.78,4641.25,4997,19,0
2026-04-30 16:15:00,4641.52,4646.14,4633.13,4633.86,4925,32,0
2026-04-30 16:30:00,4633.87,4634.8,4620.46,4625.52,5888,25,0
2026-04-30 16:45:00,4625.56,4625.56,4610.52,4610.99,6061,24,0
2026-04-30 17:00:00,4610.76,4625.75,4609.6,4620.68,6185,20,0
2026-04-30 17:15:00,4620.48,4626.21,4616.52,4623.22,6095,20,0
2026-04-30 17:30:00,4623.19,4623.19,4611.04,4617.95,6096,19,0
2026-04-30 17:45:00,4617.98,4623.85,4617.31,4619.8,5809,21,0
2026-04-30 18:00:00,4619.66,4624.17,4614.92,4619.88,5665,20,0
2026-04-30 18:15:00,4619.91,4624.34,4615.81,4622.96,5286,22,0
2026-04-30 18:30:00,4622.95,4625.54,4613.42,4615.42,4909,22,0
2026-04-30 18:45:00,4615.39,4617.1,4611.0,4615.15,4107,22,0
2026-04-30 19:00:00,4615.11,4617.23,4609.73,4611.54,4426,19,0
2026-04-30 19:15:00,4611.61,4611.75,4605.49,4607.79,4348,27,0
2026-04-30 19:30:00,4607.78,4613.52,4606.93,4608.86,3246,19,0
2026-04-30 19:45:00,4608.8,4617.41,4605.21,4607.34,3765,23,0
2026-04-30 20:00:00,4607.45,4619.76,4607.33,4615.85,4255,32,0
2026-04-30 20:15:00,4615.92,4620.58,4612.83,4617.73,3948,32,0
2026-04-30 20:30:00,4617.47,4621.44,4615.02,4617.81,4142,32,0
2026-04-30 20:45:00,4617.88,4619.79,4615.22,4616.92,3303,30,0
2026-04-30 21:00:00,4616.96,4624.35,4616.84,4620.66,4204,30,0
2026-04-30 21:15:00,4620.66,4624.92,4619.82,4620.75,3715,32,0
2026-04-30 21:30:00,4620.72,4623.2,4619.06,4620.53,3127,32,0
2026-04-30 21:45:00,4620.54,4625.0,4619.95,4622.39,3357,32,0
2026-04-30 22:00:00,4622.38,4626.97,4622.08,4624.06,3618,32,0
2026-04-30 22:15:00,4624.09,4625.41,4616.94,4617.82,3756,32,0
2026-04-30 22:30:00,4617.93,4623.05,4615.26,4622.7,3601,19,0
2026-04-30 22:45:00,4622.73,4623.41,4614.77,4617.11,4183,23,0
2026-04-30 23:00:00,4617.21,4620.26,4615.93,4616.31,3344,32,0
2026-04-30 23:15:00,4616.28,4619.42,4615.88,4616.75,2015,32,0
2026-04-30 23:30:00,4615.95,4618.71,4615.51,4617.5,2020,32,0
2026-04-30 23:45:00,4617.41,4620.73,4616.91,4619.27,1578,32,0
2026-05-01 01:00:00,4627.36,4632.72,4625.1,4631.34,1499,27,0
2026-05-01 01:15:00,4631.33,4631.56,4628.77,4631.22,2040,32,0
2026-05-01 01:30:00,4631.28,4632.08,4627.01,4631.92,2510,21,0
2026-05-01 01:45:00,4632.26,4632.32,4628.46,4630.33,2370,19,0
2026-05-01 02:00:00,4630.34,4631.72,4628.18,4630.21,2144,19,0
2026-05-01 02:15:00,4630.28,4632.27,4629.13,4630.84,1895,19,0
2026-05-01 02:30:00,4630.85,4634.31,4630.74,4631.37,2263,23,0
2026-05-01 02:45:00,4631.01,4633.23,4626.55,4626.67,2906,19,0
2026-05-01 03:00:00,4626.61,4631.27,4621.06,4622.66,4140,19,0
2026-05-01 03:15:00,4622.65,4628.62,4621.14,4623.96,3554,32,0
2026-05-01 03:30:00,4624.02,4625.0,4618.6,4620.91,3922,32,0
2026-05-01 03:45:00,4620.95,4625.2,4619.78,4619.9,3803,32,0
2026-05-01 04:00:00,4619.62,4621.12,4615.73,4618.61,3654,23,0
2026-05-01 04:15:00,4618.52,4619.16,4614.09,4616.38,2750,32,0
2026-05-01 04:30:00,4616.3,4622.11,4616.12,4620.31,3141,22,0
2026-05-01 04:45:00,4620.29,4622.52,4618.88,4621.14,2795,32,0
2026-05-01 05:00:00,4620.89,4634.43,4619.97,4630.73,3339,20,0
2026-05-01 05:15:00,4630.74,4636.04,4628.03,4629.08,3245,25,0
2026-05-01 05:30:00,4629.07,4630.71,4623.43,4623.83,2649,19,0
2026-05-01 05:45:00,4623.76,4624.02,4616.53,4619.05,3092,32,0
2026-05-01 06:00:00,4619.01,4621.16,4617.57,4620.51,2507,22,0
2026-05-01 06:15:00,4620.5,4626.43,4620.46,4626.11,2260,20,0
2026-05-01 06:30:00,4626.26,4631.92,4625.47,4626.26,3382,24,0
2026-05-01 06:45:00,4626.25,4628.06,4625.76,4626.74,2335,32,0
2026-05-01 07:00:00,4626.73,4628.88,4619.82,4621.74,3001,23,0
2026-05-01 07:15:00,4621.58,4623.32,4616.75,4617.41,2588,32,0
2026-05-01 07:30:00,4617.35,4618.09,4611.87,4613.21,3208,32,0
2026-05-01 07:45:00,4613.22,4614.53,4608.84,4608.84,2567,19,0
2026-05-01 08:00:00,4608.94,4614.55,4607.15,4614.09,3359,20,0
2026-05-01 08:15:00,4614.05,4615.8,4611.09,4614.43,2658,32,0
2026-05-01 08:30:00,4614.42,4615.17,4609.34,4609.57,2941,32,0
2026-05-01 08:45:00,4609.53,4613.35,4602.81,4604.98,3349,31,0
2026-05-01 09:00:00,4605.0,4607.73,4601.02,4601.46,3926,22,0
2026-05-01 09:15:00,4601.63,4602.07,4593.27,4593.8,3522,29,0
2026-05-01 09:30:00,4593.87,4597.41,4590.63,4593.39,3635,31,0
2026-05-01 09:45:00,4593.4,4595.94,4591.07,4594.33,4284,32,0
2026-05-01 10:00:00,4593.89,4596.42,4589.66,4595.89,4228,21,0
2026-05-01 10:15:00,4595.8,4597.73,4585.1,4592.63,4408,26,0
2026-05-01 10:30:00,4592.59,4592.59,4583.69,4585.25,4270,21,0
2026-05-01 10:45:00,4585.16,4585.95,4575.86,4579.72,4245,30,0
2026-05-01 11:00:00,4579.7,4582.59,4573.28,4573.86,4648,30,0
2026-05-01 11:15:00,4573.96,4576.88,4566.26,4566.7,4674,31,0
2026-05-01 11:30:00,4566.86,4571.94,4565.88,4570.71,3658,32,0
2026-05-01 11:45:00,4570.81,4572.35,4564.89,4568.92,3278,26,0
2026-05-01 12:00:00,4568.89,4568.89,4563.93,4565.38,3226,32,0
2026-05-01 12:15:00,4565.31,4570.98,4564.31,4568.33,3530,29,0
2026-05-01 12:30:00,4568.11,4572.59,4567.33,4570.11,3095,24,0
2026-05-01 12:45:00,4570.22,4570.36,4559.81,4562.1,3841,20,0
2026-05-01 13:00:00,4562.02,4567.67,4561.17,4566.39,2882,19,0
2026-05-01 13:15:00,4566.4,4572.57,4566.27,4571.95,2809,19,0
2026-05-01 13:30:00,4571.77,4575.87,4567.35,4570.01,3284,19,0
2026-05-01 13:45:00,4569.85,4571.82,4565.75,4567.17,2822,32,0
2026-05-01 14:00:00,4567.17,4568.53,4562.11,4565.35,3350,19,0
2026-05-01 14:15:00,4565.28,4576.01,4564.21,4570.96,3929,19,0
2026-05-01 14:30:00,4570.94,4577.41,4569.85,4575.17,3449,22,0
2026-05-01 14:45:00,4575.04,4579.3,4572.37,4577.86,3445,19,0
2026-05-01 15:00:00,4577.53,4589.91,4574.44,4584.28,4131,19,0
2026-05-01 15:15:00,4584.05,4607.23,4582.34,4602.82,5883,21,0
2026-05-01 15:30:00,4602.93,4603.04,4588.83,4591.47,5155,24,0
2026-05-01 15:45:00,4591.74,4595.08,4589.5,4590.4,4482,24,0
2026-05-01 16:00:00,4590.46,4596.92,4589.46,4591.15,4545,25,0
2026-05-01 16:15:00,4591.14,4593.01,4586.62,4589.16,4607,20,0
2026-05-01 16:30:00,4588.64,4608.68,4586.33,4608.07,6657,20,0
2026-05-01 16:45:00,4607.68,4628.84,4598.64,4625.92,6846,19,0
2026-05-01 17:00:00,4625.98,4659.72,4625.79,4656.04,7475,20,0
2026-05-01 17:15:00,4655.96,4660.14,4643.9,4643.9,7136,20,0
2026-05-01 17:30:00,4644.03,4646.4,4630.72,4632.84,7028,19,0
2026-05-01 17:45:00,4632.88,4635.3,4627.21,4632.4,6285,19,0
2026-05-01 18:00:00,4632.45,4636.61,4618.95,4636.38,6516,20,0
2026-05-01 18:15:00,4636.47,4640.5,4634.04,4637.64,5456,32,0
2026-05-01 18:30:00,4637.66,4644.73,4635.31,4643.67,5341,20,0
2026-05-01 18:45:00,4643.89,4648.11,4633.33,4643.66,5364,32,0
2026-05-01 19:00:00,4643.67,4645.51,4638.31,4643.73,4875,32,0
2026-05-01 19:15:00,4643.67,4650.08,4637.98,4638.44,5440,25,0
2026-05-01 19:30:00,4638.46,4641.41,4633.95,4638.78,5477,32,0
2026-05-01 19:45:00,4638.38,4642.89,4636.81,4638.64,4231,32,0
2026-05-01 20:00:00,4638.67,4642.69,4637.58,4639.96,3357,20,0
2026-05-01 20:15:00,4639.8,4640.22,4631.05,4631.68,3722,19,0
2026-05-01 20:30:00,4631.64,4632.32,4626.86,4627.89,4225,30,0
2026-05-01 20:45:00,4627.86,4635.06,4627.18,4630.34,3938,32,0
2026-05-01 21:00:00,4630.44,4630.6,4615.44,4615.44,4552,32,0
2026-05-01 21:15:00,4615.46,4623.53,4614.01,4622.46,4444,22,0
2026-05-01 21:30:00,4622.58,4624.31,4616.16,4622.3,4511,20,0
2026-05-01 21:45:00,4622.31,4626.02,4619.93,4624.6,3857,32,0
2026-05-01 22:00:00,4624.55,4626.67,4620.48,4626.24,3398,19,0
2026-05-01 22:15:00,4626.27,4627.65,4624.57,4624.69,3129,19,0
2026-05-01 22:30:00,4624.69,4624.78,4611.09,4611.09,4065,19,0
2026-05-01 22:45:00,4611.16,4615.28,4608.76,4610.52,4403,32,0
2026-05-01 23:00:00,4610.49,4612.71,4607.21,4611.16,2722,27,0
2026-05-01 23:15:00,4611.13,4616.3,4609.63,4613.39,2378,32,0
2026-05-01 23:30:00,4613.34,4615.14,4610.19,4613.79,2072,32,0
2026-05-01 23:45:00,4613.8,4615.74,4611.72,4613.66,1939,32,0
2026-05-04 01:00:00,4624.2,4625.74,4618.9,4623.01,1796,32,0
2026-05-04 01:15:00,4622.98,4623.1,4612.44,4620.88,2866,22,0
2026-05-04 01:30:00,4620.82,4629.55,4619.81,4628.22,2412,25,0
2026-05-04 01:45:00,4628.21,4629.22,4618.36,4618.95,2781,32,0
2026-05-04 02:00:00,4618.96,4621.0,4611.42,4615.26,2870,26,0
2026-05-04 02:15:00,4615.05,4617.74,4613.18,4617.15,2159,32,0
2026-05-04 02:30:00,4617.17,4618.58,4612.84,4613.77,2332,29,0
2026-05-04 02:45:00,4613.73,4617.29,4611.78,4614.04,2952,31,0
2026-05-04 03:00:00,4614.02,4616.83,4604.92,4612.32,4167,32,0
2026-05-04 03:15:00,4612.24,4614.92,4602.08,4605.96,3993,31,0
2026-05-04 03:30:00,4605.97,4610.09,4604.85,4605.68,3365,32,0
2026-05-04 03:45:00,4605.74,4613.18,4604.63,4612.84,3356,19,0
2026-05-04 04:00:00,4612.73,4613.78,4595.75,4600.28,4396,22,0
2026-05-04 04:15:00,4600.28,4604.22,4593.86,4594.39,3981,22,0
2026-05-04 04:30:00,4594.35,4601.32,4592.57,4601.2,3471,20,0
2026-05-04 04:45:00,4601.19,4613.52,4600.61,4612.73,2937,21,0
2026-05-04 05:00:00,4612.64,4618.08,4603.18,4607.99,3949,21,0
2026-05-04 05:15:00,4607.99,4607.99,4590.97,4593.0,3791,19,0
2026-05-04 05:30:00,4593.02,4603.66,4590.66,4603.66,3363,32,0
2026-05-04 05:45:00,4603.6,4610.91,4600.84,4605.38,3366,32,0
2026-05-04 06:00:00,4605.27,4611.49,4604.17,4609.5,3157,32,0
2026-05-04 06:15:00,4609.51,4610.64,4607.96,4609.42,2574,32,0
2026-05-04 06:30:00,4609.37,4610.93,4598.46,4604.88,3126,32,0
2026-05-04 06:45:00,4604.92,4617.48,4604.92,4615.24,4156,32,0
2026-05-04 07:00:00,4615.25,4615.73,4608.37,4611.31,3346,32,0
2026-05-04 07:15:00,4611.31,4613.37,4607.39,4608.52,2737,32,0
2026-05-04 07:30:00,4608.51,4613.06,4607.5,4609.47,2999,32,0
2026-05-04 07:45:00,4609.48,4610.55,4605.48,4606.16,2496,32,0
2026-05-04 08:00:00,4606.16,4607.1,4602.09,4604.03,2990,32,0
2026-05-04 08:15:00,4604.04,4613.11,4595.64,4596.5,4427,21,0
2026-05-04 08:30:00,4596.52,4598.7,4592.12,4598.22,4081,20,0
2026-05-04 08:45:00,4598.22,4601.56,4594.23,4599.06,3727,22,0
2026-05-04 09:00:00,4598.92,4600.66,4587.64,4596.73,4612,19,0
2026-05-04 09:15:00,4596.78,4597.15,4588.81,4593.61,3858,31,0
2026-05-04 09:30:00,4593.81,4595.42,4584.15,4585.27,4077,31,0
2026-05-04 09:45:00,4585.25,4592.16,4583.36,4587.98,3508,32,0
2026-05-04 10:00:00,4588.08,4593.01,4585.22,4591.82,3846,19,0
2026-05-04 10:15:00,4591.65,4592.33,4583.08,4585.62,3629,32,0
2026-05-04 10:30:00,4585.67,4587.85,4582.17,4587.53,3962,24,0
2026-05-04 10:45:00,4587.54,4590.39,4577.82,4578.68,4055,20,0
2026-05-04 11:00:00,4578.56,4580.94,4573.6,4579.82,4385,22,0
2026-05-04 11:15:00,4579.83,4581.09,4574.06,4574.61,3985,22,0
2026-05-04 11:30:00,4574.62,4581.34,4573.35,4577.97,3830,24,0
2026-05-04 11:45:00,4578.0,4579.37,4575.46,4576.65,3305,19,0
2026-05-04 12:00:00,4576.52,4583.83,4575.89,4583.62,3381,19,0
2026-05-04 12:15:00,4583.57,4584.1,4579.97,4580.95,2918,32,0
2026-05-04 12:30:00,4581.0,4584.03,4580.06,4580.87,2750,32,0
2026-05-04 12:45:00,4580.88,4581.98,4571.43,4575.13,3123,19,0
2026-05-04 13:00:00,4575.08,4575.64,4537.45,4541.72,6230,19,0
2026-05-04 13:15:00,4541.6,4545.09,4525.75,4544.64,5974,21,0
2026-05-04 13:30:00,4544.69,4564.04,4543.05,4558.62,5305,21,0
2026-05-04 13:45:00,4558.53,4566.7,4558.25,4562.66,4160,32,0
2026-05-04 14:00:00,4562.54,4570.57,4561.21,4565.32,4407,22,0
2026-05-04 14:15:00,4565.31,4570.09,4561.81,4562.32,3815,32,0
2026-05-04 14:30:00,4562.25,4562.71,4551.74,4553.49,4520,23,0
2026-05-04 14:45:00,4553.51,4563.11,4553.02,4559.92,4102,32,0
2026-05-04 15:00:00,4560.28,4565.72,4559.41,4563.71,4052,20,0
2026-05-04 15:15:00,4563.73,4579.24,4563.33,4568.55,5021,19,0
2026-05-04 15:30:00,4568.58,4571.56,4560.99,4570.2,4261,32,0
2026-05-04 15:45:00,4570.27,4575.86,4566.47,4568.32,4135,19,0
2026-05-04 16:00:00,4568.24,4575.65,4557.03,4565.9,5233,25,0
2026-05-04 16:15:00,4565.92,4567.54,4560.72,4560.72,4322,22,0
2026-05-04 16:30:00,4560.72,4570.66,4555.68,4565.39,5722,21,0
2026-05-04 16:45:00,4565.38,4566.73,4557.49,4563.99,5210,27,0
2026-05-04 17:00:00,4563.88,4565.37,4553.65,4560.16,5688,30,0
2026-05-04 17:15:00,4560.33,4582.09,4559.62,4571.19,5695,20,0
2026-05-04 17:30:00,4571.11,4583.08,4570.18,4574.58,5006,24,0
2026-05-04 17:45:00,4574.66,4576.96,4559.9,4561.72,5340,22,0
2026-05-04 18:00:00,4561.74,4566.08,4548.45,4548.53,5532,21,0
2026-05-04 18:15:00,4548.21,4555.45,4514.36,4537.61,6520,18,0
2026-05-04 18:30:00,4537.82,4542.49,4527.57,4534.89,6062,20,0
2026-05-04 18:45:00,4534.87,4534.94,4512.34,4521.6,5890,20,0
2026-05-04 19:00:00,4521.72,4525.32,4500.82,4509.63,6180,20,0
2026-05-04 19:15:00,4509.67,4526.99,4508.68,4515.04,5800,20,0
2026-05-04 19:30:00,4514.88,4518.78,4511.5,4512.48,4741,23,0
2026-05-04 19:45:00,4512.43,4516.0,4507.34,4510.59,5072,19,0
2026-05-04 20:00:00,4510.67,4526.19,4510.67,4522.33,5080,25,0
2026-05-04 20:15:00,4522.44,4531.52,4521.65,4524.3,5020,20,0
2026-05-04 20:30:00,4524.25,4527.64,4521.58,4525.96,4051,32,0
2026-05-04 20:45:00,4525.99,4526.53,4521.34,4522.37,3588,32,0
2026-05-04 21:00:00,4522.41,4525.35,4518.57,4520.0,3506,19,0
2026-05-04 21:15:00,4520.01,4520.17,4509.58,4511.8,3993,32,0
2026-05-04 21:30:00,4511.76,4514.87,4510.5,4511.53,3754,25,0
2026-05-04 21:45:00,4511.53,4516.34,4510.6,4516.23,3741,32,0
2026-05-04 22:00:00,4516.12,4523.2,4511.07,4518.81,4284,31,0
2026-05-04 22:15:00,4518.8,4525.67,4517.41,4522.22,4119,32,0
2026-05-04 22:30:00,4522.21,4526.99,4520.4,4521.05,3543,20,0
2026-05-04 22:45:00,4521.04,4523.11,4515.2,4517.68,3730,31,0
2026-05-04 23:00:00,4517.69,4518.06,4511.63,4514.56,2357,23,0
2026-05-04 23:15:00,4514.6,4515.45,4511.65,4515.04,1708,31,0
2026-05-04 23:30:00,4515.05,4518.67,4514.45,4518.54,1773,32,0
2026-05-04 23:45:00,4518.5,4522.24,4518.4,4522.06,1328,32,0
2026-05-05 01:00:00,4518.85,4522.69,4516.66,4521.13,1090,32,0
2026-05-05 01:15:00,4521.1,4522.73,4519.29,4519.77,1271,32,0
2026-05-05 01:30:00,4519.75,4522.12,4518.86,4519.09,1476,24,0
2026-05-05 01:45:00,4519.08,4519.38,4515.54,4517.4,1524,32,0
2026-05-05 02:00:00,4517.39,4520.85,4516.04,4520.42,1506,20,0
2026-05-05 02:15:00,4520.4,4521.59,4519.27,4521.1,1343,32,0
2026-05-05 02:30:00,4520.97,4521.3,4518.3,4518.49,1198,32,0
2026-05-05 02:45:00,4518.5,4520.71,4517.11,4518.9,1831,31,0
2026-05-05 03:00:00,4518.89,4528.34,4517.7,4527.75,3641,19,0
2026-05-05 03:15:00,4527.74,4527.74,4513.3,4516.77,3968,31,0
2026-05-05 03:30:00,4516.75,4524.1,4515.85,4523.61,2909,32,0
2026-05-05 03:45:00,4523.64,4530.3,4523.64,4529.82,3026,19,0
2026-05-05 04:00:00,4529.58,4539.21,4525.23,4538.76,3717,32,0
2026-05-05 04:15:00,4538.59,4539.83,4534.98,4537.5,3118,31,0
2026-05-05 04:30:00,4537.76,4541.9,4533.93,4536.74,3641,32,0
2026-05-05 04:45:00,4536.72,4541.07,4535.88,4540.65,2879,32,0
2026-05-05 05:00:00,4540.76,4542.43,4537.25,4538.34,3006,19,0
2026-05-05 05:15:00,4538.35,4541.54,4534.51,4541.36,2649,24,0
2026-05-05 05:30:00,4541.35,4545.65,4540.04,4544.26,2675,21,0
2026-05-05 05:45:00,4544.43,4546.64,4538.7,4538.91,3021,32,0
2026-05-05 06:00:00,4538.86,4542.17,4537.53,4541.78,2438,32,0
2026-05-05 06:15:00,4541.78,4542.46,4537.1,4537.86,2199,30,0
2026-05-05 06:30:00,4537.78,4539.1,4535.44,4536.0,2372,32,0
2026-05-05 06:45:00,4536.02,4536.98,4532.23,4534.35,2592,31,0
2026-05-05 07:00:00,4534.28,4535.75,4532.4,4532.78,2137,32,0
2026-05-05 07:15:00,4532.8,4533.7,4529.32,4529.33,2644,31,0
2026-05-05 07:30:00,4529.4,4533.52,4527.77,4531.5,2985,32,0
2026-05-05 07:45:00,4531.52,4536.65,4531.0,4533.43,3214,32,0
2026-05-05 08:00:00,4533.67,4545.35,4531.09,4540.31,3919,25,0
2026-05-05 08:15:00,4540.3,4540.46,4535.66,4539.87,2847,24,0
2026-05-05 08:30:00,4539.86,4551.48,4539.73,4545.91,4115,19,0
2026-05-05 08:45:00,4545.84,4548.81,4543.44,4545.78,3100,32,0
2026-05-05 09:00:00,4545.72,4552.04,4541.37,4543.41,3850,20,0
2026-05-05 09:15:00,4543.4,4544.66,4533.48,4536.49,3381,21,0
2026-05-05 09:30:00,4536.55,4549.38,4536.16,4546.54,3811,21,0
2026-05-05 09:45:00,4546.75,4551.18,4545.43,4548.07,3506,20,0
2026-05-05 10:00:00,4548.0,4555.07,4547.68,4553.6,3871,19,0
2026-05-05 10:15:00,4553.62,4555.63,4548.37,4548.97,3370,32,0
2026-05-05 10:30:00,4548.94,4558.33,4548.9,4551.22,4000,22,0
2026-05-05 10:45:00,4551.19,4551.82,4543.32,4545.33,4050,19,0
2026-05-05 11:00:00,4545.34,4553.68,4545.34,4550.8,4198,23,0
2026-05-05 11:15:00,4550.78,4554.6,4549.03,4551.1,3986,22,0
2026-05-05 11:30:00,4550.98,4553.11,4548.01,4549.96,3754,27,0
2026-05-05 11:45:00,4549.91,4559.53,4548.42,4558.94,3966,21,0
2026-05-05 12:00:00,4558.93,4560.46,4553.58,4557.76,4050,24,0
2026-05-05 12:15:00,4557.72,4558.04,4552.53,4552.67,3313,25,0
2026-05-05 12:30:00,4552.73,4558.45,4551.26,4555.54,3415,23,0
2026-05-05 12:45:00,4555.6,4557.31,4552.77,4556.68,2935,31,0
2026-05-05 13:00:00,4556.66,4556.93,4550.6,4553.21,3262,32,0
2026-05-05 13:15:00,4553.24,4555.08,4546.53,4548.05,3262,31,0
2026-05-05 13:30:00,4548.12,4554.0,4544.16,4545.12,3839,20,0
2026-05-05 13:45:00,4545.19,4545.84,4540.47,4543.04,3398,32,0
2026-05-05 14:00:00,4543.51,4553.07,4539.83,4552.62,4137,19,0
2026-05-05 14:15:00,4552.47,4557.69,4549.86,4555.9,3995,20,0
2026-05-05 14:30:00,4555.91,4564.52,4554.86,4563.39,3935,24,0
2026-05-05 14:45:00,4563.45,4564.91,4559.16,4563.32,3578,19,0
2026-05-05 15:00:00,4563.34,4567.33,4554.35,4565.14,4980,21,0
2026-05-05 15:15:00,4565.2,4574.29,4561.25,4573.53,4587,21,0
2026-05-05 15:30:00,4573.63,4574.77,4566.75,4567.34,3895,27,0
2026-05-05 15:45:00,4567.35,4568.66,4561.74,4564.42,3870,24,0
2026-05-05 16:00:00,4564.62,4581.3,4564.61,4578.68,4894,20,0
2026-05-05 16:15:00,4578.71,4585.26,4576.25,4577.48,4615,19,0
2026-05-05 16:30:00,4577.17,4582.06,4571.38,4574.15,5419,19,0
2026-05-05 16:45:00,4574.14,4583.39,4573.12,4582.3,4953,19,0
2026-05-05 17:00:00,4582.33,4584.58,4570.89,4573.33,5408,20,0
2026-05-05 17:15:00,4573.35,4586.7,4566.11,4584.38,5743,26,0
2026-05-05 17:30:00,4584.51,4585.91,4577.84,4582.1,4825,19,0
2026-05-05 17:45:00,4582.09,4583.04,4575.71,4582.8,4746,21,0
2026-05-05 18:00:00,4582.83,4584.01,4577.13,4581.21,4432,19,0
2026-05-05 18:15:00,4581.17,4581.66,4575.41,4579.36,4320,20,0
2026-05-05 18:30:00,4579.4,4581.17,4572.76,4573.07,4256,23,0
2026-05-05 18:45:00,4573.18,4575.81,4568.34,4568.53,4157,20,0
2026-05-05 19:00:00,4568.51,4569.08,4562.46,4566.11,4071,21,0
2026-05-05 19:15:00,4565.91,4566.04,4556.1,4560.2,4105,21,0
2026-05-05 19:30:00,4560.29,4560.42,4553.9,4556.79,4074,20,0
2026-05-05 19:45:00,4556.7,4562.97,4555.78,4561.38,3588,32,0
2026-05-05 20:00:00,4561.31,4562.7,4553.38,4556.27,3844,23,0
2026-05-05 20:15:00,4556.28,4561.56,4556.25,4559.01,3527,23,0
2026-05-05 20:30:00,4559.02,4562.99,4556.32,4560.55,3292,26,0
2026-05-05 20:45:00,4560.56,4562.41,4558.46,4559.65,2876,32,0
2026-05-05 21:00:00,4559.63,4564.99,4558.78,4564.42,2900,29,0
2026-05-05 21:15:00,4564.41,4565.46,4561.25,4562.33,2622,32,0
2026-05-05 21:30:00,4562.27,4562.91,4557.78,4561.75,2805,25,0
2026-05-05 21:45:00,4561.77,4565.97,4559.81,4561.8,3069,32,0
2026-05-05 22:00:00,4561.8,4561.8,4557.06,4557.25,2852,32,0
2026-05-05 22:15:00,4557.24,4559.08,4555.09,4556.65,2848,20,0
2026-05-05 22:30:00,4556.64,4558.31,4555.73,4555.8,2263,32,0
2026-05-05 22:45:00,4555.86,4558.9,4551.75,4555.48,3458,26,0
2026-05-05 23:00:00,4555.57,4557.39,4554.15,4556.37,1915,32,0
2026-05-05 23:15:00,4556.33,4559.85,4555.22,4559.56,2004,19,0
2026-05-05 23:30:00,4559.59,4560.16,4554.97,4555.8,1584,32,0
2026-05-05 23:45:00,4555.84,4556.61,4553.14,4554.94,1266,32,0
2026-05-06 01:00:00,4551.16,4552.23,4547.76,4550.76,1556,32,0
2026-05-06 01:15:00,4550.76,4550.97,4546.47,4546.93,2200,25,0
2026-05-06 01:30:00,4546.93,4551.03,4546.2,4548.57,1856,20,0
2026-05-06 01:45:00,4548.55,4576.84,4547.09,4574.19,3712,18,0
2026-05-06 02:00:00,4574.18,4590.66,4569.53,4589.52,4251,19,0
2026-05-06 02:15:00,4589.62,4589.92,4581.73,4581.73,3974,27,0
2026-05-06 02:30:00,4581.64,4588.51,4579.55,4585.21,3140,22,0
2026-05-06 02:45:00,4585.23,4595.83,4584.5,4595.22,3571,32,0
2026-05-06 03:00:00,4595.53,4598.21,4589.33,4591.55,4502,21,0
2026-05-06 03:15:00,4591.53,4603.95,4588.21,4602.22,4541,20,0
2026-05-06 03:30:00,4602.15,4611.07,4601.95,4610.42,3981,21,0
2026-05-06 03:45:00,4610.58,4619.85,4609.27,4618.67,3886,32,0
2026-05-06 04:00:00,4618.43,4622.53,4609.43,4611.48,4958,22,0
2026-05-06 04:15:00,4611.46,4625.69,4609.72,4624.86,4522,22,0
2026-05-06 04:30:00,4624.89,4626.18,4620.36,4623.78,4154,30,0
2026-05-06 04:45:00,4623.67,4628.63,4623.39,4625.99,3848,19,0
2026-05-06 05:00:00,4625.73,4634.28,4625.34,4633.36,3874,23,0
2026-05-06 05:15:00,4633.35,4636.24,4629.78,4630.07,3116,20,0
2026-05-06 05:30:00,4630.11,4635.21,4627.0,4634.76,3746,31,0
2026-05-06 05:45:00,4634.54,4641.9,4634.03,4640.76,3546,20,0
2026-05-06 06:00:00,4640.64,4650.49,4638.73,4648.0,3890,19,0
2026-05-06 06:15:00,4647.89,4651.2,4644.75,4645.76,3490,26,0
2026-05-06 06:30:00,4645.77,4652.07,4642.84,4647.97,3566,26,0
2026-05-06 06:45:00,4647.98,4648.73,4643.23,4644.06,2252,24,0
2026-05-06 07:00:00,4644.03,4648.0,4643.65,4647.92,2393,32,0
2026-05-06 07:15:00,4647.93,4653.79,4645.96,4652.75,2650,23,0
2026-05-06 07:30:00,4652.7,4652.81,4646.45,4648.14,4191,22,0
2026-05-06 07:45:00,4648.13,4653.09,4647.49,4649.27,3163,24,0
2026-05-06 08:00:00,4649.16,4656.86,4649.12,4655.12,3117,22,0
2026-05-06 08:15:00,4655.06,4655.47,4649.77,4650.5,3041,28,0
2026-05-06 08:30:00,4650.81,4652.39,4644.86,4650.22,4144,32,0
2026-05-06 08:45:00,4650.2,4664.01,4649.49,4663.08,4065,21,0
2026-05-06 09:00:00,4663.07,4665.95,4657.13,4660.23,4843,19,0
2026-05-06 09:15:00,4660.55,4666.86,4658.2,4666.37,3945,23,0
2026-05-06 09:30:00,4666.33,4668.82,4660.44,4664.52,4320,19,0
2026-05-06 09:45:00,4664.55,4670.02,4663.23,4670.02,3804,19,0
2026-05-06 10:00:00,4669.96,4670.66,4658.62,4658.73,4038,20,0
2026-05-06 10:15:00,4658.5,4670.16,4657.6,4667.69,4413,20,0
2026-05-06 10:30:00,4667.62,4670.77,4663.38,4670.65,3956,19,0
2026-05-06 10:45:00,4670.5,4681.84,4670.24,4681.35,4877,21,0
2026-05-06 11:00:00,4681.21,4682.51,4675.42,4679.81,4722,19,0
2026-05-06 11:15:00,4679.79,4681.14,4677.16,4677.38,3596,19,0
2026-05-06 11:30:00,4677.39,4679.24,4672.19,4677.88,4096,19,0
2026-05-06 11:45:00,4677.85,4702.95,4677.81,4701.06,6079,19,0
2026-05-06 12:00:00,4701.13,4709.34,4689.32,4695.68,6003,21,0
2026-05-06 12:15:00,4695.64,4704.88,4691.36,4699.93,5531,21,0
2026-05-06 12:30:00,4699.94,4706.05,4695.92,4696.75,5114,19,0
2026-05-06 12:45:00,4696.84,4702.94,4693.64,4702.1,4350,19,0
2026-05-06 13:00:00,4701.81,4705.43,4696.01,4698.03,4665,25,0
2026-05-06 13:15:00,4698.04,4704.73,4695.42,4704.59,4265,32,0
2026-05-06 13:30:00,4704.53,4716.08,4704.41,4714.33,5301,19,0
2026-05-06 13:45:00,4714.57,4722.79,4707.17,4717.47,5845,19,0
2026-05-06 14:00:00,4717.54,4721.31,4709.37,4712.39,5662,22,0
2026-05-06 14:15:00,4712.32,4713.74,4705.49,4705.95,4829,20,0
2026-05-06 14:30:00,4705.88,4715.5,4698.83,4700.35,5248,19,0
2026-05-06 14:45:00,4700.29,4702.72,4690.6,4692.56,5397,20,0
2026-05-06 15:00:00,4692.51,4692.99,4670.82,4673.62,6097,20,0
2026-05-06 15:15:00,4673.52,4688.53,4660.75,4683.86,6385,20,0
2026-05-06 15:30:00,4683.86,4685.39,4678.05,4682.55,5025,31,0
2026-05-06 15:45:00,4682.54,4684.44,4676.41,4683.3,4708,21,0
2026-05-06 16:00:00,4683.08,4692.18,4668.82,4683.5,6373,18,0
2026-05-06 16:15:00,4683.58,4691.08,4679.79,4684.5,5159,19,0
2026-05-06 16:30:00,4684.49,4699.24,4680.24,4696.19,6995,19,0
2026-05-06 16:45:00,4695.89,4707.95,4692.53,4701.19,6588,19,0
2026-05-06 17:00:00,4701.24,4712.65,4697.8,4711.07,6888,22,0
2026-05-06 17:15:00,4711.07,4717.62,4704.92,4705.08,6292,20,0
2026-05-06 17:30:00,4705.12,4714.53,4704.64,4713.9,6042,19,0
2026-05-06 17:45:00,4713.89,4714.02,4700.91,4703.0,6026,19,0
2026-05-06 18:00:00,4703.09,4705.93,4693.48,4696.67,5787,19,0
2026-05-06 18:15:00,4696.7,4703.35,4694.33,4695.46,5093,22,0
2026-05-06 18:30:00,4695.45,4698.03,4689.39,4692.61,4927,20,0
2026-05-06 18:45:00,4692.62,4694.85,4687.2,4687.51,4873,20,0
2026-05-06 19:00:00,4687.5,4688.47,4681.21,4683.28,5192,19,0
2026-05-06 19:15:00,4683.37,4688.68,4682.63,4688.11,4253,32,0
2026-05-06 19:30:00,4688.11,4692.09,4685.48,4688.84,4152,22,0
2026-05-06 19:45:00,4688.86,4690.08,4679.81,4682.84,4529,21,0
2026-05-06 20:00:00,4682.9,4688.23,4679.91,4685.92,4379,21,0
2026-05-06 20:15:00,4685.97,4686.31,4680.22,4683.4,4186,20,0
2026-05-06 20:30:00,4683.36,4683.59,4679.09,4681.86,3472,27,0
2026-05-06 20:45:00,4681.72,4684.97,4680.47,4684.71,3223,32,0
2026-05-06 21:00:00,4685.0,4687.57,4681.97,4687.02,3183,32,0
2026-05-06 21:15:00,4686.98,4690.55,4686.54,4688.28,3050,32,0
2026-05-06 21:30:00,4688.24,4690.44,4685.28,4686.07,3053,32,0
2026-05-06 21:45:00,4686.05,4688.26,4684.78,4686.27,2883,32,0
2026-05-06 22:00:00,4686.28,4695.8,4686.25,4695.02,3181,32,0
2026-05-06 22:15:00,4694.98,4700.18,4694.76,4697.66,3027,31,0
2026-05-06 22:30:00,4697.65,4699.11,4694.02,4695.55,3142,32,0
2026-05-06 22:45:00,4695.61,4698.28,4692.47,4693.72,3482,32,0
2026-05-06 23:00:00,4693.95,4699.81,4692.75,4699.23,2584,20,0
2026-05-06 23:15:00,4699.31,4699.7,4692.28,4693.14,2158,32,0
2026-05-06 23:30:00,4693.17,4693.39,4687.99,4688.17,1942,19,0
2026-05-06 23:45:00,4688.17,4690.52,4685.4,4689.35,1902,32,0
2026-05-07 01:00:00,4689.49,4698.26,4689.28,4697.49,1512,32,0
2026-05-07 01:15:00,4697.43,4700.01,4693.44,4695.17,2350,19,0
2026-05-07 01:30:00,4695.16,4699.75,4694.46,4698.55,1853,24,0
2026-05-07 01:45:00,4698.53,4698.59,4694.46,4694.64,1902,21,0
2026-05-07 02:00:00,4694.65,4698.53,4693.98,4694.34,1940,32,0
2026-05-07 02:15:00,4694.35,4698.05,4690.25,4693.38,2285,31,0
2026-05-07 02:30:00,4693.4,4694.43,4691.71,4693.68,1710,32,0
2026-05-07 02:45:00,4694.28,4699.63,4693.79,4699.08,2681,32,0
2026-05-07 03:00:00,4699.08,4700.93,4689.85,4699.55,4801,22,0
2026-05-07 03:15:00,4699.54,4701.16,4692.24,4692.87,4027,31,0
2026-05-07 03:30:00,4692.72,4693.44,4685.84,4688.42,3627,19,0
2026-05-07 03:45:00,4688.38,4691.63,4685.55,4687.94,3488,31,0
2026-05-07 04:00:00,4687.91,4711.06,4685.28,4709.72,5090,28,0
2026-05-07 04:15:00,4709.74,4716.37,4703.61,4704.09,4904,31,0
2026-05-07 04:30:00,4704.07,4717.84,4702.2,4712.67,4626,32,0
2026-05-07 04:45:00,4712.64,4721.5,4712.36,4714.58,4074,23,0
2026-05-07 05:00:00,4714.61,4718.4,4703.46,4704.06,4343,32,0
2026-05-07 05:15:00,4704.17,4707.76,4701.64,4702.65,3436,32,0
2026-05-07 05:30:00,4702.6,4705.24,4699.68,4703.99,3631,32,0
2026-05-07 05:45:00,4704.32,4709.78,4704.32,4707.01,3397,31,0
2026-05-07 06:00:00,4706.9,4709.75,4704.03,4705.73,3277,32,0
2026-05-07 06:15:00,4705.71,4708.65,4704.17,4704.28,2978,32,0
2026-05-07 06:30:00,4704.32,4704.88,4702.23,4703.73,2448,32,0
2026-05-07 06:45:00,4703.8,4704.7,4698.73,4698.99,2432,32,0
2026-05-07 07:00:00,4698.87,4700.78,4696.58,4696.62,3071,32,0
2026-05-07 07:15:00,4696.64,4698.46,4694.82,4696.71,2698,28,0
2026-05-07 07:30:00,4696.74,4698.95,4692.37,4697.99,2390,32,0
2026-05-07 07:45:00,4698.07,4698.88,4693.8,4696.19,2702,32,0
2026-05-07 08:00:00,4696.2,4700.94,4696.19,4700.27,3018,19,0
2026-05-07 08:15:00,4700.53,4700.53,4694.68,4695.84,2743,32,0
2026-05-07 08:30:00,4695.64,4705.95,4694.81,4703.53,3663,22,0
2026-05-07 08:45:00,4703.68,4706.53,4700.85,4701.16,3519,32,0
2026-05-07 09:00:00,4701.22,4710.33,4701.03,4707.99,3863,19,0
2026-05-07 09:15:00,4707.97,4718.02,4707.06,4717.09,4154,24,0
2026-05-07 09:30:00,4717.1,4749.93,4715.91,4745.67,5517,19,0
2026-05-07 09:45:00,4745.48,4747.06,4735.88,4738.6,4232,23,0
2026-05-07 10:00:00,4738.84,4750.14,4731.51,4749.04,5443,21,0
2026-05-07 10:15:00,4749.09,4750.46,4737.61,4739.49,5192,19,0
2026-05-07 10:30:00,4739.7,4743.76,4737.98,4742.75,4371,25,0
2026-05-07 10:45:00,4742.76,4744.14,4736.92,4742.42,4463,21,0
2026-05-07 11:00:00,4742.46,4753.44,4742.08,4742.39,5284,19,0
2026-05-07 11:15:00,4742.47,4742.79,4733.42,4739.97,4737,24,0
2026-05-07 11:30:00,4739.94,4741.56,4733.57,4734.8,4047,19,0
2026-05-07 11:45:00,4734.69,4736.91,4730.2,4730.87,4204,23,0
2026-05-07 12:00:00,4730.89,4735.97,4721.58,4733.77,4690,21,0
2026-05-07 12:15:00,4733.78,4738.34,4730.88,4734.98,4023,19,0
2026-05-07 12:30:00,4735.0,4739.06,4732.67,4737.58,3988,20,0
2026-05-07 12:45:00,4737.57,4738.71,4725.55,4727.81,4085,19,0
2026-05-07 13:00:00,4727.67,4734.84,4726.25,4734.84,4202,23,0
2026-05-07 13:15:00,4734.77,4735.88,4728.43,4732.18,3516,20,0
2026-05-07 13:30:00,4732.16,4739.49,4727.53,4738.76,3565,20,0
2026-05-07 13:45:00,4738.92,4739.37,4735.16,4735.66,3547,19,0
2026-05-07 14:00:00,4735.7,4737.01,4728.15,4729.77,3787,21,0
2026-05-07 14:15:00,4729.76,4736.46,4726.96,4732.37,4398,26,0
2026-05-07 14:30:00,4732.36,4737.86,4731.46,4736.59,4157,27,0
2026-05-07 14:45:00,4736.58,4743.31,4733.94,4742.75,4487,19,0
2026-05-07 15:00:00,4742.91,4746.07,4739.55,4743.3,5051,20,0
2026-05-07 15:15:00,4743.66,4746.92,4733.26,4738.28,4799,19,0
2026-05-07 15:30:00,4738.17,4751.72,4737.11,4751.61,4719,20,0
2026-05-07 15:45:00,4751.74,4752.63,4744.89,4749.18,4637,21,0
2026-05-07 16:00:00,4748.6,4748.6,4730.96,4733.19,5456,21,0
2026-05-07 16:15:00,4733.2,4746.54,4731.06,4744.43,4913,21,0
2026-05-07 16:30:00,4744.29,4757.95,4743.36,4748.83,5935,19,0
2026-05-07 16:45:00,4748.83,4749.09,4737.32,4747.22,5976,19,0
2026-05-07 17:00:00,4747.29,4753.82,4742.12,4751.78,5533,22,0
2026-05-07 17:15:00,4751.66,4759.39,4741.27,4757.25,5389,19,0
2026-05-07 17:30:00,4757.29,4758.86,4747.66,4751.42,5253,21,0
2026-05-07 17:45:00,4751.43,4763.39,4751.0,4762.66,5014,19,0
2026-05-07 18:00:00,4762.72,4764.74,4754.25,4754.55,5256,19,0
2026-05-07 18:15:00,4754.61,4756.13,4736.15,4740.5,5645,20,0
2026-05-07 18:30:00,4740.49,4746.69,4738.6,4738.71,5015,19,0
2026-05-07 18:45:00,4738.56,4739.7,4726.19,4728.76,5704,19,0
2026-05-07 19:00:00,4728.93,4729.19,4713.1,4715.14,6151,19,0
2026-05-07 19:15:00,4715.2,4722.72,4704.1,4719.96,6117,21,0
2026-05-07 19:30:00,4720.3,4720.76,4710.08,4711.01,5375,23,0
2026-05-07 19:45:00,4710.97,4717.79,4710.42,4715.1,5146,32,0
2026-05-07 20:00:00,4715.27,4719.26,4711.56,4714.35,4968,29,0
2026-05-07 20:15:00,4714.36,4719.01,4687.62,4698.28,5913,22,0
2026-05-07 20:30:00,4698.22,4705.86,4693.24,4699.53,5981,22,0
2026-05-07 20:45:00,4699.54,4712.45,4697.95,4712.39,5372,24,0
2026-05-07 21:00:00,4712.23,4712.23,4705.02,4708.27,4948,32,0
2026-05-07 21:15:00,4708.24,4713.06,4705.55,4713.03,4598,32,0
2026-05-07 21:30:00,4713.09,4716.02,4703.28,4705.83,4970,32,0
2026-05-07 21:45:00,4705.73,4711.29,4695.6,4710.38,5787,26,0
2026-05-07 22:00:00,4710.15,4712.85,4705.06,4710.01,5053,32,0
2026-05-07 22:15:00,4710.02,4710.94,4697.67,4705.16,5517,32,0
2026-05-07 22:30:00,4705.14,4712.07,4703.49,4709.72,4491,32,0
2026-05-07 22:45:00,4709.63,4710.79,4702.77,4703.35,4715,19,0
2026-05-07 23:00:00,4703.22,4719.07,4703.22,4711.97,4004,21,0
2026-05-07 23:15:00,4711.62,4714.24,4709.34,4713.04,2651,32,0
2026-05-07 23:30:00,4713.05,4715.65,4696.63,4702.9,3530,24,0
2026-05-07 23:45:00,4702.98,4703.98,4684.7,4687.02,3121,31,0
2026-05-08 01:00:00,4691.89,4697.75,4684.77,4691.0,1933,31,0
2026-05-08 01:15:00,4691.05,4699.06,4689.19,4693.98,3120,24,0
2026-05-08 01:30:00,4694.02,4695.11,4685.97,4687.13,3107,23,0
2026-05-08 01:45:00,4687.18,4688.33,4681.61,4685.47,2703,32,0
2026-05-08 02:00:00,4685.61,4693.89,4684.36,4691.94,2827,32,0
2026-05-08 02:15:00,4691.94,4698.39,4691.89,4696.78,2236,32,0
2026-05-08 02:30:00,4696.82,4699.11,4694.94,4697.94,2275,25,0
2026-05-08 02:45:00,4697.97,4705.54,4697.57,4704.43,3212,31,0
2026-05-08 03:00:00,4704.55,4709.36,4701.49,4702.37,3962,23,0
2026-05-08 03:15:00,4702.25,4705.56,4693.98,4697.55,4093,20,0
2026-05-08 03:30:00,4697.4,4708.11,4696.07,4705.11,3471,32,0
2026-05-08 03:45:00,4705.11,4705.78,4696.84,4702.51,3300,32,0
2026-05-08 04:00:00,4702.67,4719.17,4701.92,4714.03,4993,24,0
2026-05-08 04:15:00,4713.83,4718.33,4711.48,4712.5,3825,25,0
2026-05-08 04:30:00,4712.43,4715.07,4705.16,4710.8,4118,31,0
2026-05-08 04:45:00,4710.98,4725.71,4710.98,4722.67,4168,19,0
2026-05-08 05:00:00,4722.73,4732.85,4721.28,4724.14,4052,23,0
2026-05-08 05:15:00,4724.1,4724.47,4718.12,4721.37,3346,24,0
2026-05-08 05:30:00,4721.4,4723.48,4706.8,4710.19,4449,31,0
2026-05-08 05:45:00,4710.17,4717.5,4708.48,4713.2,3952,32,0
2026-05-08 06:00:00,4713.12,4719.99,4711.07,4719.88,3308,32,0
2026-05-08 06:15:00,4719.85,4722.56,4717.06,4720.18,2786,32,0
2026-05-08 06:30:00,4720.15,4730.93,4719.91,4724.9,3321,21,0
2026-05-08 06:45:00,4724.9,4725.18,4717.88,4719.43,2507,32,0
2026-05-08 07:00:00,4719.56,4723.18,4714.7,4714.8,2954,31,0
2026-05-08 07:15:00,4714.76,4718.16,4713.38,4717.39,2319,32,0
2026-05-08 07:30:00,4717.5,4718.29,4709.0,4711.98,2976,29,0
2026-05-08 07:45:00,4712.01,4716.41,4709.7,4711.03,2892,19,0
2026-05-08 08:00:00,4711.0,4716.19,4709.53,4712.17,2896,19,0
2026-05-08 08:15:00,4712.15,4720.2,4710.47,4719.61,2723,19,0
2026-05-08 08:30:00,4719.64,4727.1,4719.64,4724.51,4203,20,0
2026-05-08 08:45:00,4724.48,4731.04,4723.26,4727.76,3770,22,0
2026-05-08 09:00:00,4727.85,4730.4,4712.8,4722.68,4925,22,0
2026-05-08 09:15:00,4722.55,4734.37,4721.39,4733.94,4428,21,0
2026-05-08 09:30:00,4734.03,4734.25,4725.53,4729.0,4095,19,0
2026-05-08 09:45:00,4729.0,4729.51,4721.18,4725.48,3964,19,0
2026-05-08 10:00:00,4725.55,4726.27,4715.01,4715.01,4459,24,0
2026-05-08 10:15:00,4715.0,4718.35,4697.38,4705.71,5494,20,0
2026-05-08 10:30:00,4705.75,4711.64,4701.05,4708.14,4583,19,0
2026-05-08 10:45:00,4708.15,4713.37,4706.95,4708.13,4369,19,0
2026-05-08 11:00:00,4708.29,4713.06,4706.61,4711.42,4041,32,0
2026-05-08 11:15:00,4711.28,4722.44,4711.2,4717.05,4357,32,0
2026-05-08 11:30:00,4717.02,4723.01,4715.62,4715.62,3985,20,0
2026-05-08 11:45:00,4715.69,4718.92,4713.87,4715.19,3341,32,0
2026-05-08 12:00:00,4715.18,4719.54,4712.61,4718.44,3738,28,0
2026-05-08 12:15:00,4718.48,4722.47,4717.49,4717.95,3663,20,0
2026-05-08 12:30:00,4718.0,4718.56,4709.6,4713.6,4092,22,0
2026-05-08 12:45:00,4713.58,4714.39,4708.39,4712.84,3884,21,0
2026-05-08 13:00:00,4712.84,4719.63,4712.23,4719.58,3286,19,0
2026-05-08 13:15:00,4719.62,4724.7,4718.2,4721.27,3360,20,0
2026-05-08 13:30:00,4721.21,4727.87,4720.7,4724.4,3646,19,0
2026-05-08 13:45:00,4724.41,4724.46,4715.25,4720.23,3763,26,0
2026-05-08 14:00:00,4720.4,4727.29,4718.79,4721.62,4208,23,0
2026-05-08 14:15:00,4721.64,4725.69,4720.02,4723.95,3507,32,0
2026-05-08 14:30:00,4724.19,4725.78,4720.83,4720.95,3492,32,0
2026-05-08 14:45:00,4720.96,4721.32,4713.52,4717.9,4016,21,0
2026-05-08 15:00:00,4718.01,4719.69,4703.91,4704.16,4669,19,0
2026-05-08 15:15:00,4704.12,4710.62,4702.7,4709.98,4354,21,0
2026-05-08 15:30:00,4710.16,4730.51,4702.34,4723.91,5950,22,0
2026-05-08 15:45:00,4723.83,4731.95,4719.21,4722.94,5483,22,0
2026-05-08 16:00:00,4723.27,4728.95,4716.29,4719.99,5629,21,0
2026-05-08 16:15:00,4720.01,4728.09,4719.37,4726.93,4844,20,0
2026-05-08 16:30:00,4726.76,4744.15,4726.76,4739.06,6223,19,0
2026-05-08 16:45:00,4738.78,4748.57,4735.38,4748.57,5638,19,0
2026-05-08 17:00:00,4748.56,4749.8,4718.57,4731.28,6140,20,0
2026-05-08 17:15:00,4731.32,4733.94,4718.16,4719.01,5731,19,0
2026-05-08 17:30:00,4718.64,4725.65,4713.96,4722.15,5732,25,0
2026-05-08 17:45:00,4722.14,4724.69,4713.51,4715.39,5544,20,0
2026-05-08 18:00:00,4715.42,4720.76,4706.29,4707.73,5479,20,0
2026-05-08 18:15:00,4707.73,4713.42,4704.43,4713.42,5518,21,0
2026-05-08 18:30:00,4713.52,4714.9,4703.89,4706.29,5369,20,0
2026-05-08 18:45:00,4706.18,4711.1,4701.94,4707.21,4840,19,0
2026-05-08 19:00:00,4707.37,4712.53,4705.43,4711.5,4246,21,0
2026-05-08 19:15:00,4711.49,4717.82,4711.4,4717.82,3833,30,0
2026-05-08 19:30:00,4717.74,4720.33,4713.49,4714.09,3869,31,0
2026-05-08 19:45:00,4714.17,4716.48,4711.41,4712.59,3714,20,0
2026-05-08 20:00:00,4712.55,4716.58,4712.26,4715.47,3389,26,0
2026-05-08 20:15:00,4715.46,4722.39,4715.36,4721.07,3393,24,0
2026-05-08 20:30:00,4721.08,4722.17,4719.33,4721.1,2896,19,0
2026-05-08 20:45:00,4721.23,4723.12,4719.64,4721.45,2829,31,0
2026-05-08 21:00:00,4721.4,4728.64,4720.89,4727.89,3759,19,0
2026-05-08 21:15:00,4727.89,4729.01,4724.07,4725.24,2893,32,0
2026-05-08 21:30:00,4725.26,4726.51,4723.97,4724.3,2660,28,0
2026-05-08 21:45:00,4724.25,4724.79,4720.03,4721.33,3177,21,0
2026-05-08 22:00:00,4721.32,4725.87,4721.01,4723.57,2719,32,0
2026-05-08 22:15:00,4723.58,4725.17,4723.36,4723.8,1864,32,0
2026-05-08 22:30:00,4723.81,4726.89,4721.9,4725.42,2667,32,0
2026-05-08 22:45:00,4725.44,4726.01,4723.07,4724.11,2963,32,0
2026-05-08 23:00:00,4724.13,4724.22,4717.29,4718.8,1978,19,0
2026-05-08 23:15:00,4718.77,4719.36,4715.02,4717.01,1998,32,0
2026-05-08 23:30:00,4717.01,4719.18,4715.62,4716.62,1693,32,0
2026-05-08 23:45:00,4716.63,4716.66,4713.03,4713.93,1452,32,0
2026-05-11 01:00:00,4685.51,4694.64,4678.67,4687.28,2449,32,0
2026-05-11 01:15:00,4687.26,4696.27,4682.04,4694.5,3382,20,0
2026-05-11 01:30:00,4694.2,4694.25,4686.99,4690.98,2893,21,0
2026-05-11 01:45:00,4690.97,4694.48,4689.89,4691.87,2412,31,0
2026-05-11 02:00:00,4691.88,4697.04,4688.85,4690.04,2996,31,0
2026-05-11 02:15:00,4690.18,4697.08,4688.98,4694.51,2547,23,0
2026-05-11 02:30:00,4694.5,4698.27,4694.49,4697.03,2496,20,0
2026-05-11 02:45:00,4697.02,4697.57,4689.06,4690.4,3128,31,0
2026-05-11 03:00:00,4690.41,4690.42,4679.15,4681.37,4646,19,0
2026-05-11 03:15:00,4681.51,4685.53,4674.53,4682.55,4166,27,0
2026-05-11 03:30:00,4682.99,4692.31,4682.99,4688.9,3882,31,0
2026-05-11 03:45:00,4688.83,4692.65,4670.34,4683.62,4718,21,0
2026-05-11 04:00:00,4683.38,4699.38,4674.29,4692.01,5894,19,0
2026-05-11 04:15:00,4692.06,4705.34,4689.48,4698.96,4897,19,0
2026-05-11 04:30:00,4698.96,4701.6,4690.86,4694.28,4796,32,0
2026-05-11 04:45:00,4694.27,4695.84,4679.75,4685.48,4585,25,0
2026-05-11 05:00:00,4685.45,4692.71,4678.41,4685.77,4770,25,0
2026-05-11 05:15:00,4685.71,4688.42,4682.55,4688.19,3198,32,0
2026-05-11 05:30:00,4688.17,4699.99,4687.64,4688.32,4367,23,0
2026-05-11 05:45:00,4688.29,4693.37,4676.02,4680.69,4558,31,0
2026-05-11 06:00:00,4680.53,4688.37,4673.97,4685.7,4096,32,0
2026-05-11 06:15:00,4685.76,4689.44,4682.69,4688.64,3813,31,0
2026-05-11 06:30:00,4688.76,4689.54,4681.46,4687.02,3311,29,0
2026-05-11 06:45:00,4687.0,4687.0,4676.11,4677.84,2923,19,0
2026-05-11 07:00:00,4677.81,4678.94,4672.85,4676.49,3536,20,0
2026-05-11 07:15:00,4676.52,4677.73,4668.95,4670.79,3147,19,0
2026-05-11 07:30:00,4670.65,4673.56,4667.42,4671.99,3342,21,0
2026-05-11 07:45:00,4671.82,4674.92,4670.72,4671.06,2571,20,0
2026-05-11 08:00:00,4671.04,4675.06,4669.73,4672.39,3026,21,0
2026-05-11 08:15:00,4672.34,4674.3,4669.81,4669.81,2634,27,0
2026-05-11 08:30:00,4669.69,4679.79,4661.33,4662.99,4462,21,0
2026-05-11 08:45:00,4663.02,4663.04,4647.03,4651.38,5151,21,0
2026-05-11 09:00:00,4651.33,4666.13,4648.27,4664.44,4783,32,0
2026-05-11 09:15:00,4664.45,4669.92,4663.83,4666.52,4189,28,0
2026-05-11 09:30:00,4666.6,4674.81,4666.45,4673.56,4026,23,0
2026-05-11 09:45:00,4673.59,4679.58,4670.73,4677.59,4151,19,0
2026-05-11 10:00:00,4678.09,4679.57,4673.76,4675.24,3928,25,0
2026-05-11 10:15:00,4675.27,4677.34,4671.4,4675.03,3559,32,0
2026-05-11 10:30:00,4674.87,4677.33,4670.98,4671.34,3211,21,0
2026-05-11 10:45:00,4671.28,4672.16,4663.63,4666.89,3651,22,0
2026-05-11 11:00:00,4666.89,4672.73,4663.37,4671.16,4214,19,0
2026-05-11 11:15:00,4671.15,4677.85,4670.91,4670.96,4066,24,0
2026-05-11 11:30:00,4670.87,4674.49,4668.35,4669.51,3674,23,0
2026-05-11 11:45:00,4669.56,4670.61,4665.89,4666.62,3128,22,0
2026-05-11 12:00:00,4666.68,4669.01,4664.25,4666.6,3170,32,0
2026-05-11 12:15:00,4666.61,4666.63,4655.96,4656.71,3533,23,0
2026-05-11 12:30:00,4656.73,4662.58,4649.68,4661.81,4321,23,0
2026-05-11 12:45:00,4661.82,4663.73,4655.23,4655.73,3576,27,0
2026-05-11 13:00:00,4655.59,4661.91,4655.39,4661.55,3364,20,0
2026-05-11 13:15:00,4661.56,4664.68,4659.39,4662.32,3011,19,0
2026-05-11 13:30:00,4662.34,4665.66,4659.47,4662.43,3423,30,0
2026-05-11 13:45:00,4662.53,4666.47,4660.41,4663.0,3351,19,0
2026-05-11 14:00:00,4663.04,4671.37,4663.04,4668.48,3934,19,0
2026-05-11 14:15:00,4668.51,4671.06,4666.5,4670.9,3147,20,0
2026-05-11 14:30:00,4670.91,4676.62,4669.29,4673.65,4037,19,0
2026-05-11 14:45:00,4673.65,4674.23,4669.37,4673.56,3529,29,0
2026-05-11 15:00:00,4674.03,4674.94,4666.36,4667.42,4119,26,0
2026-05-11 15:15:00,4667.45,4694.46,4666.55,4689.72,5284,20,0
2026-05-11 15:30:00,4689.8,4697.4,4688.12,4691.24,5014,20,0
2026-05-11 15:45:00,4691.18,4700.2,4685.4,4699.23,4998,19,0
2026-05-11 16:00:00,4699.25,4721.03,4697.98,4720.18,5902,19,0
2026-05-11 16:15:00,4720.08,4735.13,4719.79,4727.89,5879,20,0
2026-05-11 16:30:00,4727.92,4745.1,4727.84,4743.17,6229,21,0
2026-05-11 16:45:00,4743.22,4748.16,4734.1,4735.59,5713,19,0
2026-05-11 17:00:00,4735.6,4737.81,4718.0,4730.1,5760,20,0
2026-05-11 17:15:00,4730.15,4733.05,4723.84,4724.34,5173,19,0
2026-05-11 17:30:00,4724.38,4732.8,4714.71,4731.86,5782,20,0
2026-05-11 17:45:00,4731.84,4733.22,4723.24,4724.86,4998,19,0
2026-05-11 18:00:00,4724.85,4731.13,4722.21,4727.83,4726,23,0
2026-05-11 18:15:00,4727.96,4737.56,4726.7,4732.19,4713,22,0
2026-05-11 18:30:00,4732.18,4734.16,4726.32,4726.74,4308,27,0
2026-05-11 18:45:00,4726.82,4732.16,4724.62,4731.58,4004,22,0
2026-05-11 19:00:00,4731.6,4732.72,4726.41,4727.16,3403,19,0
2026-05-11 19:15:00,4727.18,4727.56,4721.75,4723.23,3719,21,0
2026-05-11 19:30:00,4723.19,4725.44,4707.38,4710.76,4382,25,0
2026-05-11 19:45:00,4710.64,4716.06,4708.63,4715.61,4446,32,0
2026-05-11 20:00:00,4715.54,4719.15,4715.08,4717.67,4085,32,0
2026-05-11 20:15:00,4717.71,4721.08,4716.48,4717.55,3652,19,0
2026-05-11 20:30:00,4717.54,4723.76,4717.07,4723.18,3352,19,0
2026-05-11 20:45:00,4723.2,4723.91,4721.22,4723.08,2676,32,0
2026-05-11 21:00:00,4723.07,4726.51,4721.67,4723.06,3403,32,0
2026-05-11 21:15:00,4723.04,4727.07,4720.74,4726.47,3507,22,0
2026-05-11 21:30:00,4726.24,4728.86,4725.17,4726.22,2854,32,0
2026-05-11 21:45:00,4726.29,4728.71,4724.42,4724.53,2975,32,0
2026-05-11 22:00:00,4724.5,4728.08,4723.47,4724.31,3556,32,0
2026-05-11 22:15:00,4724.35,4725.0,4722.72,4723.75,2446,23,0
2026-05-11 22:30:00,4723.74,4728.05,4721.83,4726.47,2589,22,0
2026-05-11 22:45:00,4726.49,4735.36,4726.49,4732.77,3475,19,0
2026-05-11 23:00:00,4732.8,4737.01,4729.58,4734.43,2651,19,0
2026-05-11 23:15:00,4734.46,4734.77,4732.85,4734.66,1610,32,0
2026-05-11 23:30:00,4734.64,4737.82,4734.26,4736.8,1272,22,0
2026-05-11 23:45:00,4736.75,4736.95,4730.39,4732.98,1460,32,0
2026-05-12 01:00:00,4738.72,4741.53,4737.24,4738.56,1392,32,0
2026-05-12 01:15:00,4738.41,4741.45,4736.74,4739.2,1845,32,0
2026-05-12 01:30:00,4739.19,4744.35,4738.28,4744.17,1972,21,0
2026-05-12 01:45:00,4744.1,4754.29,4743.48,4750.19,2878,19,0
2026-05-12 02:00:00,4750.23,4753.8,4745.8,4750.91,3037,20,0
2026-05-12 02:15:00,4750.88,4754.67,4750.74,4752.9,2757,32,0
2026-05-12 02:30:00,4752.89,4759.34,4751.49,4756.0,3239,20,0
2026-05-12 02:45:00,4755.91,4769.74,4755.49,4767.21,3761,23,0
2026-05-12 03:00:00,4767.08,4769.33,4758.58,4766.86,4534,24,0
2026-05-12 03:15:00,4766.89,4773.72,4753.22,4762.18,4349,19,0
2026-05-12 03:30:00,4762.16,4763.78,4757.45,4757.86,3399,32,0
2026-05-12 03:45:00,4758.17,4761.8,4748.43,4749.1,3792,20,0
2026-05-12 04:00:00,4749.06,4755.56,4742.39,4746.29,5586,30,0
2026-05-12 04:15:00,4746.28,4751.43,4733.87,4735.12,5186,21,0
2026-05-12 04:30:00,4735.14,4738.81,4720.33,4729.26,5471,26,0
2026-05-12 04:45:00,4729.27,4731.29,4723.95,4726.96,5105,31,0
2026-05-12 05:00:00,4726.99,4733.85,4725.37,4731.42,4693,32,0
2026-05-12 05:15:00,4731.28,4731.49,4724.51,4726.87,3782,20,0
2026-05-12 05:30:00,4726.85,4731.74,4722.14,4731.59,4675,32,0
2026-05-12 05:45:00,4731.58,4733.28,4727.04,4730.06,4416,31,0
2026-05-12 06:00:00,4729.97,4733.02,4727.01,4730.86,3971,21,0
2026-05-12 06:15:00,4730.85,4731.15,4722.72,4723.72,3897,32,0
2026-05-12 06:30:00,4723.77,4727.88,4723.73,4723.9,3011,20,0
2026-05-12 06:45:00,4723.88,4724.36,4718.09,4720.1,3144,32,0
2026-05-12 07:00:00,4720.07,4723.28,4719.66,4721.77,2847,32,0
2026-05-12 07:15:00,4721.75,4730.42,4721.5,4722.45,3385,26,0
2026-05-12 07:30:00,4722.44,4726.33,4721.32,4724.61,2708,32,0
2026-05-12 07:45:00,4724.57,4725.1,4711.23,4714.23,4131,22,0
2026-05-12 08:00:00,4714.14,4718.51,4708.5,4712.27,4109,19,0
2026-05-12 08:15:00,4712.2,4716.73,4712.2,4715.13,3379,32,0
2026-05-12 08:30:00,4715.12,4721.88,4712.98,4715.15,4540,22,0
2026-05-12 08:45:00,4715.01,4719.69,4710.02,4714.32,4507,19,0
2026-05-12 09:00:00,4714.13,4714.36,4702.89,4704.98,5133,20,0
2026-05-12 09:15:00,4704.94,4706.78,4694.99,4695.8,4563,19,0
2026-05-12 09:30:00,4696.43,4704.74,4695.04,4702.24,4268,22,0
2026-05-12 09:45:00,4702.17,4704.06,4694.12,4696.73,4903,21,0
2026-05-12 10:00:00,4696.64,4697.92,4687.35,4695.68,5203,21,0
2026-05-12 10:15:00,4695.67,4699.5,4693.64,4697.73,4223,32,0
2026-05-12 10:30:00,4697.75,4702.3,4695.47,4700.18,4228,21,0
2026-05-12 10:45:00,4700.19,4703.52,4697.54,4699.75,3890,20,0
2026-05-12 11:00:00,4699.61,4706.53,4698.74,4699.05,3883,21,0
2026-05-12 11:15:00,4699.72,4704.04,4697.12,4702.79,3732,32,0
2026-05-12 11:30:00,4702.77,4704.21,4697.86,4699.82,3692,20,0
2026-05-12 11:45:00,4699.71,4706.41,4698.72,4703.2,3785,28,0
2026-05-12 12:00:00,4702.95,4703.17,4697.51,4697.51,3673,23,0
2026-05-12 12:15:00,4697.51,4702.0,4697.14,4699.36,3581,32,0
2026-05-12 12:30:00,4699.38,4704.98,4694.35,4695.17,4286,20,0
2026-05-12 12:45:00,4695.2,4701.4,4694.09,4699.25,3889,32,0
2026-05-12 13:00:00,4699.22,4708.19,4698.44,4704.64,3836,22,0
2026-05-12 13:15:00,4704.58,4705.23,4698.78,4699.87,3531,20,0
2026-05-12 13:30:00,4699.88,4699.94,4684.79,4690.49,4780,22,0
2026-05-12 13:45:00,4690.9,4694.21,4689.5,4694.21,3834,21,0
2026-05-12 14:00:00,4694.13,4697.85,4686.76,4691.45,5021,19,0
2026-05-12 14:15:00,4691.33,4700.21,4691.29,4699.99,4132,19,0
2026-05-12 14:30:00,4699.95,4705.92,4697.64,4704.22,4158,21,0
2026-05-12 14:45:00,4704.24,4709.21,4702.6,4706.51,4045,19,0
2026-05-12 15:00:00,4706.49,4708.08,4698.4,4705.54,4664,19,0
2026-05-12 15:15:00,4705.49,4708.23,4694.98,4697.31,4531,20,0
2026-05-12 15:30:00,4697.31,4708.57,4689.42,4702.52,5841,19,0
2026-05-12 15:45:00,4702.58,4711.42,4700.52,4705.55,5370,22,0
2026-05-12 16:00:00,4705.27,4709.1,4687.07,4688.57,5717,21,0
2026-05-12 16:15:00,4688.67,4695.14,4678.87,4690.58,5723,21,0
2026-05-12 16:30:00,4690.54,4701.63,4683.38,4699.18,6434,32,0
2026-05-12 16:45:00,4699.19,4701.31,4676.62,4679.34,6394,19,0
2026-05-12 17:00:00,4679.22,4694.78,4675.64,4692.66,6153,22,0
2026-05-12 17:15:00,4692.79,4693.91,4682.26,4683.1,5802,29,0
2026-05-12 17:30:00,4683.09,4687.7,4671.18,4685.51,6116,31,0
2026-05-12 17:45:00,4685.43,4685.43,4669.46,4672.44,6055,23,0
2026-05-12 18:00:00,4672.24,4675.85,4663.85,4664.29,6028,20,0
2026-05-12 18:15:00,4664.34,4665.97,4637.77,4655.52,6540,22,0
2026-05-12 18:30:00,4655.62,4667.61,4653.89,4665.46,5890,22,0
2026-05-12 18:45:00,4665.45,4670.03,4664.34,4666.02,5412,21,0
2026-05-12 19:00:00,4666.03,4673.01,4664.23,4671.72,5133,32,0
2026-05-12 19:15:00,4671.73,4674.86,4666.13,4668.15,4688,19,0
2026-05-12 19:30:00,4668.25,4671.53,4665.2,4669.64,4604,20,0
2026-05-12 19:45:00,4669.65,4674.15,4666.59,4671.16,4486,32,0
2026-05-12 20:00:00,4671.19,4679.47,4671.17,4677.01,4645,23,0
2026-05-12 20:15:00,4677.02,4682.3,4676.79,4679.2,4577,22,0
2026-05-12 20:30:00,4679.13,4680.49,4676.13,4679.53,3881,19,0
2026-05-12 20:45:00,4679.5,4680.45,4677.59,4678.6,3508,31,0
2026-05-12 21:00:00,4678.56,4683.28,4676.14,4681.21,4318,26,0
2026-05-12 21:15:00,4681.26,4687.59,4679.93,4685.15,4088,27,0
2026-05-12 21:30:00,4685.04,4697.38,4684.61,4695.21,4269,30,0
2026-05-12 21:45:00,4695.17,4697.96,4690.54,4695.97,4313,26,0
2026-05-12 22:00:00,4696.13,4702.31,4696.13,4699.83,3957,19,0
2026-05-12 22:15:00,4699.84,4704.51,4699.05,4703.48,3762,31,0
2026-05-12 22:30:00,4703.49,4710.48,4703.49,4709.45,3941,19,0
2026-05-12 22:45:00,4709.37,4715.82,4709.13,4715.7,3947,21,0
2026-05-12 23:00:00,4715.67,4719.01,4712.03,4713.34,3083,21,0
2026-05-12 23:15:00,4713.35,4716.22,4712.4,4713.15,2012,31,0
2026-05-12 23:30:00,4713.14,4715.53,4712.19,4714.81,1821,23,0
2026-05-12 23:45:00,4714.82,4715.64,4711.96,4713.67,1715,32,0
2026-05-13 01:00:00,4718.46,4718.55,4709.35,4714.66,606,33,0
2026-05-13 01:15:00,4714.66,4719.39,4712.95,4717.1,1715,21,0
2026-05-13 01:30:00,4717.1,4720.44,4714.3,4716.47,1516,20,0
2026-05-13 01:45:00,4716.46,4722.45,4716.43,4716.91,1984,19,0
2026-05-13 02:00:00,4716.92,4723.06,4715.83,4717.78,2724,19,0
2026-05-13 02:15:00,4717.75,4724.25,4717.49,4720.46,2566,31,0
2026-05-13 02:30:00,4720.49,4721.81,4716.56,4721.18,3013,31,0
2026-05-13 02:45:00,4721.16,4723.46,4715.38,4717.05,3574,32,0
2026-05-13 03:00:00,4717.22,4727.04,4714.93,4720.38,4609,19,0
2026-05-13 03:15:00,4720.37,4726.16,4720.12,4722.55,4218,32,0
2026-05-13 03:30:00,4722.58,4725.23,4717.22,4720.33,3808,32,0
2026-05-13 03:45:00,4720.28,4720.42,4714.16,4714.5,3777,30,0
2026-05-13 04:00:00,4714.49,4717.1,4707.35,4709.54,5024,31,0
2026-05-13 04:15:00,4709.54,4710.66,4702.86,4704.49,4669,20,0
2026-05-13 04:30:00,4704.48,4710.45,4701.64,4708.77,4680,31,0
2026-05-13 04:45:00,4708.75,4710.92,4700.92,4702.47,3971,32,0
2026-05-13 05:00:00,4702.31,4707.56,4698.79,4701.57,4139,24,0
2026-05-13 05:15:00,4701.47,4704.1,4698.24,4700.19,3268,25,0
2026-05-13 05:30:00,4700.31,4700.41,4693.93,4694.41,4122,32,0
2026-05-13 05:45:00,4694.37,4697.05,4687.6,4691.65,4458,31,0
2026-05-13 06:00:00,4691.58,4694.2,4688.77,4692.25,3953,31,0
2026-05-13 06:15:00,4692.23,4700.73,4691.02,4700.69,3591,32,0
2026-05-13 06:30:00,4700.67,4705.83,4699.71,4703.84,3232,21,0
2026-05-13 06:45:00,4703.91,4704.86,4694.33,4695.95,3431,32,0
2026-05-13 07:00:00,4695.9,4698.86,4695.46,4698.24,2920,32,0
2026-05-13 07:15:00,4698.25,4703.35,4697.93,4701.37,2771,32,0
2026-05-13 07:30:00,4701.36,4703.51,4697.24,4698.51,2705,32,0
2026-05-13 07:45:00,4698.53,4701.75,4698.17,4699.52,2720,25,0
2026-05-13 08:00:00,4699.6,4707.37,4698.38,4705.21,3553,29,0
2026-05-13 08:15:00,4705.22,4705.45,4697.61,4697.77,3428,19,0
2026-05-13 08:30:00,4698.06,4702.45,4693.85,4696.88,4615,32,0
2026-05-13 08:45:00,4696.9,4705.41,4696.33,4704.0,4040,32,0
2026-05-13 09:00:00,4704.23,4712.68,4703.39,4710.73,4340,19,0
2026-05-13 09:15:00,4710.74,4715.39,4706.76,4708.67,4421,19,0
2026-05-13 09:30:00,4708.64,4713.68,4707.65,4711.4,4133,19,0
2026-05-13 09:45:00,4711.66,4712.28,4698.89,4701.21,4256,19,0
2026-05-13 10:00:00,4701.14,4705.13,4696.64,4702.35,4375,23,0
2026-05-13 10:15:00,4702.29,4708.69,4702.12,4707.56,3784,20,0
2026-05-13 10:30:00,4707.58,4707.88,4703.07,4703.64,3331,32,0
2026-05-13 10:45:00,4703.68,4704.75,4701.08,4702.6,3799,23,0
2026-05-13 11:00:00,4702.58,4704.19,4698.55,4700.07,3966,20,0
2026-05-13 11:15:00,4700.08,4701.0,4694.78,4697.1,3684,31,0
2026-05-13 11:30:00,4697.11,4699.78,4694.64,4695.89,3278,21,0
2026-05-13 11:45:00,4695.88,4702.84,4694.78,4700.4,3604,25,0
2026-05-13 12:00:00,4700.42,4701.64,4693.25,4694.43,4046,22,0
2026-05-13 12:15:00,4694.33,4694.96,4685.51,4688.14,4129,19,0
2026-05-13 12:30:00,4688.06,4694.32,4685.85,4693.65,4195,21,0
2026-05-13 12:45:00,4693.66,4700.96,4692.9,4700.77,3475,19,0
2026-05-13 13:00:00,4700.9,4710.35,4698.61,4702.35,4265,19,0
2026-05-13 13:15:00,4702.33,4705.57,4698.7,4699.46,4059,19,0
2026-05-13 13:30:00,4699.45,4699.88,4693.82,4695.62,3816,31,0
2026-05-13 13:45:00,4695.62,4696.77,4693.4,4694.3,3426,20,0
2026-05-13 14:00:00,4694.36,4699.06,4691.43,4698.68,4060,23,0
2026-05-13 14:15:00,4698.68,4700.43,4695.9,4698.48,3894,19,0
2026-05-13 14:30:00,4698.49,4704.98,4697.95,4703.4,3982,27,0
2026-05-13 14:45:00,4703.4,4705.33,4696.85,4697.25,3763,19,0
2026-05-13 15:00:00,4697.15,4701.33,4693.42,4693.65,4211,24,0
2026-05-13 15:15:00,4693.68,4694.08,4683.12,4686.99,5043,21,0
2026-05-13 15:30:00,4686.75,4686.94,4675.72,4683.07,6037,20,0
2026-05-13 15:45:00,4683.05,4685.1,4677.29,4683.72,5268,19,0
2026-05-13 16:00:00,4683.52,4690.95,4683.49,4689.65,5109,19,0
2026-05-13 16:15:00,4689.75,4694.62,4686.31,4687.49,4849,20,0
2026-05-13 16:30:00,4687.38,4690.64,4672.91,4678.35,6371,20,0
2026-05-13 16:45:00,4678.33,4682.83,4668.94,4679.09,6317,21,0
2026-05-13 17:00:00,4678.82,4683.08,4672.76,4681.09,6163,19,0
2026-05-13 17:15:00,4680.95,4685.2,4673.43,4683.77,5647,20,0
2026-05-13 17:30:00,4683.61,4690.87,4682.8,4684.11,5493,19,0
2026-05-13 17:45:00,4684.08,4684.96,4677.61,4678.97,5616,19,0
2026-05-13 18:00:00,4678.88,4690.71,4678.88,4687.46,5166,27,0
2026-05-13 18:15:00,4687.37,4691.96,4685.09,4691.23,4664,32,0
2026-05-13 18:30:00,4691.08,4699.9,4687.14,4699.51,4874,32,0
2026-05-13 18:45:00,4699.4,4699.52,4694.56,4695.31,4281,19,0
2026-05-13 19:00:00,4695.25,4702.97,4695.2,4701.92,4361,21,0
2026-05-13 19:15:00,4702.0,4709.97,4698.61,4706.32,4716,19,0
2026-05-13 19:30:00,4706.48,4707.79,4699.8,4700.04,4419,18,0
2026-05-13 19:45:00,4700.01,4701.45,4694.97,4695.72,3930,19,0
2026-05-13 20:00:00,4695.73,4700.95,4695.72,4699.47,3668,19,0
2026-05-13 20:15:00,4699.44,4701.3,4696.55,4698.24,3775,22,0
2026-05-13 20:30:00,4698.27,4698.38,4690.07,4691.73,4033,19,0
2026-05-13 20:45:00,4691.66,4694.2,4684.47,4684.54,3947,31,0
2026-05-13 21:00:00,4684.44,4692.7,4684.39,4692.54,3422,19,0
2026-05-13 21:15:00,4692.53,4694.09,4688.75,4691.75,3348,32,0
2026-05-13 21:30:00,4691.73,4692.71,4685.75,4686.13,3091,21,0
2026-05-13 21:45:00,4686.14,4687.55,4677.71,4684.66,4050,23,0
2026-05-13 22:00:00,4684.7,4688.91,4683.28,4688.78,2790,32,0
2026-05-13 22:15:00,4688.78,4690.35,4686.61,4687.25,3082,32,0
2026-05-13 22:30:00,4687.27,4689.02,4684.43,4688.38,2903,32,0
2026-05-13 22:45:00,4688.37,4689.31,4683.8,4688.34,3536,32,0
2026-05-13 23:00:00,4688.35,4691.11,4685.95,4690.76,2221,19,0
2026-05-13 23:15:00,4690.81,4693.4,4690.14,4691.23,1693,32,0
2026-05-13 23:30:00,4691.22,4692.85,4689.22,4690.61,1573,32,0
2026-05-13 23:45:00,4690.54,4690.98,4686.45,4687.27,1413,32,0
2026-05-14 01:00:00,4692.04,4692.48,4688.41,4691.3,1250,32,0
2026-05-14 01:15:00,4691.29,4697.48,4690.82,4697.22,2034,23,0
2026-05-14 01:30:00,4697.09,4700.4,4695.44,4699.02,1830,32,0
2026-05-14 01:45:00,4699.09,4700.51,4696.58,4699.89,1784,32,0
2026-05-14 02:00:00,4699.8,4702.08,4699.03,4701.05,1810,32,0
2026-05-14 02:15:00,4700.92,4701.33,4696.78,4697.04,1701,32,0
2026-05-14 02:30:00,4696.97,4697.53,4694.37,4694.68,2178,32,0
2026-05-14 02:45:00,4694.94,4697.01,4693.14,4696.9,2270,21,0
2026-05-14 03:00:00,4696.5,4698.99,4689.55,4697.38,3787,20,0
2026-05-14 03:15:00,4697.38,4705.15,4697.34,4701.47,4181,32,0
2026-05-14 03:30:00,4701.46,4703.2,4692.68,4699.95,4106,32,0
2026-05-14 03:45:00,4699.97,4706.64,4699.29,4705.59,3772,27,0
2026-05-14 04:00:00,4705.53,4706.9,4684.32,4688.75,6095,19,0
2026-05-14 04:15:00,4688.76,4694.98,4687.43,4692.57,4844,19,0
2026-05-14 04:30:00,4692.7,4694.67,4683.64,4688.57,5241,32,0
2026-05-14 04:45:00,4688.58,4694.7,4683.48,4688.49,5041,32,0
2026-05-14 05:00:00,4688.53,4693.82,4686.59,4688.19,4757,32,0
2026-05-14 05:15:00,4688.02,4693.97,4686.99,4693.42,3458,20,0
2026-05-14 05:30:00,4693.47,4699.51,4689.6,4691.84,4556,32,0
2026-05-14 05:45:00,4691.8,4693.32,4679.87,4686.25,5039,20,0
2026-05-14 06:00:00,4686.34,4689.97,4681.43,4682.82,4691,32,0
2026-05-14 06:15:00,4682.88,4693.26,4681.43,4691.31,4326,32,0
2026-05-14 06:30:00,4691.33,4691.7,4676.76,4677.41,3920,30,0
2026-05-14 06:45:00,4677.39,4678.9,4674.89,4675.85,3486,32,0
2026-05-14 07:00:00,4675.76,4683.28,4668.97,4682.93,4391,31,0
2026-05-14 07:15:00,4682.95,4708.29,4682.63,4703.18,4361,32,0
2026-05-14 07:30:00,4703.18,4713.14,4702.45,4705.06,4087,32,0
2026-05-14 07:45:00,4705.04,4706.88,4702.55,4702.74,3280,20,0
2026-05-14 08:00:00,4702.8,4704.25,4699.93,4700.14,3611,32,0
2026-05-14 08:15:00,4700.12,4700.49,4693.47,4693.56,3916,22,0
2026-05-14 08:30:00,4693.58,4701.58,4693.5,4697.52,4946,32,0
2026-05-14 08:45:00,4697.51,4703.29,4689.26,4689.26,4945,20,0
2026-05-14 09:00:00,4688.69,4694.58,4686.01,4687.87,4943,28,0
2026-05-14 09:15:00,4687.86,4692.88,4686.38,4691.38,4346,32,0
2026-05-14 09:30:00,4691.37,4699.51,4690.69,4698.7,4142,22,0
2026-05-14 09:45:00,4698.66,4702.39,4695.03,4699.43,4860,20,0
2026-05-14 10:00:00,4699.29,4702.41,4694.65,4695.51,4424,24,0
2026-05-14 10:15:00,4695.5,4706.91,4694.97,4706.05,4155,32,0
2026-05-14 10:30:00,4706.02,4718.71,4702.99,4708.66,4933,19,0
2026-05-14 10:45:00,4708.58,4710.05,4690.81,4692.62,4791,19,0
2026-05-14 11:00:00,4692.61,4700.96,4692.13,4699.12,4499,32,0
2026-05-14 11:15:00,4699.32,4704.74,4697.93,4703.24,4377,26,0
2026-05-14 11:30:00,4703.14,4706.61,4695.83,4697.13,4642,23,0
2026-05-14 11:45:00,4697.16,4697.77,4692.76,4693.22,4123,20,0
2026-05-14 12:00:00,4693.16,4697.9,4690.3,4693.9,4121,19,0
2026-05-14 12:15:00,4693.82,4696.6,4690.68,4690.75,3569,32,0
2026-05-14 12:30:00,4690.92,4696.96,4688.45,4696.13,4449,27,0
2026-05-14 12:45:00,4696.16,4702.26,4695.84,4699.57,4246,19,0
2026-05-14 13:00:00,4699.35,4705.34,4695.9,4697.5,3988,19,0
2026-05-14 13:15:00,4697.58,4698.35,4693.87,4697.51,4038,32,0
2026-05-14 13:30:00,4697.74,4697.95,4692.19,4693.92,3599,21,0
2026-05-14 13:45:00,4693.97,4697.43,4691.06,4696.8,4026,20,0
2026-05-14 14:00:00,4696.54,4698.87,4692.76,4697.38,3826,20,0
2026-05-14 14:15:00,4697.12,4697.48,4689.45,4692.04,3487,22,0
2026-05-14 14:30:00,4692.07,4697.13,4690.62,4695.36,3602,24,0
2026-05-14 14:45:00,4695.4,4704.79,4693.22,4693.22,4656,20,0
2026-05-14 15:00:00,4693.46,4703.74,4692.36,4703.5,4712,19,0
2026-05-14 15:15:00,4703.48,4707.62,4698.86,4703.03,4310,32,0
2026-05-14 15:30:00,4703.03,4710.04,4697.89,4697.89,5290,21,0
2026-05-14 15:45:00,4697.75,4706.28,4696.08,4705.6,4626,32,0
2026-05-14 16:00:00,4705.84,4707.52,4696.13,4704.05,5292,22,0
2026-05-14 16:15:00,4704.07,4704.47,4687.27,4687.27,5642,22,0
2026-05-14 16:30:00,4686.87,4689.16,4666.38,4676.11,6723,20,0
2026-05-14 16:45:00,4675.88,4690.95,4675.38,4678.0,6581,19,0
2026-05-14 17:00:00,4678.28,4690.07,4677.33,4687.5,6235,19,0
2026-05-14 17:15:00,4687.58,4700.85,4686.78,4691.7,5863,19,0
2026-05-14 17:30:00,4691.72,4692.34,4686.16,4686.73,5520,19,0
2026-05-14 17:45:00,4686.81,4690.55,4678.58,4678.58,5977,23,0
2026-05-14 18:00:00,4678.85,4686.58,4676.82,4684.91,5629,19,0
2026-05-14 18:15:00,4684.93,4689.39,4684.18,4685.91,4742,23,0
2026-05-14 18:30:00,4685.84,4689.04,4681.12,4682.15,4536,32,0
2026-05-14 18:45:00,4682.16,4686.45,4680.89,4685.69,4385,27,0
2026-05-14 19:00:00,4685.77,4686.88,4673.86,4678.32,4696,32,0
2026-05-14 19:15:00,4678.33,4680.92,4675.05,4676.85,4090,32,0
2026-05-14 19:30:00,4676.82,4678.04,4670.36,4675.11,4429,32,0
2026-05-14 19:45:00,4675.13,4678.71,4672.28,4678.71,4118,20,0
2026-05-14 20:00:00,4678.73,4682.18,4677.98,4678.42,4354,33,0
2026-05-14 20:15:00,4678.43,4682.74,4676.43,4677.71,4147,33,0
2026-05-14 20:30:00,4677.66,4681.34,4676.2,4681.22,3825,31,0
2026-05-14 20:45:00,4681.23,4681.61,4677.49,4677.65,3007,20,0
2026-05-14 21:00:00,4677.76,4678.24,4668.36,4674.34,4463,22,0
2026-05-14 21:15:00,4674.35,4676.17,4672.82,4674.03,3414,33,0
2026-05-14 21:30:00,4674.04,4674.76,4668.16,4668.35,2957,20,0
2026-05-14 21:45:00,4668.42,4671.58,4666.72,4671.39,2986,20,0
2026-05-14 22:00:00,4671.38,4671.42,4666.17,4667.06,2881,31,0
2026-05-14 22:15:00,4667.05,4668.81,4662.73,4663.2,2793,33,0
2026-05-14 22:30:00,4663.2,4664.9,4655.4,4655.97,4047,24,0
2026-05-14 22:45:00,4655.98,4658.74,4652.87,4653.92,4473,32,0
2026-05-14 23:00:00,4653.94,4656.86,4648.8,4649.38,3172,32,0
2026-05-14 23:15:00,4649.56,4650.84,4646.66,4647.93,2200,32,0
2026-05-14 23:30:00,4647.81,4652.42,4644.22,4651.12,2460,21,0
2026-05-14 23:45:00,4651.09,4652.02,4647.74,4649.68,1666,32,0
2026-05-15 01:00:00,4651.1,4657.84,4650.07,4654.92,1554,19,0
2026-05-15 01:15:00,4655.02,4659.02,4654.95,4658.41,2165,33,0
2026-05-15 01:30:00,4658.44,4662.06,4658.32,4661.48,2195,20,0
2026-05-15 01:45:00,4661.47,4662.46,4659.79,4661.86,1736,25,0
2026-05-15 02:00:00,4662.0,4662.97,4658.52,4658.9,2168,23,0
2026-05-15 02:15:00,4658.94,4664.08,4655.41,4663.75,2696,22,0
2026-05-15 02:30:00,4663.47,4665.06,4646.61,4657.24,3546,19,0
2026-05-15 02:45:00,4657.38,4657.38,4648.0,4651.5,3709,33,0
2026-05-15 03:00:00,4651.5,4653.63,4642.04,4651.78,4775,21,0
2026-05-15 03:15:00,4652.17,4657.73,4629.47,4630.25,5001,32,0
2026-05-15 03:30:00,4630.29,4630.29,4613.35,4619.12,5207,19,0
2026-05-15 03:45:00,4619.23,4630.14,4617.12,4627.55,5219,19,0
2026-05-15 04:00:00,4627.13,4631.21,4607.48,4614.15,6287,32,0
2026-05-15 04:15:00,4614.14,4625.18,4607.82,4608.66,5920,23,0
2026-05-15 04:30:00,4608.62,4622.62,4607.3,4622.53,5700,29,0
2026-05-15 04:45:00,4622.56,4624.17,4606.49,4613.02,5677,33,0
2026-05-15 05:00:00,4613.23,4617.91,4608.47,4611.95,5467,32,0
2026-05-15 05:15:00,4611.86,4615.28,4608.32,4611.15,4709,25,0
2026-05-15 05:30:00,4611.16,4616.5,4608.29,4616.5,4955,29,0
2026-05-15 05:45:00,4616.51,4622.12,4610.69,4617.0,5105,22,0
2026-05-15 06:00:00,4616.88,4621.13,4613.75,4616.47,4410,32,0
2026-05-15 06:15:00,4616.42,4617.31,4608.7,4611.71,4223,22,0
2026-05-15 06:30:00,4611.65,4616.21,4606.38,4612.36,3874,22,0
2026-05-15 06:45:00,4612.61,4616.25,4609.4,4614.38,3455,19,0
2026-05-15 07:00:00,4614.39,4620.5,4611.8,4618.99,3447,19,0
2026-05-15 07:15:00,4619.05,4619.72,4606.45,4609.78,3519,24,0
2026-05-15 07:30:00,4609.79,4613.79,4603.3,4605.0,3360,21,0
2026-05-15 07:45:00,4605.11,4611.32,4603.86,4605.2,3701,31,0
2026-05-15 08:00:00,4604.88,4605.38,4587.37,4590.95,5084,20,0
2026-05-15 08:15:00,4591.13,4594.17,4579.9,4587.83,4953,26,0
2026-05-15 08:30:00,4587.93,4588.75,4562.77,4567.37,6133,20,0
2026-05-15 08:45:00,4567.13,4572.18,4556.14,4556.78,5765,19,0
2026-05-15 09:00:00,4557.12,4572.12,4555.0,4570.25,5810,30,0
2026-05-15 09:15:00,4569.99,4577.34,4569.23,4574.05,5444,19,0
2026-05-15 09:30:00,4574.2,4579.43,4566.03,4566.89,4984,23,0
2026-05-15 09:45:00,4567.34,4573.15,4563.47,4569.29,5002,31,0
2026-05-15 10:00:00,4569.28,4585.27,4564.95,4584.9,5390,20,0
2026-05-15 10:15:00,4584.85,4587.42,4577.87,4580.9,4787,19,0
2026-05-15 10:30:00,4580.89,4581.44,4573.82,4576.36,4330,24,0
2026-05-15 10:45:00,4576.35,4577.28,4567.07,4570.46,4155,19,0
2026-05-15 11:00:00,4570.54,4570.61,4555.9,4564.81,4991,19,0
2026-05-15 11:15:00,4564.84,4565.33,4552.41,4557.78,5130,19,0
2026-05-15 11:30:00,4557.68,4562.13,4549.64,4561.92,5043,20,0
2026-05-15 11:45:00,4561.97,4563.16,4552.4,4554.02,3967,32,0
2026-05-15 12:00:00,4553.96,4563.29,4545.76,4546.92,5037,23,0
2026-05-15 12:15:00,4547.5,4554.03,4538.85,4552.91,4961,19,0
2026-05-15 12:30:00,4552.98,4555.3,4542.49,4542.86,4829,19,0
2026-05-15 12:45:00,4543.29,4546.75,4531.81,4546.16,5281,21,0
2026-05-15 13:00:00,4546.1,4562.49,4543.84,4561.08,4940,19,0
2026-05-15 13:15:00,4561.13,4563.07,4551.54,4551.62,4792,19,0
2026-05-15 13:30:00,4551.63,4556.5,4549.4,4554.8,4303,23,0
2026-05-15 13:45:00,4554.36,4572.63,4553.88,4565.4,5562,21,0
2026-05-15 14:00:00,4565.48,4569.98,4560.57,4566.09,4852,21,0
2026-05-15 14:15:00,4566.16,4568.42,4558.95,4562.04,3819,20,0
2026-05-15 14:30:00,4562.02,4562.39,4550.82,4551.0,4180,20,0
2026-05-15 14:45:00,4551.02,4558.55,4549.43,4550.03,4485,20,0
2026-05-15 15:00:00,4550.07,4554.86,4544.64,4545.25,4878,21,0
2026-05-15 15:15:00,4545.24,4558.44,4544.72,4554.55,4918,22,0
2026-05-15 15:30:00,4554.51,4554.51,4543.34,4544.97,5033,19,0
2026-05-15 15:45:00,4544.86,4555.37,4543.28,4545.02,4719,22,0
2026-05-15 16:00:00,4544.6,4549.34,4536.24,4545.93,5512,19,0
2026-05-15 16:15:00,4545.87,4557.23,4540.43,4547.84,5330,22,0
2026-05-15 16:30:00,4548.15,4551.1,4518.63,4519.19,6501,24,0
2026-05-15 16:45:00,4519.17,4541.67,4511.5,4534.8,6377,19,0
2026-05-15 17:00:00,4534.49,4550.19,4525.48,4543.79,6224,21,0
2026-05-15 17:15:00,4543.8,4562.59,4540.28,4555.88,6330,21,0
2026-05-15 17:30:00,4555.86,4560.34,4550.75,4557.04,6115,19,0
2026-05-15 17:45:00,4557.11,4566.38,4545.85,4562.76,6035,33,0
2026-05-15 18:00:00,4562.58,4563.6,4550.57,4552.02,5984,22,0
2026-05-15 18:15:00,4552.07,4553.78,4542.77,4547.89,5529,26,0
2026-05-15 18:30:00,4547.77,4550.21,4539.86,4541.21,5699,21,0
2026-05-15 18:45:00,4541.13,4543.35,4533.51,4540.93,5477,23,0
2026-05-15 19:00:00,4541.03,4542.08,4529.21,4532.78,4760,20,0
2026-05-15 19:15:00,4532.71,4542.29,4531.18,4541.15,4555,19,0
2026-05-15 19:30:00,4541.12,4547.47,4539.86,4547.05,4694,19,0
2026-05-15 19:45:00,4547.02,4547.96,4541.66,4544.95,4427,20,0
2026-05-15 20:00:00,4544.83,4557.89,4543.01,4557.57,4908,31,0
2026-05-15 20:15:00,4557.51,4564.25,4554.37,4558.04,4486,19,0
2026-05-15 20:30:00,4558.31,4563.51,4558.17,4560.66,4169,21,0
2026-05-15 20:45:00,4560.72,4562.53,4557.17,4560.05,3780,33,0
2026-05-15 21:00:00,4560.18,4561.83,4555.89,4561.52,3911,26,0
2026-05-15 21:15:00,4561.57,4563.01,4552.98,4558.05,4630,33,0
2026-05-15 21:30:00,4557.97,4558.65,4552.47,4557.54,4267,19,0
2026-05-15 21:45:00,4557.47,4562.7,4556.52,4559.78,3647,33,0
2026-05-15 22:00:00,4559.84,4560.18,4549.33,4550.31,4075,23,0
2026-05-15 22:15:00,4550.36,4552.67,4548.39,4550.17,3747,21,0
2026-05-15 22:30:00,4550.29,4555.16,4549.46,4553.26,3625,22,0
2026-05-15 22:45:00,4553.22,4554.3,4544.71,4545.03,4100,32,0
2026-05-15 23:00:00,4545.07,4546.42,4536.17,4538.32,3678,33,0
2026-05-15 23:15:00,4538.32,4539.65,4533.19,4539.65,2992,21,0
2026-05-15 23:30:00,4539.82,4543.74,4538.77,4540.89,2620,31,0
2026-05-15 23:45:00,4540.86,4541.27,4534.99,4537.7,1840,33,0
2026-05-18 01:00:00,4543.54,4554.9,4543.53,4548.48,2184,27,0
2026-05-18 01:15:00,4548.48,4550.29,4537.94,4540.91,2724,20,0
2026-05-18 01:30:00,4540.86,4553.49,4540.86,4549.84,3544,31,0
2026-05-18 01:45:00,4549.62,4554.41,4543.68,4546.08,3142,21,0
2026-05-18 02:00:00,4546.13,4547.96,4539.49,4541.49,3423,26,0
2026-05-18 02:15:00,4541.42,4544.18,4537.74,4537.88,3463,28,0
2026-05-18 02:30:00,4537.89,4541.2,4532.34,4539.01,4121,19,0
2026-05-18 02:45:00,4539.08,4543.99,4532.0,4536.99,4529,32,0
2026-05-18 03:00:00,4537.16,4542.3,4522.95,4526.13,5720,19,0
2026-05-18 03:15:00,4526.16,4533.4,4514.62,4515.58,5154,19,0
2026-05-18 03:30:00,4515.4,4518.54,4480.41,4481.38,5839,21,0
2026-05-18 03:45:00,4481.48,4516.68,4480.07,4515.86,5706,19,0
2026-05-18 04:00:00,4514.43,4515.88,4489.63,4495.89,6286,21,0
2026-05-18 04:15:00,4495.88,4509.79,4492.65,4503.83,5964,24,0
2026-05-18 04:30:00,4503.84,4513.56,4499.75,4512.34,5762,21,0
2026-05-18 04:45:00,4512.3,4535.57,4510.88,4525.28,5677,22,0
2026-05-18 05:00:00,4525.3,4538.39,4521.9,4536.56,5227,33,0
2026-05-18 05:15:00,4536.49,4540.78,4531.75,4533.48,4313,24,0
2026-05-18 05:30:00,4533.41,4541.02,4529.36,4536.08,4616,32,0
2026-05-18 05:45:00,4536.05,4542.84,4530.33,4533.58,4563,31,0
2026-05-18 06:00:00,4533.57,4535.73,4526.6,4529.59,4387,26,0
2026-05-18 06:15:00,4529.61,4538.35,4528.2,4535.77,4343,22,0
2026-05-18 06:30:00,4535.66,4547.78,4525.12,4545.63,5063,21,0
2026-05-18 06:45:00,4545.53,4547.81,4539.17,4541.24,4305,20,0
2026-05-18 07:00:00,4540.94,4549.7,4540.94,4544.31,4079,32,0
2026-05-18 07:15:00,4544.33,4547.05,4529.73,4532.46,4113,22,0
2026-05-18 07:30:00,4532.19,4544.09,4532.11,4541.61,3869,31,0
2026-05-18 07:45:00,4541.65,4545.64,4535.29,4540.74,3912,20,0
2026-05-18 08:00:00,4540.86,4542.76,4532.69,4537.84,3985,21,0
2026-05-18 08:15:00,4537.8,4550.63,4534.83,4548.99,4483,20,0
2026-05-18 08:30:00,4548.77,4551.95,4538.21,4539.35,5007,19,0
2026-05-18 08:45:00,4539.25,4543.18,4529.93,4530.0,4286,33,0
2026-05-18 09:00:00,4529.95,4540.34,4529.66,4537.15,4612,21,0
2026-05-18 09:15:00,4537.17,4547.99,4534.38,4537.43,4527,19,0
2026-05-18 09:30:00,4537.46,4546.77,4534.52,4540.63,4581,20,0
2026-05-18 09:45:00,4540.58,4547.68,4538.43,4546.83,4169,24,0
2026-05-18 10:00:00,4546.98,4549.47,4541.97,4543.36,4200,21,0
2026-05-18 10:15:00,4543.2,4551.36,4538.26,4550.51,4219,21,0
2026-05-18 10:30:00,4550.61,4559.85,4547.9,4549.14,4890,22,0
2026-05-18 10:45:00,4549.13,4551.73,4540.11,4545.86,4497,28,0
2026-05-18 11:00:00,4546.0,4548.71,4542.33,4546.25,4211,22,0
2026-05-18 11:15:00,4546.15,4551.41,4542.73,4547.81,3830,32,0
2026-05-18 11:30:00,4547.94,4553.08,4545.75,4548.1,4106,19,0
2026-05-18 11:45:00,4548.06,4556.9,4548.03,4549.87,3948,32,0
2026-05-18 12:00:00,4549.88,4551.91,4541.25,4546.2,3848,23,0
2026-05-18 12:15:00,4546.12,4548.85,4544.61,4545.03,3444,33,0
2026-05-18 12:30:00,4545.16,4546.33,4540.57,4542.83,4000,21,0
2026-05-18 12:45:00,4542.89,4544.57,4540.1,4542.98,3391,32,0
2026-05-18 13:00:00,4542.95,4544.78,4535.58,4539.21,4213,32,0
2026-05-18 13:15:00,4539.29,4542.32,4538.21,4539.61,3443,33,0
2026-05-18 13:30:00,4539.57,4544.03,4532.17,4543.59,4229,19,0
2026-05-18 13:45:00,4543.59,4547.74,4536.73,4540.33,3849,21,0
2026-05-18 14:00:00,4540.51,4541.62,4530.0,4538.54,4297,26,0
2026-05-18 14:15:00,4538.71,4540.11,4531.9,4535.16,3744,20,0
2026-05-18 14:30:00,4535.1,4566.84,4535.1,4562.16,5586,20,0
2026-05-18 14:45:00,4562.15,4564.34,4549.27,4549.66,5296,23,0
2026-05-18 15:00:00,4549.63,4556.45,4546.86,4553.12,4532,21,0
2026-05-18 15:15:00,4553.11,4554.97,4545.02,4550.48,4761,33,0
2026-05-18 15:30:00,4550.54,4569.78,4550.17,4569.59,5441,20,0
2026-05-18 15:45:00,4569.52,4574.75,4562.01,4572.63,5608,20,0
2026-05-18 16:00:00,4573.0,4576.67,4561.8,4567.46,5599,26,0
2026-05-18 16:15:00,4567.47,4576.21,4564.03,4571.78,4878,31,0
2026-05-18 16:30:00,4570.67,4579.55,4564.71,4566.23,6165,25,0
2026-05-18 16:45:00,4566.29,4584.0,4563.85,4575.12,6183,21,0
2026-05-18 17:00:00,4575.11,4575.5,4560.0,4564.06,6074,18,0
2026-05-18 17:15:00,4564.02,4568.72,4554.73,4561.99,5930,19,0
2026-05-18 17:30:00,4562.09,4562.85,4537.94,4547.49,6336,19,0
2026-05-18 17:45:00,4547.46,4547.96,4537.08,4547.06,5958,28,0
2026-05-18 18:00:00,4546.87,4547.59,4531.53,4539.85,6074,25,0
2026-05-18 18:15:00,4539.84,4542.74,4533.94,4534.29,5501,31,0
2026-05-18 18:30:00,4534.27,4544.13,4533.71,4538.37,5259,19,0
2026-05-18 18:45:00,4538.16,4546.55,4537.81,4543.95,4944,19,0
2026-05-18 19:00:00,4543.89,4548.8,4540.04,4548.08,4624,32,0
2026-05-18 19:15:00,4548.05,4550.3,4534.06,4536.27,4937,19,0
2026-05-18 19:30:00,4536.2,4544.78,4533.86,4542.96,4576,21,0
2026-05-18 19:45:00,4543.01,4554.42,4542.69,4549.49,4434,24,0
2026-05-18 20:00:00,4549.52,4558.05,4547.85,4552.99,4300,23,0
2026-05-18 20:15:00,4553.0,4555.4,4551.54,4554.22,3750,33,0
2026-05-18 20:30:00,4553.97,4554.0,4547.18,4547.88,4066,22,0
2026-05-18 20:45:00,4547.95,4549.69,4545.17,4546.39,3563,20,0
2026-05-18 21:00:00,4546.26,4547.48,4543.36,4544.99,3911,19,0
2026-05-18 21:15:00,4544.97,4545.04,4536.46,4542.38,4449,25,0
2026-05-18 21:30:00,4542.37,4543.83,4538.87,4541.34,3771,33,0
2026-05-18 21:45:00,4541.44,4543.05,4533.98,4535.29,3751,33,0
2026-05-18 22:00:00,4535.2,4564.56,4535.16,4554.36,5957,23,0
2026-05-18 22:15:00,4554.5,4555.56,4546.33,4551.55,4709,32,0
2026-05-18 22:30:00,4551.51,4560.99,4549.95,4557.94,4440,19,0
2026-05-18 22:45:00,4557.94,4562.74,4557.19,4559.07,4206,26,0
2026-05-18 23:00:00,4559.15,4562.55,4557.66,4562.0,2298,32,0
2026-05-18 23:15:00,4561.99,4566.51,4561.95,4563.23,2162,22,0
2026-05-18 23:30:00,4563.28,4564.8,4561.33,4564.58,1717,33,0
2026-05-18 23:45:00,4564.57,4565.14,4560.77,4564.54,1318,33,0
2026-05-19 01:00:00,4569.56,4573.35,4568.06,4573.3,1484,19,0
2026-05-19 01:15:00,4573.34,4574.67,4570.97,4572.99,2204,19,0
2026-05-19 01:30:00,4573.05,4578.13,4571.55,4576.26,2340,32,0
2026-05-19 01:45:00,4576.25,4576.73,4572.36,4573.97,1994,33,0
2026-05-19 02:00:00,4574.45,4586.96,4574.45,4585.9,3084,19,0
2026-05-19 02:15:00,4585.9,4588.71,4582.98,4585.68,2722,22,0
2026-05-19 02:30:00,4585.67,4587.81,4582.7,4585.37,2552,23,0
2026-05-19 02:45:00,4585.85,4586.55,4578.85,4581.82,2552,22,0
2026-05-19 03:00:00,4581.83,4588.98,4576.69,4578.07,4945,19,0
2026-05-19 03:15:00,4577.76,4585.62,4568.62,4573.41,4589,26,0
2026-05-19 03:30:00,4573.56,4575.96,4568.1,4570.73,4071,21,0
2026-05-19 03:45:00,4570.47,4572.41,4561.22,4563.19,4149,33,0
2026-05-19 04:00:00,4563.11,4569.09,4557.47,4565.6,5223,19,0
2026-05-19 04:15:00,4565.63,4568.16,4553.99,4559.16,4724,31,0
2026-05-19 04:30:00,4559.13,4572.33,4555.14,4570.66,4797,21,0
2026-05-19 04:45:00,4570.74,4571.63,4561.19,4563.74,4719,32,0
2026-05-19 05:00:00,4563.67,4563.67,4553.09,4554.31,4842,21,0
2026-05-19 05:15:00,4554.24,4561.83,4551.46,4559.54,4000,33,0
2026-05-19 05:30:00,4559.52,4559.52,4550.97,4556.02,4492,32,0
2026-05-19 05:45:00,4556.14,4557.91,4545.93,4547.0,4239,32,0
2026-05-19 06:00:00,4546.87,4552.61,4543.44,4551.61,4299,22,0
2026-05-19 06:15:00,4551.53,4552.76,4546.59,4548.97,3745,32,0
2026-05-19 06:30:00,4548.94,4554.95,4546.8,4547.71,3551,32,0
2026-05-19 06:45:00,4547.66,4549.2,4543.16,4544.62,3355,32,0
2026-05-19 07:00:00,4544.64,4545.5,4538.49,4539.9,3673,21,0
2026-05-19 07:15:00,4539.96,4542.83,4537.35,4539.95,3407,32,0
2026-05-19 07:30:00,4539.94,4541.97,4537.67,4539.43,3067,25,0
2026-05-19 07:45:00,4539.41,4543.28,4539.41,4542.09,3011,32,0
2026-05-19 08:00:00,4542.13,4546.28,4539.16,4544.49,3511,19,0
2026-05-19 08:15:00,4544.46,4545.03,4530.77,4538.17,4237,25,0
2026-05-19 08:30:00,4538.17,4543.89,4532.79,4538.29,4752,21,0
2026-05-19 08:45:00,4538.31,4543.18,4533.0,4540.65,4825,21,0
2026-05-19 09:00:00,4540.99,4545.82,4533.35,4541.69,4920,23,0
2026-05-19 09:15:00,4541.71,4553.58,4540.61,4547.72,4899,19,0
2026-05-19 09:30:00,4547.6,4552.6,4544.7,4551.95,4275,20,0
2026-05-19 09:45:00,4551.92,4552.38,4542.82,4547.77,3977,32,0
2026-05-19 10:00:00,4547.86,4555.36,4543.95,4548.4,4186,20,0
2026-05-19 10:15:00,4548.41,4549.78,4542.77,4548.16,3734,19,0
2026-05-19 10:30:00,4548.12,4548.98,4541.11,4542.14,4158,26,0
2026-05-19 10:45:00,4542.07,4558.99,4541.11,4557.17,4717,19,0
2026-05-19 11:00:00,4557.17,4559.13,4542.23,4545.93,4532,20,0
2026-05-19 11:15:00,4545.99,4547.67,4535.99,4537.49,4522,19,0
2026-05-19 11:30:00,4537.6,4544.5,4536.42,4542.98,3758,32,0
2026-05-19 11:45:00,4542.85,4548.59,4538.07,4542.52,3603,32,0
2026-05-19 12:00:00,4542.51,4542.51,4536.53,4539.19,3764,19,0
2026-05-19 12:15:00,4539.09,4546.58,4535.69,4540.4,4167,31,0
2026-05-19 12:30:00,4540.45,4542.68,4536.28,4539.0,4407,21,0
2026-05-19 12:45:00,4538.98,4544.14,4537.69,4541.41,3873,25,0
2026-05-19 13:00:00,4541.35,4541.77,4535.45,4540.95,3777,32,0
2026-05-19 13:15:00,4540.96,4541.37,4537.87,4539.47,3119,32,0
2026-05-19 13:30:00,4539.45,4542.55,4525.23,4528.98,4423,18,0
2026-05-19 13:45:00,4528.88,4544.37,4527.44,4544.37,4788,21,0
2026-05-19 14:00:00,4544.33,4548.07,4535.68,4536.52,4667,25,0
2026-05-19 14:15:00,4536.46,4541.9,4535.48,4538.96,3769,32,0
2026-05-19 14:30:00,4538.79,4542.94,4536.4,4542.14,3888,31,0
2026-05-19 14:45:00,4541.77,4542.15,4529.29,4530.46,4228,32,0
2026-05-19 15:00:00,4530.46,4546.52,4527.28,4542.11,4839,27,0
2026-05-19 15:15:00,4542.18,4544.19,4536.56,4543.23,4137,19,0
2026-05-19 15:30:00,4543.23,4546.95,4536.69,4537.34,4552,19,0
2026-05-19 15:45:00,4537.34,4541.48,4535.52,4537.12,4106,32,0
2026-05-19 16:00:00,4537.01,4537.23,4514.44,4524.18,5738,19,0
2026-05-19 16:15:00,4524.14,4525.95,4490.89,4491.96,5938,19,0
2026-05-19 16:30:00,4492.17,4495.21,4464.52,4475.93,6742,20,0
2026-05-19 16:45:00,4476.08,4511.14,4473.91,4503.53,6247,20,0
2026-05-19 17:00:00,4503.61,4513.61,4492.31,4492.57,6333,19,0
2026-05-19 17:15:00,4492.6,4500.49,4484.24,4489.91,6239,22,0
2026-05-19 17:30:00,4489.87,4498.36,4487.3,4494.31,6184,27,0
2026-05-19 17:45:00,4494.38,4496.29,4485.39,4493.85,5984,32,0
2026-05-19 18:00:00,4494.07,4499.87,4489.76,4498.68,5672,27,0
2026-05-19 18:15:00,4498.77,4504.81,4493.73,4498.69,5570,19,0
2026-05-19 18:30:00,4498.7,4507.19,4497.75,4501.93,5591,28,0
2026-05-19 18:45:00,4501.94,4509.17,4499.9,4508.33,5128,19,0
2026-05-19 19:00:00,4508.3,4510.15,4495.98,4500.59,4801,20,0
2026-05-19 19:15:00,4500.5,4511.89,4498.61,4508.37,4339,32,0
2026-05-19 19:30:00,4508.39,4512.16,4505.44,4505.76,4129,20,0
2026-05-19 19:45:00,4505.74,4509.18,4504.41,4507.47,3843,32,0
2026-05-19 20:00:00,4507.45,4510.7,4505.74,4510.08,3803,32,0
2026-05-19 20:15:00,4510.09,4511.0,4503.32,4506.8,4038,32,0
2026-05-19 20:30:00,4506.82,4508.21,4502.62,4504.3,3918,19,0
2026-05-19 20:45:00,4504.3,4504.7,4498.87,4500.72,3943,19,0
2026-05-19 21:00:00,4501.19,4503.59,4499.51,4500.73,3714,20,0
2026-05-19 21:15:00,4500.65,4501.78,4495.43,4495.81,4191,20,0
2026-05-19 21:30:00,4495.89,4500.56,4493.19,4498.77,3915,33,0
2026-05-19 21:45:00,4498.79,4499.67,4489.93,4493.29,3992,32,0
2026-05-19 22:00:00,4493.26,4497.28,4492.67,4496.7,3760,19,0
2026-05-19 22:15:00,4496.73,4497.05,4485.34,4486.53,3932,19,0
2026-05-19 22:30:00,4486.55,4489.51,4485.46,4487.93,3780,19,0
2026-05-19 22:45:00,4487.92,4488.44,4480.93,4483.18,4043,19,0
2026-05-19 23:00:00,4483.34,4486.74,4480.47,4485.19,2737,23,0
2026-05-19 23:15:00,4485.08,4487.93,4483.21,4485.92,2012,19,0
2026-05-19 23:30:00,4485.91,4486.03,4481.83,4483.16,1832,23,0
2026-05-19 23:45:00,4483.15,4484.05,4480.17,4480.31,1335,33,0
2026-05-20 01:00:00,4482.91,4484.37,4480.99,4482.55,1021,33,0
2026-05-20 01:15:00,4482.54,4482.55,4477.7,4479.05,2070,33,0
2026-05-20 01:30:00,4479.06,4485.35,4476.62,4481.66,2939,21,0
2026-05-20 01:45:00,4481.66,4484.32,4479.02,4484.02,2802,33,0
2026-05-20 02:00:00,4483.98,4486.36,4479.57,4485.98,2406,19,0
2026-05-20 02:15:00,4485.62,4488.28,4482.89,4485.93,2401,24,0
2026-05-20 02:30:00,4485.94,4496.16,4485.41,4492.09,2982,20,0
2026-05-20 02:45:00,4492.08,4494.29,4487.92,4489.05,2833,19,0
2026-05-20 03:00:00,4489.09,4490.33,4479.28,4488.32,4734,19,0
2026-05-20 03:15:00,4488.37,4501.91,4481.02,4501.68,5123,19,0
2026-05-20 03:30:00,4501.66,4506.97,4499.54,4505.03,5061,19,0
2026-05-20 03:45:00,4505.04,4508.68,4497.99,4500.76,4620,19,0
2026-05-20 04:00:00,4500.72,4505.93,4487.77,4492.2,5429,19,0
2026-05-20 04:15:00,4492.43,4496.39,4472.53,4473.42,5236,19,0
2026-05-20 04:30:00,4473.55,4476.64,4455.72,4466.46,6048,19,0
2026-05-20 04:45:00,4466.47,4488.23,4462.81,4481.2,5660,19,0
2026-05-20 05:00:00,4481.17,4486.68,4475.8,4481.3,5075,20,0
2026-05-20 05:15:00,4481.3,4486.92,4476.35,4481.33,4589,19,0
2026-05-20 05:30:00,4481.31,4483.36,4459.88,4460.15,5584,19,0
2026-05-20 05:45:00,4460.16,4465.78,4458.45,4465.07,4802,19,0
2026-05-20 06:00:00,4464.98,4467.04,4453.36,4457.69,4775,20,0
2026-05-20 06:15:00,4457.7,4464.06,4456.93,4460.77,3923,19,0
2026-05-20 06:30:00,4460.47,4465.89,4457.35,4460.33,4404,23,0
2026-05-20 06:45:00,4460.34,4465.0,4457.74,4463.51,3638,19,0
2026-05-20 07:00:00,4463.52,4469.91,4463.14,4468.99,3859,21,0
2026-05-20 07:15:00,4469.0,4470.3,4462.34,4464.93,3701,20,0
2026-05-20 07:30:00,4465.04,4465.74,4460.26,4462.84,3672,23,0
2026-05-20 07:45:00,4462.85,4462.94,4456.22,4461.8,3507,19,0
2026-05-20 08:00:00,4461.65,4472.84,4461.36,4469.25,3913,20,0
2026-05-20 08:15:00,4469.24,4475.01,4466.94,4468.11,3700,19,0
2026-05-20 08:30:00,4468.18,4478.89,4467.88,4472.13,4942,19,0
2026-05-20 08:45:00,4472.12,4474.94,4463.09,4472.54,4417,21,0
2026-05-20 09:00:00,4472.59,4477.33,4467.33,4471.54,4844,32,0
2026-05-20 09:15:00,4471.98,4478.18,4467.7,4471.67,5027,23,0
2026-05-20 09:30:00,4471.7,4472.43,4460.75,4466.75,4764,21,0
2026-05-20 09:45:00,4466.72,4478.08,4464.87,4474.48,4865,19,0
2026-05-20 10:00:00,4474.29,4485.08,4471.82,4481.09,4832,19,0
2026-05-20 10:15:00,4481.11,4484.17,4476.7,4482.56,4512,20,0
2026-05-20 10:30:00,4482.58,4485.66,4475.97,4481.08,4556,31,0
2026-05-20 10:45:00,4481.14,4481.91,4474.97,4478.48,4058,22,0
2026-05-20 11:00:00,4478.46,4484.19,4476.47,4482.3,4459,26,0
2026-05-20 11:15:00,4482.28,4486.55,4478.33,4485.77,4514,20,0
2026-05-20 11:30:00,4485.42,4489.18,4476.76,4479.13,4755,19,0
2026-05-20 11:45:00,4479.1,4490.03,4479.03,4484.07,4594,19,0
2026-05-20 12:00:00,4484.06,4486.16,4479.63,4480.07,4026,23,0
2026-05-20 12:15:00,4479.84,4483.43,4472.75,4474.17,4169,19,0
2026-05-20 12:30:00,4474.04,4484.95,4472.6,4483.25,4340,22,0
2026-05-20 12:45:00,4483.21,4491.32,4481.64,4484.93,3963,21,0
2026-05-20 13:00:00,4484.9,4492.28,4484.26,4488.01,3562,19,0
2026-05-20 13:15:00,4488.02,4492.43,4487.34,4489.13,3318,20,0
2026-05-20 13:30:00,4489.28,4497.14,4488.8,4494.35,4043,23,0
2026-05-20 13:45:00,4494.4,4496.07,4490.89,4495.82,3679,23,0
2026-05-20 14:00:00,4495.76,4497.92,4493.91,4494.36,3455,22,0
2026-05-20 14:15:00,4494.35,4501.67,4492.4,4500.54,3706,19,0
2026-05-20 14:30:00,4500.55,4500.97,4492.91,4494.36,3875,24,0
2026-05-20 14:45:00,4494.34,4498.6,4489.92,4498.05,4117,19,0
2026-05-20 15:00:00,4497.92,4500.52,4495.06,4495.83,3973,23,0
2026-05-20 15:15:00,4495.81,4499.9,4492.36,4499.7,4293,19,0
2026-05-20 15:30:00,4499.93,4504.95,4499.5,4503.09,4475,19,0
2026-05-20 15:45:00,4503.21,4505.54,4494.03,4496.28,4267,19,0
2026-05-20 16:00:00,4496.28,4506.63,4493.8,4505.23,5390,20,0
2026-05-20 16:15:00,4505.26,4505.42,4489.49,4489.55,4989,22,0
2026-05-20 16:30:00,4489.32,4492.86,4483.05,4489.69,6137,19,0
2026-05-20 16:45:00,4489.57,4492.02,4481.89,4482.82,5983,23,0
2026-05-20 17:00:00,4482.91,4485.07,4466.83,4476.71,5977,21,0
2026-05-20 17:15:00,4476.57,4510.71,4476.24,4506.98,6678,20,0
2026-05-20 17:30:00,4507.0,4528.74,4507.0,4520.41,6557,21,0
2026-05-20 17:45:00,4520.67,4537.35,4516.91,4531.35,6086,19,0
2026-05-20 18:00:00,4531.29,4535.63,4523.24,4524.55,5567,19,0
2026-05-20 18:15:00,4524.54,4552.97,4524.45,4529.52,6286,22,0
2026-05-20 18:30:00,4529.5,4539.4,4527.55,4536.86,5524,21,0
2026-05-20 18:45:00,4536.85,4537.79,4527.34,4529.13,5252,22,0
2026-05-20 19:00:00,4529.15,4535.3,4528.16,4533.58,4368,20,0
2026-05-20 19:15:00,4533.55,4533.61,4524.12,4525.97,4761,19,0
2026-05-20 19:30:00,4526.09,4533.66,4524.25,4533.66,4385,19,0
2026-05-20 19:45:00,4533.75,4535.41,4530.1,4534.55,4380,19,0
2026-05-20 20:00:00,4534.64,4538.37,4531.14,4534.38,4378,19,0
2026-05-20 20:15:00,4534.37,4536.81,4531.19,4532.45,4202,19,0
2026-05-20 20:30:00,4532.46,4536.54,4529.94,4533.23,4070,19,0
2026-05-20 20:45:00,4533.15,4535.25,4530.29,4531.32,3181,22,0
2026-05-20 21:00:00,4531.52,4534.05,4529.06,4532.91,3618,19,0
2026-05-20 21:15:00,4532.88,4536.6,4532.0,4535.02,3871,19,0
2026-05-20 21:30:00,4535.07,4543.47,4535.05,4537.12,3787,19,0
2026-05-20 21:45:00,4537.4,4545.0,4536.89,4542.38,3670,20,0
2026-05-20 22:00:00,4542.37,4545.22,4541.6,4543.84,3155,19,0
2026-05-20 22:15:00,4543.84,4546.09,4543.24,4545.08,2970,19,0
2026-05-20 22:30:00,4545.08,4550.27,4545.08,4546.39,3436,19,0
2026-05-20 22:45:00,4546.38,4548.52,4545.32,4545.71,3650,19,0
2026-05-20 23:00:00,4545.66,4550.33,4545.28,4546.7,2466,22,0
2026-05-20 23:15:00,4546.71,4548.33,4543.12,4545.75,3272,33,0
2026-05-20 23:30:00,4545.77,4546.39,4542.78,4543.55,2438,33,0
2026-05-20 23:45:00,4543.48,4544.67,4540.68,4542.43,1724,33,0
2026-05-21 01:00:00,4543.25,4545.55,4538.04,4540.14,2043,20,0
2026-05-21 01:15:00,4540.17,4540.78,4535.38,4538.92,2466,19,0
2026-05-21 01:30:00,4538.93,4543.49,4538.77,4542.3,2259,19,0
2026-05-21 01:45:00,4542.3,4544.66,4537.47,4539.81,2711,29,0
2026-05-21 02:00:00,4539.84,4543.05,4537.95,4540.03,2296,20,0
2026-05-21 02:15:00,4540.03,4540.74,4534.69,4538.39,2477,31,0
2026-05-21 02:30:00,4538.45,4545.15,4537.9,4542.44,2529,19,0
2026-05-21 02:45:00,4542.38,4546.28,4541.25,4545.54,2609,22,0
2026-05-21 03:00:00,4545.55,4547.64,4539.15,4543.8,4770,19,0
2026-05-21 03:15:00,4543.78,4552.56,4536.79,4543.39,4642,19,0
2026-05-21 03:30:00,4543.35,4545.25,4539.78,4544.76,3511,21,0
2026-05-21 03:45:00,4544.74,4549.74,4543.07,4546.34,3480,19,0
2026-05-21 04:00:00,4546.37,4561.15,4540.92,4560.52,5882,19,0
2026-05-21 04:15:00,4560.52,4567.59,4557.61,4566.36,5083,19,0
2026-05-21 04:30:00,4566.37,4569.43,4560.46,4566.66,5079,19,0
2026-05-21 04:45:00,4566.64,4567.2,4558.04,4559.86,4821,22,0
2026-05-21 05:00:00,4560.02,4563.77,4549.98,4551.17,4904,19,0
2026-05-21 05:15:00,4551.15,4552.72,4539.55,4540.06,4401,21,0
2026-05-21 05:30:00,4540.14,4542.17,4534.03,4536.24,5085,19,0
2026-05-21 05:45:00,4536.25,4537.38,4531.61,4533.21,4426,19,0
2026-05-21 06:00:00,4533.03,4538.15,4531.57,4536.87,3971,19,0
2026-05-21 06:15:00,4536.99,4539.04,4531.73,4534.54,3827,19,0
2026-05-21 06:30:00,4534.55,4536.09,4530.56,4533.01,3070,22,0
2026-05-21 06:45:00,4533.0,4533.53,4526.97,4528.22,3278,32,0
2026-05-21 07:00:00,4528.21,4536.55,4527.28,4535.99,3423,19,0
2026-05-21 07:15:00,4535.99,4539.75,4534.38,4539.15,2884,32,0
2026-05-21 07:30:00,4539.42,4539.84,4532.87,4536.01,2783,29,0
2026-05-21 07:45:00,4536.01,4538.11,4534.27,4537.21,2491,25,0
2026-05-21 08:00:00,4537.29,4539.05,4528.54,4529.51,3560,23,0
2026-05-21 08:15:00,4529.56,4529.9,4520.44,4521.81,4011,23,0
2026-05-21 08:30:00,4521.75,4526.05,4517.21,4524.75,5226,20,0
2026-05-21 08:45:00,4524.77,4528.81,4517.44,4526.79,4562,19,0
2026-05-21 09:00:00,4526.74,4534.19,4525.52,4530.45,4525,20,0
2026-05-21 09:15:00,4530.53,4538.69,4527.56,4532.68,4701,19,0
2026-05-21 09:30:00,4532.68,4534.7,4523.57,4525.7,4491,20,0
2026-05-21 09:45:00,4525.69,4527.19,4519.16,4522.52,4682,19,0
2026-05-21 10:00:00,4522.68,4525.44,4519.04,4520.35,3875,19,0
2026-05-21 10:15:00,4520.25,4522.74,4510.36,4511.59,4340,19,0
2026-05-21 10:30:00,4511.75,4516.14,4511.15,4515.2,3863,19,0
2026-05-21 10:45:00,4515.22,4522.12,4512.96,4518.73,3478,22,0
2026-05-21 11:00:00,4518.84,4534.93,4517.22,4533.73,4987,21,0
2026-05-21 11:15:00,4533.72,4536.78,4529.28,4536.03,5015,19,0
2026-05-21 11:30:00,4535.98,4535.98,4526.59,4529.26,4674,21,0
2026-05-21 11:45:00,4529.57,4534.59,4528.31,4532.51,4490,19,0
2026-05-21 12:00:00,4532.53,4540.14,4531.76,4537.78,4665,21,0
2026-05-21 12:15:00,4537.68,4542.51,4535.59,4536.96,4415,32,0
2026-05-21 12:30:00,4536.95,4542.64,4529.68,4529.85,4490,20,0
2026-05-21 12:45:00,4529.84,4533.03,4527.92,4530.6,3645,19,0
2026-05-21 13:00:00,4530.55,4535.12,4529.99,4532.58,4176,20,0
2026-05-21 13:15:00,4532.58,4534.57,4511.07,4518.22,4790,21,0
2026-05-21 13:30:00,4518.26,4518.71,4504.76,4516.81,6481,20,0
2026-05-21 13:45:00,4516.81,4517.74,4510.57,4511.33,5467,19,0
2026-05-21 14:00:00,4511.29,4519.9,4510.09,4516.18,5255,19,0
2026-05-21 14:15:00,4516.17,4520.95,4512.36,4513.93,4625,19,0
2026-05-21 14:30:00,4513.93,4515.81,4508.01,4512.04,4406,19,0
2026-05-21 14:45:00,4511.99,4517.13,4510.68,4513.85,4219,19,0
2026-05-21 15:00:00,4513.82,4519.18,4513.23,4514.58,4654,19,0
2026-05-21 15:15:00,4514.59,4514.72,4503.31,4506.87,4906,21,0
2026-05-21 15:30:00,4506.74,4517.54,4505.13,4514.61,5813,19,0
2026-05-21 15:45:00,4514.65,4517.73,4502.02,4504.12,5364,19,0
2026-05-21 16:00:00,4504.12,4512.63,4498.87,4502.12,6373,20,0
2026-05-21 16:15:00,4502.1,4505.22,4494.99,4500.18,5995,19,0
2026-05-21 16:30:00,4500.43,4502.26,4488.45,4497.64,6793,19,0
2026-05-21 16:45:00,4497.55,4520.75,4494.59,4513.11,6830,19,0
2026-05-21 17:00:00,4513.18,4515.5,4502.43,4507.85,6577,19,0
2026-05-21 17:15:00,4507.77,4509.03,4497.89,4507.07,6703,19,0
2026-05-21 17:30:00,4507.14,4510.98,4502.23,4504.56,6099,19,0
2026-05-21 17:45:00,4504.54,4510.3,4501.5,4508.65,6143,19,0
2026-05-21 18:00:00,4508.53,4515.24,4496.54,4509.8,6611,20,0
2026-05-21 18:15:00,4509.79,4511.4,4502.03,4503.15,6096,19,0
2026-05-21 18:30:00,4503.24,4509.64,4502.26,4506.69,4947,20,0
2026-05-21 18:45:00,4506.85,4512.59,4506.55,4511.72,4687,20,0
2026-05-21 19:00:00,4512.22,4520.49,4512.1,4517.08,5632,19,0
2026-05-21 19:15:00,4517.13,4518.75,4514.64,4516.42,4952,20,0
2026-05-21 19:30:00,4516.41,4519.2,4515.4,4517.97,4249,19,0
2026-05-21 19:45:00,4518.01,4520.24,4516.19,4519.3,3968,19,0
2026-05-21 20:00:00,4519.3,4531.82,4513.98,4525.65,5450,19,0
2026-05-21 20:15:00,4525.9,4546.3,4525.64,4541.39,6762,19,0
2026-05-21 20:30:00,4541.21,4548.75,4538.16,4548.06,5947,20,0
2026-05-21 20:45:00,4548.06,4559.29,4544.82,4551.32,5986,19,0
2026-05-21 21:00:00,4551.31,4556.0,4543.01,4545.92,6122,19,0
2026-05-21 21:15:00,4546.03,4550.46,4544.28,4548.12,5236,19,0
2026-05-21 21:30:00,4548.38,4549.31,4542.73,4545.12,4448,19,0
2026-05-21 21:45:00,4545.1,4545.93,4527.3,4531.8,6082,19,0
2026-05-21 22:00:00,4531.82,4537.63,4529.65,4537.62,5283,20,0
2026-05-21 22:15:00,4537.55,4541.96,4537.51,4538.73,4049,19,0
2026-05-21 22:30:00,4538.7,4543.18,4538.5,4539.07,3580,28,0
2026-05-21 22:45:00,4539.12,4543.57,4534.64,4542.96,4505,19,0
2026-05-21 23:00:00,4542.95,4544.6,4541.02,4542.45,3000,21,0
2026-05-21 23:15:00,4542.11,4542.6,4540.17,4541.18,1840,22,0
2026-05-21 23:30:00,4541.19,4542.11,4540.23,4540.64,1373,33,0
2026-05-21 23:45:00,4540.48,4541.26,4538.36,4541.11,1180,22,0
2026-05-22 01:00:00,4543.37,4543.55,4538.97,4541.72,1194,32,0
2026-05-22 01:15:00,4541.7,4543.11,4539.95,4541.05,1515,19,0
2026-05-22 01:30:00,4541.36,4543.62,4539.65,4542.57,1423,19,0
2026-05-22 01:45:00,4542.52,4543.28,4540.74,4543.26,1339,32,0
2026-05-22 02:00:00,4543.18,4544.91,4542.53,4543.67,1576,33,0
2026-05-22 02:15:00,4543.7,4544.32,4538.07,4540.39,1710,22,0
2026-05-22 02:30:00,4540.4,4540.4,4532.63,4533.35,2003,19,0
2026-05-22 02:45:00,4532.53,4536.38,4532.14,4535.27,2572,32,0
2026-05-22 03:00:00,4535.31,4536.8,4530.76,4531.24,3758,21,0
2026-05-22 03:15:00,4531.24,4537.13,4530.0,4536.09,3380,19,0
2026-05-22 03:30:00,4536.15,4540.89,4535.54,4537.79,3426,19,0
2026-05-22 03:45:00,4537.88,4538.8,4525.26,4526.46,3410,20,0
2026-05-22 04:00:00,4526.1,4535.88,4523.14,4529.48,4797,19,0
2026-05-22 04:15:00,4529.3,4533.27,4526.14,4528.89,3829,20,0
2026-05-22 04:30:00,4528.84,4529.56,4520.71,4524.79,4338,20,0
2026-05-22 04:45:00,4524.72,4531.92,4524.39,4526.02,4350,19,0
2026-05-22 05:00:00,4526.1,4529.13,4521.42,4527.4,3852,33,0
2026-05-22 05:15:00,4527.82,4528.99,4522.42,4524.37,3285,32,0
2026-05-22 05:30:00,4524.34,4524.34,4517.55,4522.3,3746,31,0
2026-05-22 05:45:00,4522.31,4526.8,4519.21,4522.92,3640,32,0
2026-05-22 06:00:00,4522.92,4524.9,4520.28,4520.83,3294,32,0
2026-05-22 06:15:00,4520.95,4522.64,4518.8,4521.47,2966,32,0
2026-05-22 06:30:00,4521.48,4527.45,4521.43,4526.67,2891,20,0
2026-05-22 06:45:00,4526.63,4529.59,4526.15,4529.18,2284,32,0
2026-05-22 07:00:00,4529.19,4530.14,4527.68,4529.02,2347,19,0
2026-05-22 07:15:00,4529.02,4532.9,4527.51,4531.93,2435,20,0
2026-05-22 07:30:00,4531.94,4532.33,4525.2,4528.87,2793,32,0
2026-05-22 07:45:00,4528.84,4530.13,4526.89,4527.08,2097,21,0
2026-05-22 08:00:00,4527.06,4529.45,4523.43,4525.22,2511,20,0
2026-05-22 08:15:00,4525.21,4528.84,4523.1,4525.85,2661,31,0
2026-05-22 08:30:00,4525.74,4534.05,4525.01,4533.86,4187,19,0
2026-05-22 08:45:00,4534.01,4534.06,4507.04,4510.91,4585,19,0
2026-05-22 09:00:00,4510.99,4524.34,4509.93,4521.45,4971,20,0
2026-05-22 09:15:00,4521.36,4526.08,4516.23,4525.16,4494,20,0
2026-05-22 09:30:00,4525.05,4527.32,4521.43,4526.56,3910,19,0
2026-05-22 09:45:00,4526.61,4528.69,4523.89,4526.8,3814,20,0
2026-05-22 10:00:00,4526.79,4527.07,4521.54,4522.38,4006,33,0
2026-05-22 10:15:00,4522.4,4527.39,4522.22,4525.79,3483,33,0
2026-05-22 10:30:00,4525.84,4526.05,4516.19,4519.79,3926,33,0
2026-05-22 10:45:00,4519.77,4523.17,4517.41,4521.8,3350,19,0
2026-05-22 11:00:00,4522.03,4530.21,4521.35,4524.74,4143,22,0
2026-05-22 11:15:00,4524.75,4530.9,4523.86,4526.6,4462,32,0
2026-05-22 11:30:00,4526.67,4527.06,4516.65,4522.28,4448,27,0
2026-05-22 11:45:00,4522.28,4524.78,4521.37,4521.73,3396,31,0
2026-05-22 12:00:00,4521.72,4525.78,4517.03,4517.16,3762,20,0
2026-05-22 12:15:00,4517.13,4520.3,4514.93,4517.6,3965,21,0
2026-05-22 12:30:00,4517.58,4525.89,4514.64,4525.13,3785,19,0
2026-05-22 12:45:00,4525.15,4535.86,4524.63,4532.37,3854,19,0
2026-05-22 13:00:00,4532.36,4536.87,4529.7,4533.75,3636,19,0
2026-05-22 13:15:00,4533.75,4534.18,4524.59,4524.93,3446,19,0
2026-05-22 13:30:00,4524.93,4525.52,4511.98,4512.34,4534,24,0
2026-05-22 13:45:00,4512.33,4514.58,4509.61,4514.14,3690,19,0
2026-05-22 14:00:00,4513.98,4516.73,4513.29,4515.61,3381,19,0
2026-05-22 14:15:00,4515.6,4515.6,4511.28,4511.62,3156,19,0
2026-05-22 14:30:00,4511.61,4522.58,4510.89,4521.3,3697,19,0
2026-05-22 14:45:00,4521.37,4524.78,4519.74,4520.38,3556,33,0
2026-05-22 15:00:00,4520.2,4529.65,4518.5,4529.02,4325,20,0
2026-05-22 15:15:00,4528.94,4535.42,4520.81,4521.55,5203,20,0
2026-05-22 15:30:00,4521.48,4523.48,4514.78,4518.42,4501,19,0
2026-05-22 15:45:00,4518.43,4527.78,4517.14,4527.65,4310,19,0
2026-05-22 16:00:00,4527.59,4534.15,4520.59,4528.06,5484,19,0
2026-05-22 16:15:00,4528.27,4529.65,4521.16,4521.74,4807,19,0
2026-05-22 16:30:00,4521.73,4526.88,4510.88,4517.39,5946,21,0
2026-05-22 16:45:00,4517.46,4518.83,4509.92,4513.46,5591,19,0
2026-05-22 17:00:00,4513.49,4513.49,4492.0,4497.65,6093,19,0
2026-05-22 17:15:00,4497.6,4500.37,4491.36,4498.51,6182,19,0
2026-05-22 17:30:00,4498.57,4505.73,4496.74,4504.19,5241,19,0
2026-05-22 17:45:00,4504.15,4507.01,4500.11,4500.29,4614,19,0
2026-05-22 18:00:00,4500.34,4511.9,4499.99,4511.08,4859,20,0
2026-05-22 18:15:00,4511.34,4519.2,4510.44,4519.2,4602,19,0
2026-05-22 18:30:00,4519.19,4522.38,4517.44,4518.22,4539,19,0
2026-05-22 18:45:00,4518.25,4522.08,4514.63,4520.11,4384,19,0
2026-05-22 19:00:00,4520.07,4520.36,4516.99,4519.7,3805,19,0
2026-05-22 19:15:00,4519.54,4524.16,4516.96,4523.5,3637,21,0
2026-05-22 19:30:00,4523.52,4526.66,4512.69,4514.97,4347,19,0
2026-05-22 19:45:00,4514.91,4517.96,4512.16,4514.79,4060,20,0
2026-05-22 20:00:00,4514.87,4520.92,4514.63,4519.3,3792,20,0
2026-05-22 20:15:00,4519.23,4526.04,4512.95,4525.06,4378,19,0
2026-05-22 20:30:00,4525.19,4527.74,4519.38,4522.14,4645,19,0
2026-05-22 20:45:00,4522.12,4522.74,4518.49,4519.11,3716,33,0
2026-05-22 21:00:00,4519.17,4519.37,4511.84,4513.66,3798,19,0
2026-05-22 21:15:00,4513.65,4517.72,4512.32,4515.11,3330,19,0
2026-05-22 21:30:00,4515.18,4520.2,4513.68,4515.0,3176,26,0
2026-05-22 21:45:00,4514.98,4515.79,4512.57,4514.66,3010,22,0
2026-05-22 22:00:00,4514.93,4515.6,4506.66,4507.07,3793,20,0
2026-05-22 22:15:00,4507.09,4508.83,4505.89,4506.91,2873,19,0
2026-05-22 22:30:00,4506.87,4510.48,4503.98,4509.37,3040,19,0
2026-05-22 22:45:00,4509.38,4509.66,4506.36,4508.01,3215,33,0
2026-05-22 23:00:00,4507.94,4508.99,4504.54,4507.69,1944,29,0
2026-05-22 23:15:00,4507.74,4510.2,4506.57,4510.0,1552,24,0
2026-05-22 23:30:00,4510.0,4510.25,4504.22,4504.42,2158,33,0
2026-05-22 23:45:00,4504.57,4508.12,4503.4,4506.25,1755,33,0
2026-05-25 01:00:00,4549.13,4557.87,4548.5,4555.09,2760,25,0
2026-05-25 01:15:00,4555.16,4556.25,4548.71,4551.91,3632,20,0
2026-05-25 01:30:00,4551.94,4560.74,4551.51,4558.24,3098,23,0
2026-05-25 01:45:00,4558.23,4565.42,4557.91,4564.92,2976,19,0
2026-05-25 02:00:00,4564.91,4576.48,4564.9,4574.51,3281,32,0
2026-05-25 02:15:00,4574.52,4578.4,4573.56,4575.08,2839,32,0
2026-05-25 02:30:00,4575.08,4579.71,4574.85,4577.48,2762,31,0
2026-05-25 02:45:00,4577.48,4578.52,4565.99,4567.26,3326,19,0
2026-05-25 03:00:00,4567.24,4576.11,4566.32,4572.71,4034,31,0
2026-05-25 03:15:00,4572.73,4575.53,4569.99,4572.33,3499,32,0
2026-05-25 03:30:00,4572.54,4575.69,4570.95,4571.56,3082,32,0
2026-05-25 03:45:00,4571.57,4579.55,4566.21,4569.36,3846,19,0
2026-05-25 04:00:00,4569.35,4576.15,4560.5,4565.59,5212,20,0
2026-05-25 04:15:00,4565.58,4575.61,4562.32,4573.85,4394,20,0
2026-05-25 04:30:00,4573.37,4574.82,4563.34,4563.55,4051,33,0
2026-05-25 04:45:00,4563.58,4567.29,4560.22,4562.82,3908,32,0
2026-05-25 05:00:00,4562.76,4568.28,4561.35,4562.26,3914,31,0
2026-05-25 05:15:00,4562.37,4563.43,4558.75,4562.97,3006,21,0
2026-05-25 05:30:00,4562.98,4569.46,4561.78,4569.46,3540,32,0
2026-05-25 05:45:00,4569.55,4570.27,4559.57,4561.31,3318,31,0
2026-05-25 06:00:00,4561.31,4564.4,4560.3,4563.18,3391,32,0
2026-05-25 06:15:00,4563.22,4564.54,4560.09,4560.82,2891,33,0
2026-05-25 06:30:00,4560.93,4564.21,4558.18,4558.57,2791,32,0
2026-05-25 06:45:00,4558.67,4561.16,4556.78,4559.48,2711,22,0
2026-05-25 07:00:00,4559.49,4562.8,4559.15,4561.1,2247,33,0
2026-05-25 07:15:00,4560.88,4566.07,4560.11,4565.44,2315,33,0
2026-05-25 07:30:00,4565.46,4565.76,4559.68,4562.44,2636,21,0
2026-05-25 07:45:00,4562.49,4565.7,4562.35,4564.78,1846,32,0
2026-05-25 08:00:00,4564.72,4566.07,4563.02,4563.65,1939,32,0
2026-05-25 08:15:00,4563.55,4563.72,4554.17,4554.28,2660,26,0
2026-05-25 08:30:00,4554.36,4560.94,4552.82,4557.02,3610,20,0
2026-05-25 08:45:00,4556.99,4558.01,4551.83,4553.32,3377,19,0
2026-05-25 09:00:00,4553.06,4555.87,4550.53,4553.77,3636,19,0
2026-05-25 09:15:00,4553.77,4557.49,4552.13,4554.27,3529,19,0
2026-05-25 09:30:00,4554.57,4557.35,4553.62,4556.42,3204,20,0
2026-05-25 09:45:00,4556.34,4563.52,4556.14,4562.72,3690,32,0
2026-05-25 10:00:00,4562.86,4564.99,4560.58,4561.07,3560,26,0
2026-05-25 10:15:00,4560.89,4561.61,4552.82,4554.65,4229,21,0
2026-05-25 10:30:00,4554.52,4561.77,4554.15,4560.02,3319,32,0
2026-05-25 10:45:00,4560.01,4565.35,4558.79,4565.14,2932,19,0
2026-05-25 11:00:00,4565.15,4565.26,4560.0,4561.36,2997,33,0
2026-05-25 11:15:00,4561.38,4561.71,4553.82,4555.16,3190,19,0
2026-05-25 11:30:00,4555.13,4558.16,4553.43,4554.63,2837,32,0
2026-05-25 11:45:00,4554.66,4556.57,4553.42,4556.02,2177,33,0
2026-05-25 12:00:00,4556.01,4558.51,4554.78,4555.26,2474,32,0
2026-05-25 12:15:00,4555.27,4558.73,4555.27,4558.44,2117,21,0
2026-05-25 12:30:00,4558.42,4566.39,4557.99,4566.0,3401,19,0
2026-05-25 12:45:00,4566.0,4569.52,4564.8,4568.01,2791,19,0
2026-05-25 13:00:00,4568.0,4572.84,4567.83,4572.33,2949,22,0
2026-05-25 13:15:00,4572.82,4574.23,4570.31,4571.43,2912,32,0
2026-05-25 13:30:00,4571.46,4573.58,4569.01,4570.55,2752,19,0
2026-05-25 13:45:00,4570.55,4572.78,4568.69,4569.03,2114,32,0
2026-05-25 14:00:00,4569.04,4573.12,4568.13,4572.66,2106,22,0
2026-05-25 14:15:00,4572.68,4575.57,4569.98,4571.92,2901,32,0
2026-05-25 14:30:00,4571.93,4576.62,4571.93,4574.88,2867,32,0
2026-05-25 14:45:00,4574.86,4577.3,4569.51,4569.88,2939,31,0
2026-05-25 15:00:00,4569.92,4569.93,4556.24,4556.47,4353,20,0
2026-05-25 15:15:00,4556.5,4560.55,4552.89,4560.37,3809,26,0
2026-05-25 15:30:00,4560.41,4570.06,4559.63,4566.49,3585,19,0
2026-05-25 15:45:00,4566.52,4568.95,4564.22,4567.27,3074,21,0
2026-05-25 16:00:00,4566.94,4571.56,4561.95,4564.4,4322,19,0
2026-05-25 16:15:00,4564.42,4564.64,4560.62,4561.87,3501,31,0
2026-05-25 16:30:00,4561.83,4565.72,4561.58,4565.29,3439,27,0
2026-05-25 16:45:00,4565.32,4565.46,4560.29,4563.32,3386,20,0
2026-05-25 17:00:00,4563.29,4570.2,4561.94,4567.97,3552,24,0
2026-05-25 17:15:00,4567.93,4570.81,4567.58,4568.16,3174,19,0
2026-05-25 17:30:00,4568.14,4568.75,4565.18,4567.16,3260,32,0
2026-05-25 17:45:00,4567.11,4569.35,4565.51,4566.9,3366,21,0
2026-05-25 18:00:00,4566.97,4573.97,4565.87,4570.5,3762,19,0
2026-05-25 18:15:00,4570.34,4574.92,4568.09,4573.72,3738,20,0
2026-05-25 18:30:00,4573.68,4573.68,4567.01,4569.21,2740,33,0
2026-05-25 18:45:00,4569.21,4573.07,4568.93,4571.31,2045,24,0
2026-05-25 19:00:00,4571.38,4571.66,4568.99,4570.86,1992,33,0
2026-05-25 19:15:00,4570.83,4570.97,4568.41,4568.61,1732,22,0
2026-05-25 19:30:00,4568.47,4572.7,4568.26,4572.43,2346,33,0
2026-05-25 19:45:00,4572.44,4575.13,4571.26,4573.88,2538,21,0
2026-05-25 20:00:00,4573.96,4578.61,4573.43,4574.52,2708,19,0
2026-05-25 20:15:00,4574.51,4575.05,4570.74,4571.5,1991,19,0
2026-05-25 20:30:00,4571.49,4571.73,4571.39,4571.47,96,33,0
2026-05-26 01:00:00,4570.02,4574.39,4569.55,4573.73,1257,32,0
2026-05-26 01:15:00,4573.72,4575.91,4572.88,4572.88,1884,32,0
2026-05-26 01:30:00,4572.94,4575.42,4569.87,4574.14,2466,19,0
2026-05-26 01:45:00,4574.06,4577.02,4573.73,4575.29,2071,21,0
2026-05-26 02:00:00,4575.3,4579.65,4574.05,4579.4,2332,32,0
2026-05-26 02:15:00,4579.38,4580.55,4567.34,4568.36,2634,20,0
2026-05-26 02:30:00,4568.12,4568.73,4555.1,4556.84,3727,19,0
2026-05-26 02:45:00,4556.91,4562.75,4555.77,4555.77,2980,19,0
2026-05-26 03:00:00,4555.58,4556.36,4547.3,4551.68,4514,21,0
2026-05-26 03:15:00,4551.84,4552.2,4539.76,4548.42,4273,32,0
2026-05-26 03:30:00,4548.46,4551.8,4542.28,4546.66,3672,32,0
2026-05-26 03:45:00,4546.67,4550.48,4538.27,4549.24,4124,20,0
2026-05-26 04:00:00,4549.27,4549.63,4542.27,4548.45,4929,19,0
2026-05-26 04:15:00,4548.39,4549.02,4541.82,4543.8,4151,20,0
2026-05-26 04:30:00,4543.8,4544.23,4527.8,4531.93,5191,19,0
2026-05-26 04:45:00,4531.99,4536.13,4530.73,4535.63,3975,19,0
2026-05-26 05:00:00,4535.61,4538.27,4534.06,4537.18,3331,31,0
2026-05-26 05:15:00,4537.18,4537.75,4535.06,4535.7,2540,32,0
2026-05-26 05:30:00,4535.69,4537.34,4532.25,4532.74,3519,32,0
2026-05-26 05:45:00,4532.71,4533.4,4528.75,4530.97,3327,21,0
2026-05-26 06:00:00,4530.9,4536.87,4530.71,4535.67,2939,32,0
2026-05-26 06:15:00,4535.64,4542.34,4535.48,4541.47,3197,32,0
2026-05-26 06:30:00,4541.61,4544.66,4540.84,4541.24,2444,20,0
2026-05-26 06:45:00,4541.12,4543.78,4540.69,4542.39,1934,32,0
2026-05-26 07:00:00,4542.34,4543.31,4536.12,4537.14,2237,32,0
2026-05-26 07:15:00,4537.31,4539.47,4532.45,4532.49,2196,19,0
2026-05-26 07:30:00,4532.49,4533.21,4525.02,4525.98,3173,20,0
2026-05-26 07:45:00,4526.0,4528.72,4523.03,4525.06,3033,19,0
2026-05-26 08:00:00,4525.01,4531.14,4522.37,4529.06,3262,29,0
2026-05-26 08:15:00,4529.01,4531.08,4528.37,4530.73,2388,32,0
2026-05-26 08:30:00,4530.75,4534.86,4527.72,4529.47,3979,32,0
2026-05-26 08:45:00,4529.46,4529.66,4523.27,4526.78,3907,21,0
2026-05-26 09:00:00,4526.89,4532.48,4526.59,4531.31,3733,19,0
2026-05-26 09:15:00,4531.35,4536.35,4528.34,4529.97,3627,19,0
2026-05-26 09:30:00,4529.86,4534.13,4528.31,4533.73,3552,33,0
2026-05-26 09:45:00,4533.73,4533.99,4527.88,4531.23,3645,32,0
2026-05-26 10:00:00,4530.94,4533.63,4525.99,4528.44,4373,20,0
2026-05-26 10:15:00,4528.34,4530.87,4521.8,4529.44,4025,19,0
2026-05-26 10:30:00,4529.49,4529.61,4520.79,4526.71,4250,21,0
2026-05-26 10:45:00,4526.67,4538.94,4525.28,4538.7,4176,20,0
2026-05-26 11:00:00,4538.09,4538.57,4526.74,4527.47,4014,25,0
2026-05-26 11:15:00,4527.55,4529.88,4520.14,4521.84,3844,25,0
2026-05-26 11:30:00,4521.84,4526.06,4519.62,4525.2,3896,22,0
2026-05-26 11:45:00,4525.2,4527.05,4520.05,4523.94,3594,20,0
2026-05-26 12:00:00,4524.01,4524.53,4518.77,4519.76,3279,33,0
2026-05-26 12:15:00,4519.38,4526.07,4517.93,4524.64,4051,25,0
2026-05-26 12:30:00,4524.63,4525.06,4511.66,4512.75,4122,19,0
2026-05-26 12:45:00,4512.93,4523.01,4512.93,4522.18,3738,21,0
2026-05-26 13:00:00,4522.2,4531.83,4519.12,4529.55,4162,21,0
2026-05-26 13:15:00,4529.48,4535.22,4527.2,4533.34,3575,19,0
2026-05-26 13:30:00,4533.34,4538.43,4531.41,4533.13,4096,22,0
2026-05-26 13:45:00,4533.08,4540.86,4532.95,4535.05,3813,21,0
2026-05-26 14:00:00,4535.0,4536.28,4531.71,4531.82,3083,19,0
2026-05-26 14:15:00,4531.82,4532.75,4521.85,4523.61,3811,19,0
2026-05-26 14:30:00,4523.6,4523.62,4504.12,4509.34,5394,19,0
2026-05-26 14:45:00,4509.34,4515.17,4503.27,4505.33,4812,19,0
2026-05-26 15:00:00,4505.31,4511.88,4504.02,4509.97,4570,19,0
2026-05-26 15:15:00,4509.93,4515.52,4503.37,4505.69,4265,19,0
2026-05-26 15:30:00,4505.69,4511.69,4500.04,4511.52,4703,19,0
2026-05-26 15:45:00,4511.52,4523.35,4509.67,4519.49,4724,19,0
2026-05-26 16:00:00,4519.2,4526.24,4515.9,4518.73,4571,19,0
2026-05-26 16:15:00,4518.73,4527.33,4517.85,4522.89,4374,19,0
2026-05-26 16:30:00,4523.1,4531.24,4521.21,4527.66,5351,19,0
2026-05-26 16:45:00,4527.7,4529.28,4511.87,4514.41,5474,19,0
2026-05-26 17:00:00,4514.4,4519.96,4507.32,4510.9,5294,20,0
2026-05-26 17:15:00,4510.92,4517.74,4508.23,4517.56,4659,20,0
2026-05-26 17:30:00,4517.49,4524.6,4516.56,4521.61,4669,19,0
2026-05-26 17:45:00,4521.69,4521.99,4512.59,4515.32,4415,20,0
2026-05-26 18:00:00,4515.3,4515.33,4508.04,4509.41,4835,19,0
2026-05-26 18:15:00,4509.41,4510.28,4504.4,4505.75,4430,21,0
2026-05-26 18:30:00,4505.75,4508.43,4501.75,4507.71,4622,33,0
2026-05-26 18:45:00,4507.69,4510.33,4505.47,4506.37,4203,33,0
2026-05-26 19:00:00,4506.32,4507.92,4500.38,4500.63,3802,19,0
2026-05-26 19:15:00,4500.64,4508.23,4498.65,4507.38,3823,23,0
2026-05-26 19:30:00,4507.38,4510.55,4505.69,4506.14,3694,23,0
2026-05-26 19:45:00,4506.12,4507.54,4502.66,4504.42,3520,33,0
2026-05-26 20:00:00,4504.46,4507.11,4502.76,4503.1,3315,24,0
2026-05-26 20:15:00,4503.1,4507.03,4499.56,4500.98,3618,33,0
2026-05-26 20:30:00,4500.7,4501.38,4496.58,4498.14,3879,19,0
2026-05-26 20:45:00,4498.2,4500.79,4489.51,4490.43,3671,19,0
2026-05-26 21:00:00,4490.23,4492.83,4481.65,4486.72,4201,19,0
2026-05-26 21:15:00,4486.71,4495.63,4486.0,4495.14,3346,21,0
2026-05-26 21:30:00,4494.99,4497.96,4493.8,4495.72,2977,33,0
2026-05-26 21:45:00,4495.79,4499.43,4495.79,4499.43,2984,19,0
2026-05-26 22:00:00,4499.36,4500.83,4497.38,4499.18,2828,33,0
2026-05-26 22:15:00,4499.12,4504.39,4498.45,4501.75,2899,21,0
2026-05-26 22:30:00,4501.67,4505.65,4500.45,4504.47,2860,33,0
2026-05-26 22:45:00,4504.48,4509.6,4503.87,4508.8,3293,25,0
2026-05-26 23:00:00,4508.71,4510.61,4506.07,4507.61,2058,33,0
2026-05-26 23:15:00,4507.61,4509.76,4505.55,4506.64,1419,33,0
2026-05-26 23:30:00,4506.75,4509.67,4505.72,4509.15,1160,33,0
2026-05-26 23:45:00,4509.04,4510.04,4502.58,4505.51,1580,33,0
2026-05-27 01:00:00,4500.81,4508.74,4492.71,4504.48,1652,19,0
2026-05-27 01:15:00,4504.48,4509.93,4502.11,4504.26,2532,21,0
2026-05-27 01:30:00,4504.27,4505.63,4497.69,4500.41,2405,29,0
2026-05-27 01:45:00,4500.35,4512.26,4499.16,4510.62,2343,33,0
2026-05-27 02:00:00,4510.59,4513.39,4507.5,4508.63,2392,32,0
2026-05-27 02:15:00,4508.63,4512.09,4504.16,4511.65,2634,19,0
2026-05-27 02:30:00,4511.73,4526.6,4510.85,4526.13,3114,33,0
2026-05-27 02:45:00,4525.51,4527.26,4518.34,4519.04,3103,24,0
2026-05-27 03:00:00,4519.01,4525.47,4517.28,4521.47,3600,32,0
2026-05-27 03:15:00,4521.47,4522.21,4514.04,4517.66,3385,23,0
2026-05-27 03:30:00,4517.7,4520.56,4516.67,4518.45,2853,33,0
2026-05-27 03:45:00,4518.46,4521.86,4514.01,4514.48,3009,19,0
2026-05-27 04:00:00,4514.48,4519.67,4511.39,4518.31,4347,33,0
2026-05-27 04:15:00,4518.29,4520.25,4513.99,4515.91,3363,32,0
2026-05-27 04:30:00,4515.6,4517.06,4509.28,4510.08,3448,25,0
2026-05-27 04:45:00,4510.17,4510.5,4506.74,4507.7,3115,33,0
2026-05-27 05:00:00,4507.83,4509.34,4501.95,4503.97,3672,32,0
2026-05-27 05:15:00,4503.96,4505.07,4498.84,4504.75,2850,32,0
2026-05-27 05:30:00,4504.74,4505.03,4497.34,4498.51,3058,32,0
2026-05-27 05:45:00,4498.5,4505.59,4496.52,4504.31,2665,32,0
2026-05-27 06:00:00,4504.31,4508.95,4503.67,4507.82,2844,32,0
2026-05-27 06:15:00,4507.78,4510.43,4504.96,4506.44,2809,19,0
2026-05-27 06:30:00,4506.45,4506.6,4501.51,4504.09,2102,32,0
2026-05-27 06:45:00,4504.11,4505.38,4496.03,4496.9,2268,32,0
2026-05-27 07:00:00,4496.92,4502.37,4495.74,4501.94,2363,32,0
2026-05-27 07:15:00,4501.94,4502.03,4498.18,4498.24,2007,32,0
2026-05-27 07:30:00,4498.24,4507.1,4496.47,4507.1,2771,21,0
2026-05-27 07:45:00,4507.07,4516.3,4506.93,4509.92,3344,22,0
2026-05-27 08:00:00,4509.98,4514.2,4508.09,4510.04,2811,20,0
2026-05-27 08:15:00,4510.03,4510.15,4505.02,4507.81,2985,20,0
2026-05-27 08:30:00,4507.78,4509.17,4490.91,4492.32,5237,22,0
2026-05-27 08:45:00,4492.4,4500.96,4490.69,4496.44,4618,32,0
2026-05-27 09:00:00,4496.38,4498.04,4492.62,4492.87,4455,19,0
2026-05-27 09:15:00,4492.84,4494.71,4482.53,4486.16,4691,22,0
2026-05-27 09:30:00,4486.12,4487.28,4478.73,4487.05,4386,31,0
2026-05-27 09:45:00,4487.07,4489.76,4483.08,4484.87,3674,31,0
2026-05-27 10:00:00,4484.84,4488.0,4478.91,4479.49,3778,27,0
2026-05-27 10:15:00,4479.51,4488.29,4479.51,4484.93,3564,21,0
2026-05-27 10:30:00,4484.93,4487.14,4479.84,4481.23,3361,19,0
2026-05-27 10:45:00,4481.18,4482.49,4474.16,4480.52,3538,19,0
2026-05-27 11:00:00,4479.6,4487.67,4479.6,4485.66,3863,23,0
2026-05-27 11:15:00,4485.76,4492.68,4485.47,4489.03,3504,19,0
2026-05-27 11:30:00,4489.04,4496.53,4485.83,4496.16,3481,22,0
2026-05-27 11:45:00,4496.09,4498.32,4492.7,4497.0,3302,19,0
2026-05-27 12:00:00,4496.97,4496.97,4487.43,4490.57,3470,20,0
2026-05-27 12:15:00,4490.59,4494.33,4488.55,4489.62,3022,19,0
2026-05-27 12:30:00,4489.61,4492.64,4486.48,4488.83,2907,21,0
2026-05-27 12:45:00,4488.83,4493.48,4488.25,4490.6,2266,32,0
2026-05-27 13:00:00,4490.55,4491.06,4485.06,4486.11,2780,21,0
2026-05-27 13:15:00,4486.04,4487.04,4477.05,4477.48,3440,20,0
2026-05-27 13:30:00,4477.48,4477.67,4462.26,4466.02,4657,21,0
2026-05-27 13:45:00,4465.82,4467.29,4442.17,4445.31,5473,19,0
2026-05-27 14:00:00,4445.28,4452.67,4443.04,4450.75,4523,25,0
2026-05-27 14:15:00,4450.74,4451.92,4439.01,4440.33,4351,19,0
2026-05-27 14:30:00,4440.24,4443.85,4431.58,4442.74,4484,20,0
2026-05-27 14:45:00,4442.78,4444.34,4424.41,4428.14,4446,20,0
2026-05-27 15:00:00,4428.18,4437.24,4427.84,4430.04,4498,21,0
2026-05-27 15:15:00,4429.81,4466.11,4426.88,4454.53,5925,20,0
2026-05-27 15:30:00,4454.4,4459.95,4444.51,4446.9,5257,19,0
2026-05-27 15:45:00,4446.85,4447.95,4437.46,4438.32,4636,27,0
2026-05-27 16:00:00,4438.33,4438.48,4410.43,4416.37,5987,24,0
2026-05-27 16:15:00,4416.37,4420.78,4401.04,4404.85,5735,19,0
2026-05-27 16:30:00,4404.66,4425.31,4404.33,4418.98,6159,21,0
2026-05-27 16:45:00,4418.71,4433.75,4418.24,4427.23,5622,22,0
2026-05-27 17:00:00,4427.22,4455.26,4425.86,4447.8,5679,20,0
2026-05-27 17:15:00,4447.76,4455.09,4440.08,4445.45,5508,19,0
2026-05-27 17:30:00,4445.44,4449.05,4435.52,4443.02,5199,20,0
2026-05-27 17:45:00,4442.99,4446.12,4433.14,4433.95,4673,22,0
2026-05-27 18:00:00,4433.95,4438.17,4427.91,4431.82,4687,18,0
2026-05-27 18:15:00,4431.81,4435.6,4429.51,4435.45,4003,26,0
2026-05-27 18:30:00,4435.68,4441.24,4432.67,4433.88,4184,19,0
2026-05-27 18:45:00,4433.9,4438.59,4430.69,4436.2,4094,22,0
2026-05-27 19:00:00,4436.22,4441.74,4434.0,4439.97,3736,32,0
2026-05-27 19:15:00,4440.02,4447.31,4439.66,4446.57,3185,32,0
2026-05-27 19:30:00,4446.43,4452.94,4445.04,4450.7,3349,19,0
2026-05-27 19:45:00,4450.67,4453.26,4449.25,4450.74,3228,25,0
2026-05-27 20:00:00,4450.78,4451.57,4441.39,4443.99,4041,28,0
2026-05-27 20:15:00,4443.96,4451.04,4443.05,4449.62,3507,24,0
2026-05-27 20:30:00,4449.62,4454.33,4449.62,4450.27,3200,19,0
2026-05-27 20:45:00,4450.27,4453.7,4449.64,4450.07,2885,33,0
2026-05-27 21:00:00,4450.0,4451.73,4447.45,4449.78,2811,23,0
2026-05-27 21:15:00,4449.76,4458.26,4449.61,4455.25,2956,19,0
2026-05-27 21:30:00,4455.27,4456.38,4451.11,4453.08,2625,23,0
2026-05-27 21:45:00,4453.04,4454.69,4451.96,4453.99,2139,32,0
2026-05-27 22:00:00,4453.98,4454.45,4450.11,4451.45,2289,32,0
2026-05-27 22:15:00,4451.36,4453.84,4449.23,4450.66,2626,32,0
2026-05-27 22:30:00,4450.7,4454.45,4449.21,4453.37,2301,33,0
2026-05-27 22:45:00,4453.27,4453.51,4448.69,4450.63,2478,32,0
2026-05-27 23:00:00,4450.6,4454.84,4449.59,4454.83,1574,32,0
2026-05-27 23:15:00,4454.87,4458.69,4454.48,4454.85,1626,19,0
2026-05-27 23:30:00,4454.84,4455.45,4451.32,4453.38,1209,33,0
2026-05-27 23:45:00,4453.39,4454.59,4452.31,4454.53,952,33,0
2026-05-28 01:00:00,4455.08,4460.64,4454.05,4457.73,1245,32,0
2026-05-28 01:15:00,4457.73,4461.73,4456.38,4459.71,1767,21,0
2026-05-28 01:30:00,4459.65,4462.15,4455.01,4458.27,2222,19,0
2026-05-28 01:45:00,4458.25,4458.62,4455.22,4457.1,1532,32,0
2026-05-28 02:00:00,4457.11,4457.47,4451.47,4453.23,2271,19,0
2026-05-28 02:15:00,4453.24,4454.81,4449.07,4450.51,2683,21,0
2026-05-28 02:30:00,4450.52,4453.93,4449.08,4450.73,2281,19,0
2026-05-28 02:45:00,4450.8,4450.81,4443.95,4447.52,3047,26,0
2026-05-28 03:00:00,4447.51,4453.26,4445.59,4445.7,3698,27,0
2026-05-28 03:15:00,4445.68,4454.91,4445.05,4447.19,3797,21,0
2026-05-28 03:30:00,4447.21,4454.1,4444.68,4452.89,3203,21,0
2026-05-28 03:45:00,4453.0,4458.79,4451.67,4458.02,2913,19,0
2026-05-28 04:00:00,4458.05,4459.41,4438.82,4439.16,4758,32,0
2026-05-28 04:15:00,4439.13,4441.48,4418.13,4420.3,4831,27,0
2026-05-28 04:30:00,4420.02,4427.28,4416.86,4418.45,4930,21,0
2026-05-28 04:45:00,4418.46,4421.31,4407.53,4410.55,5109,19,0
2026-05-28 05:00:00,4410.59,4413.22,4396.46,4402.8,4953,21,0
2026-05-28 05:15:00,4402.77,4407.85,4399.29,4405.16,3790,32,0
2026-05-28 05:30:00,4405.13,4409.27,4399.31,4400.6,4103,20,0
2026-05-28 05:45:00,4400.63,4400.96,4390.7,4392.95,4343,23,0
2026-05-28 06:00:00,4392.94,4396.54,4388.81,4392.9,4270,19,0
2026-05-28 06:15:00,4392.89,4393.3,4381.25,4386.55,4635,20,0
2026-05-28 06:30:00,4386.43,4386.8,4369.87,4375.7,5030,20,0
2026-05-28 06:45:00,4375.7,4378.14,4367.5,4373.86,4431,32,0
2026-05-28 07:00:00,4373.82,4380.91,4368.69,4375.37,4154,25,0
2026-05-28 07:15:00,4375.37,4375.96,4365.3,4367.05,4151,22,0
2026-05-28 07:30:00,4367.05,4374.1,4367.01,4373.09,3922,19,0
2026-05-28 07:45:00,4373.12,4374.23,4366.74,4371.78,3790,20,0
2026-05-28 08:00:00,4371.93,4375.79,4365.95,4373.97,3827,24,0
2026-05-28 08:15:00,4373.96,4378.85,4370.53,4377.55,3602,19,0
2026-05-28 08:30:00,4377.58,4392.6,4374.32,4388.41,5010,23,0
2026-05-28 08:45:00,4388.43,4394.79,4386.85,4387.08,4295,21,0
2026-05-28 09:00:00,4387.15,4390.0,4373.65,4374.78,4238,19,0
2026-05-28 09:15:00,4374.7,4383.4,4372.95,4379.1,4078,19,0
2026-05-28 09:30:00,4379.03,4384.05,4375.51,4379.08,3659,19,0
2026-05-28 09:45:00,4379.11,4383.33,4377.8,4382.14,3694,23,0
2026-05-28 10:00:00,4382.19,4391.4,4382.19,4387.78,3918,22,0
2026-05-28 10:15:00,4388.19,4395.31,4385.39,4391.82,3568,22,0
2026-05-28 10:30:00,4391.79,4392.92,4384.5,4388.49,3590,19,0
2026-05-28 10:45:00,4388.43,4390.11,4382.02,4386.6,3707,20,0
2026-05-28 11:00:00,4386.93,4394.09,4385.51,4392.58,4137,19,0
2026-05-28 11:15:00,4392.58,4393.76,4387.04,4389.6,4065,30,0
2026-05-28 11:30:00,4389.65,4395.33,4386.58,4389.59,3738,19,0
2026-05-28 11:45:00,4389.68,4392.02,4386.34,4387.34,3115,20,0
2026-05-28 12:00:00,4387.22,4391.51,4386.59,4389.8,3429,21,0
2026-05-28 12:15:00,4389.69,4399.69,4389.0,4396.77,3713,23,0
2026-05-28 12:30:00,4396.52,4397.26,4390.48,4391.41,3816,24,0
2026-05-28 12:45:00,4391.4,4396.05,4389.92,4393.36,3476,19,0
2026-05-28 13:00:00,4393.41,4403.93,4391.23,4399.12,3570,20,0
2026-05-28 13:15:00,4399.13,4402.07,4393.75,4400.98,3500,24,0
2026-05-28 13:30:00,4400.97,4402.45,4388.07,4389.05,3781,25,0
2026-05-28 13:45:00,4388.92,4388.93,4375.07,4382.76,4826,19,0
2026-05-28 14:00:00,4382.73,4388.9,4381.3,4386.79,3944,19,0
2026-05-28 14:15:00,4386.57,4390.48,4384.37,4384.71,3471,19,0
2026-05-28 14:30:00,4384.74,4390.22,4380.74,4385.62,3794,21,0
2026-05-28 14:45:00,4385.63,4388.16,4380.93,4387.76,3927,22,0
2026-05-28 15:00:00,4388.09,4392.67,4387.8,4392.56,3650,19,0
2026-05-28 15:15:00,4392.53,4392.82,4379.41,4385.16,3946,21,0
2026-05-28 15:30:00,4385.18,4402.16,4383.77,4401.23,5237,19,0
2026-05-28 15:45:00,4401.21,4433.18,4400.78,4431.74,5365,19,0
2026-05-28 16:00:00,4431.81,4438.77,4425.02,4426.63,5840,19,0
2026-05-28 16:15:00,4426.62,4434.13,4425.74,4428.92,4776,23,0
2026-05-28 16:30:00,4428.59,4431.13,4418.36,4422.13,6000,25,0
2026-05-28 16:45:00,4422.15,4434.39,4421.69,4430.6,5549,19,0
2026-05-28 17:00:00,4430.16,4467.0,4420.79,4464.16,6106,18,0
2026-05-28 17:15:00,4464.21,4473.36,4451.39,4460.9,6675,20,0
2026-05-28 17:30:00,4460.84,4471.49,4452.71,4469.03,6169,20,0
2026-05-28 17:45:00,4469.0,4480.22,4462.07,4469.3,6215,22,0
2026-05-28 18:00:00,4469.27,4480.62,4468.66,4471.43,5703,19,0
2026-05-28 18:15:00,4471.48,4482.48,4469.24,4476.78,5010,20,0
2026-05-28 18:30:00,4476.76,4485.33,4476.76,4479.37,4830,31,0
2026-05-28 18:45:00,4479.4,4482.47,4478.68,4482.16,3907,19,0
2026-05-28 19:00:00,4482.45,4486.14,4477.91,4484.46,4184,19,0
2026-05-28 19:15:00,4484.46,4502.95,4484.11,4500.65,5417,19,0
2026-05-28 19:30:00,4500.65,4506.61,4497.76,4504.34,4484,32,0
2026-05-28 19:45:00,4504.32,4511.08,4504.32,4510.95,4393,32,0
2026-05-28 20:00:00,4511.15,4514.6,4503.64,4504.12,4584,19,0
2026-05-28 20:15:00,4504.07,4506.82,4501.3,4502.09,4331,20,0
2026-05-28 20:30:00,4502.11,4507.47,4502.11,4505.09,3360,33,0
2026-05-28 20:45:00,4505.04,4510.0,4504.74,4509.06,3355,24,0
2026-05-28 21:00:00,4509.1,4516.37,4506.17,4507.64,4168,19,0
2026-05-28 21:15:00,4507.62,4512.52,4505.52,4506.3,4074,32,0
2026-05-28 21:30:00,4506.31,4506.49,4500.56,4501.59,3584,22,0
2026-05-28 21:45:00,4501.59,4503.8,4498.64,4500.99,3472,24,0
2026-05-28 22:00:00,4501.41,4503.68,4498.61,4499.56,3030,26,0
2026-05-28 22:15:00,4499.59,4502.99,4499.59,4499.86,2526,33,0
2026-05-28 22:30:00,4499.91,4501.92,4499.07,4499.29,2560,33,0
2026-05-28 22:45:00,4499.29,4500.58,4497.11,4498.15,3193,19,0
2026-05-28 23:00:00,4498.06,4498.77,4495.04,4497.24,2352,33,0
2026-05-28 23:15:00,4497.26,4500.7,4496.62,4499.53,1811,32,0
2026-05-28 23:30:00,4499.55,4501.05,4495.18,4495.77,1712,32,0
2026-05-28 23:45:00,4495.78,4496.63,4493.73,4495.27,1143,33,0
2026-05-29 01:00:00,4496.25,4497.07,4490.57,4494.0,1069,33,0
2026-05-29 01:15:00,4493.96,4496.69,4492.71,4495.96,1636,32,0
2026-05-29 01:30:00,4495.95,4496.65,4493.14,4495.61,2054,32,0
2026-05-29 01:45:00,4495.63,4496.2,4490.91,4491.21,1723,33,0
2026-05-29 02:00:00,4491.22,4495.56,4491.22,4494.68,1835,20,0
2026-05-29 02:15:00,4494.71,4497.05,4491.74,4492.27,1727,33,0
2026-05-29 02:30:00,4492.26,4494.64,4489.19,4490.04,2335,25,0
2026-05-29 02:45:00,4490.14,4495.43,4488.76,4494.16,2475,24,0
2026-05-29 03:00:00,4494.18,4497.17,4491.15,4496.4,3762,25,0
2026-05-29 03:15:00,4496.4,4499.47,4494.83,4499.05,3115,30,0
2026-05-29 03:30:00,4498.94,4499.46,4492.61,4497.54,2911,32,0
2026-05-29 03:45:00,4497.38,4497.58,4492.45,4496.13,2858,19,0
2026-05-29 04:00:00,4496.16,4515.59,4492.0,4515.07,5139,20,0
2026-05-29 04:15:00,4515.07,4520.74,4505.38,4505.53,4605,21,0
2026-05-29 04:30:00,4505.48,4508.3,4502.92,4506.15,4160,31,0
2026-05-29 04:45:00,4506.15,4507.45,4500.86,4506.34,3798,32,0
2026-05-29 05:00:00,4506.05,4511.19,4504.17,4506.72,3666,24,0
2026-05-29 05:15:00,4506.76,4508.7,4500.89,4502.0,2775,32,0
2026-05-29 05:30:00,4502.0,4506.69,4497.25,4504.14,3516,32,0
2026-05-29 05:45:00,4504.18,4507.28,4500.3,4500.74,3332,33,0
2026-05-29 06:00:00,4500.53,4501.08,4494.0,4495.31,3792,32,0
2026-05-29 06:15:00,4495.31,4498.33,4494.27,4495.88,3391,31,0
2026-05-29 06:30:00,4495.9,4499.13,4494.08,4498.04,2677,32,0
2026-05-29 06:45:00,4498.0,4501.58,4496.37,4501.28,2501,32,0
2026-05-29 07:00:00,4501.29,4505.43,4501.02,4502.4,2624,32,0
2026-05-29 07:15:00,4502.3,4511.65,4502.0,4509.07,2941,33,0
2026-05-29 07:30:00,4509.07,4510.89,4508.42,4510.67,2354,20,0
2026-05-29 07:45:00,4510.68,4514.58,4508.1,4514.17,2306,33,0
2026-05-29 08:00:00,4514.12,4515.58,4508.75,4511.98,2257,33,0
2026-05-29 08:15:00,4511.96,4512.24,4509.37,4509.87,1894,33,0
2026-05-29 08:30:00,4509.43,4512.99,4502.6,4506.81,3796,25,0
2026-05-29 08:45:00,4506.81,4515.77,4504.06,4514.73,3451,32,0
2026-05-29 09:00:00,4514.85,4522.25,4511.11,4515.97,4334,22,0
2026-05-29 09:15:00,4515.97,4521.5,4510.14,4516.81,3894,33,0
2026-05-29 09:30:00,4516.82,4520.71,4511.34,4516.69,4059,32,0
2026-05-29 09:45:00,4516.68,4524.19,4515.32,4523.7,3635,19,0
2026-05-29 10:00:00,4523.16,4524.05,4516.04,4516.43,4023,20,0
2026-05-29 10:15:00,4516.43,4517.29,4510.37,4513.9,4136,32,0
2026-05-29 10:30:00,4514.02,4526.22,4512.59,4525.33,4294,26,0
2026-05-29 10:45:00,4525.4,4526.18,4522.1,4524.65,3090,32,0
2026-05-29 11:00:00,4524.29,4524.83,4514.3,4515.21,4048,22,0
2026-05-29 11:15:00,4515.22,4517.75,4512.51,4516.87,3834,32,0
2026-05-29 11:30:00,4516.81,4518.15,4513.67,4514.81,2994,31,0
2026-05-29 11:45:00,4514.54,4515.93,4510.02,4514.95,3166,33,0
2026-05-29 12:00:00,4514.94,4530.52,4512.97,4529.08,4062,21,0
2026-05-29 12:15:00,4529.16,4532.37,4522.38,4528.81,3885,20,0
2026-05-29 12:30:00,4528.62,4532.59,4525.04,4532.33,3916,33,0
2026-05-29 12:45:00,4532.32,4539.81,4529.84,4531.32,3925,32,0
2026-05-29 13:00:00,4531.44,4531.44,4525.62,4528.51,3361,19,0
2026-05-29 13:15:00,4528.48,4530.9,4525.68,4530.42,3327,33,0
2026-05-29 13:30:00,4530.32,4543.09,4530.25,4538.14,3840,20,0
2026-05-29 13:45:00,4538.17,4541.21,4535.48,4538.62,3358,29,0
2026-05-29 14:00:00,4538.39,4540.54,4531.05,4532.38,3581,32,0
2026-05-29 14:15:00,4532.39,4534.22,4526.9,4527.94,3661,19,0
2026-05-29 14:30:00,4527.95,4531.34,4525.71,4530.74,3021,26,0
2026-05-29 14:45:00,4530.74,4539.05,4527.3,4538.25,3679,25,0
2026-05-29 15:00:00,4538.24,4538.48,4526.78,4528.25,4033,29,0
2026-05-29 15:15:00,4528.24,4531.74,4520.05,4522.36,3871,19,0
2026-05-29 15:30:00,4522.32,4523.55,4512.6,4514.17,4524,32,0
2026-05-29 15:45:00,4513.93,4523.73,4512.54,4522.66,4171,32,0
2026-05-29 16:00:00,4522.8,4526.83,4516.81,4522.61,4788,20,0
2026-05-29 16:15:00,4522.61,4529.03,4521.02,4527.76,4142,21,0
2026-05-29 16:30:00,4527.67,4535.17,4522.02,4532.86,5484,21,0
2026-05-29 16:45:00,4532.85,4540.69,4529.33,4536.69,5087,19,0
2026-05-29 17:00:00,4536.7,4552.64,4535.05,4544.08,5553,22,0
2026-05-29 17:15:00,4544.07,4545.24,4526.14,4529.74,5783,20,0
2026-05-29 17:30:00,4529.82,4541.55,4525.17,4540.24,5612,19,0
2026-05-29 17:45:00,4540.25,4570.23,4536.56,4564.22,5925,20,0
2026-05-29 18:00:00,4563.96,4595.25,4563.96,4590.15,6206,19,0
2026-05-29 18:15:00,4590.14,4591.87,4578.41,4578.43,5575,22,0
2026-05-29 18:30:00,4578.57,4583.52,4561.42,4566.37,5464,18,0
2026-05-29 18:45:00,4566.45,4571.39,4557.75,4570.95,5002,19,0
2026-05-29 19:00:00,4570.98,4572.17,4559.86,4563.55,4313,21,0
2026-05-29 19:15:00,4563.52,4567.54,4560.51,4563.02,3944,20,0
2026-05-29 19:30:00,4563.01,4573.22,4561.71,4569.47,4546,21,0
2026-05-29 19:45:00,4569.47,4569.47,4560.74,4566.75,3996,19,0
2026-05-29 20:00:00,4566.74,4568.45,4563.34,4564.01,3735,19,0
2026-05-29 20:15:00,4564.08,4566.94,4560.9,4561.77,4152,20,0
2026-05-29 20:30:00,4561.8,4562.16,4553.3,4554.16,4143,23,0
2026-05-29 20:45:00,4554.15,4557.59,4551.56,4553.49,4023,19,0
2026-05-29 21:00:00,4553.43,4558.68,4552.49,4558.17,3842,19,0
2026-05-29 21:15:00,4558.15,4560.26,4555.49,4559.26,3825,29,0
2026-05-29 21:30:00,4559.14,4561.62,4557.44,4557.84,3116,19,0
2026-05-29 21:45:00,4557.85,4557.87,4550.73,4553.42,4014,19,0
2026-05-29 22:00:00,4553.23,4559.99,4552.22,4558.32,3043,24,0
2026-05-29 22:15:00,4558.23,4558.98,4554.52,4555.18,2660,33,0
2026-05-29 22:30:00,4555.13,4556.32,4551.04,4551.41,2910,19,0
2026-05-29 22:45:00,4551.31,4551.72,4542.95,4545.61,3965,20,0
2026-05-29 23:00:00,4545.44,4549.21,4542.7,4548.72,2572,33,0
2026-05-29 23:15:00,4548.72,4548.72,4542.05,4542.52,1757,33,0
2026-05-29 23:30:00,4542.46,4544.01,4541.11,4543.6,1603,33,0
2026-05-29 23:45:00,4543.61,4543.61,4538.19,4539.05,1414,33,0
2026-06-01 01:00:00,4519.38,4535.31,4518.5,4534.7,2297,33,0
2026-06-01 01:15:00,4534.7,4536.63,4531.21,4533.09,2860,31,0
2026-06-01 01:30:00,4532.69,4536.49,4530.79,4535.59,2731,32,0
2026-06-01 01:45:00,4535.6,4540.26,4534.69,4535.18,2336,24,0
2026-06-01 02:00:00,4535.21,4543.16,4534.95,4542.44,2440,19,0
2026-06-01 02:15:00,4542.53,4545.06,4540.16,4544.94,2273,32,0
2026-06-01 02:30:00,4545.03,4545.86,4538.54,4541.93,2614,32,0
2026-06-01 02:45:00,4541.91,4544.83,4538.56,4539.46,3069,33,0
2026-06-01 03:00:00,4539.05,4545.73,4537.22,4540.59,3474,19,0
2026-06-01 03:15:00,4540.47,4544.18,4537.61,4542.9,3313,19,0
2026-06-01 03:30:00,4542.9,4544.82,4535.16,4535.89,3162,25,0
2026-06-01 03:45:00,4535.85,4542.66,4535.85,4540.6,3094,32,0
2026-06-01 04:00:00,4540.66,4540.87,4526.11,4533.78,4562,32,0
2026-06-01 04:15:00,4533.77,4536.82,4527.8,4528.64,3942,31,0
2026-06-01 04:30:00,4528.72,4533.66,4526.96,4533.08,3972,32,0
2026-06-01 04:45:00,4533.04,4533.41,4523.35,4525.37,3778,32,0
2026-06-01 05:00:00,4525.36,4533.99,4524.21,4532.09,3814,32,0
2026-06-01 05:15:00,4532.08,4534.69,4529.4,4530.27,2363,32,0
2026-06-01 05:30:00,4530.33,4530.94,4522.47,4522.88,3702,33,0
2026-06-01 05:45:00,4522.9,4525.07,4520.93,4521.28,3526,33,0
2026-06-01 06:00:00,4521.27,4525.2,4515.51,4518.81,3524,21,0
2026-06-01 06:15:00,4518.84,4521.17,4513.8,4520.3,3438,27,0
2026-06-01 06:30:00,4520.37,4523.91,4509.24,4510.72,3183,31,0
2026-06-01 06:45:00,4510.71,4516.22,4509.66,4516.19,2624,20,0
2026-06-01 07:00:00,4516.09,4519.52,4512.33,4514.46,2346,32,0
2026-06-01 07:15:00,4514.44,4518.28,4514.43,4515.72,1907,32,0
2026-06-01 07:30:00,4515.72,4517.09,4513.43,4514.38,2115,32,0
2026-06-01 07:45:00,4514.36,4514.87,4508.53,4514.29,2492,23,0
2026-06-01 08:00:00,4514.36,4519.06,4513.32,4517.96,2721,21,0
2026-06-01 08:15:00,4518.08,4523.47,4517.33,4520.52,2668,23,0
2026-06-01 08:30:00,4520.53,4522.08,4512.47,4519.69,4052,32,0
2026-06-01 08:45:00,4519.64,4525.05,4516.99,4518.27,3664,24,0
2026-06-01 09:00:00,4518.28,4518.62,4512.49,4513.95,3885,32,0
2026-06-01 09:15:00,4513.94,4515.62,4504.75,4513.78,3923,19,0
2026-06-01 09:30:00,4514.23,4514.6,4501.63,4504.28,3951,30,0
2026-06-01 09:45:00,4504.3,4504.48,4499.71,4501.44,3669,32,0
2026-06-01 10:00:00,4501.28,4509.78,4500.53,4507.05,4028,24,0
2026-06-01 10:15:00,4507.06,4508.18,4503.1,4503.77,3437,22,0
2026-06-01 10:30:00,4503.76,4507.74,4497.88,4498.02,3721,32,0
2026-06-01 10:45:00,4497.96,4502.78,4492.23,4502.68,4002,19,0
2026-06-01 11:00:00,4502.7,4504.12,4493.24,4495.36,4056,33,0
2026-06-01 11:15:00,4495.29,4496.62,4490.31,4495.61,3449,19,0
2026-06-01 11:30:00,4495.61,4500.3,4492.21,4499.97,3051,26,0
2026-06-01 11:45:00,4500.0,4502.11,4495.28,4497.8,3491,20,0
2026-06-01 12:00:00,4497.82,4500.55,4497.47,4499.3,3106,21,0
2026-06-01 12:15:00,4499.39,4506.23,4496.15,4496.15,3812,20,0
2026-06-01 12:30:00,4496.15,4499.12,4488.97,4498.1,3985,19,0
2026-06-01 12:45:00,4497.92,4498.32,4493.74,4495.69,3387,28,0
2026-06-01 13:00:00,4495.71,4502.14,4495.71,4501.38,3128,24,0
2026-06-01 13:15:00,4501.46,4503.39,4495.95,4500.71,2853,32,0
2026-06-01 13:30:00,4500.74,4507.47,4500.47,4505.86,3182,21,0
2026-06-01 13:45:00,4505.98,4510.88,4502.64,4503.88,3452,23,0
2026-06-01 14:00:00,4503.8,4506.58,4499.72,4503.87,3511,28,0
2026-06-01 14:15:00,4503.92,4511.54,4502.97,4509.77,3277,20,0
2026-06-01 14:30:00,4509.75,4511.4,4505.19,4506.69,3070,21,0
2026-06-01 14:45:00,4506.65,4509.57,4505.24,4505.56,3032,33,0
2026-06-01 15:00:00,4505.66,4509.5,4502.58,4503.0,3410,33,0
2026-06-01 15:15:00,4502.89,4507.7,4497.27,4505.41,4217,28,0
2026-06-01 15:30:00,4505.43,4508.07,4497.67,4507.19,4247,28,0
2026-06-01 15:45:00,4507.11,4510.25,4498.08,4501.96,4106,30,0
2026-06-01 16:00:00,4501.96,4503.64,4472.45,4484.08,5470,20,0
2026-06-01 16:15:00,4484.21,4489.45,4462.26,4465.0,6130,19,0
2026-06-01 16:30:00,4464.73,4478.35,4458.21,4467.06,6363,21,0
2026-06-01 16:45:00,4467.0,4469.37,4448.2,4449.94,6059,19,0
2026-06-01 17:00:00,4449.81,4461.98,4447.3,4461.14,5783,18,0
2026-06-01 17:15:00,4461.17,4464.9,4449.37,4455.99,5538,19,0
2026-06-01 17:30:00,4455.92,4461.11,4453.52,4459.68,5115,22,0
2026-06-01 17:45:00,4459.67,4461.02,4451.71,4458.37,4955,23,0
2026-06-01 18:00:00,4458.41,4465.07,4455.23,4463.97,4882,18,0
2026-06-01 18:15:00,4464.09,4470.02,4463.11,4468.16,4304,24,0
2026-06-01 18:30:00,4468.12,4479.46,4467.82,4472.17,5314,26,0
2026-06-01 18:45:00,4472.33,4475.15,4468.44,4473.91,3940,20,0
2026-06-01 19:00:00,4473.87,4477.96,4465.07,4467.17,3961,23,0
2026-06-01 19:15:00,4467.05,4469.12,4462.87,4467.77,3697,27,0
2026-06-01 19:30:00,4467.74,4471.81,4467.62,4467.9,3536,19,0
2026-06-01 19:45:00,4467.89,4482.04,4467.3,4479.92,4258,21,0
2026-06-01 20:00:00,4479.89,4480.75,4471.35,4474.8,4045,19,0
2026-06-01 20:15:00,4474.79,4482.55,4472.11,4482.41,3349,24,0
2026-06-01 20:30:00,4482.49,4491.24,4480.11,4491.23,4898,21,0
2026-06-01 20:45:00,4491.23,4495.43,4487.42,4487.47,4053,21,0
2026-06-01 21:00:00,4487.53,4490.11,4486.27,4488.48,2861,23,0
2026-06-01 21:15:00,4488.52,4489.99,4486.32,4486.61,2626,33,0
2026-06-01 21:30:00,4486.85,4488.22,4484.85,4488.0,2218,33,0
2026-06-01 21:45:00,4488.01,4488.61,4486.53,4486.66,2272,33,0
2026-06-01 22:00:00,4486.66,4488.23,4484.69,4485.38,2516,19,0
2026-06-01 22:15:00,4485.48,4486.56,4484.41,4484.73,2413,33,0
2026-06-01 22:30:00,4484.73,4485.78,4483.01,4483.54,2671,33,0
2026-06-01 22:45:00,4483.53,4484.3,4478.94,4481.35,3306,33,0
2026-06-01 23:00:00,4481.35,4484.11,4480.1,4483.35,1850,22,0
2026-06-01 23:15:00,4483.35,4484.22,4481.78,4483.21,1150,33,0
2026-06-01 23:30:00,4483.24,4484.68,4482.13,4482.32,1362,22,0
2026-06-01 23:45:00,4482.14,4484.46,4480.88,4482.5,1193,32,0
2026-06-02 01:00:00,4481.78,4484.7,4480.43,4484.6,825,33,0
2026-06-02 01:15:00,4484.51,4485.23,4481.3,4481.46,1629,19,0
2026-06-02 01:30:00,4481.39,4483.43,4479.6,4481.39,1271,33,0
2026-06-02 01:45:00,4481.39,4486.58,4481.39,4485.73,1270,19,0
2026-06-02 02:00:00,4485.55,4487.73,4481.9,4486.07,1428,19,0
2026-06-02 02:15:00,4486.05,4488.15,4485.35,4487.15,1107,19,0
2026-06-02 02:30:00,4487.16,4487.41,4480.45,4483.35,2124,29,0
2026-06-02 02:45:00,4483.41,4484.66,4479.11,4483.12,2337,19,0
2026-06-02 03:00:00,4483.42,4483.98,4475.42,4479.99,3996,33,0
2026-06-02 03:15:00,4479.87,4492.6,4479.77,4492.59,3774,21,0
2026-06-02 03:30:00,4492.64,4496.26,4484.99,4487.14,3565,32,0
2026-06-02 03:45:00,4487.1,4487.96,4481.19,4482.7,3519,32,0
2026-06-02 04:00:00,4482.48,4493.1,4475.03,4490.96,5281,19,0
2026-06-02 04:15:00,4491.05,4493.18,4481.92,4487.16,4846,19,0
2026-06-02 04:30:00,4487.23,4490.23,4479.6,4480.04,4215,31,0
2026-06-02 04:45:00,4480.03,4482.29,4462.88,4474.11,4863,19,0
2026-06-02 05:00:00,4474.0,4481.66,4472.68,4481.54,4372,32,0
2026-06-02 05:15:00,4481.51,4486.06,4479.73,4483.26,3231,21,0
2026-06-02 05:30:00,4483.23,4486.93,4475.62,4477.73,3615,33,0
2026-06-02 05:45:00,4477.78,4486.62,4474.68,4486.09,3318,32,0
2026-06-02 06:00:00,4486.12,4492.39,4484.73,4487.03,3569,33,0
2026-06-02 06:15:00,4486.95,4496.19,4484.59,4493.94,3530,32,0
2026-06-02 06:30:00,4493.93,4498.5,4492.04,4497.37,3344,22,0
2026-06-02 06:45:00,4497.38,4500.72,4495.71,4500.65,2191,33,0
2026-06-02 07:00:00,4500.64,4506.77,4499.24,4506.01,2657,21,0
2026-06-02 07:15:00,4506.0,4511.64,4505.48,4506.08,2901,26,0
2026-06-02 07:30:00,4506.07,4511.22,4504.52,4510.17,2736,33,0
2026-06-02 07:45:00,4510.12,4517.08,4509.77,4516.26,2667,33,0
2026-06-02 08:00:00,4516.26,4517.65,4514.02,4517.5,2642,19,0
2026-06-02 08:15:00,4517.54,4521.56,4515.84,4519.47,3066,22,0
2026-06-02 08:30:00,4519.53,4528.43,4519.38,4525.48,4309,33,0
2026-06-02 08:45:00,4525.56,4527.38,4517.25,4518.35,3806,25,0
2026-06-02 09:00:00,4518.35,4526.1,4518.24,4520.48,3804,19,0
2026-06-02 09:15:00,4520.47,4534.03,4519.38,4533.07,4282,22,0
2026-06-02 09:30:00,4533.07,4538.22,4530.61,4531.66,3705,33,0
2026-06-02 09:45:00,4531.68,4535.6,4530.83,4534.71,2893,19,0
2026-06-02 10:00:00,4534.49,4540.2,4532.1,4538.9,3674,22,0
2026-06-02 10:15:00,4538.73,4539.43,4533.58,4534.39,3411,21,0
2026-06-02 10:30:00,4534.33,4536.13,4532.18,4533.28,3308,19,0
2026-06-02 10:45:00,4533.25,4536.79,4528.95,4536.45,3346,30,0
2026-06-02 11:00:00,4536.67,4540.49,4534.28,4535.86,3736,19,0
2026-06-02 11:15:00,4535.85,4536.6,4529.83,4531.23,3483,20,0
2026-06-02 11:30:00,4530.85,4532.91,4527.29,4527.71,3207,19,0
2026-06-02 11:45:00,4527.63,4529.18,4524.86,4525.51,2991,30,0
2026-06-02 12:00:00,4525.47,4533.15,4524.17,4532.8,3360,29,0
2026-06-02 12:15:00,4532.78,4534.74,4524.59,4526.01,3629,33,0
2026-06-02 12:30:00,4526.0,4526.57,4521.2,4525.75,3683,33,0
2026-06-02 12:45:00,4525.61,4532.69,4525.26,4531.34,2992,33,0
2026-06-02 13:00:00,4531.17,4533.42,4529.05,4530.32,2751,32,0
2026-06-02 13:15:00,4530.09,4531.08,4525.99,4529.64,2548,32,0
2026-06-02 13:30:00,4529.62,4529.96,4526.86,4529.84,2263,25,0
2026-06-02 13:45:00,4529.84,4534.9,4529.8,4534.15,2849,26,0
2026-06-02 14:00:00,4534.14,4535.34,4528.71,4528.88,2980,20,0
2026-06-02 14:15:00,4528.83,4529.73,4526.27,4529.55,2837,22,0
2026-06-02 14:30:00,4530.11,4530.75,4526.0,4526.9,2764,33,0
2026-06-02 14:45:00,4526.91,4530.92,4525.56,4527.5,2728,32,0
2026-06-02 15:00:00,4527.59,4528.71,4524.89,4526.26,3083,32,0
2026-06-02 15:15:00,4526.19,4534.02,4523.84,4529.31,3814,19,0
2026-06-02 15:30:00,4529.3,4533.64,4521.64,4525.0,4079,23,0
2026-06-02 15:45:00,4525.0,4525.96,4513.36,4514.38,4300,23,0
2026-06-02 16:00:00,4514.68,4524.57,4512.09,4514.1,5021,21,0
2026-06-02 16:15:00,4514.13,4517.16,4509.91,4510.81,4548,21,0
2026-06-02 16:30:00,4510.68,4514.34,4506.1,4508.49,5754,20,0
2026-06-02 16:45:00,4508.14,4513.61,4502.66,4502.73,5223,21,0
2026-06-02 17:00:00,4502.54,4506.92,4498.44,4504.22,5233,33,0
2026-06-02 17:15:00,4504.2,4505.0,4490.17,4495.26,5667,19,0
2026-06-02 17:30:00,4495.69,4505.37,4495.43,4504.34,4545,19,0
2026-06-02 17:45:00,4504.2,4506.41,4500.96,4504.06,4228,20,0
2026-06-02 18:00:00,4504.19,4508.1,4501.58,4503.46,4319,24,0
2026-06-02 18:15:00,4503.43,4506.18,4501.35,4505.42,3952,26,0
2026-06-02 18:30:00,4505.57,4508.64,4500.22,4502.5,4187,19,0
2026-06-02 18:45:00,4502.46,4506.98,4501.16,4502.05,3510,20,0
2026-06-02 19:00:00,4502.03,4502.93,4497.99,4498.16,3967,24,0
2026-06-02 19:15:00,4498.15,4498.45,4490.09,4490.15,4077,19,0
2026-06-02 19:30:00,4490.17,4491.35,4486.08,4489.51,3700,32,0
2026-06-02 19:45:00,4489.4,4491.71,4488.9,4491.63,2919,24,0
2026-06-02 20:00:00,4491.63,4492.88,4486.55,4489.24,3441,27,0
2026-06-02 20:15:00,4489.25,4491.53,4486.06,4490.97,3629,32,0
2026-06-02 20:30:00,4490.83,4491.59,4481.86,4484.35,3801,32,0
2026-06-02 20:45:00,4484.39,4486.42,4482.55,4484.43,3117,33,0
2026-06-02 21:00:00,4484.42,4488.29,4483.96,4484.97,3118,32,0
2026-06-02 21:15:00,4484.95,4490.72,4483.85,4488.19,3372,33,0
2026-06-02 21:30:00,4488.26,4489.26,4478.53,4480.4,3386,33,0
2026-06-02 21:45:00,4480.4,4490.5,4480.07,4487.26,2908,21,0
2026-06-02 22:00:00,4487.34,4489.12,4487.05,4487.1,2359,31,0
2026-06-02 22:15:00,4487.07,4489.46,4485.44,4489.35,2493,24,0
2026-06-02 22:30:00,4489.25,4490.1,4483.3,4487.14,2702,32,0
2026-06-02 22:45:00,4487.13,4488.45,4485.42,4487.89,2919,33,0
2026-06-02 23:00:00,4487.79,4489.83,4486.08,4489.71,1607,32,0
2026-06-02 23:15:00,4489.68,4490.89,4488.29,4489.59,1230,33,0
2026-06-02 23:30:00,4489.69,4490.83,4488.7,4488.88,1176,33,0
2026-06-02 23:45:00,4488.7,4489.72,4485.2,4486.74,1172,33,0
2026-06-03 01:00:00,4488.86,4491.82,4486.83,4489.12,1232,33,0
2026-06-03 01:15:00,4489.1,4491.58,4487.33,4489.99,1936,19,0
2026-06-03 01:30:00,4489.77,4491.0,4487.19,4488.7,1670,19,0
2026-06-03 01:45:00,4488.71,4491.97,4483.88,4484.58,2581,20,0
2026-06-03 02:00:00,4484.7,4488.51,4474.19,4476.94,3274,32,0
2026-06-03 02:15:00,4477.24,4477.24,4461.04,4467.24,4116,20,0
2026-06-03 02:30:00,4467.16,4475.49,4462.43,4475.45,3784,25,0
2026-06-03 02:45:00,4475.46,4475.87,4469.93,4475.44,3207,32,0
2026-06-03 03:00:00,4475.33,4480.84,4474.91,4477.01,3229,32,0
2026-06-03 03:15:00,4477.05,4484.49,4475.43,4484.24,2987,31,0
2026-06-03 03:30:00,4484.24,4497.48,4482.36,4496.46,3333,21,0
2026-06-03 03:45:00,4496.53,4496.56,4485.64,4485.99,3032,21,0
2026-06-03 04:00:00,4485.87,4487.36,4466.94,4470.92,5220,31,0
2026-06-03 04:15:00,4470.99,4472.3,4463.32,4466.83,4363,25,0
2026-06-03 04:30:00,4466.83,4472.76,4464.54,4470.11,3980,30,0
2026-06-03 04:45:00,4470.09,4476.83,4469.71,4475.33,3499,32,0
2026-06-03 05:00:00,4475.4,4481.03,4472.41,4480.25,3352,32,0
2026-06-03 05:15:00,4480.23,4480.69,4473.99,4478.67,2930,33,0
2026-06-03 05:30:00,4478.75,4484.84,4474.72,4479.0,3412,32,0
2026-06-03 05:45:00,4478.81,4481.91,4473.02,4481.88,3674,32,0
2026-06-03 06:00:00,4481.81,4487.52,4481.81,4485.32,3170,19,0
2026-06-03 06:15:00,4485.38,4487.14,4482.98,4483.35,2710,33,0
2026-06-03 06:30:00,4483.44,4485.72,4483.11,4484.4,2068,32,0
2026-06-03 06:45:00,4484.43,4486.31,4482.3,4484.36,1849,32,0
2026-06-03 07:00:00,4484.49,4487.01,4484.07,4486.86,2120,31,0
2026-06-03 07:15:00,4486.85,4488.38,4476.97,4476.97,2234,32,0
2026-06-03 07:30:00,4476.68,4477.37,4470.63,4473.14,2568,33,0
2026-06-03 07:45:00,4473.13,4473.71,4468.04,4469.03,1882,20,0
2026-06-03 08:00:00,4469.02,4473.26,4466.85,4473.08,2903,21,0
2026-06-03 08:15:00,4472.99,4473.93,4466.0,4468.5,2580,33,0
2026-06-03 08:30:00,4468.57,4468.86,4458.89,4461.82,4118,19,0
2026-06-03 08:45:00,4461.83,4467.95,4456.4,4456.87,3610,32,0
2026-06-03 09:00:00,4456.9,4467.09,4456.78,4466.04,4337,21,0
2026-06-03 09:15:00,4466.0,4470.93,4458.69,4462.3,4252,25,0
2026-06-03 09:30:00,4462.32,4464.84,4457.07,4460.41,4235,33,0
2026-06-03 09:45:00,4460.31,4462.87,4455.07,4462.82,3690,32,0
2026-06-03 10:00:00,4462.74,4472.02,4459.68,4469.24,4138,32,0
2026-06-03 10:15:00,4469.27,4469.71,4455.98,4455.98,3847,31,0
2026-06-03 10:30:00,4455.97,4463.07,4454.0,4458.5,4017,33,0
2026-06-03 10:45:00,4458.51,4463.69,4452.6,4453.11,3576,19,0
2026-06-03 11:00:00,4453.29,4458.81,4450.57,4455.11,3958,33,0
2026-06-03 11:15:00,4455.12,4456.84,4450.29,4456.63,3899,27,0
2026-06-03 11:30:00,4456.64,4457.65,4453.02,4455.32,3495,25,0
2026-06-03 11:45:00,4455.3,4456.72,4440.53,4444.87,4274,32,0
2026-06-03 12:00:00,4444.86,4459.96,4442.52,4452.68,4153,20,0
2026-06-03 12:15:00,4452.61,4453.15,4440.6,4441.21,4078,19,0
2026-06-03 12:30:00,4441.26,4449.53,4439.77,4447.79,3895,32,0
2026-06-03 12:45:00,4447.56,4449.18,4441.93,4444.07,3480,27,0
2026-06-03 13:00:00,4444.1,4468.09,4442.02,4464.09,5166,19,0
2026-06-03 13:15:00,4464.07,4465.45,4454.56,4460.38,4295,31,0
2026-06-03 13:30:00,4460.48,4462.95,4452.47,4453.3,3489,22,0
2026-06-03 13:45:00,4453.33,4459.85,4452.8,4457.65,3255,28,0
2026-06-03 14:00:00,4457.63,4466.63,4457.63,4461.06,4045,30,0
2026-06-03 14:15:00,4461.08,4464.93,4458.05,4464.05,3360,32,0
2026-06-03 14:30:00,4464.06,4466.63,4459.4,4460.2,3295,21,0
2026-06-03 14:45:00,4460.31,4464.48,4458.33,4461.59,3504,26,0
2026-06-03 15:00:00,4461.31,4463.7,4456.05,4458.21,4055,19,0
2026-06-03 15:15:00,4458.21,4461.37,4451.46,4452.34,4365,19,0
2026-06-03 15:30:00,4452.38,4460.46,4448.0,4458.95,4789,21,0
2026-06-03 15:45:00,4458.78,4467.37,4455.51,4460.32,4693,19,0
2026-06-03 16:00:00,4460.22,4465.7,4457.86,4462.25,4817,32,0
2026-06-03 16:15:00,4462.49,4463.26,4445.83,4448.6,4850,32,0
2026-06-03 16:30:00,4448.55,4453.12,4427.45,4427.55,5654,23,0
2026-06-03 16:45:00,4427.55,4449.94,4426.16,4445.75,5902,19,0
2026-06-03 17:00:00,4445.59,4456.63,4442.14,4454.53,5932,21,0
2026-06-03 17:15:00,4454.53,4458.49,4445.86,4452.06,5737,19,0
2026-06-03 17:30:00,4451.78,4453.38,4447.1,4448.19,5304,32,0
2026-06-03 17:45:00,4448.2,4459.52,4447.88,4457.13,4944,19,0
2026-06-03 18:00:00,4457.1,4458.32,4444.96,4445.82,5045,19,0
2026-06-03 18:15:00,4445.81,4450.88,4439.64,4444.92,5533,27,0
2026-06-03 18:30:00,4444.79,4445.4,4436.76,4440.08,4751,33,0
2026-06-03 18:45:00,4440.08,4443.47,4437.61,4442.05,4061,33,0
2026-06-03 19:00:00,4442.04,4443.96,4437.16,4439.03,4159,33,0
2026-06-03 19:15:00,4438.98,4441.13,4433.61,4437.49,4227,19,0
2026-06-03 19:30:00,4437.44,4440.57,4435.12,4438.65,4030,19,0
2026-06-03 19:45:00,4438.65,4442.62,4436.6,4441.66,3844,21,0
2026-06-03 20:00:00,4441.89,4448.18,4441.29,4441.68,4153,19,0
2026-06-03 20:15:00,4441.71,4443.34,4437.71,4439.03,3884,33,0
2026-06-03 20:30:00,4439.03,4441.79,4435.26,4440.38,3618,33,0
2026-06-03 20:45:00,4440.37,4440.62,4436.66,4438.34,3267,19,0
2026-06-03 21:00:00,4438.32,4440.35,4435.18,4436.67,3447,20,0
2026-06-03 21:15:00,4436.66,4440.15,4435.11,4439.95,3154,19,0
2026-06-03 21:30:00,4440.05,4442.19,4436.7,4439.78,3151,33,0
2026-06-03 21:45:00,4439.75,4442.57,4439.4,4441.85,2838,19,0
2026-06-03 22:00:00,4441.85,4449.81,4441.16,4449.53,3613,19,0
2026-06-03 22:15:00,4449.56,4452.12,4446.39,4447.88,3320,33,0
2026-06-03 22:30:00,4447.87,4449.63,4446.57,4446.88,2716,33,0
2026-06-03 22:45:00,4446.88,4447.22,4443.01,4443.84,3238,32,0
2026-06-03 23:00:00,4443.76,4445.27,4438.67,4439.94,2575,32,0
2026-06-03 23:15:00,4439.93,4440.28,4437.31,4438.81,2397,32,0
2026-06-03 23:30:00,4438.73,4439.39,4431.78,4432.94,2363,21,0
2026-06-03 23:45:00,4432.87,4434.4,4428.84,4432.25,1834,33,0
2026-06-04 01:00:00,4430.3,4435.51,4429.35,4431.55,1837,33,0
2026-06-04 01:15:00,4431.58,4435.17,4422.72,4433.76,3681,32,0
2026-06-04 01:30:00,4433.75,4440.17,4433.69,4436.57,3333,23,0
2026-06-04 01:45:00,4436.54,4452.25,4436.46,4448.76,3521,20,0
2026-06-04 02:00:00,4448.82,4450.19,4445.18,4447.66,3172,32,0
2026-06-04 02:15:00,4447.66,4451.45,4447.05,4450.7,2959,33,0
2026-06-04 02:30:00,4450.71,4453.79,4446.08,4453.47,3461,21,0
2026-06-04 02:45:00,4453.41,4464.54,4453.03,4457.81,4495,19,0
2026-06-04 03:00:00,4457.78,4465.93,4454.02,4454.34,5300,19,0
2026-06-04 03:15:00,4454.35,4457.1,4447.49,4450.23,4812,19,0
2026-06-04 03:30:00,4450.24,4452.07,4443.4,4447.58,4719,32,0
2026-06-04 03:45:00,4447.59,4451.82,4444.26,4447.25,4429,31,0
2026-06-04 04:00:00,4447.23,4465.95,4442.34,4463.19,5773,23,0
2026-06-04 04:15:00,4462.97,4472.28,4458.48,4465.43,5033,19,0
2026-06-04 04:30:00,4465.42,4470.17,4459.46,4459.99,5293,32,0
2026-06-04 04:45:00,4460.04,4468.16,4457.85,4466.75,5378,24,0
2026-06-04 05:00:00,4466.7,4468.23,4456.2,4463.37,5012,22,0
2026-06-04 05:15:00,4463.4,4463.98,4458.23,4459.82,4007,32,0
2026-06-04 05:30:00,4459.81,4463.89,4456.69,4461.02,4514,31,0
2026-06-04 05:45:00,4461.03,4475.27,4461.03,4473.93,5018,23,0
2026-06-04 06:00:00,4473.9,4476.51,4470.09,4471.83,4547,32,0
2026-06-04 06:15:00,4471.85,4472.39,4466.97,4470.33,3899,27,0
2026-06-04 06:30:00,4470.26,4471.79,4461.84,4461.84,3856,32,0
2026-06-04 06:45:00,4461.6,4465.68,4459.21,4464.65,3578,24,0
2026-06-04 07:00:00,4464.65,4471.8,4463.41,4471.65,3316,23,0
2026-06-04 07:15:00,4471.65,4476.24,4470.35,4474.18,3282,21,0
2026-06-04 07:30:00,4474.08,4483.15,4474.07,4481.88,3940,21,0
2026-06-04 07:45:00,4481.88,4482.67,4477.73,4480.12,2737,33,0
2026-06-04 08:00:00,4480.18,4481.52,4470.54,4476.05,3487,19,0
2026-06-04 08:15:00,4476.21,4476.5,4469.9,4472.14,3000,26,0
2026-06-04 08:30:00,4472.14,4474.81,4469.63,4473.45,4134,32,0
2026-06-04 08:45:00,4473.46,4473.72,4465.65,4467.95,4214,21,0
2026-06-04 09:00:00,4467.94,4475.99,4466.78,4472.87,4318,19,0
2026-06-04 09:15:00,4472.86,4473.13,4465.34,4470.94,4239,33,0
2026-06-04 09:30:00,4470.81,4475.7,4468.58,4468.88,4474,32,0
2026-06-04 09:45:00,4468.9,4470.41,4462.83,4467.75,4130,18,0
2026-06-04 10:00:00,4467.89,4470.92,4462.68,4464.39,4365,32,0
2026-06-04 10:15:00,4464.35,4470.37,4461.16,4464.28,4220,31,0
2026-06-04 10:30:00,4464.26,4467.05,4458.74,4460.2,3979,20,0
2026-06-04 10:45:00,4460.16,4461.11,4458.09,4460.34,3649,23,0
2026-06-04 11:00:00,4460.3,4467.13,4458.44,4459.42,4501,32,0
2026-06-04 11:15:00,4459.2,4464.23,4457.31,4462.2,4830,30,0
2026-06-04 11:30:00,4462.34,4468.03,4458.66,4462.06,4604,24,0
2026-06-04 11:45:00,4462.1,4464.8,4458.4,4462.19,3928,33,0
2026-06-04 12:00:00,4462.18,4468.47,4459.62,4462.62,4350,24,0
2026-06-04 12:15:00,4462.63,4467.86,4462.14,4465.37,4392,33,0
2026-06-04 12:30:00,4465.32,4470.63,4461.79,4468.97,4243,32,0
2026-06-04 12:45:00,4468.99,4476.45,4468.44,4471.49,4147,19,0
2026-06-04 13:00:00,4471.49,4473.12,4469.03,4472.21,3827,33,0
2026-06-04 13:15:00,4472.28,4472.52,4465.21,4468.49,3464,28,0
2026-06-04 13:30:00,4468.46,4472.72,4467.14,4471.07,3477,21,0
2026-06-04 13:45:00,4471.07,4472.8,4467.46,4472.59,3739,32,0
2026-06-04 14:00:00,4472.62,4477.61,4467.81,4472.83,4329,19,0
2026-06-04 14:15:00,4472.82,4490.49,4472.65,4488.93,4947,19,0
2026-06-04 14:30:00,4488.95,4492.35,4482.09,4491.32,5380,19,0
2026-06-04 14:45:00,4491.32,4514.9,4491.0,4511.74,5918,19,0
2026-06-04 15:00:00,4511.8,4514.3,4491.7,4493.75,5875,18,0
2026-06-04 15:15:00,4494.36,4499.83,4490.97,4498.43,4639,20,0
2026-06-04 15:30:00,4498.38,4501.93,4496.77,4501.68,4513,25,0
2026-06-04 15:45:00,4501.67,4510.75,4498.93,4503.97,5168,19,0
2026-06-04 16:00:00,4503.93,4509.81,4500.02,4503.14,5260,18,0
2026-06-04 16:15:00,4503.14,4509.38,4501.76,4504.65,4979,19,0
2026-06-04 16:30:00,4504.72,4514.99,4502.36,4514.44,6808,21,0
2026-06-04 16:45:00,4514.52,4515.26,4494.68,4495.61,6797,19,0
2026-06-04 17:00:00,4495.52,4499.96,4485.57,4487.68,6496,19,0
2026-06-04 17:15:00,4487.63,4493.83,4483.73,4485.99,5866,21,0
2026-06-04 17:30:00,4486.11,4486.61,4472.02,4474.51,6192,19,0
2026-06-04 17:45:00,4474.6,4475.06,4456.81,4465.35,6540,24,0
2026-06-04 18:00:00,4465.48,4474.31,4463.34,4471.26,5481,21,0
2026-06-04 18:15:00,4471.25,4473.63,4468.76,4470.62,4442,32,0
2026-06-04 18:30:00,4470.5,4476.96,4469.24,4472.35,4148,33,0
2026-06-04 18:45:00,4472.3,4478.85,4469.62,4477.2,4393,24,0
2026-06-04 19:00:00,4477.19,4483.99,4475.04,4478.96,4623,19,0
2026-06-04 19:15:00,4478.96,4485.2,4478.68,4483.7,3912,24,0
2026-06-04 19:30:00,4483.69,4484.15,4479.83,4481.56,4502,33,0
2026-06-04 19:45:00,4481.56,4484.09,4480.48,4482.79,4017,33,0
2026-06-04 20:00:00,4482.77,4482.77,4476.22,4476.22,3570,27,0
2026-06-04 20:15:00,4476.3,4479.59,4474.22,4476.93,3766,19,0
2026-06-04 20:30:00,4476.82,4481.68,4476.25,4476.87,3590,19,0
2026-06-04 20:45:00,4476.88,4480.53,4476.84,4478.4,3156,32,0
2026-06-04 21:00:00,4478.36,4480.3,4476.65,4479.14,3020,24,0
2026-06-04 21:15:00,4479.24,4481.27,4477.59,4478.43,3030,33,0
2026-06-04 21:30:00,4477.79,4478.1,4473.04,4474.03,3304,20,0
2026-06-04 21:45:00,4474.09,4479.29,4473.64,4478.06,3007,31,0
2026-06-04 22:00:00,4478.09,4483.17,4476.03,4478.0,3232,32,0
2026-06-04 22:15:00,4478.02,4480.07,4477.61,4479.99,2603,32,0
2026-06-04 22:30:00,4479.96,4480.21,4477.23,4477.86,2708,32,0
2026-06-04 22:45:00,4477.69,4482.25,4476.6,4480.57,3358,20,0
2026-06-04 23:00:00,4480.65,4481.55,4477.76,4477.8,2054,32,0
2026-06-04 23:15:00,4477.69,4478.96,4476.47,4477.56,1501,32,0
2026-06-04 23:30:00,4477.47,4477.47,4474.97,4475.03,1646,32,0
2026-06-04 23:45:00,4475.02,4475.67,4472.86,4474.14,1172,19,0
2026-06-05 01:00:00,4472.31,4476.04,4472.21,4475.24,1200,19,0
2026-06-05 01:15:00,4475.24,4480.76,4474.43,4478.81,2445,20,0
2026-06-05 01:30:00,4478.77,4481.21,4475.14,4475.17,2494,33,0
2026-06-05 01:45:00,4475.14,4476.16,4468.74,4469.47,2534,33,0
2026-06-05 02:00:00,4469.62,4474.22,4464.3,4470.96,3290,20,0
2026-06-05 02:15:00,4470.92,4473.28,4466.59,4469.36,2874,24,0
2026-06-05 02:30:00,4469.35,4469.88,4462.96,4464.23,2812,19,0
2026-06-05 02:45:00,4464.22,4467.0,4461.48,4462.65,3088,33,0
2026-06-05 03:00:00,4462.73,4465.9,4455.37,4456.26,4424,22,0
2026-06-05 03:15:00,4456.44,4458.63,4451.56,4458.49,4482,32,0
2026-06-05 03:30:00,4458.5,4466.92,4457.0,4462.51,4030,28,0
2026-06-05 03:45:00,4462.52,4465.51,4457.29,4458.46,3861,32,0
2026-06-05 04:00:00,4458.23,4469.16,4451.74,4458.97,5467,32,0
2026-06-05 04:15:00,4458.92,4463.81,4448.26,4457.52,5214,31,0
2026-06-05 04:30:00,4457.64,4458.57,4445.06,4445.69,4750,24,0
2026-06-05 04:45:00,4445.7,4450.83,4443.81,4446.73,4317,32,0
2026-06-05 05:00:00,4446.76,4450.83,4442.22,4449.2,4395,20,0
2026-06-05 05:15:00,4449.17,4454.71,4445.53,4451.05,3276,23,0
2026-06-05 05:30:00,4451.03,4451.67,4438.26,4442.62,4518,20,0
2026-06-05 05:45:00,4442.59,4449.75,4439.82,4440.46,4335,20,0
2026-06-05 06:00:00,4440.45,4441.12,4436.27,4440.54,4498,25,0
2026-06-05 06:15:00,4440.54,4443.49,4434.95,4436.6,4178,19,0
2026-06-05 06:30:00,4436.78,4442.12,4435.92,4440.68,3482,22,0
2026-06-05 06:45:00,4440.69,4443.13,4438.95,4442.17,3191,31,0
2026-06-05 07:00:00,4442.19,4444.24,4438.1,4441.38,3563,32,0
2026-06-05 07:15:00,4441.5,4443.56,4438.61,4439.38,3273,32,0
2026-06-05 07:30:00,4439.46,4444.03,4437.32,4440.57,3072,19,0
2026-06-05 07:45:00,4440.58,4446.26,4439.38,4444.78,3022,19,0
2026-06-05 08:00:00,4444.8,4449.74,4442.85,4448.88,3412,32,0
2026-06-05 08:15:00,4448.51,4448.91,4441.99,4444.25,3166,26,0
2026-06-05 08:30:00,4443.65,4447.5,4439.14,4443.49,4626,32,0
2026-06-05 08:45:00,4443.51,4447.99,4438.17,4439.59,3723,24,0
2026-06-05 09:00:00,4439.71,4442.3,4435.11,4435.97,4696,19,0
2026-06-05 09:15:00,4435.88,4445.87,4428.51,4442.12,5125,23,0
2026-06-05 09:30:00,4442.11,4449.94,4442.05,4448.53,4297,19,0
2026-06-05 09:45:00,4448.26,4456.12,4446.48,4452.12,4165,21,0
2026-06-05 10:00:00,4452.17,4462.94,4451.33,4458.42,4300,20,0
2026-06-05 10:15:00,4458.56,4467.32,4458.55,4466.71,4506,20,0
2026-06-05 10:30:00,4466.65,4467.25,4459.68,4462.17,3694,20,0
2026-06-05 10:45:00,4462.19,4465.16,4460.54,4460.62,3154,29,0
2026-06-05 11:00:00,4460.43,4463.47,4458.82,4461.27,3897,21,0
2026-06-05 11:15:00,4461.3,4466.78,4459.94,4466.21,3721,31,0
2026-06-05 11:30:00,4466.19,4468.46,4461.01,4461.85,3257,32,0
2026-06-05 11:45:00,4461.87,4464.46,4461.52,4462.61,2868,33,0
2026-06-05 12:00:00,4462.55,4468.97,4458.96,4466.7,3390,22,0
2026-06-05 12:15:00,4466.46,4469.32,4462.08,4462.92,4538,19,0
2026-06-05 12:30:00,4463.23,4466.67,4459.38,4465.77,3752,20,0
2026-06-05 12:45:00,4465.75,4469.1,4462.56,4464.77,3249,20,0
2026-06-05 13:00:00,4464.76,4465.24,4463.12,4465.16,2670,32,0
2026-06-05 13:15:00,4465.17,4468.04,4464.54,4466.14,2637,32,0
2026-06-05 13:30:00,4466.17,4466.96,4461.85,4464.66,2749,19,0
2026-06-05 13:45:00,4464.65,4467.89,4464.45,4466.67,2504,22,0
2026-06-05 14:00:00,4466.68,4467.08,4461.19,4461.45,3169,21,0
2026-06-05 14:15:00,4461.48,4466.13,4458.74,4465.54,3339,19,0
2026-06-05 14:30:00,4465.57,4467.25,4463.2,4464.79,3182,22,0
2026-06-05 14:45:00,4464.77,4475.55,4464.13,4470.24,3810,19,0
2026-06-05 15:00:00,4470.03,4470.98,4464.09,4469.25,3696,21,0
2026-06-05 15:15:00,4469.41,4475.57,4461.3,4465.85,4154,24,0
2026-06-05 15:30:00,4465.9,4466.2,4439.66,4446.03,6001,20,0
2026-06-05 15:45:00,4445.92,4448.64,4402.91,4402.91,6065,19,0
2026-06-05 16:00:00,4403.7,4420.04,4399.29,4417.61,6149,18,0
2026-06-05 16:15:00,4417.67,4420.48,4403.57,4403.85,5639,22,0
2026-06-05 16:30:00,4403.69,4409.2,4385.66,4389.26,6525,19,0
2026-06-05 16:45:00,4389.24,4390.8,4364.84,4365.6,6419,20,0
2026-06-05 17:00:00,4365.55,4378.64,4363.04,4365.04,6546,20,0
2026-06-05 17:15:00,4364.92,4369.25,4352.15,4359.64,6167,22,0
2026-06-05 17:30:00,4360.18,4363.22,4344.17,4348.4,6315,23,0
2026-06-05 17:45:00,4348.5,4369.49,4348.18,4368.97,5867,19,0
2026-06-05 18:00:00,4368.79,4371.83,4352.35,4352.52,5775,20,0
2026-06-05 18:15:00,4352.08,4356.96,4347.53,4350.71,5701,19,0
2026-06-05 18:30:00,4350.72,4354.18,4334.91,4338.36,5289,27,0
2026-06-05 18:45:00,4338.3,4341.99,4333.59,4335.38,5017,33,0
2026-06-05 19:00:00,4335.48,4338.37,4328.23,4332.22,5357,20,0
2026-06-05 19:15:00,4332.26,4333.57,4325.04,4328.54,5321,19,0
2026-06-05 19:30:00,4328.31,4332.01,4323.01,4327.4,5131,19,0
2026-06-05 19:45:00,4327.45,4345.22,4324.91,4345.22,5523,33,0
2026-06-05 20:00:00,4345.28,4346.45,4336.28,4339.39,5177,20,0
2026-06-05 20:15:00,4339.38,4342.63,4335.44,4341.74,5217,24,0
2026-06-05 20:30:00,4342.13,4346.91,4339.34,4341.03,4863,33,0
2026-06-05 20:45:00,4341.2,4343.3,4337.38,4341.6,4419,19,0
2026-06-05 21:00:00,4341.66,4341.86,4322.6,4322.88,4881,22,0
2026-06-05 21:15:00,4322.82,4330.17,4321.41,4326.37,5246,19,0
2026-06-05 21:30:00,4326.43,4326.73,4315.03,4317.8,4835,19,0
2026-06-05 21:45:00,4317.7,4326.61,4315.8,4321.79,5271,18,0
2026-06-05 22:00:00,4321.82,4323.52,4314.91,4314.91,4932,20,0
2026-06-05 22:15:00,4315.01,4323.97,4313.42,4323.53,5234,21,0
2026-06-05 22:30:00,4323.54,4324.81,4313.71,4318.31,5086,33,0
2026-06-05 22:45:00,4318.17,4323.44,4316.8,4317.73,5258,19,0
2026-06-05 23:00:00,4317.71,4318.56,4311.44,4315.44,4135,20,0
2026-06-05 23:15:00,4315.37,4325.83,4313.46,4322.48,3570,29,0
2026-06-05 23:30:00,4322.5,4324.81,4320.55,4324.29,3317,27,0
2026-06-05 23:45:00,4324.28,4329.54,4323.73,4326.72,2781,21,0
2026-06-08 01:00:00,4319.17,4330.13,4308.8,4329.97,3170,19,0
2026-06-08 01:15:00,4329.68,4330.37,4315.9,4316.47,4464,24,0
2026-06-08 01:30:00,4316.32,4328.68,4314.84,4325.57,3712,22,0
2026-06-08 01:45:00,4325.52,4326.5,4315.3,4317.14,3910,20,0
2026-06-08 02:00:00,4317.28,4333.95,4317.16,4330.47,3996,25,0
2026-06-08 02:15:00,4330.47,4334.32,4328.48,4333.54,3309,19,0
2026-06-08 02:30:00,4333.48,4339.75,4332.71,4338.11,3471,19,0
2026-06-08 02:45:00,4338.08,4345.72,4334.35,4342.77,4101,22,0
2026-06-08 03:00:00,4341.93,4345.56,4339.48,4342.49,4360,32,0
2026-06-08 03:15:00,4342.46,4352.41,4340.45,4350.47,4205,19,0
2026-06-08 03:30:00,4350.23,4351.31,4340.76,4344.08,4239,33,0
2026-06-08 03:45:00,4344.05,4344.59,4338.4,4342.38,4720,32,0
2026-06-08 04:00:00,4342.62,4344.46,4325.48,4326.29,5953,20,0
2026-06-08 04:15:00,4326.25,4326.25,4309.96,4312.61,6237,29,0
2026-06-08 04:30:00,4312.61,4326.08,4298.83,4325.02,6464,22,0
2026-06-08 04:45:00,4325.0,4328.53,4318.22,4325.41,5856,32,0
2026-06-08 05:00:00,4325.52,4329.84,4314.72,4316.75,4951,23,0
2026-06-08 05:15:00,4316.76,4319.7,4311.4,4314.0,4987,32,0
2026-06-08 05:30:00,4314.02,4317.73,4307.31,4315.76,5874,31,0
2026-06-08 05:45:00,4315.62,4320.56,4308.76,4310.44,5688,32,0
2026-06-08 06:00:00,4310.44,4313.97,4304.13,4304.63,5238,20,0
2026-06-08 06:15:00,4304.58,4311.7,4303.37,4306.97,4515,32,0
2026-06-08 06:30:00,4306.78,4309.68,4304.73,4309.59,3954,33,0
2026-06-08 06:45:00,4309.62,4317.16,4309.12,4317.1,3787,33,0
2026-06-08 07:00:00,4317.19,4320.31,4313.27,4318.51,4037,21,0
2026-06-08 07:15:00,4318.49,4321.48,4315.76,4319.63,4063,24,0
2026-06-08 07:30:00,4319.65,4320.04,4307.33,4307.33,4466,23,0
2026-06-08 07:45:00,4307.36,4313.71,4307.33,4312.41,4289,20,0
2026-06-08 08:00:00,4312.62,4315.86,4304.35,4304.54,4416,19,0
2026-06-08 08:15:00,4304.47,4314.01,4304.26,4311.62,4346,23,0
2026-06-08 08:30:00,4311.68,4312.36,4268.65,4287.79,6936,19,0
2026-06-08 08:45:00,4287.83,4295.61,4284.95,4291.89,6251,20,0
2026-06-08 09:00:00,4292.2,4307.95,4292.03,4303.49,6394,21,0
2026-06-08 09:15:00,4303.49,4311.32,4299.63,4305.76,5591,33,0
2026-06-08 09:30:00,4305.85,4306.54,4293.8,4298.39,5851,21,0
2026-06-08 09:45:00,4298.2,4300.79,4293.02,4299.23,5024,32,0
2026-06-08 10:00:00,4299.31,4308.31,4294.62,4305.0,5586,32,0
2026-06-08 10:15:00,4305.02,4316.99,4300.21,4306.05,5368,19,0
2026-06-08 10:30:00,4306.12,4311.53,4301.3,4301.6,5112,32,0
2026-06-08 10:45:00,4301.59,4302.52,4294.01,4294.01,4967,28,0
2026-06-08 11:00:00,4294.47,4297.03,4289.45,4291.56,5322,19,0
2026-06-08 11:15:00,4291.54,4293.43,4285.16,4287.01,4905,28,0
2026-06-08 11:30:00,4286.98,4291.9,4286.26,4290.43,4606,31,0
2026-06-08 11:45:00,4290.16,4293.71,4285.21,4288.57,4972,22,0
2026-06-08 12:00:00,4288.88,4291.94,4284.11,4288.35,4450,32,0
2026-06-08 12:15:00,4288.35,4291.01,4279.39,4279.61,4237,27,0
2026-06-08 12:30:00,4279.56,4296.19,4272.79,4293.71,5849,19,0
2026-06-08 12:45:00,4293.7,4301.85,4291.08,4294.6,5182,19,0
2026-06-08 13:00:00,4294.62,4297.62,4286.36,4294.36,4702,33,0
2026-06-08 13:15:00,4294.36,4295.7,4289.56,4293.48,4429,33,0
2026-06-08 13:30:00,4293.5,4305.31,4292.08,4304.93,5314,20,0
2026-06-08 13:45:00,4304.93,4304.94,4296.55,4302.18,4581,19,0
2026-06-08 14:00:00,4302.08,4318.25,4296.96,4318.17,4873,22,0
2026-06-08 14:15:00,4318.29,4330.79,4312.5,4324.95,6235,20,0
2026-06-08 14:30:00,4325.03,4332.99,4322.35,4323.54,5511,29,0
2026-06-08 14:45:00,4323.49,4332.71,4321.29,4330.79,5024,20,0
2026-06-08 15:00:00,4331.12,4334.67,4322.32,4322.53,5685,21,0
2026-06-08 15:15:00,4322.57,4331.7,4320.09,4329.95,5286,31,0
2026-06-08 15:30:00,4330.01,4339.55,4327.38,4335.65,5765,23,0
2026-06-08 15:45:00,4335.54,4337.85,4326.97,4332.97,5602,20,0
2026-06-08 16:00:00,4333.29,4335.0,4323.02,4323.76,6026,32,0
2026-06-08 16:15:00,4323.93,4335.75,4321.14,4331.92,5769,33,0
2026-06-08 16:30:00,4331.87,4346.28,4331.86,4337.14,7674,20,0
2026-06-08 16:45:00,4337.22,4339.05,4326.11,4327.15,7193,19,0
2026-06-08 17:00:00,4327.16,4330.7,4316.61,4319.32,7067,31,0
2026-06-08 17:15:00,4319.28,4324.09,4315.72,4319.34,6792,26,0
2026-06-08 17:30:00,4319.29,4324.03,4314.64,4322.76,6427,25,0
2026-06-08 17:45:00,4322.94,4331.13,4316.89,4330.78,6401,19,0
2026-06-08 18:00:00,4330.99,4336.31,4325.06,4325.38,5750,28,0
2026-06-08 18:15:00,4325.32,4335.95,4322.31,4330.78,6015,32,0
2026-06-08 18:30:00,4331.06,4339.37,4328.48,4338.87,5678,21,0
2026-06-08 18:45:00,4338.8,4345.55,4334.28,4341.5,5552,19,0
2026-06-08 19:00:00,4341.66,4343.79,4338.18,4341.03,5194,26,0
2026-06-08 19:15:00,4341.08,4343.93,4339.63,4341.56,4487,32,0
2026-06-08 19:30:00,4341.56,4346.25,4340.6,4343.93,4862,23,0
2026-06-08 19:45:00,4343.98,4346.0,4337.82,4340.77,4548,33,0
2026-06-08 20:00:00,4340.77,4342.43,4336.13,4339.87,5097,19,0
2026-06-08 20:15:00,4339.79,4340.46,4333.91,4339.24,5081,27,0
2026-06-08 20:30:00,4339.35,4339.62,4332.15,4334.0,4972,26,0
2026-06-08 20:45:00,4334.04,4339.51,4334.02,4338.75,4606,33,0
2026-06-08 21:00:00,4338.82,4345.21,4338.56,4341.69,4738,25,0
2026-06-08 21:15:00,4341.65,4346.08,4341.43,4342.29,4291,33,0
2026-06-08 21:30:00,4342.29,4344.52,4336.16,4336.72,3952,19,0
2026-06-08 21:45:00,4336.72,4337.08,4332.82,4334.55,4019,33,0
2026-06-08 22:00:00,4334.57,4337.97,4329.49,4329.82,3936,20,0
2026-06-08 22:15:00,4329.8,4331.65,4325.9,4327.55,4352,33,0
2026-06-08 22:30:00,4327.56,4330.39,4324.1,4324.65,4230,19,0
2026-06-08 22:45:00,4324.78,4329.88,4323.24,4327.22,4332,32,0
2026-06-08 23:00:00,4327.35,4329.72,4326.14,4328.13,2411,21,0
2026-06-08 23:15:00,4327.97,4328.1,4324.34,4326.46,2054,33,0
2026-06-08 23:30:00,4326.56,4328.48,4325.29,4326.11,1728,33,0
2026-06-08 23:45:00,4326.13,4328.52,4325.47,4328.26,1396,33,0
2026-06-09 01:00:00,4325.39,4328.07,4323.53,4325.16,1248,33,0
2026-06-09 01:15:00,4325.13,4327.05,4322.7,4324.92,2103,33,0
2026-06-09 01:30:00,4325.11,4327.46,4324.82,4327.46,1898,33,0
2026-06-09 01:45:00,4327.48,4328.82,4326.04,4327.82,1434,33,0
2026-06-09 02:00:00,4327.77,4328.67,4325.46,4327.49,1628,20,0
2026-06-09 02:15:00,4327.5,4328.31,4320.51,4320.6,1940,32,0
2026-06-09 02:30:00,4320.55,4322.3,4315.18,4319.55,2668,19,0
2026-06-09 02:45:00,4319.75,4320.03,4312.82,4317.65,3449,19,0
2026-06-09 03:00:00,4317.68,4323.63,4315.28,4322.51,4666,19,0
2026-06-09 03:15:00,4322.55,4323.36,4316.5,4316.65,3943,33,0
2026-06-09 03:30:00,4316.77,4323.01,4314.92,4318.18,3796,24,0
2026-06-09 03:45:00,4318.19,4321.18,4315.01,4319.73,3525,32,0
2026-06-09 04:00:00,4319.74,4327.88,4318.62,4324.08,5058,31,0
2026-06-09 04:15:00,4324.19,4337.49,4322.18,4335.51,5007,19,0
2026-06-09 04:30:00,4335.5,4338.22,4332.4,4335.31,4259,32,0
2026-06-09 04:45:00,4335.63,4337.83,4332.59,4335.8,4483,32,0
2026-06-09 05:00:00,4335.89,4336.48,4327.85,4332.34,4110,31,0
2026-06-09 05:15:00,4332.34,4336.38,4329.78,4335.71,3868,32,0
2026-06-09 05:30:00,4335.71,4339.86,4331.37,4338.97,4034,33,0
2026-06-09 05:45:00,4339.01,4341.18,4335.04,4336.3,3902,32,0
2026-06-09 06:00:00,4336.08,4341.19,4331.31,4338.33,3882,26,0
2026-06-09 06:15:00,4338.34,4341.85,4333.06,4336.18,3906,32,0
2026-06-09 06:30:00,4336.15,4337.49,4333.05,4337.1,3141,32,0
2026-06-09 06:45:00,4337.09,4341.37,4334.07,4336.48,2926,19,0
2026-06-09 07:00:00,4336.5,4339.35,4332.41,4332.49,2764,21,0
2026-06-09 07:15:00,4332.46,4333.21,4329.05,4330.66,2924,33,0
2026-06-09 07:30:00,4330.65,4330.85,4324.27,4328.26,3305,33,0
2026-06-09 07:45:00,4328.16,4332.39,4326.38,4331.71,2648,21,0
2026-06-09 08:00:00,4332.18,4336.64,4329.71,4330.09,3026,31,0
2026-06-09 08:15:00,4330.05,4334.05,4329.67,4330.91,3345,32,0
2026-06-09 08:30:00,4330.85,4350.39,4330.85,4347.44,5066,32,0
2026-06-09 08:45:00,4347.5,4348.03,4341.86,4343.84,4127,19,0
2026-06-09 09:00:00,4343.97,4349.48,4341.44,4342.0,4460,19,0
2026-06-09 09:15:00,4342.19,4347.1,4339.55,4340.24,4072,19,0
2026-06-09 09:30:00,4340.4,4340.51,4332.85,4337.21,4194,19,0
2026-06-09 09:45:00,4337.28,4340.88,4330.03,4330.26,3974,32,0
2026-06-09 10:00:00,4330.13,4335.19,4326.91,4326.91,4630,19,0
2026-06-09 10:15:00,4326.34,4332.03,4323.15,4330.88,4382,25,0
2026-06-09 10:30:00,4330.96,4330.97,4322.05,4328.2,4048,22,0
2026-06-09 10:45:00,4328.17,4329.99,4324.88,4326.02,3322,28,0
2026-06-09 11:00:00,4325.93,4336.0,4320.92,4331.48,4669,32,0
2026-06-09 11:15:00,4331.47,4335.38,4330.94,4334.23,4322,32,0
2026-06-09 11:30:00,4334.4,4336.69,4330.28,4334.86,3695,22,0
2026-06-09 11:45:00,4334.92,4335.21,4325.69,4326.44,3607,25,0
2026-06-09 12:00:00,4326.35,4330.75,4325.02,4328.27,3830,33,0
2026-06-09 12:15:00,4328.23,4335.58,4324.5,4327.19,3968,24,0
2026-06-09 12:30:00,4327.12,4331.08,4325.15,4327.16,3656,32,0
2026-06-09 12:45:00,4327.18,4333.65,4326.77,4331.94,3117,26,0
2026-06-09 13:00:00,4332.14,4335.64,4325.32,4335.41,3792,19,0
2026-06-09 13:15:00,4335.38,4336.66,4331.41,4333.98,3559,23,0
2026-06-09 13:30:00,4334.0,4335.24,4329.77,4332.9,3000,20,0
2026-06-09 13:45:00,4333.35,4340.68,4330.38,4338.85,3389,21,0
2026-06-09 14:00:00,4338.91,4340.48,4335.77,4337.99,3682,32,0
2026-06-09 14:15:00,4337.97,4340.68,4336.36,4338.84,3234,22,0
2026-06-09 14:30:00,4338.87,4340.22,4336.94,4339.22,2931,33,0
2026-06-09 14:45:00,4339.17,4343.93,4337.44,4340.02,3624,32,0
2026-06-09 15:00:00,4340.0,4344.25,4339.85,4341.39,3455,25,0
2026-06-09 15:15:00,4341.4,4343.26,4335.36,4335.89,3978,32,0
2026-06-09 15:30:00,4335.78,4342.21,4335.04,4340.94,3968,33,0
2026-06-09 15:45:00,4340.94,4344.61,4336.8,4341.47,3849,24,0
2026-06-09 16:00:00,4342.1,4345.61,4338.09,4341.1,4783,30,0
2026-06-09 16:15:00,4341.09,4341.95,4330.1,4330.35,4694,33,0
2026-06-09 16:30:00,4330.88,4334.18,4324.91,4329.68,5697,19,0
2026-06-09 16:45:00,4329.66,4363.15,4326.34,4327.92,6104,23,0
2026-06-09 17:00:00,4327.99,4335.58,4319.53,4320.95,6147,20,0
2026-06-09 17:15:00,4320.89,4323.48,4305.74,4318.26,6431,23,0
2026-06-09 17:30:00,4318.34,4320.8,4284.94,4284.97,6444,24,0
2026-06-09 17:45:00,4285.18,4300.74,4278.28,4300.3,6498,22,0
2026-06-09 18:00:00,4300.34,4301.83,4289.46,4294.59,6159,20,0
2026-06-09 18:15:00,4294.39,4297.07,4277.13,4279.73,6072,29,0
2026-06-09 18:30:00,4279.57,4281.98,4262.6,4280.14,6641,25,0
2026-06-09 18:45:00,4280.18,4285.67,4272.13,4272.27,6146,19,0
2026-06-09 19:00:00,4272.02,4280.71,4258.13,4259.6,6163,22,0
2026-06-09 19:15:00,4259.79,4266.04,4252.85,4263.21,6285,20,0
2026-06-09 19:30:00,4262.78,4267.33,4236.51,4244.24,6391,20,0
2026-06-09 19:45:00,4243.93,4253.94,4238.75,4252.75,6398,23,0
2026-06-09 20:00:00,4253.0,4264.41,4251.02,4261.07,6297,19,0
2026-06-09 20:15:00,4260.42,4267.73,4258.59,4263.18,6013,19,0
2026-06-09 20:30:00,4263.18,4268.16,4260.98,4264.8,5641,21,0
2026-06-09 20:45:00,4264.89,4266.85,4256.0,4263.23,5501,19,0
2026-06-09 21:00:00,4263.24,4266.88,4259.68,4265.33,5410,20,0
2026-06-09 21:15:00,4265.39,4274.18,4262.93,4270.65,5611,19,0
2026-06-09 21:30:00,4270.68,4274.14,4263.67,4264.38,5033,33,0
2026-06-09 21:45:00,4264.34,4271.48,4262.16,4269.87,4516,32,0
2026-06-09 22:00:00,4269.93,4271.59,4258.05,4258.73,4677,27,0
2026-06-09 22:15:00,4258.63,4258.83,4252.7,4257.2,5016,25,0
2026-06-09 22:30:00,4257.08,4259.97,4249.84,4251.0,5100,33,0
2026-06-09 22:45:00,4251.1,4259.74,4249.8,4258.74,5316,32,0
2026-06-09 23:00:00,4258.74,4261.19,4255.67,4258.38,3391,33,0
2026-06-09 23:15:00,4258.4,4260.39,4257.81,4258.91,2086,33,0
2026-06-09 23:30:00,4258.89,4261.86,4257.56,4261.37,1780,33,0
2026-06-09 23:45:00,4261.53,4261.96,4258.15,4258.78,1411,33,0
2026-06-10 01:00:00,4253.36,4256.36,4249.27,4255.09,2079,32,0
2026-06-10 01:15:00,4255.19,4256.34,4252.78,4256.31,2602,32,0
2026-06-10 01:30:00,4256.3,4257.31,4247.25,4248.83,3517,19,0
2026-06-10 01:45:00,4248.84,4249.5,4232.18,4237.07,4466,19,0
2026-06-10 02:00:00,4237.07,4247.27,4235.53,4236.57,3966,22,0
2026-06-10 02:15:00,4236.57,4236.57,4222.89,4224.04,4309,32,0
2026-06-10 02:30:00,4224.09,4229.66,4216.22,4218.07,4009,20,0
2026-06-10 02:45:00,4218.13,4224.28,4209.41,4222.62,5565,19,0
2026-06-10 03:00:00,4223.09,4226.52,4216.53,4224.86,5858,27,0
2026-06-10 03:15:00,4224.42,4228.13,4217.82,4218.05,5306,19,0
2026-06-10 03:30:00,4218.07,4219.05,4198.37,4204.19,6098,19,0
2026-06-10 03:45:00,4204.18,4220.51,4199.59,4217.13,6080,19,0
2026-06-10 04:00:00,4216.74,4216.86,4187.15,4203.09,7002,21,0
2026-06-10 04:15:00,4203.29,4216.35,4197.24,4201.69,6039,20,0
2026-06-10 04:30:00,4201.7,4206.78,4184.05,4186.5,6564,19,0
2026-06-10 04:45:00,4186.44,4195.38,4183.45,4188.46,6036,28,0
2026-06-10 05:00:00,4188.85,4191.47,4179.02,4182.54,5841,20,0
2026-06-10 05:15:00,4182.73,4188.06,4177.96,4187.72,5340,19,0
2026-06-10 05:30:00,4187.67,4192.22,4173.54,4184.1,6166,19,0
2026-06-10 05:45:00,4183.72,4190.47,4172.84,4173.5,6147,32,0
2026-06-10 06:00:00,4173.45,4180.35,4172.43,4177.95,5443,28,0
2026-06-10 06:15:00,4178.03,4180.75,4173.32,4176.87,5091,32,0
2026-06-10 06:30:00,4176.88,4182.82,4175.87,4179.53,4786,32,0
2026-06-10 06:45:00,4179.5,4186.31,4179.3,4184.33,5231,32,0
2026-06-10 07:00:00,4184.21,4187.19,4180.35,4180.85,4162,33,0
2026-06-10 07:15:00,4180.86,4182.7,4173.38,4174.29,4418,33,0
2026-06-10 07:30:00,4174.22,4175.06,4172.54,4173.26,4439,26,0
2026-06-10 07:45:00,4173.23,4175.53,4171.95,4174.6,3910,25,0
2026-06-10 08:00:00,4174.52,4180.06,4173.02,4179.87,4556,24,0
2026-06-10 08:15:00,4179.91,4187.02,4175.16,4187.02,4522,20,0
2026-06-10 08:30:00,4187.77,4198.89,4181.38,4198.06,6340,27,0
2026-06-10 08:45:00,4198.02,4208.95,4197.2,4205.17,5609,19,0
2026-06-10 09:00:00,4205.37,4221.91,4204.68,4212.53,5977,20,0
2026-06-10 09:15:00,4212.44,4216.32,4208.19,4211.28,5255,25,0
2026-06-10 09:30:00,4211.12,4213.34,4204.35,4207.28,4865,21,0
2026-06-10 09:45:00,4207.12,4209.51,4201.64,4204.07,4838,19,0
2026-06-10 10:00:00,4203.85,4207.78,4197.15,4200.16,5241,24,0
2026-06-10 10:15:00,4200.16,4203.54,4193.27,4194.81,4776,32,0
2026-06-10 10:30:00,4195.28,4196.97,4187.72,4189.46,4928,26,0
2026-06-10 10:45:00,4189.47,4192.63,4181.27,4186.05,5230,21,0
2026-06-10 11:00:00,4186.07,4187.14,4161.02,4166.28,6437,19,0
2026-06-10 11:15:00,4166.15,4178.51,4165.8,4171.45,5535,19,0
2026-06-10 11:30:00,4171.41,4179.0,4166.19,4170.15,5196,22,0
2026-06-10 11:45:00,4170.1,4176.09,4166.01,4169.27,5483,20,0
2026-06-10 12:00:00,4169.26,4173.9,4164.29,4164.79,5371,19,0
2026-06-10 12:15:00,4164.94,4174.79,4164.06,4165.95,5249,19,0
2026-06-10 12:30:00,4165.74,4179.24,4165.5,4171.25,5605,19,0
2026-06-10 12:45:00,4171.18,4174.63,4162.76,4168.12,5089,19,0
2026-06-10 13:00:00,4168.13,4170.77,4155.57,4160.52,5202,19,0
2026-06-10 13:15:00,4160.5,4169.48,4159.23,4164.74,4934,19,0
2026-06-10 13:30:00,4164.61,4171.17,4163.73,4171.16,4736,22,0
2026-06-10 13:45:00,4171.12,4178.51,4169.51,4174.5,5028,19,0
2026-06-10 14:00:00,4174.61,4175.96,4153.25,4168.21,6423,19,0
2026-06-10 14:15:00,4168.29,4171.41,4156.8,4165.79,6437,22,0
2026-06-10 14:30:00,4165.78,4167.55,4153.88,4154.13,6093,21,0
2026-06-10 14:45:00,4154.2,4163.11,4145.47,4147.08,5981,21,0
2026-06-10 15:00:00,4147.75,4152.26,4134.39,4135.41,6295,19,0
2026-06-10 15:15:00,4136.13,4142.58,4130.21,4139.56,5826,19,0
2026-06-10 15:30:00,4139.47,4173.64,4139.47,4160.45,7896,19,0
2026-06-10 15:45:00,4160.71,4169.5,4142.07,4146.82,7211,25,0
2026-06-10 16:00:00,4146.94,4157.74,4144.61,4151.21,7024,20,0
2026-06-10 16:15:00,4151.0,4151.0,4132.58,4148.28,6894,19,0
2026-06-10 16:30:00,4147.05,4178.96,4141.79,4178.96,7963,21,0
2026-06-10 16:45:00,4178.93,4186.01,4173.53,4180.75,7665,21,0
2026-06-10 17:00:00,4180.81,4180.81,4169.96,4174.1,7363,20,0
2026-06-10 17:15:00,4174.5,4175.28,4159.34,4160.99,7081,18,0
2026-06-10 17:30:00,4160.99,4163.13,4149.63,4149.63,6822,21,0
2026-06-10 17:45:00,4149.77,4151.59,4117.12,4124.45,7472,21,0
2026-06-10 18:00:00,4124.6,4136.21,4119.04,4123.03,7710,21,0
2026-06-10 18:15:00,4122.95,4136.65,4112.73,4127.6,7364,19,0
2026-06-10 18:30:00,4127.61,4131.14,4121.79,4128.43,7223,32,0
2026-06-10 18:45:00,4128.43,4130.9,4106.49,4128.43,7788,19,0
2026-06-10 19:00:00,4129.16,4132.54,4122.68,4128.83,6528,27,0
2026-06-10 19:15:00,4128.82,4134.77,4125.74,4127.36,6048,22,0
2026-06-10 19:30:00,4127.35,4131.91,4120.28,4121.81,6143,26,0
2026-06-10 19:45:00,4121.95,4123.01,4115.72,4121.91,5840,22,0
2026-06-10 20:00:00,4121.9,4134.71,4114.52,4117.63,5971,23,0
2026-06-10 20:15:00,4117.56,4119.86,4108.96,4110.7,6024,24,0
2026-06-10 20:30:00,4109.83,4112.13,4100.98,4102.0,5999,20,0
2026-06-10 20:45:00,4102.05,4112.99,4100.26,4112.19,6545,24,0
2026-06-10 21:00:00,4112.06,4120.2,4112.06,4115.6,5453,23,0
2026-06-10 21:15:00,4115.39,4117.78,4109.33,4112.04,5094,32,0
2026-06-10 21:30:00,4111.93,4111.94,4104.29,4104.68,5253,21,0
2026-06-10 21:45:00,4104.72,4107.34,4096.4,4101.16,5383,21,0
2026-06-10 22:00:00,4101.2,4101.7,4086.96,4088.65,5367,19,0
2026-06-10 22:15:00,4088.64,4091.64,4081.37,4084.37,5314,19,0
2026-06-10 22:30:00,4084.66,4091.64,4081.86,4091.25,5551,24,0
2026-06-10 22:45:00,4091.24,4092.41,4081.31,4082.37,5679,27,0
2026-06-10 23:00:00,4082.11,4082.66,4069.05,4071.91,4526,19,0
2026-06-10 23:15:00,4071.87,4079.78,4070.98,4077.31,3135,32,0
2026-06-10 23:30:00,4077.33,4078.0,4071.18,4072.28,2484,19,0
2026-06-10 23:45:00,4072.3,4072.6,4065.51,4068.78,2439,27,0
2026-06-11 01:00:00,4060.42,4061.91,4049.04,4056.28,2964,33,0
2026-06-11 01:15:00,4056.25,4056.97,4035.78,4044.72,4873,20,0
2026-06-11 01:30:00,4044.8,4068.89,4044.51,4062.62,4962,24,0
2026-06-11 01:45:00,4062.68,4066.52,4045.41,4046.37,4948,20,0
2026-06-11 02:00:00,4046.35,4053.71,4023.66,4029.65,4873,24,0
2026-06-11 02:15:00,4029.54,4064.64,4024.6,4061.51,6188,20,0
2026-06-11 02:30:00,4061.48,4064.35,4054.67,4056.33,4771,21,0
2026-06-11 02:45:00,4056.35,4057.35,4044.53,4048.08,5273,28,0
2026-06-11 03:00:00,4048.29,4059.63,4036.05,4052.16,7073,31,0
2026-06-11 03:15:00,4052.46,4072.87,4049.68,4067.54,6989,20,0
2026-06-11 03:30:00,4067.48,4076.2,4059.1,4063.7,6031,20,0
2026-06-11 03:45:00,4063.42,4077.98,4063.36,4075.72,5867,21,0
2026-06-11 04:00:00,4075.64,4089.98,4066.34,4086.45,7393,20,0
2026-06-11 04:15:00,4086.66,4108.75,4085.47,4104.38,6727,19,0
2026-06-11 04:30:00,4104.35,4118.11,4103.95,4113.84,6146,20,0
2026-06-11 04:45:00,4113.83,4116.83,4097.81,4102.13,5594,23,0
2026-06-11 05:00:00,4102.52,4102.62,4089.19,4089.56,5928,32,0
2026-06-11 05:15:00,4089.48,4095.81,4081.28,4082.55,5422,29,0
2026-06-11 05:30:00,4082.29,4084.91,4055.16,4058.74,6553,22,0
2026-06-11 05:45:00,4058.39,4073.19,4052.45,4067.78,6193,29,0
2026-06-11 06:00:00,4067.75,4078.42,4064.33,4065.59,5949,20,0
2026-06-11 06:15:00,4065.61,4071.32,4056.97,4063.12,5902,24,0
2026-06-11 06:30:00,4062.86,4071.75,4062.14,4067.3,4706,32,0
2026-06-11 06:45:00,4067.34,4075.63,4064.59,4073.15,4616,22,0
2026-06-11 07:00:00,4073.42,4082.95,4069.99,4082.63,4681,32,0
2026-06-11 07:15:00,4082.32,4085.14,4076.22,4077.47,4383,21,0
2026-06-11 07:30:00,4077.49,4083.91,4074.42,4082.02,3930,29,0
2026-06-11 07:45:00,4082.03,4085.88,4079.41,4082.54,4060,32,0
2026-06-11 08:00:00,4082.63,4083.06,4075.12,4076.82,4490,24,0
2026-06-11 08:15:00,4076.87,4081.0,4072.52,4077.15,4917,23,0
2026-06-11 08:30:00,4077.14,4099.46,4075.81,4099.19,6005,22,0
2026-06-11 08:45:00,4099.21,4106.35,4093.48,4094.12,5590,19,0
2026-06-11 09:00:00,4094.03,4094.64,4075.91,4084.06,6292,23,0
2026-06-11 09:15:00,4084.09,4092.67,4081.7,4087.32,5332,21,0
2026-06-11 09:30:00,4087.4,4092.61,4082.88,4092.59,4819,19,0
2026-06-11 09:45:00,4092.65,4097.52,4091.08,4094.35,4910,32,0
2026-06-11 10:00:00,4094.74,4098.32,4091.59,4096.55,5638,24,0
2026-06-11 10:15:00,4096.66,4110.23,4096.26,4107.59,5335,21,0
2026-06-11 10:30:00,4107.61,4110.62,4101.6,4107.54,4866,25,0
2026-06-11 10:45:00,4107.5,4108.09,4098.81,4104.8,4524,21,0
2026-06-11 11:00:00,4103.84,4112.52,4103.84,4106.36,5467,19,0
2026-06-11 11:15:00,4106.4,4108.37,4097.05,4097.64,5064,21,0
2026-06-11 11:30:00,4097.51,4099.37,4090.11,4090.36,5091,20,0
2026-06-11 11:45:00,4090.34,4091.94,4084.16,4084.2,4745,20,0
2026-06-11 12:00:00,4084.18,4087.44,4080.51,4085.85,4828,32,0
2026-06-11 12:15:00,4085.87,4088.67,4078.74,4079.5,4660,20,0
2026-06-11 12:30:00,4079.42,4091.73,4077.34,4091.48,4524,32,0
2026-06-11 12:45:00,4091.46,4096.38,4089.68,4091.28,4175,20,0
2026-06-11 13:00:00,4091.24,4094.33,4088.3,4092.02,4427,26,0
2026-06-11 13:15:00,4092.02,4094.38,4086.63,4087.71,4290,32,0
2026-06-11 13:30:00,4087.79,4093.02,4086.4,4090.32,4010,20,0
2026-06-11 13:45:00,4090.33,4092.87,4087.48,4089.84,3723,22,0
2026-06-11 14:00:00,4089.75,4093.08,4085.92,4085.92,4928,25,0
2026-06-11 14:15:00,4085.95,4090.98,4083.19,4089.95,5033,27,0
2026-06-11 14:30:00,4089.97,4095.85,4081.48,4084.47,5601,19,0
2026-06-11 14:45:00,4084.49,4087.6,4079.63,4080.42,4752,20,0
2026-06-11 15:00:00,4080.52,4087.05,4072.33,4076.2,5252,22,0
2026-06-11 15:15:00,4076.21,4081.85,4061.28,4068.93,6781,20,0
2026-06-11 15:30:00,4068.75,4076.81,4057.43,4072.68,7198,19,0
2026-06-11 15:45:00,4072.75,4084.79,4069.79,4081.19,6593,22,0
2026-06-11 16:00:00,4081.33,4086.18,4072.08,4073.08,6935,19,0
2026-06-11 16:15:00,4073.12,4081.81,4072.13,4075.29,6287,21,0
2026-06-11 16:30:00,4075.36,4082.51,4067.08,4076.25,8075,21,0
2026-06-11 16:45:00,4076.27,4092.46,4073.31,4083.15,7819,20,0
2026-06-11 17:00:00,4083.25,4085.22,4052.87,4060.76,7802,20,0
2026-06-11 17:15:00,4060.78,4084.73,4055.97,4074.67,7826,19,0
2026-06-11 17:30:00,4074.43,4083.42,4070.49,4076.39,7453,20,0
2026-06-11 17:45:00,4076.4,4080.98,4072.14,4073.31,7408,24,0
2026-06-11 18:00:00,4073.34,4087.56,4070.26,4080.4,7635,18,0
2026-06-11 18:15:00,4080.43,4089.24,4074.78,4081.68,6802,29,0
2026-06-11 18:30:00,4081.79,4090.34,4077.45,4088.3,6953,28,0
2026-06-11 18:45:00,4088.31,4095.39,4085.7,4088.65,6263,24,0
2026-06-11 19:00:00,4088.88,4103.21,4086.83,4102.68,6442,23,0
2026-06-11 19:15:00,4102.84,4107.45,4079.48,4079.55,6562,20,0
2026-06-11 19:30:00,4079.29,4087.63,4078.3,4081.66,5765,19,0
2026-06-11 19:45:00,4081.67,4084.13,4077.95,4080.1,5376,22,0
2026-06-11 20:00:00,4080.09,4080.79,4071.77,4075.94,6020,19,0
2026-06-11 20:15:00,4075.92,4105.3,4074.33,4105.28,6109,21,0
2026-06-11 20:30:00,4105.39,4170.08,4104.33,4166.49,8503,19,0
2026-06-11 20:45:00,4166.0,4166.26,4146.67,4152.34,7688,21,0
2026-06-11 21:00:00,4152.33,4155.6,4131.37,4146.58,4048,18,0
2026-06-11 21:15:00,4146.42,4162.78,4145.02,4152.32,7266,18,0
2026-06-11 21:30:00,4152.16,4165.18,4149.06,4164.75,6543,22,0
2026-06-11 21:45:00,4164.47,4171.47,4160.38,4163.26,5893,20,0
2026-06-11 22:00:00,4163.33,4189.15,4163.33,4188.16,6763,18,0
2026-06-11 22:15:00,4188.53,4198.28,4186.12,4196.39,6808,19,0
2026-06-11 22:30:00,4196.37,4219.89,4196.32,4211.49,7097,19,0
2026-06-11 22:45:00,4211.92,4215.53,4207.21,4210.72,6050,30,0
2026-06-11 23:00:00,4210.64,4218.45,4208.04,4213.75,4447,21,0
2026-06-11 23:15:00,4213.74,4216.4,4212.14,4213.98,3266,20,0
2026-06-11 23:30:00,4214.05,4216.34,4209.52,4210.39,3266,33,0
2026-06-11 23:45:00,4210.49,4211.9,4208.76,4209.8,2139,30,0
2026-06-12 01:00:00,4207.1,4210.93,4205.66,4209.63,1767,33,0
2026-06-12 01:15:00,4209.64,4215.9,4205.67,4214.92,2893,32,0
2026-06-12 01:30:00,4214.69,4227.8,4211.24,4225.62,3530,19,0
2026-06-12 01:45:00,4225.64,4246.16,4224.99,4243.29,4447,19,0
2026-06-12 02:00:00,4243.3,4245.71,4221.46,4223.7,3883,20,0
2026-06-12 02:15:00,4223.66,4226.42,4214.06,4216.69,3407,22,0
2026-06-12 02:30:00,4216.69,4223.09,4214.37,4219.69,3676,20,0
2026-06-12 02:45:00,4219.63,4224.2,4215.11,4220.23,4114,32,0
2026-06-12 03:00:00,4220.39,4225.61,4212.64,4216.69,5040,20,0
2026-06-12 03:15:00,4216.79,4230.28,4207.27,4220.39,4941,20,0
2026-06-12 03:30:00,4220.3,4228.57,4202.69,4203.95,4516,19,0
2026-06-12 03:45:00,4204.21,4208.23,4200.54,4208.1,4868,31,0
2026-06-12 04:00:00,4208.13,4210.44,4183.01,4186.81,5805,20,0
2026-06-12 04:15:00,4186.8,4193.77,4179.03,4180.99,5048,19,0
2026-06-12 04:30:00,4181.33,4186.58,4171.39,4179.6,5398,23,0
2026-06-12 04:45:00,4179.63,4191.32,4179.56,4186.07,4980,20,0
2026-06-12 05:00:00,4186.22,4200.05,4183.73,4193.85,4944,23,0
2026-06-12 05:15:00,4193.86,4194.46,4186.48,4188.48,4149,32,0
2026-06-12 05:30:00,4188.46,4192.98,4182.41,4186.04,4670,31,0
2026-06-12 05:45:00,4186.05,4193.5,4183.54,4191.41,4228,22,0
2026-06-12 06:00:00,4191.42,4195.86,4189.35,4193.59,4216,32,0
2026-06-12 06:15:00,4193.64,4203.43,4192.99,4203.31,4672,32,0
2026-06-12 06:30:00,4203.47,4204.82,4198.57,4199.19,4132,33,0
2026-06-12 06:45:00,4198.76,4201.35,4195.34,4196.85,3645,25,0
2026-06-12 07:00:00,4196.88,4200.75,4191.79,4194.03,3614,22,0
2026-06-12 07:15:00,4194.09,4195.34,4190.19,4192.5,2939,20,0
2026-06-12 07:30:00,4192.32,4197.88,4191.61,4193.46,3227,31,0
2026-06-12 07:45:00,4193.47,4194.01,4189.49,4189.69,3518,26,0
2026-06-12 08:00:00,4189.64,4192.89,4181.72,4188.56,4177,28,0
2026-06-12 08:15:00,4188.53,4189.48,4184.9,4187.04,3684,19,0
2026-06-12 08:30:00,4187.04,4187.69,4172.68,4180.4,5277,20,0
2026-06-12 08:45:00,4180.41,4180.92,4170.67,4173.04,5024,23,0
2026-06-12 09:00:00,4173.26,4185.53,4173.25,4182.96,5061,19,0
2026-06-12 09:15:00,4182.94,4183.07,4178.66,4181.94,4458,25,0
2026-06-12 09:30:00,4181.99,4182.44,4172.36,4176.43,4761,19,0
2026-06-12 09:45:00,4176.41,4184.72,4173.69,4184.09,4448,22,0
2026-06-12 10:00:00,4184.46,4184.69,4176.0,4178.06,4578,20,0
2026-06-12 10:15:00,4178.06,4179.91,4173.44,4173.61,4153,28,0
2026-06-12 10:30:00,4173.6,4184.51,4169.93,4182.95,4531,20,0
2026-06-12 10:45:00,4182.93,4194.23,4173.45,4194.23,4577,21,0
2026-06-12 11:00:00,4194.43,4204.87,4191.77,4203.77,5448,19,0
2026-06-12 11:15:00,4203.78,4220.57,4199.54,4213.1,5785,19,0
2026-06-12 11:30:00,4213.39,4222.54,4211.87,4218.34,5157,19,0
2026-06-12 11:45:00,4218.73,4225.93,4214.71,4219.66,4691,19,0
2026-06-12 12:00:00,4219.64,4225.21,4217.53,4224.18,4418,21,0
2026-06-12 12:15:00,4224.34,4226.77,4219.09,4220.89,4657,29,0
2026-06-12 12:30:00,4220.89,4228.07,4219.28,4225.21,4642,24,0
2026-06-12 12:45:00,4225.24,4227.92,4221.47,4221.94,4390,31,0
2026-06-12 13:00:00,4221.9,4225.68,4219.09,4221.5,3995,32,0
2026-06-12 13:15:00,4221.66,4222.33,4202.52,4207.04,4782,23,0
2026-06-12 13:30:00,4207.05,4218.87,4206.63,4215.19,4356,19,0
2026-06-12 13:45:00,4215.25,4218.64,4209.31,4211.45,3946,23,0
2026-06-12 14:00:00,4211.34,4211.98,4205.17,4207.03,4116,19,0
2026-06-12 14:15:00,4207.1,4210.16,4202.2,4202.54,3989,20,0
2026-06-12 14:30:00,4202.41,4210.28,4197.48,4209.77,4074,19,0
2026-06-12 14:45:00,4209.68,4215.19,4206.48,4206.59,4148,28,0
2026-06-12 15:00:00,4206.66,4214.04,4202.82,4213.91,4794,20,0
2026-06-12 15:15:00,4213.82,4215.4,4200.09,4201.08,4552,22,0
2026-06-12 15:30:00,4201.07,4201.74,4191.73,4196.5,4854,19,0
2026-06-12 15:45:00,4196.53,4200.31,4188.53,4190.91,4908,22,0
2026-06-12 16:00:00,4190.88,4200.94,4186.71,4198.11,5311,19,0
2026-06-12 16:15:00,4198.03,4206.38,4197.1,4202.73,4594,21,0
2026-06-12 16:30:00,4202.61,4209.98,4182.95,4190.54,6527,20,0
2026-06-12 16:45:00,4190.65,4193.75,4183.2,4187.23,6458,21,0
2026-06-12 17:00:00,4187.33,4198.01,4184.62,4192.36,6048,20,0
2026-06-12 17:15:00,4192.35,4199.28,4182.55,4188.38,5896,24,0
2026-06-12 17:30:00,4188.39,4193.01,4180.9,4183.65,6081,22,0
2026-06-12 17:45:00,4183.9,4208.27,4177.13,4204.3,6363,19,0
2026-06-12 18:00:00,4204.39,4214.94,4200.21,4213.86,5926,20,0
2026-06-12 18:15:00,4213.83,4235.48,4212.49,4225.79,5671,22,0
2026-06-12 18:30:00,4225.71,4228.51,4210.47,4210.81,5758,19,0
2026-06-12 18:45:00,4210.95,4218.69,4206.82,4211.73,5660,20,0
2026-06-12 19:00:00,4211.37,4224.66,4207.99,4221.79,5439,20,0
2026-06-12 19:15:00,4221.78,4232.97,4215.78,4217.58,5404,19,0
2026-06-12 19:30:00,4217.59,4220.11,4211.57,4213.21,4852,20,0
2026-06-12 19:45:00,4213.27,4218.09,4211.21,4215.87,4499,21,0
2026-06-12 20:00:00,4215.89,4226.14,4214.95,4218.42,4772,18,0
2026-06-12 20:15:00,4218.35,4223.6,4213.81,4219.33,3923,20,0
2026-06-12 20:30:00,4219.36,4223.51,4213.8,4222.54,3950,20,0
2026-06-12 20:45:00,4222.54,4224.96,4219.52,4221.65,3913,33,0
2026-06-12 21:00:00,4221.3,4228.62,4218.12,4227.0,4045,20,0
2026-06-12 21:15:00,4226.95,4235.24,4224.48,4226.62,4174,33,0
2026-06-12 21:30:00,4226.67,4229.9,4224.38,4229.15,3220,20,0
2026-06-12 21:45:00,4229.08,4229.09,4214.07,4215.56,3393,22,0
2026-06-12 22:00:00,4215.58,4219.16,4214.22,4217.43,3241,21,0
2026-06-12 22:15:00,4217.01,4217.03,4207.73,4208.46,3694,29,0
2026-06-12 22:30:00,4208.42,4210.04,4201.78,4204.95,4084,19,0
2026-06-12 22:45:00,4204.91,4211.07,4203.62,4210.57,3772,33,0
2026-06-12 23:00:00,4210.98,4213.6,4209.32,4212.63,2402,32,0
2026-06-12 23:15:00,4212.64,4216.8,4212.17,4214.33,1524,32,0
2026-06-12 23:30:00,4214.39,4214.39,4212.44,4213.71,1512,32,0
2026-06-12 23:45:00,4213.68,4217.73,4212.43,4217.25,1401,33,0
2026-06-15 01:00:00,4297.78,4307.4,4292.69,4299.86,3126,22,0
2026-06-15 01:15:00,4299.81,4306.41,4283.81,4286.88,4150,19,0
2026-06-15 01:30:00,4286.89,4288.55,4278.84,4285.2,3683,20,0
2026-06-15 01:45:00,4285.18,4291.79,4285.13,4285.66,2649,24,0
2026-06-15 02:00:00,4285.65,4288.29,4282.26,4283.11,3001,19,0
2026-06-15 02:15:00,4283.09,4284.84,4281.16,4283.58,2517,33,0
2026-06-15 02:30:00,4283.6,4286.32,4281.61,4285.38,2088,25,0
2026-06-15 02:45:00,4285.43,4295.02,4284.27,4294.04,3227,20,0
2026-06-15 03:00:00,4293.99,4301.08,4293.4,4299.96,3616,19,0
2026-06-15 03:15:00,4300.02,4308.04,4299.73,4301.78,3748,33,0
2026-06-15 03:30:00,4301.84,4305.65,4295.58,4298.46,3535,19,0
2026-06-15 03:45:00,4298.47,4299.96,4291.65,4292.64,3240,30,0
2026-06-15 04:00:00,4292.73,4300.29,4285.62,4296.26,5497,21,0
2026-06-15 04:15:00,4296.06,4306.47,4289.49,4303.54,4754,19,0
2026-06-15 04:30:00,4303.65,4319.65,4301.28,4317.79,4892,25,0
2026-06-15 04:45:00,4317.81,4319.09,4313.29,4316.82,4112,32,0
2026-06-15 05:00:00,4316.81,4326.69,4316.13,4326.51,4085,19,0
2026-06-15 05:15:00,4326.53,4331.1,4324.28,4328.11,3032,20,0
2026-06-15 05:30:00,4328.12,4334.26,4327.8,4330.12,3733,32,0
2026-06-15 05:45:00,4330.28,4335.41,4327.92,4329.28,3489,32,0
2026-06-15 06:00:00,4329.32,4331.21,4321.98,4325.35,3651,26,0
2026-06-15 06:15:00,4325.33,4329.17,4321.41,4324.04,3482,33,0
2026-06-15 06:30:00,4324.18,4327.36,4321.34,4323.41,2666,19,0
2026-06-15 06:45:00,4322.95,4327.47,4322.95,4325.11,2067,33,0
2026-06-15 07:00:00,4325.24,4327.58,4322.79,4326.49,2177,33,0
2026-06-15 07:15:00,4326.48,4327.74,4320.9,4327.13,2666,32,0
2026-06-15 07:30:00,4327.15,4330.65,4325.45,4327.93,2096,28,0
2026-06-15 07:45:00,4327.92,4329.4,4326.7,4328.16,2050,19,0
2026-06-15 08:00:00,4328.14,4331.09,4324.09,4328.96,2866,21,0
2026-06-15 08:15:00,4328.97,4333.14,4326.16,4330.46,2669,32,0
2026-06-15 08:30:00,4330.44,4332.82,4312.54,4312.54,4096,26,0
2026-06-15 08:45:00,4312.59,4316.09,4307.33,4309.93,4029,20,0
2026-06-15 09:00:00,4309.89,4313.5,4302.63,4308.8,4229,19,0
2026-06-15 09:15:00,4308.83,4309.37,4302.82,4304.92,3903,32,0
2026-06-15 09:30:00,4304.29,4307.07,4300.67,4306.57,4150,27,0
2026-06-15 09:45:00,4306.56,4309.72,4304.14,4308.1,3251,21,0
2026-06-15 10:00:00,4308.07,4314.11,4305.32,4313.55,3662,32,0
2026-06-15 10:15:00,4313.52,4318.88,4313.03,4316.78,3384,20,0
2026-06-15 10:30:00,4316.79,4317.56,4312.16,4316.75,3686,32,0
2026-06-15 10:45:00,4316.74,4325.34,4312.73,4323.33,3853,32,0
2026-06-15 11:00:00,4323.14,4329.94,4321.93,4329.19,3569,22,0
2026-06-15 11:15:00,4329.06,4332.73,4327.48,4328.72,3752,23,0
2026-06-15 11:30:00,4328.69,4345.42,4328.25,4341.09,3943,26,0
2026-06-15 11:45:00,4341.15,4343.14,4334.17,4334.29,3426,20,0
2026-06-15 12:00:00,4334.3,4343.08,4334.19,4340.12,3721,20,0
2026-06-15 12:15:00,4340.11,4343.36,4336.62,4339.16,4013,20,0
2026-06-15 12:30:00,4339.15,4341.18,4334.9,4335.74,3350,21,0
2026-06-15 12:45:00,4335.79,4340.96,4335.26,4337.01,3082,19,0
2026-06-15 13:00:00,4336.99,4340.52,4335.9,4337.97,2919,19,0
2026-06-15 13:15:00,4337.93,4339.54,4336.18,4338.66,2759,32,0
2026-06-15 13:30:00,4338.64,4340.47,4335.43,4337.95,2794,32,0
2026-06-15 13:45:00,4337.94,4341.61,4336.55,4338.13,2912,20,0
2026-06-15 14:00:00,4338.2,4340.03,4336.29,4338.09,2981,19,0
2026-06-15 14:15:00,4338.0,4341.72,4336.11,4341.09,3251,23,0
2026-06-15 14:30:00,4341.32,4347.64,4338.22,4338.42,3701,19,0
2026-06-15 14:45:00,4338.44,4338.68,4332.06,4335.33,3992,19,0
2026-06-15 15:00:00,4335.35,4338.79,4330.53,4331.21,3720,21,0
2026-06-15 15:15:00,4331.32,4338.56,4324.73,4337.32,4310,19,0
2026-06-15 15:30:00,4337.36,4346.91,4335.37,4345.4,3986,19,0
2026-06-15 15:45:00,4345.41,4349.68,4343.54,4348.06,3760,21,0
2026-06-15 16:00:00,4347.89,4350.58,4341.49,4349.77,4330,20,0
2026-06-15 16:15:00,4349.84,4355.92,4349.43,4353.0,4197,20,0
2026-06-15 16:30:00,4352.96,4368.63,4352.43,4363.33,5760,20,0
2026-06-15 16:45:00,4363.46,4364.66,4354.45,4355.3,4968,19,0
2026-06-15 17:00:00,4355.3,4369.46,4354.06,4357.5,5300,19,0
2026-06-15 17:15:00,4357.46,4364.35,4354.15,4364.33,5101,32,0
2026-06-15 17:30:00,4364.34,4365.13,4353.96,4357.05,4744,32,0
2026-06-15 17:45:00,4357.03,4363.75,4355.37,4356.84,4485,20,0
2026-06-15 18:00:00,4356.79,4359.3,4349.65,4351.07,4691,20,0
2026-06-15 18:15:00,4351.08,4358.2,4350.23,4353.88,4019,20,0
2026-06-15 18:30:00,4353.95,4359.81,4349.65,4357.49,4297,28,0
2026-06-15 18:45:00,4357.58,4360.92,4354.89,4356.25,4011,20,0
2026-06-15 19:00:00,4356.24,4358.81,4349.06,4351.7,3539,20,0
2026-06-15 19:15:00,4351.71,4352.72,4339.28,4342.4,4141,19,0
2026-06-15 19:30:00,4342.23,4343.01,4335.82,4335.82,3622,33,0
2026-06-15 19:45:00,4335.85,4340.42,4334.41,4338.75,3631,21,0
2026-06-15 20:00:00,4338.55,4338.66,4330.74,4334.09,4045,22,0
2026-06-15 20:15:00,4334.07,4334.89,4328.97,4330.06,3678,33,0
2026-06-15 20:30:00,4330.09,4330.24,4320.97,4321.97,3684,20,0
2026-06-15 20:45:00,4321.99,4325.38,4320.33,4324.28,3699,19,0
2026-06-15 21:00:00,4324.39,4324.92,4317.93,4324.33,3861,22,0
2026-06-15 21:15:00,4324.41,4328.02,4322.84,4324.76,3419,20,0
2026-06-15 21:30:00,4324.87,4326.28,4321.84,4324.97,3436,32,0
2026-06-15 21:45:00,4324.95,4327.26,4324.02,4325.59,2986,32,0
2026-06-15 22:00:00,4325.6,4326.65,4320.82,4322.52,3458,32,0
2026-06-15 22:15:00,4322.51,4324.56,4320.74,4321.34,3001,33,0
2026-06-15 22:30:00,4321.35,4323.69,4318.31,4319.08,3467,19,0
2026-06-15 22:45:00,4319.11,4321.07,4316.68,4321.07,3579,33,0
2026-06-15 23:00:00,4321.43,4321.96,4315.74,4316.0,2118,26,0
2026-06-15 23:15:00,4316.04,4318.64,4310.64,4312.77,2014,32,0
2026-06-15 23:30:00,4312.78,4313.13,4308.37,4309.68,1652,32,0
2026-06-15 23:45:00,4309.8,4310.64,4305.15,4307.4,1397,33,0
2026-06-16 01:00:00,4311.84,4314.01,4308.93,4310.22,1078,19,0
2026-06-16 01:15:00,4310.33,4313.22,4305.89,4308.31,2034,33,0
2026-06-16 01:30:00,4308.32,4314.53,4306.76,4312.35,1832,23,0
2026-06-16 01:45:00,4312.28,4314.26,4310.5,4311.97,1813,22,0
2026-06-16 02:00:00,4311.93,4316.4,4311.92,4313.36,2019,32,0
2026-06-16 02:15:00,4313.29,4315.59,4311.35,4315.46,1943,20,0
2026-06-16 02:30:00,4315.43,4319.16,4313.31,4318.29,2014,33,0
2026-06-16 02:45:00,4318.33,4319.08,4313.18,4315.6,2361,19,0
2026-06-16 03:00:00,4315.58,4318.22,4313.21,4313.41,2776,23,0
2026-06-16 03:15:00,4313.35,4315.57,4306.83,4308.19,3289,19,0
2026-06-16 03:30:00,4308.26,4313.59,4307.96,4310.96,3347,21,0
2026-06-16 03:45:00,4310.96,4320.56,4310.47,4319.15,3341,20,0
2026-06-16 04:00:00,4319.16,4325.77,4315.59,4319.69,4853,21,0
2026-06-16 04:15:00,4319.67,4323.74,4316.49,4319.38,4133,23,0
2026-06-16 04:30:00,4319.54,4320.35,4313.45,4314.95,4305,19,0
2026-06-16 04:45:00,4314.94,4319.33,4311.97,4313.46,3725,32,0
2026-06-16 05:00:00,4313.51,4314.01,4307.54,4309.54,3587,33,0
2026-06-16 05:15:00,4309.45,4312.85,4308.07,4312.53,2313,32,0
2026-06-16 05:30:00,4312.79,4318.12,4309.6,4312.16,3666,33,0
2026-06-16 05:45:00,4312.19,4320.84,4310.97,4318.49,3428,21,0
2026-06-16 06:00:00,4318.54,4320.91,4317.11,4318.68,3092,32,0
2026-06-16 06:15:00,4318.65,4322.62,4315.48,4321.2,3032,20,0
2026-06-16 06:30:00,4321.18,4332.78,4319.79,4331.75,3203,20,0
2026-06-16 06:45:00,4331.79,4333.16,4329.03,4330.48,2736,31,0
2026-06-16 07:00:00,4330.32,4332.14,4325.7,4327.0,2546,32,0
2026-06-16 07:15:00,4327.07,4327.79,4321.99,4322.79,2237,29,0
2026-06-16 07:30:00,4322.78,4325.21,4321.7,4323.08,2408,19,0
2026-06-16 07:45:00,4323.16,4323.7,4321.03,4322.33,2451,19,0
2026-06-16 08:00:00,4322.35,4328.89,4322.0,4326.19,2635,19,0
2026-06-16 08:15:00,4326.14,4327.77,4324.43,4327.14,2139,23,0
2026-06-16 08:30:00,4327.1,4330.63,4315.82,4317.56,4355,19,0
2026-06-16 08:45:00,4317.52,4320.92,4314.03,4315.67,3595,19,0
2026-06-16 09:00:00,4315.97,4319.5,4313.46,4318.58,3753,32,0
2026-06-16 09:15:00,4318.57,4318.57,4314.18,4316.25,3474,32,0
2026-06-16 09:30:00,4316.29,4320.12,4314.13,4316.48,3688,22,0
2026-06-16 09:45:00,4316.41,4324.3,4316.02,4323.79,3611,20,0
2026-06-16 10:00:00,4323.91,4328.48,4322.58,4326.11,3466,20,0
2026-06-16 10:15:00,4326.12,4329.52,4324.27,4328.77,3239,19,0
2026-06-16 10:30:00,4328.8,4332.61,4326.15,4327.72,3587,19,0
2026-06-16 10:45:00,4327.7,4335.54,4326.64,4335.07,3617,19,0
2026-06-16 11:00:00,4335.08,4340.23,4332.75,4338.17,3800,19,0
2026-06-16 11:15:00,4338.17,4343.54,4337.93,4341.27,3746,19,0
2026-06-16 11:30:00,4341.24,4345.25,4339.18,4343.5,3344,20,0
2026-06-16 11:45:00,4343.37,4347.9,4341.13,4347.04,3374,19,0
2026-06-16 12:00:00,4347.06,4348.33,4343.95,4346.47,3399,19,0
2026-06-16 12:15:00,4346.46,4346.51,4338.48,4340.0,3234,19,0
2026-06-16 12:30:00,4339.96,4346.74,4339.47,4342.46,3100,21,0
2026-06-16 12:45:00,4342.55,4348.57,4340.55,4345.44,2663,19,0
2026-06-16 13:00:00,4345.44,4346.79,4343.25,4346.16,2372,19,0
2026-06-16 13:15:00,4346.15,4346.88,4343.82,4344.56,2437,22,0
2026-06-16 13:30:00,4344.57,4346.98,4342.47,4346.96,2488,32,0
2026-06-16 13:45:00,4347.02,4349.4,4346.78,4348.85,2871,19,0
2026-06-16 14:00:00,4348.83,4349.59,4339.87,4341.61,3534,19,0
2026-06-16 14:15:00,4341.48,4343.37,4338.87,4342.24,3090,19,0
2026-06-16 14:30:00,4342.25,4342.35,4335.07,4339.02,3654,19,0
2026-06-16 14:45:00,4339.06,4341.82,4336.93,4341.15,3235,19,0
2026-06-16 15:00:00,4341.09,4345.72,4338.3,4344.72,3655,19,0
2026-06-16 15:15:00,4344.71,4345.32,4337.47,4343.94,3685,19,0
2026-06-16 15:30:00,4343.96,4349.81,4341.65,4349.73,4257,19,0
2026-06-16 15:45:00,4349.74,4354.99,4348.74,4354.97,3976,20,0
2026-06-16 16:00:00,4354.76,4355.0,4342.16,4344.23,4744,19,0
2026-06-16 16:15:00,4344.37,4345.02,4333.39,4335.06,4804,20,0
2026-06-16 16:30:00,4335.09,4340.64,4333.84,4338.9,5320,19,0
2026-06-16 16:45:00,4338.88,4340.38,4331.54,4332.35,5010,19,0
2026-06-16 17:00:00,4332.39,4338.73,4331.39,4335.25,4767,24,0
2026-06-16 17:15:00,4335.16,4335.16,4317.53,4320.14,5629,20,0
2026-06-16 17:30:00,4320.21,4328.28,4313.07,4324.33,5407,19,0
2026-06-16 17:45:00,4324.25,4327.4,4321.51,4324.51,5053,19,0
2026-06-16 18:00:00,4324.54,4327.37,4322.46,4324.71,4503,19,0
2026-06-16 18:15:00,4324.67,4328.71,4321.09,4325.91,4498,19,0
2026-06-16 18:30:00,4325.94,4328.8,4323.09,4326.7,4450,19,0
2026-06-16 18:45:00,4326.64,4343.5,4322.1,4335.18,5291,20,0
2026-06-16 19:00:00,4335.07,4346.89,4334.77,4345.89,5174,20,0
2026-06-16 19:15:00,4346.11,4346.78,4342.04,4344.52,4491,19,0
2026-06-16 19:30:00,4344.51,4345.33,4340.32,4344.19,4046,20,0
2026-06-16 19:45:00,4344.0,4346.51,4340.2,4340.85,3735,21,0
2026-06-16 20:00:00,4340.86,4341.38,4334.44,4335.71,3656,33,0
2026-06-16 20:15:00,4335.75,4336.18,4325.34,4335.01,4412,19,0
2026-06-16 20:30:00,4335.01,4340.12,4334.09,4338.75,3982,30,0
2026-06-16 20:45:00,4338.7,4340.71,4336.07,4340.44,3224,33,0
2026-06-16 21:00:00,4340.46,4342.86,4339.27,4341.84,3553,33,0
2026-06-16 21:15:00,4341.87,4342.5,4339.14,4341.44,3373,19,0
2026-06-16 21:30:00,4341.34,4342.86,4338.35,4339.01,3056,32,0
2026-06-16 21:45:00,4339.03,4340.24,4336.35,4338.37,2594,20,0
2026-06-16 22:00:00,4338.36,4343.08,4337.98,4339.34,3281,22,0
2026-06-16 22:15:00,4339.39,4341.32,4336.63,4340.03,3260,33,0
2026-06-16 22:30:00,4340.22,4340.36,4337.09,4338.76,3206,33,0
2026-06-16 22:45:00,4338.9,4339.9,4330.78,4333.17,3837,33,0
2026-06-16 23:00:00,4332.91,4334.21,4331.13,4331.2,2085,33,0
2026-06-16 23:15:00,4331.13,4334.13,4330.99,4332.94,1401,33,0
2026-06-16 23:30:00,4332.95,4335.01,4331.57,4333.58,1381,33,0
2026-06-16 23:45:00,4333.48,4333.48,4328.3,4329.9,1346,32,0
2026-06-17 01:00:00,4330.53,4333.17,4329.92,4332.51,392,32,0
2026-06-17 01:15:00,4332.45,4333.15,4329.05,4330.24,1091,32,0
2026-06-17 01:30:00,4330.3,4333.38,4330.3,4332.89,855,20,0
2026-06-17 01:45:00,4332.9,4336.19,4332.29,4335.56,981,19,0
2026-06-17 02:00:00,4335.56,4338.35,4334.09,4336.74,959,31,0
2026-06-17 02:15:00,4336.75,4337.12,4335.83,4336.28,528,32,0
2026-06-17 02:30:00,4336.25,4336.68,4333.16,4334.68,980,32,0
2026-06-17 02:45:00,4334.69,4335.18,4329.76,4331.07,1467,24,0
2026-06-17 03:00:00,4331.52,4340.21,4328.68,4337.7,3033,19,0
2026-06-17 03:15:00,4337.77,4341.68,4336.73,4337.4,2402,32,0
2026-06-17 03:30:00,4337.38,4339.01,4334.77,4335.56,1929,31,0
2026-06-17 03:45:00,4335.57,4338.01,4332.5,4337.21,2843,20,0
2026-06-17 04:00:00,4336.95,4349.87,4334.44,4347.82,4988,20,0
2026-06-17 04:15:00,4347.8,4347.8,4339.35,4343.37,4192,19,0
2026-06-17 04:30:00,4343.25,4344.52,4337.97,4339.54,3874,20,0
2026-06-17 04:45:00,4339.52,4343.54,4336.91,4340.93,3733,25,0
2026-06-17 05:00:00,4340.9,4344.29,4340.03,4342.17,3364,28,0
2026-06-17 05:15:00,4342.21,4344.49,4339.68,4340.62,2471,31,0
2026-06-17 05:30:00,4340.58,4343.81,4337.76,4338.81,3680,32,0
2026-06-17 05:45:00,4338.64,4338.89,4329.85,4331.6,3990,19,0
2026-06-17 06:00:00,4331.88,4334.08,4329.47,4330.53,3201,28,0
2026-06-17 06:15:00,4330.27,4332.3,4328.5,4331.59,3364,30,0
2026-06-17 06:30:00,4331.61,4333.45,4330.09,4333.05,2244,19,0
2026-06-17 06:45:00,4333.08,4333.72,4330.57,4332.14,2184,33,0
2026-06-17 07:00:00,4332.14,4332.29,4328.46,4330.64,2182,24,0
2026-06-17 07:15:00,4330.54,4334.1,4323.96,4324.53,2825,21,0
2026-06-17 07:30:00,4324.44,4325.75,4317.67,4323.18,3018,19,0
2026-06-17 07:45:00,4323.17,4326.82,4322.37,4326.82,2086,32,0
2026-06-17 08:00:00,4326.93,4327.84,4321.34,4323.06,2444,19,0
2026-06-17 08:15:00,4323.01,4327.57,4321.12,4327.27,2771,20,0
2026-06-17 08:30:00,4327.26,4332.79,4327.01,4330.07,3969,32,0
2026-06-17 08:45:00,4330.19,4334.11,4324.49,4326.68,3767,32,0
2026-06-17 09:00:00,4327.75,4330.1,4324.35,4328.71,3714,32,0
2026-06-17 09:15:00,4328.71,4329.54,4320.53,4324.48,3943,24,0
2026-06-17 09:30:00,4324.39,4329.25,4322.49,4327.75,4139,22,0
2026-06-17 09:45:00,4327.74,4331.93,4326.79,4331.46,3067,33,0
2026-06-17 10:00:00,4331.2,4332.89,4327.11,4327.31,3474,20,0
2026-06-17 10:15:00,4327.3,4332.84,4326.77,4328.38,3365,19,0
2026-06-17 10:30:00,4328.4,4331.76,4325.47,4329.04,3112,19,0
2026-06-17 10:45:00,4328.97,4329.54,4324.66,4325.35,3036,19,0
2026-06-17 11:00:00,4325.37,4327.84,4322.08,4322.85,3837,19,0
2026-06-17 11:15:00,4322.92,4324.85,4319.68,4323.69,4008,19,0
2026-06-17 11:30:00,4323.62,4324.36,4318.97,4319.89,3477,19,0
2026-06-17 11:45:00,4319.8,4325.56,4317.15,4324.59,3372,20,0
2026-06-17 12:00:00,4324.61,4325.88,4321.22,4325.26,2933,33,0
2026-06-17 12:15:00,4325.26,4333.25,4325.18,4332.3,3823,19,0
2026-06-17 12:30:00,4332.3,4335.8,4328.27,4328.58,3219,28,0
2026-06-17 12:45:00,4328.61,4329.8,4325.76,4329.62,2873,19,0
2026-06-17 13:00:00,4329.63,4331.18,4327.88,4330.99,3028,33,0
2026-06-17 13:15:00,4331.03,4331.06,4326.93,4329.18,2753,23,0
2026-06-17 13:30:00,4329.22,4331.37,4327.13,4331.01,2620,31,0
2026-06-17 13:45:00,4331.02,4335.17,4330.91,4331.6,3036,28,0
2026-06-17 14:00:00,4331.61,4332.14,4327.96,4329.19,3373,19,0
2026-06-17 14:15:00,4329.13,4331.86,4328.13,4328.92,3106,19,0
2026-06-17 14:30:00,4328.89,4329.09,4324.45,4325.91,3509,22,0
2026-06-17 14:45:00,4325.88,4327.25,4320.98,4323.14,3368,19,0
2026-06-17 15:00:00,4323.3,4324.89,4319.95,4323.3,3570,20,0
2026-06-17 15:15:00,4323.35,4327.78,4321.74,4324.95,3370,19,0
2026-06-17 15:30:00,4324.76,4332.27,4323.7,4332.08,3674,20,0
2026-06-17 15:45:00,4332.08,4335.7,4331.26,4333.6,3256,19,0
2026-06-17 16:00:00,4333.61,4334.27,4324.09,4331.95,4703,21,0
2026-06-17 16:15:00,4331.94,4338.18,4330.94,4335.5,4106,19,0
2026-06-17 16:30:00,4335.51,4342.02,4332.63,4341.61,5912,19,0
2026-06-17 16:45:00,4341.64,4345.36,4339.29,4339.88,5487,19,0
2026-06-17 17:00:00,4339.74,4346.5,4335.94,4342.38,5843,19,0
2026-06-17 17:15:00,4342.42,4362.39,4340.98,4360.61,5856,19,0
2026-06-17 17:30:00,4360.47,4364.27,4347.47,4352.11,6063,24,0
2026-06-17 17:45:00,4352.14,4355.62,4330.95,4344.53,6279,19,0
2026-06-17 18:00:00,4344.77,4348.51,4343.96,4348.16,5726,22,0
2026-06-17 18:15:00,4347.99,4360.12,4347.18,4355.51,5391,22,0
2026-06-17 18:30:00,4355.39,4361.31,4354.66,4358.31,4275,19,0
2026-06-17 18:45:00,4358.31,4365.05,4357.56,4364.24,3992,26,0
2026-06-17 19:00:00,4364.34,4365.8,4360.81,4362.43,4097,33,0
2026-06-17 19:15:00,4362.36,4366.66,4360.81,4365.09,3676,33,0
2026-06-17 19:30:00,4365.05,4365.38,4355.26,4357.74,3847,20,0
2026-06-17 19:45:00,4357.73,4359.71,4356.18,4359.55,3474,19,0
2026-06-17 20:00:00,4359.57,4361.28,4355.34,4359.04,4095,21,0
2026-06-17 20:15:00,4359.02,4364.07,4357.95,4361.3,3939,21,0
2026-06-17 20:30:00,4361.25,4382.07,4360.93,4376.41,4966,19,0
2026-06-17 20:45:00,4376.59,4382.21,4374.11,4380.2,4173,33,0
2026-06-17 21:00:00,4380.08,4380.08,4276.88,4284.23,8046,19,0
2026-06-17 21:15:00,4284.42,4308.37,4282.95,4292.41,7633,19,0
2026-06-17 21:30:00,4292.71,4327.22,4269.48,4323.36,8110,19,0
2026-06-17 21:45:00,4323.24,4332.06,4278.25,4285.36,7712,19,0
2026-06-17 22:00:00,4285.71,4295.12,4260.72,4264.7,7832,19,0
2026-06-17 22:15:00,4264.68,4265.26,4226.17,4226.4,7595,22,0
2026-06-17 22:30:00,4226.57,4235.85,4219.0,4231.07,7746,19,0
2026-06-17 22:45:00,4230.9,4246.74,4229.7,4235.54,7428,19,0
2026-06-17 23:00:00,4235.16,4259.81,4235.16,4257.56,5720,27,0
2026-06-17 23:15:00,4257.55,4269.76,4254.03,4258.28,4664,29,0
2026-06-17 23:30:00,4258.27,4265.45,4258.24,4260.4,3631,26,0
2026-06-17 23:45:00,4260.39,4262.53,4254.65,4256.04,2476,32,0
2026-06-18 01:00:00,4256.18,4267.75,4256.1,4265.86,1761,31,0
2026-06-18 01:15:00,4265.9,4271.22,4264.81,4267.07,2074,19,0
2026-06-18 01:30:00,4266.96,4268.86,4263.44,4264.07,1960,21,0
2026-06-18 01:45:00,4264.06,4270.86,4260.48,4266.53,2625,19,0
2026-06-18 02:00:00,4266.69,4282.29,4264.14,4281.81,3082,26,0
2026-06-18 02:15:00,4281.89,4283.86,4275.51,4280.18,3567,24,0
2026-06-18 02:30:00,4280.18,4282.77,4267.91,4276.11,3168,19,0
2026-06-18 02:45:00,4276.14,4279.39,4272.3,4279.35,3201,20,0
2026-06-18 03:00:00,4279.26,4299.16,4276.56,4297.53,5264,19,0
2026-06-18 03:15:00,4297.54,4301.2,4294.69,4300.68,4745,32,0
2026-06-18 03:30:00,4300.67,4311.68,4299.84,4310.84,4691,20,0
2026-06-18 03:45:00,4310.8,4315.48,4308.39,4309.02,4647,20,0
2026-06-18 04:00:00,4308.67,4328.43,4306.94,4322.9,5934,24,0
2026-06-18 04:15:00,4322.49,4323.41,4315.26,4319.11,5196,32,0
2026-06-18 04:30:00,4319.34,4325.36,4316.96,4322.46,5154,19,0
2026-06-18 04:45:00,4322.46,4326.04,4317.43,4318.02,4488,31,0
2026-06-18 05:00:00,4318.03,4329.85,4316.45,4327.12,4449,23,0
2026-06-18 05:15:00,4327.09,4329.73,4323.42,4323.81,3432,32,0
2026-06-18 05:30:00,4323.55,4325.51,4316.07,4316.56,4613,33,0
2026-06-18 05:45:00,4316.53,4318.92,4310.49,4310.95,4739,25,0
2026-06-18 06:00:00,4310.94,4316.3,4309.14,4311.69,4044,28,0
2026-06-18 06:15:00,4311.87,4316.86,4310.67,4314.78,3915,24,0
2026-06-18 06:30:00,4314.87,4322.65,4313.58,4318.93,3546,19,0
2026-06-18 06:45:00,4318.9,4320.88,4316.44,4319.73,2667,33,0
2026-06-18 07:00:00,4319.73,4323.96,4314.74,4317.32,3253,28,0
2026-06-18 07:15:00,4317.37,4319.05,4311.59,4313.74,3134,19,0
2026-06-18 07:30:00,4313.7,4318.31,4309.71,4310.01,3489,20,0
2026-06-18 07:45:00,4309.8,4317.42,4309.8,4316.11,3494,32,0
2026-06-18 08:00:00,4315.81,4318.37,4312.44,4315.96,3285,20,0
2026-06-18 08:15:00,4315.88,4323.14,4315.71,4323.06,3752,29,0
2026-06-18 08:30:00,4322.8,4324.63,4309.44,4310.69,5035,19,0
2026-06-18 08:45:00,4310.71,4311.91,4301.19,4308.88,5439,21,0
2026-06-18 09:00:00,4308.7,4309.84,4296.25,4298.83,5474,20,0
2026-06-18 09:15:00,4298.58,4305.34,4296.36,4305.08,4896,20,0
2026-06-18 09:30:00,4305.01,4305.27,4299.0,4301.41,4440,33,0
2026-06-18 09:45:00,4301.42,4307.43,4301.15,4307.41,4346,20,0
2026-06-18 10:00:00,4307.37,4309.21,4300.36,4306.97,4306,21,0
2026-06-18 10:15:00,4306.92,4309.47,4304.05,4307.78,3861,20,0
2026-06-18 10:30:00,4307.79,4307.79,4293.28,4297.72,4415,19,0
2026-06-18 10:45:00,4297.82,4298.7,4287.41,4288.41,4230,22,0
2026-06-18 11:00:00,4288.1,4292.8,4284.1,4287.01,4196,19,0
2026-06-18 11:15:00,4286.98,4289.83,4283.81,4284.64,3685,33,0
2026-06-18 11:30:00,4284.65,4289.67,4280.95,4281.25,4061,19,0
2026-06-18 11:45:00,4281.31,4281.57,4265.26,4266.71,4983,22,0
2026-06-18 12:00:00,4266.63,4268.89,4259.27,4267.45,4732,22,0
2026-06-18 12:15:00,4267.44,4272.94,4265.24,4265.51,4331,19,0
2026-06-18 12:30:00,4265.47,4268.63,4263.22,4268.26,4040,21,0
2026-06-18 12:45:00,4268.25,4273.14,4267.03,4268.25,3581,20,0
2026-06-18 13:00:00,4268.17,4269.69,4261.67,4267.76,3970,19,0
2026-06-18 13:15:00,4267.9,4272.52,4263.38,4269.32,3821,22,0
2026-06-18 13:30:00,4269.31,4270.61,4263.19,4263.87,3378,20,0
2026-06-18 13:45:00,4263.97,4266.24,4254.51,4255.24,3701,19,0
2026-06-18 14:00:00,4255.22,4255.46,4240.25,4246.9,5012,23,0
2026-06-18 14:15:00,4246.97,4249.71,4243.13,4248.45,4510,21,0
2026-06-18 14:30:00,4248.44,4250.01,4241.56,4242.99,4653,19,0
2026-06-18 14:45:00,4243.02,4245.52,4239.52,4241.64,4207,22,0
2026-06-18 15:00:00,4241.7,4257.74,4240.09,4256.03,5169,20,0
2026-06-18 15:15:00,4256.02,4269.0,4254.09,4255.13,5302,19,0
2026-06-18 15:30:00,4255.01,4258.43,4241.22,4242.94,5346,19,0
2026-06-18 15:45:00,4243.01,4247.8,4240.68,4246.29,5062,25,0
2026-06-18 16:00:00,4246.13,4259.35,4244.8,4259.18,5315,19,0
2026-06-18 16:15:00,4259.19,4263.45,4252.51,4263.38,5158,19,0
2026-06-18 16:30:00,4263.56,4276.46,4263.3,4264.41,7161,19,0
2026-06-18 16:45:00,4264.43,4265.26,4250.39,4256.16,6822,19,0
2026-06-18 17:00:00,4256.04,4257.7,4238.51,4241.42,6727,20,0
2026-06-18 17:15:00,4241.25,4255.92,4236.86,4244.39,6349,19,0
2026-06-18 17:30:00,4244.29,4252.12,4241.13,4244.46,6504,19,0
2026-06-18 17:45:00,4244.34,4254.28,4240.03,4253.07,5776,20,0
2026-06-18 18:00:00,4253.12,4254.71,4246.38,4246.87,6223,21,0
2026-06-18 18:15:00,4246.93,4249.32,4234.09,4235.66,6051,19,0
2026-06-18 18:30:00,4235.58,4236.62,4223.73,4231.67,6079,19,0
2026-06-18 18:45:00,4231.39,4231.59,4222.82,4226.67,5108,22,0
2026-06-18 19:00:00,4226.65,4233.13,4225.7,4227.68,5281,20,0
2026-06-18 19:15:00,4227.71,4228.57,4221.7,4224.8,5120,20,0
2026-06-18 19:30:00,4224.91,4229.29,4214.81,4221.87,5675,20,0
2026-06-18 19:45:00,4221.81,4222.09,4213.92,4219.35,5333,19,0
2026-06-18 20:00:00,4219.34,4228.66,4218.37,4227.73,4728,19,0
2026-06-18 20:15:00,4227.68,4231.67,4225.58,4225.59,5099,19,0
2026-06-18 20:30:00,4225.58,4230.15,4222.22,4229.66,4452,33,0
2026-06-18 20:45:00,4229.68,4232.93,4227.17,4230.24,3690,30,0
2026-06-18 21:00:00,4230.27,4233.04,4227.28,4228.08,4156,21,0
2026-06-18 21:15:00,4228.02,4229.74,4225.21,4225.78,4279,23,0
2026-06-18 21:30:00,4225.65,4225.69,4220.36,4224.64,3958,33,0
2026-06-18 21:45:00,4224.64,4225.12,4218.07,4218.15,3859,33,0
2026-06-18 22:00:00,4218.34,4218.92,4203.84,4207.3,5323,20,0
2026-06-18 22:15:00,4207.3,4208.58,4201.91,4205.15,4742,21,0
2026-06-18 22:30:00,4205.12,4214.49,4201.31,4213.93,4634,19,0
2026-06-18 22:45:00,4213.66,4218.35,4213.14,4216.79,4448,32,0
2026-06-18 23:00:00,4216.76,4217.98,4214.69,4217.07,2667,33,0
2026-06-18 23:15:00,4216.99,4219.49,4214.95,4218.89,1955,31,0
2026-06-18 23:30:00,4218.9,4218.9,4212.74,4212.79,2071,19,0
2026-06-18 23:45:00,4212.8,4213.34,4206.4,4206.65,1886,33,0
2026-06-19 01:00:00,4203.66,4208.47,4203.42,4207.97,627,33,0
2026-06-19 01:15:00,4208.27,4210.1,4202.56,4203.96,1736,31,0
2026-06-19 01:30:00,4203.94,4205.63,4202.91,4204.82,1910,31,0
2026-06-19 01:45:00,4204.77,4210.49,4204.01,4207.46,2178,19,0
2026-06-19 02:00:00,4207.43,4208.23,4193.67,4195.9,3017,21,0
2026-06-19 02:15:00,4195.91,4199.36,4193.71,4197.17,2309,20,0
2026-06-19 02:30:00,4197.22,4199.1,4193.82,4194.22,2573,32,0
2026-06-19 02:45:00,4194.21,4194.26,4186.69,4188.2,3592,32,0
2026-06-19 03:00:00,4188.15,4197.89,4184.26,4185.48,4802,19,0
2026-06-19 03:15:00,4185.48,4188.59,4184.08,4185.15,3627,32,0
2026-06-19 03:30:00,4185.13,4191.21,4184.22,4188.19,3339,33,0
2026-06-19 03:45:00,4188.18,4192.12,4187.43,4190.7,3086,33,0
2026-06-19 04:00:00,4190.61,4194.34,4184.1,4186.23,3776,19,0
2026-06-19 04:15:00,4186.23,4191.48,4183.63,4190.58,3089,19,0
2026-06-19 04:30:00,4190.61,4190.61,4184.24,4185.37,3367,19,0
2026-06-19 04:45:00,4185.51,4187.27,4183.7,4184.58,2452,32,0
2026-06-19 05:00:00,4184.56,4185.96,4178.51,4179.75,3467,20,0
2026-06-19 05:15:00,4179.7,4179.8,4174.8,4179.31,3165,28,0
2026-06-19 05:30:00,4179.32,4183.4,4176.91,4179.8,2621,33,0
2026-06-19 05:45:00,4179.83,4180.59,4171.63,4176.51,3005,23,0
2026-06-19 06:00:00,4176.5,4177.12,4165.72,4165.72,3488,20,0
2026-06-19 06:15:00,4165.77,4170.8,4164.89,4167.62,3623,19,0
2026-06-19 06:30:00,4167.6,4167.6,4157.88,4161.98,4112,19,0
2026-06-19 06:45:00,4162.06,4162.06,4146.36,4153.27,3787,20,0
2026-06-19 07:00:00,4153.32,4154.96,4142.97,4145.26,4283,19,0
2026-06-19 07:15:00,4145.2,4149.74,4141.28,4147.12,3902,33,0
2026-06-19 07:30:00,4147.15,4147.27,4133.33,4135.14,4259,19,0
2026-06-19 07:45:00,4135.15,4136.44,4125.0,4125.68,4204,20,0
2026-06-19 08:00:00,4125.88,4131.45,4121.52,4130.22,4062,19,0
2026-06-19 08:15:00,4130.21,4134.58,4125.59,4133.56,4230,20,0
2026-06-19 08:30:00,4133.57,4139.04,4130.42,4134.71,3954,19,0
2026-06-19 08:45:00,4134.73,4141.51,4132.55,4139.49,3876,21,0
2026-06-19 09:00:00,4139.61,4147.91,4133.24,4147.02,4745,31,0
2026-06-19 09:15:00,4147.0,4147.22,4139.11,4142.74,4270,26,0
2026-06-19 09:30:00,4142.85,4145.26,4132.7,4135.75,4124,33,0
2026-06-19 09:45:00,4135.75,4150.33,4134.43,4147.9,3835,22,0
2026-06-19 10:00:00,4148.04,4159.45,4147.82,4156.92,4491,20,0
2026-06-19 10:15:00,4156.92,4160.12,4151.86,4152.36,4347,22,0
2026-06-19 10:30:00,4152.35,4157.3,4151.25,4153.85,4024,20,0
2026-06-19 10:45:00,4154.47,4162.85,4151.36,4157.87,3872,20,0
2026-06-19 11:00:00,4157.95,4167.02,4154.98,4165.45,4457,22,0
2026-06-19 11:15:00,4165.45,4177.54,4164.64,4175.69,4598,19,0
2026-06-19 11:30:00,4175.9,4178.44,4166.68,4168.87,4063,20,0
2026-06-19 11:45:00,4168.87,4169.35,4164.32,4169.2,3763,20,0
2026-06-19 12:00:00,4169.18,4170.94,4163.5,4163.85,4073,21,0
2026-06-19 12:15:00,4163.89,4168.03,4161.85,4162.56,3825,19,0
2026-06-19 12:30:00,4162.48,4165.93,4162.29,4162.4,3162,20,0
2026-06-19 12:45:00,4162.42,4167.1,4160.82,4162.71,3182,19,0
2026-06-19 13:00:00,4162.82,4163.04,4152.81,4155.06,3936,31,0
2026-06-19 13:15:00,4155.02,4158.12,4152.53,4153.63,3706,32,0
2026-06-19 13:30:00,4153.64,4155.09,4150.04,4151.05,3898,19,0
2026-06-19 13:45:00,4151.05,4154.38,4147.94,4149.3,3799,22,0
2026-06-19 14:00:00,4149.32,4150.15,4142.61,4146.76,4058,33,0
2026-06-19 14:15:00,4146.77,4148.84,4143.17,4143.72,3455,21,0
2026-06-19 14:30:00,4143.73,4150.42,4141.77,4149.89,3419,19,0
2026-06-19 14:45:00,4149.9,4154.98,4148.41,4152.47,3652,33,0
2026-06-19 15:00:00,4152.41,4160.32,4152.25,4155.65,4089,22,0
2026-06-19 15:15:00,4155.67,4155.95,4150.97,4151.76,3501,33,0
2026-06-19 15:30:00,4151.73,4154.55,4148.3,4152.11,3938,19,0
2026-06-19 15:45:00,4152.12,4179.85,4147.13,4178.92,5652,20,0
2026-06-19 16:00:00,4178.92,4182.73,4164.48,4170.05,5769,20,0
2026-06-19 16:15:00,4170.19,4172.05,4161.76,4164.48,4666,19,0
2026-06-19 16:30:00,4164.26,4167.82,4157.62,4158.28,4842,19,0
2026-06-19 16:45:00,4158.32,4160.96,4150.26,4151.5,4460,19,0
2026-06-19 17:00:00,4151.53,4154.36,4147.48,4149.01,4429,19,0
2026-06-19 17:15:00,4149.03,4149.96,4143.52,4148.96,4296,19,0
2026-06-19 17:30:00,4148.93,4150.26,4142.88,4144.12,4182,19,0
2026-06-19 17:45:00,4144.14,4151.01,4142.1,4148.93,4284,19,0
2026-06-19 18:00:00,4148.96,4153.02,4147.73,4151.02,4394,20,0
2026-06-19 18:15:00,4151.0,4153.86,4149.46,4151.06,3305,33,0
2026-06-19 18:30:00,4151.14,4152.73,4147.32,4147.75,3117,19,0
2026-06-19 18:45:00,4147.69,4153.32,4147.69,4150.57,2389,32,0
2026-06-19 19:00:00,4150.48,4150.57,4144.38,4145.13,2237,32,0
2026-06-19 19:15:00,4145.06,4148.65,4144.13,4146.81,1644,20,0
2026-06-19 19:30:00,4146.81,4153.34,4146.81,4151.59,2040,19,0
2026-06-19 19:45:00,4151.56,4157.59,4150.98,4155.22,2477,33,0
2026-06-22 01:00:00,4154.92,4157.82,4148.43,4151.08,1762,26,0
2026-06-22 01:15:00,4151.16,4154.39,4147.72,4151.51,3007,22,0
2026-06-22 01:30:00,4151.5,4154.98,4149.95,4153.65,2498,28,0
2026-06-22 01:45:00,4153.67,4156.79,4152.26,4156.18,1977,23,0
2026-06-22 02:00:00,4156.21,4164.64,4155.29,4158.47,3235,23,0
2026-06-22 02:15:00,4158.46,4159.07,4153.62,4156.53,2908,32,0
2026-06-22 02:30:00,4156.57,4156.63,4141.49,4144.96,3761,24,0
2026-06-22 02:45:00,4144.97,4146.56,4136.08,4140.26,4438,20,0
2026-06-22 03:00:00,4139.98,4162.49,4139.47,4160.87,5724,21,0
2026-06-22 03:15:00,4161.02,4170.43,4160.57,4167.54,4865,22,0
2026-06-22 03:30:00,4167.47,4176.26,4165.62,4175.58,3963,19,0
2026-06-22 03:45:00,4175.49,4200.86,4175.11,4200.86,5036,19,0
2026-06-22 04:00:00,4201.5,4220.69,4200.84,4211.44,6647,20,0
2026-06-22 04:15:00,4211.05,4214.69,4204.99,4207.3,5726,20,0
2026-06-22 04:30:00,4207.1,4207.13,4194.85,4200.93,5647,20,0
2026-06-22 04:45:00,4200.92,4201.78,4189.48,4190.93,5190,32,0
2026-06-22 05:00:00,4190.88,4194.93,4183.29,4184.25,5381,31,0
2026-06-22 05:15:00,4184.23,4190.09,4183.31,4188.71,3804,32,0
2026-06-22 05:30:00,4188.72,4200.09,4186.99,4191.58,4913,23,0
2026-06-22 05:45:00,4191.12,4192.24,4187.39,4188.38,4417,32,0
2026-06-22 06:00:00,4188.51,4189.81,4178.25,4178.61,4670,31,0
2026-06-22 06:15:00,4178.55,4180.94,4173.52,4179.92,4156,19,0
2026-06-22 06:30:00,4179.9,4180.57,4174.93,4175.47,2675,33,0
2026-06-22 06:45:00,4175.49,4178.63,4170.59,4171.33,2977,21,0
2026-06-22 07:00:00,4171.57,4178.29,4170.49,4176.28,3178,19,0
2026-06-22 07:15:00,4176.29,4178.79,4174.04,4176.24,3159,19,0
2026-06-22 07:30:00,4176.22,4178.74,4174.56,4176.61,2831,19,0
2026-06-22 07:45:00,4176.63,4181.94,4176.05,4181.72,2832,30,0
2026-06-22 08:00:00,4181.66,4186.21,4179.18,4185.51,3633,22,0
2026-06-22 08:15:00,4185.61,4194.08,4184.35,4193.92,3305,20,0
2026-06-22 08:30:00,4193.8,4198.46,4189.13,4193.1,5329,23,0
2026-06-22 08:45:00,4193.13,4197.01,4190.17,4193.73,4165,31,0
2026-06-22 09:00:00,4193.86,4198.35,4191.11,4194.54,4624,30,0
2026-06-22 09:15:00,4194.55,4200.75,4193.78,4196.51,4363,20,0
2026-06-22 09:30:00,4196.38,4202.53,4194.64,4202.18,4000,33,0
2026-06-22 09:45:00,4202.16,4207.22,4196.77,4197.49,4232,23,0
2026-06-22 10:00:00,4197.97,4201.19,4197.12,4199.41,4101,28,0
2026-06-22 10:15:00,4199.4,4201.7,4196.77,4197.44,3680,24,0
2026-06-22 10:30:00,4197.61,4199.73,4192.42,4194.39,3558,25,0
2026-06-22 10:45:00,4194.36,4196.09,4188.76,4190.43,3676,31,0
2026-06-22 11:00:00,4189.92,4194.71,4188.61,4189.95,4164,32,0
2026-06-22 11:15:00,4189.92,4195.11,4189.15,4191.77,4207,32,0
2026-06-22 11:30:00,4191.58,4194.21,4189.05,4193.49,3873,32,0
2026-06-22 11:45:00,4193.48,4197.68,4192.12,4197.18,3518,32,0
2026-06-22 12:00:00,4197.42,4209.36,4195.91,4205.23,4222,20,0
2026-06-22 12:15:00,4205.29,4209.1,4202.92,4204.12,3961,32,0
2026-06-22 12:30:00,4204.11,4210.06,4201.2,4206.84,3615,24,0
2026-06-22 12:45:00,4206.87,4210.0,4204.32,4208.06,2930,32,0
2026-06-22 13:00:00,4208.12,4214.04,4207.78,4212.71,3440,20,0
2026-06-22 13:15:00,4212.25,4214.08,4208.0,4209.91,3328,32,0
2026-06-22 13:30:00,4209.91,4211.61,4208.18,4208.53,2919,26,0
2026-06-22 13:45:00,4208.54,4209.27,4203.53,4204.76,3129,19,0
2026-06-22 14:00:00,4204.72,4215.12,4204.55,4207.81,4769,19,0
2026-06-22 14:15:00,4207.83,4209.47,4203.1,4203.88,3309,21,0
2026-06-22 14:30:00,4203.71,4208.05,4202.07,4206.49,3509,19,0
2026-06-22 14:45:00,4206.52,4207.51,4201.29,4207.22,3541,19,0
2026-06-22 15:00:00,4207.53,4211.0,4205.2,4207.0,4178,21,0
2026-06-22 15:15:00,4206.98,4211.65,4205.96,4208.33,3996,20,0
2026-06-22 15:30:00,4208.12,4208.69,4200.51,4203.67,4132,22,0
2026-06-22 15:45:00,4203.82,4204.67,4191.98,4193.37,4234,33,0
2026-06-22 16:00:00,4193.36,4197.04,4188.56,4194.01,5701,20,0
2026-06-22 16:15:00,4193.97,4196.73,4185.21,4186.26,5217,20,0
2026-06-22 16:30:00,4186.11,4194.46,4182.75,4191.09,6409,20,0
2026-06-22 16:45:00,4191.05,4205.48,4187.5,4200.34,6305,19,0
2026-06-22 17:00:00,4200.17,4210.64,4193.8,4205.03,6066,19,0
2026-06-22 17:15:00,4205.2,4205.94,4190.87,4191.74,6183,19,0
2026-06-22 17:30:00,4191.54,4197.31,4186.3,4193.0,6202,19,0
2026-06-22 17:45:00,4193.07,4205.65,4192.77,4198.11,6203,19,0
2026-06-22 18:00:00,4198.33,4201.08,4194.55,4197.67,5882,19,0
2026-06-22 18:15:00,4197.67,4197.78,4188.05,4188.75,5595,20,0
2026-06-22 18:30:00,4188.78,4190.27,4180.06,4180.79,5195,19,0
2026-06-22 18:45:00,4180.78,4184.79,4169.29,4182.55,5450,19,0
2026-06-22 19:00:00,4182.86,4184.58,4174.16,4177.22,5358,22,0
2026-06-22 19:15:00,4177.04,4182.59,4175.95,4182.24,4723,21,0
2026-06-22 19:30:00,4182.25,4185.98,4181.0,4181.66,4164,20,0
2026-06-22 19:45:00,4181.6,4192.53,4180.62,4189.69,3943,19,0
2026-06-22 20:00:00,4189.93,4190.96,4185.85,4186.46,3878,22,0
2026-06-22 20:15:00,4186.44,4191.37,4183.11,4184.0,4038,33,0
2026-06-22 20:30:00,4183.58,4184.64,4176.91,4181.38,4342,22,0
2026-06-22 20:45:00,4181.39,4183.48,4179.83,4183.17,3618,33,0
2026-06-22 21:00:00,4183.09,4186.0,4182.29,4183.69,3547,25,0
2026-06-22 21:15:00,4183.66,4189.6,4183.66,4187.86,3821,20,0
2026-06-22 21:30:00,4187.88,4189.76,4185.77,4189.66,3225,33,0
2026-06-22 21:45:00,4189.65,4192.66,4189.43,4191.23,3393,33,0
2026-06-22 22:00:00,4191.37,4193.14,4190.74,4191.17,3189,19,0
2026-06-22 22:15:00,4191.25,4191.78,4187.14,4187.2,3547,19,0
2026-06-22 22:30:00,4187.4,4190.06,4184.13,4184.36,3401,33,0
2026-06-22 22:45:00,4184.38,4191.53,4183.98,4190.93,3816,28,0
2026-06-22 23:00:00,4190.84,4193.49,4189.85,4190.76,1875,33,0
2026-06-22 23:15:00,4190.74,4191.43,4188.57,4190.2,1255,19,0
2026-06-22 23:30:00,4190.16,4193.43,4189.37,4192.78,1364,33,0
2026-06-22 23:45:00,4192.79,4193.24,4189.51,4190.71,1146,22,0
2026-06-23 01:00:00,4191.02,4193.23,4190.08,4192.36,703,32,0
2026-06-23 01:15:00,4192.36,4193.14,4191.01,4192.76,789,28,0
2026-06-23 01:30:00,4192.75,4194.46,4189.12,4189.78,2143,19,0
2026-06-23 01:45:00,4189.8,4190.54,4188.21,4189.79,1869,21,0
2026-06-23 02:00:00,4189.82,4192.76,4189.3,4190.82,1817,20,0
2026-06-23 02:15:00,4190.82,4191.68,4190.12,4190.91,1463,19,0
2026-06-23 02:30:00,4190.6,4195.11,4190.6,4194.78,1648,19,0
2026-06-23 02:45:00,4194.99,4195.06,4186.26,4187.04,2846,19,0
2026-06-23 03:00:00,4187.15,4191.92,4178.14,4178.73,4210,19,0
2026-06-23 03:15:00,4178.71,4185.56,4178.7,4183.73,3905,19,0
2026-06-23 03:30:00,4183.77,4193.23,4182.08,4192.56,4564,19,0
2026-06-23 03:45:00,4192.52,4194.59,4190.04,4193.27,4646,20,0
2026-06-23 04:00:00,4193.45,4198.27,4184.8,4185.55,5436,22,0
2026-06-23 04:15:00,4185.52,4185.78,4170.51,4178.08,5535,20,0
2026-06-23 04:30:00,4178.1,4178.29,4153.24,4154.02,6042,19,0
2026-06-23 04:45:00,4153.97,4162.86,4149.88,4161.1,5806,19,0
2026-06-23 05:00:00,4161.18,4162.8,4148.71,4153.44,5515,19,0
2026-06-23 05:15:00,4153.63,4163.07,4153.2,4161.63,3710,23,0
2026-06-23 05:30:00,4160.9,4162.22,4152.01,4154.75,5056,21,0
2026-06-23 05:45:00,4154.76,4156.62,4146.45,4146.79,4681,21,0
2026-06-23 06:00:00,4146.82,4149.56,4138.14,4141.63,5309,20,0
2026-06-23 06:15:00,4141.69,4143.78,4130.44,4140.23,5308,21,0
2026-06-23 06:30:00,4140.33,4141.07,4133.39,4138.33,4430,19,0
2026-06-23 06:45:00,4138.31,4145.07,4136.31,4144.12,3846,19,0
2026-06-23 07:00:00,4144.08,4146.69,4141.64,4142.98,3397,32,0
2026-06-23 07:15:00,4142.99,4143.01,4137.19,4139.75,3325,22,0
2026-06-23 07:30:00,4139.69,4139.97,4134.85,4138.25,3539,21,0
2026-06-23 07:45:00,4138.25,4139.78,4113.16,4117.05,3704,20,0
2026-06-23 08:00:00,4117.38,4136.31,4114.01,4128.42,4943,19,0
2026-06-23 08:15:00,4128.33,4129.63,4122.26,4124.09,3828,22,0
2026-06-23 08:30:00,4123.8,4132.17,4116.28,4126.39,6184,19,0
2026-06-23 08:45:00,4126.53,4126.67,4115.67,4120.3,5343,25,0
2026-06-23 09:00:00,4120.08,4125.77,4110.02,4121.45,5884,20,0
2026-06-23 09:15:00,4121.54,4125.82,4113.22,4115.48,5410,20,0
2026-06-23 09:30:00,4115.11,4119.97,4109.5,4112.64,5403,19,0
2026-06-23 09:45:00,4112.62,4119.54,4109.47,4113.34,5031,22,0
2026-06-23 10:00:00,4113.47,4123.94,4109.24,4114.66,5620,30,0
2026-06-23 10:15:00,4115.04,4121.92,4112.68,4117.24,4349,19,0
2026-06-23 10:30:00,4117.17,4118.9,4103.74,4105.2,5346,20,0
2026-06-23 10:45:00,4105.04,4107.95,4096.33,4098.99,5231,20,0
2026-06-23 11:00:00,4098.92,4099.71,4090.51,4093.79,5820,19,0
2026-06-23 11:15:00,4093.69,4099.68,4092.09,4098.14,5439,19,0
2026-06-23 11:30:00,4097.89,4110.61,4096.5,4109.4,5224,19,0
2026-06-23 11:45:00,4109.38,4109.38,4101.67,4105.25,4925,22,0
2026-06-23 12:00:00,4105.24,4113.43,4103.75,4111.09,4526,22,0
2026-06-23 12:15:00,4111.08,4116.79,4108.55,4112.89,4556,21,0
2026-06-23 12:30:00,4112.85,4120.12,4112.13,4117.09,4058,32,0
2026-06-23 12:45:00,4117.06,4122.54,4115.28,4122.54,3713,20,0
2026-06-23 13:00:00,4122.45,4133.1,4122.45,4129.63,4488,19,0
2026-06-23 13:15:00,4129.64,4133.01,4126.84,4130.59,4276,19,0
2026-06-23 13:30:00,4130.59,4133.19,4125.42,4127.6,4604,19,0
2026-06-23 13:45:00,4127.44,4127.83,4120.77,4120.84,4583,19,0
2026-06-23 14:00:00,4120.88,4129.86,4118.52,4129.04,4669,19,0
2026-06-23 14:15:00,4128.88,4131.61,4123.94,4126.11,4535,25,0
2026-06-23 14:30:00,4125.76,4127.69,4117.62,4120.48,4957,21,0
2026-06-23 14:45:00,4120.35,4126.47,4117.69,4123.54,4445,19,0
2026-06-23 15:00:00,4123.45,4127.97,4113.61,4115.05,4808,19,0
2026-06-23 15:15:00,4114.98,4120.85,4112.74,4115.95,5006,20,0
2026-06-23 15:30:00,4115.83,4122.77,4114.84,4117.8,4830,24,0
2026-06-23 15:45:00,4117.76,4121.54,4112.26,4113.16,4760,23,0
2026-06-23 16:00:00,4113.32,4119.32,4108.02,4113.2,6081,19,0
2026-06-23 16:15:00,4113.17,4119.02,4105.15,4115.82,5719,19,0
2026-06-23 16:30:00,4115.77,4128.63,4109.88,4126.29,7302,19,0
2026-06-23 16:45:00,4126.26,4140.31,4124.48,4136.32,7031,20,0
2026-06-23 17:00:00,4136.38,4144.89,4132.77,4137.58,6782,19,0
2026-06-23 17:15:00,4137.77,4142.89,4128.69,4132.8,6424,19,0
2026-06-23 17:30:00,4132.81,4132.81,4121.99,4125.96,6699,20,0
2026-06-23 17:45:00,4125.99,4130.29,4123.62,4129.7,6405,19,0
2026-06-23 18:00:00,4129.55,4135.19,4123.33,4128.03,6175,23,0
2026-06-23 18:15:00,4128.15,4130.37,4123.52,4127.1,5356,19,0
2026-06-23 18:30:00,4126.58,4141.48,4126.45,4138.89,5778,22,0
2026-06-23 18:45:00,4138.87,4139.62,4133.74,4138.64,5002,25,0
2026-06-23 19:00:00,4139.17,4139.93,4133.71,4135.21,4253,32,0
2026-06-23 19:15:00,4135.24,4138.39,4132.87,4135.73,4212,23,0
2026-06-23 19:30:00,4135.72,4143.56,4134.99,4143.36,4255,19,0
2026-06-23 19:45:00,4143.46,4143.57,4131.54,4134.03,4475,20,0
2026-06-23 20:00:00,4133.99,4139.92,4129.55,4138.44,4525,29,0
2026-06-23 20:15:00,4138.53,4138.53,4129.86,4130.96,4230,19,0
2026-06-23 20:30:00,4131.09,4132.27,4127.77,4132.08,3934,20,0
2026-06-23 20:45:00,4132.12,4133.02,4127.65,4127.9,4130,21,0
2026-06-23 21:00:00,4127.91,4130.95,4123.9,4124.27,4111,32,0
2026-06-23 21:15:00,4124.09,4125.5,4120.51,4120.98,3840,23,0
2026-06-23 21:30:00,4120.59,4122.56,4115.79,4115.96,3637,19,0
2026-06-23 21:45:00,4115.89,4118.01,4113.1,4117.58,4283,19,0
2026-06-23 22:00:00,4117.9,4126.04,4116.72,4121.44,4613,19,0
2026-06-23 22:15:00,4121.45,4122.49,4117.57,4122.31,4293,33,0
2026-06-23 22:30:00,4122.33,4124.27,4120.53,4120.88,4156,33,0
2026-06-23 22:45:00,4120.87,4121.19,4111.37,4111.76,4690,28,0
2026-06-23 23:00:00,4111.7,4112.89,4108.7,4110.12,2568,24,0
2026-06-23 23:15:00,4110.11,4111.14,4107.35,4110.77,2054,33,0
2026-06-23 23:30:00,4110.69,4111.57,4108.94,4110.79,1564,33,0
2026-06-23 23:45:00,4111.04,4111.19,4107.29,4108.26,1269,24,0
2026-06-24 01:00:00,4109.88,4113.63,4109.63,4113.63,870,20,0
2026-06-24 01:15:00,4113.69,4114.82,4104.46,4106.23,2737,21,0
2026-06-24 01:30:00,4106.19,4108.21,4096.85,4103.83,3300,19,0
2026-06-24 01:45:00,4103.85,4108.97,4103.49,4104.21,2920,19,0
2026-06-24 02:00:00,4104.18,4104.28,4094.79,4099.64,3227,25,0
2026-06-24 02:15:00,4099.58,4100.76,4097.02,4097.42,2250,30,0
2026-06-24 02:30:00,4097.42,4098.12,4080.65,4086.15,3903,19,0
2026-06-24 02:45:00,4086.15,4100.31,4085.81,4099.26,4116,19,0
2026-06-24 03:00:00,4099.51,4111.96,4094.7,4107.07,5147,19,0
2026-06-24 03:15:00,4106.99,4109.57,4094.09,4100.54,4766,19,0
2026-06-24 03:30:00,4100.55,4101.3,4094.71,4096.7,4383,19,0
2026-06-24 03:45:00,4096.85,4101.05,4095.23,4097.97,4653,21,0
2026-06-24 04:00:00,4097.01,4098.94,4069.18,4090.88,6095,19,0
2026-06-24 04:15:00,4090.98,4101.23,4084.15,4098.26,5392,21,0
2026-06-24 04:30:00,4098.11,4102.14,4091.74,4092.7,5367,19,0
2026-06-24 04:45:00,4092.7,4093.02,4082.43,4088.76,4998,19,0
2026-06-24 05:00:00,4089.14,4095.65,4080.42,4080.77,4907,19,0
2026-06-24 05:15:00,4080.71,4081.78,4071.59,4073.87,3886,19,0
2026-06-24 05:30:00,4074.04,4076.86,4052.95,4058.37,5222,20,0
2026-06-24 05:45:00,4058.31,4069.34,4055.27,4060.73,4869,20,0
2026-06-24 06:00:00,4060.95,4065.03,4051.72,4056.41,4918,22,0
2026-06-24 06:15:00,4056.45,4057.62,4049.2,4055.44,4679,32,0
2026-06-24 06:30:00,4055.59,4069.61,4054.72,4068.95,4474,19,0
2026-06-24 06:45:00,4068.94,4070.61,4061.91,4062.77,3767,20,0
2026-06-24 07:00:00,4062.99,4063.8,4055.74,4058.71,3621,32,0
2026-06-24 07:15:00,4058.59,4066.5,4054.88,4062.34,3923,19,0
2026-06-24 07:30:00,4062.35,4065.51,4061.38,4062.33,3571,19,0
2026-06-24 07:45:00,4062.35,4065.59,4060.62,4063.23,3110,20,0
2026-06-24 08:00:00,4063.2,4068.77,4059.32,4066.39,3774,19,0
2026-06-24 08:15:00,4066.46,4073.47,4064.52,4072.43,3825,20,0
2026-06-24 08:30:00,4072.32,4085.32,4071.15,4076.76,4824,21,0
2026-06-24 08:45:00,4076.72,4079.69,4071.02,4075.47,4065,20,0
2026-06-24 09:00:00,4075.94,4096.96,4075.27,4096.09,5131,19,0
2026-06-24 09:15:00,4095.83,4097.24,4083.12,4087.31,4442,19,0
2026-06-24 09:30:00,4087.22,4093.7,4084.25,4091.62,4072,25,0
2026-06-24 09:45:00,4091.67,4094.31,4084.14,4086.84,4176,20,0
2026-06-24 10:00:00,4086.21,4090.85,4085.15,4085.96,4123,33,0
2026-06-24 10:15:00,4085.97,4087.65,4083.12,4084.28,3525,23,0
2026-06-24 10:30:00,4084.17,4085.25,4075.76,4082.31,4195,19,0
2026-06-24 10:45:00,4082.33,4086.01,4073.5,4073.81,3960,22,0
2026-06-24 11:00:00,4073.92,4078.16,4072.95,4073.96,4305,25,0
2026-06-24 11:15:00,4073.89,4080.49,4072.78,4080.24,4022,20,0
2026-06-24 11:30:00,4080.12,4087.35,4079.03,4082.92,4308,22,0
2026-06-24 11:45:00,4083.02,4083.28,4075.51,4076.45,3843,19,0
2026-06-24 12:00:00,4076.46,4078.12,4069.55,4076.27,4092,20,0
2026-06-24 12:15:00,4076.2,4078.91,4068.03,4069.97,3803,20,0
2026-06-24 12:30:00,4069.95,4072.31,4065.24,4068.08,3566,20,0
2026-06-24 12:45:00,4068.15,4070.87,4063.81,4064.32,3370,31,0
2026-06-24 13:00:00,4064.57,4066.08,4058.6,4060.66,3916,27,0
2026-06-24 13:15:00,4060.58,4060.7,4054.96,4060.55,3828,22,0
2026-06-24 13:30:00,4060.68,4066.49,4056.29,4064.71,3825,32,0
2026-06-24 13:45:00,4064.75,4065.61,4054.6,4055.41,3728,19,0
2026-06-24 14:00:00,4055.64,4058.37,4044.69,4045.76,4278,20,0
2026-06-24 14:15:00,4045.76,4047.15,4037.85,4044.66,4674,19,0
2026-06-24 14:30:00,4044.57,4052.48,4044.31,4046.91,4771,20,0
2026-06-24 14:45:00,4046.88,4057.0,4040.25,4047.61,5313,19,0
2026-06-24 15:00:00,4047.54,4049.69,4036.14,4039.12,5028,20,0
2026-06-24 15:15:00,4039.04,4042.7,4006.7,4015.32,5338,19,0
2026-06-24 15:30:00,4015.2,4020.45,4007.1,4013.5,5449,19,0
2026-06-24 15:45:00,4013.24,4017.62,3987.34,3987.53,5650,19,0
2026-06-24 16:00:00,3987.51,3995.13,3966.93,3970.99,6484,20,0
2026-06-24 16:15:00,3971.27,3977.05,3964.24,3975.27,5980,19,0
2026-06-24 16:30:00,3975.14,4017.7,3973.98,4015.47,6437,19,0
2026-06-24 16:45:00,4015.41,4041.82,4009.19,4038.37,6422,19,0
2026-06-24 17:00:00,4038.28,4041.11,4019.02,4020.14,6367,20,0
2026-06-24 17:15:00,4020.13,4027.99,4014.47,4023.47,6011,22,0
2026-06-24 17:30:00,4023.49,4034.28,4011.1,4015.95,5901,21,0
2026-06-24 17:45:00,4015.81,4015.82,4003.07,4008.69,5443,19,0
2026-06-24 18:00:00,4008.64,4010.12,3997.05,4001.79,5707,20,0
2026-06-24 18:15:00,4001.79,4014.81,3999.52,4014.75,5649,19,0
2026-06-24 18:30:00,4015.01,4015.24,4001.32,4005.88,5229,19,0
2026-06-24 18:45:00,4005.91,4016.75,4000.09,4002.75,5326,20,0
2026-06-24 19:00:00,4002.75,4006.56,3995.62,4002.71,5004,19,0
2026-06-24 19:15:00,4002.73,4017.15,4001.52,4016.25,4877,20,0
2026-06-24 19:30:00,4016.26,4022.15,4009.41,4011.51,5421,20,0
2026-06-24 19:45:00,4011.52,4012.12,4006.14,4006.61,4701,19,0
2026-06-24 20:00:00,4006.62,4011.26,4004.42,4005.73,4809,20,0
2026-06-24 20:15:00,4005.73,4007.1,3989.69,3990.34,5608,20,0
2026-06-24 20:30:00,3990.65,3990.65,3982.87,3984.3,5296,21,0
2026-06-24 20:45:00,3984.27,3986.91,3972.62,3973.11,5534,19,0
2026-06-24 21:00:00,3973.21,3992.51,3958.87,3988.94,6127,21,0
2026-06-24 21:15:00,3989.06,3992.48,3979.57,3990.17,5313,19,0
2026-06-24 21:30:00,3990.17,3994.28,3981.34,3983.34,4886,23,0
2026-06-24 21:45:00,3983.25,3984.19,3976.97,3981.33,4817,33,0
2026-06-24 22:00:00,3981.68,3984.97,3973.53,3976.22,4862,23,0
2026-06-24 22:15:00,3976.25,3984.29,3973.87,3984.05,4200,19,0
2026-06-24 22:30:00,3984.2,3988.69,3979.42,3982.7,4369,20,0
2026-06-24 22:45:00,3982.74,3990.78,3980.92,3988.08,4676,20,0
2026-06-24 23:00:00,3987.83,4002.63,3984.67,3995.24,4504,19,0
2026-06-24 23:15:00,3995.36,4000.84,3992.2,4000.01,3279,27,0
2026-06-24 23:30:00,4000.01,4001.27,3995.67,3998.78,2607,19,0
2026-06-24 23:45:00,3998.79,4000.37,3995.12,3999.64,2055,33,0
2026-06-25 01:00:00,4005.55,4006.05,3999.73,4001.42,1480,19,0
2026-06-25 01:15:00,4001.43,4002.85,4000.32,4002.39,1949,19,0
2026-06-25 01:30:00,4002.13,4006.55,3999.51,4002.18,2612,19,0
2026-06-25 01:45:00,4002.33,4002.33,3992.86,3996.38,2391,19,0
2026-06-25 02:00:00,3996.4,3998.49,3990.79,3995.02,3052,21,0
2026-06-25 02:15:00,3994.98,4000.63,3994.98,3998.14,2355,19,0
2026-06-25 02:30:00,3998.12,4018.61,3998.02,4014.73,3170,24,0
2026-06-25 02:45:00,4014.61,4017.98,4010.52,4014.29,3305,21,0
2026-06-25 03:00:00,4014.32,4017.42,4004.66,4006.63,4434,32,0
2026-06-25 03:15:00,4006.63,4007.25,3995.37,3995.6,4690,19,0
2026-06-25 03:30:00,3995.66,3995.98,3980.35,3984.18,4253,19,0
2026-06-25 03:45:00,3984.22,4000.34,3977.46,3991.43,4851,20,0
2026-06-25 04:00:00,3991.08,4005.22,3982.69,3987.28,5993,20,0
2026-06-25 04:15:00,3987.42,4001.11,3984.34,3991.76,5614,19,0
2026-06-25 04:30:00,3991.63,3996.87,3978.01,3981.43,5532,21,0
2026-06-25 04:45:00,3981.61,3988.93,3972.41,3976.44,5215,19,0
2026-06-25 05:00:00,3976.92,3981.1,3962.14,3967.0,5500,19,0
2026-06-25 05:15:00,3967.36,3990.0,3966.27,3986.06,4813,19,0
2026-06-25 05:30:00,3985.87,3987.95,3974.96,3979.13,4918,24,0
2026-06-25 05:45:00,3979.11,3985.52,3976.58,3984.47,4720,21,0
2026-06-25 06:00:00,3984.45,3990.54,3967.25,3971.52,4877,20,0
2026-06-25 06:15:00,3971.51,3983.65,3968.57,3976.13,4614,27,0
2026-06-25 06:30:00,3975.69,3976.89,3967.89,3973.65,3881,32,0
2026-06-25 06:45:00,3973.67,4000.19,3973.49,3995.02,4349,21,0
2026-06-25 07:00:00,3995.11,3997.04,3989.92,3989.92,3726,22,0
2026-06-25 07:15:00,3989.78,3998.68,3988.52,3995.54,3614,31,0
2026-06-25 07:30:00,3995.59,3996.9,3984.63,3992.67,3257,32,0
2026-06-25 07:45:00,3992.6,3997.18,3991.84,3995.56,3126,29,0
2026-06-25 08:00:00,3995.52,3999.01,3991.22,3997.04,3663,19,0
2026-06-25 08:15:00,3997.06,3998.12,3988.04,3993.71,3814,19,0
2026-06-25 08:30:00,3993.35,3997.19,3981.85,3983.46,4924,19,0
2026-06-25 08:45:00,3983.42,3992.92,3980.84,3987.32,4377,19,0
2026-06-25 09:00:00,3987.33,3990.23,3981.0,3981.16,4235,19,0
2026-06-25 09:15:00,3981.16,3987.7,3974.88,3984.95,4664,20,0
2026-06-25 09:30:00,3984.9,3985.83,3977.32,3982.84,4431,19,0
2026-06-25 09:45:00,3982.84,3984.98,3975.48,3976.84,4030,21,0
2026-06-25 10:00:00,3976.91,3985.12,3972.66,3979.29,4291,19,0
2026-06-25 10:15:00,3979.25,3990.05,3976.8,3985.68,3947,21,0
2026-06-25 10:30:00,3985.69,3990.05,3974.6,3975.61,4027,21,0
2026-06-25 10:45:00,3975.59,3989.99,3972.52,3988.77,3821,20,0
2026-06-25 11:00:00,3989.03,3996.16,3985.34,3987.89,4342,19,0
2026-06-25 11:15:00,3987.92,4001.78,3987.23,3993.58,4537,25,0
2026-06-25 11:30:00,3994.46,4001.04,3993.74,3998.8,3832,19,0
2026-06-25 11:45:00,3998.64,3998.64,3988.25,3988.85,3595,19,0
2026-06-25 12:00:00,3988.88,3996.73,3988.87,3992.23,3851,22,0
2026-06-25 12:15:00,3992.24,3996.43,3990.41,3995.07,3720,31,0
2026-06-25 12:30:00,3995.03,3998.5,3987.21,3989.08,4127,19,0
2026-06-25 12:45:00,3989.34,3993.55,3987.57,3988.22,2872,20,0
2026-06-25 13:00:00,3988.16,3989.38,3983.62,3984.19,3260,20,0
2026-06-25 13:15:00,3984.27,3989.29,3983.24,3989.23,2869,19,0
2026-06-25 13:30:00,3989.26,3989.42,3984.69,3985.38,2844,22,0
2026-06-25 13:45:00,3985.34,3985.7,3981.38,3984.49,2738,19,0
2026-06-25 14:00:00,3984.58,3986.15,3982.0,3983.12,3148,33,0
2026-06-25 14:15:00,3983.11,3983.13,3976.11,3977.06,3612,19,0
2026-06-25 14:30:00,3977.05,3986.25,3973.64,3984.82,3615,19,0
2026-06-25 14:45:00,3984.83,3987.81,3979.5,3980.55,3549,21,0
2026-06-25 15:00:00,3980.59,3984.55,3979.6,3982.36,3903,19,0
2026-06-25 15:15:00,3982.35,3986.1,3978.89,3983.7,3775,19,0
2026-06-25 15:30:00,3983.74,4011.84,3983.56,4005.13,6164,19,0
2026-06-25 15:45:00,4005.16,4019.17,4003.62,4012.91,5646,21,0
2026-06-25 16:00:00,4012.38,4033.91,4012.24,4030.71,6097,22,0
2026-06-25 16:15:00,4030.91,4031.64,4018.85,4022.25,5446,19,0
2026-06-25 16:30:00,4022.37,4028.59,4010.86,4011.94,6185,20,0
2026-06-25 16:45:00,4012.13,4019.15,4000.98,4002.86,6467,19,0
2026-06-25 17:00:00,4003.2,4021.58,3998.89,4016.43,6440,20,0
2026-06-25 17:15:00,4016.48,4028.45,4012.83,4026.76,6282,20,0
2026-06-25 17:30:00,4026.11,4028.34,4015.95,4019.83,5800,19,0
2026-06-25 17:45:00,4019.78,4020.7,4011.22,4011.85,5564,19,0
2026-06-25 18:00:00,4012.07,4020.42,4005.03,4008.05,5331,20,0
2026-06-25 18:15:00,4007.93,4040.48,4005.84,4027.0,5932,19,0
2026-06-25 18:30:00,4026.82,4030.75,4021.87,4027.6,5487,19,0
2026-06-25 18:45:00,4027.81,4042.77,4026.79,4041.14,5429,20,0
2026-06-25 19:00:00,4041.97,4042.95,4033.69,4037.14,5381,20,0
2026-06-25 19:15:00,4037.32,4044.09,4037.32,4040.3,4845,26,0
2026-06-25 19:30:00,4040.3,4040.72,4030.96,4031.35,4619,20,0
2026-06-25 19:45:00,4031.17,4033.18,4023.82,4027.85,4665,20,0
2026-06-25 20:00:00,4027.7,4032.41,4026.77,4029.34,4310,19,0
2026-06-25 20:15:00,4029.64,4035.84,4027.82,4032.5,4723,19,0
2026-06-25 20:30:00,4032.38,4035.93,4031.01,4034.07,3885,33,0
2026-06-25 20:45:00,4034.17,4036.77,4029.68,4034.73,3699,29,0
2026-06-25 21:00:00,4034.78,4035.41,4026.09,4032.67,5087,21,0
2026-06-25 21:15:00,4032.62,4044.39,4032.18,4044.25,4453,19,0
2026-06-25 21:30:00,4044.21,4044.21,4031.82,4032.77,4456,20,0
2026-06-25 21:45:00,4032.75,4036.3,4029.75,4034.74,3487,33,0
2026-06-25 22:00:00,4035.1,4040.47,4032.5,4040.16,3739,21,0
2026-06-25 22:15:00,4040.13,4043.73,4035.29,4036.44,3865,20,0
2026-06-25 22:30:00,4036.48,4037.77,4031.89,4034.48,3628,32,0
2026-06-25 22:45:00,4034.51,4034.52,4021.86,4026.67,4374,19,0
2026-06-25 23:00:00,4026.82,4034.77,4025.61,4027.99,2689,29,0
2026-06-25 23:15:00,4028.03,4030.69,4026.64,4030.66,2091,32,0
2026-06-25 23:30:00,4030.67,4030.77,4024.73,4026.29,1758,33,0
2026-06-25 23:45:00,4026.37,4026.54,4022.97,4025.1,1136,33,0
2026-06-26 01:00:00,4028.13,4028.57,4021.82,4023.25,1189,33,0
2026-06-26 01:15:00,4023.28,4026.4,4019.74,4024.68,2497,21,0
2026-06-26 01:30:00,4024.59,4036.42,4024.33,4028.48,3111,19,0
2026-06-26 01:45:00,4028.42,4030.28,4021.89,4025.83,2956,19,0
2026-06-26 02:00:00,4025.96,4027.0,4021.42,4023.56,2160,27,0
2026-06-26 02:15:00,4023.53,4030.15,4022.46,4029.72,2820,20,0
2026-06-26 02:30:00,4029.73,4030.51,4020.88,4024.22,2651,21,0
2026-06-26 02:45:00,4024.21,4024.21,4012.4,4014.47,3759,21,0
2026-06-26 03:00:00,4014.58,4019.58,4011.31,4018.9,4512,25,0
2026-06-26 03:15:00,4018.61,4023.2,4012.57,4015.77,4383,19,0
2026-06-26 03:30:00,4015.77,4020.78,4012.78,4020.12,4487,20,0
2026-06-26 03:45:00,4020.1,4025.23,4016.59,4021.48,4007,20,0
2026-06-26 04:00:00,4021.15,4030.31,4015.05,4020.38,5029,21,0
2026-06-26 04:15:00,4020.66,4027.02,4017.57,4022.64,4385,33,0
2026-06-26 04:30:00,4022.64,4025.29,4015.73,4020.58,4763,33,0
2026-06-26 04:45:00,4020.5,4022.91,4014.19,4021.44,4927,32,0
2026-06-26 05:00:00,4021.43,4023.2,4013.21,4014.82,4609,20,0
2026-06-26 05:15:00,4014.82,4016.52,4003.67,4007.15,4052,19,0
2026-06-26 05:30:00,4007.27,4009.01,3991.04,3991.97,4914,21,0
2026-06-26 05:45:00,3991.96,3995.2,3982.77,3990.37,4956,20,0
2026-06-26 06:00:00,3990.6,3999.71,3986.43,3997.42,4894,22,0
2026-06-26 06:15:00,3997.44,3999.65,3992.28,3995.15,4131,32,0
2026-06-26 06:30:00,3995.17,4001.0,3992.8,3999.97,3903,21,0
2026-06-26 06:45:00,3999.63,4006.27,3997.11,4004.01,4203,20,0
2026-06-26 07:00:00,4004.33,4008.95,3998.72,4007.98,3991,20,0
2026-06-26 07:15:00,4007.95,4011.74,4005.73,4007.2,3720,26,0
2026-06-26 07:30:00,4007.18,4008.06,4001.39,4007.94,3582,19,0
2026-06-26 07:45:00,4007.9,4014.42,4006.48,4010.85,3702,24,0
2026-06-26 08:00:00,4011.01,4015.27,4005.78,4015.27,3790,33,0
2026-06-26 08:15:00,4015.12,4018.61,4011.22,4016.6,3649,19,0
2026-06-26 08:30:00,4016.95,4020.67,4011.69,4012.16,4683,20,0
2026-06-26 08:45:00,4012.18,4016.03,4006.52,4008.11,4661,19,0
2026-06-26 09:00:00,4008.11,4011.23,4005.89,4008.57,4493,21,0
2026-06-26 09:15:00,4008.59,4023.88,4007.43,4023.44,5034,21,0
2026-06-26 09:30:00,4023.38,4026.73,4020.51,4024.89,4886,20,0
2026-06-26 09:45:00,4024.81,4033.92,4022.19,4033.03,4639,19,0
2026-06-26 10:00:00,4033.04,4035.13,4027.88,4028.67,4243,19,0
2026-06-26 10:15:00,4028.65,4041.05,4027.77,4039.06,3963,19,0
2026-06-26 10:30:00,4039.12,4040.1,4032.16,4032.64,3634,20,0
2026-06-26 10:45:00,4032.68,4033.26,4028.74,4031.26,3303,19,0
2026-06-26 11:00:00,4031.56,4034.23,4026.87,4032.29,4008,19,0
2026-06-26 11:15:00,4032.25,4036.99,4030.99,4036.51,3700,21,0
2026-06-26 11:30:00,4036.53,4037.22,4033.57,4036.72,3399,33,0
2026-06-26 11:45:00,4036.73,4038.79,4030.66,4031.6,3454,24,0
2026-06-26 12:00:00,4031.61,4041.86,4030.76,4039.41,3718,21,0
2026-06-26 12:15:00,4039.39,4049.89,4034.22,4046.94,4197,19,0
2026-06-26 12:30:00,4046.63,4053.08,4044.19,4047.05,3906,20,0
2026-06-26 12:45:00,4046.96,4053.33,4044.5,4046.52,3913,29,0
2026-06-26 13:00:00,4046.49,4051.48,4043.72,4050.22,3815,19,0
2026-06-26 13:15:00,4050.22,4050.86,4041.62,4047.43,3293,19,0
2026-06-26 13:30:00,4047.44,4053.25,4045.85,4047.72,3664,25,0
2026-06-26 13:45:00,4047.72,4054.19,4046.86,4054.11,3248,19,0
2026-06-26 14:00:00,4054.1,4054.65,4046.22,4046.48,3718,23,0
2026-06-26 14:15:00,4046.39,4053.97,4045.03,4053.39,3370,32,0
2026-06-26 14:30:00,4053.38,4055.38,4046.28,4046.76,3313,32,0
2026-06-26 14:45:00,4046.76,4048.79,4042.63,4045.87,3834,20,0
2026-06-26 15:00:00,4046.16,4051.05,4043.63,4049.09,3630,19,0
2026-06-26 15:15:00,4048.77,4051.28,4042.08,4046.64,3860,19,0
2026-06-26 15:30:00,4046.25,4049.27,4036.04,4040.9,4351,19,0
2026-06-26 15:45:00,4040.9,4061.35,4039.57,4058.97,4666,19,0
2026-06-26 16:00:00,4059.81,4065.96,4043.36,4050.25,5644,19,0
2026-06-26 16:15:00,4050.21,4057.85,4042.84,4055.94,5488,20,0
2026-06-26 16:30:00,4055.59,4061.75,4043.85,4061.75,6219,19,0
2026-06-26 16:45:00,4061.67,4077.5,4057.43,4074.25,5957,19,0
2026-06-26 17:00:00,4074.04,4085.35,4067.46,4082.12,5826,19,0
2026-06-26 17:15:00,4082.17,4092.99,4081.14,4084.33,5895,19,0
2026-06-26 17:30:00,4084.55,4085.24,4076.42,4082.65,5298,20,0
2026-06-26 17:45:00,4082.7,4091.88,4080.56,4081.17,5819,19,0
2026-06-26 18:00:00,4081.19,4083.37,4075.73,4079.62,4868,19,0
2026-06-26 18:15:00,4079.66,4084.59,4078.01,4084.43,4922,19,0
2026-06-26 18:30:00,4084.46,4095.61,4081.83,4095.23,4869,20,0
2026-06-26 18:45:00,4095.35,4096.14,4083.32,4092.22,4873,19,0
2026-06-26 19:00:00,4092.28,4093.14,4088.48,4091.72,4198,24,0
2026-06-26 19:15:00,4092.05,4093.64,4083.22,4087.99,4075,20,0
2026-06-26 19:30:00,4088.05,4093.1,4082.25,4084.56,3913,21,0
2026-06-26 19:45:00,4084.78,4086.82,4082.82,4085.14,3403,22,0
2026-06-26 20:00:00,4085.2,4088.14,4082.45,4083.49,3136,19,0
2026-06-26 20:15:00,4083.64,4085.17,4080.29,4081.58,3420,25,0
2026-06-26 20:30:00,4081.78,4083.25,4074.12,4076.69,4087,19,0
2026-06-26 20:45:00,4076.68,4077.77,4073.64,4074.72,3481,33,0
2026-06-26 21:00:00,4074.7,4078.81,4072.36,4077.0,3416,20,0
2026-06-26 21:15:00,4077.0,4077.03,4071.55,4073.59,3114,33,0
2026-06-26 21:30:00,4073.62,4075.48,4071.86,4072.61,2539,33,0
2026-06-26 21:45:00,4072.57,4072.57,4067.05,4067.35,3211,33,0
2026-06-26 22:00:00,4067.43,4070.01,4064.53,4069.43,3268,33,0
2026-06-26 22:15:00,4069.39,4069.66,4064.09,4066.36,2593,33,0
2026-06-26 22:30:00,4066.33,4070.75,4065.66,4068.63,2800,33,0
2026-06-26 22:45:00,4068.62,4074.57,4066.97,4071.74,3472,21,0
2026-06-26 23:00:00,4071.86,4072.67,4064.57,4067.72,2862,24,0
2026-06-26 23:15:00,4067.71,4072.8,4065.95,4071.89,2292,20,0
2026-06-26 23:30:00,4071.76,4071.77,4066.69,4070.61,2915,20,0
2026-06-26 23:45:00,4070.65,4089.05,4070.16,4087.09,2367,32,0
2026-06-29 01:00:00,4074.71,4082.16,4070.11,4070.53,1759,33,0
2026-06-29 01:15:00,4070.56,4070.56,4053.23,4056.8,2572,19,0
2026-06-29 01:30:00,4056.88,4065.36,4055.96,4063.36,1944,25,0
2026-06-29 01:45:00,4063.66,4069.51,4062.37,4066.39,1738,21,0
2026-06-29 02:00:00,4066.38,4070.56,4065.34,4065.69,2968,33,0
2026-06-29 02:15:00,4065.71,4065.71,4055.33,4056.89,2757,20,0
2026-06-29 02:30:00,4056.85,4062.58,4051.84,4062.54,2843,22,0
2026-06-29 02:45:00,4062.3,4066.13,4061.13,4062.68,3270,32,0
2026-06-29 03:00:00,4062.66,4064.66,4053.65,4058.87,5199,19,0
2026-06-29 03:15:00,4058.83,4062.06,4048.22,4049.09,4841,23,0
2026-06-29 03:30:00,4049.04,4070.01,4048.66,4068.76,4555,19,0
2026-06-29 03:45:00,4068.77,4074.12,4063.01,4069.34,4529,21,0
2026-06-29 04:00:00,4069.1,4074.41,4053.78,4054.79,5540,20,0
2026-06-29 04:15:00,4054.75,4065.96,4054.53,4059.21,5207,25,0
2026-06-29 04:30:00,4059.25,4066.56,4055.62,4063.5,5043,22,0
2026-06-29 04:45:00,4063.41,4063.98,4054.83,4061.49,4870,19,0
2026-06-29 05:00:00,4061.52,4070.34,4059.23,4060.84,5103,24,0
2026-06-29 05:15:00,4060.73,4070.67,4060.27,4068.78,4182,19,0
2026-06-29 05:30:00,4068.91,4071.81,4058.21,4060.69,4526,20,0
2026-06-29 05:45:00,4060.58,4069.41,4058.8,4066.36,4457,33,0
2026-06-29 06:00:00,4066.33,4070.97,4065.02,4069.33,4014,19,0
2026-06-29 06:15:00,4069.3,4075.73,4067.34,4072.82,3949,21,0
2026-06-29 06:30:00,4073.0,4073.37,4065.52,4067.74,3740,22,0
2026-06-29 06:45:00,4067.8,4071.82,4065.91,4068.8,3167,26,0
2026-06-29 07:00:00,4068.77,4068.9,4064.03,4065.53,2859,22,0
2026-06-29 07:15:00,4065.5,4066.51,4062.08,4064.91,2758,20,0
2026-06-29 07:30:00,4064.9,4065.39,4052.56,4056.89,3218,23,0
2026-06-29 07:45:00,4057.05,4057.52,4049.32,4051.4,3081,27,0
2026-06-29 08:00:00,4051.14,4056.73,4046.9,4054.44,3869,19,0
2026-06-29 08:15:00,4054.19,4055.95,4047.33,4048.66,3512,20,0
2026-06-29 08:30:00,4048.71,4051.89,4039.37,4050.79,4911,19,0
2026-06-29 08:45:00,4050.75,4058.18,4048.04,4055.61,4439,19,0
2026-06-29 09:00:00,4056.03,4065.32,4054.66,4061.01,4782,20,0
2026-06-29 09:15:00,4060.98,4064.23,4057.1,4061.58,4018,19,0
2026-06-29 09:30:00,4061.53,4062.85,4056.0,4062.11,3946,19,0
2026-06-29 09:45:00,4062.12,4065.81,4060.65,4063.36,3466,32,0
2026-06-29 10:00:00,4063.69,4063.69,4056.95,4059.94,3726,20,0
2026-06-29 10:15:00,4060.18,4067.25,4058.92,4066.98,3550,20,0
2026-06-29 10:30:00,4067.12,4067.23,4061.5,4063.51,3449,19,0
2026-06-29 10:45:00,4063.53,4068.93,4061.43,4061.78,3445,19,0
2026-06-29 11:00:00,4061.4,4066.47,4060.63,4065.09,3937,19,0
2026-06-29 11:15:00,4065.07,4066.65,4061.72,4062.31,3445,19,0
2026-06-29 11:30:00,4062.27,4067.75,4055.79,4056.46,3539,19,0
2026-06-29 11:45:00,4056.52,4058.35,4044.6,4048.03,3769,19,0
2026-06-29 12:00:00,4048.11,4056.21,4046.23,4050.94,3692,20,0
2026-06-29 12:15:00,4050.92,4054.38,4046.18,4049.25,3860,20,0
2026-06-29 12:30:00,4049.28,4051.54,4041.48,4044.25,4069,19,0
2026-06-29 12:45:00,4044.21,4044.69,4023.92,4031.26,4346,19,0
2026-06-29 13:00:00,4031.05,4039.36,4027.18,4038.15,4011,19,0
2026-06-29 13:15:00,4038.15,4038.6,4032.09,4037.07,3343,19,0
2026-06-29 13:30:00,4037.06,4038.46,4031.52,4033.99,3495,31,0
2026-06-29 13:45:00,4033.96,4038.05,4032.32,4036.84,3089,33,0
2026-06-29 14:00:00,4037.01,4038.32,4032.1,4033.98,3411,19,0
2026-06-29 14:15:00,4033.96,4035.69,4027.11,4031.62,3486,19,0
2026-06-29 14:30:00,4031.61,4038.27,4029.53,4035.22,3665,20,0
2026-06-29 14:45:00,4035.21,4042.11,4034.86,4039.4,3614,22,0
2026-06-29 15:00:00,4039.51,4052.21,4037.71,4047.66,4216,19,0
2026-06-29 15:15:00,4047.67,4049.67,4037.69,4038.31,4148,20,0
2026-06-29 15:30:00,4038.29,4046.97,4037.61,4044.74,4095,19,0
2026-06-29 15:45:00,4044.67,4047.8,4042.47,4044.0,3669,22,0
2026-06-29 16:00:00,4044.08,4051.78,4043.55,4047.02,4552,19,0
2026-06-29 16:15:00,4047.15,4049.79,4037.8,4037.8,4344,19,0
2026-06-29 16:30:00,4037.94,4044.52,4033.82,4038.44,6000,22,0
2026-06-29 16:45:00,4038.27,4040.38,4028.16,4032.94,5755,19,0
2026-06-29 17:00:00,4033.04,4035.35,4008.0,4008.16,6140,20,0
2026-06-29 17:15:00,4008.11,4028.16,3999.62,4024.82,5942,22,0
2026-06-29 17:30:00,4024.97,4028.2,4019.91,4021.31,5499,19,0
2026-06-29 17:45:00,4021.32,4030.36,4017.72,4026.01,5482,21,0
2026-06-29 18:00:00,4025.99,4026.42,4019.13,4021.84,5126,19,0
2026-06-29 18:15:00,4021.92,4027.58,4016.57,4024.21,4741,20,0
2026-06-29 18:30:00,4024.44,4026.4,4017.44,4022.61,4530,20,0
2026-06-29 18:45:00,4022.58,4030.31,4022.0,4026.91,3989,24,0
2026-06-29 19:00:00,4027.07,4028.69,4023.51,4023.66,3555,22,0
2026-06-29 19:15:00,4023.6,4026.39,4021.84,4024.14,2968,23,0
2026-06-29 19:30:00,4024.16,4024.28,4018.67,4021.3,3219,22,0
2026-06-29 19:45:00,4021.27,4027.91,4020.55,4023.78,3159,23,0
2026-06-29 20:00:00,4023.86,4032.1,4023.21,4028.92,3484,26,0
2026-06-29 20:15:00,4028.93,4030.68,4022.47,4023.85,3074,21,0
2026-06-29 20:30:00,4023.82,4024.38,4020.65,4021.92,2959,19,0
2026-06-29 20:45:00,4021.94,4022.58,4018.66,4020.78,2965,21,0
2026-06-29 21:00:00,4020.77,4024.17,4020.24,4023.88,2991,32,0
2026-06-29 21:15:00,4023.87,4025.1,4020.18,4020.97,2685,31,0
2026-06-29 21:30:00,4020.95,4021.48,4019.36,4020.63,2028,20,0
2026-06-29 21:45:00,4020.65,4020.86,4011.86,4013.23,2705,19,0
2026-06-29 22:00:00,4013.26,4014.47,4007.77,4007.77,3446,19,0
2026-06-29 22:15:00,4007.78,4017.01,4005.29,4016.94,2790,20,0
2026-06-29 22:30:00,4017.18,4019.42,4016.08,4017.8,2726,19,0
2026-06-29 22:45:00,4017.81,4018.28,4012.43,4015.88,3201,20,0
2026-06-29 23:00:00,4015.86,4016.01,4012.65,4014.27,1634,32,0
2026-06-29 23:15:00,4014.25,4017.8,4014.21,4017.58,1358,33,0
2026-06-29 23:30:00,4017.63,4017.67,4014.34,4015.49,1179,33,0
2026-06-29 23:45:00,4015.63,4015.73,4013.24,4014.75,1067,33,0
2026-06-30 01:00:00,4017.0,4021.97,4015.26,4018.48,1281,23,0
2026-06-30 01:15:00,4018.49,4020.41,4015.13,4015.81,1771,21,0
2026-06-30 01:30:00,4015.56,4015.56,4010.08,4010.08,2133,32,0
2026-06-30 01:45:00,4010.11,4016.89,4009.4,4014.45,2334,19,0
2026-06-30 02:00:00,4014.49,4021.32,4013.8,4020.67,2127,31,0
2026-06-30 02:15:00,4020.65,4022.48,4015.29,4016.55,2003,32,0
2026-06-30 02:30:00,4016.56,4021.7,4013.23,4015.02,2080,32,0
2026-06-30 02:45:00,4014.85,4017.79,4013.31,4014.18,2663,20,0
2026-06-30 03:00:00,4013.96,4014.93,4003.06,4010.11,4667,19,0
2026-06-30 03:15:00,4010.09,4011.38,4003.85,4006.39,3783,21,0
2026-06-30 03:30:00,4006.4,4006.61,3990.81,3991.77,4391,19,0
2026-06-30 03:45:00,3991.74,3993.84,3979.54,3986.48,4957,23,0
2026-06-30 04:00:00,3986.3,3986.56,3942.54,3957.92,6461,23,0
2026-06-30 04:15:00,3957.96,3980.88,3949.98,3979.1,5646,22,0
2026-06-30 04:30:00,3979.32,3979.7,3967.16,3969.95,5373,32,0
2026-06-30 04:45:00,3969.97,3974.49,3962.46,3969.68,5108,28,0
2026-06-30 05:00:00,3970.27,3973.75,3952.44,3956.85,5056,23,0
2026-06-30 05:15:00,3956.71,3964.26,3954.76,3960.64,3836,32,0
2026-06-30 05:30:00,3960.6,3962.9,3952.99,3958.26,4562,32,0
2026-06-30 05:45:00,3958.75,3969.67,3957.99,3962.49,4749,23,0
2026-06-30 06:00:00,3963.14,3970.66,3962.19,3966.99,4149,33,0
2026-06-30 06:15:00,3967.08,3972.12,3964.04,3966.85,4265,31,0
2026-06-30 06:30:00,3966.8,3967.95,3961.12,3964.2,3496,32,0
2026-06-30 06:45:00,3964.16,3972.1,3964.12,3970.74,3407,32,0
2026-06-30 07:00:00,3970.71,3976.07,3968.27,3972.4,3309,32,0
2026-06-30 07:15:00,3972.38,3982.25,3971.83,3981.21,2796,24,0
2026-06-30 07:30:00,3981.03,3996.98,3980.67,3987.35,4229,23,0
2026-06-30 07:45:00,3987.31,3990.51,3982.42,3985.55,3601,32,0
2026-06-30 08:00:00,3985.59,3991.4,3984.18,3985.79,3392,32,0
2026-06-30 08:15:00,3985.93,3988.62,3980.6,3984.12,3404,23,0
2026-06-30 08:30:00,3983.42,3985.63,3976.16,3979.38,4918,20,0
2026-06-30 08:45:00,3979.39,3981.98,3975.95,3976.75,4274,32,0
2026-06-30 09:00:00,3976.87,3988.33,3976.87,3986.79,4691,19,0
2026-06-30 09:15:00,3986.59,4012.04,3982.91,4010.81,5217,20,0
2026-06-30 09:30:00,4010.79,4033.34,4009.78,4023.02,5956,19,0
2026-06-30 09:45:00,4023.42,4032.43,4023.42,4029.47,4958,21,0
2026-06-30 10:00:00,4029.84,4030.18,4023.8,4025.7,4444,19,0
2026-06-30 10:15:00,4025.84,4034.75,4024.9,4028.57,3820,19,0
2026-06-30 10:30:00,4028.56,4031.9,4026.13,4028.3,3741,19,0
2026-06-30 10:45:00,4028.38,4033.04,4025.61,4031.96,3230,19,0
2026-06-30 11:00:00,4032.08,4037.63,4021.99,4024.23,4538,19,0
2026-06-30 11:15:00,4024.18,4026.22,4020.1,4025.86,3831,19,0
2026-06-30 11:30:00,4025.87,4026.96,4015.42,4018.01,3759,20,0
2026-06-30 11:45:00,4018.01,4019.51,4013.64,4015.43,3793,19,0
2026-06-30 12:00:00,4015.08,4021.59,4014.49,4018.15,3195,23,0
2026-06-30 12:15:00,4018.14,4022.65,4016.07,4017.27,3704,19,0
2026-06-30 12:30:00,4017.34,4019.09,4012.39,4019.09,3377,19,0
2026-06-30 12:45:00,4019.02,4023.73,4017.9,4023.73,3155,19,0
2026-06-30 13:00:00,4023.9,4026.45,4021.3,4025.73,3290,32,0
2026-06-30 13:15:00,4025.99,4028.62,4023.72,4028.35,2934,19,0
2026-06-30 13:30:00,4028.19,4029.81,4025.15,4028.01,2884,33,0
2026-06-30 13:45:00,4028.1,4031.37,4026.25,4029.71,2726,32,0
2026-06-30 14:00:00,4029.61,4034.16,4025.39,4033.94,3394,24,0
2026-06-30 14:15:00,4033.99,4035.39,4031.04,4033.09,3358,32,0
2026-06-30 14:30:00,4033.05,4036.52,4029.71,4035.55,3436,20,0
2026-06-30 14:45:00,4035.45,4038.35,4031.13,4035.03,3341,23,0
2026-06-30 15:00:00,4035.02,4035.36,4026.05,4026.5,3555,20,0
2026-06-30 15:15:00,4026.49,4028.71,4014.73,4016.67,4332,20,0
2026-06-30 15:30:00,4016.63,4021.71,4012.53,4018.17,4605,20,0
2026-06-30 15:45:00,4018.1,4018.24,4008.42,4010.66,4047,19,0
2026-06-30 16:00:00,4009.82,4025.75,4009.76,4023.47,5475,19,0
2026-06-30 16:15:00,4023.39,4033.32,4019.09,4024.21,4905,19,0
2026-06-30 16:30:00,4024.25,4027.52,4013.1,4024.76,5804,20,0
2026-06-30 16:45:00,4024.77,4032.51,4021.95,4029.55,5634,20,0
2026-06-30 17:00:00,4029.48,4048.68,4025.33,4043.46,5880,21,0
2026-06-30 17:15:00,4043.27,4063.28,4042.96,4054.16,5987,19,0
2026-06-30 17:30:00,4054.38,4058.64,4044.75,4050.99,5552,21,0
2026-06-30 17:45:00,4050.94,4050.97,4037.19,4037.21,5415,22,0
2026-06-30 18:00:00,4037.39,4039.26,4032.08,4035.37,5157,20,0
2026-06-30 18:15:00,4035.42,4035.65,4021.95,4028.81,4940,20,0
2026-06-30 18:30:00,4028.89,4031.1,4026.46,4029.13,4255,19,0
2026-06-30 18:45:00,4029.1,4034.51,4028.49,4029.15,4275,19,0
2026-06-30 19:00:00,4029.13,4030.1,4025.62,4029.74,3712,32,0
2026-06-30 19:15:00,4029.9,4031.27,4027.57,4029.41,3550,19,0
2026-06-30 19:30:00,4029.33,4031.97,4027.11,4031.16,3458,27,0
2026-06-30 19:45:00,4030.98,4033.46,4025.66,4025.96,3311,19,0
2026-06-30 20:00:00,4025.91,4027.68,4020.48,4023.02,3788,20,0
2026-06-30 20:15:00,4023.0,4027.85,4021.43,4026.07,3816,19,0
2026-06-30 20:30:00,4026.12,4029.63,4025.47,4029.12,2869,32,0
2026-06-30 20:45:00,4029.08,4032.19,4028.91,4030.75,2824,20,0
2026-06-30 21:00:00,4030.77,4033.71,4030.61,4032.3,2756,19,0
2026-06-30 21:15:00,4032.32,4032.87,4030.33,4031.51,2240,32,0
2026-06-30 21:30:00,4031.46,4031.5,4028.26,4030.81,2388,31,0
2026-06-30 21:45:00,4030.87,4032.42,4028.37,4028.78,2526,25,0
2026-06-30 22:00:00,4028.76,4029.4,4023.47,4023.95,2920,29,0
2026-06-30 22:15:00,4023.93,4024.98,4020.92,4021.18,2904,31,0
2026-06-30 22:30:00,4021.19,4022.98,4020.44,4021.8,2910,19,0
2026-06-30 22:45:00,4021.81,4022.33,4014.34,4015.44,3968,20,0
2026-06-30 23:00:00,4015.2,4020.3,4013.53,4019.62,2243,19,0
2026-06-30 23:15:00,4019.64,4020.79,4012.3,4012.9,2014,32,0
2026-06-30 23:30:00,4012.95,4013.46,4010.14,4011.02,1598,19,0
2026-06-30 23:45:00,4011.01,4011.35,4003.98,4005.76,1418,33,0
2026-07-01 01:00:00,4012.67,4017.43,4012.51,4014.51,1254,23,0
2026-07-01 01:15:00,4014.59,4016.37,4012.2,4013.96,2127,32,0
2026-07-01 01:30:00,4013.89,4018.1,4013.37,4014.19,1697,20,0
2026-07-01 01:45:00,4014.23,4016.42,4011.05,4013.14,1813,19,0
2026-07-01 02:00:00,4013.16,4018.44,4011.09,4014.24,2768,19,0
2026-07-01 02:15:00,4014.23,4015.43,4008.08,4011.11,2141,19,0
2026-07-01 02:30:00,4011.1,4012.49,4008.8,4009.01,2117,21,0
2026-07-01 02:45:00,4009.0,4009.78,4004.26,4004.64,2722,19,0
2026-07-01 03:00:00,4004.65,4008.71,4004.37,4007.33,3267,32,0
2026-07-01 03:15:00,4007.31,4008.0,4000.18,4001.1,3801,19,0
2026-07-01 03:30:00,4001.02,4004.75,3995.45,3995.64,3535,19,0
2026-07-01 03:45:00,3995.56,3999.3,3992.77,3996.38,3626,20,0
2026-07-01 04:00:00,3996.82,3999.79,3978.94,3984.47,5204,19,0
2026-07-01 04:15:00,3984.63,3985.85,3975.55,3985.66,4647,27,0
2026-07-01 04:30:00,3985.65,3988.36,3974.88,3978.78,4428,22,0
2026-07-01 04:45:00,3978.83,3981.71,3973.69,3977.54,4304,22,0
2026-07-01 05:00:00,3977.56,3979.78,3970.02,3976.29,4710,31,0
2026-07-01 05:15:00,3976.26,3982.19,3975.52,3980.52,3311,32,0
2026-07-01 05:30:00,3980.3,3985.93,3978.57,3982.98,3885,33,0
2026-07-01 05:45:00,3983.15,3985.18,3978.31,3979.0,3611,32,0
2026-07-01 06:00:00,3978.98,3985.24,3978.3,3983.26,3348,19,0
2026-07-01 06:15:00,3983.31,3986.9,3979.91,3981.23,3265,32,0
2026-07-01 06:30:00,3981.27,3982.02,3976.42,3977.38,2942,22,0
2026-07-01 06:45:00,3977.52,3980.35,3976.55,3980.3,2109,33,0
2026-07-01 07:00:00,3980.46,3980.96,3973.97,3976.1,2610,33,0
2026-07-01 07:15:00,3976.09,3977.81,3974.15,3977.19,2148,33,0
2026-07-01 07:30:00,3977.56,3980.49,3972.1,3974.33,2455,33,0
2026-07-01 07:45:00,3974.4,3982.43,3973.89,3976.44,2674,32,0
2026-07-01 08:00:00,3976.35,3976.97,3969.63,3971.62,3163,23,0
2026-07-01 08:15:00,3971.8,3974.87,3969.86,3972.45,2793,32,0
2026-07-01 08:30:00,3972.86,3978.56,3970.06,3974.37,4305,19,0
2026-07-01 08:45:00,3974.39,3978.63,3973.28,3973.71,3819,22,0
2026-07-01 09:00:00,3973.58,3977.21,3963.23,3964.92,4521,20,0
2026-07-01 09:15:00,3964.74,3969.56,3962.97,3967.45,3967,19,0
2026-07-01 09:30:00,3967.56,3973.27,3963.1,3971.55,3468,20,0
2026-07-01 09:45:00,3971.56,3973.6,3968.91,3971.66,3230,19,0
2026-07-01 10:00:00,3971.64,3973.64,3960.06,3961.29,4060,19,0
2026-07-01 10:15:00,3961.19,3971.93,3959.71,3964.19,3850,19,0
2026-07-01 10:30:00,3964.17,3971.14,3960.6,3970.8,3753,19,0
2026-07-01 10:45:00,3970.79,3978.25,3968.8,3975.41,3817,20,0
2026-07-01 11:00:00,3975.44,3975.99,3969.18,3973.87,3430,19,0
2026-07-01 11:15:00,3973.9,3984.31,3973.9,3978.62,3617,19,0
2026-07-01 11:30:00,3978.63,3979.58,3972.12,3976.79,3489,19,0
2026-07-01 11:45:00,3976.64,3977.13,3971.01,3974.23,2958,19,0
2026-07-01 12:00:00,3974.22,3977.25,3972.49,3975.4,3299,19,0
2026-07-01 12:15:00,3975.42,3980.11,3975.17,3978.3,3278,19,0
2026-07-01 12:30:00,3978.43,3982.41,3977.38,3981.75,3017,21,0
2026-07-01 12:45:00,3981.76,3985.81,3981.74,3984.45,2995,19,0
2026-07-01 13:00:00,3984.34,3989.4,3982.78,3984.32,3128,19,0
2026-07-01 13:15:00,3984.48,3987.27,3980.51,3986.9,2711,19,0
2026-07-01 13:30:00,3986.87,3994.22,3986.37,3987.29,3251,22,0
2026-07-01 13:45:00,3987.34,3998.76,3986.81,3998.35,2729,19,0
2026-07-01 14:00:00,3998.22,4019.35,3997.92,4016.39,3987,19,0
2026-07-01 14:15:00,4015.8,4028.7,4015.24,4026.9,4468,21,0
2026-07-01 14:30:00,4026.8,4032.24,4023.45,4029.52,3672,19,0
2026-07-01 14:45:00,4029.6,4035.68,4028.43,4031.58,3938,19,0
2026-07-01 15:00:00,4031.31,4034.48,4019.89,4022.76,4160,19,0
2026-07-01 15:15:00,4022.5,4030.73,4022.04,4025.77,4114,19,0
2026-07-01 15:30:00,4025.84,4033.3,4023.7,4026.57,4674,19,0
2026-07-01 15:45:00,4026.62,4029.11,4022.64,4022.64,3942,22,0
2026-07-01 16:00:00,4022.83,4025.05,4013.01,4021.41,5288,20,0
2026-07-01 16:15:00,4021.45,4047.02,4021.43,4046.72,5876,19,0
2026-07-01 16:30:00,4046.75,4099.71,4041.6,4098.15,6490,19,0
2026-07-01 16:45:00,4098.14,4107.9,4084.86,4089.56,5903,19,0
2026-07-01 17:00:00,4092.22,4101.57,4082.98,4093.06,5696,20,0
2026-07-01 17:15:00,4092.99,4106.81,4089.51,4100.37,5452,20,0
2026-07-01 17:30:00,4100.52,4115.55,4091.99,4093.05,5790,19,0
2026-07-01 17:45:00,4093.12,4095.15,4086.32,4093.24,4877,23,0
2026-07-01 18:00:00,4093.19,4094.6,4081.99,4085.16,4853,22,0
2026-07-01 18:15:00,4085.14,4092.04,4078.56,4083.72,4753,19,0
2026-07-01 18:30:00,4083.96,4084.19,4076.79,4082.52,4676,19,0
2026-07-01 18:45:00,4082.39,4088.25,4079.66,4082.75,4239,23,0
2026-07-01 19:00:00,4082.76,4088.8,4081.73,4082.56,3854,26,0
2026-07-01 19:15:00,4082.52,4085.16,4080.69,4082.99,3772,32,0
2026-07-01 19:30:00,4082.94,4083.41,4072.88,4074.22,3847,21,0
2026-07-01 19:45:00,4074.96,4076.4,4070.47,4071.26,4165,32,0
2026-07-01 20:00:00,4071.69,4073.99,4067.86,4071.35,3909,22,0
2026-07-01 20:15:00,4071.34,4072.21,4067.9,4068.09,3606,19,0
2026-07-01 20:30:00,4068.12,4073.26,4068.04,4070.91,3429,32,0
2026-07-01 20:45:00,4070.89,4072.55,4067.25,4068.19,3321,23,0
2026-07-01 21:00:00,4068.07,4070.64,4067.16,4068.73,3248,33,0
2026-07-01 21:15:00,4068.76,4069.15,4061.24,4062.34,3606,20,0
2026-07-01 21:30:00,4062.45,4066.24,4061.57,4063.31,3251,31,0
2026-07-01 21:45:00,4063.29,4063.32,4058.08,4061.96,3347,21,0
2026-07-01 22:00:00,4061.95,4068.47,4061.77,4065.59,3284,19,0
2026-07-01 22:15:00,4065.57,4066.3,4056.88,4059.18,3153,21,0
2026-07-01 22:30:00,4059.2,4060.09,4053.21,4054.1,3018,19,0
2026-07-01 22:45:00,4054.14,4054.47,4034.64,4039.13,4246,19,0
2026-07-01 23:00:00,4038.86,4039.75,4028.73,4035.69,3246,19,0
2026-07-01 23:15:00,4035.72,4039.22,4034.75,4038.42,1930,20,0
2026-07-01 23:30:00,4038.45,4039.14,4033.51,4034.08,1980,19,0
2026-07-01 23:45:00,4034.07,4034.89,4029.07,4030.36,1596,19,0
2026-07-02 01:00:00,4037.52,4039.72,4034.18,4036.63,1630,33,0
2026-07-02 01:15:00,4036.59,4039.28,4035.01,4038.41,1835,21,0
2026-07-02 01:30:00,4038.27,4040.82,4037.12,4040.11,1866,21,0
2026-07-02 01:45:00,4040.17,4045.11,4039.98,4044.36,1735,19,0
2026-07-02 02:00:00,4044.27,4045.0,4037.61,4038.22,1776,32,0
2026-07-02 02:15:00,4038.16,4039.42,4034.05,4037.31,2105,29,0
2026-07-02 02:30:00,4037.29,4040.57,4034.65,4035.38,1848,20,0
2026-07-02 02:45:00,4035.37,4036.01,4033.16,4033.97,2843,32,0
2026-07-02 03:00:00,4033.75,4045.09,4029.94,4043.8,4605,23,0
2026-07-02 03:15:00,4043.77,4047.53,4039.25,4045.33,3304,32,0
2026-07-02 03:30:00,4045.24,4045.49,4036.99,4038.29,3275,32,0
2026-07-02 03:45:00,4038.3,4051.47,4038.3,4050.68,3660,28,0
2026-07-02 04:00:00,4050.7,4067.2,4049.44,4063.79,5011,23,0
2026-07-02 04:15:00,4063.92,4064.46,4048.84,4051.95,4316,20,0
2026-07-02 04:30:00,4052.03,4054.16,4045.02,4046.53,4514,22,0
2026-07-02 04:45:00,4046.73,4056.39,4044.34,4050.4,4030,20,0
2026-07-02 05:00:00,4050.43,4051.55,4042.35,4049.13,4061,21,0
2026-07-02 05:15:00,4049.1,4055.96,4048.97,4052.45,3205,20,0
2026-07-02 05:30:00,4052.38,4058.22,4049.33,4057.06,3863,19,0
2026-07-02 05:45:00,4057.13,4061.93,4055.44,4058.08,3784,32,0
2026-07-02 06:00:00,4058.11,4060.8,4056.55,4058.64,3494,31,0
2026-07-02 06:15:00,4058.45,4068.36,4058.41,4066.54,3582,19,0
2026-07-02 06:30:00,4066.4,4068.26,4062.94,4065.72,2972,32,0
2026-07-02 06:45:00,4065.79,4073.23,4062.99,4068.98,3296,21,0
2026-07-02 07:00:00,4068.9,4071.73,4066.94,4068.96,2783,19,0
2026-07-02 07:15:00,4068.89,4069.31,4062.83,4064.33,2437,20,0
2026-07-02 07:30:00,4064.36,4065.23,4060.12,4062.07,2561,19,0
2026-07-02 07:45:00,4062.06,4063.9,4059.37,4059.42,2376,32,0
2026-07-02 08:00:00,4059.48,4059.95,4053.18,4054.24,3075,19,0
2026-07-02 08:15:00,4054.26,4060.92,4053.51,4056.94,3350,24,0
2026-07-02 08:30:00,4057.11,4066.29,4052.79,4062.36,4719,19,0
2026-07-02 08:45:00,4062.49,4068.73,4060.94,4067.24,3897,19,0
2026-07-02 09:00:00,4067.33,4076.83,4066.97,4069.13,4209,22,0
2026-07-02 09:15:00,4069.17,4080.08,4067.93,4074.07,4081,19,0
2026-07-02 09:30:00,4073.97,4076.62,4065.97,4067.99,3765,21,0
2026-07-02 09:45:00,4067.99,4076.34,4066.51,4073.33,4304,20,0
2026-07-02 10:00:00,4073.32,4073.95,4067.01,4067.64,4066,19,0
2026-07-02 10:15:00,4067.72,4068.19,4060.52,4062.46,3805,19,0
2026-07-02 10:30:00,4062.45,4075.37,4060.57,4074.32,3733,19,0
2026-07-02 10:45:00,4074.35,4074.65,4063.32,4063.9,3768,19,0
2026-07-02 11:00:00,4063.77,4073.87,4060.88,4069.65,4205,19,0
2026-07-02 11:15:00,4069.66,4077.65,4068.59,4074.84,3944,19,0
2026-07-02 11:30:00,4074.78,4077.58,4071.92,4075.12,3760,19,0
2026-07-02 11:45:00,4075.34,4080.12,4073.01,4076.0,3628,19,0
2026-07-02 12:00:00,4076.01,4077.35,4070.52,4073.4,3576,20,0
2026-07-02 12:15:00,4073.55,4074.97,4067.3,4069.2,3192,19,0
2026-07-02 12:30:00,4069.31,4073.25,4065.2,4070.25,3667,19,0
2026-07-02 12:45:00,4070.29,4073.38,4065.7,4066.38,3334,20,0
2026-07-02 13:00:00,4066.38,4067.68,4063.66,4064.31,3289,20,0
2026-07-02 13:15:00,4064.26,4068.99,4063.11,4067.18,3126,33,0
2026-07-02 13:30:00,4067.33,4069.81,4064.04,4065.7,3030,19,0
2026-07-02 13:45:00,4065.69,4069.05,4062.57,4067.37,3052,23,0
2026-07-02 14:00:00,4067.79,4068.22,4058.59,4063.94,3695,19,0
2026-07-02 14:15:00,4063.97,4067.89,4063.31,4065.98,3237,31,0
2026-07-02 14:30:00,4066.27,4071.53,4063.23,4071.02,3391,32,0
2026-07-02 14:45:00,4070.99,4072.01,4065.06,4065.07,3286,32,0
2026-07-02 15:00:00,4065.13,4073.42,4061.06,4063.88,3955,21,0
2026-07-02 15:15:00,4064.03,4069.44,4061.34,4064.99,4080,19,0
2026-07-02 15:30:00,4065.74,4140.3,4064.95,4132.68,6527,19,0
2026-07-02 15:45:00,4132.48,4133.92,4112.05,4117.49,5997,19,0
2026-07-02 16:00:00,4118.13,4129.61,4114.8,4124.26,6022,20,0
2026-07-02 16:15:00,4124.24,4124.5,4109.26,4113.28,5471,19,0
2026-07-02 16:30:00,4113.38,4138.24,4109.72,4134.77,6422,19,0
2026-07-02 16:45:00,4134.73,4143.97,4132.4,4137.95,5805,22,0
2026-07-02 17:00:00,4137.92,4138.23,4123.8,4128.52,5466,20,0
2026-07-02 17:15:00,4128.19,4136.22,4113.8,4116.14,5777,20,0
2026-07-02 17:30:00,4116.53,4125.31,4114.5,4118.7,6053,19,0
2026-07-02 17:45:00,4118.63,4129.65,4115.51,4128.2,5535,20,0
2026-07-02 18:00:00,4128.17,4131.21,4114.65,4126.67,5543,19,0
2026-07-02 18:15:00,4126.96,4131.21,4120.52,4122.81,5145,19,0
2026-07-02 18:30:00,4122.88,4130.87,4122.77,4125.17,4945,19,0
2026-07-02 18:45:00,4125.08,4129.92,4123.97,4128.27,4488,22,0
2026-07-02 19:00:00,4128.6,4130.11,4121.8,4123.28,4558,19,0
2026-07-02 19:15:00,4123.35,4123.75,4115.16,4116.22,4664,20,0
2026-07-02 19:30:00,4116.2,4116.68,4100.23,4114.63,5338,21,0
2026-07-02 19:45:00,4114.94,4120.25,4113.99,4118.15,4295,20,0
2026-07-02 20:00:00,4118.24,4119.91,4113.49,4118.04,4611,24,0
2026-07-02 20:15:00,4118.07,4119.94,4111.34,4112.54,4189,20,0
2026-07-02 20:30:00,4112.05,4114.54,4105.92,4107.42,4372,19,0
2026-07-02 20:45:00,4107.41,4110.3,4105.84,4106.74,3783,19,0
2026-07-02 21:00:00,4106.85,4123.76,4105.81,4119.37,4719,21,0
2026-07-02 21:15:00,4119.44,4123.13,4115.58,4122.9,3930,19,0
2026-07-02 21:30:00,4122.91,4126.99,4121.29,4121.33,3741,31,0
2026-07-02 21:45:00,4121.32,4124.33,4119.86,4122.73,3336,21,0
2026-07-02 22:00:00,4123.02,4124.37,4113.23,4114.47,4202,19,0
2026-07-02 22:15:00,4114.44,4114.94,4108.09,4112.5,3685,24,0
2026-07-02 22:30:00,4112.48,4114.61,4110.91,4113.54,3632,22,0
2026-07-02 22:45:00,4113.42,4123.95,4112.53,4121.42,3968,24,0
2026-07-02 23:00:00,4121.26,4122.45,4116.36,4119.99,2227,20,0
2026-07-02 23:15:00,4119.95,4124.99,4119.22,4123.63,1762,19,0
2026-07-02 23:30:00,4123.61,4125.03,4120.86,4120.86,1318,19,0
2026-07-02 23:45:00,4120.79,4123.0,4117.33,4122.49,1205,32,0
2026-07-03 01:00:00,4123.66,4127.98,4123.16,4124.5,707,32,0
2026-07-03 01:15:00,4124.89,4125.33,4122.69,4124.38,1360,27,0
2026-07-03 01:30:00,4124.36,4126.38,4122.58,4123.14,1643,32,0
2026-07-03 01:45:00,4123.12,4126.49,4122.86,4124.71,1295,33,0
2026-07-03 02:00:00,4124.7,4127.31,4124.29,4125.5,1610,28,0
2026-07-03 02:15:00,4125.59,4130.27,4124.39,4129.84,2073,25,0
2026-07-03 02:30:00,4129.61,4132.63,4121.1,4124.77,2892,20,0
2026-07-03 02:45:00,4124.7,4131.77,4124.41,4125.74,3506,20,0
2026-07-03 03:00:00,4125.68,4136.73,4122.9,4134.93,4787,19,0
2026-07-03 03:15:00,4134.92,4140.85,4131.73,4137.13,4250,23,0
2026-07-03 03:30:00,4137.15,4139.58,4133.23,4136.2,3999,22,0
2026-07-03 03:45:00,4136.26,4150.86,4135.2,4147.01,4147,21,0
2026-07-03 04:00:00,4147.36,4179.24,4146.44,4176.56,6156,19,0
2026-07-03 04:15:00,4176.36,4194.36,4173.97,4187.62,5787,19,0
2026-07-03 04:30:00,4187.54,4195.58,4179.28,4179.8,5279,20,0
2026-07-03 04:45:00,4179.76,4184.0,4175.26,4182.49,4283,21,0
2026-07-03 05:00:00,4182.44,4184.28,4177.26,4180.5,4183,20,0
2026-07-03 05:15:00,4180.22,4182.41,4177.57,4179.97,3005,32,0
2026-07-03 05:30:00,4180.06,4187.62,4178.86,4184.48,3981,19,0
2026-07-03 05:45:00,4184.42,4187.97,4180.03,4184.82,3616,31,0
2026-07-03 06:00:00,4184.63,4186.02,4181.03,4184.28,3382,19,0
2026-07-03 06:15:00,4184.26,4184.93,4180.57,4182.65,2687,32,0
2026-07-03 06:30:00,4182.72,4184.4,4178.22,4178.33,2672,21,0
2026-07-03 06:45:00,4178.38,4180.01,4174.97,4175.39,2158,28,0
2026-07-03 07:00:00,4176.12,4177.35,4172.37,4176.21,2205,19,0
2026-07-03 07:15:00,4176.15,4181.14,4175.12,4177.22,2416,22,0
2026-07-03 07:30:00,4177.23,4177.25,4173.88,4175.72,1804,19,0
2026-07-03 07:45:00,4175.73,4177.38,4172.91,4177.33,1721,20,0
2026-07-03 08:00:00,4177.29,4179.69,4175.46,4176.93,2448,19,0
2026-07-03 08:15:00,4176.92,4177.85,4171.6,4174.47,2348,19,0
2026-07-03 08:30:00,4174.49,4180.28,4171.5,4173.62,3681,19,0
2026-07-03 08:45:00,4173.49,4174.76,4167.69,4169.65,3068,25,0
2026-07-03 09:00:00,4169.66,4170.3,4160.53,4160.78,4075,19,0
2026-07-03 09:15:00,4160.98,4166.33,4159.11,4164.0,3701,22,0
2026-07-03 09:30:00,4164.04,4173.06,4163.57,4171.18,3480,21,0
2026-07-03 09:45:00,4171.18,4174.61,4170.31,4173.17,3184,19,0
2026-07-03 10:00:00,4173.25,4181.43,4171.33,4174.03,3539,19,0
2026-07-03 10:15:00,4174.02,4175.86,4169.25,4175.41,3029,19,0
2026-07-03 10:30:00,4175.26,4179.72,4173.79,4179.54,3136,20,0
2026-07-03 10:45:00,4179.57,4181.76,4174.9,4178.63,3230,19,0
2026-07-03 11:00:00,4179.07,4185.85,4178.53,4184.11,3392,25,0
2026-07-03 11:15:00,4184.13,4185.59,4181.39,4183.34,3074,19,0
2026-07-03 11:30:00,4183.08,4186.81,4180.74,4184.52,2974,19,0
2026-07-03 11:45:00,4184.58,4185.52,4177.02,4180.93,2794,19,0
2026-07-03 12:00:00,4180.63,4181.84,4176.0,4180.27,2625,19,0
2026-07-03 12:15:00,4180.38,4180.57,4171.3,4171.88,2946,21,0
2026-07-03 12:30:00,4172.05,4173.24,4168.45,4172.04,2993,19,0
2026-07-03 12:45:00,4171.98,4174.9,4170.91,4170.91,2451,22,0
2026-07-03 13:00:00,4170.81,4180.71,4170.58,4179.76,2611,19,0
2026-07-03 13:15:00,4179.83,4181.35,4178.07,4178.69,2254,21,0
2026-07-03 13:30:00,4178.48,4179.24,4175.75,4177.87,2136,32,0
2026-07-03 13:45:00,4177.86,4178.91,4174.83,4177.06,2005,32,0
2026-07-03 14:00:00,4177.04,4184.03,4175.86,4183.53,2572,32,0
2026-07-03 14:15:00,4183.61,4186.14,4182.57,4182.57,2599,20,0
2026-07-03 14:30:00,4182.54,4185.67,4182.19,4185.2,2313,27,0
2026-07-03 14:45:00,4185.22,4186.31,4178.79,4181.18,2572,19,0
2026-07-03 15:00:00,4181.26,4183.3,4177.75,4178.03,2843,24,0
2026-07-03 15:15:00,4178.0,4178.33,4172.16,4174.78,2676,21,0
2026-07-03 15:30:00,4174.76,4177.53,4172.85,4174.41,2902,20,0
2026-07-03 15:45:00,4174.69,4177.42,4172.17,4177.34,2354,31,0
2026-07-03 16:00:00,4177.3,4179.17,4164.55,4166.55,4127,22,0
2026-07-03 16:15:00,4166.69,4172.16,4166.49,4171.47,3609,20,0
2026-07-03 16:30:00,4171.62,4171.89,4164.93,4166.95,3740,20,0
2026-07-03 16:45:00,4166.87,4168.68,4163.47,4164.49,3642,20,0
2026-07-03 17:00:00,4164.44,4166.96,4155.26,4162.1,4126,19,0
2026-07-03 17:15:00,4162.17,4166.66,4161.21,4166.09,3532,19,0
2026-07-03 17:30:00,4166.07,4167.11,4163.28,4163.72,3109,19,0
2026-07-03 17:45:00,4163.74,4170.95,4163.46,4169.65,2751,19,0
2026-07-03 18:00:00,4170.03,4174.0,4168.52,4171.97,2956,19,0
2026-07-03 18:15:00,4171.89,4174.04,4166.96,4167.37,2696,22,0
2026-07-03 18:30:00,4167.57,4168.83,4165.63,4167.69,2169,21,0
2026-07-03 18:45:00,4167.82,4168.85,4164.45,4164.79,1879,33,0
2026-07-03 19:00:00,4164.72,4165.66,4162.91,4164.11,2131,33,0
2026-07-03 19:15:00,4164.0,4167.43,4162.75,4166.64,1899,33,0
2026-07-03 19:30:00,4166.61,4170.3,4166.45,4170.07,2020,22,0
2026-07-03 19:45:00,4170.1,4176.25,4169.27,4174.65,2331,32,0
2026-07-06 01:00:00,4178.97,4184.34,4177.05,4181.55,2021,20,0
2026-07-06 01:15:00,4181.56,4185.64,4177.06,4184.63,2643,19,0
2026-07-06 01:30:00,4184.0,4191.31,4182.69,4188.58,2921,22,0
2026-07-06 01:45:00,4188.52,4189.78,4183.05,4188.12,2495,22,0
2026-07-06 02:00:00,4188.04,4191.44,4186.73,4187.37,2334,33,0
2026-07-06 02:15:00,4187.15,4201.67,4186.51,4200.21,2065,19,0
2026-07-06 02:30:00,4199.88,4201.39,4192.94,4196.14,2676,32,0
2026-07-06 02:45:00,4196.32,4197.05,4177.59,4184.05,3763,20,0
2026-07-06 03:00:00,4182.94,4185.13,4170.2,4174.71,4818,19,0
2026-07-06 03:15:00,4174.7,4181.67,4170.87,4174.0,4117,26,0
2026-07-06 03:30:00,4173.98,4187.32,4173.98,4185.76,4282,27,0
2026-07-06 03:45:00,4185.74,4188.74,4174.72,4179.29,3878,21,0
2026-07-06 04:00:00,4178.97,4192.6,4172.42,4188.7,5193,20,0
2026-07-06 04:15:00,4188.64,4192.71,4180.51,4189.83,4794,19,0
2026-07-06 04:30:00,4190.32,4200.3,4187.42,4198.09,5014,22,0
2026-07-06 04:45:00,4198.03,4203.24,4184.96,4186.18,4813,24,0
2026-07-06 05:00:00,4186.0,4187.69,4176.78,4180.41,4581,22,0
2026-07-06 05:15:00,4180.31,4185.83,4175.44,4177.3,3914,19,0
2026-07-06 05:30:00,4177.24,4178.33,4168.12,4172.07,4724,19,0
2026-07-06 05:45:00,4172.01,4175.28,4169.06,4173.49,3877,19,0
2026-07-06 06:00:00,4173.53,4175.61,4165.03,4166.19,4104,19,0
2026-07-06 06:15:00,4166.22,4167.48,4162.24,4165.33,3568,22,0
2026-07-06 06:30:00,4165.22,4168.78,4161.23,4162.4,3149,19,0
2026-07-06 06:45:00,4162.42,4166.36,4160.6,4164.81,2992,31,0
2026-07-06 07:00:00,4164.77,4166.19,4160.48,4162.95,2682,20,0
2026-07-06 07:15:00,4162.94,4164.06,4159.76,4160.78,2198,19,0
2026-07-06 07:30:00,4160.64,4161.81,4157.17,4160.08,2805,19,0
2026-07-06 07:45:00,4160.27,4161.06,4157.92,4159.36,2263,19,0
2026-07-06 08:00:00,4159.59,4160.87,4151.11,4152.02,3020,19,0
2026-07-06 08:15:00,4151.99,4154.3,4150.41,4152.57,2710,19,0
2026-07-06 08:30:00,4152.56,4160.44,4149.4,4155.49,4415,19,0
2026-07-06 08:45:00,4155.23,4156.97,4144.86,4148.21,3956,19,0
2026-07-06 09:00:00,4148.17,4152.9,4145.89,4152.79,4266,19,0
2026-07-06 09:15:00,4152.8,4157.71,4148.82,4157.19,3436,19,0
2026-07-06 09:30:00,4157.2,4160.44,4153.44,4155.85,3588,19,0
2026-07-06 09:45:00,4155.83,4156.5,4147.85,4149.16,3137,19,0
2026-07-06 10:00:00,4149.41,4151.9,4145.7,4149.43,3548,20,0
2026-07-06 10:15:00,4149.32,4154.09,4148.81,4151.47,3450,19,0
2026-07-06 10:30:00,4151.48,4163.06,4149.75,4162.35,3184,19,0
2026-07-06 10:45:00,4162.37,4164.99,4160.72,4163.52,3194,19,0
2026-07-06 11:00:00,4163.41,4164.79,4155.91,4156.99,3442,19,0
2026-07-06 11:15:00,4157.02,4157.47,4152.13,4153.97,3082,22,0
2026-07-06 11:30:00,4153.96,4154.64,4147.08,4147.57,2835,19,0
2026-07-06 11:45:00,4147.72,4151.41,4145.67,4148.96,2868,19,0
2026-07-06 12:00:00,4148.97,4149.81,4146.5,4148.04,2504,19,0
2026-07-06 12:15:00,4148.08,4148.32,4140.14,4141.82,3299,19,0
2026-07-06 12:30:00,4141.74,4142.32,4135.21,4139.11,3406,19,0
2026-07-06 12:45:00,4138.89,4144.78,4138.89,4143.08,2771,19,0
2026-07-06 13:00:00,4143.09,4148.51,4142.03,4148.19,2592,22,0
2026-07-06 13:15:00,4148.04,4150.88,4147.42,4149.26,2538,21,0
2026-07-06 13:30:00,4149.25,4156.73,4149.06,4155.51,2952,23,0
2026-07-06 13:45:00,4155.5,4157.0,4153.59,4156.26,2852,31,0
2026-07-06 14:00:00,4156.53,4157.59,4152.46,4156.19,3237,21,0
2026-07-06 14:15:00,4156.15,4160.35,4154.79,4155.85,3016,19,0
2026-07-06 14:30:00,4155.81,4159.52,4152.53,4153.62,2738,24,0
2026-07-06 14:45:00,4153.63,4155.86,4151.89,4155.12,2851,20,0
2026-07-06 15:00:00,4155.43,4158.3,4153.64,4156.01,3316,19,0
2026-07-06 15:15:00,4155.99,4157.48,4145.08,4145.64,3688,20,0
2026-07-06 15:30:00,4145.65,4146.14,4131.23,4133.55,4098,19,0
2026-07-06 15:45:00,4133.54,4142.72,4132.85,4139.44,3866,19,0
2026-07-06 16:00:00,4139.47,4148.3,4136.83,4141.19,4459,19,0
2026-07-06 16:15:00,4141.17,4148.61,4138.53,4143.12,4298,19,0
2026-07-06 16:30:00,4143.43,4150.45,4141.86,4149.2,5463,19,0
2026-07-06 16:45:00,4149.24,4149.41,4136.89,4140.64,5044,19,0
2026-07-06 17:00:00,4140.35,4147.01,4133.53,4140.51,5166,20,0
2026-07-06 17:15:00,4140.77,4140.91,4132.18,4136.96,4875,19,0
2026-07-06 17:30:00,4137.06,4141.56,4128.38,4129.98,4676,19,0
2026-07-06 17:45:00,4129.94,4138.32,4128.84,4138.06,4604,20,0
2026-07-06 18:00:00,4138.08,4146.42,4137.41,4139.5,4111,20,0
2026-07-06 18:15:00,4139.51,4151.09,4138.62,4150.56,4288,28,0
2026-07-06 18:30:00,4150.31,4151.97,4147.17,4150.01,4161,31,0
2026-07-06 18:45:00,4150.06,4150.58,4144.91,4147.97,3188,20,0
2026-07-06 19:00:00,4147.8,4148.5,4140.51,4140.86,3301,19,0
2026-07-06 19:15:00,4140.71,4146.38,4140.31,4145.36,3133,29,0
2026-07-06 19:30:00,4145.35,4150.27,4145.27,4149.35,3247,26,0
2026-07-06 19:45:00,4149.36,4156.19,4148.76,4155.01,3278,21,0
2026-07-06 20:00:00,4155.25,4156.42,4152.47,4153.51,3289,31,0
2026-07-06 20:15:00,4153.52,4159.43,4150.32,4155.57,3338,31,0
2026-07-06 20:30:00,4155.6,4159.26,4154.79,4156.69,3158,19,0
2026-07-06 20:45:00,4156.66,4161.52,4156.3,4161.13,2948,19,0
2026-07-06 21:00:00,4161.21,4161.87,4155.15,4158.1,3067,20,0
2026-07-06 21:15:00,4158.37,4163.15,4158.23,4161.9,2703,23,0
2026-07-06 21:30:00,4161.52,4167.41,4159.71,4164.11,2906,21,0
2026-07-06 21:45:00,4164.15,4165.19,4162.12,4163.96,2692,26,0
2026-07-06 22:00:00,4163.85,4165.4,4158.94,4159.27,2545,33,0
2026-07-06 22:15:00,4159.32,4163.3,4158.73,4162.81,2609,32,0
2026-07-06 22:30:00,4162.87,4163.05,4159.7,4161.13,2721,31,0
2026-07-06 22:45:00,4161.14,4165.07,4161.12,4163.75,3052,32,0
2026-07-06 23:00:00,4163.9,4164.53,4160.87,4161.02,1492,32,0
2026-07-06 23:15:00,4161.01,4163.27,4160.7,4162.84,879,19,0
2026-07-06 23:30:00,4162.91,4164.77,4162.48,4163.04,915,32,0
2026-07-06 23:45:00,4162.83,4163.7,4161.84,4162.78,966,19,0
2026-07-07 01:00:00,4163.09,4166.3,4162.73,4165.68,783,33,0
2026-07-07 01:15:00,4165.63,4167.08,4164.9,4165.92,1115,33,0
2026-07-07 01:30:00,4165.89,4168.22,4165.89,4167.04,1561,33,0
2026-07-07 01:45:00,4166.89,4167.59,4163.91,4164.11,1526,19,0
2026-07-07 02:00:00,4164.38,4165.61,4162.99,4165.52,1611,32,0
2026-07-07 02:15:00,4165.45,4165.61,4162.91,4163.12,1392,32,0
2026-07-07 02:30:00,4163.13,4165.29,4160.93,4161.98,1569,32,0
2026-07-07 02:45:00,4161.92,4163.83,4156.09,4156.09,2547,32,0
2026-07-07 03:00:00,4156.17,4157.21,4151.37,4154.83,3779,32,0
2026-07-07 03:15:00,4154.98,4159.37,4150.74,4158.52,3546,25,0
2026-07-07 03:30:00,4158.81,4161.47,4147.07,4148.26,3610,32,0
2026-07-07 03:45:00,4148.09,4152.53,4144.11,4144.55,3670,31,0
2026-07-07 04:00:00,4144.26,4146.64,4136.44,4140.32,4918,24,0
2026-07-07 04:15:00,4140.44,4141.67,4124.69,4131.66,4623,21,0
2026-07-07 04:30:00,4131.62,4141.82,4131.29,4141.82,4159,32,0
2026-07-07 04:45:00,4141.72,4145.94,4140.28,4141.76,3907,21,0
2026-07-07 05:00:00,4141.96,4144.27,4137.54,4142.33,3624,32,0
2026-07-07 05:15:00,4142.3,4145.07,4137.96,4140.45,2765,32,0
2026-07-07 05:30:00,4140.28,4144.1,4136.06,4139.28,3420,32,0
2026-07-07 05:45:00,4139.29,4139.42,4131.18,4136.42,3613,19,0
2026-07-07 06:00:00,4136.36,4139.8,4134.77,4136.36,3294,19,0
2026-07-07 06:15:00,4136.23,4137.54,4129.12,4131.75,3475,19,0
2026-07-07 06:30:00,4131.71,4134.81,4126.85,4129.46,3039,21,0
2026-07-07 06:45:00,4129.16,4131.35,4124.11,4130.97,2730,28,0
2026-07-07 07:00:00,4130.99,4141.13,4130.17,4136.35,2936,26,0
2026-07-07 07:15:00,4136.34,4137.24,4130.55,4131.89,2727,19,0
2026-07-07 07:30:00,4131.83,4132.02,4128.39,4128.43,2545,19,0
2026-07-07 07:45:00,4128.34,4130.88,4125.67,4126.31,2307,25,0
2026-07-07 08:00:00,4126.18,4131.11,4121.86,4122.28,3072,21,0
2026-07-07 08:15:00,4122.32,4128.32,4120.73,4128.07,3447,21,0
2026-07-07 08:30:00,4128.03,4128.28,4116.45,4122.22,4832,19,0
2026-07-07 08:45:00,4122.2,4126.92,4120.01,4123.69,3858,20,0
2026-07-07 09:00:00,4123.3,4129.09,4121.17,4123.27,4030,19,0
2026-07-07 09:15:00,4123.3,4129.5,4123.06,4126.67,3510,19,0
2026-07-07 09:30:00,4126.44,4132.3,4124.63,4132.07,3452,22,0
2026-07-07 09:45:00,4132.14,4132.72,4128.22,4130.66,3455,21,0
2026-07-07 10:00:00,4130.42,4130.84,4124.11,4129.16,3384,19,0
2026-07-07 10:15:00,4129.05,4131.97,4125.87,4126.31,3374,20,0
2026-07-07 10:30:00,4126.27,4130.89,4125.53,4129.91,2947,19,0
2026-07-07 10:45:00,4129.81,4133.23,4124.01,4124.01,3521,19,0
2026-07-07 11:00:00,4124.49,4139.08,4124.35,4136.88,4019,19,0
2026-07-07 11:15:00,4136.68,4138.67,4133.88,4138.63,3677,20,0
2026-07-07 11:30:00,4138.67,4138.99,4128.48,4130.48,3209,20,0
2026-07-07 11:45:00,4130.53,4130.6,4121.54,4125.65,3585,19,0
2026-07-07 12:00:00,4125.63,4128.54,4124.07,4127.22,3416,25,0
2026-07-07 12:15:00,4127.23,4130.82,4119.49,4121.26,3534,19,0
2026-07-07 12:30:00,4121.43,4133.64,4121.31,4132.74,3355,31,0
2026-07-07 12:45:00,4132.77,4133.07,4124.77,4131.0,3423,22,0
2026-07-07 13:00:00,4130.9,4135.02,4130.9,4132.6,3195,25,0
2026-07-07 13:15:00,4132.47,4138.9,4132.04,4137.28,2852,19,0
2026-07-07 13:30:00,4137.46,4137.61,4134.77,4136.0,2944,20,0
2026-07-07 13:45:00,4135.95,4137.35,4133.6,4135.7,3161,20,0
2026-07-07 14:00:00,4135.52,4136.45,4132.08,4133.41,3222,19,0
2026-07-07 14:15:00,4133.44,4145.26,4133.3,4143.34,3618,19,0
2026-07-07 14:30:00,4142.98,4149.23,4139.75,4148.53,3369,20,0
2026-07-07 14:45:00,4148.53,4158.28,4147.26,4157.35,3683,19,0
2026-07-07 15:00:00,4157.24,4174.9,4154.74,4173.61,4688,19,0
2026-07-07 15:15:00,4173.62,4175.3,4163.23,4166.1,4580,19,0
2026-07-07 15:30:00,4166.1,4168.35,4161.78,4166.68,4124,19,0
2026-07-07 15:45:00,4166.82,4172.95,4164.47,4172.95,3820,19,0
2026-07-07 16:00:00,4173.77,4178.55,4160.24,4171.51,5292,20,0
2026-07-07 16:15:00,4171.51,4172.63,4164.4,4166.37,4434,19,0
2026-07-07 16:30:00,4166.47,4180.37,4163.73,4177.58,5999,19,0
2026-07-07 16:45:00,4177.52,4179.98,4156.02,4159.1,5489,20,0
2026-07-07 17:00:00,4159.45,4163.66,4150.82,4152.22,5883,19,0
2026-07-07 17:15:00,4152.19,4159.61,4151.13,4158.06,5546,19,0
2026-07-07 17:30:00,4158.12,4159.15,4143.55,4152.17,5279,20,0
2026-07-07 17:45:00,4152.13,4157.47,4151.79,4154.2,4925,22,0
2026-07-07 18:00:00,4154.3,4155.47,4148.08,4148.5,4658,21,0
2026-07-07 18:15:00,4148.79,4148.81,4141.39,4143.07,4560,21,0
2026-07-07 18:30:00,4142.91,4148.13,4141.95,4146.37,4285,19,0
2026-07-07 18:45:00,4146.28,4147.83,4135.36,4138.69,4046,31,0
2026-07-07 19:00:00,4138.75,4143.29,4136.78,4140.66,3950,19,0
2026-07-07 19:15:00,4140.67,4146.98,4140.46,4145.64,3577,20,0
2026-07-07 19:30:00,4145.65,4146.31,4142.22,4142.99,3635,19,0
2026-07-07 19:45:00,4143.09,4146.36,4140.76,4145.02,3501,20,0
2026-07-07 20:00:00,4145.05,4146.69,4142.1,4142.78,3344,19,0
2026-07-07 20:15:00,4142.81,4146.4,4140.37,4145.64,3798,19,0
2026-07-07 20:30:00,4145.59,4148.08,4144.3,4146.83,3130,32,0
2026-07-07 20:45:00,4146.8,4147.09,4142.78,4144.22,3136,19,0
2026-07-07 21:00:00,4144.37,4144.95,4140.68,4142.1,3346,22,0
2026-07-07 21:15:00,4142.09,4144.0,4139.99,4141.61,3534,25,0
2026-07-07 21:30:00,4141.66,4142.47,4136.02,4141.88,3293,20,0
2026-07-07 21:45:00,4141.9,4142.49,4125.03,4126.81,4800,19,0
2026-07-07 22:00:00,4126.58,4127.56,4103.06,4105.78,5475,23,0
2026-07-07 22:15:00,4105.84,4106.66,4092.13,4103.76,5088,19,0
2026-07-07 22:30:00,4103.95,4114.89,4103.86,4109.21,4402,32,0
2026-07-07 22:45:00,4109.22,4117.56,4108.01,4113.99,4189,20,0
2026-07-07 23:00:00,4113.88,4115.84,4112.21,4112.86,2253,20,0
2026-07-07 23:15:00,4112.8,4113.22,4106.44,4110.81,1932,20,0
2026-07-07 23:30:00,4110.6,4111.14,4104.44,4106.0,2166,20,0
2026-07-07 23:45:00,4106.16,4106.57,4102.15,4105.09,1508,32,0
2026-07-08 01:00:00,4103.87,4104.99,4099.29,4103.97,1338,33,0
2026-07-08 01:15:00,4104.0,4104.06,4099.67,4099.84,1347,33,0
2026-07-08 01:30:00,4099.8,4102.64,4098.71,4101.03,1885,32,0
2026-07-08 01:45:00,4101.08,4101.08,4095.84,4098.22,2475,32,0
2026-07-08 02:00:00,4098.19,4107.76,4096.2,4105.33,3092,32,0
2026-07-08 02:15:00,4105.17,4106.44,4101.1,4104.8,2469,32,0
2026-07-08 02:30:00,4104.81,4105.46,4097.2,4098.27,2279,32,0
2026-07-08 02:45:00,4098.26,4101.23,4095.65,4098.41,3360,33,0
2026-07-08 03:00:00,4098.38,4103.9,4096.81,4100.1,4737,22,0
2026-07-08 03:15:00,4100.13,4107.84,4098.81,4105.37,4250,20,0
2026-07-08 03:30:00,4105.41,4126.65,4103.76,4123.32,4636,20,0
2026-07-08 03:45:00,4123.58,4125.07,4111.1,4111.41,4458,33,0
2026-07-08 04:00:00,4111.33,4117.8,4098.17,4108.4,5610,21,0
2026-07-08 04:15:00,4108.32,4110.2,4102.07,4102.77,4476,32,0
2026-07-08 04:30:00,4102.68,4105.81,4096.24,4102.86,4977,27,0
2026-07-08 04:45:00,4102.73,4112.85,4102.14,4111.67,4666,20,0
2026-07-08 05:00:00,4111.53,4117.83,4105.94,4111.99,4610,31,0
2026-07-08 05:15:00,4111.92,4124.79,4111.88,4118.8,3789,31,0
2026-07-08 05:30:00,4118.77,4121.14,4116.23,4120.09,3931,31,0
2026-07-08 05:45:00,4120.31,4120.74,4112.51,4113.45,3739,26,0
2026-07-08 06:00:00,4113.41,4129.75,4113.37,4126.79,4593,21,0
2026-07-08 06:15:00,4126.7,4129.56,4123.41,4128.72,3627,32,0
2026-07-08 06:30:00,4128.64,4129.99,4124.24,4125.36,3023,32,0
2026-07-08 06:45:00,4125.38,4127.94,4121.53,4122.62,2925,31,0
2026-07-08 07:00:00,4122.62,4127.69,4120.47,4123.59,2997,20,0
2026-07-08 07:15:00,4123.58,4126.63,4119.83,4125.37,2942,31,0
2026-07-08 07:30:00,4125.38,4128.09,4122.23,4125.1,3210,19,0
2026-07-08 07:45:00,4125.1,4126.96,4123.92,4125.18,2925,32,0
2026-07-08 08:00:00,4125.14,4133.97,4124.86,4125.69,3806,19,0
2026-07-08 08:15:00,4125.61,4129.34,4121.96,4121.96,3435,20,0
2026-07-08 08:30:00,4122.22,4131.73,4121.31,4128.58,4658,20,0
2026-07-08 08:45:00,4128.56,4130.11,4124.94,4127.9,4108,20,0
2026-07-08 09:00:00,4128.06,4131.86,4122.24,4131.62,4527,20,0
2026-07-08 09:15:00,4131.6,4133.72,4128.87,4129.42,3956,19,0
2026-07-08 09:30:00,4129.34,4129.91,4124.26,4125.74,3758,20,0
2026-07-08 09:45:00,4125.71,4126.31,4121.82,4121.84,3993,19,0
2026-07-08 10:00:00,4121.94,4124.02,4115.2,4116.76,4130,19,0
2026-07-08 10:15:00,4116.98,4120.02,4113.36,4119.02,3891,20,0
2026-07-08 10:30:00,4119.04,4126.14,4117.15,4125.99,3827,19,0
2026-07-08 10:45:00,4125.91,4126.07,4117.8,4119.66,3520,20,0
2026-07-08 11:00:00,4119.75,4120.15,4115.32,4116.93,3552,19,0
2026-07-08 11:15:00,4116.88,4119.76,4079.72,4087.8,6228,19,0
2026-07-08 11:30:00,4087.79,4091.07,4060.28,4065.04,6169,20,0
2026-07-08 11:45:00,4065.15,4075.53,4051.88,4056.39,5782,19,0
2026-07-08 12:00:00,4056.38,4056.47,4049.69,4055.21,5476,19,0
2026-07-08 12:15:00,4055.14,4060.38,4053.33,4056.09,4989,19,0
2026-07-08 12:30:00,4055.79,4057.91,4043.97,4048.07,5066,20,0
2026-07-08 12:45:00,4048.26,4052.39,4040.98,4042.85,4550,19,0
2026-07-08 13:00:00,4043.39,4047.87,4039.91,4043.76,4294,21,0
2026-07-08 13:15:00,4043.71,4055.31,4042.82,4050.22,4224,19,0
2026-07-08 13:30:00,4050.1,4057.9,4049.56,4056.84,4281,19,0
2026-07-08 13:45:00,4056.67,4058.08,4052.52,4052.53,3786,21,0
2026-07-08 14:00:00,4052.54,4056.75,4047.76,4050.17,3966,21,0
2026-07-08 14:15:00,4050.35,4054.02,4047.46,4049.43,4040,22,0
2026-07-08 14:30:00,4049.47,4065.29,4041.11,4063.77,4376,24,0
2026-07-08 14:45:00,4062.99,4072.16,4058.96,4061.77,5307,21,0
2026-07-08 15:00:00,4061.67,4073.33,4058.34,4071.9,5078,20,0
2026-07-08 15:15:00,4072.03,4077.49,4065.99,4070.7,4616,24,0
2026-07-08 15:30:00,4070.53,4078.06,4067.82,4078.06,4858,23,0
2026-07-08 15:45:00,4077.79,4086.2,4070.78,4071.54,5029,21,0
2026-07-08 16:00:00,4071.83,4082.78,4069.72,4072.04,5818,22,0
2026-07-08 16:15:00,4072.37,4075.76,4065.2,4066.56,5186,29,0
2026-07-08 16:30:00,4067.13,4080.18,4066.72,4073.14,6153,20,0
2026-07-08 16:45:00,4073.13,4079.06,4068.17,4070.22,5962,19,0
2026-07-08 17:00:00,4070.2,4071.5,4056.58,4057.23,5858,24,0
2026-07-08 17:15:00,4057.04,4065.16,4051.27,4060.04,5875,22,0
2026-07-08 17:30:00,4059.87,4061.25,4035.08,4036.33,6045,21,0
2026-07-08 17:45:00,4036.34,4046.03,4033.66,4041.38,5646,24,0
2026-07-08 18:00:00,4041.29,4043.52,4033.13,4033.58,5698,19,0
2026-07-08 18:15:00,4033.57,4035.69,4025.94,4030.65,5516,19,0
2026-07-08 18:30:00,4031.16,4033.4,4021.47,4032.18,5520,21,0
2026-07-08 18:45:00,4032.13,4038.08,4029.54,4033.96,4958,19,0
2026-07-08 19:00:00,4034.49,4042.73,4032.94,4039.21,4989,19,0
2026-07-08 19:15:00,4038.94,4044.72,4037.37,4043.2,4511,25,0
2026-07-08 19:30:00,4043.11,4057.21,4039.13,4056.33,5341,32,0
2026-07-08 19:45:00,4056.66,4064.45,4053.39,4063.91,4902,19,0
2026-07-08 20:00:00,4063.86,4070.37,4059.54,4065.12,4640,20,0
2026-07-08 20:15:00,4065.17,4073.89,4063.41,4073.12,4739,26,0
2026-07-08 20:30:00,4073.44,4076.41,4068.87,4069.92,3922,19,0
2026-07-08 20:45:00,4069.93,4070.43,4064.59,4065.5,3998,25,0
2026-07-08 21:00:00,4065.73,4075.62,4063.6,4075.13,4873,32,0
2026-07-08 21:15:00,4075.2,4075.2,4067.49,4069.85,4398,32,0
2026-07-08 21:30:00,4069.83,4079.49,4067.03,4079.48,4447,22,0
2026-07-08 21:45:00,4079.44,4091.51,4078.8,4084.19,4286,21,0
2026-07-08 22:00:00,4084.65,4090.79,4084.35,4087.16,4143,32,0
2026-07-08 22:15:00,4087.02,4088.54,4084.67,4088.21,3565,19,0
2026-07-08 22:30:00,4088.31,4091.24,4083.37,4084.12,3887,32,0
2026-07-08 22:45:00,4084.17,4084.38,4078.26,4079.84,4238,25,0
2026-07-08 23:00:00,4079.73,4083.56,4076.27,4079.14,2667,32,0
2026-07-08 23:15:00,4079.09,4079.76,4074.25,4076.9,2196,32,0
2026-07-08 23:30:00,4076.8,4078.57,4071.61,4074.93,2102,31,0
2026-07-08 23:45:00,4074.92,4078.41,4074.18,4076.12,1559,33,0
2026-07-09 01:00:00,4072.76,4079.24,4072.54,4076.96,1133,22,0
2026-07-09 01:15:00,4076.84,4079.02,4073.53,4074.37,2164,33,0
2026-07-09 01:30:00,4074.39,4079.28,4073.56,4076.39,2339,33,0
2026-07-09 01:45:00,4076.41,4080.02,4076.1,4076.55,1934,33,0
2026-07-09 02:00:00,4076.54,4077.52,4073.81,4076.85,1804,33,0
2026-07-09 02:15:00,4076.86,4077.76,4075.33,4077.46,1783,33,0
2026-07-09 02:30:00,4077.46,4077.48,4073.76,4075.21,2153,19,0
2026-07-09 02:45:00,4075.17,4077.64,4071.97,4076.13,2922,20,0
2026-07-09 03:00:00,4076.04,4088.79,4076.04,4088.46,4754,19,0
2026-07-09 03:15:00,4088.29,4090.93,4075.22,4079.33,4208,19,0
2026-07-09 03:30:00,4079.26,4082.68,4076.27,4077.47,4133,19,0
2026-07-09 03:45:00,4077.46,4079.47,4070.13,4073.23,3970,27,0
2026-07-09 04:00:00,4072.98,4078.08,4064.32,4073.0,6056,21,0
2026-07-09 04:15:00,4073.16,4075.61,4065.86,4066.52,4867,20,0
2026-07-09 04:30:00,4066.42,4075.37,4061.5,4073.65,4855,32,0
2026-07-09 04:45:00,4073.8,4076.55,4070.3,4074.63,4037,21,0
2026-07-09 05:00:00,4074.9,4080.85,4073.48,4079.87,4327,20,0
2026-07-09 05:15:00,4079.83,4083.67,4078.21,4081.52,3308,28,0
2026-07-09 05:30:00,4081.59,4082.83,4071.29,4072.11,4069,19,0
2026-07-09 05:45:00,4072.12,4073.23,4065.7,4066.18,4306,26,0
2026-07-09 06:00:00,4066.2,4068.91,4056.46,4059.95,4655,19,0
2026-07-09 06:15:00,4060.1,4062.13,4055.33,4059.44,4540,19,0
2026-07-09 06:30:00,4059.47,4064.65,4057.67,4063.34,3569,33,0
2026-07-09 06:45:00,4063.15,4065.84,4062.45,4065.79,2529,30,0
2026-07-09 07:00:00,4065.99,4065.99,4060.16,4061.84,2610,33,0
2026-07-09 07:15:00,4061.82,4062.41,4058.54,4060.2,2591,32,0
2026-07-09 07:30:00,4060.18,4065.84,4057.73,4059.26,2880,31,0
2026-07-09 07:45:00,4059.19,4065.2,4057.77,4065.12,2467,32,0
2026-07-09 08:00:00,4065.13,4076.65,4064.29,4073.9,4463,19,0
2026-07-09 08:15:00,4074.02,4074.33,4067.52,4073.46,3784,20,0
2026-07-09 08:30:00,4073.59,4077.05,4065.32,4076.59,4839,19,0
2026-07-09 08:45:00,4076.51,4085.83,4074.68,4083.4,4586,19,0
2026-07-09 09:00:00,4083.4,4101.1,4082.96,4093.05,5720,19,0
2026-07-09 09:15:00,4093.11,4104.58,4092.64,4103.71,5346,19,0
2026-07-09 09:30:00,4103.83,4108.43,4097.17,4103.6,5011,19,0
2026-07-09 09:45:00,4103.62,4109.31,4103.05,4108.2,3796,20,0
2026-07-09 10:00:00,4108.1,4111.37,4102.41,4102.45,4417,19,0
2026-07-09 10:15:00,4102.51,4110.3,4102.5,4109.4,3891,20,0
2026-07-09 10:30:00,4109.45,4112.43,4104.46,4110.38,3644,20,0
2026-07-09 10:45:00,4110.41,4112.46,4105.86,4109.5,3379,19,0
2026-07-09 11:00:00,4109.7,4111.86,4106.43,4109.47,4211,19,0
2026-07-09 11:15:00,4109.47,4118.56,4109.05,4115.09,4143,19,0
2026-07-09 11:30:00,4115.0,4116.9,4110.0,4112.77,3492,19,0
2026-07-09 11:45:00,4112.76,4113.1,4106.84,4107.48,3494,19,0
2026-07-09 12:00:00,4107.38,4108.72,4105.02,4107.82,3336,19,0
2026-07-09 12:15:00,4107.72,4111.72,4107.07,4108.18,3689,19,0
2026-07-09 12:30:00,4108.21,4110.09,4104.26,4105.03,3902,32,0
2026-07-09 12:45:00,4104.98,4108.89,4104.49,4107.65,2899,19,0
2026-07-09 13:00:00,4107.68,4111.13,4105.2,4105.36,3333,19,0
2026-07-09 13:15:00,4105.08,4106.6,4102.83,4103.05,2528,33,0
2026-07-09 13:30:00,4103.05,4104.42,4101.38,4102.44,2783,19,0
2026-07-09 13:45:00,4102.4,4103.5,4093.04,4098.5,4274,19,0
2026-07-09 14:00:00,4098.6,4105.28,4097.25,4105.11,4029,19,0
2026-07-09 14:15:00,4105.07,4107.42,4099.18,4100.63,3487,19,0
2026-07-09 14:30:00,4100.6,4109.55,4099.08,4106.48,3689,19,0
2026-07-09 14:45:00,4106.47,4110.63,4104.91,4108.87,3419,19,0
2026-07-09 15:00:00,4108.85,4120.04,4106.12,4112.72,4639,19,0
2026-07-09 15:15:00,4112.7,4113.47,4105.03,4107.16,4341,19,0
2026-07-09 15:30:00,4107.09,4122.59,4107.05,4113.17,4931,19,0
2026-07-09 15:45:00,4113.15,4114.73,4107.54,4109.16,4436,19,0
2026-07-09 16:00:00,4109.19,4121.18,4106.91,4120.65,5981,20,0
2026-07-09 16:15:00,4120.95,4127.5,4118.8,4126.2,5661,19,0
2026-07-09 16:30:00,4126.21,4129.51,4119.81,4127.34,6903,20,0
2026-07-09 16:45:00,4127.42,4127.66,4117.81,4121.81,6304,20,0
2026-07-09 17:00:00,4121.72,4136.41,4120.48,4122.32,7192,20,0
2026-07-09 17:15:00,4122.51,4125.66,4114.36,4124.64,6975,19,0
2026-07-09 17:30:00,4124.63,4126.83,4120.73,4124.39,5525,19,0
2026-07-09 17:45:00,4124.37,4128.3,4118.24,4128.05,5252,21,0
2026-07-09 18:00:00,4128.11,4130.99,4124.67,4125.17,4931,33,0
2026-07-09 18:15:00,4125.11,4130.82,4125.02,4128.15,4576,32,0
2026-07-09 18:30:00,4128.16,4131.45,4126.38,4130.54,4327,33,0
2026-07-09 18:45:00,4130.55,4132.84,4126.4,4127.19,4250,26,0
2026-07-09 19:00:00,4127.27,4131.45,4125.81,4130.51,3691,24,0
2026-07-09 19:15:00,4130.56,4133.33,4129.08,4132.82,3860,19,0
2026-07-09 19:30:00,4132.79,4138.25,4131.89,4133.57,4212,22,0
2026-07-09 19:45:00,4133.56,4134.64,4128.27,4128.3,2993,32,0
2026-07-09 20:00:00,4128.36,4129.06,4125.88,4127.51,3519,30,0
2026-07-09 20:15:00,4127.6,4132.05,4125.14,4131.96,3869,32,0
2026-07-09 20:30:00,4132.12,4134.53,4129.34,4132.48,3722,22,0
2026-07-09 20:45:00,4132.61,4138.56,4132.18,4136.7,3278,21,0
2026-07-09 21:00:00,4136.69,4136.92,4127.64,4128.87,3272,21,0
2026-07-09 21:15:00,4128.78,4128.8,4123.07,4124.05,3309,32,0
2026-07-09 21:30:00,4124.01,4125.64,4121.55,4125.41,3019,20,0
2026-07-09 21:45:00,4125.41,4125.64,4122.41,4124.37,2632,32,0
2026-07-09 22:00:00,4124.4,4127.05,4123.05,4124.46,3212,21,0
2026-07-09 22:15:00,4124.47,4125.66,4120.82,4120.93,2502,31,0
2026-07-09 22:30:00,4120.89,4122.88,4118.84,4120.32,3069,32,0
2026-07-09 22:45:00,4120.32,4123.63,4120.08,4122.33,3487,33,0
2026-07-09 23:00:00,4122.59,4124.17,4120.81,4121.61,1523,22,0
2026-07-09 23:15:00,4121.69,4122.75,4120.59,4121.13,1392,33,0
2026-07-09 23:30:00,4121.06,4125.85,4120.89,4124.48,1166,27,0
2026-07-09 23:45:00,4124.42,4124.44,4121.9,4122.59,1003,32,0
2026-07-10 01:00:00,4123.76,4126.43,4121.28,4123.54,1117,33,0
2026-07-10 01:15:00,4123.63,4124.79,4122.41,4123.18,1394,32,0
2026-07-10 01:30:00,4123.16,4124.68,4122.26,4123.74,1508,32,0
2026-07-10 01:45:00,4123.76,4124.2,4121.55,4121.77,1364,32,0
2026-07-10 02:00:00,4121.76,4124.51,4121.45,4123.78,1444,19,0
2026-07-10 02:15:00,4123.82,4125.13,4121.38,4121.81,1405,32,0
2026-07-10 02:30:00,4121.79,4122.24,4120.35,4121.51,1231,33,0
2026-07-10 02:45:00,4121.55,4123.31,4120.39,4122.29,1724,33,0
2026-07-10 03:00:00,4122.26,4124.6,4118.8,4121.02,3222,33,0
2026-07-10 03:15:00,4121.12,4122.43,4115.38,4118.17,2926,33,0
2026-07-10 03:30:00,4118.23,4123.3,4113.02,4122.08,3462,24,0
2026-07-10 03:45:00,4121.91,4127.61,4120.56,4125.5,3617,25,0
2026-07-10 04:00:00,4125.95,4130.32,4117.98,4124.09,5609,25,0
2026-07-10 04:15:00,4124.16,4126.64,4119.41,4120.78,4580,32,0
2026-07-10 04:30:00,4120.78,4122.64,4107.99,4111.05,4717,26,0
2026-07-10 04:45:00,4110.94,4120.53,4107.77,4116.34,4684,23,0
2026-07-10 05:00:00,4116.2,4128.15,4115.35,4124.45,4471,26,0
2026-07-10 05:15:00,4124.33,4127.44,4121.07,4125.11,3575,23,0
2026-07-10 05:30:00,4125.22,4127.86,4121.68,4125.2,3913,32,0
2026-07-10 05:45:00,4125.21,4128.49,4122.77,4127.09,3558,32,0
2026-07-10 06:00:00,4127.06,4134.2,4125.13,4125.86,3949,27,0
2026-07-10 06:15:00,4125.89,4127.65,4119.82,4124.04,3141,20,0
2026-07-10 06:30:00,4124.04,4127.03,4121.14,4121.74,2743,21,0
2026-07-10 06:45:00,4121.64,4122.58,4119.24,4120.18,2285,30,0
2026-07-10 07:00:00,4120.16,4120.91,4116.51,4120.73,2300,25,0
2026-07-10 07:15:00,4120.69,4121.16,4112.76,4117.67,3026,20,0
2026-07-10 07:30:00,4117.62,4119.61,4116.88,4119.14,1998,33,0
2026-07-10 07:45:00,4119.08,4119.24,4114.85,4115.17,2157,32,0
2026-07-10 08:00:00,4115.13,4116.46,4112.96,4114.09,2616,29,0
2026-07-10 08:15:00,4114.05,4116.74,4112.35,4114.15,2521,19,0
2026-07-10 08:30:00,4113.93,4115.85,4110.11,4115.45,4347,19,0
2026-07-10 08:45:00,4115.47,4118.6,4109.61,4118.44,3853,20,0
2026-07-10 09:00:00,4118.58,4120.55,4116.12,4116.6,3766,19,0
2026-07-10 09:15:00,4116.52,4121.63,4115.23,4115.93,3786,19,0
2026-07-10 09:30:00,4115.94,4117.55,4112.37,4112.91,3622,19,0
2026-07-10 09:45:00,4112.9,4115.82,4112.57,4113.07,2956,20,0
2026-07-10 10:00:00,4113.4,4115.17,4110.22,4113.04,3275,19,0
2026-07-10 10:15:00,4113.1,4116.43,4110.03,4113.83,3269,19,0
2026-07-10 10:30:00,4113.84,4115.64,4105.25,4106.85,2918,19,0
2026-07-10 10:45:00,4106.79,4109.88,4104.19,4108.92,3534,19,0
2026-07-10 11:00:00,4108.9,4109.52,4103.9,4107.31,3557,19,0
2026-07-10 11:15:00,4107.34,4108.68,4103.22,4104.03,3252,21,0
2026-07-10 11:30:00,4104.06,4105.48,4098.6,4100.39,3362,21,0
2026-07-10 11:45:00,4100.39,4100.64,4093.4,4096.2,3226,19,0
2026-07-10 12:00:00,4096.02,4099.58,4092.72,4099.51,3230,19,0
2026-07-10 12:15:00,4099.53,4102.87,4098.73,4102.07,3021,20,0
2026-07-10 12:30:00,4102.16,4103.72,4097.91,4102.8,2712,21,0
2026-07-10 12:45:00,4102.95,4105.23,4102.0,4104.15,2555,19,0
2026-07-10 13:00:00,4104.27,4108.4,4104.0,4106.49,2637,19,0
2026-07-10 13:15:00,4106.48,4112.8,4106.33,4109.47,2810,20,0
2026-07-10 13:30:00,4109.56,4110.49,4106.34,4109.1,2617,23,0
2026-07-10 13:45:00,4109.05,4109.05,4104.21,4104.4,2836,22,0
2026-07-10 14:00:00,4104.5,4108.26,4104.5,4106.35,2651,21,0
2026-07-10 14:15:00,4106.36,4108.27,4100.13,4100.27,2700,19,0
2026-07-10 14:30:00,4100.46,4107.44,4096.05,4106.78,3876,19,0
2026-07-10 14:45:00,4106.77,4108.0,4102.15,4102.51,3438,21,0
2026-07-10 15:00:00,4102.65,4117.24,4101.04,4114.72,4509,20,0
2026-07-10 15:15:00,4114.96,4116.35,4103.24,4106.19,4864,19,0
2026-07-10 15:30:00,4106.58,4106.99,4097.42,4097.92,4678,19,0
2026-07-10 15:45:00,4097.91,4104.78,4097.53,4100.58,3519,22,0
2026-07-10 16:00:00,4100.32,4106.21,4098.63,4104.46,4875,19,0
2026-07-10 16:15:00,4104.52,4106.72,4085.66,4086.99,4818,19,0
2026-07-10 16:30:00,4087.2,4102.53,4086.88,4098.84,7350,19,0
2026-07-10 16:45:00,4098.76,4105.64,4097.43,4100.39,5848,19,0
2026-07-10 17:00:00,4100.42,4103.73,4097.77,4100.26,5625,19,0
2026-07-10 17:15:00,4100.21,4109.15,4097.64,4105.88,5711,21,0
2026-07-10 17:30:00,4105.86,4108.1,4073.09,4099.17,8495,18,0
2026-07-10 17:45:00,4099.24,4107.84,4091.51,4093.31,6200,20,0
2026-07-10 18:00:00,4093.46,4101.19,4091.28,4097.7,5650,19,0
2026-07-10 18:15:00,4097.61,4107.8,4097.6,4102.38,5496,19,0
2026-07-10 18:30:00,4102.43,4107.29,4101.76,4106.74,5577,19,0
2026-07-10 18:45:00,4106.72,4114.06,4106.12,4113.19,4396,25,0
2026-07-10 19:00:00,4113.2,4115.12,4108.57,4110.71,4239,23,0
2026-07-10 19:15:00,4110.62,4114.76,4107.75,4114.74,3741,31,0
2026-07-10 19:30:00,4114.74,4115.75,4109.43,4109.54,3089,33,0
2026-07-10 19:45:00,4109.47,4110.23,4104.53,4104.58,3510,33,0
2026-07-10 20:00:00,4104.26,4105.63,4102.44,4103.97,3957,24,0
2026-07-10 20:15:00,4103.94,4106.91,4103.8,4105.7,3520,20,0
2026-07-10 20:30:00,4105.7,4107.02,4103.38,4104.1,2847,32,0
2026-07-10 20:45:00,4104.11,4105.27,4100.57,4100.96,2734,28,0
2026-07-10 21:00:00,4101.25,4105.38,4100.1,4105.03,2939,22,0
2026-07-10 21:15:00,4105.05,4105.69,4102.27,4103.08,2569,20,0
2026-07-10 21:30:00,4103.0,4104.13,4098.74,4098.87,2664,20,0
2026-07-10 21:45:00,4098.9,4101.65,4098.24,4101.25,2247,26,0
2026-07-10 22:00:00,4101.22,4102.5,4097.79,4101.64,2486,24,0
2026-07-10 22:15:00,4101.63,4103.56,4101.26,4101.94,1822,33,0
2026-07-10 22:30:00,4102.03,4103.7,4100.56,4102.63,2180,19,0
2026-07-10 22:45:00,4102.62,4109.29,4102.35,4108.62,2729,33,0
2026-07-10 23:00:00,4108.51,4115.22,4108.46,4112.28,1649,19,0
2026-07-10 23:15:00,4112.26,4112.97,4110.78,4111.57,1245,32,0
2026-07-10 23:30:00,4111.73,4112.74,4110.52,4111.84,1295,31,0
2026-07-10 23:45:00,4111.95,4119.63,4111.65,4118.29,1495,31,0
2026-07-13 01:00:00,4089.02,4093.95,4080.74,4081.36,3688,33,0
2026-07-13 01:15:00,4081.3,4088.04,4080.32,4084.06,4104,25,0
2026-07-13 01:30:00,4083.93,4086.52,4077.83,4078.43,3171,20,0
2026-07-13 01:45:00,4078.76,4080.88,4070.05,4076.45,3617,26,0
2026-07-13 02:00:00,4076.49,4076.49,4068.35,4069.95,3833,33,0
2026-07-13 02:15:00,4069.96,4075.08,4068.55,4074.43,2713,19,0
2026-07-13 02:30:00,4074.44,4078.97,4071.34,4077.42,2848,32,0
2026-07-13 02:45:00,4077.23,4084.89,4075.33,4084.89,5272,31,0
2026-07-13 03:00:00,4085.07,4090.86,4080.63,4086.63,5979,25,0
2026-07-13 03:15:00,4086.6,4087.63,4073.93,4074.32,5349,31,0
2026-07-13 03:30:00,4074.19,4075.24,4060.85,4073.07,5634,32,0
2026-07-13 03:45:00,4073.14,4078.46,4069.06,4075.37,5321,26,0
2026-07-13 04:00:00,4075.08,4082.13,4066.2,4080.58,7268,26,0
2026-07-13 04:15:00,4080.6,4083.07,4072.15,4080.32,7025,32,0
2026-07-13 04:30:00,4080.24,4090.54,4078.35,4084.84,6522,28,0
2026-07-13 04:45:00,4084.83,4087.9,4067.29,4072.47,6709,32,0
2026-07-13 05:00:00,4072.43,4074.59,4069.75,4071.74,6199,32,0
2026-07-13 05:15:00,4071.79,4074.05,4066.2,4067.14,4891,21,0
2026-07-13 05:30:00,4066.98,4077.51,4064.43,4072.77,5530,20,0
2026-07-13 05:45:00,4072.7,4073.27,4068.81,4069.52,5001,32,0
2026-07-13 06:00:00,4069.65,4070.4,4053.56,4058.57,5446,30,0
2026-07-13 06:15:00,4058.77,4063.23,4058.33,4062.64,4471,27,0
2026-07-13 06:30:00,4062.63,4063.25,4057.68,4058.72,3746,32,0
2026-07-13 06:45:00,4058.83,4061.85,4058.41,4061.37,2924,32,0
2026-07-13 07:00:00,4061.35,4061.4,4053.13,4055.37,3731,30,0
2026-07-13 07:15:00,4055.38,4058.41,4051.07,4056.04,3857,32,0
2026-07-13 07:30:00,4056.06,4058.26,4052.65,4053.78,3123,33,0
2026-07-13 07:45:00,4053.76,4058.84,4052.29,4058.63,3071,33,0
2026-07-13 08:00:00,4058.46,4072.95,4054.54,4069.12,5123,28,0
2026-07-13 08:15:00,4069.14,4069.15,4056.72,4057.37,4418,19,0
2026-07-13 08:30:00,4057.26,4064.44,4051.28,4062.06,5845,19,0
2026-07-13 08:45:00,4062.04,4062.52,4051.29,4052.5,5234,19,0
2026-07-13 09:00:00,4052.36,4054.96,4043.17,4051.03,6037,20,0
2026-07-13 09:15:00,4051.08,4062.68,4050.95,4062.48,5156,20,0
2026-07-13 09:30:00,4062.34,4065.14,4059.93,4061.65,4926,19,0
2026-07-13 09:45:00,4061.64,4062.19,4053.55,4057.01,4604,19,0
2026-07-13 10:00:00,4057.02,4062.58,4050.24,4057.05,5454,19,0
2026-07-13 10:15:00,4057.07,4060.73,4056.99,4060.27,3970,20,0
2026-07-13 10:30:00,4060.26,4064.24,4057.64,4058.83,4199,32,0
2026-07-13 10:45:00,4058.71,4066.55,4057.48,4066.23,5229,19,0
2026-07-13 11:00:00,4066.58,4076.03,4064.55,4075.14,5988,19,0
2026-07-13 11:15:00,4075.01,4081.73,4074.58,4075.07,5541,23,0
2026-07-13 11:30:00,4075.05,4076.91,4072.73,4076.1,4382,19,0
2026-07-13 11:45:00,4076.11,4078.5,4072.5,4074.49,4209,21,0
2026-07-13 12:00:00,4074.23,4076.23,4072.72,4074.52,3878,21,0
2026-07-13 12:15:00,4074.51,4076.62,4071.29,4072.7,4513,19,0
2026-07-13 12:30:00,4072.67,4073.91,4069.36,4072.67,4844,19,0
2026-07-13 12:45:00,4072.67,4073.56,4067.76,4068.07,3515,23,0
2026-07-13 13:00:00,4068.55,4070.55,4066.6,4067.6,3754,20,0
2026-07-13 13:15:00,4067.69,4069.41,4064.31,4065.03,3440,33,0
2026-07-13 13:30:00,4065.01,4068.12,4046.81,4051.36,4419,20,0
2026-07-13 13:45:00,4051.54,4061.34,4047.73,4060.5,5016,19,0
2026-07-13 14:00:00,4060.52,4068.12,4057.94,4064.17,5098,19,0
2026-07-13 14:15:00,4064.18,4065.1,4058.16,4062.4,4164,20,0
2026-07-13 14:30:00,4062.48,4068.42,4062.04,4065.25,4447,20,0
2026-07-13 14:45:00,4065.26,4065.91,4054.92,4056.67,4584,25,0
2026-07-13 15:00:00,4056.67,4060.3,4053.42,4056.82,5227,20,0
2026-07-13 15:15:00,4056.63,4063.46,4055.16,4058.8,4881,21,0
2026-07-13 15:30:00,4058.76,4063.96,4058.63,4062.87,4885,19,0
2026-07-13 15:45:00,4062.82,4067.56,4062.8,4067.5,4666,23,0
2026-07-13 16:00:00,4067.59,4067.68,4059.13,4061.83,6102,24,0
2026-07-13 16:15:00,4061.8,4065.87,4058.46,4062.31,5705,32,0
2026-07-13 16:30:00,4062.33,4063.9,4051.22,4054.44,8292,20,0
2026-07-13 16:45:00,4054.48,4058.11,4041.85,4042.77,8826,19,0
2026-07-13 17:00:00,4042.83,4046.62,4029.55,4035.06,8167,18,0
2026-07-13 17:15:00,4035.09,4036.92,4002.24,4016.51,10084,18,0
2026-07-13 17:30:00,4016.3,4016.79,3999.97,4004.99,8282,21,0
2026-07-13 17:45:00,4005.01,4015.14,4001.65,4015.01,7123,19,0
2026-07-13 18:00:00,4014.92,4017.41,4010.47,4014.53,6543,20,0
2026-07-13 18:15:00,4014.51,4019.75,4012.74,4016.3,6361,19,0
2026-07-13 18:30:00,4016.33,4017.31,4012.0,4013.0,5918,23,0
2026-07-13 18:45:00,4013.0,4015.91,4009.85,4015.62,5734,19,0
2026-07-13 19:00:00,4015.48,4017.58,4012.26,4013.55,5065,19,0
2026-07-13 19:15:00,4013.59,4013.66,4000.43,4003.54,6002,19,0
2026-07-13 19:30:00,4003.81,4004.5,3990.6,4000.28,8258,21,0
2026-07-13 19:45:00,4000.29,4002.47,3986.42,3993.34,6691,31,0
2026-07-13 20:00:00,3993.33,3998.69,3991.69,3997.7,5599,31,0
2026-07-13 20:15:00,3997.67,4001.62,3996.43,3998.55,5574,22,0
2026-07-13 20:30:00,3998.71,4000.67,3995.84,3996.87,5211,32,0
2026-07-13 20:45:00,3996.96,3999.15,3991.82,3993.31,5166,20,0
2026-07-13 21:00:00,3993.2,3994.85,3989.53,3993.22,5504,19,0
2026-07-13 21:15:00,3993.27,3996.47,3986.3,3995.4,5139,19,0
2026-07-13 21:30:00,3995.39,4000.47,3993.73,3999.87,4895,21,0
2026-07-13 21:45:00,3999.92,4004.84,3997.98,4001.61,4631,32,0
2026-07-13 22:00:00,4001.66,4004.2,3997.38,3997.8,5182,21,0
2026-07-13 22:15:00,3997.86,4000.59,3996.49,3998.75,4352,32,0
2026-07-13 22:30:00,3998.86,4000.81,3993.29,3998.81,4765,19,0
2026-07-13 22:45:00,3998.77,4002.16,3996.53,4002.13,4614,23,0
2026-07-13 23:00:00,4002.15,4005.94,3998.24,3998.62,2932,33,0
2026-07-13 23:15:00,3998.61,4000.03,3996.27,3999.63,2185,19,0
2026-07-13 23:30:00,3999.64,4000.19,3997.0,3999.8,2081,19,0
2026-07-13 23:45:00,3999.91,4000.62,3996.42,4000.27,1914,31,0
2026-07-14 01:00:00,4000.37,4004.1,4000.0,4003.74,983,33,0
2026-07-14 01:15:00,4003.79,4005.64,4003.79,4004.08,1608,28,0
2026-07-14 01:30:00,4004.06,4005.41,4002.75,4003.72,1680,32,0
2026-07-14 01:45:00,4003.76,4005.07,4000.73,4000.93,2064,32,0
2026-07-14 02:00:00,4000.53,4002.94,3999.44,4000.07,2264,32,0
2026-07-14 02:15:00,4000.0,4000.38,3996.48,3997.15,2179,22,0
2026-07-14 02:30:00,3997.14,3997.27,3993.45,3995.15,2768,32,0
2026-07-14 02:45:00,3995.15,4001.64,3992.11,4001.1,3742,29,0
2026-07-14 03:00:00,4001.02,4004.46,3982.97,3993.92,7187,23,0
2026-07-14 03:15:00,3993.78,3995.35,3984.06,3993.69,5994,21,0
2026-07-14 03:30:00,3994.14,4005.74,3992.78,4001.38,5925,32,0
2026-07-14 03:45:00,4001.45,4005.86,3999.04,4002.67,5724,32,0
2026-07-14 04:00:00,4002.51,4002.73,3990.72,3993.83,7464,30,0
2026-07-14 04:15:00,3993.71,4003.27,3993.31,3995.99,5685,23,0
2026-07-14 04:30:00,3996.01,4002.59,3991.33,4000.36,5815,32,0
2026-07-14 04:45:00,4000.13,4010.59,3997.42,4009.29,5389,29,0
2026-07-14 05:00:00,4009.33,4016.37,4004.41,4014.97,5374,22,0
2026-07-14 05:15:00,4014.95,4017.68,4012.92,4016.63,4740,20,0
2026-07-14 05:30:00,4016.68,4017.83,4009.24,4009.54,4602,33,0
2026-07-14 05:45:00,4009.39,4012.5,4007.61,4010.82,4173,33,0
2026-07-14 06:00:00,4010.83,4015.31,4010.79,4012.89,4407,27,0
2026-07-14 06:15:00,4012.74,4017.49,4009.86,4016.69,4402,27,0
2026-07-14 06:30:00,4016.71,4017.79,4012.45,4013.99,4176,32,0
2026-07-14 06:45:00,4013.98,4016.76,4013.27,4016.13,3040,31,0
2026-07-14 07:00:00,4016.16,4017.45,4012.27,4014.35,3187,19,0
2026-07-14 07:15:00,4014.51,4016.43,4012.86,4014.61,2733,22,0
2026-07-14 07:30:00,4014.91,4022.27,4014.58,4019.51,3043,27,0
2026-07-14 07:45:00,4019.41,4020.06,4014.84,4019.38,3091,33,0
2026-07-14 08:00:00,4019.31,4022.93,4018.46,4022.05,2954,19,0
2026-07-14 08:15:00,4022.07,4023.16,4018.86,4021.77,2958,20,0
2026-07-14 08:30:00,4021.65,4033.11,4021.43,4030.78,4873,20,0
2026-07-14 08:45:00,4030.98,4031.48,4028.07,4030.39,3898,19,0
2026-07-14 09:00:00,4030.34,4032.24,4027.48,4029.96,4000,19,0
2026-07-14 09:15:00,4029.8,4030.07,4021.81,4021.9,3681,21,0
2026-07-14 09:30:00,4021.92,4025.08,4020.36,4024.07,3764,19,0
2026-07-14 09:45:00,4024.05,4025.48,4021.7,4022.51,3570,19,0
2026-07-14 10:00:00,4022.45,4027.85,4019.52,4023.65,4338,20,0
2026-07-14 10:15:00,4023.59,4028.71,4023.3,4025.12,4002,20,0
2026-07-14 10:30:00,4025.42,4028.64,4021.81,4022.53,4384,32,0
2026-07-14 10:45:00,4022.52,4024.86,4018.88,4019.51,4676,21,0
2026-07-14 11:00:00,4019.72,4021.23,4013.2,4016.04,4986,19,0
2026-07-14 11:15:00,4016.14,4021.87,4016.07,4020.47,3932,19,0
2026-07-14 11:30:00,4020.48,4022.62,4017.59,4018.13,4033,19,0
2026-07-14 11:45:00,4018.13,4019.74,4016.31,4016.51,1744,20,0
2026-07-14 12:00:00,4016.74,4023.13,4016.51,4019.51,2201,18,0
2026-07-14 12:15:00,4019.53,4020.52,4013.83,4014.94,3844,18,0
2026-07-14 12:30:00,4014.96,4016.61,4012.46,4015.72,3418,18,0
2026-07-14 12:45:00,4015.76,4022.56,4014.98,4021.05,3573,18,0
2026-07-14 13:00:00,4020.99,4021.42,4016.9,4018.3,2700,18,0
2026-07-14 13:15:00,4018.3,4020.39,4016.49,4018.79,3023,18,0
2026-07-14 13:30:00,4018.84,4021.31,4016.3,4020.25,3602,18,0
2026-07-14 13:45:00,4020.48,4023.98,4019.25,4022.84,2912,18,0
2026-07-14 14:00:00,4023.07,4024.82,4016.63,4023.67,4442,18,0
2026-07-14 14:15:00,4023.63,4029.1,4021.33,4025.42,3567,18,0
2026-07-14 14:30:00,4025.45,4030.44,4025.03,4027.96,3382,18,0
2026-07-14 14:45:00,4028.03,4031.98,4025.68,4031.06,3836,18,0
2026-07-14 15:00:00,4031.47,4035.95,4024.98,4025.6,4637,20,0
2026-07-14 15:15:00,4025.64,4030.81,4023.04,4030.6,4676,20,0
2026-07-14 15:30:00,4032.24,4102.83,4031.95,4093.4,8585,20,0
2026-07-14 15:45:00,4093.41,4095.32,4069.06,4076.09,7626,19,0
2026-07-14 16:00:00,4076.26,4083.38,4070.88,4074.98,7995,20,0
2026-07-14 16:15:00,4075.04,4086.32,4072.11,4082.35,6856,19,0
2026-07-14 16:30:00,4082.44,4088.57,4075.98,4087.36,8766,20,0
2026-07-14 16:45:00,4087.37,4087.38,4074.15,4076.61,7692,20,0
2026-07-14 17:00:00,4076.65,4085.17,4072.47,4082.14,7537,20,0
2026-07-14 17:15:00,4082.16,4085.08,4070.56,4076.9,8240,19,0
2026-07-14 17:30:00,4076.94,4090.4,4073.01,4080.56,7582,19,0
2026-07-14 17:45:00,4080.53,4087.56,4077.42,4085.13,6425,20,0
2026-07-14 18:00:00,4085.15,4100.72,4078.54,4089.93,7813,18,0
2026-07-14 18:15:00,4089.88,4091.12,4082.23,4084.69,5714,21,0
2026-07-14 18:30:00,4084.69,4086.93,4066.57,4073.82,6711,20,0
2026-07-14 18:45:00,4073.78,4076.33,4066.9,4068.51,3800,23,0
2026-07-14 19:00:00,4066.72,4066.97,4057.76,4062.82,5893,35,0
2026-07-14 19:15:00,4062.83,4064.94,4057.81,4059.2,4252,34,0
2026-07-14 19:30:00,4059.23,4062.58,4057.5,4060.68,4454,36,0
2026-07-14 19:45:00,4060.67,4062.01,4057.53,4061.25,3783,36,0
2026-07-14 20:00:00,4061.24,4064.38,4055.13,4056.56,4384,36,0
2026-07-14 20:15:00,4056.57,4063.9,4054.29,4062.91,4270,36,0
2026-07-14 20:30:00,4062.89,4065.0,4059.54,4059.77,3308,32,0
2026-07-14 20:45:00,4059.76,4063.72,4058.31,4062.28,3287,32,0
2026-07-14 21:00:00,4062.26,4062.38,4059.64,4061.57,3339,37,0
2026-07-14 21:15:00,4061.58,4063.05,4056.52,4058.34,3337,37,0
2026-07-14 21:30:00,4058.3,4059.4,4042.76,4046.33,4539,37,0
2026-07-14 21:45:00,4046.32,4054.44,4044.66,4053.91,4161,36,0
2026-07-14 22:00:00,4053.96,4057.21,4052.28,4056.48,3777,35,0
2026-07-14 22:15:00,4056.47,4056.85,4051.32,4051.59,3550,36,0
2026-07-14 22:30:00,4051.6,4052.83,4047.54,4052.41,3971,34,0
2026-07-14 22:45:00,4052.49,4056.84,4051.61,4055.7,3842,33,0
2026-07-14 23:00:00,4055.74,4056.41,4053.67,4053.7,1626,32,0
2026-07-14 23:15:00,4053.69,4054.48,4052.14,4052.97,1193,34,0
2026-07-14 23:30:00,4052.96,4053.33,4049.59,4050.21,1259,37,0
2026-07-14 23:45:00,4050.2,4051.56,4047.76,4051.23,1096,45,0
2026-07-15 01:00:00,4051.38,4051.43,4048.92,4050.61,768,39,0
2026-07-15 01:15:00,4050.68,4051.96,4049.01,4051.57,1272,38,0
2026-07-15 01:30:00,4051.58,4052.59,4048.89,4050.54,1413,37,0
2026-07-15 01:45:00,4050.59,4050.6,4048.45,4049.01,997,36,0
2026-07-15 02:00:00,4049.04,4050.07,4046.93,4047.47,1311,36,0
2026-07-15 02:15:00,4047.48,4053.75,4046.69,4053.69,1390,36,0
2026-07-15 02:30:00,4053.71,4055.92,4051.41,4055.51,1912,36,0
2026-07-15 02:45:00,4055.53,4055.82,4053.34,4054.37,1768,36,0
2026-07-15 03:00:00,4054.62,4057.4,4052.34,4052.54,4161,38,0
2026-07-15 03:15:00,4052.52,4058.58,4052.34,4058.58,3472,36,0
2026-07-15 03:30:00,4058.73,4058.73,4051.65,4053.3,2940,36,0
2026-07-15 03:45:00,4053.28,4059.13,4052.94,4057.63,2790,36,0
2026-07-15 04:00:00,4058.06,4060.68,4053.75,4054.26,4891,38,0
2026-07-15 04:15:00,4054.28,4055.85,4051.15,4052.86,4307,37,0
2026-07-15 04:30:00,4052.9,4053.16,4035.1,4037.4,5194,36,0
2026-07-15 04:45:00,4037.38,4040.95,4034.08,4035.5,4306,36,0
2026-07-15 05:00:00,4035.73,4040.61,4032.43,4035.17,4268,36,0
2026-07-15 05:15:00,4035.16,4035.41,4027.61,4031.46,3272,36,0
2026-07-15 05:30:00,4031.43,4040.44,4030.98,4040.22,3614,36,0
2026-07-15 05:45:00,4040.27,4040.44,4033.03,4033.81,3186,37,0
2026-07-15 06:00:00,4033.76,4039.0,4032.77,4033.96,3059,36,0
2026-07-15 06:15:00,4033.98,4035.31,4031.09,4031.93,3216,36,0
2026-07-15 06:30:00,4031.84,4036.68,4029.09,4030.18,2693,36,0
2026-07-15 06:45:00,4030.2,4034.48,4030.18,4031.94,1809,36,0
2026-07-15 07:00:00,4031.96,4034.23,4031.04,4032.45,1776,36,0
2026-07-15 07:15:00,4032.43,4036.05,4031.88,4034.6,1944,38,0
2026-07-15 07:30:00,4034.57,4036.01,4029.03,4030.98,2007,36,0
2026-07-15 07:45:00,4030.98,4034.5,4030.98,4032.61,1654,36,0
2026-07-15 08:00:00,4032.56,4035.02,4023.53,4024.39,3571,37,0
2026-07-15 08:15:00,4024.38,4026.94,4023.12,4023.39,2568,36,0
2026-07-15 08:30:00,4023.44,4035.15,4020.55,4028.91,4300,37,0
2026-07-15 08:45:00,4028.85,4035.27,4026.66,4035.24,2995,36,0
2026-07-15 09:00:00,4035.38,4035.93,4028.05,4028.47,3713,32,0
2026-07-15 09:15:00,4028.52,4029.55,4022.06,4027.36,3796,32,0
2026-07-15 09:30:00,4027.42,4032.85,4023.39,4032.27,3160,32,0
2026-07-15 09:45:00,4032.05,4032.82,4029.17,4030.76,3743,34,0
2026-07-15 10:00:00,4030.46,4032.86,4026.67,4028.0,3374,32,0
2026-07-15 10:15:00,4028.01,4028.42,4018.56,4022.03,3620,32,0
2026-07-15 10:30:00,4022.05,4025.15,4018.27,4021.32,3594,36,0
2026-07-15 10:45:00,4021.35,4025.78,4019.87,4024.02,3063,34,0
2026-07-15 11:00:00,4023.97,4025.27,4016.74,4017.48,3993,33,0
2026-07-15 11:15:00,4017.55,4026.45,4017.5,4025.91,3912,32,0
2026-07-15 11:30:00,4025.8,4028.9,4024.37,4028.29,3386,32,0
2026-07-15 11:45:00,4028.32,4033.14,4027.4,4031.44,2526,34,0
2026-07-15 12:00:00,4031.47,4034.32,4029.63,4030.49,3169,33,0
2026-07-15 12:15:00,4030.5,4032.83,4027.06,4027.3,2625,32,0
2026-07-15 12:30:00,4027.41,4029.56,4025.46,4027.21,2483,32,0
2026-07-15 12:45:00,4027.22,4030.12,4025.99,4030.03,2690,33,0
2026-07-15 13:00:00,4030.2,4035.86,4028.62,4033.61,2835,34,0
2026-07-15 13:15:00,4033.63,4035.42,4026.52,4028.79,3511,35,0
2026-07-15 13:30:00,4028.77,4034.03,4028.37,4031.14,2829,29,0
2026-07-15 13:45:00,4031.15,4031.2,4026.93,4027.98,2733,31,0
2026-07-15 14:00:00,4027.98,4032.87,4027.67,4030.27,3570,29,0
2026-07-15 14:15:00,4030.27,4031.09,4027.51,4030.7,3093,29,0
2026-07-15 14:30:00,4030.7,4039.34,4029.18,4037.77,2815,29,0
2026-07-15 14:45:00,4037.38,4040.16,4035.62,4038.5,3486,29,0
2026-07-15 15:00:00,4038.66,4042.48,4035.79,4037.82,3662,29,0
2026-07-15 15:15:00,4037.82,4040.52,4037.11,4038.78,4185,29,0
2026-07-15 15:30:00,4038.78,4066.17,4038.74,4063.11,7335,32,0
2026-07-15 15:45:00,4062.97,4071.73,4061.33,4068.58,5004,31,0
2026-07-15 16:00:00,4068.6,4074.37,4061.88,4061.88,6992,29,0
2026-07-15 16:15:00,4061.88,4066.65,4054.33,4055.82,4713,29,0
2026-07-15 16:30:00,4055.91,4063.24,4055.62,4061.39,5522,29,0
2026-07-15 16:45:00,4061.38,4066.48,4055.11,4062.6,6836,29,0
2026-07-15 17:00:00,4062.61,4065.85,4060.04,4064.62,5953,29,0
2026-07-15 17:15:00,4064.57,4066.22,4055.58,4058.27,6587,29,0
2026-07-15 17:30:00,4058.27,4064.01,4057.02,4057.66,6544,29,0
2026-07-15 17:45:00,4057.67,4061.11,4053.2,4061.11,6462,29,0
2026-07-15 18:00:00,4061.21,4063.1,4043.27,4043.98,6338,29,0
2026-07-15 18:15:00,4044.16,4049.67,4039.48,4048.91,7134,29,0
2026-07-15 18:30:00,4049.17,4050.38,4044.76,4049.49,6049,29,0
2026-07-15 18:45:00,4049.48,4050.71,4046.36,4046.75,4904,29,0
2026-07-15 19:00:00,4046.75,4047.83,4037.3,4038.15,5441,32,0
2026-07-15 19:15:00,4038.15,4040.61,4032.84,4034.53,6117,32,0
2026-07-15 19:30:00,4034.53,4036.71,4026.59,4028.32,6247,32,0
2026-07-15 19:45:00,4028.32,4037.7,4027.29,4033.58,5483,30,0
2026-07-15 20:00:00,4033.56,4039.01,4032.81,4035.72,4423,29,0
2026-07-15 20:15:00,4035.71,4047.98,4033.11,4047.34,4336,31,0
2026-07-15 20:30:00,4047.33,4063.18,4046.8,4062.44,5880,32,0
2026-07-15 20:45:00,4062.41,4066.3,4060.38,4062.44,5015,29,0
2026-07-15 21:00:00,4062.45,4070.6,4061.92,4068.28,4504,29,0
2026-07-15 21:15:00,4068.28,4075.88,4067.11,4075.2,4735,30,0
2026-07-15 21:30:00,4074.91,4081.67,4068.02,4068.03,4719,29,0
2026-07-15 21:45:00,4068.04,4068.9,4058.07,4058.85,4822,29,0
2026-07-15 22:00:00,4058.87,4062.84,4057.3,4060.93,4216,29,0
2026-07-15 22:15:00,4060.91,4061.4,4052.66,4056.18,3778,29,0
2026-07-15 22:30:00,4056.33,4057.57,4048.02,4051.2,5164,29,0
2026-07-15 22:45:00,4051.2,4057.23,4050.74,4056.75,4320,29,0
2026-07-15 23:00:00,4056.89,4058.39,4054.95,4057.52,1914,29,0
2026-07-15 23:15:00,4057.52,4062.06,4057.29,4061.35,1187,29,0
2026-07-15 23:30:00,4061.35,4063.12,4060.3,4061.33,840,31,0
2026-07-15 23:45:00,4061.36,4061.91,4058.43,4058.53,611,40,0
2026-07-16 01:00:00,4060.08,4064.62,4059.79,4063.43,982,34,0
2026-07-16 01:15:00,4063.43,4064.11,4061.28,4062.13,1242,34,0
2026-07-16 01:30:00,4062.18,4062.33,4059.06,4060.05,1247,34,0
2026-07-16 01:45:00,4060.06,4061.43,4058.18,4059.86,1377,34,0
2026-07-16 02:00:00,4059.89,4063.09,4059.26,4061.68,1546,31,0
2026-07-16 02:15:00,4061.63,4061.73,4058.29,4059.1,1381,31,0
2026-07-16 02:30:00,4059.16,4060.47,4056.86,4058.97,1403,31,0
2026-07-16 02:45:00,4058.97,4062.0,4057.44,4059.11,2341,31,0
2026-07-16 03:00:00,4059.1,4060.66,4056.05,4057.5,3938,31,0
2026-07-16 03:15:00,4057.51,4061.49,4056.24,4059.63,3521,31,0
2026-07-16 03:30:00,4059.65,4062.57,4055.28,4056.13,3303,31,0
2026-07-16 03:45:00,4056.27,4061.2,4043.27,4043.36,4201,32,0
2026-07-16 04:00:00,4043.29,4049.83,4040.1,4043.96,6741,33,0
2026-07-16 04:15:00,4043.97,4044.1,4032.49,4035.34,5656,32,0
2026-07-16 04:30:00,4035.24,4044.71,4035.18,4041.49,5009,31,0
2026-07-16 04:45:00,4041.46,4043.61,4037.34,4039.86,4567,31,0
2026-07-16 05:00:00,4039.89,4040.82,4032.4,4033.7,4096,31,0
2026-07-16 05:15:00,4033.68,4036.02,4030.06,4035.68,3563,31,0
2026-07-16 05:30:00,4035.65,4036.83,4025.23,4028.65,4832,31,0
2026-07-16 05:45:00,4028.62,4031.83,4024.64,4030.79,3874,31,0
2026-07-16 06:00:00,4030.85,4031.61,4027.73,4028.34,3799,31,0
2026-07-16 06:15:00,4028.31,4032.5,4026.26,4032.4,3942,31,0
2026-07-16 06:30:00,4032.29,4034.88,4030.86,4034.03,3255,31,0
2026-07-16 06:45:00,4034.0,4035.52,4032.8,4034.99,2352,31,0
2026-07-16 07:00:00,4034.99,4036.48,4030.54,4035.47,2384,33,0
2026-07-16 07:15:00,4035.48,4035.5,4030.48,4032.39,2051,31,0
2026-07-16 07:30:00,4032.39,4033.81,4030.42,4031.03,1955,31,0
2026-07-16 07:45:00,4031.03,4033.69,4030.71,4031.5,1998,31,0
2026-07-16 08:00:00,4031.5,4032.44,4027.83,4029.74,2833,31,0
2026-07-16 08:15:00,4029.71,4031.37,4025.01,4026.12,3166,32,0
2026-07-16 08:30:00,4026.1,4031.47,4023.6,4030.78,5570,33,0
2026-07-16 08:45:00,4030.79,4031.38,4023.94,4025.73,4549,31,0
2026-07-16 09:00:00,4025.73,4035.95,4025.45,4032.24,5213,29,0
2026-07-16 09:15:00,4032.36,4033.13,4028.5,4031.18,4016,29,0
2026-07-16 09:30:00,4031.15,4031.81,4023.95,4027.99,4807,29,0
2026-07-16 09:45:00,4027.99,4032.57,4027.38,4031.57,3723,29,0
2026-07-16 10:00:00,4031.62,4031.82,4026.87,4027.38,3780,30,0
2026-07-16 10:15:00,4027.4,4028.0,4024.86,4025.37,3976,30,0
2026-07-16 10:30:00,4025.42,4029.31,4024.06,4027.18,3645,29,0
2026-07-16 10:45:00,4027.16,4032.93,4026.97,4031.89,4116,29,0
2026-07-16 11:00:00,4031.9,4035.27,4026.62,4026.96,4525,29,0
2026-07-16 11:15:00,4026.94,4034.84,4026.39,4033.8,3657,29,0
2026-07-16 11:30:00,4033.78,4036.95,4033.46,4035.02,3643,29,0
2026-07-16 11:45:00,4035.05,4037.9,4034.46,4036.67,3141,29,0
2026-07-16 12:00:00,4036.62,4038.76,4036.56,4038.34,2838,30,0
2026-07-16 12:15:00,4038.35,4039.09,4031.95,4033.77,2885,29,0
2026-07-16 12:30:00,4033.77,4034.6,4030.79,4033.31,3331,29,0
2026-07-16 12:45:00,4033.31,4034.92,4030.01,4030.12,2736,29,0
2026-07-16 13:00:00,4030.14,4031.2,4028.19,4030.38,2748,29,0
2026-07-16 13:15:00,4030.38,4033.23,4030.01,4032.03,2639,29,0
2026-07-16 13:30:00,4032.03,4033.6,4030.55,4032.31,3038,29,0
2026-07-16 13:45:00,4032.31,4032.43,4028.29,4029.33,3038,29,0
2026-07-16 14:00:00,4029.33,4029.87,4026.08,4027.29,3077,29,0
2026-07-16 14:15:00,4027.29,4027.52,4020.73,4023.83,3465,29,0
2026-07-16 14:30:00,4023.83,4035.68,4023.05,4034.54,4133,29,0
2026-07-16 14:45:00,4034.57,4042.12,4027.45,4038.67,5682,31,0
2026-07-16 15:00:00,4038.67,4043.14,4027.24,4031.02,5048,31,0
2026-07-16 15:15:00,4031.01,4031.82,4012.59,4022.58,6605,29,0
2026-07-16 15:30:00,4022.6,4029.27,4000.23,4002.2,6843,29,0
2026-07-16 15:45:00,4002.2,4008.4,3989.78,3991.22,7438,29,0
2026-07-16 16:00:00,3990.84,3996.15,3973.19,3992.04,8849,29,0
2026-07-16 16:15:00,3992.45,4005.67,3990.75,4005.13,5903,29,0
2026-07-16 16:30:00,4005.3,4007.95,3981.36,3986.24,9258,32,0
2026-07-16 16:45:00,3986.27,3996.57,3985.79,3989.02,8115,29,0
2026-07-16 17:00:00,3989.04,3996.77,3986.68,3988.87,7986,29,0
2026-07-16 17:15:00,3988.9,4000.16,3987.19,3998.95,7742,29,0
2026-07-16 17:30:00,3998.95,4004.6,3995.22,4004.6,6760,29,0
2026-07-16 17:45:00,4004.59,4006.21,3992.21,3997.62,6650,29,0
2026-07-16 18:00:00,3997.63,3998.28,3988.98,3992.45,6569,29,0
2026-07-16 18:15:00,3992.45,4016.49,3992.41,4011.35,6901,29,0
2026-07-16 18:30:00,4011.33,4016.04,4007.44,4010.2,6181,29,0
2026-07-16 18:45:00,4010.24,4012.83,4005.23,4006.91,5021,29,0
2026-07-16 19:00:00,4006.93,4007.34,3989.01,3989.42,5941,29,0
2026-07-16 19:15:00,3989.42,3991.34,3981.99,3986.65,6950,32,0
2026-07-16 19:30:00,3986.64,3991.92,3986.3,3991.3,5250,29,0
2026-07-16 19:45:00,3991.34,3996.47,3988.74,3991.91,4945,29,0
2026-07-16 20:00:00,3991.85,3992.49,3984.0,3985.59,4930,32,0
2026-07-16 20:15:00,3985.6,3988.25,3982.32,3987.02,5230,30,0
2026-07-16 20:30:00,3987.05,3988.15,3979.39,3980.98,5259,32,0
2026-07-16 20:45:00,3981.22,3987.13,3980.49,3984.52,4632,29,0
2026-07-16 21:00:00,3984.51,3988.89,3983.25,3984.9,5086,29,0
2026-07-16 21:15:00,3984.92,3989.99,3984.0,3986.0,4998,29,0
2026-07-16 21:30:00,3985.99,3986.01,3976.24,3982.61,5547,32,0
2026-07-16 21:45:00,3982.61,3984.39,3978.93,3979.84,3588,29,0
2026-07-16 22:00:00,3979.85,3985.61,3978.65,3980.13,4260,29,0
2026-07-16 22:15:00,3980.12,3983.7,3978.15,3978.43,3831,29,0
2026-07-16 22:30:00,3978.65,3979.09,3968.78,3975.06,5043,32,0
2026-07-16 22:45:00,3975.0,3981.97,3972.55,3978.87,5259,32,0
2026-07-16 23:00:00,3978.87,3979.71,3974.03,3974.34,2189,29,0
2026-07-16 23:15:00,3974.34,3974.86,3971.42,3974.54,1373,29,0
2026-07-16 23:30:00,3974.52,3975.82,3973.0,3974.54,1443,32,0
2026-07-16 23:45:00,3974.5,3975.73,3972.34,3974.52,1078,40,0
2026-07-17 01:00:00,3976.77,3977.61,3974.81,3976.34,1152,34,0
2026-07-17 01:15:00,3976.33,3977.13,3974.34,3975.95,1541,34,0
2026-07-17 01:30:00,3975.99,3976.41,3972.96,3972.98,1220,34,0
2026-07-17 01:45:00,3972.97,3977.94,3972.78,3977.93,1185,33,0
2026-07-17 02:00:00,3977.95,3979.77,3974.65,3979.6,1837,32,0
2026-07-17 02:15:00,3979.6,3980.2,3977.32,3977.76,1414,32,0
2026-07-17 02:30:00,3977.74,3980.39,3974.99,3979.9,1765,31,0
2026-07-17 02:45:00,3979.88,3984.82,3974.94,3984.82,3980,31,0
2026-07-17 03:00:00,3984.69,3985.64,3981.45,3982.08,5175,33,0
2026-07-17 03:15:00,3982.08,3989.25,3982.08,3983.22,4614,31,0
2026-07-17 03:30:00,3983.21,3983.47,3978.72,3980.31,3695,31,0
2026-07-17 03:45:00,3980.27,3990.54,3979.84,3990.5,4784,31,0
2026-07-17 04:00:00,3990.51,3993.54,3985.85,3990.52,7082,33,0
2026-07-17 04:15:00,3990.51,3994.57,3986.34,3989.29,5438,31,0
2026-07-17 04:30:00,3989.28,3993.75,3987.11,3989.62,5504,31,0
2026-07-17 04:45:00,3989.62,3991.08,3977.5,3981.7,5968,31,0
2026-07-17 05:00:00,3981.69,3985.59,3978.19,3979.23,5055,31,0
2026-07-17 05:15:00,3979.2,3982.67,3978.7,3981.02,3629,31,0
2026-07-17 05:30:00,3981.01,3982.43,3968.89,3973.14,5817,32,0
2026-07-17 05:45:00,3973.14,3978.47,3972.52,3977.37,5095,31,0
2026-07-17 06:00:00,3977.36,3991.12,3977.22,3987.26,5679,31,0
2026-07-17 06:15:00,3987.27,4007.19,3987.16,3999.64,5924,31,0
2026-07-17 06:30:00,3999.67,4000.14,3994.56,3996.86,3478,31,0
2026-07-17 06:45:00,3996.89,3998.03,3991.0,3991.85,2922,31,0
2026-07-17 07:00:00,3991.84,3992.28,3988.23,3989.74,3498,32,0
2026-07-17 07:15:00,3989.73,3991.14,3986.06,3987.08,3568,31,0
2026-07-17 07:30:00,3987.07,3988.96,3981.02,3983.08,3947,31,0
2026-07-17 07:45:00,3983.07,3985.48,3980.98,3981.8,3021,31,0
2026-07-17 08:00:00,3981.79,3983.48,3977.72,3979.85,4014,33,0
2026-07-17 08:15:00,3979.85,3981.3,3975.79,3978.4,3988,32,0
2026-07-17 08:30:00,3978.72,3988.89,3977.83,3985.03,6885,33,0
2026-07-17 08:45:00,3984.82,3989.77,3980.12,3983.94,5573,31,0
2026-07-17 09:00:00,3983.96,3999.24,3983.96,3998.3,6513,29,0
2026-07-17 09:15:00,3998.33,4004.52,3996.37,4002.64,5447,29,0
2026-07-17 09:30:00,4002.64,4005.89,3994.41,3994.92,4868,29,0
2026-07-17 09:45:00,3994.89,4000.18,3994.66,3997.51,4629,29,0
2026-07-17 10:00:00,3997.64,4001.11,3991.85,3995.05,5045,29,0
2026-07-17 10:15:00,3995.01,3997.87,3992.65,3994.94,4228,29,0
2026-07-17 10:30:00,3994.96,3997.24,3992.72,3997.24,4475,31,0
2026-07-17 10:45:00,3997.24,3997.24,3991.21,3991.23,3838,31,0
2026-07-17 11:00:00,3991.25,3998.36,3989.95,3991.67,5088,35,0
2026-07-17 11:15:00,3991.67,3993.54,3986.67,3990.94,5898,34,0
2026-07-17 11:30:00,3990.95,3991.93,3986.33,3991.83,4639,34,0
2026-07-17 11:45:00,3991.83,3997.86,3990.11,3992.48,4145,32,0
2026-07-17 12:00:00,3992.49,3996.9,3991.2,3996.68,5237,31,0
2026-07-17 12:15:00,3996.7,4000.83,3994.02,3998.38,4231,31,0
2026-07-17 12:30:00,3998.46,3999.45,3994.99,3996.4,3915,31,0
2026-07-17 12:45:00,3996.44,3999.63,3995.57,3999.37,3631,31,0
2026-07-17 13:00:00,3999.38,3999.79,3995.93,3998.33,4644,34,0
2026-07-17 13:15:00,3998.33,4000.09,3995.45,3996.93,3621,31,0
2026-07-17 13:30:00,3996.92,3998.52,3994.97,3997.42,3017,31,0
2026-07-17 13:45:00,3997.42,3998.34,3991.54,3992.09,3534,31,0
2026-07-17 14:00:00,3992.15,3995.29,3991.31,3992.57,4191,31,0
2026-07-17 14:15:00,3992.85,3997.18,3990.81,3996.99,4278,31,0
2026-07-17 14:30:00,3997.07,3997.57,3992.49,3993.06,4111,31,0
2026-07-17 14:45:00,3993.06,3999.37,3992.49,3994.98,3822,32,0
2026-07-17 15:00:00,3994.98,3996.14,3988.75,3989.68,4509,33,0
2026-07-17 15:15:00,3989.99,3992.08,3984.02,3986.88,4801,31,0
2026-07-17 15:30:00,3986.9,3987.84,3964.96,3969.05,5429,31,0
2026-07-17 15:45:00,3969.05,3972.2,3963.22,3964.08,5817,35,0
2026-07-17 16:00:00,3964.11,3975.39,3958.96,3968.93,7538,33,0
2026-07-17 16:15:00,3968.95,3974.54,3966.69,3968.08,7303,33,0
2026-07-17 16:30:00,3967.83,4003.36,3963.29,3984.87,10256,35,0
2026-07-17 16:45:00,3985.02,3997.39,3980.95,3997.02,8806,35,0
2026-07-17 17:00:00,3997.15,4000.58,3990.07,3994.89,8693,32,0
2026-07-17 17:15:00,3994.87,4004.46,3993.56,3998.54,8550,34,0
2026-07-17 17:30:00,3998.62,3999.55,3992.11,3997.59,7155,31,0
2026-07-17 17:45:00,3997.61,4001.36,3992.88,4001.05,6966,31,0
2026-07-17 18:00:00,4001.03,4014.01,3997.81,4005.86,8004,34,0
2026-07-17 18:15:00,4005.83,4013.49,4004.48,4013.45,7059,34,0
2026-07-17 18:30:00,4013.18,4016.14,4009.06,4015.4,6935,32,0
2026-07-17 18:45:00,4015.38,4021.3,4013.85,4019.34,6064,31,0
2026-07-17 19:00:00,4019.34,4020.49,4010.98,4018.21,7229,31,0
2026-07-17 19:15:00,4018.22,4023.9,4016.89,4018.42,5732,36,0
2026-07-17 19:30:00,4018.29,4019.45,4013.0,4017.6,5030,36,0
2026-07-17 19:45:00,4017.6,4020.77,4014.89,4015.68,4599,36,0
2026-07-17 20:00:00,4015.71,4019.4,4013.39,4013.39,4520,36,0
2026-07-17 20:15:00,4013.42,4016.07,4012.69,4013.88,4859,36,0
2026-07-17 20:30:00,4013.89,4014.87,4009.87,4010.89,4294,35,0
2026-07-17 20:45:00,4010.89,4013.37,4008.44,4010.33,4414,35,0
2026-07-17 21:00:00,4010.36,4012.98,4007.79,4010.47,4801,31,0
2026-07-17 21:15:00,4010.45,4016.09,4009.05,4014.96,5174,31,0
2026-07-17 21:30:00,4014.96,4016.15,4007.19,4008.12,4314,31,0
2026-07-17 21:45:00,4008.14,4012.22,4006.6,4011.4,3665,31,0
2026-07-17 22:00:00,4011.37,4011.5,4004.37,4006.07,4198,31,0
2026-07-17 22:15:00,4006.08,4006.66,4002.18,4005.4,3855,31,0
2026-07-17 22:30:00,4005.4,4010.07,4004.91,4010.02,4174,31,0
2026-07-17 22:45:00,4010.03,4016.53,4009.32,4015.39,5072,32,0
2026-07-17 23:00:00,4015.39,4015.87,4011.85,4012.25,2547,31,0
2026-07-17 23:15:00,4012.27,4012.57,4008.91,4010.83,1630,31,0
2026-07-17 23:30:00,4010.78,4013.7,4008.64,4013.31,1534,36,0
2026-07-17 23:45:00,4013.3,4017.1,4013.11,4015.85,1307,44,0
2026-07-20 01:00:00,3994.57,4000.83,3993.55,3995.85,1829,36,0
2026-07-20 01:15:00,3995.87,4000.2,3993.66,3994.14,2412,37,0
2026-07-20 01:30:00,3994.17,3999.25,3993.29,3996.71,2073,37,0
2026-07-20 01:45:00,3996.71,3998.26,3994.61,3995.15,1481,38,0
2026-07-20 02:00:00,3995.14,3995.46,3990.78,3991.14,2367,36,0
2026-07-20 02:15:00,3991.14,3993.87,3990.52,3993.09,1643,35,0
2026-07-20 02:30:00,3993.09,3994.6,3990.01,3992.49,1979,36,0
2026-07-20 02:45:00,3992.49,3995.38,3989.34,3994.44,3770,35,0
2026-07-20 03:00:00,3994.31,3997.52,3981.45,3994.74,5543,36,0
2026-07-20 03:15:00,3994.7,4004.21,3992.39,4002.44,5457,35,0
2026-07-20 03:30:00,4002.44,4006.06,3997.25,3998.92,4458,35,0
2026-07-20 03:45:00,3998.91,4011.19,3998.91,4009.71,4163,35,0
2026-07-20 04:00:00,4009.71,4021.92,4007.1,4011.39,7427,37,0
2026-07-20 04:15:00,4011.37,4011.57,4001.05,4004.55,5877,36,0
2026-07-20 04:30:00,4004.74,4006.48,3996.44,3997.65,5586,37,0
2026-07-20 04:45:00,3997.64,4004.45,3997.48,4002.07,5099,35,0
2026-07-20 05:00:00,4002.02,4009.87,4001.23,4006.19,5581,35,0
2026-07-20 05:15:00,4006.2,4008.66,4003.97,4006.47,3561,35,0
2026-07-20 05:30:00,4006.51,4016.15,4005.95,4015.08,5657,37,0
2026-07-20 05:45:00,4015.08,4028.62,4013.98,4022.1,5226,36,0
2026-07-20 06:00:00,4022.1,4025.74,4019.31,4025.21,4868,36,0
2026-07-20 06:15:00,4025.14,4028.01,4022.86,4023.78,4700,36,0
2026-07-20 06:30:00,4023.78,4028.85,4020.03,4028.31,3459,35,0
2026-07-20 06:45:00,4028.31,4028.72,4023.29,4024.47,2793,35,0
2026-07-20 07:00:00,4024.47,4026.78,4021.51,4021.56,2690,36,0
2026-07-20 07:15:00,4021.83,4025.59,4021.54,4025.39,2278,35,0
2026-07-20 07:30:00,4025.42,4025.53,4022.33,4023.12,2554,35,0
2026-07-20 07:45:00,4023.12,4023.13,4018.53,4019.15,2675,35,0
2026-07-20 08:00:00,4019.15,4021.13,4011.83,4013.68,3238,35,0
2026-07-20 08:15:00,4013.73,4014.79,4009.82,4010.02,3152,35,0
2026-07-20 08:30:00,4010.02,4014.28,4007.85,4009.85,5376,37,0
2026-07-20 08:45:00,4009.85,4010.51,4005.24,4008.5,4530,35,0
2026-07-20 09:00:00,4008.58,4011.6,4006.65,4007.16,4572,31,0
2026-07-20 09:15:00,4007.19,4009.31,4003.74,4004.56,4391,31,0
2026-07-20 09:30:00,4004.59,4006.33,4002.72,4004.62,4069,31,0
2026-07-20 09:45:00,4004.63,4007.16,4002.97,4003.73,3518,31,0
2026-07-20 10:00:00,4003.67,4006.5,4001.88,4003.83,3204,31,0
2026-07-20 10:15:00,4003.91,4008.29,4001.81,4006.27,3664,31,0
2026-07-20 10:30:00,4006.22,4021.44,4006.11,4021.41,4999,36,0
2026-07-20 10:45:00,4021.4,4021.75,4015.7,4017.62,3438,31,0
2026-07-20 11:00:00,4017.59,4025.48,4017.33,4024.16,3610,32,0
2026-07-20 11:15:00,4024.16,4030.61,4021.82,4021.95,3395,31,0
2026-07-20 11:30:00,4021.93,4024.75,4018.85,4021.95,3225,31,0
2026-07-20 11:45:00,4021.95,4022.75,4017.47,4018.75,3273,32,0
2026-07-20 12:00:00,4018.74,4020.99,4015.22,4019.32,3471,32,0
2026-07-20 12:15:00,4019.36,4022.05,4015.59,4016.19,2931,31,0
2026-07-20 12:30:00,4016.19,4021.12,4014.93,4019.15,2960,31,0
2026-07-20 12:45:00,4019.26,4023.31,4017.68,4021.45,2859,31,0
2026-07-20 13:00:00,4021.44,4021.77,4018.3,4020.86,2610,31,0
2026-07-20 13:15:00,4020.87,4023.25,4018.92,4021.78,2602,31,0
2026-07-20 13:30:00,4021.81,4024.16,4021.11,4022.14,2736,31,0
2026-07-20 13:45:00,4022.13,4025.46,4020.77,4024.14,2666,34,0
2026-07-20 14:00:00,4023.69,4027.15,4019.8,4022.09,3521,33,0
2026-07-20 14:15:00,4022.11,4023.82,4019.93,4022.17,2912,31,0
2026-07-20 14:30:00,4022.13,4040.64,4021.48,4032.21,7773,34,0
2026-07-20 14:45:00,4032.2,4032.25,4024.87,4025.14,4436,36,0
2026-07-20 15:00:00,4025.15,4025.15,4011.29,4012.31,6014,34,0
2026-07-20 15:15:00,4012.1,4014.66,4006.61,4012.98,4896,31,0
2026-07-20 15:30:00,4012.91,4014.49,4006.23,4009.8,4450,31,0
2026-07-20 15:45:00,4009.82,4015.32,4007.56,4008.19,4417,31,0
2026-07-20 16:00:00,4008.18,4013.72,4007.81,4008.43,5068,31,0
2026-07-20 16:15:00,4008.43,4012.29,4006.73,4008.77,4468,31,0
2026-07-20 16:30:00,4008.44,4017.12,4007.96,4012.99,6859,32,0
2026-07-20 16:45:00,4012.99,4013.09,4005.32,4006.22,6150,33,0
2026-07-20 17:00:00,4006.23,4007.64,3998.02,3998.59,6559,31,0
2026-07-20 17:15:00,3998.57,4006.68,3998.06,4006.68,5695,31,0
2026-07-20 17:30:00,4006.65,4010.71,4005.85,4007.25,5019,33,0
2026-07-20 17:45:00,4007.23,4013.48,4005.01,4006.18,5622,31,0
2026-07-20 18:00:00,4006.15,4019.39,4004.33,4014.09,6249,31,0
2026-07-20 18:15:00,4014.09,4016.5,4010.91,4016.38,4821,32,0
2026-07-20 18:30:00,4016.38,4016.71,4010.13,4012.76,4566,35,0
2026-07-20 18:45:00,4012.76,4016.32,4011.55,4011.55,3946,33,0
2026-07-20 19:00:00,4011.55,4018.27,4011.19,4013.48,3868,36,0
2026-07-20 19:15:00,4013.48,4014.28,4010.62,4012.44,3438,33,0
2026-07-20 19:30:00,4012.44,4012.54,4001.29,4009.79,4941,31,0
2026-07-20 19:45:00,4009.79,4010.46,4006.7,4009.76,3792,36,0
2026-07-20 20:00:00,4009.75,4012.29,4009.54,4010.07,3009,35,0
2026-07-20 20:15:00,4010.07,4012.97,4008.7,4012.08,3408,36,0
2026-07-20 20:30:00,4011.97,4012.97,4007.63,4007.88,3102,36,0
2026-07-20 20:45:00,4007.88,4007.92,4003.64,4005.13,3509,36,0
2026-07-20 21:00:00,4005.14,4010.78,4005.14,4008.71,3042,34,0
2026-07-20 21:15:00,4008.71,4011.75,4003.36,4006.72,3837,36,0
2026-07-20 21:30:00,4006.69,4007.41,4004.33,4006.43,3484,32,0
2026-07-20 21:45:00,4006.43,4008.7,4005.32,4007.36,3348,34,0
2026-07-20 22:00:00,4007.34,4008.06,4004.34,4004.62,3452,31,0
2026-07-20 22:15:00,4004.61,4012.86,4004.29,4012.45,3315,33,0
2026-07-20 22:30:00,4012.54,4017.82,4005.08,4005.62,4581,36,0
2026-07-20 22:45:00,4005.62,4009.88,4005.29,4006.87,3504,35,0
2026-07-20 23:00:00,4006.75,4009.16,4005.58,4007.54,2170,34,0
2026-07-20 23:15:00,4007.55,4009.01,4006.99,4008.07,1257,36,0
2026-07-20 23:30:00,4008.09,4009.23,4007.29,4008.41,1003,36,0
2026-07-20 23:45:00,4008.4,4008.55,4005.85,4007.25,704,44,0
2026-07-21 01:00:00,4006.64,4007.56,4004.46,4006.87,885,37,0
2026-07-21 01:15:00,4006.86,4010.51,4004.93,4009.62,1896,37,0
2026-07-21 01:30:00,4009.62,4009.64,4002.77,4004.05,2151,36,0
2026-07-21 01:45:00,4004.1,4008.1,3999.62,4000.37,2512,35,0
2026-07-21 02:00:00,4000.37,4009.68,3999.96,4002.95,2878,35,0
2026-07-21 02:15:00,4002.95,4007.18,4002.93,4003.35,1910,35,0
2026-07-21 02:30:00,4003.34,4008.02,4003.31,4007.1,1849,35,0
2026-07-21 02:45:00,4007.1,4009.16,4003.75,4008.49,2673,35,0
2026-07-21 03:00:00,4008.37,4011.31,4002.3,4009.26,5688,37,0
2026-07-21 03:15:00,4009.34,4017.2,4006.51,4013.65,4495,35,0
2026-07-21 03:30:00,4013.65,4022.63,4012.96,4021.32,3501,35,0
2026-07-21 03:45:00,4021.32,4026.01,4020.78,4023.85,3560,35,0
2026-07-21 04:00:00,4024.1,4028.8,4017.35,4027.88,5942,36,0
2026-07-21 04:15:00,4027.92,4034.68,4025.18,4027.39,5000,35,0
2026-07-21 04:30:00,4027.4,4030.77,4023.41,4025.23,4704,35,0
2026-07-21 04:45:00,4025.23,4029.79,4022.93,4024.68,3824,35,0
2026-07-21 05:00:00,4024.7,4028.16,4023.57,4025.92,3242,35,0
2026-07-21 05:15:00,4025.9,4031.12,4023.57,4030.71,2949,35,0
2026-07-21 05:30:00,4030.67,4046.0,4029.15,4036.25,5850,37,0
2026-07-21 05:45:00,4036.24,4038.48,4031.28,4038.2,3646,36,0
2026-07-21 06:00:00,4037.85,4042.47,4037.85,4038.49,3818,36,0
2026-07-21 06:15:00,4038.49,4051.67,4037.21,4047.74,4054,36,0
2026-07-21 06:30:00,4047.74,4049.87,4042.1,4042.2,2498,35,0
2026-07-21 06:45:00,4042.2,4047.73,4042.2,4047.28,2424,36,0
2026-07-21 07:00:00,4047.5,4051.98,4046.41,4046.82,2652,35,0
2026-07-21 07:15:00,4046.82,4048.14,4045.18,4046.41,1822,35,0
2026-07-21 07:30:00,4046.41,4049.34,4046.0,4048.89,1791,35,0
2026-07-21 07:45:00,4048.07,4051.54,4047.29,4051.53,1643,35,0
2026-07-21 08:00:00,4051.53,4053.2,4048.22,4052.88,2383,35,0
2026-07-21 08:15:00,4052.88,4057.33,4049.46,4056.57,2608,35,0
2026-07-21 08:30:00,4056.8,4066.69,4056.08,4066.15,4681,37,0
2026-07-21 08:45:00,4066.15,4068.07,4061.42,4061.78,3847,35,0
2026-07-21 09:00:00,4061.81,4073.04,4061.8,4072.03,4306,34,0
2026-07-21 09:15:00,4072.03,4075.06,4069.04,4073.41,3942,31,0
2026-07-21 09:30:00,4073.59,4081.31,4072.65,4077.83,4272,31,0
2026-07-21 09:45:00,4077.84,4084.54,4077.84,4079.55,3775,31,0
2026-07-21 10:00:00,4079.55,4080.79,4072.41,4072.77,3340,34,0
2026-07-21 10:15:00,4072.77,4074.02,4068.94,4070.14,2400,33,0
2026-07-21 10:30:00,4070.14,4075.85,4068.27,4072.05,2596,31,0
2026-07-21 10:45:00,4072.05,4073.13,4070.32,4072.15,2543,31,0
2026-07-21 11:00:00,4072.13,4073.07,4066.21,4068.6,3201,31,0
2026-07-21 11:15:00,4068.6,4069.22,4063.57,4064.11,2860,32,0
2026-07-21 11:30:00,4064.04,4065.63,4061.44,4062.57,2570,31,0
2026-07-21 11:45:00,4062.55,4063.9,4059.55,4063.38,2479,31,0
2026-07-21 12:00:00,4063.4,4067.03,4063.34,4065.48,2210,31,0
2026-07-21 12:15:00,4065.48,4068.76,4062.97,4063.09,2582,31,0
2026-07-21 12:30:00,4063.17,4065.94,4061.47,4062.79,2337,32,0
2026-07-21 12:45:00,4062.83,4070.09,4062.52,4066.48,2599,32,0
2026-07-21 13:00:00,4066.49,4068.8,4061.28,4066.48,3638,31,0
2026-07-21 13:15:00,4066.5,4069.67,4065.05,4067.16,3183,34,0
2026-07-21 13:30:00,4067.25,4070.61,4067.02,4067.52,2454,35,0
2026-07-21 13:45:00,4067.52,4068.96,4062.74,4063.5,2639,32,0
2026-07-21 14:00:00,4063.51,4064.03,4055.76,4058.68,3259,31,0
2026-07-21 14:15:00,4058.69,4060.1,4056.5,4058.32,2495,31,0
2026-07-21 14:30:00,4058.32,4061.5,4055.5,4056.09,2725,31,0
2026-07-21 14:45:00,4056.1,4058.68,4054.66,4056.1,2172,31,0
2026-07-21 15:00:00,4056.09,4061.13,4056.03,4059.64,3040,31,0
2026-07-21 15:15:00,4059.64,4065.86,4056.0,4062.3,3863,33,0
2026-07-21 15:30:00,4062.88,4063.85,4050.99,4053.83,4584,35,0
2026-07-21 15:45:00,4053.94,4062.23,4052.93,4053.93,4230,32,0
2026-07-21 16:00:00,4054.06,4060.52,4053.93,4059.9,5084,31,0
2026-07-21 16:15:00,4059.91,4061.81,4050.2,4051.58,5229,31,0
2026-07-21 16:30:00,4051.66,4057.41,4044.77,4046.31,7198,34,0
2026-07-21 16:45:00,4046.3,4053.57,4044.39,4053.31,6084,31,0
2026-07-21 17:00:00,4053.3,4066.08,4051.81,4065.92,6286,33,0
2026-07-21 17:15:00,4065.79,4069.62,4061.28,4069.35,5890,31,0
2026-07-21 17:30:00,4069.4,4073.86,4062.41,4067.6,5393,31,0
2026-07-21 17:45:00,4067.63,4070.83,4066.4,4068.88,5340,31,0
2026-07-21 18:00:00,4068.84,4073.91,4065.74,4073.51,5098,31,0
2026-07-21 18:15:00,4073.53,4079.26,4073.39,4076.89,4986,31,0
2026-07-21 18:30:00,4076.73,4083.57,4075.74,4076.23,4646,31,0
2026-07-21 18:45:00,4076.23,4078.42,4072.48,4074.29,3370,31,0
2026-07-21 19:00:00,4074.26,4079.34,4073.73,4078.66,3319,36,0
2026-07-21 19:15:00,4078.66,4078.74,4074.28,4075.83,2458,35,0
2026-07-21 19:30:00,4075.84,4076.54,4071.42,4072.17,2577,31,0
2026-07-21 19:45:00,4072.16,4073.53,4070.15,4071.84,2592,31,0
2026-07-21 20:00:00,4071.84,4072.74,4069.63,4070.73,2846,34,0
2026-07-21 20:15:00,4070.73,4073.02,4069.2,4072.27,2871,31,0
2026-07-21 20:30:00,4072.27,4072.49,4066.91,4068.3,1933,31,0
2026-07-21 20:45:00,4068.28,4068.81,4066.98,4068.76,1755,31,0
2026-07-21 21:00:00,4068.85,4072.44,4067.76,4071.53,2599,35,0
2026-07-21 21:15:00,4071.53,4087.14,4071.34,4083.86,3536,35,0
2026-07-21 21:30:00,4083.83,4085.67,4081.39,4082.46,2704,36,0
2026-07-21 21:45:00,4082.46,4083.41,4079.37,4083.05,1829,35,0
2026-07-21 22:00:00,4083.04,4085.59,4080.15,4081.49,2645,35,0
2026-07-21 22:15:00,4081.49,4085.36,4081.26,4084.68,2531,32,0
2026-07-21 22:30:00,4084.71,4085.16,4082.0,4083.35,2478,31,0
2026-07-21 22:45:00,4083.38,4085.49,4082.9,4084.86,3037,33,0
2026-07-21 23:00:00,4085.01,4086.39,4083.3,4084.5,1527,31,0
2026-07-21 23:15:00,4084.5,4084.62,4081.73,4082.83,787,31,0
2026-07-21 23:30:00,4082.83,4085.42,4080.52,4080.89,1194,31,0
2026-07-21 23:45:00,4080.89,4080.89,4075.38,4076.65,946,44,0
2026-07-22 01:00:00,4077.42,4079.34,4075.84,4079.11,969,38,0
2026-07-22 01:15:00,4079.09,4083.18,4078.26,4082.72,1424,38,0
2026-07-22 01:30:00,4082.82,4085.04,4082.66,4084.04,1527,36,0
2026-07-22 01:45:00,4084.05,4084.44,4078.39,4080.45,1386,35,0
2026-07-22 02:00:00,4080.45,4081.85,4079.5,4081.21,1111,35,0
2026-07-22 02:15:00,4081.18,4082.52,4080.83,4081.22,792,35,0
2026-07-22 02:30:00,4081.22,4082.28,4079.23,4080.25,1130,35,0
2026-07-22 02:45:00,4080.25,4082.67,4078.14,4079.54,1655,35,0
2026-07-22 03:00:00,4079.56,4091.53,4075.64,4091.02,5050,37,0
2026-07-22 03:15:00,4091.04,4097.55,4091.03,4097.3,4275,36,0
2026-07-22 03:30:00,4097.28,4101.15,4088.48,4091.51,3994,35,0
2026-07-22 03:45:00,4091.54,4098.2,4090.34,4097.68,3955,35,0
2026-07-22 04:00:00,4097.85,4123.09,4096.84,4122.74,7211,37,0
2026-07-22 04:15:00,4122.76,4123.31,4113.31,4117.04,5591,35,0
2026-07-22 04:30:00,4116.97,4123.96,4114.52,4123.16,5681,35,0
2026-07-22 04:45:00,4123.26,4124.67,4118.44,4122.94,4914,35,0
2026-07-22 05:00:00,4123.01,4123.53,4119.17,4122.34,4053,35,0
2026-07-22 05:15:00,4122.33,4126.41,4120.33,4124.89,3594,35,0
2026-07-22 05:30:00,4124.87,4130.79,4122.65,4129.05,4945,35,0
2026-07-22 05:45:00,4128.99,4132.46,4127.81,4131.74,4304,35,0
2026-07-22 06:00:00,4131.74,4142.28,4130.82,4138.82,4336,35,0
2026-07-22 06:15:00,4138.82,4143.37,4138.49,4139.51,3571,35,0
2026-07-22 06:30:00,4139.52,4139.52,4132.33,4133.29,2921,35,0
2026-07-22 06:45:00,4133.27,4134.13,4129.14,4129.98,2693,35,0
2026-07-22 07:00:00,4129.98,4130.3,4125.32,4126.01,2847,35,0
2026-07-22 07:15:00,4126.0,4128.83,4125.99,4128.18,2245,35,0
2026-07-22 07:30:00,4128.19,4128.45,4124.44,4127.61,2489,35,0
2026-07-22 07:45:00,4127.62,4127.83,4125.47,4127.35,2449,35,0
2026-07-22 08:00:00,4127.23,4130.23,4126.19,4128.6,2848,35,0
2026-07-22 08:15:00,4128.55,4128.94,4123.46,4123.69,3282,35,0
2026-07-22 08:30:00,4123.7,4134.2,4123.24,4132.67,5141,37,0
2026-07-22 08:45:00,4132.63,4133.43,4128.32,4131.56,4295,35,0
2026-07-22 09:00:00,4131.54,4135.45,4129.62,4129.8,4190,31,0
2026-07-22 09:15:00,4129.86,4132.1,4114.06,4117.78,4848,34,0
2026-07-22 09:30:00,4117.81,4120.25,4114.73,4118.48,4760,35,0
2026-07-22 09:45:00,4119.09,4120.52,4113.44,4116.99,4052,35,0
2026-07-22 10:00:00,4117.21,4117.27,4111.94,4116.37,3827,31,0
2026-07-22 10:15:00,4116.35,4122.44,4116.03,4119.66,3163,31,0
2026-07-22 10:30:00,4119.66,4123.01,4111.09,4112.48,3974,33,0
2026-07-22 10:45:00,4112.65,4114.36,4109.26,4111.22,3970,32,0
2026-07-22 11:00:00,4111.18,4116.04,4110.46,4114.8,4346,31,0
2026-07-22 11:15:00,4114.78,4117.88,4113.5,4117.56,3860,32,0
2026-07-22 11:30:00,4117.56,4119.21,4114.43,4114.93,3586,31,0
2026-07-22 11:45:00,4114.91,4120.26,4113.57,4118.64,3552,31,0
2026-07-22 12:00:00,4118.62,4122.46,4118.02,4122.06,3539,31,0
2026-07-22 12:15:00,4122.06,4122.56,4118.23,4119.05,3173,31,0
2026-07-22 12:30:00,4119.11,4121.98,4114.58,4116.23,3636,35,0
2026-07-22 12:45:00,4116.22,4118.07,4113.51,4115.26,3257,31,0
2026-07-22 13:00:00,4115.26,4120.17,4114.96,4117.83,3367,31,0
2026-07-22 13:15:00,4117.83,4121.97,4116.67,4119.58,3388,31,0
2026-07-22 13:30:00,4119.59,4120.15,4116.14,4117.24,2682,31,0
2026-07-22 13:45:00,4117.24,4120.43,4116.4,4117.77,2604,33,0
2026-07-22 14:00:00,4117.79,4121.11,4115.41,4119.42,2970,31,0
2026-07-22 14:15:00,4119.42,4123.15,4117.83,4118.84,2630,31,0
2026-07-22 14:30:00,4118.84,4120.79,4112.74,4115.08,3904,31,0
2026-07-22 14:45:00,4115.1,4123.27,4115.1,4122.51,3391,35,0
2026-07-22 15:00:00,4122.51,4127.64,4122.16,4127.32,3966,34,0
2026-07-22 15:15:00,4127.59,4133.37,4125.13,4133.16,4182,31,0
2026-07-22 15:30:00,4133.24,4134.63,4124.87,4127.35,4132,31,0
2026-07-22 15:45:00,4127.43,4127.71,4107.1,4113.22,4852,31,0
2026-07-22 16:00:00,4113.12,4125.94,4112.64,4125.55,5229,35,0
2026-07-22 16:15:00,4125.54,4135.17,4125.11,4132.67,4839,36,0
2026-07-22 16:30:00,4132.79,4146.98,4132.66,4143.29,7962,35,0
2026-07-22 16:45:00,4143.29,4156.04,4142.93,4154.76,6899,35,0
2026-07-22 17:00:00,4154.84,4163.49,4153.52,4156.77,6988,31,0
2026-07-22 17:15:00,4156.77,4156.77,4144.67,4146.56,6898,33,0
2026-07-22 17:30:00,4146.62,4153.12,4146.42,4151.25,5769,32,0
2026-07-22 17:45:00,4151.27,4153.06,4144.26,4148.67,5678,33,0
2026-07-22 18:00:00,4148.72,4158.65,4148.72,4157.72,5118,32,0
2026-07-22 18:15:00,4157.72,4161.64,4153.58,4157.42,4158,31,0
2026-07-22 18:30:00,4157.42,4161.08,4155.67,4160.46,4440,31,0
2026-07-22 18:45:00,4160.46,4166.13,4158.62,4159.51,4696,31,0
2026-07-22 19:00:00,4159.52,4159.52,4153.43,4154.82,4234,34,0
2026-07-22 19:15:00,4154.74,4155.69,4147.92,4149.42,3752,33,0
2026-07-22 19:30:00,4149.42,4151.34,4144.43,4147.67,4079,34,0
2026-07-22 19:45:00,4147.68,4148.95,4144.62,4147.11,3616,31,0
2026-07-22 20:00:00,4147.11,4147.86,4142.86,4144.9,3922,34,0
2026-07-22 20:15:00,4144.95,4147.08,4142.75,4145.82,4112,32,0
2026-07-22 20:30:00,4145.81,4147.41,4138.35,4140.58,3968,31,0
2026-07-22 20:45:00,4140.58,4143.75,4140.39,4142.66,2988,31,0
2026-07-22 21:00:00,4142.61,4142.77,4136.66,4138.04,4146,31,0
2026-07-22 21:15:00,4138.02,4139.72,4134.65,4135.4,4045,33,0
2026-07-22 21:30:00,4135.42,4136.11,4131.89,4135.44,3739,31,0
2026-07-22 21:45:00,4135.41,4138.68,4135.17,4135.89,2739,31,0
2026-07-22 22:00:00,4135.86,4136.94,4132.87,4133.71,2864,34,0
2026-07-22 22:15:00,4133.7,4135.09,4131.5,4133.91,2690,34,0
2026-07-22 22:30:00,4133.8,4135.81,4132.2,4133.87,2752,31,0
2026-07-22 22:45:00,4133.87,4135.06,4128.88,4131.69,3610,35,0
2026-07-22 23:00:00,4131.68,4135.34,4130.24,4134.31,3760,34,0
2026-07-22 23:15:00,4134.27,4137.65,4133.72,4136.45,1921,33,0
2026-07-22 23:30:00,4136.46,4137.35,4130.61,4130.72,1748,33,0
2026-07-22 23:45:00,4130.65,4130.96,4126.92,4128.52,1603,44,0
2026-07-23 01:00:00,4118.34,4125.03,4118.08,4125.03,1696,38,0
2026-07-23 01:15:00,4124.93,4128.92,4120.75,4128.56,3177,38,0
2026-07-23 01:30:00,4128.56,4129.58,4119.82,4121.39,2536,38,0
2026-07-23 01:45:00,4121.39,4126.54,4120.45,4122.07,3001,38,0
2026-07-23 02:00:00,4122.18,4124.66,4116.59,4123.68,3526,35,0
2026-07-23 02:15:00,4123.68,4123.91,4118.89,4119.81,1793,35,0
2026-07-23 02:30:00,4119.81,4124.34,4118.75,4123.43,1651,35,0
2026-07-23 02:45:00,4123.41,4134.06,4122.82,4133.99,3334,35,0
2026-07-23 03:00:00,4133.95,4134.32,4126.02,4126.65,3623,35,0
2026-07-23 03:15:00,4126.66,4134.53,4126.64,4129.09,3170,35,0
2026-07-23 03:30:00,4129.11,4131.94,4126.92,4127.64,2998,35,0
2026-07-23 03:45:00,4127.64,4133.14,4124.97,4131.97,3086,35,0
2026-07-23 04:00:00,4131.97,4139.04,4129.67,4134.43,6146,37,0
2026-07-23 04:15:00,4134.36,4140.83,4133.49,4137.5,4289,36,0
2026-07-23 04:30:00,4137.55,4139.15,4121.52,4121.52,6409,35,0
2026-07-23 04:45:00,4121.5,4123.43,4113.99,4117.56,5762,35,0
2026-07-23 05:00:00,4117.57,4118.57,4111.62,4117.23,5015,35,0
2026-07-23 05:15:00,4117.3,4117.5,4112.68,4115.44,3535,35,0
2026-07-23 05:30:00,4115.54,4122.0,4113.56,4121.89,4410,35,0
2026-07-23 05:45:00,4121.91,4128.42,4121.25,4128.37,3946,35,0
2026-07-23 06:00:00,4128.35,4128.84,4123.97,4126.99,3555,35,0
2026-07-23 06:15:00,4127.01,4132.92,4126.52,4130.23,3565,35,0
2026-07-23 06:30:00,4130.23,4130.95,4125.86,4128.72,3110,35,0
2026-07-23 06:45:00,4128.7,4128.7,4123.91,4124.51,2270,35,0
2026-07-23 07:00:00,4124.53,4127.49,4122.32,4127.48,2782,35,0
2026-07-23 07:15:00,4127.48,4129.67,4124.94,4129.49,3048,35,0
2026-07-23 07:30:00,4129.49,4130.21,4122.92,4122.98,2728,35,0
2026-07-23 07:45:00,4122.99,4124.09,4119.85,4121.0,2583,35,0
2026-07-23 08:00:00,4120.9,4124.82,4119.3,4124.0,3183,35,0
2026-07-23 08:15:00,4124.04,4125.47,4119.67,4125.47,3059,35,0
2026-07-23 08:30:00,4125.48,4128.36,4123.16,4127.5,4391,37,0
2026-07-23 08:45:00,4127.48,4130.36,4120.45,4124.0,4104,35,0
2026-07-23 09:00:00,4123.95,4127.96,4121.03,4122.9,4619,31,0
2026-07-23 09:15:00,4122.83,4127.43,4120.9,4121.68,3555,31,0
2026-07-23 09:30:00,4121.67,4123.36,4116.69,4119.7,4313,31,0
2026-07-23 09:45:00,4119.7,4122.08,4117.61,4118.49,3353,31,0
2026-07-23 10:00:00,4118.54,4119.14,4101.75,4106.37,4929,34,0
2026-07-23 10:15:00,4106.35,4111.58,4105.23,4108.16,4285,34,0
2026-07-23 10:30:00,4108.49,4108.53,4091.15,4095.42,4204,31,0
2026-07-23 10:45:00,4095.42,4096.53,4089.4,4095.59,4858,31,0
2026-07-23 11:00:00,4095.6,4097.31,4089.87,4091.06,4527,31,0
2026-07-23 11:15:00,4091.07,4092.06,4088.16,4091.15,3490,33,0
2026-07-23 11:30:00,4091.1,4093.32,4088.21,4091.47,3441,34,0
2026-07-23 11:45:00,4091.45,4094.29,4086.08,4092.82,3380,31,0
2026-07-23 12:00:00,4092.68,4098.96,4092.19,4094.44,3697,31,0
2026-07-23 12:15:00,4094.44,4096.61,4089.03,4091.06,2977,32,0
2026-07-23 12:30:00,4091.03,4092.4,4088.18,4091.35,2981,31,0
2026-07-23 12:45:00,4091.36,4093.58,4087.74,4089.1,2936,34,0
2026-07-23 13:00:00,4089.07,4090.73,4087.03,4089.82,3269,32,0
2026-07-23 13:15:00,4089.82,4091.83,4085.21,4089.22,2988,31,0
2026-07-23 13:30:00,4089.2,4092.09,4086.03,4088.78,3222,31,0
2026-07-23 13:45:00,4088.78,4094.79,4086.63,4092.73,3259,31,0
2026-07-23 14:00:00,4093.07,4093.38,4086.53,4087.15,3496,31,0
2026-07-23 14:15:00,4087.15,4088.69,4080.57,4083.88,4097,31,0
2026-07-23 14:30:00,4083.9,4083.9,4072.47,4078.03,4881,35,0
2026-07-23 14:45:00,4078.06,4088.44,4077.34,4085.08,4092,31,0
2026-07-23 15:00:00,4085.09,4085.37,4080.65,4080.93,3170,32,0
2026-07-23 15:15:00,4080.93,4082.58,4069.55,4070.74,5875,34,0
2026-07-23 15:30:00,4070.9,4074.1,4063.19,4068.75,6486,34,0
2026-07-23 15:45:00,4068.77,4068.77,4060.48,4061.79,6121,31,0
2026-07-23 16:00:00,4061.7,4063.09,4040.06,4040.5,9431,35,0
2026-07-23 16:15:00,4040.51,4058.82,4040.04,4058.42,7705,32,0
2026-07-23 16:30:00,4058.43,4067.08,4055.23,4056.61,8273,35,0
2026-07-23 16:45:00,4056.49,4058.78,4042.5,4043.41,7028,31,0
2026-07-23 17:00:00,4043.39,4051.07,4039.8,4047.47,8488,31,0
2026-07-23 17:15:00,4047.67,4056.59,4042.05,4056.05,8314,31,0
2026-07-23 17:30:00,4056.07,4060.15,4051.38,4056.74,7308,33,0
2026-07-23 17:45:00,4056.58,4061.42,4055.72,4058.03,6640,34,0
2026-07-23 18:00:00,4058.04,4059.24,4049.14,4050.92,6817,35,0
2026-07-23 18:15:00,4050.92,4056.6,4045.42,4046.41,6452,31,0
2026-07-23 18:30:00,4046.42,4052.94,4042.05,4047.78,7005,31,0
2026-07-23 18:45:00,4047.77,4050.72,4046.49,4048.41,5183,31,0
2026-07-23 19:00:00,4048.93,4050.66,4047.11,4050.19,4528,35,0
2026-07-23 19:15:00,4050.22,4051.31,4045.46,4049.71,3705,33,0
2026-07-23 19:30:00,4049.72,4050.86,4046.67,4049.53,3982,34,0
2026-07-23 19:45:00,4049.51,4051.56,4047.76,4051.48,3342,35,0
2026-07-23 20:00:00,4051.48,4054.27,4046.4,4046.81,4431,36,0
2026-07-23 20:15:00,4046.81,4049.98,4045.67,4046.67,4668,36,0
2026-07-23 20:30:00,4046.49,4048.81,4041.65,4042.59,4203,33,0
2026-07-23 20:45:00,4042.56,4044.05,4041.32,4041.56,3390,31,0
2026-07-23 21:00:00,4041.5,4043.88,4040.4,4041.56,4361,31,0
2026-07-23 21:15:00,4041.56,4044.76,4040.31,4044.1,4454,35,0
2026-07-23 21:30:00,4044.08,4047.71,4044.08,4046.38,3253,31,0
2026-07-23 21:45:00,4046.39,4048.25,4044.57,4046.54,3050,31,0
2026-07-23 22:00:00,4046.54,4048.49,4042.74,4042.98,3132,33,0
2026-07-23 22:15:00,4042.99,4048.87,4042.82,4048.03,3053,34,0
2026-07-23 22:30:00,4048.04,4050.63,4045.44,4045.74,3381,33,0
2026-07-23 22:45:00,4045.74,4050.72,4044.57,4049.6,3929,34,0
2026-07-23 23:00:00,4049.59,4050.87,4047.91,4049.2,2299,31,0
2026-07-23 23:15:00,4049.2,4050.29,4047.09,4049.95,1424,31,0
2026-07-23 23:30:00,4049.92,4050.35,4048.54,4049.46,1215,32,0
2026-07-23 23:45:00,4049.5,4049.64,4045.74,4047.34,963,44,0
2026-07-24 01:00:00,4047.25,4049.15,4046.88,4048.76,636,36,0
2026-07-24 01:15:00,4048.92,4049.93,4048.87,4049.56,881,37,0
2026-07-24 01:30:00,4049.56,4050.05,4048.52,4049.11,1038,37,0
2026-07-24 01:45:00,4049.1,4050.13,4048.14,4049.29,767,35,0
2026-07-24 02:00:00,4049.29,4049.62,4047.17,4048.22,820,35,0
2026-07-24 02:15:00,4048.22,4049.67,4046.88,4048.9,869,35,0
2026-07-24 02:30:00,4048.89,4050.38,4046.71,4047.91,1314,36,0
2026-07-24 02:45:00,4047.92,4049.42,4046.33,4046.96,1708,35,0
2026-07-24 03:00:00,4046.93,4049.83,4040.78,4041.26,4174,37,0
2026-07-24 03:15:00,4041.25,4047.79,4040.83,4046.8,3547,35,0
2026-07-24 03:30:00,4046.86,4049.94,4044.61,4049.27,2907,35,0
2026-07-24 03:45:00,4049.3,4050.65,4048.12,4049.68,2680,35,0
2026-07-24 04:00:00,4049.68,4050.06,4039.48,4041.96,5237,37,0
2026-07-24 04:15:00,4042.05,4045.58,4041.13,4042.5,3982,35,0
2026-07-24 04:30:00,4042.5,4050.13,4041.26,4049.58,3996,35,0
2026-07-24 04:45:00,4049.53,4049.99,4040.88,4043.3,3974,35,0
2026-07-24 05:00:00,4043.27,4044.9,4040.58,4044.34,3223,35,0
2026-07-24 05:15:00,4044.33,4046.8,4040.7,4044.95,2214,35,0
2026-07-24 05:30:00,4045.09,4046.5,4039.67,4039.87,3390,35,0
2026-07-24 05:45:00,4039.87,4040.15,4021.35,4022.57,6343,35,0
2026-07-24 06:00:00,4022.57,4030.72,4021.31,4030.25,4121,36,0
2026-07-24 06:15:00,4030.25,4032.19,4026.68,4028.76,3634,37,0
2026-07-24 06:30:00,4028.84,4031.65,4028.81,4029.93,2476,36,0
2026-07-24 06:45:00,4029.93,4030.65,4026.88,4027.68,1987,36,0
2026-07-24 07:00:00,4027.7,4029.25,4026.03,4027.18,2036,35,0
2026-07-24 07:15:00,4027.18,4030.04,4026.85,4029.48,1652,35,0
2026-07-24 07:30:00,4029.48,4030.03,4025.63,4026.57,1482,35,0
2026-07-24 07:45:00,4026.56,4028.52,4025.3,4027.07,1510,35,0
2026-07-24 08:00:00,4027.13,4031.89,4024.98,4027.3,2404,35,0
2026-07-24 08:15:00,4027.24,4029.67,4022.12,4026.33,2442,35,0
2026-07-24 08:30:00,4026.25,4031.26,4023.68,4024.45,4432,36,0
2026-07-24 08:45:00,4024.45,4029.04,4021.72,4022.68,3519,34,0
2026-07-24 09:00:00,4022.73,4031.29,4022.64,4031.21,3987,34,0
2026-07-24 09:15:00,4031.35,4038.94,4029.54,4036.43,4083,31,0
2026-07-24 09:30:00,4036.38,4037.02,4033.07,4033.72,3593,32,0
2026-07-24 09:45:00,4033.71,4038.43,4031.55,4035.48,3614,31,0
2026-07-24 10:00:00,4035.27,4047.15,4034.84,4045.85,4323,36,0
2026-07-24 10:15:00,4045.82,4050.79,4043.94,4048.92,3655,31,0
2026-07-24 10:30:00,4048.92,4053.74,4045.77,4048.33,3352,31,0
2026-07-24 10:45:00,4048.34,4049.71,4046.11,4048.34,2913,34,0
2026-07-24 11:00:00,4048.31,4049.12,4045.19,4046.81,3240,33,0
2026-07-24 11:15:00,4046.7,4052.47,4045.12,4051.72,3411,32,0
2026-07-24 11:30:00,4051.69,4055.31,4048.71,4054.53,3352,31,0
2026-07-24 11:45:00,4054.53,4058.39,4052.12,4057.45,2895,31,0
2026-07-24 12:00:00,4057.45,4060.69,4053.14,4053.91,3303,31,0
2026-07-24 12:15:00,4053.94,4056.33,4052.2,4052.62,2521,31,0
2026-07-24 12:30:00,4052.6,4055.88,4051.47,4055.43,2308,31,0
2026-07-24 12:45:00,4055.43,4059.87,4054.46,4059.87,2273,33,0
2026-07-24 13:00:00,4059.97,4061.29,4057.44,4058.0,2478,31,0
2026-07-24 13:15:00,4058.0,4063.39,4057.36,4061.73,2274,31,0
2026-07-24 13:30:00,4061.73,4063.71,4057.99,4058.14,2180,31,0
2026-07-24 13:45:00,4058.28,4060.12,4056.93,4059.87,2182,31,0
2026-07-24 14:00:00,4059.88,4063.12,4058.36,4060.89,2253,31,0
2026-07-24 14:15:00,4060.89,4061.72,4058.89,4058.9,1803,31,0
2026-07-24 14:30:00,4058.91,4060.21,4055.18,4055.47,2359,31,0
2026-07-24 14:45:00,4055.46,4061.49,4051.29,4058.16,2939,31,0
2026-07-24 15:00:00,4058.41,4058.41,4052.24,4056.38,3858,35,0
2026-07-24 15:15:00,4056.38,4059.99,4054.74,4059.22,3353,35,0
2026-07-24 15:30:00,4059.22,4059.55,4051.95,4055.04,3403,31,0
2026-07-24 15:45:00,4055.04,4056.26,4051.62,4055.89,2806,34,0
2026-07-24 16:00:00,4055.89,4058.27,4044.35,4047.75,4662,36,0
2026-07-24 16:15:00,4047.74,4048.87,4044.22,4045.93,3702,31,0
2026-07-24 16:30:00,4046.11,4056.51,4044.22,4048.44,5909,31,0
2026-07-24 16:45:00,4048.6,4068.27,4048.1,4067.67,6197,36,0
2026-07-24 17:00:00,4067.72,4069.62,4056.94,4058.44,7056,32,0
2026-07-24 17:15:00,4058.45,4068.93,4055.42,4065.82,7042,31,0
2026-07-24 17:30:00,4065.82,4067.63,4058.78,4059.6,6199,33,0
2026-07-24 17:45:00,4059.59,4066.0,4058.06,4063.0,5619,31,0
2026-07-24 18:00:00,4063.03,4076.2,4061.39,4073.66,6291,31,0
2026-07-24 18:15:00,4073.43,4081.74,4071.5,4074.46,7518,35,0
2026-07-24 18:30:00,4074.44,4079.3,4071.08,4071.87,5733,35,0
2026-07-24 18:45:00,4071.89,4077.55,4070.59,4077.09,4516,34,0
2026-07-24 19:00:00,4077.02,4077.22,4074.2,4074.66,3614,36,0
2026-07-24 19:15:00,4074.7,4077.85,4073.32,4073.54,3397,36,0
2026-07-24 19:30:00,4073.56,4073.57,4066.4,4067.17,3761,35,0
2026-07-24 19:45:00,4067.12,4067.32,4063.8,4066.83,3055,31,0
2026-07-24 20:00:00,4066.82,4067.93,4062.55,4063.72,3533,33,0
2026-07-24 20:15:00,4063.72,4069.41,4063.23,4067.82,3453,32,0
2026-07-24 20:30:00,4067.81,4069.37,4065.59,4066.05,2616,31,0
2026-07-24 20:45:00,4066.03,4066.85,4062.45,4062.91,2717,31,0
2026-07-24 21:00:00,4062.86,4064.01,4060.84,4061.22,2965,35,0
2026-07-24 21:15:00,4061.22,4062.56,4054.55,4055.12,3550,34,0
2026-07-24 21:30:00,4055.12,4056.53,4050.62,4051.54,3472,36,0
2026-07-24 21:45:00,4051.59,4055.44,4051.31,4053.85,2542,31,0
2026-07-24 22:00:00,4053.84,4055.85,4051.73,4051.83,3351,31,0
2026-07-24 22:15:00,4051.83,4051.93,4048.66,4051.36,3081,31,0
2026-07-24 22:30:00,4051.34,4057.55,4050.92,4056.61,3815,31,0
2026-07-24 22:45:00,4056.62,4057.13,4052.32,4052.95,3015,31,0
2026-07-24 23:00:00,4053.05,4054.77,4051.79,4052.14,1483,31,0
2026-07-24 23:15:00,4052.13,4054.27,4051.66,4053.25,1101,33,0
2026-07-24 23:30:00,4053.22,4055.57,4051.1,4054.98,929,36,0
2026-07-24 23:45:00,4054.88,4055.84,4050.32,4051.0,847,44,0
2026-07-27 01:00:00,4088.09,4090.56,4085.93,4087.64,1318,38,0
2026-07-27 01:15:00,4087.41,4089.9,4083.63,4086.38,2146,38,0
2026-07-27 01:30:00,4085.88,4092.82,4085.46,4091.09,1774,38,0
2026-07-27 01:45:00,4091.03,4093.56,4088.87,4089.45,1483,38,0
2026-07-27 02:00:00,4089.65,4091.29,4084.44,4084.84,1616,37,0
2026-07-27 02:15:00,4084.82,4086.26,4083.48,4084.72,1831,35,0
2026-07-27 02:30:00,4084.72,4089.16,4084.53,4088.67,1645,35,0
2026-07-27 02:45:00,4088.92,4096.22,4088.06,4094.11,4394,37,0
2026-07-27 03:00:00,4094.16,4117.44,4093.95,4116.81,6710,37,0
2026-07-27 03:15:00,4116.81,4116.81,4091.82,4095.63,5498,37,0
2026-07-27 03:30:00,4095.59,4103.17,4094.84,4100.69,4564,35,0
2026-07-27 03:45:00,4100.79,4109.91,4099.11,4100.99,4991,36,0
2026-07-27 04:00:00,4102.01,4112.41,4102.01,4107.58,7109,36,0
2026-07-27 04:15:00,4107.59,4109.13,4096.95,4099.87,5630,35,0
2026-07-27 04:30:00,4099.87,4104.25,4097.92,4102.93,5235,36,0
2026-07-27 04:45:00,4102.93,4110.19,4102.7,4110.19,4777,35,0
2026-07-27 05:00:00,4110.54,4110.88,4103.44,4105.55,4281,35,0
2026-07-27 05:15:00,4105.5,4105.91,4102.03,4103.09,2621,35,0
2026-07-27 05:30:00,4103.17,4103.19,4095.6,4096.51,3495,35,0
2026-07-27 05:45:00,4096.47,4097.66,4093.12,4093.17,2530,35,0
2026-07-27 06:00:00,4093.17,4095.64,4088.7,4091.4,3380,35,0
2026-07-27 06:15:00,4091.46,4092.88,4084.68,4084.91,2753,35,0
2026-07-27 06:30:00,4084.91,4089.99,4084.48,4088.99,2966,35,0
2026-07-27 06:45:00,4088.91,4090.35,4087.73,4090.06,1801,35,0
2026-07-27 07:00:00,4090.09,4091.92,4087.74,4089.1,2371,35,0
2026-07-27 07:15:00,4089.1,4089.53,4086.16,4088.35,2267,35,0
2026-07-27 07:30:00,4088.32,4091.49,4088.21,4089.6,2103,35,0
2026-07-27 07:45:00,4089.63,4090.51,4088.44,4089.45,1679,35,0
2026-07-27 08:00:00,4089.42,4094.5,4087.75,4094.49,2556,37,0
2026-07-27 08:15:00,4094.49,4094.49,4085.96,4086.47,2358,35,0
2026-07-27 08:30:00,4086.48,4090.06,4085.57,4088.05,4395,35,0
2026-07-27 08:45:00,4087.97,4093.39,4084.33,4092.87,4106,35,0
2026-07-27 09:00:00,4092.9,4096.24,4091.44,4094.19,4123,31,0
2026-07-27 09:15:00,4094.21,4096.34,4091.15,4095.8,3285,31,0
2026-07-27 09:30:00,4095.8,4099.15,4094.15,4098.54,3447,31,0
2026-07-27 09:45:00,4098.58,4098.97,4095.03,4095.9,3059,31,0
2026-07-27 10:00:00,4095.8,4101.87,4095.8,4101.86,4427,35,0
2026-07-27 10:15:00,4101.87,4106.09,4099.81,4103.49,4181,31,0
2026-07-27 10:30:00,4103.5,4103.85,4095.75,4097.25,3374,31,0
2026-07-27 10:45:00,4097.27,4099.19,4088.51,4088.75,3541,33,0
2026-07-27 11:00:00,4088.75,4093.0,4087.0,4091.19,4170,34,0
2026-07-27 11:15:00,4091.17,4092.52,4088.9,4090.81,3366,32,0
2026-07-27 11:30:00,4090.85,4092.85,4087.36,4091.4,3433,33,0
2026-07-27 11:45:00,4091.4,4096.86,4090.84,4095.12,2489,31,0
2026-07-27 12:00:00,4095.12,4098.39,4093.15,4094.06,2487,31,0
2026-07-27 12:15:00,4094.03,4095.94,4091.23,4091.58,2638,31,0
2026-07-27 12:30:00,4091.58,4094.7,4090.57,4094.27,2872,32,0
2026-07-27 12:45:00,4094.27,4100.47,4093.91,4096.28,2692,31,0
2026-07-27 13:00:00,4096.27,4096.67,4086.58,4090.87,3116,31,0
2026-07-27 13:15:00,4090.87,4093.97,4089.19,4093.11,2464,32,0
2026-07-27 13:30:00,4093.11,4102.0,4093.02,4100.53,2431,33,0
2026-07-27 13:45:00,4100.53,4102.55,4099.03,4100.1,2161,31,0
2026-07-27 14:00:00,4100.07,4104.28,4097.24,4102.28,3167,31,0
2026-07-27 14:15:00,4102.2,4103.48,4097.16,4097.18,2115,31,0
2026-07-27 14:30:00,4097.09,4100.15,4094.97,4095.86,3629,33,0
2026-07-27 14:45:00,4095.72,4097.37,4093.78,4095.01,3123,31,0
2026-07-27 15:00:00,4095.04,4097.73,4086.31,4087.46,4460,33,0
2026-07-27 15:15:00,4087.47,4088.85,4081.45,4086.52,4549,32,0
2026-07-27 15:30:00,4086.53,4088.39,4082.88,4086.19,3437,32,0
2026-07-27 15:45:00,4086.18,4088.6,4081.12,4084.44,4034,31,0
2026-07-27 16:00:00,4084.65,4088.39,4080.81,4084.87,6252,35,0
2026-07-27 16:15:00,4084.89,4087.04,4075.71,4076.47,5604,33,0
2026-07-27 16:30:00,4076.48,4089.15,4075.41,4086.85,7944,34,0
2026-07-27 16:45:00,4086.85,4089.62,4070.51,4074.1,7257,31,0
2026-07-27 17:00:00,4074.15,4078.99,4071.13,4076.94,7124,32,0
2026-07-27 17:15:00,4077.42,4078.59,4067.13,4068.23,6844,33,0
2026-07-27 17:30:00,4068.26,4070.4,4065.2,4068.68,7316,31,0
2026-07-27 17:45:00,4068.72,4077.45,4068.72,4076.2,6019,31,0
2026-07-27 18:00:00,4076.2,4076.37,4071.74,4075.77,5521,32,0
2026-07-27 18:15:00,4075.78,4079.25,4074.53,4076.52,5227,34,0
2026-07-27 18:30:00,4076.48,4077.88,4072.61,4076.1,4948,31,0
2026-07-27 18:45:00,4076.18,4079.87,4074.58,4078.62,4002,31,0
2026-07-27 19:00:00,4078.62,4084.81,4077.77,4081.46,4269,35,0
2026-07-27 19:15:00,4081.49,4088.63,4079.69,4085.19,5257,35,0
2026-07-27 19:30:00,4085.18,4093.91,4085.02,4088.45,5248,34,0
2026-07-27 19:45:00,4088.44,4088.65,4080.77,4082.16,4254,34,0
2026-07-27 20:00:00,4082.2,4082.25,4070.52,4073.42,5174,34,0
2026-07-27 20:15:00,4073.39,4076.53,4072.13,4074.51,4326,31,0
2026-07-27 20:30:00,4074.55,4075.74,4071.9,4074.21,3854,32,0
2026-07-27 20:45:00,4074.2,4076.89,4073.07,4076.29,3760,31,0
2026-07-27 21:00:00,4076.3,4078.93,4075.83,4076.44,4109,35,0
2026-07-27 21:15:00,4076.45,4076.73,4073.81,4076.57,3842,34,0
2026-07-27 21:30:00,4076.58,4078.96,4072.69,4075.88,4111,34,0
2026-07-27 21:45:00,4075.88,4079.17,4074.56,4077.82,3796,36,0
2026-07-27 22:00:00,4077.78,4081.57,4075.95,4080.11,3272,35,0
2026-07-27 22:15:00,4080.1,4088.41,4079.2,4085.71,2442,36,0
2026-07-27 22:30:00,4085.71,4087.04,4083.49,4086.7,2448,35,0
2026-07-27 22:45:00,4086.7,4089.14,4082.29,4083.21,3901,36,0
2026-07-27 23:00:00,4083.23,4083.9,4081.27,4082.02,1518,31,0
2026-07-27 23:15:00,4082.01,4082.08,4078.1,4078.56,1283,33,0
2026-07-27 23:30:00,4078.57,4078.96,4075.7,4076.99,1299,36,0
2026-07-27 23:45:00,4077.08,4077.08,4073.74,4075.0,643,44,0
2026-07-28 01:00:00,4078.9,4079.78,4076.31,4076.83,883,37,0
2026-07-28 01:15:00,4076.83,4076.85,4070.84,4072.32,1348,38,0
2026-07-28 01:30:00,4072.31,4074.79,4072.18,4074.63,1066,36,0
2026-07-28 01:45:00,4074.63,4074.64,4073.33,4073.97,1232,36,0
2026-07-28 02:00:00,4073.99,4074.72,4071.55,4073.78,1345,35,0
2026-07-28 02:15:00,4073.78,4074.31,4071.64,4072.44,1188,35,0
2026-07-28 02:30:00,4072.44,4073.25,4071.16,4071.63,808,35,0
2026-07-28 02:45:00,4071.63,4072.88,4069.41,4072.64,2414,35,0
2026-07-28 03:00:00,4072.59,4073.63,4061.4,4066.13,4449,38,0
2026-07-28 03:15:00,4066.18,4066.67,4058.38,4061.41,3656,37,0
2026-07-28 03:30:00,4061.39,4065.39,4059.81,4064.24,3820,35,0
2026-07-28 03:45:00,4064.3,4064.7,4056.83,4057.39,3846,35,0
2026-07-28 04:00:00,4057.3,4059.85,4053.45,4057.47,6296,37,0
2026-07-28 04:15:00,4057.47,4058.66,4045.7,4046.55,4902,36,0
2026-07-28 04:30:00,4046.58,4049.95,4042.91,4048.34,4914,35,0
2026-07-28 04:45:00,4048.32,4048.32,4041.99,4044.63,4362,36,0
2026-07-28 05:00:00,4044.56,4047.05,4041.82,4045.94,4225,36,0
2026-07-28 05:15:00,4045.65,4048.4,4044.83,4045.53,3104,35,0
2026-07-28 05:30:00,4045.48,4047.32,4040.94,4043.53,3843,35,0
2026-07-28 05:45:00,4043.64,4044.93,4040.2,4041.63,3183,35,0
2026-07-28 06:00:00,4041.63,4046.76,4039.65,4045.35,3022,35,0
2026-07-28 06:15:00,4045.38,4048.82,4044.77,4047.21,2833,35,0
2026-07-28 06:30:00,4047.14,4050.66,4046.82,4047.99,2796,35,0
2026-07-28 06:45:00,4048.0,4050.26,4047.58,4048.8,2181,35,0
2026-07-28 07:00:00,4048.79,4049.1,4043.05,4043.49,2895,35,0
2026-07-28 07:15:00,4043.45,4047.45,4043.08,4045.25,2894,35,0
2026-07-28 07:30:00,4045.25,4047.27,4043.47,4047.12,2043,35,0
2026-07-28 07:45:00,4047.12,4047.41,4040.84,4041.28,2322,35,0
2026-07-28 08:00:00,4041.23,4043.35,4039.26,4041.6,3254,36,0
2026-07-28 08:15:00,4041.6,4043.12,4040.14,4042.16,2881,35,0
2026-07-28 08:30:00,4042.23,4044.97,4034.32,4041.07,5818,36,0
2026-07-28 08:45:00,4041.06,4046.04,4039.02,4044.73,3918,35,0
2026-07-28 09:00:00,4044.73,4047.35,4042.52,4043.88,4215,32,0
2026-07-28 09:15:00,4043.87,4048.51,4043.5,4047.35,3893,33,0
2026-07-28 09:30:00,4047.38,4052.01,4046.47,4049.53,3594,31,0
2026-07-28 09:45:00,4049.52,4051.1,4047.68,4048.03,3396,31,0
2026-07-28 10:00:00,4047.99,4050.86,4047.21,4048.56,3034,31,0
2026-07-28 10:15:00,4048.53,4051.95,4048.36,4050.08,2394,31,0
2026-07-28 10:30:00,4050.05,4050.68,4048.09,4049.07,2439,31,0
2026-07-28 10:45:00,4049.09,4049.51,4045.83,4046.76,2794,31,0
2026-07-28 11:00:00,4046.76,4054.74,4042.6,4043.61,5030,35,0
2026-07-28 11:15:00,4043.79,4050.7,4043.79,4049.4,4590,31,0
2026-07-28 11:30:00,4049.32,4049.32,4041.39,4042.7,3554,31,0
2026-07-28 11:45:00,4042.7,4045.65,4041.19,4044.85,2748,31,0
2026-07-28 12:00:00,4044.85,4045.37,4040.0,4040.32,2648,34,0
2026-07-28 12:15:00,4040.35,4043.49,4038.33,4039.7,2313,31,0
2026-07-28 12:30:00,4039.78,4039.78,4029.04,4032.65,3714,35,0
2026-07-28 12:45:00,4032.64,4033.61,4018.65,4022.2,3644,34,0
2026-07-28 13:00:00,4022.16,4026.23,4019.93,4023.34,4009,35,0
2026-07-28 13:15:00,4023.35,4025.17,4016.1,4016.49,3660,33,0
2026-07-28 13:30:00,4016.35,4022.81,4016.29,4021.89,3238,31,0
2026-07-28 13:45:00,4021.89,4027.93,4021.65,4025.97,3356,31,0
2026-07-28 14:00:00,4025.97,4028.25,4022.56,4023.4,4679,31,0
2026-07-28 14:15:00,4023.4,4031.79,4023.39,4027.42,4530,32,0
2026-07-28 14:30:00,4027.4,4030.84,4025.82,4026.46,4032,33,0
2026-07-28 14:45:00,4026.46,4027.94,4023.29,4027.69,3771,31,0
2026-07-28 15:00:00,4027.67,4027.97,4022.15,4027.16,4564,31,0
2026-07-28 15:15:00,4027.18,4034.35,4025.43,4033.95,3878,31,0
2026-07-28 15:30:00,4033.88,4034.39,4025.01,4033.21,4764,34,0
2026-07-28 15:45:00,4033.26,4037.58,4027.66,4028.88,4143,31,0
2026-07-28 16:00:00,4028.87,4035.09,4028.87,4032.45,5353,31,0
2026-07-28 16:15:00,4032.49,4035.58,4027.94,4028.29,4588,31,0
2026-07-28 16:30:00,4028.14,4032.3,4019.68,4024.97,7496,35,0
2026-07-28 16:45:00,4024.97,4028.51,4021.11,4021.69,6830,31,0
2026-07-28 17:00:00,4021.59,4033.21,4021.36,4025.46,6743,31,0
2026-07-28 17:15:00,4025.46,4026.24,4010.97,4021.63,7387,31,0
2026-07-28 17:30:00,4021.62,4024.67,4018.29,4022.11,6620,31,0
2026-07-28 17:45:00,4022.13,4029.08,4020.56,4024.36,5214,31,0
2026-07-28 18:00:00,4024.37,4035.82,4021.7,4033.22,6734,35,0
2026-07-28 18:15:00,4033.0,4040.53,4031.4,4035.39,7358,34,0
2026-07-28 18:30:00,4035.37,4041.7,4032.0,4041.08,5894,35,0
2026-07-28 18:45:00,4041.13,4046.84,4040.82,4046.15,5077,35,0
2026-07-28 19:00:00,4046.15,4046.3,4041.95,4044.46,4325,36,0
2026-07-28 19:15:00,4044.47,4045.61,4041.82,4041.85,4196,34,0
2026-07-28 19:30:00,4041.86,4043.52,4040.21,4040.4,3904,32,0
2026-07-28 19:45:00,4040.4,4040.95,4036.4,4037.48,3979,31,0
2026-07-28 20:00:00,4037.46,4040.69,4035.17,4036.56,4421,31,0
2026-07-28 20:15:00,4036.51,4040.97,4034.74,4037.18,4927,32,0
2026-07-28 20:30:00,4037.17,4037.31,4027.25,4027.82,3688,34,0
2026-07-28 20:45:00,4027.86,4029.08,4025.32,4027.53,4448,34,0
2026-07-28 21:00:00,4027.49,4029.8,4026.56,4027.63,4327,34,0
2026-07-28 21:15:00,4027.67,4029.42,4025.29,4026.5,4954,35,0
2026-07-28 21:30:00,4026.51,4026.85,4022.5,4023.56,4012,36,0
2026-07-28 21:45:00,4023.59,4025.4,4021.03,4022.31,3683,32,0
2026-07-28 22:00:00,4022.25,4025.08,4021.73,4023.4,3525,32,0
2026-07-28 22:15:00,4023.41,4024.46,4021.46,4023.18,2374,32,0
2026-07-28 22:30:00,4023.18,4027.19,4022.56,4025.97,3232,32,0
2026-07-28 22:45:00,4025.97,4027.52,4024.89,4025.67,3456,33,0
2026-07-28 23:00:00,4025.75,4025.78,4022.16,4023.19,2212,31,0
2026-07-28 23:15:00,4023.19,4027.29,4023.13,4026.99,1452,31,0
2026-07-28 23:30:00,4027.02,4029.81,4026.98,4029.65,1494,33,0
2026-07-28 23:45:00,4029.65,4030.1,4024.78,4026.96,932,44,0
2026-07-29 01:00:00,4024.89,4027.71,4024.13,4024.56,869,38,0
2026-07-29 01:15:00,4024.58,4024.88,4017.04,4020.64,2077,38,0
2026-07-29 01:30:00,4020.69,4020.87,4013.66,4018.05,2638,35,0
2026-07-29 01:45:00,4018.06,4019.42,4015.12,4018.11,2294,35,0
2026-07-29 02:00:00,4018.12,4022.92,4016.01,4021.95,2659,35,0
2026-07-29 02:15:00,4021.95,4021.95,4014.78,4019.04,2448,35,0
2026-07-29 02:30:00,4019.04,4023.14,4017.15,4022.79,1708,35,0
2026-07-29 02:45:00,4022.8,4025.97,4018.77,4024.78,4250,35,0
2026-07-29 03:00:00,4024.82,4025.89,4017.24,4020.26,4958,36,0
2026-07-29 03:15:00,4020.25,4029.48,4020.19,4022.42,4756,35,0
2026-07-29 03:30:00,4022.41,4027.45,4021.14,4025.68,3960,35,0
2026-07-29 03:45:00,4025.67,4025.72,4019.99,4021.51,4047,36,0
2026-07-29 04:00:00,4021.43,4021.46,4009.86,4012.52,6272,37,0
2026-07-29 04:15:00,4012.52,4019.83,4011.24,4017.98,4892,35,0
2026-07-29 04:30:00,4017.98,4030.23,4014.6,4027.59,6181,35,0
2026-07-29 04:45:00,4027.56,4028.18,4021.71,4025.67,4684,35,0
2026-07-29 05:00:00,4025.68,4029.06,4022.9,4028.06,4075,35,0
2026-07-29 05:15:00,4028.04,4035.21,4026.19,4033.19,3502,35,0
2026-07-29 05:30:00,4033.21,4037.65,4030.41,4034.96,4308,35,0
2026-07-29 05:45:00,4035.09,4035.13,4028.9,4028.96,3285,35,0
2026-07-29 06:00:00,4029.02,4032.52,4027.08,4027.55,3455,35,0
2026-07-29 06:15:00,4027.55,4028.55,4025.22,4026.57,2825,35,0
2026-07-29 06:30:00,4026.61,4029.27,4024.38,4025.88,2547,35,0
2026-07-29 06:45:00,4025.89,4026.73,4022.8,4023.27,1939,35,0
2026-07-29 07:00:00,4023.26,4024.48,4020.94,4021.38,2363,35,0
2026-07-29 07:15:00,4021.38,4025.11,4020.23,4023.04,2528,35,0
2026-07-29 07:30:00,4023.05,4027.05,4022.9,4027.05,3213,35,0
2026-07-29 07:45:00,4027.04,4027.38,4023.1,4027.22,3622,35,0
2026-07-29 08:00:00,4027.22,4031.39,4026.23,4030.05,2955,35,0
2026-07-29 08:15:00,4030.05,4030.96,4026.81,4030.38,2369,35,0
2026-07-29 08:30:00,4030.34,4039.41,4029.48,4039.18,4582,37,0
2026-07-29 08:45:00,4039.2,4039.89,4031.34,4032.78,3722,35,0
2026-07-29 09:00:00,4032.79,4038.16,4032.72,4037.24,3307,31,0
2026-07-29 09:15:00,4037.18,4042.89,4035.73,4041.41,3173,33,0
2026-07-29 09:30:00,4041.33,4044.7,4040.5,4042.81,3350,31,0
2026-07-29 09:45:00,4042.81,4043.02,4039.8,4041.5,2994,31,0
2026-07-29 10:00:00,4041.65,4046.71,4041.12,4045.52,2874,31,0
2026-07-29 10:15:00,4045.55,4047.88,4044.33,4046.29,2176,31,0
2026-07-29 10:30:00,4046.29,4047.68,4044.9,4046.09,2368,31,0
2026-07-29 10:45:00,4046.09,4047.14,4042.86,4043.99,2374,31,0
2026-07-29 11:00:00,4044.0,4044.58,4039.32,4039.34,2774,31,0
2026-07-29 11:15:00,4039.33,4042.31,4035.78,4037.33,2389,31,0
2026-07-29 11:30:00,4037.33,4039.16,4035.75,4038.14,2435,31,0
2026-07-29 11:45:00,4038.19,4040.14,4037.0,4037.55,2495,31,0
2026-07-29 12:00:00,4037.54,4038.31,4035.43,4036.26,2439,31,0
2026-07-29 12:15:00,4036.26,4037.6,4033.32,4033.63,2585,31,0
2026-07-29 12:30:00,4033.63,4034.84,4031.16,4034.16,2839,33,0
2026-07-29 12:45:00,4034.16,4036.15,4031.68,4032.35,2211,32,0
2026-07-29 13:00:00,4032.26,4033.79,4030.6,4031.61,2776,33,0
2026-07-29 13:15:00,4031.61,4032.99,4029.88,4032.56,2224,32,0
2026-07-29 13:30:00,4032.56,4034.06,4025.96,4027.0,2299,34,0
2026-07-29 13:45:00,4026.99,4028.21,4025.55,4026.78,2037,31,0
2026-07-29 14:00:00,4026.7,4029.33,4024.47,4029.33,2558,31,0
2026-07-29 14:15:00,4029.33,4033.15,4028.04,4032.59,2304,31,0
2026-07-29 14:30:00,4032.66,4032.66,4029.79,4030.62,1717,31,0
2026-07-29 14:45:00,4030.62,4035.69,4030.24,4032.4,2665,33,0
2026-07-29 15:00:00,4032.4,4032.97,4025.87,4026.76,2643,31,0
2026-07-29 15:15:00,4026.7,4027.21,4012.01,4012.08,6313,36,0
2026-07-29 15:30:00,4012.09,4021.89,4008.46,4020.5,4351,34,0
2026-07-29 15:45:00,4020.54,4023.3,4018.53,4022.29,3233,34,0
2026-07-29 16:00:00,4022.43,4025.99,4014.67,4015.22,5249,33,0
2026-07-29 16:15:00,4015.22,4022.79,4013.23,4014.12,4936,31,0
2026-07-29 16:30:00,4014.1,4017.49,4009.55,4012.92,8095,35,0
2026-07-29 16:45:00,4012.92,4015.62,4001.91,4006.79,7417,31,0
2026-07-29 17:00:00,4006.71,4008.12,3995.36,3998.59,7347,31,0
2026-07-29 17:15:00,3998.59,4009.75,3998.29,4005.36,6729,31,0
2026-07-29 17:30:00,4005.36,4008.83,3998.61,4000.74,6254,32,0
2026-07-29 17:45:00,4000.69,4005.27,3997.86,4004.6,6363,31,0
2026-07-29 18:00:00,4004.6,4009.36,4002.8,4006.42,5228,31,0
2026-07-29 18:15:00,4006.37,4010.8,4003.29,4010.32,4863,31,0
2026-07-29 18:30:00,4010.36,4013.08,4006.69,4009.96,4647,31,0
2026-07-29 18:45:00,4009.95,4013.32,4007.89,4009.44,3746,31,0
2026-07-29 19:00:00,4009.44,4015.19,4007.25,4008.97,4468,31,0
2026-07-29 19:15:00,4008.98,4017.13,4007.46,4016.13,4083,35,0
2026-07-29 19:30:00,4016.08,4018.61,4014.6,4016.64,3696,35,0
2026-07-29 19:45:00,4016.64,4032.82,4014.95,4027.83,5312,34,0
2026-07-29 20:00:00,4027.95,4050.14,4027.47,4041.86,6577,36,0
2026-07-29 20:15:00,4041.88,4050.37,4037.05,4038.8,6510,36,0
2026-07-29 20:30:00,4038.37,4047.27,4036.2,4045.53,5339,33,0
2026-07-29 20:45:00,4045.57,4047.98,4041.71,4041.85,3999,32,0
2026-07-29 21:00:00,4041.81,4085.21,4040.58,4080.62,10574,36,0
2026-07-29 21:15:00,4080.62,4082.83,4063.86,4067.72,8838,36,0
2026-07-29 21:30:00,4067.71,4086.83,4052.01,4083.33,11151,36,0
2026-07-29 21:45:00,4083.34,4109.79,4082.04,4105.87,10649,36,0
2026-07-29 22:00:00,4105.97,4116.56,4090.0,4099.05,10504,34,0
2026-07-29 22:15:00,4099.2,4104.61,4080.95,4085.03,10171,33,0
2026-07-29 22:30:00,4085.08,4088.26,4065.25,4069.48,9983,35,0
2026-07-29 22:45:00,4069.47,4071.88,4044.25,4045.8,9683,35,0
2026-07-29 23:00:00,4045.81,4055.84,4042.72,4051.91,7064,34,0
2026-07-29 23:15:00,4051.91,4057.15,4043.67,4055.37,5036,33,0
2026-07-29 23:30:00,4055.34,4069.1,4053.82,4067.05,3335,35,0
2026-07-29 23:45:00,4067.05,4069.93,4061.98,4064.75,2282,44,0
2026-07-30 01:00:00,4071.74,4077.76,4063.39,4076.41,2322,38,0
2026-07-30 01:15:00,4076.44,4077.48,4072.43,4074.8,2217,38,0
2026-07-30 01:30:00,4074.8,4081.43,4072.49,4081.39,2025,38,0
2026-07-30 01:45:00,4081.39,4090.32,4079.58,4088.89,2479,36,0
2026-07-30 02:00:00,4089.05,4100.14,4088.53,4091.87,3088,35,0
2026-07-30 02:15:00,4091.88,4094.76,4090.24,4093.35,2176,35,0
2026-07-30 02:30:00,4093.85,4094.41,4089.21,4090.07,2489,35,0
2026-07-30 02:45:00,4090.14,4092.99,4084.13,4084.91,5913,35,0
2026-07-30 03:00:00,4084.95,4086.49,4078.96,4081.75,7209,35,0
2026-07-30 03:15:00,4081.75,4083.54,4072.69,4075.33,7141,35,0
2026-07-30 03:30:00,4075.38,4076.88,4064.91,4066.01,5742,35,0
2026-07-30 03:45:00,4066.01,4072.68,4064.79,4071.99,5306,35,0
2026-07-30 04:00:00,4071.96,4092.84,4070.16,4075.46,7988,37,0
2026-07-30 04:15:00,4075.44,4084.46,4073.15,4081.05,7145,35,0
2026-07-30 04:30:00,4081.11,4089.62,4080.54,4086.63,6387,36,0
2026-07-30 04:45:00,4086.63,4090.86,4083.76,4084.58,5187,36,0
2026-07-30 05:00:00,4084.57,4090.31,4082.34,4082.52,4559,35,0
2026-07-30 05:15:00,4082.49,4083.62,4079.91,4082.37,4029,35,0
2026-07-30 05:30:00,4082.26,4082.54,4073.52,4076.75,5939,36,0
2026-07-30 05:45:00,4076.75,4076.93,4063.29,4063.53,4970,35,0
2026-07-30 06:00:00,4063.52,4069.93,4060.49,4062.7,5087,35,0
2026-07-30 06:15:00,4062.68,4063.61,4051.1,4052.52,5206,35,0
2026-07-30 06:30:00,4052.49,4054.3,4049.11,4050.8,4405,35,0
2026-07-30 06:45:00,4050.8,4058.33,4050.68,4057.32,3741,35,0
2026-07-30 07:00:00,4057.32,4058.72,4052.53,4053.31,3891,35,0
2026-07-30 07:15:00,4053.35,4056.36,4051.52,4055.08,3224,35,0
2026-07-30 07:30:00,4055.04,4055.17,4048.84,4049.69,3278,35,0
2026-07-30 07:45:00,4049.77,4053.1,4045.13,4046.73,3772,35,0
2026-07-30 08:00:00,4046.73,4046.73,4042.37,4046.12,4078,35,0
2026-07-30 08:15:00,4046.12,4047.0,4037.56,4045.77,4338,35,0
2026-07-30 08:30:00,4045.78,4051.02,4028.21,4033.16,7234,38,0
2026-07-30 08:45:00,4033.2,4038.33,4029.8,4033.57,5749,35,0
2026-07-30 09:00:00,4033.57,4039.15,4030.89,4031.61,5790,34,0
2026-07-30 09:15:00,4031.69,4039.0,4029.14,4032.9,5392,31,0
2026-07-30 09:30:00,4032.95,4038.0,4030.76,4034.5,4833,31,0
2026-07-30 09:45:00,4034.25,4040.16,4033.92,4035.96,4141,31,0
2026-07-30 10:00:00,4036.01,4047.65,4035.29,4046.3,6220,35,0
2026-07-30 10:15:00,4046.29,4051.16,4042.34,4045.34,4817,31,0
2026-07-30 10:30:00,4045.34,4045.7,4034.85,4044.38,4464,31,0
2026-07-30 10:45:00,4044.4,4045.1,4036.46,4038.04,4352,31,0
2026-07-30 11:00:00,4037.92,4055.17,4035.43,4052.4,6035,36,0
2026-07-30 11:15:00,4052.4,4068.37,4051.45,4064.28,5824,34,0
2026-07-30 11:30:00,4064.27,4072.84,4062.98,4066.23,5836,33,0
2026-07-30 11:45:00,4066.22,4070.92,4058.87,4060.46,4606,31,0
2026-07-30 12:00:00,4060.63,4067.68,4059.27,4064.9,4520,32,0
2026-07-30 12:15:00,4064.87,4071.15,4063.25,4066.66,4241,31,0
2026-07-30 12:30:00,4066.66,4068.77,4059.87,4065.65,4577,31,0
2026-07-30 12:45:00,4065.67,4073.71,4063.63,4064.81,4216,32,0
2026-07-30 13:00:00,4064.79,4076.05,4064.36,4069.76,4981,32,0
2026-07-30 13:15:00,4069.75,4078.92,4068.92,4077.6,4525,33,0
2026-07-30 13:30:00,4077.6,4084.05,4076.57,4082.51,4732,33,0
2026-07-30 13:45:00,4082.59,4084.49,4078.98,4079.22,3793,31,0
2026-07-30 14:00:00,4079.63,4083.12,4078.44,4079.88,4079,31,0
2026-07-30 14:15:00,4079.88,4082.2,4076.8,4078.77,3450,31,0
2026-07-30 14:30:00,4078.77,4079.62,4076.43,4077.64,3603,31,0
2026-07-30 14:45:00,4077.63,4080.82,4075.87,4078.65,3498,31,0
2026-07-30 15:00:00,4078.53,4082.65,4074.86,4078.81,4512,34,0
2026-07-30 15:15:00,4078.81,4081.58,4071.84,4078.28,4803,31,0
2026-07-30 15:30:00,4078.19,4086.83,4071.9,4077.37,6665,31,0
2026-07-30 15:45:00,4077.38,4079.54,4067.31,4068.49,6721,32,0
2026-07-30 16:00:00,4068.63,4076.89,4065.25,4076.72,7307,31,0
2026-07-30 16:15:00,4076.67,4084.12,4072.12,4080.25,6178,31,0
2026-07-30 16:30:00,4080.42,4098.91,4075.01,4089.03,10154,36,0
2026-07-30 16:45:00,4089.06,4112.93,4085.7,4112.19,9560,34,0
2026-07-30 17:00:00,4112.19,4120.4,4094.07,4098.09,9962,31,0
2026-07-30 17:15:00,4098.1,4100.02,4086.85,4096.29,8439,34,0
2026-07-30 17:30:00,4096.28,4111.21,4094.63,4110.73,6757,35,0
2026-07-30 17:45:00,4110.73,4112.98,4096.58,4099.97,7035,34,0
2026-07-30 18:00:00,4100.01,4100.18,4082.91,4085.09,7625,36,0
2026-07-30 18:15:00,4085.09,4097.15,4084.78,4096.09,7128,31,0
2026-07-30 18:30:00,4096.04,4106.91,4092.67,4105.42,5878,35,0
2026-07-30 18:45:00,4105.43,4110.26,4103.7,4108.03,5152,31,0
2026-07-30 19:00:00,4108.02,4115.97,4107.75,4114.29,4512,36,0
2026-07-30 19:15:00,4114.29,4119.27,4113.76,4115.78,4091,36,0
2026-07-30 19:30:00,4115.73,4116.59,4108.52,4108.79,4630,36,0
2026-07-30 19:45:00,4108.79,4110.94,4106.88,4110.9,3797,35,0
2026-07-30 20:00:00,4110.79,4111.42,4105.08,4105.2,4260,35,0
2026-07-30 20:15:00,4105.25,4108.48,4098.79,4101.36,4589,35,0
2026-07-30 20:30:00,4101.37,4108.33,4100.23,4106.28,5876,36,0
2026-07-30 20:45:00,4106.29,4108.73,4101.52,4103.01,3531,32,0
2026-07-30 21:00:00,4102.98,4107.08,4102.98,4106.77,4078,31,0
2026-07-30 21:15:00,4106.77,4107.05,4101.11,4104.13,3438,36,0
2026-07-30 21:30:00,4104.13,4108.06,4103.26,4105.12,2703,33,0
2026-07-30 21:45:00,4105.16,4105.53,4099.01,4099.66,2776,32,0
2026-07-30 22:00:00,4099.68,4105.82,4098.99,4104.89,3544,36,0
2026-07-30 22:15:00,4104.89,4114.95,4103.17,4112.71,3755,36,0
2026-07-30 22:30:00,4112.54,4115.32,4111.54,4112.15,3203,32,0
2026-07-30 22:45:00,4112.14,4113.11,4109.23,4112.06,3486,33,0
2026-07-30 23:00:00,4112.06,4117.51,4110.16,4114.23,3780,31,0
2026-07-30 23:15:00,4114.25,4115.08,4111.82,4112.39,2256,31,0
2026-07-30 23:30:00,4112.33,4112.59,4102.5,4102.78,2945,35,0
2026-07-30 23:45:00,4102.72,4103.66,4097.89,4101.49,1849,44,0
2026-07-31 01:00:00,4101.84,4107.62,4101.19,4106.74,1069,38,0
2026-07-31 01:15:00,4106.75,4108.46,4106.52,4107.62,1813,37,0
2026-07-31 01:30:00,4107.66,4110.52,4107.02,4110.41,1665,37,0
2026-07-31 01:45:00,4110.41,4111.34,4109.1,4109.25,1226,37,0
2026-07-31 02:00:00,4109.25,4111.78,4106.63,4107.45,1413,35,0
2026-07-31 02:15:00,4107.45,4107.6,4104.02,4104.43,1721,35,0
2026-07-31 02:30:00,4104.45,4107.67,4102.42,4106.23,1862,35,0
2026-07-31 02:45:00,4106.28,4110.15,4105.58,4106.62,2020,35,0
2026-07-31 03:00:00,4106.64,4107.2,4100.7,4101.26,3450,37,0
2026-07-31 03:15:00,4101.26,4103.79,4096.14,4096.46,3168,35,0
2026-07-31 03:30:00,4096.47,4097.59,4090.45,4093.09,2700,35,0
2026-07-31 03:45:00,4093.16,4096.06,4090.62,4095.41,2933,35,0
2026-07-31 04:00:00,4095.77,4101.69,4088.8,4089.09,5434,37,0
2026-07-31 04:15:00,4089.09,4095.05,4086.58,4092.1,3382,35,0
2026-07-31 04:30:00,4092.1,4092.12,4083.91,4085.14,3701,35,0
2026-07-31 04:45:00,4085.09,4089.36,4081.94,4084.44,3366,35,0
2026-07-31 05:00:00,4084.49,4090.39,4081.63,4085.56,3303,35,0
2026-07-31 05:15:00,4085.56,4085.56,4081.49,4081.82,1992,35,0
2026-07-31 05:30:00,4081.81,4084.18,4075.22,4075.59,2945,35,0
2026-07-31 05:45:00,4075.59,4078.19,4074.01,4075.77,2757,35,0
2026-07-31 06:00:00,4075.77,4076.11,4071.84,4073.35,2906,35,0
2026-07-31 06:15:00,4073.31,4075.8,4072.08,4075.02,2964,35,0
2026-07-31 06:30:00,4074.96,4079.08,4074.74,4076.31,2772,35,0
2026-07-31 06:45:00,4076.32,4077.2,4073.98,4074.67,2004,35,0
2026-07-31 07:00:00,4074.66,4076.61,4072.95,4076.41,2050,35,0
2026-07-31 07:15:00,4076.41,4079.67,4074.12,4079.67,1893,35,0
2026-07-31 07:30:00,4079.67,4081.15,4078.85,4078.93,1480,35,0
2026-07-31 07:45:00,4078.94,4079.83,4074.46,4079.7,1653,35,0
2026-07-31 08:00:00,4079.77,4082.82,4079.38,4079.56,1775,35,0
2026-07-31 08:15:00,4079.53,4082.65,4079.2,4081.05,1333,35,0
2026-07-31 08:30:00,4081.04,4081.23,4075.53,4076.09,3262,35,0
2026-07-31 08:45:00,4076.09,4076.1,4073.0,4073.93,2840,35,0
2026-07-31 09:00:00,4073.93,4082.51,4072.43,4082.06,3536,31,0
2026-07-31 09:15:00,4082.06,4087.2,4080.81,4084.58,3505,31,0
2026-07-31 09:30:00,4084.58,4084.76,4076.94,4077.68,4071,31,0
2026-07-31 09:45:00,4077.72,4081.15,4076.06,4077.05,3486,31,0
2026-07-31 10:00:00,4077.07,4078.61,4074.86,4077.14,3033,31,0
2026-07-31 10:15:00,4077.14,4078.71,4071.52,4072.46,3169,31,0
2026-07-31 10:30:00,4072.49,4073.43,4067.84,4072.22,3233,31,0
2026-07-31 10:45:00,4072.22,4073.96,4067.02,4067.15,3271,31,0
2026-07-31 11:00:00,4067.12,4067.33,4060.49,4061.7,3918,31,0
2026-07-31 11:15:00,4061.69,4066.73,4057.61,4058.09,3647,34,0
2026-07-31 11:30:00,4058.09,4061.15,4053.83,4058.81,3381,31,0
2026-07-31 11:45:00,4058.81,4064.0,4057.43,4060.57,3332,31,0
2026-07-31 12:00:00,4060.55,4063.57,4054.81,4056.39,4191,32,0
2026-07-31 12:15:00,4056.33,4056.88,4051.0,4051.71,3431,31,0
2026-07-31 12:30:00,4051.71,4054.3,4049.98,4052.61,2963,31,0
2026-07-31 12:45:00,4052.59,4056.49,4051.88,4054.33,2442,33,0
2026-07-31 13:00:00,4054.41,4057.64,4052.57,4055.28,2527,33,0
2026-07-31 13:15:00,4055.27,4055.38,4051.27,4052.63,2164,31,0
2026-07-31 13:30:00,4052.63,4055.69,4052.21,4054.04,2169,31,0
2026-07-31 13:45:00,4054.04,4056.32,4052.91,4053.73,1876,31,0
2026-07-31 14:00:00,4053.81,4058.73,4051.34,4056.46,2617,31,0
2026-07-31 14:15:00,4056.49,4060.42,4053.56,4058.13,3134,31,0
2026-07-31 14:30:00,4058.13,4058.13,4050.02,4051.41,2930,31,0
2026-07-31 14:45:00,4051.41,4054.7,4050.62,4053.17,2205,31,0
2026-07-31 15:00:00,4053.22,4058.6,4051.77,4058.47,3119,32,0
2026-07-31 15:15:00,4058.33,4058.58,4046.41,4046.79,3496,31,0
2026-07-31 15:30:00,4046.72,4051.01,4041.85,4044.26,4849,35,0
2026-07-31 15:45:00,4044.13,4045.77,4039.79,4039.92,3883,31,0
2026-07-31 16:00:00,4039.74,4042.22,4034.1,4035.69,6038,33,0
2026-07-31 16:15:00,4035.69,4046.25,4035.02,4041.19,6147,33,0
2026-07-31 16:30:00,4041.3,4043.25,4022.02,4025.17,8488,35,0
2026-07-31 16:45:00,4025.21,4031.61,4021.44,4024.54,8416,32,0
2026-07-31 17:00:00,4024.53,4032.02,4020.42,4031.42,8462,31,0
2026-07-31 17:15:00,4031.44,4039.7,4029.42,4038.59,6860,29,0
2026-07-31 17:30:00,4038.59,4042.62,4036.26,4041.1,6277,32,0
2026-07-31 17:45:00,4041.15,4049.83,4040.64,4049.08,6037,34,0
2026-07-31 18:00:00,4049.15,4050.42,4042.47,4046.7,5539,31,0
2026-07-31 18:15:00,4046.69,4052.34,4039.78,4040.67,6248,31,0
2026-07-31 18:30:00,4040.66,4043.26,4036.3,4041.95,5072,31,0
2026-07-31 18:45:00,4041.86,4046.38,4039.45,4045.28,5244,31,0
2026-07-31 19:00:00,4045.3,4046.46,4040.75,4045.87,4241,35,0
2026-07-31 19:15:00,4045.87,4048.0,4042.64,4047.11,4266,35,0
2026-07-31 19:30:00,4047.07,4049.54,4040.9,4042.01,3677,31,0
2026-07-31 19:45:00,4042.04,4044.7,4041.8,4043.02,2866,32,0
2026-07-31 20:00:00,4043.04,4046.01,4041.23,4045.3,2729,35,0
2026-07-31 20:15:00,4045.31,4052.87,4044.45,4050.1,3866,34,0
2026-07-31 20:30:00,4050.1,4052.8,4047.29,4051.57,4045,36,0
2026-07-31 20:45:00,4051.72,4054.37,4049.92,4053.26,4523,32,0
2026-07-31 21:00:00,4053.32,4054.8,4046.77,4047.66,4222,32,0
2026-07-31 21:15:00,4047.71,4051.37,4047.38,4050.58,3027,32,0
2026-07-31 21:30:00,4050.66,4051.39,4047.65,4049.09,2090,34,0
2026-07-31 21:45:00,4049.09,4051.27,4047.84,4050.52,2181,35,0
2026-07-31 22:00:00,4050.52,4052.54,4046.53,4047.75,2239,34,0
2026-07-31 22:15:00,4047.75,4050.41,4046.81,4050.35,2135,33,0
2026-07-31 22:30:00,4050.33,4054.39,4048.68,4053.62,2204,35,0
2026-07-31 22:45:00,4053.65,4055.33,4049.74,4050.69,4563,36,0
2026-07-31 23:00:00,4050.69,4051.52,4044.99,4047.44,3093,31,0
2026-07-31 23:15:00,4047.45,4048.66,4046.13,4047.44,2322,31,0
2026-07-31 23:30:00,4047.46,4052.75,4046.99,4051.15,1797,33,0
2026-07-31 23:45:00,4051.09,4051.95,4040.24,4042.2,2838,44,0
2026-08-03 01:00:00,4073.52,4078.37,4069.85,4076.05,2216,38,0
2026-08-03 01:15:00,4076.05,4076.99,4063.88,4065.86,2977,38,0
2026-08-03 01:30:00,4065.85,4068.16,4063.95,4066.69,2679,38,0
2026-08-03 01:45:00,4066.69,4067.05,4062.93,4063.32,2258,38,0
2026-08-03 02:00:00,4063.32,4066.93,4063.06,4066.38,2269,37,0
2026-08-03 02:15:00,4066.38,4072.49,4066.11,4072.03,2184,35,0
2026-08-03 02:30:00,4072.04,4072.35,4067.95,4069.84,1520,35,0
2026-08-03 02:45:00,4069.87,4074.93,4068.24,4074.85,3615,36,0
2026-08-03 03:00:00,4074.84,4078.88,4069.94,4072.24,5289,36,0
2026-08-03 03:15:00,4072.25,4072.82,4061.2,4063.99,4971,35,0
2026-08-03 03:30:00,4064.0,4069.87,4056.87,4058.31,5786,35,0
2026-08-03 03:45:00,4058.34,4060.61,4055.59,4057.02,5079,35,0
2026-08-03 04:00:00,4057.02,4063.35,4051.25,4052.24,7205,35,0
2026-08-03 04:15:00,4052.3,4054.91,4047.19,4052.92,4985,35,0
2026-08-03 04:30:00,4053.04,4056.75,4047.35,4051.35,4227,36,0
2026-08-03 04:45:00,4051.36,4057.36,4049.92,4056.59,4211,35,0
2026-08-03 05:00:00,4056.58,4060.84,4053.15,4055.69,3462,35,0
2026-08-03 05:15:00,4055.69,4060.56,4051.87,4058.04,2661,35,0
2026-08-03 05:30:00,4058.04,4060.48,4052.34,4059.29,3882,35,0
2026-08-03 05:45:00,4059.29,4066.89,4058.38,4062.06,3362,35,0
2026-08-03 06:00:00,4062.07,4065.36,4060.88,4063.87,2660,35,0
2026-08-03 06:15:00,4063.87,4067.79,4061.55,4063.58,2921,35,0
2026-08-03 06:30:00,4063.58,4064.87,4060.51,4060.54,2247,35,0
2026-08-03 06:45:00,4060.53,4066.76,4059.18,4065.13,2056,36,0
2026-08-03 07:00:00,4065.13,4068.3,4064.32,4066.69,1880,35,0
2026-08-03 07:15:00,4066.69,4071.06,4066.22,4068.33,1823,35,0
2026-08-03 07:30:00,4068.36,4071.26,4068.36,4070.67,1878,35,0
2026-08-03 07:45:00,4070.6,4071.98,4063.68,4064.09,1920,35,0
2026-08-03 08:00:00,4064.08,4065.35,4056.57,4057.29,2653,36,0
2026-08-03 08:15:00,4057.29,4062.46,4054.0,4059.42,2244,35,0
2026-08-03 08:30:00,4059.09,4064.37,4054.89,4063.17,3622,35,0
2026-08-03 08:45:00,4063.24,4069.88,4058.68,4068.9,2857,35,0
2026-08-03 09:00:00,4068.9,4071.19,4066.07,4066.07,3781,31,0
2026-08-03 09:15:00,4066.2,4072.1,4065.58,4068.46,3989,32,0
2026-08-03 09:30:00,4068.46,4069.01,4060.5,4065.92,3659,33,0
2026-08-03 09:45:00,4065.91,4066.93,4062.75,4063.52,2870,34,0
2026-08-03 10:00:00,4063.51,4065.23,4059.6,4061.62,3874,31,0
2026-08-03 10:15:00,4061.64,4062.05,4051.98,4058.23,4399,34,0
2026-08-03 10:30:00,4058.22,4061.12,4056.6,4059.67,3142,35,0
2026-08-03 10:45:00,4059.67,4063.32,4058.38,4061.16,3243,34,0
2026-08-03 11:00:00,4061.18,4062.17,4058.43,4061.73,3299,31,0
2026-08-03 11:15:00,4061.73,4062.46,4054.31,4056.03,3064,31,0
2026-08-03 11:30:00,4056.05,4060.68,4054.77,4058.58,2695,31,0
2026-08-03 11:45:00,4058.58,4060.94,4057.68,4059.52,2404,31,0
2026-08-03 12:00:00,4059.53,4062.26,4057.4,4061.59,2516,31,0
2026-08-03 12:15:00,4061.59,4061.59,4052.11,4052.75,2943,31,0
2026-08-03 12:30:00,4052.77,4054.76,4046.57,4053.43,4003,35,0
2026-08-03 12:45:00,4053.46,4058.13,4053.46,4055.53,3141,34,0
2026-08-03 13:00:00,4055.52,4057.24,4053.26,4056.41,2885,33,0
2026-08-03 13:15:00,4056.41,4057.14,4052.1,4053.63,2995,33,0
2026-08-03 13:30:00,4053.64,4053.8,4048.78,4049.2,2802,31,0
2026-08-03 13:45:00,4049.15,4050.66,4045.87,4049.33,2518,31,0
2026-08-03 14:00:00,4049.33,4052.86,4047.56,4049.69,3235,31,0
2026-08-03 14:15:00,4049.67,4049.76,4045.27,4048.29,2738,31,0
2026-08-03 14:30:00,4048.29,4054.9,4047.8,4053.7,2546,31,0
2026-08-03 14:45:00,4053.68,4063.14,4052.72,4062.58,3925,31,0
2026-08-03 15:00:00,4062.63,4064.61,4054.78,4056.04,4014,31,0
2026-08-03 15:15:00,4056.05,4056.5,4048.61,4050.73,3754,31,0
2026-08-03 15:30:00,4050.73,4052.87,4041.9,4044.6,3868,31,0
2026-08-03 15:45:00,4044.6,4048.48,4042.87,4047.82,3086,31,0
2026-08-03 16:00:00,4048.12,4053.11,4038.19,4038.44,6539,36,0
2026-08-03 16:15:00,4038.34,4040.17,4031.02,4033.47,5903,31,0
2026-08-03 16:30:00,4033.8,4034.93,4018.57,4031.68,8189,33,0
2026-08-03 16:45:00,4031.69,4034.65,4027.63,4028.28,6956,32,0
2026-08-03 17:00:00,4028.6,4035.46,4026.03,4032.38,6907,31,0
2026-08-03 17:15:00,4032.4,4035.52,4029.3,4031.92,5390,31,0
2026-08-03 17:30:00,4032.01,4037.68,4031.49,4036.23,4420,34,0
2026-08-03 17:45:00,4036.23,4038.86,4033.34,4036.06,3832,31,0
2026-08-03 18:00:00,4035.96,4036.75,4029.99,4033.29,4493,31,0
2026-08-03 18:15:00,4033.25,4038.2,4030.45,4032.67,4156,31,0
2026-08-03 18:30:00,4032.66,4038.79,4030.68,4036.76,3385,31,0
2026-08-03 18:45:00,4036.66,4040.71,4035.24,4035.99,2797,31,0
2026-08-03 19:00:00,4035.95,4037.39,4034.49,4036.19,2173,33,0
2026-08-03 19:15:00,4036.2,4038.54,4034.73,4036.82,2212,35,0
2026-08-03 19:30:00,4036.81,4039.09,4035.24,4038.62,2369,31,0
2026-08-03 19:45:00,4038.57,4038.66,4035.54,4036.87,2079,31,0
2026-08-03 20:00:00,4036.86,4037.39,4033.14,4034.14,2102,31,0
2026-08-03 20:15:00,4034.18,4037.52,4033.72,4034.31,2687,31,0
2026-08-03 20:30:00,4034.2,4036.69,4033.89,4035.81,2052,31,0
2026-08-03 20:45:00,4035.82,4036.15,4029.96,4030.34,2095,31,0
2026-08-03 21:00:00,4030.35,4038.28,4029.43,4034.9,2591,36,0
2026-08-03 21:15:00,4034.9,4038.75,4034.74,4037.74,2368,32,0
2026-08-03 21:30:00,4037.73,4041.27,4036.36,4041.14,1986,31,0
2026-08-03 21:45:00,4041.13,4044.86,4040.34,4043.43,2114,31,0
2026-08-03 22:00:00,4043.53,4049.36,4043.53,4046.12,2585,34,0
2026-08-03 22:15:00,4046.14,4054.1,4046.1,4052.91,2807,31,0
2026-08-03 22:30:00,4052.92,4055.55,4051.78,4053.86,2774,31,0
2026-08-03 22:45:00,4053.83,4055.37,4051.52,4051.96,3354,31,0
2026-08-03 23:00:00,4051.93,4052.79,4050.08,4052.43,1660,31,0
2026-08-03 23:15:00,4052.43,4055.66,4051.32,4054.15,1286,31,0
2026-08-03 23:30:00,4054.15,4057.98,4053.69,4055.97,1262,33,0
2026-08-03 23:45:00,4055.93,4056.67,4052.86,4053.45,815,44,0
2026-08-04 01:00:00,4049.97,4051.73,4047.59,4051.14,561,37,0
2026-08-04 01:15:00,4051.14,4052.29,4050.58,4051.86,854,37,0
2026-08-04 01:30:00,4051.76,4053.26,4051.42,4052.67,761,37,0
2026-08-04 01:45:00,4052.66,4053.36,4051.07,4052.64,1134,37,0
2026-08-04 02:00:00,4052.64,4054.79,4049.98,4051.23,1467,35,0
2026-08-04 02:15:00,4051.23,4054.47,4050.43,4051.36,1412,35,0
2026-08-04 02:30:00,4051.35,4052.67,4050.93,4052.26,876,35,0
2026-08-04 02:45:00,4052.27,4053.75,4051.12,4053.61,1565,35,0
2026-08-04 03:00:00,4053.65,4069.14,4052.87,4063.37,4034,37,0
2026-08-04 03:15:00,4063.29,4064.24,4057.95,4058.9,2567,35,0
2026-08-04 03:30:00,4058.89,4060.55,4055.43,4056.2,2206,35,0
2026-08-04 03:45:00,4056.11,4057.77,4048.5,4048.6,3342,36,0
2026-08-04 04:00:00,4048.38,4050.45,4042.37,4046.74,4954,36,0
2026-08-04 04:15:00,4046.76,4052.28,4046.73,4049.39,2966,36,0
2026-08-04 04:30:00,4049.38,4060.02,4048.11,4058.91,3988,35,0
2026-08-04 04:45:00,4058.92,4061.79,4056.44,4058.63,3956,35,0
2026-08-04 05:00:00,4058.72,4061.05,4055.63,4058.15,2976,35,0
2026-08-04 05:15:00,4058.15,4059.74,4055.68,4056.73,2453,35,0
2026-08-04 05:30:00,4056.73,4064.81,4055.49,4061.63,3429,35,0
2026-08-04 05:45:00,4061.62,4062.23,4057.97,4058.59,2803,35,0
2026-08-04 06:00:00,4058.59,4060.53,4056.35,4057.83,2369,35,0
2026-08-04 06:15:00,4058.1,4061.62,4057.67,4057.79,2544,35,0
2026-08-04 06:30:00,4057.79,4058.68,4052.55,4052.76,1941,35,0
2026-08-04 06:45:00,4052.75,4055.31,4052.0,4052.32,1201,35,0
2026-08-04 07:00:00,4052.32,4057.03,4050.98,4056.86,1351,35,0
2026-08-04 07:15:00,4056.91,4061.54,4055.68,4061.35,1664,35,0
2026-08-04 07:30:00,4061.4,4064.18,4060.5,4062.76,1502,35,0
2026-08-04 07:45:00,4062.76,4066.25,4062.36,4064.09,1476,35,0
2026-08-04 08:00:00,4064.07,4064.68,4057.31,4057.95,1709,35,0
2026-08-04 08:15:00,4057.95,4063.85,4057.28,4063.25,1633,35,0
2026-08-04 08:30:00,4063.25,4067.65,4059.17,4063.01,3293,37,0
2026-08-04 08:45:00,4063.01,4064.28,4058.55,4061.81,2663,35,0
2026-08-04 09:00:00,4061.85,4066.23,4061.8,4064.04,3238,33,0
2026-08-04 09:15:00,4064.04,4064.95,4059.55,4059.89,2659,32,0
2026-08-04 09:30:00,4059.93,4060.0,4055.67,4059.98,2366,31,0
2026-08-04 09:45:00,4059.86,4063.82,4058.8,4063.6,2582,31,0
2026-08-04 10:00:00,4063.69,4065.83,4060.89,4061.04,2639,31,0
2026-08-04 10:15:00,4061.04,4065.65,4060.93,4062.99,2464,31,0
2026-08-04 10:30:00,4063.03,4066.73,4061.47,4062.92,2653,31,0
2026-08-04 10:45:00,4062.95,4066.14,4062.26,4065.48,2091,31,0
2026-08-04 11:00:00,4065.49,4072.86,4064.53,4068.11,3927,35,0
2026-08-04 11:15:00,4068.11,4068.69,4060.27,4063.26,2576,34,0
2026-08-04 11:30:00,4063.31,4064.28,4058.32,4059.3,3017,31,0
2026-08-04 11:45:00,4059.35,4059.35,4054.36,4054.61,2604,31,0
2026-08-04 12:00:00,4054.7,4055.1,4048.19,4049.97,2883,32,0
2026-08-04 12:15:00,4049.99,4051.6,4048.27,4049.81,2548,31,0
2026-08-04 12:30:00,4049.8,4050.84,4045.61,4049.77,2349,31,0
2026-08-04 12:45:00,4049.77,4050.41,4046.75,4049.12,1946,31,0
2026-08-04 13:00:00,4049.09,4049.18,4046.24,4048.2,1920,31,0
2026-08-04 13:15:00,4048.2,4049.35,4044.85,4048.59,1706,31,0
2026-08-04 13:30:00,4048.6,4053.47,4045.84,4052.52,2227,31,0
2026-08-04 13:45:00,4052.54,4060.18,4051.82,4053.42,5363,36,0
2026-08-04 14:00:00,4053.42,4058.4,4051.94,4056.41,3424,35,0
2026-08-04 14:15:00,4056.38,4060.71,4055.18,4060.61,2404,35,0
2026-08-04 14:30:00,4060.74,4070.2,4059.68,4069.25,4101,34,0
2026-08-04 14:45:00,4069.26,4084.06,4066.82,4075.83,7474,36,0
2026-08-04 15:00:00,4075.83,4075.83,4060.76,4061.86,5706,33,0
2026-08-04 15:15:00,4061.85,4070.01,4060.82,4068.25,3907,33,0
2026-08-04 15:30:00,4068.25,4084.09,4068.17,4077.89,5615,35,0
2026-08-04 15:45:00,4077.91,4079.08,4069.31,4070.71,4758,31,0
2026-08-04 16:00:00,4070.57,4071.52,4060.8,4063.19,5104,31,0
2026-08-04 16:15:00,4063.55,4090.89,4061.88,4078.57,6451,32,0
2026-08-04 16:30:00,4078.77,4091.48,4075.78,4083.17,8167,36,0
2026-08-04 16:45:00,4083.23,4093.87,4081.51,4084.88,6497,31,0
2026-08-04 17:00:00,4084.91,4091.27,4082.89,4089.93,5857,34,0
2026-08-04 17:15:00,4089.88,4091.73,4080.5,4083.41,5436,34,0
2026-08-04 17:30:00,4083.47,4086.57,4074.18,4079.52,6612,33,0
2026-08-04 17:45:00,4079.58,4084.7,4077.59,4083.44,4652,34,0
2026-08-04 18:00:00,4083.44,4085.48,4079.54,4083.92,3900,35,0
2026-08-04 18:15:00,4083.93,4084.21,4074.54,4077.84,4816,34,0
2026-08-04 18:30:00,4077.93,4087.22,4076.45,4083.88,5312,31,0
2026-08-04 18:45:00,4083.81,4088.72,4082.72,4087.37,4050,34,0
2026-08-04 19:00:00,4087.36,4088.45,4084.39,4085.0,3698,36,0
2026-08-04 19:15:00,4085.0,4089.73,4083.07,4087.48,3466,35,0
2026-08-04 19:30:00,4087.49,4089.42,4084.94,4089.06,2633,31,0
2026-08-04 19:45:00,4088.92,4093.68,4088.7,4093.29,2704,31,0
2026-08-04 20:00:00,4093.29,4106.3,4092.55,4100.18,4666,33,0
2026-08-04 20:15:00,4100.19,4101.34,4094.48,4094.84,3713,34,0
2026-08-04 20:30:00,4094.87,4096.27,4091.88,4095.53,2672,31,0
2026-08-04 20:45:00,4095.53,4096.53,4086.02,4086.02,3065,31,0
2026-08-04 21:00:00,4085.88,4088.9,4084.92,4088.62,2826,31,0
2026-08-04 21:15:00,4088.62,4089.03,4084.35,4084.9,2612,31,0
2026-08-04 21:30:00,4084.97,4085.73,4076.24,4076.58,3294,33,0
2026-08-04 21:45:00,4076.58,4081.16,4075.19,4079.95,2975,31,0
2026-08-04 22:00:00,4079.95,4084.18,4078.72,4081.69,2554,31,0
2026-08-04 22:15:00,4081.69,4084.66,4079.3,4080.16,2692,31,0
2026-08-04 22:30:00,4080.17,4082.39,4078.8,4081.18,2305,31,0
2026-08-04 22:45:00,4081.17,4082.07,4076.23,4078.39,3056,33,0
2026-08-04 23:00:00,4078.37,4080.22,4078.25,4078.26,2127,31,0
2026-08-04 23:15:00,4078.26,4078.81,4074.6,4075.31,2144,31,0
2026-08-04 23:30:00,4075.25,4078.41,4075.23,4076.83,1347,31,0
2026-08-04 23:45:00,4076.83,4077.23,4075.04,4076.19,955,44,0
2026-08-05 01:00:00,4076.84,4077.64,4075.3,4076.73,591,38,0
2026-08-05 01:15:00,4076.79,4079.66,4075.62,4079.63,1429,38,0
2026-08-05 01:30:00,4079.63,4085.53,4079.07,4083.8,1438,38,0
2026-08-05 01:45:00,4083.87,4084.3,4075.46,4076.34,1947,37,0
2026-08-05 02:00:00,4076.34,4076.88,4068.41,4073.31,3045,36,0
2026-08-05 02:15:00,4073.31,4074.67,4065.24,4067.05,1995,35,0
2026-08-05 02:30:00,4067.05,4069.89,4065.87,4069.17,1515,35,0
2026-08-05 02:45:00,4069.12,4073.43,4069.02,4072.62,1506,35,0
2026-08-05 03:00:00,4072.53,4074.05,4070.23,4071.71,2847,35,0
2026-08-05 03:15:00,4071.71,4078.84,4071.29,4078.54,2496,35,0
2026-08-05 03:30:00,4078.53,4082.98,4078.07,4078.2,2159,35,0
2026-08-05 03:45:00,4078.21,4083.45,4077.76,4082.44,2146,35,0
2026-08-05 04:00:00,4082.36,4086.88,4077.56,4085.81,4535,37,0
2026-08-05 04:15:00,4085.82,4088.54,4082.6,4084.59,3968,35,0
2026-08-05 04:30:00,4084.49,4093.12,4079.94,4092.9,3626,35,0
2026-08-05 04:45:00,4092.88,4102.7,4092.61,4101.36,2989,35,0
2026-08-05 05:00:00,4101.47,4103.01,4096.61,4099.99,3217,35,0
2026-08-05 05:15:00,4100.14,4108.69,4095.67,4103.6,3605,35,0
2026-08-05 05:30:00,4103.6,4128.94,4101.59,4128.68,6919,35,0
2026-08-05 05:45:00,4128.3,4135.4,4124.96,4129.37,6164,35,0
2026-08-05 06:00:00,4129.4,4136.37,4127.25,4136.09,4263,35,0
2026-08-05 06:15:00,4136.18,4136.72,4130.17,4130.4,3275,35,0
2026-08-05 06:30:00,4130.41,4131.15,4127.91,4128.91,2527,36,0
2026-08-05 06:45:00,4128.92,4130.63,4127.89,4128.7,1592,36,0
2026-08-05 07:00:00,4128.7,4141.63,4128.67,4138.82,3111,36,0
2026-08-05 07:15:00,4138.82,4141.4,4138.06,4138.96,1978,35,0
2026-08-05 07:30:00,4138.96,4139.19,4133.73,4134.98,1836,35,0
2026-08-05 07:45:00,4134.92,4136.48,4132.95,4135.87,1700,35,0
2026-08-05 08:00:00,4135.87,4138.62,4135.17,4137.67,1935,35,0
2026-08-05 08:15:00,4137.67,4142.52,4135.95,4140.12,2475,35,0
2026-08-05 08:30:00,4140.04,4159.66,4140.04,4157.39,6710,35,0
2026-08-05 08:45:00,4157.39,4173.27,4157.31,4161.85,6872,35,0
2026-08-05 09:00:00,4161.88,4174.64,4160.55,4173.3,4881,34,0
2026-08-05 09:15:00,4173.3,4173.76,4161.64,4168.94,4398,34,0
2026-08-05 09:30:00,4168.98,4178.64,4167.47,4176.31,4663,32,0
2026-08-05 09:45:00,4176.31,4178.99,4172.7,4178.4,4223,31,0
2026-08-05 10:00:00,4178.55,4180.03,4166.77,4166.86,4831,31,0
2026-08-05 10:15:00,4167.01,4169.81,4163.62,4164.82,3952,31,0
2026-08-05 10:30:00,4164.9,4167.24,4162.76,4167.21,3445,31,0
2026-08-05 10:45:00,4167.19,4172.44,4164.67,4170.78,2984,32,0
2026-08-05 11:00:00,4170.81,4172.99,4165.38,4166.12,3280,31,0
2026-08-05 11:15:00,4166.11,4168.64,4162.62,4164.93,3603,31,0
2026-08-05 11:30:00,4164.97,4167.54,4161.61,4166.39,4360,31,0
2026-08-05 11:45:00,4166.4,4166.73,4159.41,4161.04,4138,34,0
2026-08-05 12:00:00,4161.03,4167.66,4160.87,4163.45,4095,32,0
2026-08-05 12:15:00,4163.45,4163.45,4155.71,4158.2,3583,31,0
2026-08-05 12:30:00,4158.2,4159.7,4154.86,4158.56,3856,31,0
2026-08-05 12:45:00,4158.56,4159.67,4153.57,4158.45,2728,31,0
2026-08-05 13:00:00,4158.45,4158.45,4150.67,4151.56,2794,31,0
2026-08-05 13:15:00,4151.55,4158.91,4150.51,4157.31,2951,31,0
2026-08-05 13:30:00,4157.34,4158.34,4154.34,4155.56,2097,31,0
2026-08-05 13:45:00,4155.93,4161.78,4154.5,4161.69,2631,34,0
2026-08-05 14:00:00,4161.68,4171.13,4161.03,4171.02,3762,33,0
2026-08-05 14:15:00,4171.02,4180.9,4169.58,4176.54,3893,32,0
2026-08-05 14:30:00,4176.54,4188.73,4174.3,4184.99,5686,35,0
2026-08-05 14:45:00,4185.02,4192.75,4183.12,4189.16,4698,31,0
2026-08-05 15:00:00,4189.13,4200.03,4189.13,4198.17,5184,31,0
2026-08-05 15:15:00,4198.17,4213.64,4198.17,4205.7,6074,31,0
2026-08-05 15:30:00,4205.72,4209.18,4193.15,4195.14,5825,31,0
2026-08-05 15:45:00,4195.22,4196.01,4183.62,4184.34,5420,31,0
2026-08-05 16:00:00,4184.62,4197.25,4184.19,4188.19,6404,32,0
2026-08-05 16:15:00,4188.18,4198.23,4185.95,4197.17,5618,31,0
2026-08-05 16:30:00,4197.25,4204.91,4192.8,4198.26,8648,31,0
2026-08-05 16:45:00,4198.24,4206.87,4189.79,4204.59,7586,33,0
2026-08-05 17:00:00,4204.97,4234.88,4203.65,4229.45,9214,33,0
2026-08-05 17:15:00,4229.46,4240.62,4226.81,4236.95,8957,31,0
2026-08-05 17:30:00,4236.79,4243.56,4228.99,4243.24,8464,31,0
2026-08-05 17:45:00,4243.25,4247.69,4233.47,4244.34,8089,31,0
2026-08-05 18:00:00,4244.34,4260.96,4242.81,4257.95,8479,31,0
2026-08-05 18:15:00,4257.95,4265.19,4250.32,4257.13,7153,31,0
2026-08-05 18:30:00,4257.14,4259.78,4252.48,4255.92,5435,32,0
2026-08-05 18:45:00,4255.93,4255.93,4232.47,4232.71,7022,36,0
2026-08-05 19:00:00,4232.7,4236.22,4224.82,4234.26,6999,36,0
2026-08-05 19:15:00,4234.26,4241.66,4232.73,4241.32,5650,35,0
2026-08-05 19:30:00,4241.35,4246.8,4238.9,4244.74,4910,36,0
2026-08-05 19:45:00,4244.72,4247.25,4238.28,4242.26,5001,36,0
2026-08-05 20:00:00,4242.25,4244.26,4239.27,4241.19,4611,36,0
2026-08-05 20:15:00,4241.22,4246.44,4236.88,4244.65,5373,35,0
2026-08-05 20:30:00,4244.59,4250.61,4240.83,4248.07,4865,31,0
2026-08-05 20:45:00,4248.08,4252.32,4247.4,4249.49,3808,31,0
2026-08-05 21:00:00,4249.2,4257.43,4249.17,4253.12,4435,34,0
2026-08-05 21:15:00,4253.12,4267.67,4253.02,4263.36,4534,34,0
2026-08-05 21:30:00,4263.36,4263.6,4254.55,4259.33,4012,32,0
2026-08-05 21:45:00,4259.33,4263.52,4258.02,4260.65,3736,31,0
2026-08-05 22:00:00,4260.64,4262.08,4256.13,4258.0,3796,31,0
2026-08-05 22:15:00,4257.97,4258.05,4250.59,4253.09,3846,33,0
2026-08-05 22:30:00,4253.08,4254.17,4248.53,4253.21,4052,32,0
2026-08-05 22:45:00,4253.22,4253.55,4246.45,4247.31,4856,32,0
2026-08-05 23:00:00,4247.28,4249.65,4246.78,4249.36,2432,31,0
2026-08-05 23:15:00,4249.36,4249.72,4245.6,4246.23,1573,31,0
2026-08-05 23:30:00,4246.23,4249.47,4245.14,4245.29,1120,36,0
2026-08-05 23:45:00,4245.2,4245.5,4241.65,4245.06,1032,44,0
2026-08-06 01:00:00,4247.98,4248.59,4244.36,4247.55,1332,36,0
2026-08-06 01:15:00,4247.55,4248.96,4247.04,4248.11,1352,37,0
2026-08-06 01:30:00,4248.11,4250.3,4247.57,4248.13,1244,37,0
2026-08-06 01:45:00,4248.15,4250.32,4247.75,4250.17,985,37,0
2026-08-06 02:00:00,4250.17,4258.13,4249.13,4256.05,1615,36,0
2026-08-06 02:15:00,4256.05,4264.02,4255.92,4263.41,1927,36,0
2026-08-06 02:30:00,4263.41,4281.72,4261.05,4280.44,3808,35,0
2026-08-06 02:45:00,4280.36,4280.52,4271.96,4277.44,3824,35,0
2026-08-06 03:00:00,4277.29,4277.88,4264.36,4271.21,5538,37,0
2026-08-06 03:15:00,4271.3,4284.33,4271.12,4274.44,5298,35,0
2026-08-06 03:30:00,4274.39,4290.84,4274.01,4286.52,4883,35,0
2026-08-06 03:45:00,4286.54,4300.07,4285.93,4294.54,4944,35,0
2026-08-06 04:00:00,4294.54,4302.67,4279.99,4284.51,8221,35,0
2026-08-06 04:15:00,4284.45,4287.91,4272.85,4275.92,6423,35,0
2026-08-06 04:30:00,4275.89,4297.07,4275.66,4287.71,6110,35,0
2026-08-06 04:45:00,4287.71,4297.15,4282.87,4286.12,5927,35,0
2026-08-06 05:00:00,4286.12,4303.94,4283.3,4294.91,5604,35,0
2026-08-06 05:15:00,4294.91,4299.77,4291.67,4291.84,3245,35,0
2026-08-06 05:30:00,4291.94,4292.16,4280.9,4285.57,4931,35,0
2026-08-06 05:45:00,4285.65,4286.96,4274.82,4278.31,4774,35,0
2026-08-06 06:00:00,4278.31,4280.79,4273.71,4273.86,4283,35,0
2026-08-06 06:15:00,4273.82,4273.85,4260.47,4265.67,5433,35,0
2026-08-06 06:30:00,4265.67,4266.76,4261.24,4262.64,3169,35,0
2026-08-06 06:45:00,4262.61,4265.68,4260.17,4265.35,2799,35,0
2026-08-06 07:00:00,4265.37,4266.92,4261.92,4263.01,2850,35,0
2026-08-06 07:15:00,4263.04,4263.52,4252.84,4255.53,2795,35,0
2026-08-06 07:30:00,4255.53,4261.0,4255.53,4258.94,3034,35,0
2026-08-06 07:45:00,4258.94,4262.75,4258.16,4261.89,2180,35,0
2026-08-06 08:00:00,4261.9,4264.98,4256.27,4259.28,3477,35,0
2026-08-06 08:15:00,4259.28,4259.36,4252.52,4252.52,3240,35,0
2026-08-06 08:30:00,4252.22,4265.86,4247.07,4263.48,5576,37,0
2026-08-06 08:45:00,4263.39,4268.37,4261.88,4267.07,3832,36,0
2026-08-06 09:00:00,4267.07,4268.27,4256.52,4260.22,4395,34,0
2026-08-06 09:15:00,4260.21,4261.07,4254.37,4257.42,3759,31,0
2026-08-06 09:30:00,4257.42,4257.72,4249.15,4256.26,3818,31,0
2026-08-06 09:45:00,4256.31,4257.96,4250.77,4255.65,4060,31,0
2026-08-06 10:00:00,4255.68,4263.36,4252.99,4263.1,3554,31,0
2026-08-06 10:15:00,4263.01,4264.98,4257.98,4261.61,2941,31,0
2026-08-06 10:30:00,4261.61,4261.68,4254.49,4254.77,2520,31,0
2026-08-06 10:45:00,4254.87,4262.67,4252.34,4262.64,3297,32,0
2026-08-06 11:00:00,4262.34,4269.07,4259.95,4268.55,3667,32,0
2026-08-06 11:15:00,4268.55,4270.26,4263.3,4267.51,3722,31,0
2026-08-06 11:30:00,4267.61,4274.52,4266.17,4272.82,3523,31,0
2026-08-06 11:45:00,4272.82,4278.46,4270.07,4278.08,4174,31,0
2026-08-06 12:00:00,4278.07,4283.28,4275.67,4279.75,4332,31,0
2026-08-06 12:15:00,4279.68,4284.39,4278.23,4283.14,3308,31,0
2026-08-06 12:30:00,4283.17,4283.91,4271.72,4271.86,3559,31,0
2026-08-06 12:45:00,4271.72,4276.05,4271.11,4272.84,2623,31,0
2026-08-06 13:00:00,4272.85,4273.44,4268.46,4269.34,3428,35,0
2026-08-06 13:15:00,4269.4,4270.76,4267.04,4269.06,2984,31,0
2026-08-06 13:30:00,4269.1,4269.51,4264.36,4265.26,3007,31,0
2026-08-06 13:45:00,4265.26,4271.15,4264.47,4270.38,3031,31,0
2026-08-06 14:00:00,4270.34,4272.88,4266.23,4268.0,4225,33,0
2026-08-06 14:15:00,4268.04,4271.05,4260.35,4264.04,3702,31,0
2026-08-06 14:30:00,4264.0,4266.71,4259.59,4260.66,3323,31,0
2026-08-06 14:45:00,4260.26,4263.55,4254.06,4263.55,4597,31,0
2026-08-06 15:00:00,4263.49,4265.48,4255.3,4256.17,4348,31,0
2026-08-06 15:15:00,4256.17,4262.61,4253.01,4261.46,4377,31,0
2026-08-06 15:30:00,4261.46,4270.5,4257.8,4267.18,4819,31,0
2026-08-06 15:45:00,4267.18,4267.36,4248.83,4249.87,5317,31,0
2026-08-06 16:00:00,4249.63,4255.55,4230.59,4237.88,7430,32,0
2026-08-06 16:15:00,4237.88,4248.1,4235.95,4247.63,5781,31,0
2026-08-06 16:30:00,4247.53,4274.08,4245.81,4269.73,8137,34,0
2026-08-06 16:45:00,4269.66,4270.29,4262.36,4267.15,7347,31,0
2026-08-06 17:00:00,4267.15,4275.3,4264.13,4268.18,7081,33,0
2026-08-06 17:15:00,4268.18,4268.92,4260.12,4265.72,6879,31,0
2026-08-06 17:30:00,4266.02,4274.78,4265.74,4273.55,6345,31,0
2026-08-06 17:45:00,4273.55,4275.09,4262.83,4273.2,6175,35,0
2026-08-06 18:00:00,4273.2,4274.26,4261.85,4263.39,6190,31,0
2026-08-06 18:15:00,4263.39,4263.81,4250.47,4254.74,6675,31,0
2026-08-06 18:30:00,4254.74,4255.43,4246.31,4251.41,5032,31,0
2026-08-06 18:45:00,4251.41,4251.62,4229.52,4233.55,6746,31,0
2026-08-06 19:00:00,4233.41,4243.0,4230.89,4232.78,7016,33,0
2026-08-06 19:15:00,4232.75,4233.03,4223.24,4230.03,6797,33,0
2026-08-06 19:30:00,4230.03,4235.98,4229.96,4233.49,5332,31,0
2026-08-06 19:45:00,4233.46,4242.31,4231.64,4241.44,4306,35,0
2026-08-06 20:00:00,4241.47,4244.32,4239.23,4240.82,3419,36,0
2026-08-06 20:15:00,4240.85,4242.6,4238.38,4240.81,4230,36,0
2026-08-06 20:30:00,4241.31,4243.45,4238.41,4241.85,3333,35,0
2026-08-06 20:45:00,4241.85,4247.91,4240.33,4247.03,2990,34,0
2026-08-06 21:00:00,4247.1,4248.87,4243.95,4246.77,2754,33,0
2026-08-06 21:15:00,4246.76,4249.46,4245.91,4246.52,2913,35,0
2026-08-06 21:30:00,4246.52,4247.6,4240.65,4241.75,2191,35,0
2026-08-06 21:45:00,4241.75,4245.58,4240.65,4243.31,2045,34,0
2026-08-06 22:00:00,4243.3,4251.06,4242.88,4247.05,2945,36,0
2026-08-06 22:15:00,4247.05,4248.35,4235.13,4237.22,3712,34,0
2026-08-06 22:30:00,4237.22,4239.49,4232.99,4234.56,3799,36,0
2026-08-06 22:45:00,4234.57,4250.53,4234.56,4248.84,4624,35,0
2026-08-06 23:00:00,4248.82,4250.02,4242.78,4244.73,2218,31,0
2026-08-06 23:15:00,4244.7,4245.54,4239.89,4241.87,1575,33,0
2026-08-06 23:30:00,4241.85,4242.41,4235.03,4235.2,1530,34,0
2026-08-06 23:45:00,4235.24,4240.37,4234.4,4238.75,1400,44,0
2026-08-07 01:00:00,4235.17,4238.89,4234.95,4238.89,555,38,0
2026-08-07 01:15:00,4238.89,4243.24,4238.79,4242.13,1135,38,0
2026-08-07 01:30:00,4242.27,4243.2,4238.39,4239.22,1188,36,0
2026-08-07 01:45:00,4239.22,4242.77,4238.73,4240.33,749,35,0
2026-08-07 02:00:00,4240.36,4245.47,4240.1,4244.84,1142,35,0
2026-08-07 02:15:00,4244.8,4245.85,4242.86,4245.06,970,35,0
2026-08-07 02:30:00,4245.02,4248.49,4244.72,4246.45,1000,35,0
2026-08-07 02:45:00,4246.43,4253.04,4245.61,4251.43,2560,36,0
2026-08-07 03:00:00,4251.41,4252.69,4243.27,4244.73,3842,35,0
2026-08-07 03:15:00,4244.74,4246.04,4239.0,4243.8,3792,36,0
2026-08-07 03:30:00,4243.81,4243.81,4230.15,4234.67,4161,35,0
2026-08-07 03:45:00,4234.89,4236.8,4229.57,4232.78,4176,35,0
2026-08-07 04:00:00,4232.8,4246.61,4231.54,4244.29,5665,36,0
2026-08-07 04:15:00,4244.29,4250.1,4240.11,4243.75,5000,35,0
2026-08-07 04:30:00,4243.74,4258.59,4239.23,4256.57,5829,35,0
2026-08-07 04:45:00,4256.41,4259.16,4251.83,4256.6,5191,35,0
2026-08-07 05:00:00,4256.63,4261.51,4255.94,4258.64,4221,35,0
2026-08-07 05:15:00,4258.63,4261.25,4257.42,4261.25,2058,36,0
2026-08-07 05:30:00,4261.24,4261.53,4249.36,4249.4,3910,37,0
2026-08-07 05:45:00,4249.36,4255.99,4247.01,4250.17,3525,35,0
2026-08-07 06:00:00,4250.23,4259.3,4249.54,4254.4,3423,35,0
2026-08-07 06:15:00,4254.32,4258.78,4251.8,4258.76,3516,35,0
2026-08-07 06:30:00,4258.76,4261.27,4257.66,4260.76,2044,35,0
2026-08-07 06:45:00,4260.76,4266.2,4259.24,4266.05,2277,35,0
2026-08-07 07:00:00,4266.05,4269.03,4262.17,4265.98,3225,36,0
2026-08-07 07:15:00,4265.98,4268.43,4261.92,4265.05,2722,35,0
2026-08-07 07:30:00,4265.04,4268.45,4260.69,4263.99,2711,35,0
2026-08-07 07:45:00,4263.96,4267.27,4262.31,4264.99,1559,35,0
2026-08-07 08:00:00,4264.99,4271.18,4261.92,4269.3,3428,37,0
2026-08-07 08:15:00,4269.29,4270.62,4264.66,4266.99,2785,35,0
2026-08-07 08:30:00,4267.1,4277.35,4266.01,4271.45,4533,35,0
2026-08-07 08:45:00,4271.46,4280.57,4271.45,4279.13,4212,35,0
2026-08-07 09:00:00,4279.14,4291.17,4278.42,4286.6,4762,31,0
2026-08-07 09:15:00,4286.61,4291.32,4283.18,4283.33,5215,31,0
2026-08-07 09:30:00,4283.36,4295.22,4280.14,4292.13,4746,33,0
2026-08-07 09:45:00,4292.12,4298.75,4288.81,4297.22,4885,31,0
2026-08-07 10:00:00,4297.2,4297.95,4290.4,4291.34,3810,31,0
2026-08-07 10:15:00,4291.35,4292.71,4284.86,4285.47,3733,32,0
2026-08-07 10:30:00,4285.32,4288.76,4284.02,4285.15,3674,35,0
2026-08-07 10:45:00,4285.15,4291.11,4282.92,4289.8,3648,31,0
2026-08-07 11:00:00,4289.8,4300.55,4289.02,4299.79,4206,32,0
2026-08-07 11:15:00,4299.79,4300.68,4293.32,4294.79,4109,31,0
2026-08-07 11:30:00,4294.79,4316.45,4294.12,4309.15,5108,33,0
2026-08-07 11:45:00,4309.48,4311.23,4303.21,4306.12,3969,36,0
2026-08-07 12:00:00,4306.12,4307.16,4304.46,4305.8,3506,36,0
2026-08-07 12:15:00,4305.79,4310.8,4304.63,4306.68,3474,36,0
2026-08-07 12:30:00,4306.66,4318.25,4302.15,4317.56,4164,35,0
2026-08-07 12:45:00,4317.57,4320.57,4314.34,4316.52,4271,31,0
2026-08-07 13:00:00,4316.52,4319.23,4307.99,4308.22,3561,31,0
2026-08-07 13:15:00,4308.21,4314.2,4308.08,4313.6,3168,31,0
2026-08-07 13:30:00,4313.6,4318.13,4312.92,4316.87,3037,35,0
2026-08-07 13:45:00,4316.88,4320.51,4316.23,4316.82,3317,31,0
2026-08-07 14:00:00,4316.83,4325.96,4316.76,4320.07,4116,31,0
2026-08-07 14:15:00,4319.88,4327.07,4316.97,4325.01,4256,31,0
2026-08-07 14:30:00,4325.0,4327.45,4320.78,4322.6,3807,31,0
2026-08-07 14:45:00,4322.6,4326.8,4320.68,4320.84,3566,31,0
2026-08-07 15:00:00,4320.85,4325.11,4314.74,4314.95,4662,31,0
2026-08-07 15:15:00,4314.94,4317.08,4299.86,4307.62,5475,32,0
2026-08-07 15:30:00,4307.7,4370.47,4307.68,4370.28,10287,36,0
2026-08-07 15:45:00,4369.63,4371.75,4355.5,4362.39,8663,36,0
2026-08-07 16:00:00,4362.31,4363.95,4346.01,4347.71,8825,36,0
2026-08-07 16:15:00,4347.78,4357.9,4339.05,4356.3,7652,36,0
2026-08-07 16:30:00,4356.21,4367.8,4349.89,4358.98,9784,34,0
2026-08-07 16:45:00,4359.09,4359.84,4342.37,4348.4,9216,31,0
2026-08-07 17:00:00,4348.4,4348.99,4327.31,4334.29,10434,32,0
2026-08-07 17:15:00,4334.27,4352.71,4330.52,4349.71,9246,31,0
2026-08-07 17:30:00,4349.5,4350.63,4342.34,4344.37,8292,34,0
2026-08-07 17:45:00,4344.39,4348.89,4340.21,4341.33,7992,31,0
2026-08-07 18:00:00,4341.33,4355.92,4340.21,4355.19,7686,31,0
2026-08-07 18:15:00,4355.18,4358.23,4350.9,4350.9,6400,31,0
2026-08-07 18:30:00,4350.89,4353.73,4347.02,4349.61,6374,32,0
2026-08-07 18:45:00,4349.61,4351.7,4339.72,4340.84,5874,31,0
2026-08-07 19:00:00,4341.04,4349.39,4338.36,4347.26,5653,32,0
2026-08-07 19:15:00,4347.23,4349.57,4334.27,4336.97,6650,34,0
2026-08-07 19:30:00,4336.96,4341.95,4332.52,4338.56,5961,32,0
2026-08-07 19:45:00,4338.59,4342.17,4328.86,4328.86,5795,32,0
2026-08-07 20:00:00,4329.0,4338.32,4327.62,4335.41,4929,31,0
2026-08-07 20:15:00,4335.39,4342.08,4333.72,4339.51,5055,31,0
2026-08-07 20:30:00,4339.38,4339.97,4329.75,4335.99,5028,31,0
2026-08-07 20:45:00,4335.99,4342.95,4334.9,4340.39,3977,31,0
2026-08-07 21:00:00,4340.37,4342.9,4334.85,4334.99,3878,32,0
2026-08-07 21:15:00,4335.02,4337.89,4332.15,4334.42,4247,36,0
2026-08-07 21:30:00,4334.42,4338.9,4333.41,4334.26,3193,32,0
2026-08-07 21:45:00,4334.26,4337.47,4333.11,4335.28,2919,33,0
2026-08-07 22:00:00,4335.66,4345.64,4335.61,4343.47,5388,36,0
2026-08-07 22:15:00,4343.58,4350.24,4342.98,4348.25,5270,35,0
2026-08-07 22:30:00,4348.3,4348.76,4344.28,4347.84,4927,34,0
2026-08-07 22:45:00,4347.81,4349.34,4340.04,4343.44,5367,33,0
2026-08-07 23:00:00,4343.44,4345.17,4337.91,4341.92,2397,31,0
2026-08-07 23:15:00,4341.93,4342.81,4337.04,4337.63,1543,31,0
2026-08-07 23:30:00,4337.63,4341.96,4335.83,4340.72,1492,31,0
2026-08-07 23:45:00,4340.72,4341.33,4338.12,4340.54,1345,44,0
2026-08-10 01:00:00,4337.68,4346.05,4333.1,4343.49,2217,37,0
2026-08-10 01:15:00,4343.47,4344.66,4338.17,4343.56,2219,37,0
2026-08-10 01:30:00,4343.52,4345.02,4340.0,4340.43,1614,37,0
2026-08-10 01:45:00,4340.36,4343.95,4339.94,4341.3,1013,37,0
2026-08-10 02:00:00,4341.3,4347.38,4340.99,4346.33,1629,36,0
2026-08-10 02:15:00,4346.35,4348.79,4343.85,4346.05,1178,35,0
2026-08-10 02:30:00,4346.05,4347.18,4339.87,4342.06,1674,35,0
2026-08-10 02:45:00,4342.03,4343.15,4331.92,4332.61,3205,35,0
2026-08-10 03:00:00,4333.06,4346.87,4332.48,4344.56,5483,37,0
2026-08-10 03:15:00,4344.43,4345.47,4337.74,4338.28,4412,35,0
2026-08-10 03:30:00,4338.28,4340.05,4334.81,4335.62,3914,35,0
2026-08-10 03:45:00,4335.59,4338.59,4331.88,4332.75,3826,35,0
2026-08-10 04:00:00,4333.32,4341.91,4322.93,4324.36,8135,37,0
2026-08-10 04:15:00,4324.61,4329.06,4316.75,4316.75,5080,35,0
2026-08-10 04:30:00,4316.7,4320.91,4313.01,4317.36,5733,35,0
2026-08-10 04:45:00,4317.34,4324.08,4316.09,4322.51,4976,35,0
2026-08-10 05:00:00,4322.46,4326.96,4319.2,4325.78,4551,35,0
2026-08-10 05:15:00,4325.79,4333.4,4324.69,4332.02,2889,35,0
2026-08-10 05:30:00,4331.97,4333.65,4324.43,4327.91,4091,35,0
2026-08-10 05:45:00,4327.91,4328.56,4319.61,4320.49,3350,35,0
2026-08-10 06:00:00,4320.49,4321.97,4318.12,4320.01,2822,35,0
2026-08-10 06:15:00,4320.01,4328.19,4319.63,4327.25,3241,35,0
2026-08-10 06:30:00,4327.3,4329.86,4324.69,4325.18,2322,35,0
2026-08-10 06:45:00,4325.17,4327.99,4324.31,4326.65,1352,35,0
2026-08-10 07:00:00,4326.7,4332.77,4323.03,4332.15,2503,37,0
2026-08-10 07:15:00,4332.19,4337.56,4330.85,4334.63,2228,35,0
2026-08-10 07:30:00,4334.63,4336.31,4329.8,4332.32,2149,35,0
2026-08-10 07:45:00,4332.32,4339.55,4331.91,4339.4,2442,35,0
2026-08-10 08:00:00,4339.34,4339.73,4333.47,4334.94,2200,35,0
2026-08-10 08:15:00,4334.94,4336.36,4332.66,4333.56,1665,35,0
2026-08-10 08:30:00,4334.42,4344.24,4331.56,4343.15,5124,35,0
2026-08-10 08:45:00,4343.16,4352.1,4340.59,4347.21,4331,36,0
2026-08-10 09:00:00,4347.14,4349.99,4341.79,4347.31,3842,31,0
2026-08-10 09:15:00,4347.31,4349.62,4342.51,4347.97,3659,33,0
2026-08-10 09:30:00,4347.97,4355.64,4345.79,4355.03,3478,34,0
2026-08-10 09:45:00,4354.94,4359.59,4354.89,4358.62,3551,35,0
2026-08-10 10:00:00,4358.56,4358.7,4349.71,4350.67,3807,35,0
2026-08-10 10:15:00,4350.71,4358.78,4350.32,4354.9,3459,31,0
2026-08-10 10:30:00,4354.9,4359.68,4352.41,4359.13,3132,31,0
2026-08-10 10:45:00,4359.13,4361.82,4354.68,4355.09,3072,31,0
2026-08-10 11:00:00,4354.89,4356.12,4351.37,4354.31,2682,32,0
2026-08-10 11:15:00,4354.06,4356.06,4352.0,4355.19,2336,33,0
2026-08-10 11:30:00,4355.18,4356.37,4345.61,4346.15,3038,32,0
2026-08-10 11:45:00,4346.17,4348.78,4343.67,4346.21,3151,31,0
2026-08-10 12:00:00,4346.21,4349.8,4345.44,4349.48,3084,31,0
2026-08-10 12:15:00,4349.48,4349.55,4344.69,4346.26,2159,31,0
2026-08-10 12:30:00,4346.24,4346.68,4340.43,4344.23,2857,34,0
2026-08-10 12:45:00,4344.23,4345.27,4340.72,4340.76,2031,35,0
2026-08-10 13:00:00,4340.76,4341.29,4338.96,4340.5,2581,34,0
2026-08-10 13:15:00,4340.57,4343.73,4338.99,4343.17,2329,31,0
2026-08-10 13:30:00,4343.18,4343.73,4337.59,4337.83,2647,31,0
2026-08-10 13:45:00,4337.82,4340.33,4335.28,4335.8,2367,31,0
2026-08-10 14:00:00,4335.8,4336.45,4329.42,4330.95,3385,31,0
2026-08-10 14:15:00,4331.04,4335.99,4328.67,4334.37,2809,31,0
2026-08-10 14:30:00,4334.36,4339.01,4334.21,4337.13,2987,31,0
2026-08-10 14:45:00,4337.13,4337.55,4331.75,4334.53,2816,31,0
2026-08-10 15:00:00,4334.48,4337.08,4330.73,4331.41,3655,31,0
2026-08-10 15:15:00,4331.56,4332.14,4323.94,4327.35,4098,31,0
2026-08-10 15:30:00,4327.36,4332.22,4325.94,4328.81,4002,31,0
2026-08-10 15:45:00,4328.81,4335.27,4328.52,4332.24,3317,31,0
2026-08-10 16:00:00,4331.99,4337.58,4325.78,4337.05,5374,35,0
2026-08-10 16:15:00,4337.05,4337.44,4329.01,4336.61,4154,31,0
2026-08-10 16:30:00,4336.81,4339.57,4329.74,4330.52,7720,31,0
2026-08-10 16:45:00,4330.56,4331.59,4316.47,4317.79,7675,31,0
2026-08-10 17:00:00,4317.78,4330.87,4317.78,4330.17,5931,31,0
2026-08-10 17:15:00,4330.2,4347.89,4328.33,4345.42,7217,33,0
2026-08-10 17:30:00,4345.45,4351.78,4344.62,4349.45,6033,31,0
2026-08-10 17:45:00,4349.45,4350.66,4342.46,4346.18,5501,31,0
2026-08-10 18:00:00,4346.23,4351.87,4343.03,4346.43,6003,31,0
2026-08-10 18:15:00,4346.43,4352.21,4345.86,4349.13,4976,31,0
2026-08-10 18:30:00,4349.19,4351.8,4347.81,4350.27,4701,31,0
2026-08-10 18:45:00,4350.28,4359.45,4348.47,4358.49,4848,31,0
2026-08-10 19:00:00,4358.46,4364.61,4356.72,4361.35,5317,34,0
2026-08-10 19:15:00,4361.4,4364.54,4360.89,4362.64,3865,33,0
2026-08-10 19:30:00,4362.65,4362.95,4349.75,4351.84,5578,36,0
2026-08-10 19:45:00,4351.8,4357.21,4351.63,4357.21,4004,35,0
2026-08-10 20:00:00,4357.23,4358.14,4351.73,4357.06,3880,36,0
2026-08-10 20:15:00,4357.02,4361.34,4356.4,4361.01,3740,35,0
2026-08-10 20:30:00,4361.26,4365.53,4359.6,4360.3,3526,36,0
2026-08-10 20:45:00,4360.29,4361.3,4357.7,4360.27,3907,36,0
2026-08-10 21:00:00,4360.25,4365.36,4359.86,4363.1,4073,35,0
2026-08-10 21:15:00,4363.1,4367.2,4361.51,4365.83,4114,36,0
2026-08-10 21:30:00,4365.81,4382.89,4365.17,4379.72,5041,36,0
2026-08-10 21:45:00,4379.72,4379.77,4373.33,4379.28,4294,35,0
2026-08-10 22:00:00,4379.27,4382.71,4378.62,4381.97,4629,35,0
2026-08-10 22:15:00,4382.0,4391.45,4381.25,4390.68,5389,36,0
2026-08-10 22:30:00,4390.69,4393.91,4384.17,4388.15,5327,36,0
2026-08-10 22:45:00,4388.15,4394.98,4387.19,4388.29,5816,35,0
2026-08-10 23:00:00,4388.28,4390.46,4385.68,4389.3,1830,31,0
2026-08-10 23:15:00,4389.32,4391.85,4386.46,4391.05,1391,32,0
2026-08-10 23:30:00,4391.05,4391.9,4389.59,4389.59,1041,34,0
2026-08-10 23:45:00,4389.58,4390.52,4387.16,4387.77,1013,44,0
2026-08-11 01:00:00,4388.24,4392.94,4388.07,4391.19,1137,38,0
2026-08-11 01:15:00,4391.25,4393.31,4390.9,4391.9,1033,37,0
2026-08-11 01:30:00,4391.9,4395.9,4391.88,4395.06,1269,37,0
2026-08-11 01:45:00,4395.36,4400.67,4395.28,4399.18,1556,35,0
2026-08-11 02:00:00,4399.18,4401.8,4395.65,4397.1,2051,35,0
2026-08-11 02:15:00,4397.1,4397.35,4394.56,4395.15,1258,35,0
2026-08-11 02:30:00,4395.15,4398.78,4395.14,4398.6,1399,35,0
2026-08-11 02:45:00,4398.62,4403.41,4396.34,4403.41,3070,35,0
2026-08-11 03:00:00,4403.08,4408.62,4396.23,4405.17,4610,37,0
2026-08-11 03:15:00,4405.15,4415.9,4404.26,4413.82,3705,36,0
2026-08-11 03:30:00,4413.83,4414.01,4407.26,4414.01,3405,35,0
2026-08-11 03:45:00,4414.01,4418.99,4408.08,4408.86,3423,35,0
2026-08-11 04:00:00,4408.56,4415.02,4393.52,4414.26,7470,37,0
2026-08-11 04:15:00,4414.27,4419.88,4412.4,4419.14,5805,36,0
2026-08-11 04:30:00,4419.13,4422.31,4414.83,4415.36,5238,36,0
2026-08-11 04:45:00,4415.4,4433.87,4414.46,4429.27,5102,35,0
2026-08-11 05:00:00,4429.29,4434.36,4421.64,4433.72,4665,35,0
2026-08-11 05:15:00,4433.68,4434.97,4425.86,4428.11,2866,35,0
2026-08-11 05:30:00,4428.06,4428.98,4413.63,4418.21,4961,35,0
2026-08-11 05:45:00,4418.1,4418.82,4407.83,4410.64,4411,35,0
2026-08-11 06:00:00,4410.6,4415.06,4409.28,4413.27,3499,35,0
2026-08-11 06:15:00,4413.28,4420.48,4412.72,4420.09,3182,36,0
2026-08-11 06:30:00,4420.09,4421.36,4415.37,4416.25,2013,35,0
2026-08-11 06:45:00,4416.25,4418.66,4414.04,4416.72,2021,35,0
2026-08-11 07:00:00,4416.73,4419.42,4411.98,4413.93,2404,35,0
2026-08-11 07:15:00,4413.94,4415.62,4409.82,4415.18,2182,35,0
2026-08-11 07:30:00,4415.18,4420.04,4408.11,4409.79,3782,35,0
2026-08-11 07:45:00,4409.76,4411.1,4403.05,4408.74,2729,35,0
2026-08-11 08:00:00,4408.74,4408.88,4399.18,4401.99,2364,35,0
2026-08-11 08:15:00,4401.99,4402.04,4389.47,4389.47,3184,35,0
2026-08-11 08:30:00,4389.4,4390.15,4372.58,4376.64,7339,37,0
2026-08-11 08:45:00,4376.68,4378.0,4367.23,4374.97,5996,36,0
2026-08-11 09:00:00,4374.94,4382.21,4371.3,4372.66,5329,33,0
2026-08-11 09:15:00,4372.69,4375.91,4361.92,4363.31,5786,33,0
2026-08-11 09:30:00,4363.32,4369.11,4359.77,4363.64,5665,31,0
2026-08-11 09:45:00,4363.64,4367.28,4359.45,4365.95,4516,34,0
2026-08-11 10:00:00,4365.89,4367.42,4361.0,4362.86,4096,31,0
2026-08-11 10:15:00,4362.87,4365.59,4357.3,4362.83,3735,31,0
2026-08-11 10:30:00,4362.86,4364.54,4356.22,4358.37,3693,31,0
2026-08-11 10:45:00,4358.33,4361.22,4356.41,4357.84,3117,31,0
2026-08-11 11:00:00,4357.84,4366.32,4356.61,4364.67,3764,31,0
2026-08-11 11:15:00,4364.67,4369.24,4358.64,4368.45,3585,31,0
2026-08-11 11:30:00,4368.42,4375.56,4368.21,4374.28,3382,31,0
2026-08-11 11:45:00,4374.28,4376.25,4368.51,4368.75,3301,31,0
2026-08-11 12:00:00,4368.52,4372.56,4367.23,4372.04,2767,31,0
2026-08-11 12:15:00,4372.04,4375.07,4370.27,4371.39,3726,31,0
2026-08-11 12:30:00,4371.33,4374.44,4369.77,4370.03,3037,33,0
2026-08-11 12:45:00,4370.03,4374.27,4369.91,4371.88,2513,34,0
2026-08-11 13:00:00,4372.01,4375.48,4370.69,4372.65,2940,32,0
2026-08-11 13:15:00,4372.65,4381.34,4371.87,4377.74,3749,33,0
2026-08-11 13:30:00,4377.74,4380.46,4376.48,4377.16,3080,33,0
2026-08-11 13:45:00,4377.15,4382.0,4377.07,4381.82,2909,34,0
2026-08-11 14:00:00,4381.83,4392.47,4379.93,4391.37,6603,35,0
2026-08-11 14:15:00,4391.08,4391.92,4384.73,4387.02,4284,35,0
2026-08-11 14:30:00,4387.0,4387.55,4382.59,4385.52,3498,35,0
2026-08-11 14:45:00,4385.59,4389.31,4384.46,4387.22,3634,31,0
2026-08-11 15:00:00,4387.22,4397.01,4383.24,4396.42,4790,33,0
2026-08-11 15:15:00,4396.51,4399.18,4387.12,4391.35,5623,35,0
2026-08-11 15:30:00,4391.36,4397.99,4388.23,4397.98,4706,32,0
2026-08-11 15:45:00,4397.94,4399.53,4391.46,4392.73,4033,31,0
2026-08-11 16:00:00,4392.86,4400.43,4391.27,4392.94,5758,31,0
2026-08-11 16:15:00,4392.98,4400.35,4389.08,4397.79,5372,31,0
2026-08-11 16:30:00,4397.7,4401.35,4388.41,4399.63,7829,34,0
2026-08-11 16:45:00,4399.61,4403.68,4384.11,4388.49,7918,31,0
2026-08-11 17:00:00,4388.5,4389.62,4380.63,4386.64,6736,31,0
2026-08-11 17:15:00,4386.39,4389.84,4381.26,4383.84,6271,31,0
2026-08-11 17:30:00,4383.83,4394.88,4383.79,4393.08,5895,31,0
2026-08-11 17:45:00,4393.07,4397.57,4391.45,4393.88,4882,31,0
2026-08-11 18:00:00,4393.89,4398.42,4388.78,4391.39,5333,31,0
2026-08-11 18:15:00,4391.37,4391.8,4381.6,4386.33,5790,31,0
2026-08-11 18:30:00,4386.27,4386.6,4368.87,4375.73,6992,32,0
2026-08-11 18:45:00,4375.72,4384.31,4374.64,4384.31,4814,31,0
2026-08-11 19:00:00,4384.3,4384.59,4378.4,4379.31,4083,35,0
2026-08-11 19:15:00,4379.31,4383.19,4378.25,4382.55,3654,34,0
2026-08-11 19:30:00,4382.62,4385.55,4379.06,4384.53,3034,36,0
2026-08-11 19:45:00,4384.53,4385.21,4380.8,4383.22,3424,36,0
2026-08-11 20:00:00,4383.22,4385.48,4380.33,4380.33,3673,36,0
2026-08-11 20:15:00,4380.35,4384.17,4378.72,4381.41,3899,36,0
2026-08-11 20:30:00,4381.32,4381.75,4374.13,4376.02,3621,35,0
2026-08-11 20:45:00,4376.01,4377.29,4368.7,4368.81,3037,31,0
2026-08-11 21:00:00,4368.79,4368.79,4360.08,4363.44,5264,36,0
2026-08-11 21:15:00,4363.43,4367.02,4360.15,4361.24,4564,31,0
2026-08-11 21:30:00,4361.19,4371.57,4360.94,4370.9,3388,31,0
2026-08-11 21:45:00,4370.91,4372.44,4369.82,4371.32,2728,31,0
2026-08-11 22:00:00,4371.32,4371.96,4363.19,4363.62,3381,35,0
2026-08-11 22:15:00,4363.65,4370.71,4361.05,4370.71,3414,35,0
2026-08-11 22:30:00,4370.6,4373.99,4366.16,4367.37,3391,31,0
2026-08-11 22:45:00,4367.36,4373.03,4366.04,4370.57,3935,31,0
2026-08-11 23:00:00,4370.54,4370.78,4368.23,4370.07,1643,31,0
2026-08-11 23:15:00,4370.07,4370.68,4367.37,4370.05,966,31,0
2026-08-11 23:30:00,4370.05,4370.19,4367.12,4367.22,877,36,0
2026-08-11 23:45:00,4367.34,4367.57,4365.45,4366.33,831,44,0
2026-08-12 01:00:00,4371.12,4375.17,4370.53,4373.7,1037,38,0
2026-08-12 01:15:00,4373.84,4376.66,4373.03,4376.22,2023,37,0
2026-08-12 01:30:00,4376.22,4377.67,4374.49,4375.93,1843,36,0
2026-08-12 01:45:00,4375.94,4378.0,4366.92,4369.17,2804,37,0
2026-08-12 02:00:00,4369.2,4369.52,4362.23,4366.26,3225,36,0
2026-08-12 02:15:00,4366.26,4374.18,4364.92,4372.3,2414,35,0
2026-08-12 02:30:00,4372.3,4372.44,4366.35,4367.57,1525,35,0
2026-08-12 02:45:00,4367.57,4371.56,4367.57,4371.13,1591,37,0
2026-08-12 03:00:00,4371.09,4379.11,4366.16,4377.67,3801,36,0
2026-08-12 03:15:00,4377.67,4380.79,4373.84,4380.73,3626,35,0
2026-08-12 03:30:00,4380.72,4383.38,4379.04,4382.65,2735,35,0
2026-08-12 03:45:00,4382.69,4382.88,4377.37,4381.75,2498,35,0
2026-08-12 04:00:00,4382.09,4390.39,4378.01,4390.09,5500,36,0
2026-08-12 04:15:00,4390.08,4393.86,4386.45,4390.46,3833,35,0
2026-08-12 04:30:00,4390.43,4392.87,4384.76,4392.79,4392,35,0
2026-08-12 04:45:00,4392.79,4397.12,4390.84,4396.26,3914,35,0
2026-08-12 05:00:00,4396.27,4404.52,4394.01,4401.55,3838,36,0
2026-08-12 05:15:00,4401.52,4403.51,4399.25,4402.11,2663,35,0
2026-08-12 05:30:00,4402.11,4408.01,4397.47,4405.45,4330,35,0
2026-08-12 05:45:00,4405.47,4414.42,4405.21,4411.3,4206,35,0
2026-08-12 06:00:00,4411.31,4415.93,4408.6,4410.42,4309,35,0
2026-08-12 06:15:00,4410.42,4410.52,4404.24,4406.98,3565,35,0
2026-08-12 06:30:00,4406.97,4408.37,4401.05,4401.06,2478,35,0
2026-08-12 06:45:00,4401.06,4403.44,4400.42,4401.51,1939,35,0
2026-08-12 07:00:00,4401.51,4402.09,4395.13,4395.9,1947,35,0
2026-08-12 07:15:00,4395.9,4397.7,4393.9,4397.45,1928,35,0
2026-08-12 07:30:00,4397.45,4398.85,4394.23,4398.75,1922,35,0
2026-08-12 07:45:00,4398.72,4401.06,4398.32,4400.49,1903,35,0
2026-08-12 08:00:00,4400.49,4404.37,4399.82,4400.32,1962,35,0
2026-08-12 08:15:00,4400.32,4400.37,4391.48,4391.48,2629,35,0
2026-08-12 08:30:00,4391.01,4396.68,4387.66,4387.74,4546,37,0
2026-08-12 08:45:00,4387.57,4393.65,4383.64,4390.68,3774,35,0
2026-08-12 09:00:00,4390.68,4392.75,4384.89,4386.69,3687,31,0
2026-08-12 09:15:00,4386.71,4390.15,4385.35,4389.51,3137,34,0
2026-08-12 09:30:00,4389.5,4397.06,4388.06,4394.26,3995,31,0
2026-08-12 09:45:00,4394.22,4406.04,4394.21,4403.31,3883,31,0
2026-08-12 10:00:00,4403.34,4405.82,4400.51,4400.51,2937,31,0
2026-08-12 10:15:00,4400.61,4402.42,4397.98,4402.07,2349,33,0
2026-08-12 10:30:00,4402.06,4408.1,4401.1,4407.44,2434,34,0
2026-08-12 10:45:00,4407.49,4409.63,4404.42,4405.72,2631,31,0
2026-08-12 11:00:00,4405.69,4410.12,4405.46,4408.25,2603,31,0
2026-08-12 11:15:00,4408.12,4409.08,4405.27,4406.66,2370,31,0
2026-08-12 11:30:00,4406.66,4407.22,4404.11,4405.6,2191,31,0
2026-08-12 11:45:00,4405.6,4405.6,4401.43,4401.63,2000,31,0
2026-08-12 12:00:00,4401.69,4412.77,4401.59,4412.44,2694,35,0
2026-08-12 12:15:00,4412.53,4423.76,4411.98,4412.75,4912,36,0
2026-08-12 12:30:00,4412.76,4416.65,4411.53,4413.45,3591,35,0
2026-08-12 12:45:00,4413.48,4416.15,4410.39,4415.68,3371,34,0
2026-08-12 13:00:00,4415.67,4418.87,4414.31,4417.86,2636,33,0
2026-08-12 13:15:00,4417.82,4420.51,4417.05,4419.14,2567,31,0
2026-08-12 13:30:00,4419.12,4419.35,4412.51,4414.23,2624,31,0
2026-08-12 13:45:00,4414.23,4415.29,4407.04,4412.29,3493,34,0
2026-08-12 14:00:00,4412.29,4414.78,4407.49,4407.57,2728,34,0
2026-08-12 14:15:00,4407.57,4416.21,4407.5,4414.47,2530,32,0
2026-08-12 14:30:00,4414.5,4415.35,4409.76,4412.78,2314,34,0
2026-08-12 14:45:00,4412.77,4414.9,4412.03,4412.11,2053,32,0
2026-08-12 15:00:00,4412.11,4412.58,4405.87,4408.16,3498,32,0
2026-08-12 15:15:00,4408.2,4426.8,4404.07,4421.8,4865,31,0
2026-08-12 15:30:00,4424.28,4437.51,4379.05,4427.87,10746,36,0
2026-08-12 15:45:00,4427.95,4437.85,4416.23,4435.59,7776,36,0
2026-08-12 16:00:00,4435.91,4441.0,4420.5,4421.54,8558,33,0
2026-08-12 16:15:00,4421.55,4428.52,4414.23,4417.45,7070,31,0
2026-08-12 16:30:00,4417.56,4420.36,4408.02,4416.46,9818,36,0
2026-08-12 16:45:00,4416.45,4433.74,4415.07,4427.55,8420,31,0
2026-08-12 17:00:00,4427.59,4434.61,4420.83,4431.72,7338,31,0
2026-08-12 17:15:00,4431.71,4439.41,4429.69,4431.28,6896,31,0
2026-08-12 17:30:00,4431.18,4435.85,4416.11,4424.61,7829,36,0
2026-08-12 17:45:00,4424.62,4432.07,4416.22,4421.68,8420,31,0
2026-08-12 18:00:00,4421.68,4429.71,4414.56,4426.43,7487,32,0
2026-08-12 18:15:00,4426.5,4427.72,4419.25,4421.46,5821,31,0
2026-08-12 18:30:00,4421.46,4425.02,4416.44,4417.89,5143,31,0
2026-08-12 18:45:00,4417.89,4422.03,4410.74,4420.73,5273,31,0
2026-08-12 19:00:00,4420.73,4425.34,4416.51,4423.3,5127,35,0
2026-08-12 19:15:00,4423.3,4426.19,4422.13,4422.92,4435,31,0
2026-08-12 19:30:00,4422.93,4423.64,4409.05,4410.77,5597,35,0
2026-08-12 19:45:00,4410.78,4410.96,4396.34,4401.12,6368,36,0
2026-08-12 20:00:00,4400.99,4407.2,4399.68,4403.46,4944,31,0
2026-08-12 20:15:00,4403.45,4409.51,4401.64,4406.27,5026,32,0
2026-08-12 20:30:00,4406.27,4411.16,4401.06,4401.69,4120,31,0
2026-08-12 20:45:00,4401.74,4405.24,4398.78,4399.03,3888,33,0
2026-08-12 21:00:00,4399.03,4406.23,4396.08,4405.6,3473,35,0
2026-08-12 21:15:00,4405.6,4410.89,4404.3,4408.18,3246,35,0
2026-08-12 21:30:00,4408.1,4413.27,4407.67,4413.24,3124,35,0
2026-08-12 21:45:00,4413.24,4417.49,4412.47,4412.78,2941,31,0
2026-08-12 22:00:00,4412.78,4417.97,4412.58,4416.03,2947,31,0
2026-08-12 22:15:00,4416.03,4417.59,4415.38,4416.4,2833,31,0
2026-08-12 22:30:00,4416.39,4416.39,4411.08,4412.91,3399,36,0
2026-08-12 22:45:00,4412.91,4413.9,4408.08,4413.81,3918,36,0
2026-08-12 23:00:00,4413.8,4413.93,4408.52,4408.74,1579,31,0
2026-08-12 23:15:00,4408.74,4409.66,4406.41,4407.53,1254,31,0
2026-08-12 23:30:00,4407.53,4408.46,4406.16,4407.72,1062,34,0
2026-08-12 23:45:00,4407.72,4408.37,4405.0,4407.06,781,44,0
2026-08-13 01:00:00,4404.0,4404.12,4401.14,4402.91,897,37,0
2026-08-13 01:15:00,4402.89,4402.94,4397.86,4399.14,1056,37,0
2026-08-13 01:30:00,4399.14,4401.66,4398.49,4399.74,1370,36,0
2026-08-13 01:45:00,4399.74,4402.67,4399.55,4401.27,787,36,0
2026-08-13 02:00:00,4401.27,4405.58,4401.23,4405.35,1093,35,0
2026-08-13 02:15:00,4405.35,4409.34,4405.35,4407.57,1062,35,0
2026-08-13 02:30:00,4407.57,4409.44,4405.75,4407.03,860,35,0
2026-08-13 02:45:00,4406.98,4412.96,4406.34,4412.96,1518,35,0
2026-08-13 03:00:00,4412.86,4420.68,4411.27,4418.0,4267,37,0
2026-08-13 03:15:00,4418.04,4436.4,4418.04,4427.73,4620,37,0
2026-08-13 03:30:00,4427.65,4449.35,4424.12,4439.84,5362,36,0
2026-08-13 03:45:00,4439.81,4439.92,4423.35,4428.33,4938,35,0
2026-08-13 04:00:00,4428.19,4433.84,4421.87,4428.4,7131,35,0
2026-08-13 04:15:00,4428.61,4433.71,4417.51,4417.61,5292,35,0
2026-08-13 04:30:00,4417.58,4428.48,4417.02,4418.47,5490,37,0
2026-08-13 04:45:00,4417.96,4418.57,4406.08,4408.22,5518,35,0
2026-08-13 05:00:00,4408.05,4413.85,4405.21,4410.54,4796,35,0
2026-08-13 05:15:00,4410.5,4412.22,4405.38,4405.38,2635,35,0
2026-08-13 05:30:00,4405.4,4409.79,4398.15,4409.78,5979,35,0
2026-08-13 05:45:00,4409.78,4409.97,4404.98,4406.45,4132,35,0
2026-08-13 06:00:00,4406.48,4411.57,4403.57,4406.5,4439,35,0
2026-08-13 06:15:00,4406.51,4409.58,4405.0,4408.8,3747,35,0
2026-08-13 06:30:00,4408.8,4409.93,4404.88,4405.65,2268,35,0
2026-08-13 06:45:00,4405.65,4407.04,4398.07,4399.62,2770,35,0
2026-08-13 07:00:00,4399.61,4399.84,4390.75,4393.66,4269,36,0
2026-08-13 07:15:00,4393.93,4398.55,4391.95,4397.61,3013,35,0
2026-08-13 07:30:00,4397.6,4398.91,4394.57,4395.33,2308,35,0
2026-08-13 07:45:00,4395.31,4398.31,4394.68,4397.17,3314,35,0
2026-08-13 08:00:00,4397.12,4404.05,4392.53,4403.89,4281,35,0
2026-08-13 08:15:00,4404.03,4406.59,4399.89,4406.01,3448,35,0
2026-08-13 08:30:00,4406.09,4406.59,4385.76,4386.88,6303,35,0
2026-08-13 08:45:00,4386.87,4388.67,4379.91,4382.45,6223,35,0
2026-08-13 09:00:00,4382.26,4384.91,4374.4,4375.13,5879,31,0
2026-08-13 09:15:00,4375.13,4378.11,4373.36,4375.26,4398,31,0
2026-08-13 09:30:00,4375.08,4377.87,4368.34,4373.45,4918,31,0
2026-08-13 09:45:00,4373.46,4380.91,4373.36,4379.92,4656,32,0
2026-08-13 10:00:00,4379.89,4381.04,4374.44,4376.4,4487,31,0
2026-08-13 10:15:00,4376.37,4377.03,4373.08,4375.02,4126,31,0
2026-08-13 10:30:00,4375.01,4378.03,4371.48,4377.84,3879,31,0
2026-08-13 10:45:00,4377.84,4378.04,4368.54,4368.78,3906,32,0
2026-08-13 11:00:00,4368.71,4369.88,4363.19,4365.51,4802,31,0
2026-08-13 11:15:00,4365.46,4372.72,4364.16,4371.77,4119,33,0
2026-08-13 11:30:00,4371.77,4375.08,4371.16,4372.85,3174,31,0
2026-08-13 11:45:00,4372.86,4378.63,4372.73,4375.17,2867,33,0
2026-08-13 12:00:00,4375.21,4377.67,4371.85,4376.04,3492,34,0
2026-08-13 12:15:00,4375.97,4381.61,4375.53,4379.26,3543,31,0
2026-08-13 12:30:00,4379.2,4381.06,4378.14,4379.47,2880,31,0
2026-08-13 12:45:00,4379.47,4384.22,4377.91,4384.13,2584,31,0
2026-08-13 13:00:00,4384.27,4384.59,4380.73,4381.01,2472,31,0
2026-08-13 13:15:00,4381.02,4386.86,4381.02,4386.34,2449,31,0
2026-08-13 13:30:00,4386.34,4389.77,4383.78,4389.65,2178,31,0
2026-08-13 13:45:00,4389.64,4393.07,4387.49,4391.42,2245,31,0
2026-08-13 14:00:00,4391.3,4393.58,4387.82,4393.57,2895,31,0
2026-08-13 14:15:00,4393.56,4395.98,4387.29,4387.59,3332,31,0
2026-08-13 14:30:00,4387.71,4389.3,4383.21,4383.39,3081,31,0
2026-08-13 14:45:00,4383.39,4387.58,4382.41,4387.18,3032,31,0
2026-08-13 15:00:00,4387.37,4391.18,4385.28,4388.61,4165,31,0
2026-08-13 15:15:00,4388.64,4392.24,4383.65,4390.02,4322,31,0
2026-08-13 15:30:00,4390.03,4400.62,4380.08,4391.6,6756,36,0
2026-08-13 15:45:00,4391.6,4401.7,4391.26,4400.86,5477,35,0
2026-08-13 16:00:00,4400.82,4401.19,4390.4,4393.46,7177,36,0
2026-08-13 16:15:00,4393.47,4394.87,4383.6,4384.51,6400,33,0
2026-08-13 16:30:00,4384.49,4389.38,4374.83,4379.02,8856,34,0
2026-08-13 16:45:00,4379.0,4382.44,4370.19,4372.0,9128,31,0
2026-08-13 17:00:00,4372.0,4378.47,4366.25,4370.48,8858,31,0
2026-08-13 17:15:00,4370.46,4377.73,4367.11,4367.29,8815,31,0
2026-08-13 17:30:00,4367.24,4381.35,4356.71,4380.87,7293,31,0
2026-08-13 17:45:00,4380.91,4386.66,4380.41,4383.63,6554,33,0
2026-08-13 18:00:00,4383.63,4385.26,4367.85,4369.16,6586,36,0
2026-08-13 18:15:00,4369.08,4373.38,4363.07,4364.83,7068,31,0
2026-08-13 18:30:00,4364.83,4371.12,4356.97,4367.89,6328,32,0
2026-08-13 18:45:00,4367.88,4370.38,4362.83,4364.68,5142,34,0
2026-08-13 19:00:00,4364.69,4367.04,4353.58,4354.74,5373,36,0
2026-08-13 19:15:00,4354.92,4362.38,4350.74,4362.14,6114,35,0
2026-08-13 19:30:00,4362.37,4366.64,4362.3,4365.22,4218,31,0
2026-08-13 19:45:00,4365.25,4367.97,4363.74,4366.81,3629,34,0
2026-08-13 20:00:00,4366.77,4372.87,4364.57,4370.99,4134,36,0
2026-08-13 20:15:00,4370.99,4371.41,4362.08,4362.8,4640,36,0
2026-08-13 20:30:00,4362.8,4364.04,4355.3,4356.85,4369,33,0
2026-08-13 20:45:00,4356.85,4359.64,4355.47,4355.77,3882,31,0
2026-08-13 21:00:00,4355.83,4362.37,4355.6,4361.64,4610,31,0
2026-08-13 21:15:00,4361.64,4363.25,4354.36,4357.51,4319,34,0
2026-08-13 21:30:00,4357.46,4360.04,4356.08,4357.65,3856,31,0
2026-08-13 21:45:00,4357.65,4357.98,4354.45,4356.75,3049,31,0
2026-08-13 22:00:00,4356.87,4358.59,4346.0,4346.47,3660,33,0
2026-08-13 22:15:00,4346.47,4351.54,4343.43,4350.88,5247,36,0
2026-08-13 22:30:00,4350.88,4353.87,4349.49,4351.13,3806,33,0
2026-08-13 22:45:00,4351.16,4351.17,4347.33,4349.92,4307,35,0
2026-08-13 23:00:00,4349.95,4350.32,4346.7,4350.14,2041,31,0
2026-08-13 23:15:00,4350.14,4351.9,4349.05,4350.94,1429,31,0
2026-08-13 23:30:00,4351.23,4351.46,4347.77,4349.05,1355,36,0
2026-08-13 23:45:00,4349.1,4349.95,4347.01,4348.73,987,44,0
2026-08-14 01:00:00,4351.46,4356.62,4351.31,4353.89,1067,38,0
2026-08-14 01:15:00,4353.84,4357.53,4352.58,4356.8,1551,38,0
2026-08-14 01:30:00,4356.8,4362.5,4355.46,4360.2,2290,37,0
2026-08-14 01:45:00,4360.11,4360.85,4352.07,4354.34,2350,37,0
2026-08-14 02:00:00,4354.32,4360.22,4348.95,4360.18,2479,35,0
2026-08-14 02:15:00,4360.24,4363.26,4356.78,4362.93,2330,35,0
2026-08-14 02:30:00,4362.94,4363.39,4358.56,4360.3,1982,35,0
2026-08-14 02:45:00,4360.37,4363.99,4356.22,4356.46,2712,35,0
2026-08-14 03:00:00,4356.36,4361.94,4350.46,4352.07,3830,37,0
2026-08-14 03:15:00,4352.07,4352.13,4338.97,4339.71,3957,35,0
2026-08-14 03:30:00,4339.69,4346.75,4333.86,4339.44,4200,35,0
2026-08-14 03:45:00,4339.54,4341.58,4328.09,4338.87,4671,35,0
2026-08-14 04:00:00,4339.02,4340.17,4320.81,4322.79,6616,35,0
2026-08-14 04:15:00,4322.79,4324.4,4313.65,4318.27,5711,35,0
2026-08-14 04:30:00,4318.28,4320.13,4311.93,4318.76,4716,35,0
2026-08-14 04:45:00,4318.76,4321.92,4310.78,4317.18,5107,36,0
2026-08-14 05:00:00,4316.86,4321.75,4310.22,4311.77,4719,35,0
2026-08-14 05:15:00,4311.76,4317.75,4311.76,4312.06,3730,35,0
2026-08-14 05:30:00,4312.09,4322.41,4311.33,4320.84,5005,35,0
2026-08-14 05:45:00,4320.86,4321.68,4312.31,4315.15,3862,36,0
2026-08-14 06:00:00,4315.16,4323.55,4313.21,4320.04,3754,35,0
2026-08-14 06:15:00,4320.05,4325.98,4319.71,4325.52,2522,35,0
2026-08-14 06:30:00,4325.54,4327.94,4324.82,4325.59,1862,36,0
2026-08-14 06:45:00,4325.59,4326.59,4323.31,4323.45,1353,37,0
2026-08-14 07:00:00,4323.46,4327.05,4322.58,4325.82,1821,36,0
2026-08-14 07:15:00,4325.82,4327.85,4324.86,4324.94,1769,35,0
2026-08-14 07:30:00,4324.98,4326.3,4323.23,4324.97,2241,35,0
2026-08-14 07:45:00,4324.95,4326.88,4323.59,4326.79,1621,35,0
2026-08-14 08:00:00,4326.8,4326.81,4319.43,4320.07,2755,37,0
2026-08-14 08:15:00,4320.17,4320.18,4317.11,4317.74,2453,35,0
2026-08-14 08:30:00,4317.72,4324.74,4310.91,4317.64,5217,37,0
2026-08-14 08:45:00,4317.68,4333.61,4317.42,4333.61,4462,35,0
2026-08-14 09:00:00,4333.62,4336.53,4329.55,4332.55,4522,31,0
2026-08-14 09:15:00,4332.76,4333.52,4328.33,4328.97,3430,34,0
2026-08-14 09:30:00,4329.02,4332.84,4327.77,4332.84,3244,31,0
2026-08-14 09:45:00,4332.84,4335.68,4332.5,4335.42,3299,31,0
2026-08-14 10:00:00,4335.44,4337.06,4330.84,4331.24,3106,31,0
2026-08-14 10:15:00,4331.27,4336.31,4329.56,4332.01,3033,31,0
2026-08-14 10:30:00,4332.01,4340.12,4331.2,4339.61,2862,31,0
2026-08-14 10:45:00,4339.63,4345.14,4339.29,4343.59,3266,31,0
2026-08-14 11:00:00,4343.85,4347.85,4341.82,4347.69,3935,31,0
2026-08-14 11:15:00,4347.69,4349.08,4343.53,4345.79,3348,31,0
2026-08-14 11:30:00,4345.79,4349.28,4343.52,4343.65,2869,31,0
2026-08-14 11:45:00,4343.66,4349.7,4342.79,4348.35,2125,31,0
2026-08-14 12:00:00,4348.35,4350.94,4346.1,4350.8,2636,31,0
2026-08-14 12:15:00,4350.82,4354.14,4348.71,4351.82,2737,31,0
2026-08-14 12:30:00,4351.84,4354.52,4350.13,4353.58,2745,31,0
2026-08-14 12:45:00,4353.58,4357.47,4352.65,4357.26,2478,32,0
2026-08-14 13:00:00,4357.27,4358.72,4353.86,4354.58,2636,35,0
2026-08-14 13:15:00,4354.56,4355.38,4349.84,4351.56,2202,31,0
2026-08-14 13:30:00,4351.56,4352.0,4348.34,4351.98,2050,31,0
2026-08-14 13:45:00,4351.98,4353.58,4348.13,4349.44,2015,32,0
2026-08-14 14:00:00,4349.61,4351.72,4348.62,4350.77,2136,31,0
2026-08-14 14:15:00,4350.78,4357.09,4350.75,4356.8,2552,31,0
2026-08-14 14:30:00,4356.81,4363.48,4356.54,4362.44,3180,31,0
2026-08-14 14:45:00,4362.44,4369.41,4360.75,4369.16,3399,31,0
2026-08-14 15:00:00,4369.15,4376.85,4365.61,4371.7,4519,31,0
2026-08-14 15:15:00,4371.71,4381.81,4369.6,4380.86,4460,34,0
2026-08-14 15:30:00,4381.25,4386.86,4372.19,4372.81,5772,34,0
2026-08-14 15:45:00,4372.81,4377.74,4370.91,4373.91,4612,34,0
2026-08-14 16:00:00,4373.93,4380.99,4369.99,4375.29,6094,31,0
2026-08-14 16:15:00,4375.32,4386.46,4375.27,4384.46,5265,31,0
2026-08-14 16:30:00,4384.44,4396.97,4383.68,4393.4,7962,35,0
2026-08-14 16:45:00,4393.4,4394.78,4382.91,4384.59,6558,31,0
2026-08-14 17:00:00,4384.59,4393.12,4384.22,4390.85,6270,31,0
2026-08-14 17:15:00,4390.87,4394.58,4385.18,4391.09,6171,31,0
2026-08-14 17:30:00,4391.08,4391.6,4381.56,4384.23,5397,32,0
2026-08-14 17:45:00,4384.23,4384.53,4378.85,4381.87,4859,31,0
2026-08-14 18:00:00,4381.85,4394.03,4381.22,4392.19,5977,31,0
2026-08-14 18:15:00,4392.19,4393.79,4379.14,4385.18,5676,31,0
2026-08-14 18:30:00,4385.36,4390.07,4384.03,4389.61,4809,31,0
2026-08-14 18:45:00,4389.62,4394.72,4389.39,4391.77,4333,31,0
2026-08-14 19:00:00,4391.74,4396.81,4388.72,4389.78,4059,36,0
2026-08-14 19:15:00,4389.78,4393.08,4387.01,4387.66,3324,36,0
2026-08-14 19:30:00,4387.67,4389.03,4380.4,4385.85,4105,36,0
2026-08-14 19:45:00,4385.87,4387.49,4384.95,4386.05,2490,35,0
2026-08-14 20:00:00,4386.05,4386.47,4380.4,4382.4,2930,35,0
2026-08-14 20:15:00,4382.35,4384.75,4379.36,4379.59,3053,34,0
2026-08-14 20:30:00,4379.61,4382.82,4377.08,4377.78,3179,31,0
2026-08-14 20:45:00,4377.71,4379.14,4376.36,4378.84,2282,31,0
2026-08-14 21:00:00,4378.84,4381.74,4376.57,4377.36,3171,31,0
2026-08-14 21:15:00,4377.36,4380.49,4377.04,4379.46,2275,31,0
2026-08-14 21:30:00,4379.47,4382.74,4376.24,4376.58,2227,35,0
2026-08-14 21:45:00,4376.58,4376.98,4370.93,4373.18,2393,36,0
2026-08-14 22:00:00,4373.12,4377.2,4371.94,4375.74,2030,34,0
2026-08-14 22:15:00,4375.75,4377.94,4374.27,4377.52,2118,35,0
2026-08-14 22:30:00,4377.53,4378.24,4375.66,4375.75,2290,36,0
2026-08-14 22:45:00,4375.76,4379.93,4373.24,4376.06,4234,36,0
2026-08-14 23:00:00,4376.04,4376.04,4371.37,4372.86,1895,32,0
2026-08-14 23:15:00,4372.86,4374.84,4372.19,4374.64,1057,31,0
2026-08-14 23:30:00,4374.35,4376.84,4373.6,4375.5,843,33,0
2026-08-14 23:45:00,4375.5,4375.92,4373.5,4374.38,719,44,0
2026-08-17 01:00:00,4372.23,4378.72,4371.01,4375.57,1430,38,0
2026-08-17 01:15:00,4375.57,4375.84,4372.64,4374.9,1632,37,0
2026-08-17 01:30:00,4374.92,4378.91,4374.92,4377.59,1341,37,0
2026-08-17 01:45:00,4377.59,4386.62,4377.53,4385.73,1856,36,0
2026-08-17 02:00:00,4385.74,4386.01,4379.35,4379.59,1888,35,0
2026-08-17 02:15:00,4379.6,4380.98,4372.47,4374.66,1988,35,0
2026-08-17 02:30:00,4374.63,4374.99,4367.14,4368.24,2355,35,0
2026-08-17 02:45:00,4368.2,4373.7,4368.1,4370.54,2433,35,0
2026-08-17 03:00:00,4370.56,4379.36,4368.07,4378.72,4295,35,0
2026-08-17 03:15:00,4378.73,4390.97,4378.44,4390.03,3491,35,0
2026-08-17 03:30:00,4390.04,4397.77,4387.92,4395.83,3355,35,0
2026-08-17 03:45:00,4395.99,4401.85,4394.24,4400.68,3695,35,0
2026-08-17 04:00:00,4400.68,4411.5,4398.55,4409.13,6789,37,0
2026-08-17 04:15:00,4409.1,4416.25,4406.09,4406.98,5893,36,0
2026-08-17 04:30:00,4407.07,4407.87,4397.45,4403.38,4962,35,0
2026-08-17 04:45:00,4403.38,4403.76,4390.87,4394.57,4401,35,0
2026-08-17 05:00:00,4394.56,4397.01,4391.04,4392.96,3658,35,0
2026-08-17 05:15:00,4392.96,4395.98,4388.46,4394.06,2933,35,0
2026-08-17 05:30:00,4394.07,4396.69,4388.48,4391.62,4396,35,0
2026-08-17 05:45:00,4391.62,4393.18,4387.48,4393.11,3493,35,0
2026-08-17 06:00:00,4393.1,4394.4,4388.41,4390.12,3312,35,0
2026-08-17 06:15:00,4390.16,4393.25,4387.79,4392.68,2967,35,0
2026-08-17 06:30:00,4392.75,4396.86,4390.83,4394.85,2528,35,0
2026-08-17 06:45:00,4394.82,4397.33,4392.63,4396.86,1966,35,0
2026-08-17 07:00:00,4396.9,4399.21,4396.16,4398.03,2553,35,0
2026-08-17 07:15:00,4398.06,4398.55,4389.84,4390.63,2046,35,0
2026-08-17 07:30:00,4390.62,4396.29,4388.66,4395.47,2191,35,0
2026-08-17 07:45:00,4395.47,4397.53,4389.63,4390.43,1993,35,0
2026-08-17 08:00:00,4390.41,4392.94,4386.74,4387.45,2355,35,0
2026-08-17 08:15:00,4387.45,4399.18,4386.69,4398.85,2566,35,0
2026-08-17 08:30:00,4399.42,4400.96,4391.3,4395.5,4302,37,0
2026-08-17 08:45:00,4395.55,4397.16,4392.02,4394.65,3411,35,0
2026-08-17 09:00:00,4394.65,4397.87,4392.47,4396.54,3849,31,0
2026-08-17 09:15:00,4396.54,4399.78,4392.41,4398.1,3478,31,0
2026-08-17 09:30:00,4398.09,4398.44,4393.29,4395.99,3421,31,0
2026-08-17 09:45:00,4395.96,4404.18,4395.86,4402.52,4038,31,0
2026-08-17 10:00:00,4402.54,4403.74,4395.81,4396.2,3780,32,0
2026-08-17 10:15:00,4396.2,4404.8,4395.54,4404.61,3471,31,0
2026-08-17 10:30:00,4404.73,4411.01,4404.37,4409.18,3911,31,0
2026-08-17 10:45:00,4409.2,4409.7,4403.29,4403.76,2742,31,0
2026-08-17 11:00:00,4403.57,4404.22,4397.05,4402.6,3603,31,0
2026-08-17 11:15:00,4402.6,4403.5,4400.09,4401.79,2557,31,0
2026-08-17 11:30:00,4401.79,4401.85,4395.6,4395.9,2631,32,0
2026-08-17 11:45:00,4395.9,4396.48,4392.22,4394.85,2351,31,0
2026-08-17 12:00:00,4394.84,4400.25,4392.97,4398.87,2403,31,0
2026-08-17 12:15:00,4398.88,4399.65,4395.32,4396.63,2445,31,0
2026-08-17 12:30:00,4396.74,4397.21,4393.32,4394.0,2671,31,0
2026-08-17 12:45:00,4394.0,4395.59,4392.31,4395.35,2468,31,0
2026-08-17 13:00:00,4395.38,4396.11,4392.86,4395.7,1936,31,0
2026-08-17 13:15:00,4395.67,4405.34,4391.67,4403.97,2656,31,0
2026-08-17 13:30:00,4403.37,4405.53,4394.8,4397.9,3969,36,0
2026-08-17 13:45:00,4397.9,4399.17,4395.92,4398.79,2098,36,0
2026-08-17 14:00:00,4398.79,4403.63,4397.62,4399.69,2743,36,0
2026-08-17 14:15:00,4399.65,4404.47,4396.87,4403.71,2671,31,0
2026-08-17 14:30:00,4403.71,4404.77,4398.92,4399.42,2584,31,0
2026-08-17 14:45:00,4399.42,4400.45,4395.01,4396.47,2345,31,0
2026-08-17 15:00:00,4396.47,4397.38,4391.27,4393.51,3307,31,0
2026-08-17 15:15:00,4393.47,4398.4,4382.0,4386.6,4272,31,0
2026-08-17 15:30:00,4386.6,4390.11,4378.13,4378.13,4898,35,0
2026-08-17 15:45:00,4378.18,4386.18,4377.15,4385.26,4272,35,0
2026-08-17 16:00:00,4385.27,4389.27,4381.03,4386.35,5757,33,0
2026-08-17 16:15:00,4386.35,4388.74,4382.19,4386.45,4188,31,0
2026-08-17 16:30:00,4386.54,4391.85,4384.73,4385.75,6762,35,0
2026-08-17 16:45:00,4385.63,4416.01,4384.52,4409.19,8029,34,0
2026-08-17 17:00:00,4409.21,4412.76,4403.89,4412.1,6946,31,0
2026-08-17 17:15:00,4411.99,4427.55,4411.59,4418.27,7871,31,0
2026-08-17 17:30:00,4418.31,4424.73,4416.53,4417.6,6288,31,0
2026-08-17 17:45:00,4417.6,4421.05,4413.99,4417.33,6176,34,0
2026-08-17 18:00:00,4417.32,4422.38,4415.16,4421.15,5574,31,0
2026-08-17 18:15:00,4421.15,4425.97,4419.37,4425.44,5633,31,0
2026-08-17 18:30:00,4425.46,4426.41,4418.72,4419.31,5049,31,0
2026-08-17 18:45:00,4419.32,4427.79,4417.7,4427.52,4379,31,0
2026-08-17 19:00:00,4427.52,4428.84,4424.05,4426.04,4256,34,0
2026-08-17 19:15:00,4426.04,4427.63,4422.92,4424.89,3592,34,0
2026-08-17 19:30:00,4424.85,4426.97,4422.68,4424.26,2929,34,0
2026-08-17 19:45:00,4424.25,4425.56,4422.59,4424.21,2696,32,0
2026-08-17 20:00:00,4424.2,4426.16,4421.16,4423.03,3833,33,0
2026-08-17 20:15:00,4423.09,4423.24,4413.48,4416.74,4866,36,0
2026-08-17 20:30:00,4416.75,4418.63,4411.28,4417.27,4846,35,0
2026-08-17 20:45:00,4417.28,4420.66,4413.34,4413.78,3709,31,0
2026-08-17 21:00:00,4413.71,4414.59,4410.2,4413.86,4138,31,0
2026-08-17 21:15:00,4413.86,4416.13,4404.64,4406.72,4343,31,0
2026-08-17 21:30:00,4406.68,4406.78,4398.01,4401.33,4097,35,0
2026-08-17 21:45:00,4401.33,4407.38,4400.09,4406.59,2991,33,0
2026-08-17 22:00:00,4406.57,4408.72,4400.22,4408.68,3303,31,0
2026-08-17 22:15:00,4408.75,4417.4,4407.71,4414.55,3737,33,0
2026-08-17 22:30:00,4414.56,4420.41,4414.11,4419.26,2934,33,0
2026-08-17 22:45:00,4419.27,4420.99,4416.39,4419.9,3841,35,0
2026-08-17 23:00:00,4419.9,4421.26,4416.64,4417.74,1381,31,0
2026-08-17 23:15:00,4417.74,4418.1,4414.96,4415.18,751,31,0
2026-08-17 23:30:00,4415.18,4415.94,4414.61,4415.47,921,36,0
2026-08-17 23:45:00,4415.47,4416.71,4413.94,4415.08,836,44,0
2026-08-18 01:00:00,4415.11,4417.03,4413.65,4416.59,788,38,0
2026-08-18 01:15:00,4416.64,4417.26,4411.96,4412.4,1256,37,0
2026-08-18 01:30:00,4412.4,4415.65,4411.68,4414.59,1224,35,0
2026-08-18 01:45:00,4414.59,4416.26,4410.51,4411.82,1029,35,0
2026-08-18 02:00:00,4411.78,4414.9,4409.74,4414.9,1241,35,0
2026-08-18 02:15:00,4414.9,4421.71,4414.84,4419.87,1541,35,0
2026-08-18 02:30:00,4419.91,4422.67,4419.91,4422.43,1804,35,0
2026-08-18 02:45:00,4422.41,4426.07,4421.39,4425.94,2110,35,0
2026-08-18 03:00:00,4426.18,4429.74,4418.8,4421.61,3725,37,0
2026-08-18 03:15:00,4421.58,4431.43,4420.79,4431.32,4326,37,0
2026-08-18 03:30:00,4431.33,4433.39,4428.32,4429.46,3036,35,0
2026-08-18 03:45:00,4429.46,4434.82,4428.43,4434.6,2797,36,0
2026-08-18 04:00:00,4434.47,4435.99,4428.46,4429.11,5976,37,0
2026-08-18 04:15:00,4429.11,4430.66,4419.95,4424.58,5066,36,0
2026-08-18 04:30:00,4424.58,4425.77,4411.69,4411.69,3957,36,0
2026-08-18 04:45:00,4411.69,4412.05,4403.97,4407.83,5832,35,0
2026-08-18 05:00:00,4407.83,4407.87,4398.23,4400.74,4622,35,0
2026-08-18 05:15:00,4400.74,4405.19,4400.11,4402.01,3109,35,0
2026-08-18 05:30:00,4402.03,4402.47,4393.91,4394.59,4379,35,0
2026-08-18 05:45:00,4394.56,4400.15,4394.01,4399.71,3488,35,0
2026-08-18 06:00:00,4399.79,4403.77,4398.61,4401.31,3839,35,0
2026-08-18 06:15:00,4401.32,4401.89,4393.39,4396.82,3519,35,0
2026-08-18 06:30:00,4396.75,4396.93,4394.21,4394.42,2638,35,0
2026-08-18 06:45:00,4394.42,4394.73,4390.39,4391.7,2453,35,0
2026-08-18 07:00:00,4391.71,4392.45,4389.7,4392.15,2518,35,0
2026-08-18 07:15:00,4392.15,4393.32,4390.35,4392.06,2282,35,0
2026-08-18 07:30:00,4392.06,4394.0,4388.53,4393.14,2742,35,0
2026-08-18 07:45:00,4393.13,4395.09,4391.87,4393.07,2075,35,0
2026-08-18 08:00:00,4393.06,4393.82,4390.55,4390.93,2496,35,0
2026-08-18 08:15:00,4390.93,4395.68,4390.44,4390.81,2165,35,0
2026-08-18 08:30:00,4390.81,4393.66,4384.95,4393.44,4743,37,0
2026-08-18 08:45:00,4393.43,4397.29,4392.65,4393.72,3307,36,0
2026-08-18 09:00:00,4393.76,4395.12,4387.35,4395.06,4361,31,0
2026-08-18 09:15:00,4395.02,4399.53,4393.31,4399.0,3424,33,0
2026-08-18 09:30:00,4399.08,4399.82,4394.89,4396.86,2672,33,0
2026-08-18 09:45:00,4396.95,4399.06,4396.81,4398.34,2370,32,0
2026-08-18 10:00:00,4398.4,4400.39,4396.43,4397.19,2933,35,0
2026-08-18 10:15:00,4397.17,4402.99,4397.09,4402.74,2619,31,0
2026-08-18 10:30:00,4402.73,4403.31,4396.07,4401.14,3056,32,0
2026-08-18 10:45:00,4401.14,4402.36,4395.1,4395.56,2380,31,0
2026-08-18 11:00:00,4395.54,4395.82,4387.68,4392.37,3790,35,0
2026-08-18 11:15:00,4392.38,4393.17,4386.55,4388.82,3613,31,0
2026-08-18 11:30:00,4388.78,4398.25,4388.78,4396.36,3442,31,0
2026-08-18 11:45:00,4396.35,4396.72,4390.8,4392.75,2700,31,0
2026-08-18 12:00:00,4392.75,4393.61,4390.86,4392.4,3083,31,0
2026-08-18 12:15:00,4392.4,4392.48,4388.2,4388.94,2671,32,0
2026-08-18 12:30:00,4388.94,4394.6,4386.42,4388.19,3078,34,0
2026-08-18 12:45:00,4388.29,4394.69,4386.69,4393.07,2597,31,0
2026-08-18 13:00:00,4393.07,4395.58,4392.06,4394.56,2468,31,0
2026-08-18 13:15:00,4394.57,4395.91,4389.55,4391.79,2189,31,0
2026-08-18 13:30:00,4391.8,4398.33,4391.43,4398.33,2156,31,0
2026-08-18 13:45:00,4398.33,4399.29,4396.18,4397.43,1893,31,0
2026-08-18 14:00:00,4397.43,4398.83,4391.72,4393.23,2396,31,0
2026-08-18 14:15:00,4393.24,4394.43,4389.39,4389.78,2423,31,0
2026-08-18 14:30:00,4389.79,4392.17,4388.31,4390.68,2855,31,0
2026-08-18 14:45:00,4390.68,4396.5,4389.48,4395.63,2519,31,0
2026-08-18 15:00:00,4395.63,4396.77,4389.36,4392.88,3661,34,0
2026-08-18 15:15:00,4392.88,4400.46,4391.12,4395.24,3800,31,0
2026-08-18 15:30:00,4395.33,4397.83,4390.85,4392.18,3678,31,0
2026-08-18 15:45:00,4392.18,4396.77,4390.46,4393.58,3417,31,0
2026-08-18 16:00:00,4393.34,4397.12,4387.81,4395.55,5126,34,0
2026-08-18 16:15:00,4395.68,4395.85,4387.79,4388.61,4951,32,0
2026-08-18 16:30:00,4388.6,4406.58,4374.82,4401.08,9335,36,0
2026-08-18 16:45:00,4401.06,4402.05,4389.26,4394.54,8479,33,0
2026-08-18 17:00:00,4394.58,4406.3,4390.99,4392.87,7691,33,0
2026-08-18 17:15:00,4392.82,4404.86,4392.12,4393.48,7240,31,0
2026-08-18 17:30:00,4393.73,4396.02,4377.55,4379.41,7657,33,0
2026-08-18 17:45:00,4379.62,4388.72,4363.52,4366.27,8172,31,0
2026-08-18 18:00:00,4366.28,4377.42,4358.26,4359.95,8951,33,0
2026-08-18 18:15:00,4359.98,4365.01,4351.46,4354.45,8165,31,0
2026-08-18 18:30:00,4354.58,4361.99,4354.34,4358.59,7395,31,0
2026-08-18 18:45:00,4358.59,4366.23,4358.46,4364.8,5614,33,0
2026-08-18 19:00:00,4364.79,4371.33,4364.79,4367.9,4850,33,0
2026-08-18 19:15:00,4367.85,4369.39,4362.75,4364.08,4733,35,0
2026-08-18 19:30:00,4364.17,4368.36,4362.9,4367.31,4735,35,0
2026-08-18 19:45:00,4367.3,4368.54,4362.76,4363.5,4447,34,0
2026-08-18 20:00:00,4363.49,4366.97,4363.27,4366.95,4589,31,0
2026-08-18 20:15:00,4366.94,4368.12,4362.91,4364.95,4689,32,0
2026-08-18 20:30:00,4364.93,4366.12,4358.44,4358.49,4317,31,0
2026-08-18 20:45:00,4358.49,4360.25,4356.57,4357.64,3788,31,0
2026-08-18 21:00:00,4357.65,4357.75,4352.56,4357.44,3894,35,0
2026-08-18 21:15:00,4357.53,4360.65,4355.44,4360.12,3602,31,0
2026-08-18 21:30:00,4360.11,4360.31,4353.21,4354.01,3017,32,0
2026-08-18 21:45:00,4354.08,4355.69,4352.53,4354.08,2609,31,0
2026-08-18 22:00:00,4354.11,4358.07,4353.76,4356.66,2701,34,0
2026-08-18 22:15:00,4356.61,4358.36,4352.1,4354.49,2836,36,0
2026-08-18 22:30:00,4354.49,4357.26,4349.34,4349.59,3282,31,0
2026-08-18 22:45:00,4349.35,4352.89,4338.16,4345.49,5991,36,0
2026-08-18 23:00:00,4345.53,4346.27,4340.55,4341.84,2217,31,0
2026-08-18 23:15:00,4341.85,4342.13,4333.37,4337.77,1979,32,0
2026-08-18 23:30:00,4337.77,4339.42,4331.5,4332.08,1564,32,0
2026-08-18 23:45:00,4332.07,4333.66,4328.56,4333.07,1962,44,0
2026-08-19 01:00:00,4337.78,4343.31,4337.64,4340.12,1778,38,0
2026-08-19 01:15:00,4340.12,4341.56,4333.53,4336.13,3392,38,0
2026-08-19 01:30:00,4336.14,4336.42,4332.67,4333.68,1878,37,0
2026-08-19 01:45:00,4333.68,4335.45,4332.92,4333.94,1642,36,0
2026-08-19 02:00:00,4333.9,4338.16,4332.44,4333.44,2115,36,0
2026-08-19 02:15:00,4333.53,4337.21,4329.75,4330.32,2467,35,0
2026-08-19 02:30:00,4330.3,4332.43,4326.98,4329.85,2676,35,0
2026-08-19 02:45:00,4329.93,4334.06,4329.33,4332.89,2639,35,0
2026-08-19 03:00:00,4332.9,4344.69,4331.35,4342.73,5102,35,0
2026-08-19 03:15:00,4342.73,4346.1,4339.01,4342.7,4212,35,0
2026-08-19 03:30:00,4342.7,4346.97,4339.52,4343.47,4169,35,0
2026-08-19 03:45:00,4343.46,4344.49,4336.91,4337.94,5263,35,0
2026-08-19 04:00:00,4337.94,4343.7,4323.76,4343.65,7421,37,0
2026-08-19 04:15:00,4343.66,4346.04,4332.48,4342.22,6465,36,0
2026-08-19 04:30:00,4342.27,4357.49,4342.19,4355.52,5511,36,0
2026-08-19 04:45:00,4355.52,4356.7,4350.52,4356.51,4265,36,0
2026-08-19 05:00:00,4356.44,4357.14,4351.59,4353.59,3479,36,0
2026-08-19 05:15:00,4353.64,4361.81,4352.35,4359.52,3616,35,0
2026-08-19 05:30:00,4359.56,4360.05,4353.84,4355.51,4174,35,0
2026-08-19 05:45:00,4355.51,4356.98,4351.33,4354.6,4097,35,0
2026-08-19 06:00:00,4354.6,4355.77,4351.7,4354.3,3481,35,0
2026-08-19 06:15:00,4354.3,4357.62,4351.65,4357.05,2402,35,0
2026-08-19 06:30:00,4357.05,4360.16,4355.75,4358.32,1846,35,0
2026-08-19 06:45:00,4358.3,4358.65,4354.58,4354.96,1737,36,0
2026-08-19 07:00:00,4354.93,4356.02,4352.85,4354.46,1409,35,0
2026-08-19 07:15:00,4354.46,4354.75,4349.93,4351.03,2436,35,0
2026-08-19 07:30:00,4351.03,4351.81,4344.79,4346.31,2546,35,0
2026-08-19 07:45:00,4346.3,4348.22,4343.59,4348.17,1996,35,0
2026-08-19 08:00:00,4348.17,4350.35,4338.65,4338.75,3125,35,0
2026-08-19 08:15:00,4338.75,4345.25,4336.5,4342.43,2503,35,0
2026-08-19 08:30:00,4342.51,4343.41,4336.58,4341.99,5050,36,0
2026-08-19 08:45:00,4341.99,4342.07,4334.06,4334.95,4234,35,0
2026-08-19 09:00:00,4334.94,4341.67,4334.87,4336.72,4813,31,0
2026-08-19 09:15:00,4336.74,4348.3,4336.74,4343.14,4360,31,0
2026-08-19 09:30:00,4343.13,4345.46,4337.01,4341.71,4488,31,0
2026-08-19 09:45:00,4341.8,4349.35,4340.62,4349.26,4490,31,0
2026-08-19 10:00:00,4349.15,4353.36,4347.39,4350.38,3529,31,0
2026-08-19 10:15:00,4350.38,4356.88,4347.44,4356.48,3622,31,0
2026-08-19 10:30:00,4356.45,4363.08,4352.69,4354.36,3441,31,0
2026-08-19 10:45:00,4354.34,4357.58,4353.83,4353.83,2816,31,0
2026-08-19 11:00:00,4354.17,4362.72,4351.08,4361.48,4487,33,0
2026-08-19 11:15:00,4361.55,4362.44,4357.36,4360.91,3899,34,0
2026-08-19 11:30:00,4360.72,4363.03,4356.4,4362.59,3762,31,0
2026-08-19 11:45:00,4362.58,4363.13,4354.81,4355.6,3544,31,0
2026-08-19 12:00:00,4355.62,4359.74,4354.97,4356.17,3763,31,0
2026-08-19 12:15:00,4356.16,4357.39,4353.44,4356.52,3571,31,0
2026-08-19 12:30:00,4356.51,4360.92,4355.27,4358.72,3131,31,0
2026-08-19 12:45:00,4358.75,4361.96,4358.0,4361.96,2902,32,0
2026-08-19 13:00:00,4361.96,4364.16,4359.6,4363.78,3122,31,0
2026-08-19 13:15:00,4363.77,4369.08,4363.02,4368.93,3044,31,0
2026-08-19 13:30:00,4368.92,4369.45,4365.28,4368.09,2098,31,0
2026-08-19 13:45:00,4368.05,4369.5,4366.26,4367.84,1871,32,0
2026-08-19 14:00:00,4368.92,4374.0,4367.42,4373.27,3516,35,0
2026-08-19 14:15:00,4373.27,4374.05,4368.76,4370.93,2520,31,0
2026-08-19 14:30:00,4370.87,4371.6,4363.1,4363.46,3181,31,0
2026-08-19 14:45:00,4363.47,4367.48,4363.37,4364.68,2832,31,0
2026-08-19 15:00:00,4364.41,4370.47,4362.04,4368.18,3631,32,0
2026-08-19 15:15:00,4368.18,4373.43,4365.84,4369.24,4405,33,0
2026-08-19 15:30:00,4369.37,4420.85,4368.52,4417.87,10071,35,0
2026-08-19 15:45:00,4418.01,4442.3,4411.29,4438.81,10182,36,0
2026-08-19 16:00:00,4438.48,4460.84,4424.52,4457.03,10074,33,0
2026-08-19 16:15:00,4457.04,4464.32,4455.12,4458.47,8538,31,0
2026-08-19 16:30:00,4458.49,4466.28,4442.53,4460.76,10651,34,0
2026-08-19 16:45:00,4460.63,4463.36,4444.44,4459.78,10250,32,0
2026-08-19 17:00:00,4459.75,4475.69,4454.8,4473.64,9895,34,0
2026-08-19 17:15:00,4473.63,4487.97,4470.33,4486.11,9491,31,0
2026-08-19 17:30:00,4486.16,4498.76,4483.9,4489.63,8860,31,0
2026-08-19 17:45:00,4489.63,4489.64,4478.15,4488.19,7985,31,0
2026-08-19 18:00:00,4488.18,4488.45,4479.9,4485.65,7256,31,0
2026-08-19 18:15:00,4485.57,4488.0,4477.48,4483.56,7516,31,0
2026-08-19 18:30:00,4483.55,4492.62,4480.41,4490.3,7271,31,0
2026-08-19 18:45:00,4490.29,4494.18,4488.66,4493.92,6411,31,0
2026-08-19 19:00:00,4493.97,4499.16,4491.15,4497.81,6332,34,0
2026-08-19 19:15:00,4497.82,4499.44,4490.74,4491.24,5924,31,0
2026-08-19 19:30:00,4491.24,4496.52,4490.78,4495.26,5445,31,0
2026-08-19 19:45:00,4495.26,4497.91,4493.3,4493.67,5571,33,0
2026-08-19 20:00:00,4493.61,4499.15,4489.16,4492.92,6441,34,0
2026-08-19 20:15:00,4492.94,4492.94,4486.38,4488.47,5342,31,0
2026-08-19 20:30:00,4488.47,4491.79,4484.62,4488.66,4668,31,0
2026-08-19 20:45:00,4488.71,4489.71,4484.57,4487.58,3407,31,0
2026-08-19 21:00:00,4487.58,4496.59,4485.76,4488.06,6438,36,0
2026-08-19 21:15:00,4488.07,4488.1,4473.09,4475.54,5894,35,0
2026-08-19 21:30:00,4475.48,4491.73,4472.33,4490.47,6161,35,0
2026-08-19 21:45:00,4490.46,4496.97,4489.62,4495.31,4429,31,0
2026-08-19 22:00:00,4495.27,4505.82,4494.63,4503.29,5451,33,0
2026-08-19 22:15:00,4503.3,4507.73,4502.65,4507.13,4988,31,0
2026-08-19 22:30:00,4507.14,4510.72,4502.67,4507.16,5699,33,0
2026-08-19 22:45:00,4507.07,4512.31,4505.37,4511.48,6418,31,0
2026-08-19 23:00:00,4511.44,4512.13,4505.41,4507.07,2476,31,0
2026-08-19 23:15:00,4507.07,4522.23,4506.59,4518.45,2581,34,0
2026-08-19 23:30:00,4518.45,4523.7,4518.15,4519.88,2180,32,0
2026-08-19 23:45:00,4519.89,4522.97,4519.43,4521.72,1949,44,0
2026-08-20 01:00:00,4519.95,4522.3,4518.89,4519.94,1928,38,0
2026-08-20 01:15:00,4519.87,4521.61,4519.22,4521.02,1579,37,0
2026-08-20 01:30:00,4521.02,4522.13,4517.88,4518.64,1959,37,0
2026-08-20 01:45:00,4518.58,4522.01,4516.56,4519.1,1662,37,0
2026-08-20 02:00:00,4519.22,4523.78,4517.57,4519.54,2735,35,0
2026-08-20 02:15:00,4519.54,4520.36,4515.56,4518.0,1874,35,0
2026-08-20 02:30:00,4517.99,4518.4,4513.91,4514.73,1896,35,0
2026-08-20 02:45:00,4514.73,4517.67,4511.38,4511.38,2229,35,0
2026-08-20 03:00:00,4511.31,4519.03,4510.48,4516.38,4964,36,0
2026-08-20 03:15:00,4516.34,4521.42,4508.73,4510.22,4470,35,0
2026-08-20 03:30:00,4510.19,4513.3,4504.09,4506.13,3805,35,0
2026-08-20 03:45:00,4506.16,4510.6,4504.17,4504.77,4129,35,0
2026-08-20 04:00:00,4504.77,4510.25,4491.94,4493.41,7653,37,0
2026-08-20 04:15:00,4493.41,4503.53,4493.41,4499.26,6196,36,0
2026-08-20 04:30:00,4499.16,4501.42,4493.6,4494.06,6256,35,0
2026-08-20 04:45:00,4494.02,4495.75,4484.61,4489.9,5042,35,0
2026-08-20 05:00:00,4489.9,4499.79,4488.72,4497.92,5778,35,0
2026-08-20 05:15:00,4497.87,4497.95,4489.64,4492.93,3318,35,0
2026-08-20 05:30:00,4492.52,4494.55,4490.24,4490.74,4315,35,0
2026-08-20 05:45:00,4490.75,4494.74,4488.98,4490.93,4377,35,0
2026-08-20 06:00:00,4490.93,4497.06,4488.11,4492.75,4412,35,0
2026-08-20 06:15:00,4492.74,4496.66,4490.54,4493.32,3723,35,0
2026-08-20 06:30:00,4493.31,4498.78,4492.39,4497.86,2908,35,0
2026-08-20 06:45:00,4497.84,4501.31,4496.9,4499.04,2871,35,0
2026-08-20 07:00:00,4499.07,4499.34,4495.11,4496.48,2533,35,0
2026-08-20 07:15:00,4496.49,4497.29,4489.95,4490.15,2501,35,0
2026-08-20 07:30:00,4490.16,4490.99,4486.43,4487.03,2858,35,0
2026-08-20 07:45:00,4487.03,4491.51,4487.01,4488.55,2109,35,0
2026-08-20 08:00:00,4488.55,4494.03,4484.31,4485.65,2656,35,0
2026-08-20 08:15:00,4485.65,4487.07,4482.01,4482.24,2641,35,0
2026-08-20 08:30:00,4481.84,4486.14,4478.04,4480.86,4185,37,0
2026-08-20 08:45:00,4480.86,4483.27,4478.03,4481.46,3481,35,0
2026-08-20 09:00:00,4481.5,4493.43,4480.1,4492.94,3886,35,0
2026-08-20 09:15:00,4492.94,4495.96,4491.81,4493.68,3580,31,0
2026-08-20 09:30:00,4493.67,4495.34,4491.83,4492.52,3015,34,0
2026-08-20 09:45:00,4492.51,4495.25,4491.25,4493.74,3170,34,0
2026-08-20 10:00:00,4493.75,4493.75,4487.11,4487.94,3690,34,0
2026-08-20 10:15:00,4487.94,4490.5,4483.34,4484.05,3465,31,0
2026-08-20 10:30:00,4484.04,4493.4,4483.56,4490.98,4175,32,0
2026-08-20 10:45:00,4491.07,4494.23,4488.45,4490.81,3244,31,0
2026-08-20 11:00:00,4490.79,4495.32,4490.65,4494.4,4444,31,0
2026-08-20 11:15:00,4494.39,4498.71,4490.08,4491.42,3819,31,0
2026-08-20 11:30:00,4491.38,4495.36,4487.28,4490.63,3882,31,0
2026-08-20 11:45:00,4490.46,4492.1,4487.72,4489.4,3102,31,0
2026-08-20 12:00:00,4489.43,4494.15,4488.44,4492.4,3210,31,0
2026-08-20 12:15:00,4492.41,4493.86,4488.2,4489.46,2912,31,0
2026-08-20 12:30:00,4489.63,4490.57,4484.49,4489.08,3466,32,0
2026-08-20 12:45:00,4489.08,4489.08,4481.83,4482.2,3494,31,0
2026-08-20 13:00:00,4482.2,4491.43,4480.7,4490.59,2961,31,0
2026-08-20 13:15:00,4490.6,4494.2,4486.51,4494.0,3127,31,0
2026-08-20 13:30:00,4493.96,4494.93,4490.08,4491.19,2777,31,0
2026-08-20 13:45:00,4491.17,4491.32,4487.47,4489.99,2636,31,0
2026-08-20 14:00:00,4489.99,4491.26,4482.73,4485.02,3856,36,0
2026-08-20 14:15:00,4485.03,4489.7,4481.1,4484.37,3458,31,0
2026-08-20 14:30:00,4484.3,4486.76,4474.28,4474.84,4298,31,0
2026-08-20 14:45:00,4474.92,4475.71,4465.46,4467.01,6040,31,0
2026-08-20 15:00:00,4467.08,4467.27,4450.72,4462.69,7709,31,0
2026-08-20 15:15:00,4462.68,4467.87,4457.09,4459.68,6451,31,0
2026-08-20 15:30:00,4459.69,4467.13,4450.91,4466.67,6657,31,0
2026-08-20 15:45:00,4466.65,4477.12,4464.15,4475.35,5305,31,0
2026-08-20 16:00:00,4475.45,4484.64,4471.87,4472.89,6912,34,0
2026-08-20 16:15:00,4472.92,4476.78,4470.29,4472.54,6088,31,0
2026-08-20 16:30:00,4472.68,4487.88,4469.41,4487.24,9447,35,0
2026-08-20 16:45:00,4487.63,4489.43,4479.34,4481.63,8145,32,0
2026-08-20 17:00:00,4481.64,4490.67,4480.88,4484.93,7895,32,0
2026-08-20 17:15:00,4484.95,4493.9,4481.77,4492.05,7891,31,0
2026-08-20 17:30:00,4492.04,4501.2,4491.8,4499.21,6975,31,0
2026-08-20 17:45:00,4499.24,4516.23,4498.71,4515.72,6757,31,0
2026-08-20 18:00:00,4515.67,4537.21,4514.99,4534.88,10996,31,0
2026-08-20 18:15:00,4534.75,4540.78,4523.45,4532.63,9307,35,0
2026-08-20 18:30:00,4532.65,4533.66,4509.89,4511.51,8072,31,0
2026-08-20 18:45:00,4511.51,4524.05,4510.83,4521.73,7438,31,0
2026-08-20 19:00:00,4521.73,4524.73,4510.36,4510.96,6500,32,0
2026-08-20 19:15:00,4510.94,4512.98,4505.3,4509.24,5933,35,0
2026-08-20 19:30:00,4509.22,4512.65,4502.7,4509.19,6093,35,0
2026-08-20 19:45:00,4509.25,4513.6,4507.35,4510.12,5066,34,0
2026-08-20 20:00:00,4510.19,4513.91,4507.7,4509.24,4290,36,0
2026-08-20 20:15:00,4509.2,4516.55,4507.79,4513.2,5343,36,0
2026-08-20 20:30:00,4513.22,4518.59,4510.65,4518.18,4361,31,0
2026-08-20 20:45:00,4518.17,4520.37,4517.05,4519.77,3862,31,0
2026-08-20 21:00:00,4519.69,4522.31,4509.31,4510.52,5077,36,0
2026-08-20 21:15:00,4510.5,4520.15,4508.28,4518.67,4450,31,0
2026-08-20 21:30:00,4518.78,4523.4,4518.47,4520.35,3985,31,0
2026-08-20 21:45:00,4520.35,4525.22,4518.02,4521.8,3844,34,0
2026-08-20 22:00:00,4521.8,4528.02,4518.16,4527.32,4063,31,0
2026-08-20 22:15:00,4527.32,4529.3,4522.66,4522.73,3684,31,0
2026-08-20 22:30:00,4522.72,4529.52,4521.95,4526.13,4249,35,0
2026-08-20 22:45:00,4526.14,4532.1,4524.81,4528.22,5539,36,0
2026-08-20 23:00:00,4528.28,4528.97,4522.3,4522.3,2536,31,0
2026-08-20 23:15:00,4522.35,4522.67,4520.37,4520.74,1661,31,0
2026-08-20 23:30:00,4520.74,4520.88,4516.75,4518.26,1648,36,0
2026-08-20 23:45:00,4518.24,4519.76,4516.59,4517.5,1238,44,0
2026-08-21 01:00:00,4518.77,4519.59,4516.71,4518.77,938,38,0
2026-08-21 01:15:00,4518.78,4520.81,4517.99,4519.64,1363,38,0
2026-08-21 01:30:00,4519.64,4523.52,4518.31,4522.54,1508,37,0
2026-08-21 01:45:00,4522.55,4524.25,4519.53,4523.93,1550,35,0
2026-08-21 02:00:00,4523.93,4532.69,4523.41,4531.7,2303,36,0
2026-08-21 02:15:00,4531.73,4532.25,4522.69,4526.99,2073,35,0
2026-08-21 02:30:00,4526.83,4528.59,4520.96,4524.56,2268,35,0
2026-08-21 02:45:00,4524.47,4528.02,4523.02,4526.23,2259,35,0
2026-08-21 03:00:00,4526.26,4527.39,4517.49,4518.21,4292,37,0
2026-08-21 03:15:00,4518.2,4520.67,4513.92,4515.02,3918,36,0
2026-08-21 03:30:00,4515.02,4517.22,4510.89,4513.73,3625,35,0
2026-08-21 03:45:00,4513.73,4514.1,4509.55,4509.66,3674,35,0
2026-08-21 04:00:00,4509.41,4521.1,4508.73,4520.74,7421,37,0
2026-08-21 04:15:00,4520.74,4530.51,4520.37,4529.4,5642,35,0
2026-08-21 04:30:00,4529.4,4543.73,4523.67,4526.07,5830,35,0
2026-08-21 04:45:00,4526.07,4533.1,4525.36,4530.66,4245,35,0
2026-08-21 05:00:00,4530.54,4531.03,4518.27,4521.1,4661,35,0
2026-08-21 05:15:00,4521.21,4529.46,4520.19,4528.91,2944,35,0
2026-08-21 05:30:00,4527.92,4538.15,4525.15,4538.0,4297,35,0
2026-08-21 05:45:00,4538.0,4542.63,4532.45,4533.64,3928,35,0
2026-08-21 06:00:00,4533.64,4538.33,4531.77,4532.44,3684,35,0
2026-08-21 06:15:00,4532.44,4534.68,4529.56,4529.63,3179,35,0
2026-08-21 06:30:00,4529.64,4535.69,4526.65,4528.99,2804,35,0
2026-08-21 06:45:00,4528.99,4535.61,4528.05,4535.61,1987,35,0
2026-08-21 07:00:00,4535.61,4541.3,4535.26,4540.14,2806,35,0
2026-08-21 07:15:00,4540.14,4547.11,4537.37,4546.65,2976,35,0
2026-08-21 07:30:00,4546.66,4547.77,4540.65,4541.56,2389,35,0
2026-08-21 07:45:00,4541.57,4542.28,4540.06,4540.37,1903,35,0
2026-08-21 08:00:00,4540.3,4540.58,4534.06,4537.03,2677,35,0
2026-08-21 08:15:00,4536.99,4538.51,4529.89,4529.89,2743,35,0
2026-08-21 08:30:00,4529.89,4543.18,4528.98,4543.01,4170,36,0
2026-08-21 08:45:00,4543.11,4556.08,4541.43,4553.41,4643,35,0
2026-08-21 09:00:00,4553.41,4555.05,4545.42,4550.78,4448,32,0
2026-08-21 09:15:00,4550.77,4557.87,4549.85,4554.98,4288,31,0
2026-08-21 09:30:00,4554.77,4565.63,4554.42,4562.83,4961,31,0
2026-08-21 09:45:00,4562.85,4567.46,4560.57,4560.88,4335,31,0
2026-08-21 10:00:00,4560.9,4565.94,4557.65,4561.38,3969,31,0
2026-08-21 10:15:00,4561.37,4567.85,4559.64,4561.25,3326,31,0
2026-08-21 10:30:00,4561.25,4566.1,4559.94,4564.43,3777,31,0
2026-08-21 10:45:00,4564.43,4567.83,4560.49,4564.06,3349,31,0
2026-08-21 11:00:00,4564.05,4567.83,4559.0,4565.47,3887,31,0
2026-08-21 11:15:00,4565.48,4581.67,4563.77,4579.41,4825,34,0
2026-08-21 11:30:00,4579.32,4584.04,4576.29,4582.46,4580,32,0
2026-08-21 11:45:00,4582.49,4584.83,4580.32,4583.93,3293,31,0
2026-08-21 12:00:00,4583.93,4600.54,4581.61,4599.21,4640,36,0
2026-08-21 12:15:00,4598.76,4601.95,4581.01,4582.11,4957,34,0
2026-08-21 12:30:00,4582.25,4586.62,4580.41,4582.91,3538,31,0
2026-08-21 12:45:00,4582.91,4585.28,4580.24,4581.98,2733,33,0
2026-08-21 13:00:00,4582.32,4588.7,4577.85,4579.07,3851,31,0
2026-08-21 13:15:00,4579.1,4589.2,4578.37,4588.22,3423,31,0
2026-08-21 13:30:00,4588.22,4593.93,4585.57,4593.15,3081,31,0
2026-08-21 13:45:00,4593.16,4593.46,4587.74,4588.31,3447,31,0
2026-08-21 14:00:00,4588.31,4595.18,4587.07,4590.49,3934,31,0
2026-08-21 14:15:00,4590.49,4600.61,4590.46,4598.42,4698,31,0
2026-08-21 14:30:00,4598.41,4604.33,4593.2,4596.82,5144,31,0
2026-08-21 14:45:00,4596.83,4600.26,4595.53,4597.55,3969,31,0
2026-08-21 15:00:00,4597.44,4601.42,4589.02,4592.59,5456,31,0
2026-08-21 15:15:00,4592.55,4595.68,4581.88,4584.62,5025,31,0
2026-08-21 15:30:00,4584.6,4584.64,4563.44,4573.3,6076,31,0
2026-08-21 15:45:00,4573.31,4580.81,4572.99,4577.92,4734,31,0
2026-08-21 16:00:00,4577.92,4586.88,4575.68,4585.45,6788,31,0
2026-08-21 16:15:00,4585.43,4587.6,4579.14,4583.6,5619,31,0
2026-08-21 16:30:00,4583.56,4590.8,4573.25,4585.24,9079,36,0
2026-08-21 16:45:00,4585.61,4592.72,4576.42,4580.78,7580,32,0
2026-08-21 17:00:00,4580.75,4590.58,4579.69,4589.77,7130,31,0
2026-08-21 17:15:00,4589.78,4603.1,4586.25,4603.1,7359,31,0
2026-08-21 17:30:00,4603.11,4603.53,4580.44,4582.82,8884,36,0
2026-08-21 17:45:00,4582.79,4595.28,4580.43,4591.59,7422,31,0
2026-08-21 18:00:00,4591.69,4598.13,4587.2,4595.18,6729,31,0
2026-08-21 18:15:00,4595.18,4607.49,4595.07,4603.32,6251,33,0
2026-08-21 18:30:00,4603.32,4610.4,4599.53,4609.49,6350,31,0
2026-08-21 18:45:00,4609.49,4615.14,4606.99,4614.42,6664,34,0
2026-08-21 19:00:00,4614.42,4617.58,4609.05,4614.43,6210,35,0
2026-08-21 19:15:00,4614.42,4620.78,4609.77,4613.92,5739,34,0
2026-08-21 19:30:00,4613.85,4621.89,4612.0,4621.52,5204,34,0
2026-08-21 19:45:00,4621.52,4629.11,4620.93,4628.79,4954,31,0
2026-08-21 20:00:00,4628.84,4632.12,4621.68,4623.33,5851,35,0
2026-08-21 20:15:00,4623.34,4625.82,4615.2,4621.78,6704,36,0
2026-08-21 20:30:00,4621.78,4624.58,4618.5,4619.31,4352,31,0
2026-08-21 20:45:00,4619.39,4622.35,4616.83,4620.6,4188,31,0
2026-08-21 21:00:00,4620.6,4627.46,4620.23,4623.91,3776,31,0
2026-08-21 21:15:00,4623.9,4627.42,4623.82,4624.73,2816,34,0
2026-08-21 21:30:00,4624.63,4624.97,4619.37,4620.81,3627,36,0
2026-08-21 21:45:00,4620.81,4625.74,4620.76,4624.37,3074,34,0
2026-08-21 22:00:00,4624.32,4625.46,4618.32,4622.73,3574,35,0
2026-08-21 22:15:00,4622.73,4623.33,4617.75,4618.11,3302,31,0
2026-08-21 22:30:00,4617.97,4619.78,4615.67,4618.18,3852,33,0
2026-08-21 22:45:00,4618.19,4623.72,4615.54,4616.94,4914,35,0
2026-08-21 23:00:00,4616.96,4617.66,4614.94,4617.26,1945,31,0
2026-08-21 23:15:00,4617.26,4617.62,4610.26,4610.83,2226,31,0
2026-08-21 23:30:00,4610.83,4612.01,4607.41,4608.17,1848,31,0
2026-08-21 23:45:00,4608.16,4608.81,4601.42,4602.83,2169,44,0
2026-08-24 01:00:00,4609.02,4620.42,4607.2,4617.41,2201,38,0
2026-08-24 01:15:00,4617.41,4620.92,4612.91,4613.9,2644,38,0
2026-08-24 01:30:00,4614.46,4616.94,4607.12,4611.04,2556,38,0
2026-08-24 01:45:00,4611.05,4611.05,4606.12,4606.25,2224,38,0
2026-08-24 02:00:00,4606.25,4609.41,4604.7,4607.54,1970,38,0
2026-08-24 02:15:00,4607.54,4616.16,4606.84,4615.04,2000,38,0
2026-08-24 02:30:00,4615.04,4619.16,4607.67,4608.43,2546,38,0
2026-08-24 02:45:00,4608.41,4624.5,4608.21,4624.05,4059,36,0
2026-08-24 03:00:00,4624.15,4640.69,4620.19,4637.28,6898,37,0
2026-08-24 03:15:00,4637.32,4640.34,4594.71,4604.66,7670,37,0
2026-08-24 03:30:00,4604.65,4608.63,4601.0,4606.96,6251,35,0
2026-08-24 03:45:00,4606.95,4623.05,4603.78,4621.66,5296,36,0
2026-08-24 04:00:00,4621.66,4635.04,4618.78,4621.75,8516,35,0
2026-08-24 04:15:00,4621.75,4625.65,4611.01,4614.6,7685,36,0
2026-08-24 04:30:00,4614.61,4620.88,4607.99,4618.12,7013,35,0
2026-08-24 04:45:00,4618.15,4637.51,4614.98,4632.19,6407,35,0
2026-08-24 05:00:00,4632.19,4652.07,4627.78,4650.35,6826,35,0
2026-08-24 05:15:00,4650.36,4656.57,4649.24,4655.98,4776,35,0
2026-08-24 05:30:00,4656.13,4656.72,4637.4,4637.54,6500,35,0
2026-08-24 05:45:00,4637.55,4644.64,4627.41,4643.51,6219,35,0
2026-08-24 06:00:00,4643.51,4643.83,4633.25,4637.08,4871,35,0
2026-08-24 06:15:00,4637.11,4648.28,4635.26,4643.64,5195,36,0
2026-08-24 06:30:00,4643.63,4650.1,4642.67,4642.88,3961,35,0
2026-08-24 06:45:00,4642.89,4644.64,4639.95,4641.41,3087,35,0
2026-08-24 07:00:00,4641.39,4642.36,4632.37,4638.12,4221,35,0
2026-08-24 07:15:00,4638.13,4641.63,4634.23,4640.25,3933,35,0
2026-08-24 07:30:00,4640.2,4640.43,4632.55,4637.89,3706,35,0
2026-08-24 07:45:00,4637.88,4640.14,4635.57,4638.69,3323,35,0
2026-08-24 08:00:00,4638.71,4643.23,4638.4,4643.14,3704,35,0
2026-08-24 08:15:00,4643.14,4646.27,4633.92,4634.52,3874,35,0
2026-08-24 08:30:00,4634.41,4639.47,4629.61,4633.2,6741,37,0
2026-08-24 08:45:00,4633.2,4643.0,4630.06,4640.74,5482,35,0
2026-08-24 09:00:00,4640.78,4652.32,4639.14,4651.92,6198,32,0
2026-08-24 09:15:00,4652.02,4659.66,4640.58,4642.44,6247,35,0
2026-08-24 09:30:00,4642.5,4653.47,4641.76,4642.83,5556,31,0
2026-08-24 09:45:00,4642.85,4653.71,4642.72,4650.07,5025,31,0
2026-08-24 10:00:00,4650.08,4654.3,4644.09,4648.11,5310,31,0
2026-08-24 10:15:00,4648.11,4649.88,4642.05,4642.42,5102,31,0
2026-08-24 10:30:00,4642.41,4647.66,4634.52,4634.87,5028,31,0
2026-08-24 10:45:00,4634.88,4643.62,4629.87,4642.42,5288,32,0
2026-08-24 11:00:00,4642.59,4645.73,4635.42,4637.06,5915,34,0
2026-08-24 11:15:00,4637.06,4639.46,4628.96,4629.26,4715,31,0
2026-08-24 11:30:00,4629.39,4645.92,4628.57,4645.57,4158,31,0
2026-08-24 11:45:00,4645.57,4645.8,4635.84,4637.69,3648,35,0
2026-08-24 12:00:00,4637.69,4644.53,4637.01,4641.71,3765,33,0
2026-08-24 12:15:00,4641.71,4641.81,4634.71,4635.73,3425,31,0
2026-08-24 12:30:00,4635.73,4640.45,4632.71,4639.17,3809,31,0
2026-08-24 12:45:00,4639.15,4645.89,4638.7,4645.67,2955,31,0
2026-08-24 13:00:00,4645.66,4649.99,4645.37,4648.14,3572,35,0
2026-08-24 13:15:00,4648.15,4648.42,4642.24,4643.12,3381,31,0
2026-08-24 13:30:00,4643.12,4648.93,4642.54,4643.96,3227,31,0
2026-08-24 13:45:00,4643.97,4646.92,4641.59,4643.11,3421,31,0
2026-08-24 14:00:00,4643.11,4646.59,4638.89,4642.11,4145,31,0
2026-08-24 14:15:00,4642.11,4647.32,4640.33,4646.62,3258,31,0
2026-08-24 14:30:00,4646.45,4669.86,4643.31,4658.85,7955,36,0
2026-08-24 14:45:00,4658.85,4661.28,4647.96,4657.21,5745,35,0
2026-08-24 15:00:00,4657.21,4659.82,4649.7,4656.88,5252,35,0
2026-08-24 15:15:00,4656.78,4662.37,4651.29,4661.16,5407,31,0
2026-08-24 15:30:00,4661.16,4668.54,4644.77,4657.13,6392,31,0
2026-08-24 15:45:00,4657.13,4667.14,4654.15,4662.67,5026,31,0
2026-08-24 16:00:00,4662.51,4677.61,4661.38,4677.4,7120,36,0
2026-08-24 16:15:00,4677.39,4677.69,4667.61,4671.96,6387,33,0
2026-08-24 16:30:00,4671.98,4680.65,4657.5,4657.5,10593,36,0
2026-08-24 16:45:00,4657.34,4678.03,4655.89,4664.47,9651,35,0
2026-08-24 17:00:00,4664.25,4671.93,4659.68,4665.29,9418,31,0
2026-08-24 17:15:00,4665.29,4674.92,4655.23,4671.97,8309,31,0
2026-08-24 17:30:00,4672.04,4678.66,4669.8,4671.94,6930,31,0
2026-08-24 17:45:00,4671.94,4675.65,4656.77,4670.37,7195,31,0
2026-08-24 18:00:00,4670.37,4676.45,4665.28,4672.94,6713,31,0
2026-08-24 18:15:00,4672.89,4679.55,4668.16,4676.0,6174,31,0
2026-08-24 18:30:00,4676.01,4677.17,4659.58,4660.16,7094,34,0
2026-08-24 18:45:00,4660.14,4662.92,4639.3,4649.16,7851,34,0
2026-08-24 19:00:00,4649.14,4661.78,4646.29,4657.26,6425,35,0
2026-08-24 19:15:00,4657.26,4660.25,4655.82,4658.71,4625,36,0
2026-08-24 19:30:00,4658.7,4662.08,4658.31,4659.48,3869,36,0
2026-08-24 19:45:00,4659.47,4659.91,4642.01,4644.69,5360,36,0
2026-08-24 20:00:00,4644.69,4654.87,4641.55,4651.43,6840,36,0
2026-08-24 20:15:00,4651.43,4653.86,4630.04,4637.88,7900,36,0
2026-08-24 20:30:00,4637.88,4642.86,4635.32,4638.61,5794,32,0
2026-08-24 20:45:00,4638.58,4639.01,4632.52,4636.3,4876,34,0
2026-08-24 21:00:00,4636.3,4640.5,4624.76,4631.91,5601,36,0
2026-08-24 21:15:00,4631.91,4642.03,4627.02,4640.31,5248,34,0
2026-08-24 21:30:00,4640.36,4641.63,4625.09,4634.78,5426,31,0
2026-08-24 21:45:00,4634.79,4637.43,4631.33,4636.45,4442,31,0
2026-08-24 22:00:00,4636.65,4640.48,4635.8,4636.09,3955,36,0
2026-08-24 22:15:00,4636.09,4644.85,4635.74,4641.32,3922,34,0
2026-08-24 22:30:00,4641.3,4650.6,4640.06,4649.9,5167,35,0
2026-08-24 22:45:00,4649.93,4655.96,4649.75,4651.69,5774,36,0
2026-08-24 23:00:00,4651.69,4655.18,4650.08,4650.41,2171,31,0
2026-08-24 23:15:00,4650.38,4653.59,4648.88,4649.24,1398,31,0
2026-08-24 23:30:00,4649.24,4649.95,4647.17,4648.19,1073,31,0
2026-08-24 23:45:00,4648.17,4651.07,4647.01,4650.89,1331,44,0
2026-08-25 01:00:00,4654.34,4659.76,4653.7,4658.68,1350,38,0
2026-08-25 01:15:00,4658.69,4659.43,4656.77,4657.7,1140,38,0
2026-08-25 01:30:00,4657.68,4661.47,4657.21,4661.36,1014,38,0
2026-08-25 01:45:00,4661.36,4668.33,4660.8,4667.83,1207,37,0
2026-08-25 02:00:00,4667.83,4672.22,4666.82,4672.17,1584,36,0
2026-08-25 02:15:00,4672.17,4676.87,4669.17,4669.28,2056,35,0
2026-08-25 02:30:00,4669.26,4676.94,4667.72,4676.52,2409,35,0
2026-08-25 02:45:00,4676.52,4682.59,4675.08,4680.42,3801,36,0
2026-08-25 03:00:00,4680.45,4691.19,4675.39,4690.45,6681,37,0
2026-08-25 03:15:00,4690.46,4691.14,4676.53,4682.11,5586,35,0
2026-08-25 03:30:00,4682.05,4696.84,4681.78,4693.76,5618,35,0
2026-08-25 03:45:00,4693.66,4694.61,4682.73,4683.41,5033,35,0
2026-08-25 04:00:00,4683.35,4685.11,4669.65,4676.79,7627,36,0
2026-08-25 04:15:00,4676.79,4678.71,4662.91,4668.49,6590,35,0
2026-08-25 04:30:00,4668.49,4673.61,4665.75,4670.15,6497,35,0
2026-08-25 04:45:00,4670.17,4675.47,4656.35,4657.61,6560,35,0
2026-08-25 05:00:00,4657.67,4661.12,4638.05,4641.42,8306,35,0
2026-08-25 05:15:00,4641.45,4656.54,4640.67,4655.86,5103,35,0
2026-08-25 05:30:00,4655.57,4656.21,4630.63,4630.67,7262,35,0
2026-08-25 05:45:00,4630.82,4637.13,4615.36,4629.38,7686,37,0
2026-08-25 06:00:00,4629.42,4637.71,4622.04,4634.02,6619,35,0
2026-08-25 06:15:00,4634.03,4638.18,4631.87,4637.28,5218,37,0
2026-08-25 06:30:00,4637.28,4641.06,4633.85,4634.21,3483,37,0
2026-08-25 06:45:00,4634.01,4635.65,4631.44,4633.46,3566,36,0
2026-08-25 07:00:00,4633.45,4637.51,4630.69,4636.88,3251,35,0
2026-08-25 07:15:00,4636.88,4637.0,4628.72,4630.64,3162,35,0
2026-08-25 07:30:00,4630.67,4632.5,4623.38,4625.44,4161,35,0
2026-08-25 07:45:00,4625.45,4628.38,4623.66,4625.27,4008,35,0
2026-08-25 08:00:00,4625.32,4638.72,4623.56,4637.48,4319,35,0
2026-08-25 08:15:00,4637.49,4647.64,4637.49,4646.12,3642,35,0
2026-08-25 08:30:00,4646.06,4646.76,4637.74,4638.65,5750,36,0
2026-08-25 08:45:00,4638.66,4645.71,4635.65,4642.65,5083,31,0
2026-08-25 09:00:00,4642.66,4650.19,4641.08,4649.51,5007,31,0
2026-08-25 09:15:00,4649.51,4653.11,4645.3,4649.86,4139,33,0
2026-08-25 09:30:00,4649.85,4653.21,4647.54,4647.73,4519,33,0
2026-08-25 09:45:00,4647.74,4649.11,4636.99,4637.99,4113,33,0
2026-08-25 10:00:00,4638.11,4641.68,4636.25,4639.57,4680,34,0
2026-08-25 10:15:00,4639.57,4643.52,4634.08,4634.46,3890,31,0
2026-08-25 10:30:00,4634.47,4639.92,4633.53,4639.43,3606,31,0
2026-08-25 10:45:00,4639.5,4640.42,4629.48,4629.48,3705,31,0
2026-08-25 11:00:00,4629.46,4630.99,4619.97,4626.4,5258,34,0
2026-08-25 11:15:00,4626.24,4645.06,4625.64,4632.72,5631,33,0
2026-08-25 11:30:00,4632.77,4635.05,4625.61,4631.54,5094,35,0
2026-08-25 11:45:00,4631.59,4633.37,4624.89,4629.8,4027,36,0
2026-08-25 12:00:00,4629.8,4632.95,4624.49,4630.16,4840,35,0
2026-08-25 12:15:00,4630.13,4633.08,4625.4,4626.19,4239,32,0
2026-08-25 12:30:00,4626.25,4639.11,4623.77,4636.85,5746,36,0
2026-08-25 12:45:00,4636.85,4642.16,4635.64,4636.06,4693,36,0
2026-08-25 13:00:00,4636.02,4638.16,4632.89,4635.05,3699,34,0
2026-08-25 13:15:00,4635.06,4638.57,4632.75,4633.64,3053,36,0
2026-08-25 13:30:00,4633.63,4640.67,4632.23,4637.53,3159,35,0
2026-08-25 13:45:00,4637.5,4642.04,4636.74,4638.87,2889,31,0
2026-08-25 14:00:00,4638.87,4642.99,4636.37,4642.59,3684,31,0
2026-08-25 14:15:00,4642.61,4644.81,4638.85,4641.26,3309,34,0
2026-08-25 14:30:00,4641.28,4644.76,4639.96,4640.24,3508,31,0
2026-08-25 14:45:00,4640.24,4646.98,4640.21,4642.0,3784,31,0
2026-08-25 15:00:00,4641.97,4641.97,4634.38,4638.66,4458,31,0
2026-08-25 15:15:00,4638.69,4638.94,4631.46,4636.94,4168,33,0
2026-08-25 15:30:00,4636.89,4640.13,4629.64,4637.84,4790,31,0
2026-08-25 15:45:00,4637.84,4643.78,4636.88,4640.47,3903,31,0
2026-08-25 16:00:00,4640.45,4640.77,4622.41,4622.47,7294,31,0
2026-08-25 16:15:00,4622.43,4627.54,4608.34,4610.45,7351,34,0
2026-08-25 16:30:00,4610.51,4623.17,4608.76,4612.86,9321,32,0
2026-08-25 16:45:00,4612.86,4617.6,4605.26,4615.44,8424,31,0
2026-08-25 17:00:00,4615.44,4626.48,4613.49,4622.82,7827,31,0
2026-08-25 17:15:00,4622.81,4628.16,4618.42,4623.72,7172,31,0
2026-08-25 17:30:00,4623.67,4638.04,4611.72,4637.04,7321,33,0
2026-08-25 17:45:00,4637.0,4639.93,4632.71,4635.94,5892,34,0
2026-08-25 18:00:00,4636.03,4637.25,4630.22,4633.29,6231,36,0
2026-08-25 18:15:00,4633.3,4644.66,4629.4,4640.16,5933,31,0
2026-08-25 18:30:00,4640.2,4659.36,4640.17,4656.27,7863,34,0
2026-08-25 18:45:00,4656.27,4657.18,4648.75,4652.35,5894,33,0
2026-08-25 19:00:00,4652.36,4653.12,4642.64,4644.44,5260,34,0
2026-08-25 19:15:00,4644.44,4647.01,4637.74,4639.29,4840,34,0
2026-08-25 19:30:00,4639.27,4645.2,4636.84,4643.76,4470,31,0
2026-08-25 19:45:00,4643.75,4646.23,4640.15,4643.33,4005,31,0
2026-08-25 20:00:00,4643.31,4643.49,4633.76,4637.67,4613,35,0
2026-08-25 20:15:00,4637.65,4644.76,4634.13,4637.15,4520,31,0
2026-08-25 20:30:00,4637.16,4644.38,4636.06,4642.68,3917,31,0
2026-08-25 20:45:00,4642.74,4648.26,4642.46,4648.18,3212,31,0
2026-08-25 21:00:00,4648.17,4650.03,4643.98,4646.83,3350,35,0
2026-08-25 21:15:00,4646.83,4650.35,4646.04,4649.68,2801,33,0
2026-08-25 21:30:00,4649.67,4650.13,4645.72,4649.01,2821,34,0
2026-08-25 21:45:00,4649.01,4654.8,4648.96,4654.31,2805,31,0
2026-08-25 22:00:00,4654.32,4662.94,4653.23,4661.85,3905,36,0
2026-08-25 22:15:00,4661.85,4667.95,4659.87,4660.79,3847,35,0
2026-08-25 22:30:00,4660.78,4664.52,4657.78,4661.82,3715,33,0
2026-08-25 22:45:00,4661.82,4667.33,4660.22,4666.84,5073,33,0
2026-08-25 23:00:00,4666.8,4668.84,4662.7,4665.47,3195,32,0
2026-08-25 23:15:00,4665.46,4667.49,4661.82,4662.23,2515,31,0
2026-08-25 23:30:00,4662.23,4663.94,4659.95,4661.3,2106,32,0
2026-08-25 23:45:00,4661.3,4661.97,4656.11,4657.19,1831,44,0
2026-08-26 01:00:00,4660.05,4664.66,4658.88,4664.4,896,38,0
2026-08-26 01:15:00,4664.37,4666.86,4664.37,4666.76,1037,38,0
2026-08-26 01:30:00,4666.79,4670.68,4666.74,4669.78,1492,38,0
2026-08-26 01:45:00,4669.75,4673.52,4669.67,4672.54,1303,37,0
2026-08-26 02:00:00,4672.54,4673.38,4667.14,4667.97,1849,35,0
2026-08-26 02:15:00,4667.97,4668.04,4660.18,4660.89,1808,35,0
2026-08-26 02:30:00,4660.9,4661.23,4655.5,4655.87,1953,35,0
2026-08-26 02:45:00,4655.85,4658.56,4652.9,4654.07,3086,35,0
2026-08-26 03:00:00,4653.91,4657.52,4650.46,4650.85,4656,37,0
2026-08-26 03:15:00,4650.83,4654.53,4642.87,4646.43,3665,36,0
2026-08-26 03:30:00,4646.47,4649.77,4636.16,4636.81,4172,35,0
2026-08-26 03:45:00,4636.81,4638.67,4634.22,4636.04,4023,35,0
2026-08-26 04:00:00,4636.12,4647.6,4628.87,4643.9,6370,36,0
2026-08-26 04:15:00,4643.9,4650.16,4642.75,4643.3,4979,36,0
2026-08-26 04:30:00,4643.48,4646.97,4638.8,4644.61,5970,36,0
2026-08-26 04:45:00,4644.64,4660.84,4642.96,4657.21,5541,35,0
2026-08-26 05:00:00,4657.22,4661.68,4654.95,4660.08,4952,35,0
2026-08-26 05:15:00,4660.13,4661.65,4656.15,4658.21,3059,35,0
2026-08-26 05:30:00,4658.21,4670.7,4657.43,4667.13,4856,35,0
2026-08-26 05:45:00,4667.18,4669.09,4657.94,4658.39,3862,35,0
2026-08-26 06:00:00,4658.38,4658.61,4647.15,4648.15,4082,35,0
2026-08-26 06:15:00,4648.13,4650.59,4645.86,4649.93,3678,35,0
2026-08-26 06:30:00,4649.93,4651.19,4645.14,4645.17,2745,35,0
2026-08-26 06:45:00,4645.17,4645.3,4642.49,4642.61,2329,35,0
2026-08-26 07:00:00,4642.64,4644.16,4641.7,4642.26,1962,35,0
2026-08-26 07:15:00,4642.26,4643.1,4640.03,4642.02,1977,35,0
2026-08-26 07:30:00,4642.05,4643.07,4639.5,4640.59,1973,35,0
2026-08-26 07:45:00,4640.59,4641.57,4638.64,4640.45,2184,35,0
2026-08-26 08:00:00,4640.44,4645.54,4639.83,4643.03,2685,36,0
2026-08-26 08:15:00,4643.03,4645.03,4641.08,4643.92,2596,35,0
2026-08-26 08:30:00,4644.07,4649.2,4637.75,4637.81,5186,37,0
2026-08-26 08:45:00,4637.79,4640.31,4635.31,4639.41,4322,36,0
2026-08-26 09:00:00,4639.41,4641.22,4635.83,4637.35,4364,31,0
2026-08-26 09:15:00,4637.35,4637.54,4624.38,4626.51,4900,31,0
2026-08-26 09:30:00,4626.51,4633.85,4625.38,4632.96,4356,31,0
2026-08-26 09:45:00,4632.96,4636.61,4630.37,4635.0,3631,31,0
2026-08-26 10:00:00,4635.02,4639.09,4632.68,4636.22,3812,31,0
2026-08-26 10:15:00,4636.23,4637.49,4630.64,4631.6,3348,31,0
2026-08-26 10:30:00,4631.37,4636.25,4628.76,4631.73,3222,31,0
2026-08-26 10:45:00,4631.76,4634.67,4626.35,4628.33,3357,31,0
2026-08-26 11:00:00,4628.27,4630.05,4625.47,4625.51,4031,31,0
2026-08-26 11:15:00,4625.45,4629.36,4622.06,4629.36,3671,31,0
2026-08-26 11:30:00,4629.36,4630.42,4624.86,4629.17,3264,31,0
2026-08-26 11:45:00,4629.16,4629.5,4625.84,4627.86,2816,31,0
2026-08-26 12:00:00,4627.97,4630.66,4622.96,4624.73,3349,35,0
2026-08-26 12:15:00,4624.75,4624.92,4616.05,4617.01,3442,31,0
2026-08-26 12:30:00,4617.01,4622.03,4616.44,4621.71,2734,31,0
2026-08-26 12:45:00,4621.71,4625.32,4621.67,4622.94,2608,34,0
2026-08-26 13:00:00,4623.06,4623.72,4617.54,4618.74,2482,31,0
2026-08-26 13:15:00,4618.72,4620.18,4613.16,4614.96,2775,35,0
2026-08-26 13:30:00,4614.96,4623.82,4614.23,4622.12,2639,33,0
2026-08-26 13:45:00,4622.1,4623.76,4618.73,4620.12,2200,31,0
2026-08-26 14:00:00,4620.12,4621.59,4616.11,4618.2,2872,31,0
2026-08-26 14:15:00,4618.19,4622.67,4616.2,4620.59,3174,31,0
2026-08-26 14:30:00,4620.61,4622.52,4616.94,4618.77,2951,31,0
2026-08-26 14:45:00,4618.76,4624.95,4616.63,4624.56,3206,31,0
2026-08-26 15:00:00,4624.47,4629.34,4623.43,4625.08,4051,31,0
2026-08-26 15:15:00,4625.26,4630.6,4624.14,4629.04,3965,31,0
2026-08-26 15:30:00,4629.0,4633.23,4612.05,4622.42,8009,36,0
2026-08-26 15:45:00,4622.53,4626.12,4610.3,4614.48,6631,35,0
2026-08-26 16:00:00,4614.49,4621.15,4608.1,4610.98,7702,34,0
2026-08-26 16:15:00,4611.04,4613.93,4596.45,4611.27,7005,33,0
2026-08-26 16:30:00,4611.33,4622.76,4610.07,4619.28,8507,35,0
2026-08-26 16:45:00,4619.23,4631.81,4618.09,4631.61,8086,33,0
2026-08-26 17:00:00,4631.62,4633.5,4619.24,4620.22,7545,31,0
2026-08-26 17:15:00,4620.22,4626.54,4616.07,4616.19,6529,34,0
2026-08-26 17:30:00,4616.22,4622.56,4612.52,4622.17,5836,31,0
2026-08-26 17:45:00,4622.14,4622.5,4602.11,4602.11,6480,31,0
2026-08-26 18:00:00,4602.21,4605.0,4587.51,4588.55,7429,34,0
2026-08-26 18:15:00,4588.43,4597.77,4582.57,4594.27,6511,33,0
2026-08-26 18:30:00,4594.29,4604.62,4594.23,4604.61,4976,32,0
2026-08-26 18:45:00,4604.61,4609.01,4595.77,4595.77,5672,35,0
2026-08-26 19:00:00,4595.77,4601.21,4590.36,4600.06,5472,36,0
2026-08-26 19:15:00,4600.07,4600.69,4593.88,4594.87,4608,36,0
2026-08-26 19:30:00,4594.87,4596.06,4585.41,4587.9,4570,36,0
2026-08-26 19:45:00,4587.87,4596.52,4587.77,4591.26,4417,32,0
2026-08-26 20:00:00,4591.26,4595.81,4590.38,4594.47,4160,33,0
2026-08-26 20:15:00,4594.48,4598.48,4593.19,4597.88,4130,34,0
2026-08-26 20:30:00,4597.9,4602.0,4595.46,4596.95,3684,32,0
2026-08-26 20:45:00,4596.95,4599.01,4593.75,4597.54,3117,31,0
2026-08-26 21:00:00,4597.6,4604.25,4596.49,4600.11,3375,32,0
2026-08-26 21:15:00,4600.03,4600.29,4592.43,4594.32,3666,32,0
2026-08-26 21:30:00,4594.39,4597.08,4592.13,4596.17,3224,31,0
2026-08-26 21:45:00,4596.15,4597.42,4593.08,4593.94,2874,31,0
2026-08-26 22:00:00,4593.9,4595.32,4590.71,4594.11,3568,35,0
2026-08-26 22:15:00,4594.1,4598.68,4590.97,4598.23,3266,34,0
2026-08-26 22:30:00,4598.2,4601.28,4593.95,4595.46,2989,31,0
2026-08-26 22:45:00,4595.43,4596.14,4592.04,4593.93,3701,31,0
2026-08-26 23:00:00,4594.14,4596.36,4591.37,4591.44,2547,31,0
2026-08-26 23:15:00,4591.47,4591.65,4583.75,4591.08,3504,31,0
2026-08-26 23:30:00,4591.05,4593.16,4590.03,4591.31,2048,31,0
2026-08-26 23:45:00,4591.44,4593.07,4590.5,4592.37,1616,44,0
2026-08-27 01:00:00,4601.91,4605.01,4601.38,4601.38,1304,37,0
2026-08-27 01:15:00,4601.38,4613.06,4601.38,4610.55,2789,36,0
2026-08-27 01:30:00,4610.55,4611.31,4608.54,4610.68,2091,36,0
2026-08-27 01:45:00,4610.68,4611.88,4606.74,4609.07,1574,35,0
2026-08-27 02:00:00,4608.95,4615.39,4606.65,4615.17,2028,35,0
2026-08-27 02:15:00,4615.25,4622.12,4614.17,4619.99,1889,35,0
2026-08-27 02:30:00,4619.99,4624.63,4618.17,4622.45,1795,35,0
2026-08-27 02:45:00,4621.87,4624.82,4620.72,4623.81,2713,35,0
2026-08-27 03:00:00,4623.82,4627.01,4616.16,4617.99,3713,35,0
2026-08-27 03:15:00,4617.99,4621.47,4613.35,4618.71,3423,35,0
2026-08-27 03:30:00,4618.71,4618.79,4605.31,4606.14,3365,35,0
2026-08-27 03:45:00,4606.18,4610.88,4600.39,4604.89,4088,35,0
2026-08-27 04:00:00,4604.88,4624.99,4602.2,4624.78,6301,37,0
2026-08-27 04:15:00,4624.75,4625.08,4616.96,4618.19,4531,36,0
2026-08-27 04:30:00,4618.18,4631.38,4617.93,4623.91,5237,37,0
2026-08-27 04:45:00,4623.91,4640.85,4623.72,4640.57,4747,35,0
2026-08-27 05:00:00,4640.59,4643.19,4638.3,4640.9,4128,35,0
2026-08-27 05:15:00,4640.92,4640.96,4632.94,4633.33,2983,35,0
2026-08-27 05:30:00,4633.32,4634.01,4623.3,4627.34,4953,35,0
2026-08-27 05:45:00,4627.34,4631.3,4624.35,4629.55,3503,35,0
2026-08-27 06:00:00,4629.54,4635.06,4628.33,4634.27,3945,35,0
2026-08-27 06:15:00,4634.28,4638.58,4633.0,4635.53,3477,35,0
2026-08-27 06:30:00,4635.54,4635.61,4628.84,4629.34,2533,35,0
2026-08-27 06:45:00,4629.34,4629.62,4624.42,4625.5,2262,35,0
2026-08-27 07:00:00,4625.48,4627.23,4623.92,4625.24,2451,35,0
2026-08-27 07:15:00,4625.26,4626.84,4620.54,4620.54,2467,35,0
2026-08-27 07:30:00,4620.55,4620.82,4617.15,4619.0,2540,35,0
2026-08-27 07:45:00,4619.0,4620.46,4617.55,4618.66,2674,35,0
2026-08-27 08:00:00,4618.66,4621.17,4616.05,4619.75,2743,35,0
2026-08-27 08:15:00,4619.75,4621.33,4616.39,4616.72,2452,35,0
2026-08-27 08:30:00,4617.18,4619.65,4604.68,4605.02,5789,37,0
2026-08-27 08:45:00,4605.03,4609.41,4600.72,4606.49,4851,36,0
2026-08-27 09:00:00,4606.49,4607.17,4599.34,4605.64,4862,31,0
2026-08-27 09:15:00,4605.62,4610.4,4603.65,4610.4,4208,31,0
2026-08-27 09:30:00,4610.42,4611.54,4604.54,4607.2,3933,31,0
2026-08-27 09:45:00,4607.19,4609.4,4597.83,4600.12,4561,32,0
2026-08-27 10:00:00,4600.12,4605.57,4598.36,4603.68,4547,31,0
2026-08-27 10:15:00,4603.68,4603.68,4593.42,4599.22,3809,31,0
2026-08-27 10:30:00,4599.26,4601.11,4594.81,4597.7,3668,31,0
2026-08-27 10:45:00,4597.74,4602.26,4595.49,4599.88,3525,31,0
2026-08-27 11:00:00,4599.88,4606.61,4599.53,4603.1,3977,31,0
2026-08-27 11:15:00,4603.12,4605.95,4599.93,4600.72,3382,31,0
2026-08-27 11:30:00,4600.71,4601.61,4594.4,4595.75,3564,31,0
2026-08-27 11:45:00,4595.74,4602.05,4595.39,4598.79,3092,31,0
2026-08-27 12:00:00,4598.84,4600.47,4593.52,4595.77,4105,32,0
2026-08-27 12:15:00,4595.76,4599.15,4593.45,4597.56,3689,33,0
2026-08-27 12:30:00,4597.56,4598.94,4577.1,4582.21,4469,35,0
2026-08-27 12:45:00,4582.23,4585.61,4578.82,4579.92,3478,36,0
2026-08-27 13:00:00,4579.91,4581.61,4568.82,4581.33,4308,33,0
2026-08-27 13:15:00,4581.38,4583.34,4577.26,4579.93,3192,33,0
2026-08-27 13:30:00,4579.93,4585.65,4575.63,4585.43,3573,35,0
2026-08-27 13:45:00,4585.44,4590.4,4584.95,4590.27,3283,31,0
2026-08-27 14:00:00,4590.09,4592.49,4587.2,4592.31,3494,31,0
2026-08-27 14:15:00,4592.31,4596.77,4590.42,4594.55,2951,31,0
2026-08-27 14:30:00,4594.54,4599.76,4593.89,4597.81,4095,31,0
2026-08-27 14:45:00,4597.78,4600.33,4594.52,4598.64,3762,31,0
2026-08-27 15:00:00,4598.62,4601.12,4592.63,4592.79,4197,31,0
2026-08-27 15:15:00,4592.78,4600.62,4591.84,4595.72,4454,33,0
2026-08-27 15:30:00,4595.74,4596.63,4587.16,4587.49,4298,34,0
2026-08-27 15:45:00,4587.49,4587.91,4580.45,4584.88,4473,31,0
2026-08-27 16:00:00,4584.94,4590.68,4579.65,4585.15,7445,35,0
2026-08-27 16:15:00,4585.04,4593.14,4582.93,4590.96,6638,34,0
2026-08-27 16:30:00,4591.02,4592.89,4572.22,4578.31,9254,35,0
2026-08-27 16:45:00,4578.37,4582.8,4564.7,4572.31,8676,33,0
2026-08-27 17:00:00,4572.24,4579.07,4568.35,4574.27,8299,31,0
2026-08-27 17:15:00,4574.38,4584.14,4573.71,4581.15,7067,31,0
2026-08-27 17:30:00,4581.15,4597.31,4581.14,4595.4,6656,32,0
2026-08-27 17:45:00,4595.39,4598.23,4588.21,4591.55,6801,31,0
2026-08-27 18:00:00,4591.68,4595.43,4591.16,4592.63,6240,32,0
2026-08-27 18:15:00,4592.61,4597.99,4588.73,4592.93,5726,32,0
2026-08-27 18:30:00,4592.95,4605.7,4592.14,4601.63,5706,31,0
2026-08-27 18:45:00,4601.66,4611.32,4600.27,4610.53,5886,31,0
2026-08-27 19:00:00,4610.49,4613.02,4604.56,4604.69,5188,31,0
2026-08-27 19:15:00,4604.68,4608.45,4602.52,4607.71,4655,36,0
2026-08-27 19:30:00,4607.69,4612.87,4605.99,4611.56,4301,31,0
2026-08-27 19:45:00,4611.56,4616.66,4610.18,4615.82,4572,31,0
2026-08-27 20:00:00,4615.78,4616.57,4608.61,4610.28,4738,31,0
2026-08-27 20:15:00,4610.28,4611.97,4608.45,4610.39,4373,31,0
2026-08-27 20:30:00,4610.26,4614.27,4608.38,4611.32,4244,31,0
2026-08-27 20:45:00,4611.33,4611.68,4605.14,4606.59,5300,33,0
2026-08-27 21:00:00,4606.58,4608.02,4602.22,4605.51,5457,32,0
2026-08-27 21:15:00,4605.53,4607.96,4600.9,4601.98,4723,31,0
2026-08-27 21:30:00,4601.98,4605.09,4600.96,4604.53,3688,31,0
2026-08-27 21:45:00,4604.55,4611.08,4604.3,4610.6,3448,31,0
2026-08-27 22:00:00,4610.62,4617.92,4610.58,4615.86,4185,35,0
2026-08-27 22:15:00,4615.88,4616.08,4604.3,4606.17,3801,31,0
2026-08-27 22:30:00,4606.13,4610.09,4604.76,4609.79,3773,31,0
2026-08-27 22:45:00,4609.79,4612.58,4605.33,4609.5,4588,31,0
2026-08-27 23:00:00,4609.45,4609.52,4603.65,4604.75,2305,31,0
2026-08-27 23:15:00,4604.75,4605.34,4602.69,4603.64,1285,31,0
2026-08-27 23:30:00,4603.64,4604.32,4601.92,4603.79,1034,36,0
2026-08-27 23:45:00,4603.82,4604.57,4598.58,4599.03,1524,44,0
2026-08-28 01:00:00,4600.6,4605.19,4599.71,4604.71,1112,37,0
2026-08-28 01:15:00,4604.71,4608.25,4604.35,4607.61,1337,38,0
2026-08-28 01:30:00,4607.62,4609.97,4606.69,4607.73,1216,37,0
2026-08-28 01:45:00,4607.57,4610.77,4606.65,4610.65,964,35,0
2026-08-28 02:00:00,4610.64,4611.39,4602.86,4602.91,1377,35,0
2026-08-28 02:15:00,4602.91,4603.65,4600.07,4601.05,1247,35,0
2026-08-28 02:30:00,4601.05,4602.28,4598.54,4599.67,1420,35,0
2026-08-28 02:45:00,4599.62,4599.62,4593.93,4593.93,2123,35,0
2026-08-28 03:00:00,4593.93,4602.46,4593.21,4600.59,3694,36,0
2026-08-28 03:15:00,4600.58,4600.72,4590.55,4593.9,3566,35,0
2026-08-28 03:30:00,4594.15,4594.19,4587.85,4590.9,3396,35,0
2026-08-28 03:45:00,4590.89,4591.08,4585.58,4588.65,3270,35,0
2026-08-28 04:00:00,4588.65,4602.13,4586.34,4593.9,5988,36,0
2026-08-28 04:15:00,4593.93,4597.99,4583.85,4585.79,5811,35,0
2026-08-28 04:30:00,4585.81,4589.01,4578.37,4582.01,5885,35,0
2026-08-28 04:45:00,4582.02,4583.17,4575.3,4575.83,5089,35,0
2026-08-28 05:00:00,4575.83,4582.55,4574.91,4581.2,4255,36,0
2026-08-28 05:15:00,4581.2,4584.69,4578.56,4583.26,2571,35,0
2026-08-28 05:30:00,4583.51,4589.51,4583.05,4584.95,4197,35,0
2026-08-28 05:45:00,4584.95,4587.13,4582.29,4586.24,3399,35,0
2026-08-28 06:00:00,4586.27,4588.29,4582.81,4584.13,3546,35,0
2026-08-28 06:15:00,4584.13,4590.0,4584.13,4588.0,3412,35,0
2026-08-28 06:30:00,4588.2,4588.31,4580.84,4581.83,2412,35,0
2026-08-28 06:45:00,4581.84,4581.93,4578.48,4579.73,1978,35,0
2026-08-28 07:00:00,4579.72,4580.21,4577.78,4579.01,1937,36,0
2026-08-28 07:15:00,4579.01,4585.08,4578.54,4584.21,1983,35,0
2026-08-28 07:30:00,4584.21,4584.21,4577.91,4579.68,1926,35,0
2026-08-28 07:45:00,4579.68,4584.96,4578.07,4584.15,1602,35,0
2026-08-28 08:00:00,4584.16,4585.09,4577.92,4579.76,2358,35,0
2026-08-28 08:15:00,4579.76,4586.03,4578.89,4583.9,2044,35,0
2026-08-28 08:30:00,4583.89,4583.9,4571.02,4572.42,5019,37,0
2026-08-28 08:45:00,4572.42,4577.12,4571.43,4573.03,3603,36,0
2026-08-28 09:00:00,4573.06,4583.32,4572.18,4581.69,4645,31,0
2026-08-28 09:15:00,4581.67,4585.58,4580.57,4585.02,3715,31,0
2026-08-28 09:30:00,4585.06,4588.52,4582.97,4588.32,4021,31,0
2026-08-28 09:45:00,4588.3,4613.3,4588.26,4612.7,6649,31,0
2026-08-28 10:00:00,4612.98,4613.47,4596.65,4600.3,5367,31,0
2026-08-28 10:15:00,4600.36,4609.99,4599.31,4607.7,4373,31,0
2026-08-28 10:30:00,4607.71,4614.44,4607.22,4609.46,3776,31,0
2026-08-28 10:45:00,4609.47,4613.61,4607.74,4612.01,3194,31,0
2026-08-28 11:00:00,4611.64,4614.8,4610.2,4611.98,3755,31,0
2026-08-28 11:15:00,4611.99,4612.58,4608.37,4609.46,3140,31,0
2026-08-28 11:30:00,4609.48,4611.76,4603.57,4603.92,3492,31,0
2026-08-28 11:45:00,4603.85,4606.23,4601.24,4602.74,3214,31,0
2026-08-28 12:00:00,4602.67,4604.37,4600.75,4601.69,3344,31,0
2026-08-28 12:15:00,4601.69,4604.19,4600.54,4601.93,3125,31,0
2026-08-28 12:30:00,4601.93,4605.13,4601.07,4604.04,3132,31,0
2026-08-28 12:45:00,4604.02,4607.46,4603.16,4605.19,2827,31,0
2026-08-28 13:00:00,4605.21,4608.98,4603.53,4608.55,3063,31,0
2026-08-28 13:15:00,4608.54,4609.89,4602.01,4605.33,2709,31,0
2026-08-28 13:30:00,4605.33,4607.87,4601.97,4602.81,2828,31,0
2026-08-28 13:45:00,4602.79,4603.21,4597.65,4600.18,3065,31,0
2026-08-28 14:00:00,4600.18,4601.34,4595.05,4598.86,3801,32,0
2026-08-28 14:15:00,4598.91,4601.19,4597.71,4599.01,3050,32,0
2026-08-28 14:30:00,4599.17,4600.89,4591.43,4594.67,3734,34,0
2026-08-28 14:45:00,4594.67,4596.09,4591.62,4593.02,3265,31,0
2026-08-28 15:00:00,4593.13,4597.04,4590.93,4594.44,4326,31,0
2026-08-28 15:15:00,4594.45,4603.84,4592.5,4601.51,4003,31,0
2026-08-28 15:30:00,4601.49,4602.24,4588.98,4591.8,5730,34,0
2026-08-28 15:45:00,4591.9,4602.77,4590.24,4602.55,4822,31,0
2026-08-28 16:00:00,4602.55,4605.37,4596.33,4599.24,6832,31,0
2026-08-28 16:15:00,4599.23,4604.44,4593.78,4604.01,6066,31,0
2026-08-28 16:30:00,4604.23,4607.89,4598.93,4604.9,7731,31,0
2026-08-28 16:45:00,4605.12,4627.17,4599.42,4602.91,7461,31,0
2026-08-28 17:00:00,4603.46,4632.1,4543.56,4546.05,13219,36,0
2026-08-28 17:15:00,4546.05,4568.23,4529.86,4551.84,11898,35,0
2026-08-28 17:30:00,4551.82,4576.83,4551.64,4560.98,11109,36,0
2026-08-28 17:45:00,4560.98,4580.68,4550.43,4578.3,10661,35,0
2026-08-28 18:00:00,4578.31,4582.74,4556.88,4559.21,10362,35,0
2026-08-28 18:15:00,4559.34,4569.15,4551.41,4566.78,9615,31,0
2026-08-28 18:30:00,4566.77,4567.43,4534.1,4539.38,9526,31,0
2026-08-28 18:45:00,4539.41,4545.77,4523.79,4524.32,10127,31,0
2026-08-28 19:00:00,4524.37,4529.2,4497.12,4497.59,10360,36,0
2026-08-28 19:15:00,4497.08,4503.34,4463.77,4480.59,11212,35,0
2026-08-28 19:30:00,4480.42,4487.17,4465.31,4468.67,10347,31,0
2026-08-28 19:45:00,4468.98,4484.63,4468.98,4479.38,8749,33,0
2026-08-28 20:00:00,4479.36,4482.39,4470.71,4480.61,8759,35,0
2026-08-28 20:15:00,4480.61,4486.19,4474.62,4478.67,7896,35,0
2026-08-28 20:30:00,4478.54,4481.22,4460.08,4467.03,7380,36,0
2026-08-28 20:45:00,4467.02,4475.37,4465.54,4469.09,6101,32,0
2026-08-28 21:00:00,4469.09,4471.36,4459.37,4460.88,7199,33,0
2026-08-28 21:15:00,4460.87,4463.2,4452.19,4455.42,7521,34,0
2026-08-28 21:30:00,4455.41,4458.36,4445.14,4450.86,6764,31,0
2026-08-28 21:45:00,4450.87,4457.96,4447.92,4456.55,6517,31,0
2026-08-28 22:00:00,4456.02,4462.38,4452.65,4456.7,6592,31,0
2026-08-28 22:15:00,4456.55,4463.25,4454.82,4461.75,4863,31,0
2026-08-28 22:30:00,4461.76,4466.73,4460.69,4464.77,4616,33,0
2026-08-28 22:45:00,4464.74,4464.74,4452.65,4458.24,6187,35,0
2026-08-28 23:00:00,4458.32,4462.42,4455.06,4457.69,3254,31,0
2026-08-28 23:15:00,4457.71,4460.24,4453.44,4457.97,1784,31,0
2026-08-28 23:30:00,4457.97,4457.97,4453.48,4456.86,1453,35,0
2026-08-28 23:45:00,4456.9,4459.54,4451.46,4454.61,1583,44,0
2026-08-31 01:00:00,4444.43,4459.43,4444.43,4458.73,2539,38,0
2026-08-31 01:15:00,4458.73,4465.65,4455.79,4459.23,3037,38,0
2026-08-31 01:30:00,4459.29,4462.14,4452.63,4457.56,2264,38,0
2026-08-31 01:45:00,4457.62,4462.14,4456.74,4461.02,1364,29,0
2026-08-31 02:00:00,4461.29,4466.51,4459.53,4460.44,2306,37,0
2026-08-31 02:15:00,4460.44,4464.92,4454.99,4457.32,2467,38,0
2026-08-31 02:30:00,4457.32,4457.62,4446.39,4447.14,3132,36,0
2026-08-31 02:45:00,4447.14,4460.16,4435.86,4458.52,5041,37,0
2026-08-31 03:00:00,4458.57,4463.11,4453.13,4461.43,5696,35,0
2026-08-31 03:15:00,4461.43,4464.85,4451.91,4456.27,4026,35,0
2026-08-31 03:30:00,4456.27,4471.5,4456.17,4464.97,4066,35,0
2026-08-31 03:45:00,4464.97,4468.58,4454.49,4454.49,4032,35,0
2026-08-31 04:00:00,4454.74,4462.96,4435.77,4443.51,8843,38,0
2026-08-31 04:15:00,4443.7,4453.84,4441.78,4443.54,7152,35,0
2026-08-31 04:30:00,4443.51,4453.51,4436.27,4450.54,7326,35,0
2026-08-31 04:45:00,4450.54,4452.31,4435.98,4439.89,6529,35,0
2026-08-31 05:00:00,4439.9,4441.14,4418.28,4424.02,6993,35,0
2026-08-31 05:15:00,4424.03,4427.72,4418.52,4421.26,5169,35,0
2026-08-31 05:30:00,4421.32,4426.02,4401.8,4402.76,7002,36,0
2026-08-31 05:45:00,4402.76,4423.11,4396.22,4423.1,5652,35,0
2026-08-31 06:00:00,4423.12,4428.03,4421.59,4428.03,4345,35,0
2026-08-31 06:15:00,4428.03,4433.75,4426.15,4427.4,4230,37,0
2026-08-31 06:30:00,4427.34,4427.5,4419.83,4422.69,3043,35,0
2026-08-31 06:45:00,4422.68,4426.78,4421.42,4422.42,2394,35,0
2026-08-31 07:00:00,4422.39,4422.67,4416.8,4420.9,2645,35,0
2026-08-31 07:15:00,4420.9,4421.4,4415.72,4415.8,2688,35,0
2026-08-31 07:30:00,4415.75,4421.85,4412.55,4420.08,2719,35,0
2026-08-31 07:45:00,4420.08,4424.76,4418.57,4424.52,2659,35,0
2026-08-31 08:00:00,4424.52,4426.86,4419.03,4422.56,3221,36,0
2026-08-31 08:15:00,4422.61,4440.64,4421.95,4440.2,3658,35,0
2026-08-31 08:30:00,4440.83,4442.05,4430.55,4437.7,5470,37,0
2026-08-31 08:45:00,4437.7,4443.61,4434.09,4442.81,4670,35,0
2026-08-31 09:00:00,4442.81,4443.0,4429.12,4431.97,4835,31,0
2026-08-31 09:15:00,4432.0,4438.93,4431.27,4435.81,4519,31,0
2026-08-31 09:30:00,4435.92,4441.01,4431.19,4439.47,3893,31,0
2026-08-31 09:45:00,4439.47,4442.47,4436.53,4439.42,4071,31,0
2026-08-31 10:00:00,4439.42,4441.68,4435.5,4435.96,3897,31,0
2026-08-31 10:15:00,4435.92,4447.82,4435.03,4443.62,3795,31,0
2026-08-31 10:30:00,4443.56,4446.86,4440.9,4446.27,3458,31,0
2026-08-31 10:45:00,4446.27,4447.53,4440.52,4443.08,2968,31,0
2026-08-31 11:00:00,4443.07,4449.22,4436.82,4438.6,3912,31,0
2026-08-31 11:15:00,4438.59,4440.89,4435.93,4439.71,3541,31,0
2026-08-31 11:30:00,4439.72,4439.85,4433.98,4434.94,3108,31,0
2026-08-31 11:45:00,4434.91,4436.42,4433.36,4435.17,2650,31,0
2026-08-31 12:00:00,4435.13,4442.48,4435.08,4442.48,3118,31,0
2026-08-31 12:15:00,4442.52,4443.73,4437.54,4438.66,2565,31,0
2026-08-31 12:30:00,4438.66,4444.18,4438.51,4442.78,2315,31,0
2026-08-31 12:45:00,4442.78,4445.33,4440.88,4445.29,2408,31,0
2026-08-31 13:00:00,4445.31,4453.57,4444.61,4451.45,3630,31,0
2026-08-31 13:15:00,4451.43,4451.88,4446.31,4448.19,2988,31,0
2026-08-31 13:30:00,4448.19,4451.5,4447.47,4450.71,2944,31,0
2026-08-31 13:45:00,4450.74,4455.41,4449.27,4453.7,2813,31,0
2026-08-31 14:00:00,4453.71,4457.49,4453.03,4453.75,3093,32,0
2026-08-31 14:15:00,4453.76,4463.84,4452.45,4463.48,2903,32,0
2026-08-31 14:30:00,4463.48,4463.75,4453.24,4454.36,3687,36,0
2026-08-31 14:45:00,4454.39,4455.76,4452.09,4454.94,3100,31,0
2026-08-31 15:00:00,4454.81,4460.4,4449.19,4456.84,4140,34,0
2026-08-31 15:15:00,4456.87,4458.32,4446.93,4447.17,4913,36,0
2026-08-31 15:30:00,4447.06,4449.72,4438.89,4440.22,5222,35,0
2026-08-31 15:45:00,4440.2,4441.21,4435.17,4435.46,4531,32,0
2026-08-31 16:00:00,4434.2,4446.47,4433.54,4445.81,6151,32,0
2026-08-31 16:15:00,4445.81,4448.11,4439.12,4446.26,5162,31,0
2026-08-31 16:30:00,4446.3,4447.1,4431.84,4433.5,8412,36,0
2026-08-31 16:45:00,4433.48,4433.48,4415.48,4418.68,7906,36,0
2026-08-31 17:00:00,4418.77,4427.61,4416.02,4427.11,8272,34,0
2026-08-31 17:15:00,4427.03,4430.82,4416.21,4419.65,7525,33,0
2026-08-31 17:30:00,4419.65,4435.79,4419.01,4432.88,7309,31,0
2026-08-31 17:45:00,4432.86,4436.04,4425.95,4431.6,7107,31,0
2026-08-31 18:00:00,4431.71,4437.48,4428.07,4435.26,6948,32,0
2026-08-31 18:15:00,4435.25,4437.72,4429.01,4432.86,6428,31,0
2026-08-31 18:30:00,4432.83,4434.05,4426.01,4427.2,6406,31,0
2026-08-31 18:45:00,4427.19,4433.29,4424.45,4426.33,5808,31,0
2026-08-31 19:00:00,4426.31,4437.05,4423.53,4434.64,5919,32,0
2026-08-31 19:15:00,4434.67,4438.49,4433.24,4438.24,4077,31,0
2026-08-31 19:30:00,4438.28,4440.03,4431.11,4435.46,4971,35,0
2026-08-31 19:45:00,4435.45,4437.23,4431.99,4432.97,3932,35,0
2026-08-31 20:00:00,4432.96,4434.93,4430.53,4433.28,4331,35,0
2026-08-31 20:15:00,4433.29,4436.71,4428.48,4430.49,4612,36,0
2026-08-31 20:30:00,4430.47,4436.6,4429.69,4436.18,4118,34,0
2026-08-31 20:45:00,4436.13,4439.81,4435.46,4436.44,3550,31,0
2026-08-31 21:00:00,4436.42,4436.58,4430.22,4433.45,3670,33,0
2026-08-31 21:15:00,4433.43,4434.31,4429.24,4429.29,3221,33,0
2026-08-31 21:30:00,4429.29,4430.04,4425.98,4428.92,3945,35,0
2026-08-31 21:45:00,4428.92,4434.35,4428.87,4431.23,3180,31,0
2026-08-31 22:00:00,4431.23,4435.2,4428.98,4433.55,3206,31,0
2026-08-31 22:15:00,4433.49,4442.18,4432.76,4440.67,2906,31,0
2026-08-31 22:30:00,4440.78,4445.03,4438.82,4442.74,3847,36,0
2026-08-31 22:45:00,4442.7,4453.41,4441.3,4453.28,5551,36,0
2026-08-31 23:00:00,4453.16,4455.53,4449.7,4449.84,2951,31,0
2026-08-31 23:15:00,4449.83,4450.25,4446.74,4447.04,1444,31,0
2026-08-31 23:30:00,4446.98,4449.11,4446.62,4448.01,1051,36,0
2026-08-31 23:45:00,4447.99,4448.27,4445.06,4446.87,990,44,0
2026-09-01 01:00:00,4452.62,4455.53,4450.46,4451.47,1301,38,0
2026-09-01 01:15:00,4451.45,4451.98,4447.6,4449.68,1198,37,0
2026-09-01 01:30:00,4449.65,4451.01,4447.12,4447.71,972,35,0
2026-09-01 01:45:00,4447.73,4448.08,4445.46,4446.96,1098,35,0
2026-09-01 02:00:00,4446.98,4447.01,4443.76,4443.99,1322,35,0
2026-09-01 02:15:00,4444.03,4444.17,4441.71,4443.19,1013,35,0
2026-09-01 02:30:00,4443.2,4447.74,4442.95,4445.48,1310,35,0
2026-09-01 02:45:00,4445.47,4452.45,4445.47,4452.43,2363,36,0
2026-09-01 03:00:00,4452.43,4457.82,4446.21,4455.02,5213,37,0
2026-09-01 03:15:00,4455.03,4461.22,4452.44,4460.03,3774,35,0
2026-09-01 03:30:00,4460.06,4460.79,4451.84,4453.02,3115,35,0
2026-09-01 03:45:00,4453.12,4461.19,4451.31,4453.95,4006,35,0
2026-09-01 04:00:00,4453.96,4457.29,4446.54,4447.49,6777,37,0
2026-09-01 04:15:00,4447.5,4448.86,4439.07,4440.88,4983,35,0
2026-09-01 04:30:00,4440.89,4446.45,4437.52,4446.32,5013,35,0
2026-09-01 04:45:00,4446.33,4447.34,4439.8,4444.01,4626,35,0
2026-09-01 05:00:00,4444.02,4448.97,4441.75,4444.83,4630,35,0
2026-09-01 05:15:00,4444.84,4448.11,4440.14,4440.16,2783,35,0
2026-09-01 05:30:00,4440.13,4440.87,4431.49,4431.73,5221,35,0
2026-09-01 05:45:00,4431.62,4443.5,4427.27,4443.47,4256,35,0
2026-09-01 06:00:00,4443.47,4443.93,4438.45,4439.8,3766,35,0
2026-09-01 06:15:00,4439.8,4440.36,4431.75,4434.27,3577,35,0
2026-09-01 06:30:00,4434.28,4438.68,4433.25,4438.4,2683,35,0
2026-09-01 06:45:00,4438.41,4443.18,4436.61,4436.79,2074,35,0
2026-09-01 07:00:00,4436.79,4437.62,4429.94,4430.98,2630,35,0
2026-09-01 07:15:00,4430.98,4433.53,4429.39,4429.48,2257,35,0
2026-09-01 07:30:00,4429.47,4430.28,4426.45,4427.54,2389,35,0
2026-09-01 07:45:00,4427.57,4429.35,4425.17,4426.32,2726,35,0
2026-09-01 08:00:00,4426.34,4432.27,4425.94,4429.01,2650,35,0
2026-09-01 08:15:00,4429.01,4430.27,4425.01,4425.86,3006,35,0
2026-09-01 08:30:00,4425.8,4443.45,4423.45,4442.86,5671,37,0
2026-09-01 08:45:00,4442.86,4445.93,4439.9,4439.9,4420,35,0
2026-09-01 09:00:00,4439.9,4440.57,4431.66,4432.75,4303,31,0
2026-09-01 09:15:00,4432.73,4434.77,4427.41,4428.7,3652,31,0
2026-09-01 09:30:00,4428.7,4434.93,4428.17,4434.58,3471,31,0
2026-09-01 09:45:00,4434.58,4435.0,4427.93,4429.3,3135,31,0
2026-09-01 10:00:00,4429.38,4434.58,4429.12,4432.52,4602,31,0
2026-09-01 10:15:00,4432.51,4433.21,4425.46,4425.6,4386,31,0
2026-09-01 10:30:00,4425.6,4427.93,4411.85,4417.98,5381,32,0
2026-09-01 10:45:00,4417.98,4422.89,4416.66,4418.3,4601,31,0
2026-09-01 11:00:00,4418.28,4418.77,4389.31,4405.11,7781,31,0
2026-09-01 11:15:00,4405.09,4405.46,4381.51,4382.7,6902,31,0
2026-09-01 11:30:00,4382.7,4383.43,4369.71,4375.47,7468,31,0
2026-09-01 11:45:00,4375.47,4378.12,4368.89,4370.12,6267,31,0
2026-09-01 12:00:00,4370.16,4375.67,4365.72,4375.53,6427,31,0
2026-09-01 12:15:00,4375.54,4377.62,4370.27,4372.19,5231,31,0
2026-09-01 12:30:00,4372.12,4372.59,4364.99,4370.96,5316,31,0
2026-09-01 12:45:00,4370.93,4373.13,4364.16,4364.32,4592,31,0
2026-09-01 13:00:00,4364.32,4381.38,4363.77,4378.31,4444,31,0
2026-09-01 13:15:00,4378.25,4385.19,4378.16,4384.66,4286,31,0
2026-09-01 13:30:00,4384.67,4385.67,4381.25,4381.25,3720,31,0
2026-09-01 13:45:00,4381.25,4381.37,4374.79,4377.73,4307,31,0
2026-09-01 14:00:00,4377.74,4382.72,4375.49,4376.93,4727,36,0
2026-09-01 14:15:00,4376.93,4381.55,4374.53,4379.94,4248,36,0
2026-09-01 14:30:00,4379.94,4384.39,4377.94,4383.71,3912,31,0
2026-09-01 14:45:00,4383.71,4386.81,4371.64,4374.07,4574,31,0
2026-09-01 15:00:00,4374.08,4374.17,4366.43,4370.25,5394,36,0
2026-09-01 15:15:00,4370.31,4375.57,4365.45,4367.92,6174,36,0
2026-09-01 15:30:00,4367.64,4368.35,4351.64,4364.32,6838,36,0
2026-09-01 15:45:00,4364.31,4369.53,4355.81,4355.88,6012,31,0
2026-09-01 16:00:00,4355.63,4357.36,4325.71,4329.54,9478,36,0
2026-09-01 16:15:00,4329.56,4344.16,4325.91,4342.87,7270,34,0
2026-09-01 16:30:00,4342.81,4362.04,4340.73,4361.66,9471,34,0
2026-09-01 16:45:00,4361.45,4367.0,4354.02,4363.99,8286,31,0
2026-09-01 17:00:00,4364.07,4370.54,4353.17,4370.36,9120,31,0
2026-09-01 17:15:00,4370.36,4375.38,4365.65,4365.79,7793,31,0
2026-09-01 17:30:00,4365.82,4373.03,4364.09,4366.72,7621,32,0
2026-09-01 17:45:00,4366.72,4370.17,4356.67,4360.55,7209,33,0
2026-09-01 18:00:00,4360.6,4362.79,4355.12,4357.01,6756,34,0
2026-09-01 18:15:00,4357.01,4365.74,4356.19,4365.61,6148,33,0
2026-09-01 18:30:00,4365.58,4370.7,4361.45,4370.55,5947,33,0
2026-09-01 18:45:00,4370.55,4373.69,4368.47,4373.0,4949,33,0
2026-09-01 19:00:00,4373.0,4374.69,4362.28,4362.28,5564,36,0
2026-09-01 19:15:00,4362.28,4365.43,4350.69,4350.69,7757,36,0
2026-09-01 19:30:00,4350.83,4357.49,4346.84,4354.55,7220,36,0
2026-09-01 19:45:00,4354.54,4358.89,4351.01,4351.26,5377,33,0
2026-09-01 20:00:00,4351.28,4351.83,4344.16,4346.24,5418,34,0
2026-09-01 20:15:00,4346.23,4349.86,4342.55,4349.61,6058,36,0
2026-09-01 20:30:00,4349.61,4351.7,4342.6,4343.67,5707,32,0
2026-09-01 20:45:00,4343.67,4344.33,4340.82,4342.91,4079,31,0
2026-09-01 21:00:00,4342.91,4344.29,4334.27,4336.18,4866,36,0
2026-09-01 21:15:00,4336.22,4341.43,4335.42,4337.18,4491,35,0
2026-09-01 21:30:00,4337.18,4337.18,4328.08,4329.25,4861,36,0
2026-09-01 21:45:00,4329.26,4333.9,4327.92,4330.94,5099,36,0
2026-09-01 22:00:00,4330.87,4336.99,4328.71,4336.9,5418,31,0
2026-09-01 22:15:00,4336.91,4337.3,4333.04,4334.14,4040,31,0
2026-09-01 22:30:00,4334.14,4334.35,4322.33,4326.09,4820,32,0
2026-09-01 22:45:00,4326.08,4330.02,4323.26,4326.89,5263,35,0
2026-09-01 23:00:00,4327.02,4330.39,4323.36,4325.51,2906,31,0
2026-09-01 23:15:00,4325.51,4328.66,4324.64,4325.67,1685,31,0
2026-09-01 23:30:00,4325.7,4330.21,4324.9,4327.49,1635,34,0
2026-09-01 23:45:00,4327.53,4329.42,4325.74,4327.03,1257,44,0
2026-09-02 01:00:00,4329.21,4329.77,4327.24,4328.9,1030,38,0
2026-09-02 01:15:00,4328.9,4329.03,4326.85,4327.46,1458,38,0
2026-09-02 01:30:00,4327.46,4329.15,4325.9,4327.76,1210,37,0
2026-09-02 01:45:00,4327.76,4330.67,4327.04,4328.92,1105,35,0
2026-09-02 02:00:00,4328.94,4331.97,4326.77,4330.16,1473,35,0
2026-09-02 02:15:00,4330.16,4331.17,4325.41,4330.47,1364,35,0
2026-09-02 02:30:00,4330.48,4335.28,4330.41,4333.52,1543,35,0
2026-09-02 02:45:00,4333.52,4333.58,4322.81,4324.15,2402,35,0
2026-09-02 03:00:00,4324.16,4330.12,4315.88,4327.81,5662,37,0
2026-09-02 03:15:00,4327.79,4334.15,4322.26,4325.5,5261,36,0
2026-09-02 03:30:00,4325.51,4331.28,4320.06,4329.75,4980,35,0
2026-09-02 03:45:00,4329.79,4330.92,4314.26,4315.5,4683,36,0
2026-09-02 04:00:00,4315.43,4322.38,4303.84,4317.05,8309,37,0
2026-09-02 04:15:00,4317.05,4326.31,4315.05,4317.6,6164,36,0
2026-09-02 04:30:00,4317.53,4318.22,4304.86,4308.72,6227,36,0
2026-09-02 04:45:00,4308.72,4309.56,4288.36,4290.54,6276,35,0
2026-09-02 05:00:00,4290.54,4301.63,4287.01,4295.9,5571,35,0
2026-09-02 05:15:00,4295.91,4306.24,4295.85,4304.11,3848,35,0
2026-09-02 05:30:00,4304.11,4314.52,4299.31,4309.27,5349,35,0
2026-09-02 05:45:00,4309.29,4311.15,4300.66,4303.35,4362,35,0
2026-09-02 06:00:00,4303.36,4304.86,4297.9,4301.67,4229,35,0
2026-09-02 06:15:00,4301.67,4303.44,4290.46,4294.45,4512,35,0
2026-09-02 06:30:00,4294.48,4294.48,4283.35,4289.05,4088,35,0
2026-09-02 06:45:00,4289.0,4303.63,4289.0,4303.05,3242,35,0
2026-09-02 07:00:00,4303.02,4306.58,4301.95,4304.2,2719,35,0
2026-09-02 07:15:00,4304.2,4305.39,4301.35,4302.83,2635,35,0
2026-09-02 07:30:00,4302.84,4307.66,4302.53,4304.67,2201,35,0
2026-09-02 07:45:00,4304.88,4307.77,4303.84,4307.74,2074,35,0
2026-09-02 08:00:00,4307.74,4309.94,4303.69,4309.84,2971,35,0
2026-09-02 08:15:00,4309.85,4315.92,4306.76,4315.92,3544,36,0
2026-09-02 08:30:00,4315.13,4324.83,4314.6,4323.08,5428,37,0
2026-09-02 08:45:00,4323.09,4326.23,4319.15,4319.78,4241,36,0
2026-09-02 09:00:00,4319.78,4329.1,4317.51,4326.41,5540,31,0
2026-09-02 09:15:00,4326.41,4328.41,4320.66,4322.69,4988,31,0
2026-09-02 09:30:00,4322.67,4326.29,4316.69,4324.22,5105,31,0
2026-09-02 09:45:00,4324.22,4324.85,4314.55,4321.52,4963,31,0
2026-09-02 10:00:00,4321.55,4330.95,4319.07,4326.61,5543,31,0
2026-09-02 10:15:00,4326.57,4329.17,4324.88,4326.67,4840,31,0
2026-09-02 10:30:00,4326.68,4331.3,4321.87,4322.64,4380,31,0
2026-09-02 10:45:00,4322.67,4325.01,4320.5,4323.49,4152,31,0
2026-09-02 11:00:00,4323.48,4331.5,4322.08,4325.47,4842,31,0
2026-09-02 11:15:00,4325.46,4327.67,4322.57,4323.16,4221,31,0
2026-09-02 11:30:00,4323.16,4326.63,4319.42,4322.17,4407,31,0
2026-09-02 11:45:00,4322.15,4322.5,4312.43,4312.49,4524,31,0
2026-09-02 12:00:00,4312.51,4322.31,4312.3,4313.87,4701,31,0
2026-09-02 12:15:00,4313.87,4315.3,4305.03,4309.42,4474,31,0
2026-09-02 12:30:00,4309.43,4311.81,4307.33,4310.02,4248,31,0
2026-09-02 12:45:00,4310.02,4311.4,4307.99,4308.52,3760,31,0
2026-09-02 13:00:00,4308.52,4309.65,4301.83,4306.64,3875,31,0
2026-09-02 13:15:00,4306.63,4312.24,4306.03,4309.91,3286,31,0
2026-09-02 13:30:00,4309.92,4310.72,4307.28,4309.48,3289,31,0
2026-09-02 13:45:00,4309.48,4310.48,4305.27,4309.22,3393,31,0
2026-09-02 14:00:00,4309.23,4324.23,4307.7,4322.19,5221,36,0
2026-09-02 14:15:00,4322.19,4322.95,4315.42,4321.52,5265,32,0
2026-09-02 14:30:00,4321.51,4332.65,4321.42,4324.49,4806,31,0
2026-09-02 14:45:00,4324.52,4332.61,4323.22,4331.64,4396,34,0
2026-09-02 15:00:00,4331.63,4336.11,4328.89,4332.74,5897,36,0
2026-09-02 15:15:00,4332.81,4344.23,4329.73,4335.96,6695,36,0
2026-09-02 15:30:00,4335.93,4337.32,4327.06,4333.93,5177,34,0
2026-09-02 15:45:00,4333.93,4338.86,4329.75,4331.04,5139,34,0
2026-09-02 16:00:00,4331.09,4344.2,4330.5,4339.41,6367,34,0
2026-09-02 16:15:00,4339.49,4358.22,4336.36,4357.92,6605,33,0
2026-09-02 16:30:00,4357.86,4379.43,4356.78,4378.08,9523,36,0
2026-09-02 16:45:00,4378.06,4385.51,4367.77,4385.29,8624,36,0
2026-09-02 17:00:00,4385.23,4397.35,4378.88,4387.87,9740,34,0
2026-09-02 17:15:00,4387.87,4397.04,4384.77,4386.62,8519,31,0
2026-09-02 17:30:00,4386.44,4388.04,4381.2,4385.28,7807,31,0
2026-09-02 17:45:00,4385.35,4386.75,4374.17,4376.8,6678,33,0
2026-09-02 18:00:00,4376.79,4380.62,4372.44,4372.54,7545,34,0
2026-09-02 18:15:00,4372.59,4372.83,4365.51,4372.5,6704,34,0
2026-09-02 18:30:00,4372.52,4375.06,4365.9,4365.96,6064,31,0
2026-09-02 18:45:00,4365.96,4373.74,4364.49,4372.54,5320,31,0
2026-09-02 19:00:00,4372.54,4374.62,4368.76,4372.18,5001,35,0
2026-09-02 19:15:00,4372.16,4372.22,4367.44,4368.49,4387,35,0
2026-09-02 19:30:00,4368.45,4370.28,4364.35,4364.54,4502,35,0
2026-09-02 19:45:00,4364.53,4370.4,4364.32,4368.19,3943,34,0
2026-09-02 20:00:00,4368.16,4370.82,4367.31,4368.52,3762,35,0
2026-09-02 20:15:00,4368.53,4369.62,4364.38,4369.4,3900,33,0
2026-09-02 20:30:00,4369.45,4377.35,4366.28,4376.1,4043,33,0
2026-09-02 20:45:00,4376.06,4380.35,4375.08,4377.1,4262,35,0
2026-09-02 21:00:00,4376.98,4377.26,4369.9,4369.94,3971,34,0
2026-09-02 21:15:00,4369.93,4379.45,4369.02,4372.71,4771,34,0
2026-09-02 21:30:00,4372.69,4377.75,4372.19,4372.72,3512,32,0
2026-09-02 21:45:00,4372.64,4375.5,4372.24,4373.84,3397,34,0
2026-09-02 22:00:00,4373.83,4379.93,4371.44,4378.86,3723,36,0
2026-09-02 22:15:00,4378.86,4382.7,4377.92,4380.91,3586,36,0
2026-09-02 22:30:00,4380.93,4388.27,4380.89,4387.6,3964,36,0
2026-09-02 22:45:00,4387.66,4390.83,4384.6,4390.78,4497,35,0
2026-09-02 23:00:00,4390.88,4391.09,4385.64,4385.81,2526,31,0
2026-09-02 23:15:00,4385.81,4387.5,4383.83,4386.04,2190,31,0
2026-09-02 23:30:00,4386.06,4389.47,4385.46,4387.58,1409,31,0
2026-09-02 23:45:00,4387.6,4389.31,4385.73,4385.88,1066,44,0
2026-09-03 01:00:00,4389.48,4391.13,4388.63,4389.68,627,37,0
2026-09-03 01:15:00,4389.68,4390.58,4387.66,4389.52,1252,37,0
2026-09-03 01:30:00,4389.52,4389.52,4384.65,4384.93,1177,36,0
2026-09-03 01:45:00,4384.94,4385.0,4383.25,4384.43,875,35,0
2026-09-03 02:00:00,4384.47,4386.49,4383.5,4383.81,1207,35,0
2026-09-03 02:15:00,4383.81,4383.92,4381.81,4381.99,896,35,0
2026-09-03 02:30:00,4382.0,4385.21,4381.04,4385.06,1239,36,0
2026-09-03 02:45:00,4385.03,4388.63,4384.37,4385.22,2147,36,0
2026-09-03 03:00:00,4385.2,4392.29,4384.29,4390.04,3389,37,0
2026-09-03 03:15:00,4390.0,4390.15,4385.07,4386.97,2914,35,0
2026-09-03 03:30:00,4386.97,4389.55,4382.31,4387.39,2592,35,0
2026-09-03 03:45:00,4387.38,4397.64,4385.54,4395.43,3381,35,0
2026-09-03 04:00:00,4395.4,4409.05,4387.1,4400.74,6918,37,0
2026-09-03 04:15:00,4400.75,4403.35,4393.69,4401.13,5296,36,0
2026-09-03 04:30:00,4401.12,4409.13,4400.08,4400.38,5366,35,0
2026-09-03 04:45:00,4400.37,4412.04,4399.91,4409.94,4528,35,0
2026-09-03 05:00:00,4409.98,4415.2,4408.87,4411.13,5768,35,0
2026-09-03 05:15:00,4411.16,4413.1,4406.52,4411.28,3780,35,0
2026-09-03 05:30:00,4411.26,4417.81,4409.21,4413.37,5052,35,0
2026-09-03 05:45:00,4413.4,4420.29,4411.32,4420.16,4600,35,0
2026-09-03 06:00:00,4420.16,4429.95,4419.05,4428.67,4084,35,0
2026-09-03 06:15:00,4428.65,4431.06,4424.5,4429.21,4121,35,0
2026-09-03 06:30:00,4429.21,4432.04,4426.53,4426.53,2697,35,0
2026-09-03 06:45:00,4426.53,4432.41,4425.01,4431.33,2607,35,0
2026-09-03 07:00:00,4431.34,4435.64,4425.53,4431.02,3340,35,0
2026-09-03 07:15:00,4431.07,4436.66,4429.89,4436.58,2063,35,0
2026-09-03 07:30:00,4436.6,4438.21,4435.18,4437.92,2108,35,0
2026-09-03 07:45:00,4437.92,4438.21,4433.98,4437.22,1778,35,0
2026-09-03 08:00:00,4437.22,4440.04,4428.81,4429.64,2957,37,0
2026-09-03 08:15:00,4429.63,4430.72,4421.97,4425.01,4526,37,0
2026-09-03 08:30:00,4424.55,4432.39,4422.28,4432.18,6121,37,0
2026-09-03 08:45:00,4432.17,4439.04,4428.34,4431.17,4745,32,0
2026-09-03 09:00:00,4431.2,4436.08,4425.7,4426.81,5729,36,0
2026-09-03 09:15:00,4426.9,4430.47,4417.43,4421.51,4875,36,0
2026-09-03 09:30:00,4421.5,4426.05,4420.23,4425.54,4344,32,0
2026-09-03 09:45:00,4425.47,4428.62,4420.46,4420.47,3905,34,0
2026-09-03 10:00:00,4420.46,4431.47,4419.02,4421.83,5407,35,0
2026-09-03 10:15:00,4421.83,4429.96,4421.38,4426.27,4145,34,0
2026-09-03 10:30:00,4426.27,4430.56,4423.45,4426.36,4595,31,0
2026-09-03 10:45:00,4426.36,4430.82,4424.13,4428.89,3819,31,0
2026-09-03 11:00:00,4428.91,4443.38,4427.91,4431.16,6836,31,0
2026-09-03 11:15:00,4431.13,4439.26,4430.49,4437.7,4573,35,0
2026-09-03 11:30:00,4437.7,4439.36,4431.14,4434.16,3646,35,0
2026-09-03 11:45:00,4434.16,4439.65,4433.73,4434.72,3627,35,0
2026-09-03 12:00:00,4434.72,4441.61,4433.85,4437.74,3968,36,0
2026-09-03 12:15:00,4437.79,4437.96,4431.72,4434.81,3641,34,0
2026-09-03 12:30:00,4434.79,4437.74,4429.15,4429.65,3899,33,0
2026-09-03 12:45:00,4429.62,4430.29,4425.57,4427.37,3135,31,0
2026-09-03 13:00:00,4427.37,4429.72,4422.79,4424.39,3996,35,0
2026-09-03 13:15:00,4424.4,4425.55,4418.95,4422.19,3590,32,0
2026-09-03 13:30:00,4422.19,4426.28,4419.89,4425.6,3591,31,0
2026-09-03 13:45:00,4425.57,4428.44,4424.02,4427.11,2841,31,0
2026-09-03 14:00:00,4426.94,4432.57,4424.87,4432.53,4233,36,0
2026-09-03 14:15:00,4432.55,4437.77,4429.97,4434.21,4298,32,0
2026-09-03 14:30:00,4434.21,4439.12,4426.23,4438.63,3586,34,0
2026-09-03 14:45:00,4438.62,4445.54,4436.41,4443.96,3724,34,0
2026-09-03 15:00:00,4443.96,4449.98,4440.95,4443.6,4870,35,0
2026-09-03 15:15:00,4443.58,4448.91,4436.87,4446.51,5112,32,0
2026-09-03 15:30:00,4446.62,4478.14,4446.35,4467.36,9715,35,0
2026-09-03 15:45:00,4467.48,4495.26,4465.28,4493.05,8189,36,0
2026-09-03 16:00:00,4493.2,4496.01,4484.84,4485.85,8697,33,0
2026-09-03 16:15:00,4485.85,4487.9,4476.08,4480.38,7042,34,0
2026-09-03 16:30:00,4480.36,4482.22,4467.79,4469.81,9110,31,0
2026-09-03 16:45:00,4469.63,4471.22,4456.43,4462.55,8102,31,0
2026-09-03 17:00:00,4462.7,4472.63,4458.23,4468.89,8924,34,0
2026-09-03 17:15:00,4468.93,4480.52,4468.77,4477.37,8106,31,0
2026-09-03 17:30:00,4477.35,4479.45,4465.92,4472.67,7382,34,0
2026-09-03 17:45:00,4472.71,4485.12,4470.58,4485.12,6664,31,0
2026-09-03 18:00:00,4485.13,4503.89,4484.02,4503.54,8223,31,0
2026-09-03 18:15:00,4503.47,4510.51,4501.21,4507.0,7291,31,0
2026-09-03 18:30:00,4507.0,4509.5,4494.76,4494.87,6448,31,0
2026-09-03 18:45:00,4494.91,4495.44,4485.89,4492.93,5850,31,0
2026-09-03 19:00:00,4492.93,4495.08,4487.42,4493.68,5237,31,0
2026-09-03 19:15:00,4493.68,4494.42,4490.38,4493.28,4500,35,0
2026-09-03 19:30:00,4493.28,4495.3,4486.66,4487.77,4719,35,0
2026-09-03 19:45:00,4487.62,4490.91,4485.34,4486.09,4035,31,0
2026-09-03 20:00:00,4486.11,4488.64,4482.96,4487.92,4269,31,0
2026-09-03 20:15:00,4487.92,4493.57,4485.03,4492.71,4129,31,0
2026-09-03 20:30:00,4492.69,4493.86,4490.67,4491.77,3410,31,0
2026-09-03 20:45:00,4491.77,4494.49,4486.35,4486.59,3124,31,0
2026-09-03 21:00:00,4486.59,4489.55,4483.63,4483.85,3881,36,0
2026-09-03 21:15:00,4483.87,4487.96,4479.66,4479.88,3781,31,0
2026-09-03 21:30:00,4479.9,4482.7,4475.93,4481.44,3572,31,0
2026-09-03 21:45:00,4481.35,4482.6,4473.99,4474.99,4104,31,0
2026-09-03 22:00:00,4475.03,4476.83,4472.84,4474.42,4028,31,0
2026-09-03 22:15:00,4474.43,4476.57,4472.59,4475.76,3675,31,0
2026-09-03 22:30:00,4475.74,4478.62,4473.89,4477.41,3477,31,0
2026-09-03 22:45:00,4477.37,4480.56,4473.03,4475.18,4319,31,0
2026-09-03 23:00:00,4475.0,4475.38,4471.36,4471.61,2043,31,0
2026-09-03 23:15:00,4471.58,4472.28,4470.29,4471.47,1488,31,0
2026-09-03 23:30:00,4471.49,4472.54,4470.77,4472.13,1231,35,0
2026-09-03 23:45:00,4472.12,4472.91,4470.97,4471.66,1058,44,0
2026-09-04 01:00:00,4474.29,4478.11,4473.67,4477.94,1061,38,0
2026-09-04 01:15:00,4477.95,4478.43,4473.88,4474.66,1206,38,0
2026-09-04 01:30:00,4474.6,4476.26,4472.48,4473.57,1430,37,0
2026-09-04 01:45:00,4473.57,4475.55,4471.14,4474.13,1600,35,0
2026-09-04 02:00:00,4474.14,4477.33,4472.24,4473.9,1285,35,0
2026-09-04 02:15:00,4473.9,4474.77,4471.36,4473.49,1243,35,0
2026-09-04 02:30:00,4473.49,4477.96,4473.26,4476.96,1353,35,0
2026-09-04 02:45:00,4476.96,4479.92,4474.58,4479.67,1937,35,0
2026-09-04 03:00:00,4479.68,4482.81,4477.69,4480.3,3157,35,0
2026-09-04 03:15:00,4480.34,4480.56,4473.86,4474.08,2552,35,0
2026-09-04 03:30:00,4474.11,4481.77,4472.29,4481.77,2660,35,0
2026-09-04 03:45:00,4481.73,4486.75,4480.38,4486.25,3060,35,0
2026-09-04 04:00:00,4486.29,4486.92,4474.0,4474.22,5507,36,0
2026-09-04 04:15:00,4474.21,4478.47,4467.61,4470.73,4837,35,0
2026-09-04 04:30:00,4470.79,4476.55,4467.84,4473.62,4519,35,0
2026-09-04 04:45:00,4473.65,4480.23,4466.8,4478.63,3925,35,0
2026-09-04 05:00:00,4478.63,4482.31,4477.0,4479.1,3431,35,0
2026-09-04 05:15:00,4479.1,4480.02,4471.4,4473.65,2418,35,0
2026-09-04 05:30:00,4473.66,4476.16,4469.46,4469.47,4046,36,0
2026-09-04 05:45:00,4469.47,4479.45,4468.83,4475.9,3036,35,0
2026-09-04 06:00:00,4475.89,4477.27,4468.79,4471.89,3023,35,0
2026-09-04 06:15:00,4471.89,4474.18,4470.1,4472.4,2507,35,0
2026-09-04 06:30:00,4472.39,4475.25,4469.13,4469.3,2120,35,0
2026-09-04 06:45:00,4469.26,4470.0,4466.68,4467.02,1840,35,0
2026-09-04 07:00:00,4467.02,4469.67,4464.9,4468.92,2433,35,0
2026-09-04 07:15:00,4468.92,4471.97,4468.05,4471.25,1626,35,0
2026-09-04 07:30:00,4471.25,4474.54,4471.24,4473.5,1850,35,0
2026-09-04 07:45:00,4473.53,4474.7,4472.36,4473.48,1413,35,0
2026-09-04 08:00:00,4473.33,4474.31,4467.12,4469.31,2290,36,0
2026-09-04 08:15:00,4469.31,4474.87,4467.05,4467.13,2255,35,0
2026-09-04 08:30:00,4466.46,4477.21,4466.42,4470.69,4239,37,0
2026-09-04 08:45:00,4470.69,4472.4,4466.76,4471.51,3168,35,0
2026-09-04 09:00:00,4471.51,4472.82,4466.27,4468.48,4139,36,0
2026-09-04 09:15:00,4468.47,4471.4,4466.27,4468.45,3318,36,0
2026-09-04 09:30:00,4468.44,4469.31,4462.86,4463.89,4231,36,0
2026-09-04 09:45:00,4463.89,4464.21,4459.98,4461.98,3940,35,0
2026-09-04 10:00:00,4462.0,4471.28,4461.32,4467.65,4081,35,0
2026-09-04 10:15:00,4467.64,4472.57,4466.53,4472.54,2947,31,0
2026-09-04 10:30:00,4472.53,4486.0,4472.43,4485.52,3632,32,0
2026-09-04 10:45:00,4485.37,4490.48,4481.27,4483.3,3908,36,0
2026-09-04 11:00:00,4483.29,4486.28,4479.1,4481.73,3935,34,0
2026-09-04 11:15:00,4481.73,4483.81,4479.32,4480.87,3094,31,0
2026-09-04 11:30:00,4480.88,4482.16,4477.11,4477.24,3219,36,0
2026-09-04 11:45:00,4477.24,4479.33,4474.11,4477.41,2568,33,0
2026-09-04 12:00:00,4477.43,4478.79,4468.66,4469.66,2958,35,0
2026-09-04 12:15:00,4469.64,4470.33,4463.4,4465.86,3629,36,0
2026-09-04 12:30:00,4465.92,4469.63,4464.06,4466.77,3345,33,0
2026-09-04 12:45:00,4466.77,4468.98,4464.78,4464.78,2682,31,0
2026-09-04 13:00:00,4464.8,4472.51,4464.65,4472.14,2495,31,0
2026-09-04 13:15:00,4472.18,4472.95,4467.55,4470.6,2565,33,0
2026-09-04 13:30:00,4470.68,4474.51,4469.43,4472.94,2502,34,0
2026-09-04 13:45:00,4472.93,4475.77,4472.06,4472.18,2334,33,0
2026-09-04 14:00:00,4472.21,4472.76,4468.94,4469.7,2768,34,0
2026-09-04 14:15:00,4469.7,4470.2,4464.83,4465.09,2573,31,0
2026-09-04 14:30:00,4465.1,4469.68,4464.7,4467.46,2639,31,0
2026-09-04 14:45:00,4467.45,4469.95,4464.47,4466.48,2891,31,0
2026-09-04 15:00:00,4466.54,4469.67,4463.78,4463.94,4132,36,0
2026-09-04 15:15:00,4464.16,4474.86,4463.7,4469.85,5242,34,0
2026-09-04 15:30:00,4468.74,4471.06,4373.54,4393.14,11721,36,0
2026-09-04 15:45:00,4392.92,4409.65,4379.96,4392.67,10182,36,0
2026-09-04 16:00:00,4392.63,4394.13,4365.45,4393.9,9851,36,0
2026-09-04 16:15:00,4393.9,4414.36,4391.27,4412.37,7940,36,0
2026-09-04 16:30:00,4412.4,4424.01,4405.16,4423.68,10309,36,0
2026-09-04 16:45:00,4423.62,4434.53,4412.56,4413.41,8829,31,0
2026-09-04 17:00:00,4413.42,4434.91,4411.98,4433.81,8677,31,0
2026-09-04 17:15:00,4433.75,4437.3,4426.64,4429.28,8487,31,0
2026-09-04 17:30:00,4429.28,4442.19,4425.34,4428.84,7554,31,0
2026-09-04 17:45:00,4428.85,4431.94,4417.08,4427.64,7582,31,0
2026-09-04 18:00:00,4427.63,4443.56,4422.71,4443.35,6831,31,0
2026-09-04 18:15:00,4443.35,4448.79,4439.59,4439.99,6683,31,0
2026-09-04 18:30:00,4439.96,4446.44,4436.7,4442.64,5882,31,0
2026-09-04 18:45:00,4442.65,4445.9,4435.58,4436.58,4877,31,0
2026-09-04 19:00:00,4436.54,4440.21,4432.1,4438.62,5005,34,0
2026-09-04 19:15:00,4438.52,4443.34,4433.14,4433.87,4739,33,0
2026-09-04 19:30:00,4433.9,4439.6,4433.23,4438.29,4125,31,0
2026-09-04 19:45:00,4438.29,4440.3,4434.64,4436.35,4064,35,0
2026-09-04 20:00:00,4436.27,4436.48,4430.14,4433.81,4774,32,0
2026-09-04 20:15:00,4433.86,4440.26,4427.32,4428.58,4827,32,0
2026-09-04 20:30:00,4428.56,4429.63,4416.03,4417.11,4367,31,0
2026-09-04 20:45:00,4417.09,4421.19,4415.54,4416.74,4197,31,0
2026-09-04 21:00:00,4416.71,4419.61,4411.84,4419.37,4634,33,0
2026-09-04 21:15:00,4419.39,4426.48,4419.09,4424.52,3488,31,0
2026-09-04 21:30:00,4424.41,4425.63,4421.16,4422.81,3020,32,0
2026-09-04 21:45:00,4422.8,4425.76,4421.86,4424.21,2820,31,0
2026-09-04 22:00:00,4424.24,4429.7,4422.36,4428.92,3296,33,0
2026-09-04 22:15:00,4428.92,4435.65,4426.75,4435.38,2928,33,0
2026-09-04 22:30:00,4435.38,4438.2,4434.0,4436.95,3128,31,0
2026-09-04 22:45:00,4436.94,4437.29,4432.75,4434.93,3540,31,0
2026-09-04 23:00:00,4434.91,4435.16,4430.94,4431.63,1680,31,0
2026-09-04 23:15:00,4431.68,4431.79,4429.34,4429.9,1177,32,0
2026-09-04 23:30:00,4429.82,4430.69,4428.9,4430.28,891,36,0
2026-09-04 23:45:00,4430.29,4430.33,4427.15,4428.55,944,44,0
2026-09-07 01:00:00,4420.68,4428.83,4420.67,4428.73,975,38,0
2026-09-07 01:15:00,4428.73,4430.07,4426.79,4428.65,1291,38,0
2026-09-07 01:30:00,4428.47,4431.09,4427.62,4430.67,1083,38,0
2026-09-07 01:45:00,4430.68,4434.95,4429.07,4429.34,1194,38,0
2026-09-07 02:00:00,4429.12,4431.13,4429.05,4429.78,1141,37,0
2026-09-07 02:15:00,4429.78,4429.87,4425.16,4426.88,1288,36,0
2026-09-07 02:30:00,4426.64,4430.22,4425.3,4429.33,1578,35,0
2026-09-07 02:45:00,4429.33,4434.28,4421.6,4424.41,2737,37,0
2026-09-07 03:00:00,4424.41,4428.62,4422.17,4426.18,3782,36,0
2026-09-07 03:15:00,4426.07,4429.09,4421.57,4421.6,2762,35,0
2026-09-07 03:30:00,4421.6,4424.04,4417.35,4422.97,3388,35,0
2026-09-07 03:45:00,4422.97,4428.36,4408.82,4411.31,3490,35,0
2026-09-07 04:00:00,4411.36,4414.6,4394.39,4398.52,7045,37,0
2026-09-07 04:15:00,4398.52,4402.51,4388.45,4402.51,5979,35,0
2026-09-07 04:30:00,4402.52,4411.95,4401.7,4408.94,5022,36,0
2026-09-07 04:45:00,4408.87,4415.51,4407.6,4408.06,4558,36,0
2026-09-07 05:00:00,4408.09,4409.47,4401.66,4402.43,4031,35,0
2026-09-07 05:15:00,4402.44,4408.1,4402.23,4406.4,2396,35,0
2026-09-07 05:30:00,4406.39,4418.3,4405.39,4415.17,4487,36,0
2026-09-07 05:45:00,4415.17,4419.4,4408.49,4409.67,3984,35,0
2026-09-07 06:00:00,4409.68,4411.53,4406.48,4408.76,4291,35,0
2026-09-07 06:15:00,4408.74,4410.65,4405.47,4409.35,2793,35,0
2026-09-07 06:30:00,4409.33,4409.5,4401.72,4401.79,2247,35,0
2026-09-07 06:45:00,4401.79,4404.71,4401.02,4403.87,1967,35,0
2026-09-07 07:00:00,4403.87,4407.62,4401.5,4407.39,2181,35,0
2026-09-07 07:15:00,4407.39,4407.48,4401.24,4403.29,1739,35,0
2026-09-07 07:30:00,4403.33,4403.58,4395.61,4397.83,2081,35,0
2026-09-07 07:45:00,4397.77,4399.05,4396.03,4398.04,1657,35,0
2026-09-07 08:00:00,4398.05,4403.55,4397.37,4401.31,2204,35,0
2026-09-07 08:15:00,4401.31,4410.29,4400.71,4409.76,2095,35,0
2026-09-07 08:30:00,4409.76,4411.85,4400.91,4403.88,4533,37,0
2026-09-07 08:45:00,4403.88,4406.24,4393.57,4395.01,4111,35,0
2026-09-07 09:00:00,4395.01,4395.65,4386.31,4392.96,4862,34,0
2026-09-07 09:15:00,4392.96,4398.48,4390.99,4394.67,3320,31,0
2026-09-07 09:30:00,4394.67,4398.88,4393.47,4395.2,3205,36,0
2026-09-07 09:45:00,4395.21,4398.0,4390.07,4391.97,3423,31,0
2026-09-07 10:00:00,4391.96,4400.72,4390.62,4400.72,4032,35,0
2026-09-07 10:15:00,4400.7,4401.27,4394.12,4395.13,3497,33,0
2026-09-07 10:30:00,4395.11,4398.9,4392.18,4395.79,3662,32,0
2026-09-07 10:45:00,4395.77,4406.68,4394.79,4406.17,4501,31,0
2026-09-07 11:00:00,4406.17,4417.61,4405.22,4417.14,5434,35,0
2026-09-07 11:15:00,4417.14,4423.39,4416.31,4419.69,4386,31,0
2026-09-07 11:30:00,4419.68,4423.75,4413.5,4414.64,3990,31,0
2026-09-07 11:45:00,4414.63,4415.13,4409.57,4410.82,2849,35,0
2026-09-07 12:00:00,4410.82,4413.52,4409.48,4411.0,2502,35,0
2026-09-07 12:15:00,4411.0,4411.75,4405.45,4405.7,2535,31,0
2026-09-07 12:30:00,4405.7,4409.98,4403.64,4409.5,2655,31,0
2026-09-07 12:45:00,4409.5,4410.15,4404.77,4405.66,1726,31,0
2026-09-07 13:00:00,4405.66,4406.15,4402.33,4402.86,1678,31,0
2026-09-07 13:15:00,4402.85,4404.54,4395.77,4395.82,2046,31,0
2026-09-07 13:30:00,4395.83,4398.99,4391.63,4398.36,2555,31,0
2026-09-07 13:45:00,4398.36,4398.5,4387.83,4391.79,3362,31,0
2026-09-07 14:00:00,4391.77,4393.97,4388.87,4393.4,3306,33,0
2026-09-07 14:15:00,4393.35,4394.67,4387.26,4389.09,2661,31,0
2026-09-07 14:30:00,4389.1,4389.59,4381.02,4386.62,3486,34,0
2026-09-07 14:45:00,4386.63,4391.9,4384.95,4385.5,2308,33,0
2026-09-07 15:00:00,4385.49,4392.85,4385.26,4390.67,2327,33,0
2026-09-07 15:15:00,4390.67,4395.16,4390.26,4395.07,2407,31,0
2026-09-07 15:30:00,4395.07,4397.53,4392.62,4397.0,2648,31,0
2026-09-07 15:45:00,4396.96,4398.04,4394.32,4396.12,2414,31,0
2026-09-07 16:00:00,4396.24,4404.5,4395.42,4403.95,4385,34,0
2026-09-07 16:15:00,4403.94,4404.99,4401.49,4403.87,3104,31,0
2026-09-07 16:30:00,4403.87,4407.4,4401.74,4403.43,3416,33,0
2026-09-07 16:45:00,4403.44,4407.76,4401.29,4402.64,3126,31,0
2026-09-07 17:00:00,4402.66,4408.98,4401.21,4407.17,3222,31,0
2026-09-07 17:15:00,4407.17,4409.12,4405.2,4407.28,2306,31,0
2026-09-07 17:30:00,4407.24,4412.13,4404.81,4411.91,2704,31,0
2026-09-07 17:45:00,4411.91,4419.4,4410.8,4416.06,3990,32,0
2026-09-07 18:00:00,4416.05,4416.64,4409.28,4414.69,3433,31,0
2026-09-07 18:15:00,4414.69,4415.09,4411.6,4413.1,2624,33,0
2026-09-07 18:30:00,4413.08,4414.03,4408.85,4411.93,1868,33,0
2026-09-07 18:45:00,4411.95,4415.02,4411.31,4414.46,1519,31,0
2026-09-07 19:00:00,4414.45,4417.22,4412.89,4415.18,1379,29,0
2026-09-07 19:15:00,4415.16,4415.75,4412.59,4413.65,1270,31,0
2026-09-07 19:30:00,4413.65,4414.24,4411.91,4414.19,1136,31,0
2026-09-07 19:45:00,4414.2,4414.6,4412.76,4414.59,780,31,0
2026-09-07 20:00:00,4414.59,4415.14,4411.31,4412.18,646,31,0
2026-09-07 20:15:00,4412.18,4413.79,4411.33,4412.31,633,33,0
2026-09-07 20:30:00,4412.31,4412.61,4409.8,4410.89,685,31,0
2026-09-07 20:45:00,4410.89,4410.89,4406.97,4407.32,923,31,0
2026-09-07 21:00:00,4407.31,4409.14,4404.34,4405.05,1285,36,0
2026-09-07 21:15:00,4405.06,4406.61,4403.2,4406.3,1216,36,0
2026-09-08 01:00:00,4411.51,4413.14,4410.55,4412.52,799,38,0
2026-09-08 01:15:00,4412.51,4413.28,4409.44,4409.44,911,38,0
2026-09-08 01:30:00,4409.45,4409.94,4408.0,4408.27,1266,38,0
2026-09-08 01:45:00,4408.27,4408.55,4406.32,4407.27,890,37,0
2026-09-08 02:00:00,4407.33,4412.34,4407.3,4411.03,1345,36,0
2026-09-08 02:15:00,4411.03,4412.87,4409.12,4411.16,1809,36,0
2026-09-08 02:30:00,4411.26,4429.14,4411.26,4428.67,3235,37,0
2026-09-08 02:45:00,4428.75,4429.21,4421.31,4424.54,3529,36,0
2026-09-08 03:00:00,4424.38,4425.65,4416.26,4418.39,6394,36,0
2026-09-08 03:15:00,4418.39,4431.05,4417.08,4422.41,5595,35,0
2026-09-08 03:30:00,4422.4,4427.12,4419.75,4422.47,4297,35,0
2026-09-08 03:45:00,4422.47,4428.29,4416.1,4427.09,4632,35,0
2026-09-08 04:00:00,4426.94,4431.8,4417.88,4429.0,7534,36,0
2026-09-08 04:15:00,4429.0,4436.03,4427.05,4434.32,4734,36,0
2026-09-08 04:30:00,4434.28,4436.81,4430.52,4433.42,4860,37,0
2026-09-08 04:45:00,4433.43,4440.53,4433.43,4437.23,4503,36,0
2026-09-08 05:00:00,4437.23,4438.55,4425.97,4428.0,4520,36,0
2026-09-08 05:15:00,4427.99,4429.43,4424.24,4424.5,3348,35,0
2026-09-08 05:30:00,4424.51,4426.6,4421.23,4426.37,4499,35,0
2026-09-08 05:45:00,4426.37,4427.66,4420.89,4423.83,3943,35,0
2026-09-08 06:00:00,4423.81,4431.35,4422.14,4429.36,3475,35,0
2026-09-08 06:15:00,4429.36,4439.77,4428.52,4431.96,4129,35,0
2026-09-08 06:30:00,4431.98,4434.75,4430.36,4432.45,2301,35,0
2026-09-08 06:45:00,4432.45,4438.55,4432.14,4437.91,2523,35,0
2026-09-08 07:00:00,4437.93,4442.68,4437.66,4439.04,2871,35,0
2026-09-08 07:15:00,4439.04,4440.48,4431.41,4432.43,2864,35,0
2026-09-08 07:30:00,4432.44,4436.22,4432.06,4436.18,2485,35,0
2026-09-08 07:45:00,4436.19,4439.57,4433.82,4435.83,2493,29,0
2026-09-08 08:00:00,4435.83,4437.48,4426.84,4427.0,3443,35,0
2026-09-08 08:15:00,4426.99,4431.29,4419.56,4419.89,3484,35,0
2026-09-08 08:30:00,4418.93,4426.71,4417.9,4425.66,5131,36,0
2026-09-08 08:45:00,4425.6,4428.6,4417.22,4419.18,4473,35,0
2026-09-08 09:00:00,4419.18,4419.87,4408.26,4411.15,6081,31,0
2026-09-08 09:15:00,4411.15,4411.15,4398.64,4399.8,6228,31,0
2026-09-08 09:30:00,4399.74,4408.3,4397.4,4406.91,5085,31,0
2026-09-08 09:45:00,4406.94,4408.87,4402.57,4403.43,4976,31,0
2026-09-08 10:00:00,4403.46,4409.11,4402.12,4402.64,4612,31,0
2026-09-08 10:15:00,4402.66,4403.91,4399.94,4401.25,4131,31,0
2026-09-08 10:30:00,4401.23,4405.04,4391.0,4395.24,4695,31,0
2026-09-08 10:45:00,4395.21,4397.01,4389.05,4391.67,3961,31,0
2026-09-08 11:00:00,4391.68,4395.49,4387.44,4390.17,4824,31,0
2026-09-08 11:15:00,4390.18,4395.98,4389.33,4394.27,4180,31,0
2026-09-08 11:30:00,4394.36,4398.25,4391.63,4392.43,4585,31,0
2026-09-08 11:45:00,4392.43,4397.99,4390.76,4393.83,4740,31,0
2026-09-08 12:00:00,4393.83,4397.68,4390.96,4397.1,3867,31,0
2026-09-08 12:15:00,4397.1,4398.99,4392.19,4392.79,3682,31,0
2026-09-08 12:30:00,4392.8,4403.25,4390.61,4401.16,4553,31,0
2026-09-08 12:45:00,4401.18,4405.23,4400.79,4402.69,3202,31,0
2026-09-08 13:00:00,4402.58,4402.58,4393.39,4396.0,3672,31,0
2026-09-08 13:15:00,4396.01,4406.55,4395.74,4399.18,3858,31,0
2026-09-08 13:30:00,4399.17,4399.3,4393.65,4396.73,2709,31,0
2026-09-08 13:45:00,4396.73,4400.08,4395.04,4395.19,2795,31,0
2026-09-08 14:00:00,4395.2,4399.24,4390.88,4394.73,4113,36,0
2026-09-08 14:15:00,4394.75,4402.67,4394.67,4401.82,3312,33,0
2026-09-08 14:30:00,4401.8,4407.51,4400.33,4403.46,3420,34,0
2026-09-08 14:45:00,4403.46,4406.28,4397.52,4406.1,3643,31,0
2026-09-08 15:00:00,4406.1,4406.42,4390.13,4391.53,5027,36,0
2026-09-08 15:15:00,4391.54,4402.18,4384.52,4402.13,6335,36,0
2026-09-08 15:30:00,4402.16,4408.06,4395.17,4396.4,5508,35,0
2026-09-08 15:45:00,4396.38,4411.66,4395.49,4411.46,5215,34,0
2026-09-08 16:00:00,4411.49,4412.75,4402.26,4408.28,6552,33,0
2026-09-08 16:15:00,4408.28,4410.57,4398.86,4400.93,5375,31,0
2026-09-08 16:30:00,4400.95,4405.46,4390.15,4396.29,8351,31,0
2026-09-08 16:45:00,4396.36,4407.23,4394.14,4394.51,7145,33,0
2026-09-08 17:00:00,4394.5,4402.53,4391.3,4394.07,6586,34,0
2026-09-08 17:15:00,4394.04,4403.67,4393.82,4396.83,5745,31,0
2026-09-08 17:30:00,4396.74,4400.43,4392.55,4397.07,6327,31,0
2026-09-08 17:45:00,4397.07,4398.71,4388.26,4398.51,5750,31,0
2026-09-08 18:00:00,4398.63,4408.08,4397.28,4404.76,4843,31,0
2026-09-08 18:15:00,4404.76,4409.24,4396.33,4399.18,4794,31,0
2026-09-08 18:30:00,4399.17,4404.02,4397.18,4399.97,4348,31,0
2026-09-08 18:45:00,4399.97,4400.31,4394.55,4394.69,3458,31,0
2026-09-08 19:00:00,4394.67,4394.91,4380.21,4385.75,4937,35,0
2026-09-08 19:15:00,4385.9,4395.24,4383.42,4393.78,3978,34,0
2026-09-08 19:30:00,4393.78,4396.44,4392.77,4394.11,3272,31,0
2026-09-08 19:45:00,4394.13,4398.28,4390.16,4393.51,4328,33,0
2026-09-08 20:00:00,4393.54,4403.52,4393.54,4395.41,4277,31,0
2026-09-08 20:15:00,4395.41,4397.22,4391.86,4393.84,3245,31,0
2026-09-08 20:30:00,4393.87,4394.88,4385.3,4385.3,3265,36,0
2026-09-08 20:45:00,4385.29,4390.11,4385.15,4389.84,2968,34,0
2026-09-08 21:00:00,4389.84,4390.05,4383.79,4387.36,3827,36,0
2026-09-08 21:15:00,4387.34,4387.46,4384.05,4385.42,3501,34,0
2026-09-08 21:30:00,4385.39,4385.39,4381.19,4385.31,3138,31,0
2026-09-08 21:45:00,4385.3,4386.3,4358.05,4374.47,7736,31,0
2026-09-08 22:00:00,4374.48,4377.01,4369.13,4370.29,4902,36,0
2026-09-08 22:15:00,4370.28,4372.88,4366.15,4368.39,4148,36,0
2026-09-08 22:30:00,4368.39,4369.47,4361.24,4368.61,4124,36,0
2026-09-08 22:45:00,4368.62,4368.7,4356.61,4359.17,5201,36,0
2026-09-08 23:00:00,4359.17,4364.22,4355.22,4360.01,3176,32,0
2026-09-08 23:15:00,4360.03,4361.14,4355.39,4357.25,1876,31,0
2026-09-08 23:30:00,4357.21,4358.45,4356.12,4357.6,1390,34,0
2026-09-08 23:45:00,4357.62,4357.77,4343.98,4353.91,1424,44,0
2026-09-09 01:00:00,4355.76,4357.01,4351.51,4355.96,1272,38,0
2026-09-09 01:15:00,4355.98,4357.37,4353.03,4354.72,1162,38,0
2026-09-09 01:30:00,4354.79,4355.72,4350.31,4351.75,1520,38,0
2026-09-09 01:45:00,4351.75,4354.06,4350.56,4353.1,1070,36,0
2026-09-09 02:00:00,4353.1,4354.7,4351.72,4352.24,1256,36,0
2026-09-09 02:15:00,4352.24,4357.32,4351.7,4357.24,1499,35,0
2026-09-09 02:30:00,4357.24,4359.63,4356.56,4358.27,1362,35,0
2026-09-09 02:45:00,4358.22,4358.24,4348.96,4349.61,2618,37,0
2026-09-09 03:00:00,4349.61,4352.69,4344.29,4349.37,4522,37,0
2026-09-09 03:15:00,4349.37,4349.91,4341.01,4346.72,3949,35,0
2026-09-09 03:30:00,4346.78,4354.65,4343.47,4354.65,4208,35,0
2026-09-09 03:45:00,4354.54,4365.35,4352.69,4364.54,3654,35,0
2026-09-09 04:00:00,4364.07,4368.29,4353.78,4367.81,6398,36,0
2026-09-09 04:15:00,4367.81,4372.81,4362.55,4371.38,4945,35,0
2026-09-09 04:30:00,4371.38,4377.87,4370.54,4376.28,4188,35,0
2026-09-09 04:45:00,4376.28,4377.98,4370.61,4373.45,4039,35,0
2026-09-09 05:00:00,4373.45,4375.4,4370.45,4373.29,4253,35,0
2026-09-09 05:15:00,4373.27,4376.78,4371.32,4372.78,2898,35,0
2026-09-09 05:30:00,4372.78,4374.26,4367.12,4374.01,4035,35,0
2026-09-09 05:45:00,4373.97,4384.21,4372.87,4382.07,5074,35,0
2026-09-09 06:00:00,4382.06,4382.56,4378.16,4379.01,3896,35,0
2026-09-09 06:15:00,4379.01,4379.22,4375.52,4377.99,2547,36,0
2026-09-09 06:30:00,4378.0,4379.93,4375.29,4378.62,1983,35,0
2026-09-09 06:45:00,4378.62,4379.12,4375.16,4375.16,2294,35,0
2026-09-09 07:00:00,4375.15,4376.09,4370.49,4373.24,2385,35,0
2026-09-09 07:15:00,4373.24,4380.49,4372.22,4379.91,2448,35,0
2026-09-09 07:30:00,4379.91,4379.97,4376.09,4378.03,1965,35,0
2026-09-09 07:45:00,4378.03,4382.55,4377.56,4381.59,1945,35,0
2026-09-09 08:00:00,4381.59,4388.92,4380.51,4388.92,2972,35,0
2026-09-09 08:15:00,4388.87,4389.88,4384.64,4386.66,2922,35,0
2026-09-09 08:30:00,4386.67,4396.92,4385.67,4396.88,4370,36,0
2026-09-09 08:45:00,4396.91,4402.43,4393.9,4400.62,3837,35,0
2026-09-09 09:00:00,4400.6,4406.66,4399.77,4402.88,3874,36,0
2026-09-09 09:15:00,4402.79,4404.68,4396.37,4399.51,3840,35,0
2026-09-09 09:30:00,4399.52,4406.67,4397.56,4400.68,3725,31,0
2026-09-09 09:45:00,4400.69,4401.75,4398.64,4400.78,2736,31,0
2026-09-09 10:00:00,4400.78,4407.85,4399.45,4406.46,3378,34,0
2026-09-09 10:15:00,4406.45,4408.87,4403.14,4407.79,3512,34,0
2026-09-09 10:30:00,4407.79,4410.66,4406.58,4410.5,2983,31,0
2026-09-09 10:45:00,4410.52,4412.85,4407.73,4409.37,3118,31,0
2026-09-09 11:00:00,4409.37,4412.19,4403.97,4404.06,3651,31,0
2026-09-09 11:15:00,4404.09,4405.01,4399.72,4399.97,2883,31,0
2026-09-09 11:30:00,4399.99,4403.65,4398.74,4400.07,2942,31,0
2026-09-09 11:45:00,4400.07,4403.32,4399.14,4400.81,2603,31,0
2026-09-09 12:00:00,4400.8,4402.19,4397.2,4397.77,3007,31,0
2026-09-09 12:15:00,4397.76,4399.03,4395.73,4397.12,2809,31,0
2026-09-09 12:30:00,4397.05,4397.53,4393.51,4395.16,2899,31,0
2026-09-09 12:45:00,4395.16,4395.16,4387.26,4389.33,3410,33,0
2026-09-09 13:00:00,4389.34,4392.03,4384.85,4389.75,3756,31,0
2026-09-09 13:15:00,4389.76,4394.57,4387.95,4392.97,3252,31,0
2026-09-09 13:30:00,4392.95,4398.31,4392.15,4394.02,2983,31,0
2026-09-09 13:45:00,4393.9,4402.89,4393.64,4399.7,3400,32,0
2026-09-09 14:00:00,4399.73,4404.34,4399.7,4403.49,2883,33,0
2026-09-09 14:15:00,4403.54,4408.87,4401.3,4408.13,2942,33,0
2026-09-09 14:30:00,4408.15,4408.25,4403.26,4405.4,3413,33,0
2026-09-09 14:45:00,4405.35,4414.99,4402.5,4407.25,4910,31,0
2026-09-09 15:00:00,4407.23,4409.01,4398.95,4399.05,4459,35,0
2026-09-09 15:15:00,4399.05,4400.2,4393.67,4393.78,4800,31,0
2026-09-09 15:30:00,4393.78,4397.54,4390.92,4395.29,4730,31,0
2026-09-09 15:45:00,4395.26,4402.08,4395.26,4399.97,4086,31,0
2026-09-09 16:00:00,4399.91,4413.5,4398.55,4413.19,5865,34,0
2026-09-09 16:15:00,4413.25,4430.13,4410.75,4429.2,6291,33,0
2026-09-09 16:30:00,4429.21,4433.86,4412.82,4416.86,8154,36,0
2026-09-09 16:45:00,4416.85,4423.4,4410.43,4415.13,7105,31,0
2026-09-09 17:00:00,4415.14,4428.24,4414.1,4423.09,6984,31,0
2026-09-09 17:15:00,4423.08,4425.85,4409.67,4425.4,7229,31,0
2026-09-09 17:30:00,4425.38,4426.76,4418.35,4418.68,5689,31,0
2026-09-09 17:45:00,4418.74,4423.29,4414.8,4418.48,5861,31,0
2026-09-09 18:00:00,4418.5,4431.92,4379.83,4389.76,10930,31,0
2026-09-09 18:15:00,4389.68,4395.27,4374.89,4394.81,9152,35,0
2026-09-09 18:30:00,4394.8,4406.95,4392.45,4403.06,7548,35,0
2026-09-09 18:45:00,4403.07,4407.06,4397.93,4398.19,6105,35,0
2026-09-09 19:00:00,4398.21,4402.96,4394.73,4397.76,5857,35,0
2026-09-09 19:15:00,4397.76,4402.31,4391.58,4401.6,4900,33,0
2026-09-09 19:30:00,4401.44,4407.57,4398.8,4407.19,4162,34,0
2026-09-09 19:45:00,4407.2,4410.24,4405.5,4409.72,3935,35,0
2026-09-09 20:00:00,4409.72,4420.3,4408.83,4416.48,5255,36,0
2026-09-09 20:15:00,4416.48,4420.38,4414.28,4414.78,3810,31,0
2026-09-09 20:30:00,4414.77,4416.92,4411.77,4413.44,3252,31,0
2026-09-09 20:45:00,4413.44,4416.7,4413.03,4415.94,2378,33,0
2026-09-09 21:00:00,4415.97,4421.27,4415.63,4420.15,3297,36,0
2026-09-09 21:15:00,4420.15,4420.48,4416.54,4417.72,2835,35,0
2026-09-09 21:30:00,4417.8,4418.12,4409.47,4409.77,3140,36,0
2026-09-09 21:45:00,4409.79,4410.02,4401.0,4402.99,3560,35,0
2026-09-09 22:00:00,4403.11,4403.99,4395.67,4400.03,4131,34,0
2026-09-09 22:15:00,4400.03,4404.6,4398.44,4399.46,3000,31,0
2026-09-09 22:30:00,4399.46,4400.7,4395.56,4399.59,2997,33,0
2026-09-09 22:45:00,4399.59,4401.19,4396.22,4398.7,3764,36,0
2026-09-09 23:00:00,4398.71,4399.15,4395.99,4397.1,1447,31,0
2026-09-09 23:15:00,4397.09,4397.27,4393.36,4394.63,1273,31,0
2026-09-09 23:30:00,4394.63,4400.62,4394.61,4399.89,1073,36,0
2026-09-09 23:45:00,4399.83,4400.69,4397.91,4399.17,821,44,0
2026-09-10 01:00:00,4403.49,4405.76,4401.76,4402.67,1018,38,0
2026-09-10 01:15:00,4402.67,4404.2,4399.95,4402.38,987,38,0
2026-09-10 01:30:00,4402.38,4403.64,4399.84,4401.32,1415,38,0
2026-09-10 01:45:00,4401.36,4401.5,4397.54,4399.45,1414,36,0
2026-09-10 02:00:00,4399.45,4402.89,4398.29,4400.37,1781,35,0
2026-09-10 02:15:00,4400.37,4402.04,4395.75,4397.44,1694,35,0
2026-09-10 02:30:00,4397.36,4399.01,4393.18,4394.27,1245,35,0
2026-09-10 02:45:00,4394.3,4395.38,4393.35,4395.04,1810,36,0
2026-09-10 03:00:00,4395.04,4398.26,4390.94,4396.22,3100,37,0
2026-09-10 03:15:00,4396.22,4399.65,4393.43,4394.08,3232,36,0
2026-09-10 03:30:00,4394.08,4402.34,4392.22,4401.74,3280,35,0
2026-09-10 03:45:00,4401.74,4404.89,4398.46,4400.88,3423,35,0
2026-09-10 04:00:00,4400.89,4418.92,4400.0,4412.99,6176,37,0
2026-09-10 04:15:00,4412.99,4417.7,4411.1,4411.67,5828,35,0
2026-09-10 04:30:00,4411.69,4412.28,4406.43,4411.22,5516,35,0
2026-09-10 04:45:00,4411.25,4415.62,4408.07,4411.88,5676,35,0
2026-09-10 05:00:00,4411.9,4418.13,4410.66,4412.69,4775,35,0
2026-09-10 05:15:00,4412.67,4416.29,4406.7,4416.04,2836,35,0
2026-09-10 05:30:00,4415.98,4420.78,4410.44,4418.31,3886,35,0
2026-09-10 05:45:00,4418.31,4421.91,4417.06,4420.36,3074,35,0
2026-09-10 06:00:00,4420.38,4422.32,4412.86,4413.44,3451,35,0
2026-09-10 06:15:00,4413.51,4415.67,4410.0,4410.28,2793,35,0
2026-09-10 06:30:00,4410.25,4412.79,4406.76,4407.75,1720,35,0
2026-09-10 06:45:00,4407.76,4409.71,4406.72,4408.88,1909,35,0
2026-09-10 07:00:00,4408.88,4415.31,4408.88,4413.88,2154,35,0
2026-09-10 07:15:00,4413.77,4415.28,4410.54,4411.6,1561,35,0
2026-09-10 07:30:00,4411.6,4413.55,4405.53,4406.45,1706,35,0
2026-09-10 07:45:00,4406.43,4411.45,4406.08,4408.33,1601,35,0
2026-09-10 08:00:00,4408.35,4418.8,4408.02,4418.8,2582,35,0
2026-09-10 08:15:00,4418.79,4420.65,4416.92,4420.65,2168,35,0
2026-09-10 08:30:00,4421.85,4429.42,4417.36,4428.18,4622,37,0
2026-09-10 08:45:00,4428.1,4431.17,4423.75,4431.0,4569,35,0
2026-09-10 09:00:00,4431.03,4434.54,4415.81,4416.05,4020,32,0
2026-09-10 09:15:00,4416.13,4417.2,4410.66,4417.15,4568,32,0
2026-09-10 09:30:00,4417.16,4426.67,4412.79,4426.43,3876,31,0
2026-09-10 09:45:00,4426.46,4428.62,4423.5,4425.13,3771,31,0
2026-09-10 10:00:00,4425.12,4425.3,4412.95,4413.1,3744,31,0
2026-09-10 10:15:00,4413.12,4414.82,4407.75,4408.03,3040,31,0
2026-09-10 10:30:00,4408.03,4410.33,4403.55,4409.23,3928,31,0
2026-09-10 10:45:00,4408.83,4414.92,4408.55,4411.42,3211,31,0
2026-09-10 11:00:00,4411.45,4412.44,4404.36,4405.39,3827,33,0
2026-09-10 11:15:00,4405.39,4407.42,4403.44,4405.27,3340,31,0
2026-09-10 11:30:00,4405.35,4405.6,4394.54,4395.55,4437,31,0
2026-09-10 11:45:00,4395.59,4397.84,4392.02,4394.4,3964,31,0
2026-09-10 12:00:00,4394.37,4396.06,4389.41,4394.44,3633,31,0
2026-09-10 12:15:00,4394.47,4396.37,4391.28,4392.29,3016,31,0
2026-09-10 12:30:00,4392.29,4392.58,4387.95,4392.5,3525,32,0
2026-09-10 12:45:00,4392.5,4395.27,4392.06,4393.6,2587,31,0
2026-09-10 13:00:00,4393.6,4399.47,4389.54,4394.71,4668,33,0
2026-09-10 13:15:00,4394.68,4399.72,4393.33,4393.7,3601,35,0
2026-09-10 13:30:00,4393.67,4394.25,4377.05,4383.13,5019,35,0
2026-09-10 13:45:00,4383.08,4387.27,4374.93,4378.59,5164,35,0
2026-09-10 14:00:00,4378.61,4384.08,4374.97,4383.14,5323,35,0
2026-09-10 14:15:00,4383.11,4388.28,4379.01,4385.55,4390,31,0
2026-09-10 14:30:00,4385.45,4390.42,4384.14,4384.25,3838,31,0
2026-09-10 14:45:00,4384.51,4385.01,4374.09,4374.38,4881,35,0
2026-09-10 15:00:00,4374.38,4377.41,4368.79,4374.93,5874,36,0
2026-09-10 15:15:00,4374.95,4376.76,4361.58,4363.36,6542,34,0
2026-09-10 15:30:00,4363.36,4371.79,4323.87,4340.26,10188,35,0
2026-09-10 15:45:00,4340.32,4354.57,4336.24,4339.56,8673,36,0
2026-09-10 16:00:00,4339.62,4355.14,4339.48,4343.48,8969,35,0
2026-09-10 16:15:00,4343.47,4357.54,4341.24,4357.54,7572,31,0
2026-09-10 16:30:00,4357.54,4373.21,4352.13,4364.54,9411,31,0
2026-09-10 16:45:00,4364.53,4375.68,4362.33,4365.77,8138,31,0
2026-09-10 17:00:00,4365.69,4375.02,4359.14,4359.23,8265,31,0
2026-09-10 17:15:00,4359.25,4376.4,4353.96,4362.47,8539,31,0
2026-09-10 17:30:00,4362.47,4370.14,4355.7,4355.7,7304,31,0
2026-09-10 17:45:00,4355.83,4361.55,4353.92,4358.16,6536,32,0
2026-09-10 18:00:00,4358.15,4361.29,4352.48,4359.47,6289,34,0
2026-09-10 18:15:00,4359.69,4367.67,4358.53,4365.38,5844,32,0
2026-09-10 18:30:00,4365.37,4372.09,4362.25,4365.83,5285,33,0
2026-09-10 18:45:00,4365.8,4369.97,4360.84,4365.77,5180,34,0
2026-09-10 19:00:00,4365.76,4369.91,4353.8,4358.81,6270,35,0
2026-09-10 19:15:00,4358.39,4363.61,4355.21,4362.66,4737,31,0
2026-09-10 19:30:00,4362.65,4365.41,4355.69,4356.46,5157,32,0
2026-09-10 19:45:00,4356.46,4364.21,4356.3,4363.73,4373,31,0
2026-09-10 20:00:00,4363.74,4367.72,4359.46,4362.46,4600,31,0
2026-09-10 20:15:00,4362.46,4366.72,4361.2,4365.83,4499,33,0
2026-09-10 20:30:00,4365.8,4366.19,4355.2,4359.34,4576,35,0
2026-09-10 20:45:00,4359.29,4360.07,4351.02,4352.37,4186,31,0
2026-09-10 21:00:00,4352.38,4355.81,4340.02,4340.52,6119,36,0
2026-09-10 21:15:00,4340.44,4346.0,4337.26,4338.47,5255,35,0
2026-09-10 21:30:00,4338.43,4338.47,4331.62,4333.49,4916,32,0
2026-09-10 21:45:00,4333.49,4338.4,4329.6,4331.92,5681,33,0
2026-09-10 22:00:00,4331.81,4332.31,4313.57,4322.05,6364,36,0
2026-09-10 22:15:00,4322.06,4330.62,4319.03,4327.0,4497,33,0
2026-09-10 22:30:00,4327.0,4329.14,4323.3,4324.06,4277,35,0
2026-09-10 22:45:00,4324.06,4325.7,4319.72,4323.78,4518,34,0
2026-09-10 23:00:00,4323.88,4324.1,4319.69,4322.68,2623,35,0
2026-09-10 23:15:00,4322.71,4322.75,4316.09,4318.04,2257,35,0
2026-09-10 23:30:00,4318.04,4318.32,4315.54,4317.66,2137,36,0
2026-09-10 23:45:00,4317.72,4318.53,4312.98,4314.95,1724,44,0
2026-09-11 01:00:00,4320.41,4322.64,4319.3,4320.99,1033,38,0
2026-09-11 01:15:00,4321.0,4321.63,4318.64,4319.43,1139,38,0
2026-09-11 01:30:00,4319.43,4320.07,4313.39,4315.74,1626,38,0
2026-09-11 01:45:00,4315.74,4318.99,4314.94,4317.49,1182,37,0
2026-09-11 02:00:00,4317.48,4319.55,4316.23,4319.21,1517,35,0
2026-09-11 02:15:00,4319.23,4320.17,4317.35,4317.88,1007,35,0
2026-09-11 02:30:00,4317.88,4319.93,4314.31,4315.73,1664,35,0
2026-09-11 02:45:00,4315.72,4317.56,4310.52,4314.85,2756,36,0
2026-09-11 03:00:00,4314.77,4323.31,4312.45,4318.64,4733,36,0
2026-09-11 03:15:00,4318.7,4323.81,4316.52,4323.54,3728,35,0
2026-09-11 03:30:00,4323.51,4327.33,4319.52,4327.27,3882,35,0
2026-09-11 03:45:00,4327.26,4333.61,4326.59,4331.7,4212,35,0
2026-09-11 04:00:00,4331.4,4340.18,4327.94,4332.88,7030,37,0
2026-09-11 04:15:00,4332.87,4337.14,4320.69,4327.91,5690,36,0
2026-09-11 04:30:00,4327.91,4334.67,4322.41,4326.25,5434,35,0
2026-09-11 04:45:00,4326.28,4329.04,4322.74,4327.84,5120,35,0
2026-09-11 05:00:00,4327.85,4331.98,4326.43,4329.32,4195,35,0
2026-09-11 05:15:00,4329.32,4333.09,4321.47,4323.72,3177,35,0
2026-09-11 05:30:00,4323.71,4324.97,4315.4,4317.55,5446,37,0
2026-09-11 05:45:00,4317.54,4325.48,4314.71,4321.13,4537,35,0
2026-09-11 06:00:00,4321.1,4325.51,4314.11,4319.13,4610,35,0
2026-09-11 06:15:00,4319.13,4321.06,4303.94,4309.17,4931,35,0
2026-09-11 06:30:00,4309.19,4312.47,4306.14,4308.15,4167,35,0
2026-09-11 06:45:00,4308.18,4308.21,4300.69,4303.56,4071,35,0
2026-09-11 07:00:00,4303.56,4324.93,4301.76,4321.64,4995,35,0
2026-09-11 07:15:00,4321.64,4329.49,4319.43,4328.85,3869,35,0
2026-09-11 07:30:00,4328.91,4333.79,4326.31,4331.42,3729,36,0
2026-09-11 07:45:00,4331.47,4335.42,4329.8,4331.64,3278,35,0
2026-09-11 08:00:00,4331.66,4336.89,4327.78,4336.77,3971,35,0
2026-09-11 08:15:00,4336.77,4338.1,4332.36,4334.1,3164,35,0
2026-09-11 08:30:00,4333.8,4341.99,4332.59,4341.86,5990,37,0
2026-09-11 08:45:00,4341.89,4350.85,4338.67,4345.25,5453,35,0
2026-09-11 09:00:00,4345.31,4360.75,4345.2,4358.79,5874,33,0
2026-09-11 09:15:00,4358.88,4360.31,4350.78,4350.78,4896,36,0
2026-09-11 09:30:00,4350.8,4353.76,4346.9,4350.44,4833,36,0
2026-09-11 09:45:00,4350.45,4355.15,4349.35,4353.03,4110,35,0
2026-09-11 10:00:00,4352.77,4355.98,4349.71,4351.61,3972,35,0
2026-09-11 10:15:00,4351.63,4352.21,4344.94,4346.15,3442,36,0
2026-09-11 10:30:00,4346.14,4347.61,4343.06,4344.88,3308,33,0
2026-09-11 10:45:00,4344.87,4344.98,4340.4,4344.82,3712,32,0
2026-09-11 11:00:00,4344.86,4349.22,4342.0,4347.23,4932,36,0
2026-09-11 11:15:00,4347.22,4357.11,4343.57,4351.49,5062,34,0
2026-09-11 11:30:00,4351.55,4356.44,4350.93,4352.54,3572,35,0
2026-09-11 11:45:00,4352.52,4355.19,4345.39,4347.46,3908,35,0
2026-09-11 12:00:00,4347.65,4353.8,4342.34,4342.34,3478,34,0
2026-09-11 12:15:00,4342.34,4346.07,4341.47,4344.38,2799,35,0
2026-09-11 12:30:00,4344.33,4344.97,4340.58,4343.38,3027,34,0
2026-09-11 12:45:00,4343.38,4347.53,4342.43,4346.1,2968,35,0
2026-09-11 13:00:00,4346.27,4349.7,4341.41,4346.04,3523,36,0
2026-09-11 13:15:00,4346.09,4349.83,4345.69,4349.19,3129,35,0
2026-09-11 13:30:00,4349.2,4349.58,4343.63,4344.99,3104,35,0
2026-09-11 13:45:00,4344.99,4345.22,4336.63,4337.42,2980,34,0
2026-09-11 14:00:00,4337.42,4342.47,4334.55,4337.92,3552,32,0
2026-09-11 14:15:00,4337.91,4341.58,4335.9,4336.46,3546,31,0
2026-09-11 14:30:00,4336.46,4337.11,4330.05,4334.58,3711,31,0
2026-09-11 14:45:00,4334.55,4335.97,4330.67,4333.57,3761,31,0
2026-09-11 15:00:00,4333.55,4334.66,4324.81,4327.89,4274,31,0
2026-09-11 15:15:00,4327.88,4343.22,4327.27,4340.82,5501,34,0
2026-09-11 15:30:00,4340.82,4362.57,4288.41,4353.77,11524,36,0
2026-09-11 15:45:00,4354.13,4389.93,4352.4,4387.56,9268,36,0
2026-09-11 16:00:00,4387.48,4394.25,4380.54,4389.29,9033,36,0
2026-09-11 16:15:00,4389.27,4398.48,4380.57,4390.34,8067,36,0
2026-09-11 16:30:00,4390.01,4400.19,4381.54,4395.06,9225,33,0
2026-09-11 16:45:00,4394.78,4402.43,4387.19,4402.02,7301,31,0
2026-09-11 17:00:00,4402.02,4402.33,4381.53,4382.68,8293,31,0
2026-09-11 17:15:00,4382.65,4385.42,4374.23,4375.04,7649,31,0
2026-09-11 17:30:00,4375.03,4375.54,4364.75,4371.43,6897,32,0
2026-09-11 17:45:00,4371.42,4384.11,4370.47,4370.73,7333,34,0
2026-09-11 18:00:00,4370.74,4372.77,4359.16,4362.27,6198,34,0
2026-09-11 18:15:00,4362.26,4372.17,4361.31,4369.94,6073,34,0
2026-09-11 18:30:00,4369.85,4377.01,4368.96,4372.77,5542,31,0
2026-09-11 18:45:00,4372.77,4373.65,4365.1,4366.94,5031,31,0
2026-09-11 19:00:00,4366.8,4372.56,4360.91,4361.25,4978,36,0
2026-09-11 19:15:00,4361.25,4363.83,4351.9,4354.84,5576,36,0
2026-09-11 19:30:00,4354.94,4365.73,4353.29,4363.58,5739,34,0
2026-09-11 19:45:00,4363.45,4364.92,4360.23,4361.4,3947,33,0
2026-09-11 20:00:00,4361.41,4368.7,4360.78,4365.6,3993,35,0
2026-09-11 20:15:00,4365.61,4369.63,4363.36,4366.84,4368,34,0
2026-09-11 20:30:00,4366.84,4370.32,4359.9,4361.92,3708,34,0
2026-09-11 20:45:00,4361.93,4363.68,4357.8,4358.22,3741,34,0
2026-09-11 21:00:00,4358.24,4359.99,4345.95,4346.79,4044,34,0
2026-09-11 21:15:00,4346.79,4352.94,4344.01,4350.58,5256,36,0
2026-09-11 21:30:00,4350.57,4351.49,4345.78,4346.99,3502,34,0
2026-09-11 21:45:00,4347.02,4347.34,4344.22,4347.24,3313,34,0
2026-09-11 22:00:00,4347.24,4351.85,4344.34,4351.64,3563,36,0
2026-09-11 22:15:00,4351.58,4353.59,4347.29,4347.55,3044,34,0
2026-09-11 22:30:00,4347.54,4348.28,4345.11,4346.06,3180,34,0
2026-09-11 22:45:00,4346.01,4349.2,4342.6,4348.94,3831,33,0
2026-09-11 23:00:00,4348.93,4351.36,4348.04,4348.25,1921,31,0
2026-09-11 23:15:00,4348.22,4350.25,4346.21,4348.74,1368,31,0
2026-09-11 23:30:00,4348.72,4349.0,4345.69,4346.46,1216,35,0
2026-09-11 23:45:00,4346.48,4349.27,4344.09,4347.45,1151,44,0
