time,open,high,low,close,tick_volume,spread,real_volume
2025-01-03 11:00:00,2652.93,2655.92,2652.78,2653.6,7001,15,0
2025-01-03 12:00:00,2653.58,2657.99,2652.92,2657.72,5298,15,0
2025-01-03 13:00:00,2657.57,2659.28,2656.32,2657.58,5988,15,0
2025-01-03 14:00:00,2657.58,2658.25,2654.85,2655.3,4881,15,0
2025-01-03 15:00:00,2655.28,2656.32,2643.46,2649.94,12654,15,0
2025-01-03 16:00:00,2649.85,2652.68,2645.14,2647.43,16199,15,0
2025-01-03 17:00:00,2646.43,2648.28,2640.97,2643.88,18323,15,0
2025-01-03 18:00:00,2643.8,2647.25,2639.02,2639.94,11807,15,0
2025-01-03 19:00:00,2639.95,2642.6,2639.13,2641.8,8327,15,0
2025-01-03 20:00:00,2641.84,2642.29,2639.7,2641.83,6867,15,0
2025-01-03 21:00:00,2641.83,2642.94,2639.06,2639.42,4251,16,0
2025-01-03 22:00:00,2639.42,2640.09,2636.94,2638.22,5544,15,0
2025-01-03 23:00:00,2638.22,2640.67,2636.47,2639.22,1776,15,0
2025-01-06 01:00:00,2641.15,2642.31,2638.85,2640.99,2469,18,0
2025-01-06 02:00:00,2640.99,2643.27,2638.58,2643.13,4970,18,0
2025-01-06 03:00:00,2643.18,2647.38,2640.7,2641.3,10483,15,0
2025-01-06 04:00:00,2641.22,2645.25,2639.72,2644.43,7967,15,0
2025-01-06 05:00:00,2644.41,2645.33,2639.12,2640.08,6359,15,0
2025-01-06 06:00:00,2640.07,2640.8,2634.42,2635.42,5896,15,0
2025-01-06 07:00:00,2635.39,2636.21,2631.45,2633.82,8330,15,0
2025-01-06 08:00:00,2633.82,2635.28,2630.2,2631.44,6933,15,0
2025-01-06 09:00:00,2631.42,2633.65,2625.09,2626.85,6899,15,0
2025-01-06 10:00:00,2626.85,2632.54,2625.76,2631.48,7430,15,0
2025-01-06 11:00:00,2631.39,2635.76,2631.16,2632.67,7396,15,0
2025-01-06 12:00:00,2632.67,2635.01,2630.93,2633.79,5753,15,0
2025-01-06 13:00:00,2633.8,2649.52,2632.55,2645.49,18702,15,0
2025-01-06 14:00:00,2645.51,2647.81,2641.88,2645.41,11099,15,0
2025-01-06 15:00:00,2645.39,2648.76,2621.92,2624.16,20346,15,0
2025-01-06 16:00:00,2624.14,2634.85,2614.49,2631.58,28484,15,0
2025-01-06 17:00:00,2631.56,2639.59,2629.46,2634.36,23092,15,0
2025-01-06 18:00:00,2634.34,2641.25,2632.49,2640.71,13459,15,0
2025-01-06 19:00:00,2640.72,2641.01,2634.18,2636.68,9907,15,0
2025-01-06 20:00:00,2636.7,2638.63,2633.76,2634.63,9871,15,0
2025-01-06 21:00:00,2634.64,2635.52,2632.88,2634.39,8150,15,0
2025-01-06 22:00:00,2634.38,2635.49,2633.17,2634.54,5478,15,0
2025-01-06 23:00:00,2634.57,2636.98,2634.57,2635.95,1528,16,0
2025-01-07 01:00:00,2635.98,2636.17,2633.25,2634.57,1307,15,0
2025-01-07 02:00:00,2634.57,2635.11,2632.94,2635.05,3204,18,0
2025-01-07 03:00:00,2634.98,2641.13,2634.77,2638.97,11306,15,0
2025-01-07 04:00:00,2638.97,2640.08,2636.95,2638.62,6674,15,0
2025-01-07 05:00:00,2638.58,2640.29,2637.53,2639.56,3610,15,0
2025-01-07 06:00:00,2639.55,2639.73,2637.31,2638.28,3947,15,0
2025-01-07 07:00:00,2638.22,2645.55,2637.04,2644.35,7976,15,0
2025-01-07 08:00:00,2644.34,2646.72,2639.76,2640.22,7249,15,0
2025-01-07 09:00:00,2640.21,2642.07,2637.96,2640.53,7512,15,0
2025-01-07 10:00:00,2640.5,2644.84,2640.07,2642.64,7190,15,0
2025-01-07 11:00:00,2642.64,2644.12,2640.13,2641.41,5876,15,0
2025-01-07 12:00:00,2641.37,2644.8,2641.27,2643.88,6011,15,0
2025-01-07 13:00:00,2643.88,2648.7,2641.98,2648.38,6405,15,0
2025-01-07 14:00:00,2648.4,2652.82,2647.35,2651.61,8228,15,0
2025-01-07 15:00:00,2651.62,2663.82,2649.97,2661.99,19852,15,0
2025-01-07 16:00:00,2662.0,2663.0,2655.5,2658.54,16311,15,0
2025-01-07 17:00:00,2653.76,2655.04,2642.12,2647.68,26629,15,0
2025-01-07 18:00:00,2647.68,2655.68,2646.54,2651.81,15580,15,0
2025-01-07 19:00:00,2651.78,2656.05,2650.25,2652.46,12809,15,0
2025-01-07 20:00:00,2652.48,2652.59,2647.32,2649.17,13101,15,0
2025-01-07 21:00:00,2649.18,2650.42,2647.0,2649.34,9880,15,0
2025-01-07 22:00:00,2649.33,2651.46,2647.27,2650.34,7562,15,0
2025-01-07 23:00:00,2650.42,2650.43,2647.68,2648.74,1448,15,0
2025-01-08 01:00:00,2648.45,2650.19,2647.96,2649.69,1500,15,0
2025-01-08 02:00:00,2649.69,2651.54,2648.67,2650.54,3525,15,0
2025-01-08 03:00:00,2650.55,2650.99,2647.19,2648.82,9281,15,0
2025-01-08 04:00:00,2648.8,2650.33,2645.83,2648.8,6518,15,0
2025-01-08 05:00:00,2648.66,2648.83,2645.59,2646.7,5596,15,0
2025-01-08 06:00:00,2646.72,2648.6,2645.19,2647.0,4658,15,0
2025-01-08 07:00:00,2647.03,2650.72,2646.67,2650.04,5207,15,0
2025-01-08 08:00:00,2650.04,2652.99,2648.82,2652.14,6755,15,0
2025-01-08 09:00:00,2652.14,2654.48,2651.81,2653.2,6230,15,0
2025-01-08 10:00:00,2653.18,2654.39,2650.1,2652.64,8824,15,0
2025-01-08 11:00:00,2652.63,2655.79,2652.45,2654.2,7514,15,0
2025-01-08 12:00:00,2654.16,2655.79,2653.21,2653.78,5933,15,0
2025-01-08 13:00:00,2653.83,2653.83,2647.5,2650.87,8499,15,0
2025-01-08 14:00:00,2650.86,2652.51,2645.88,2651.99,9065,15,0
2025-01-08 15:00:00,2651.97,2660.44,2650.63,2660.27,18201,15,0
2025-01-08 16:00:00,2660.24,2667.57,2660.09,2661.36,20397,15,0
2025-01-08 17:00:00,2661.36,2667.78,2659.43,2665.92,16376,15,0
2025-01-08 18:00:00,2665.91,2670.11,2662.6,2669.47,11627,15,0
2025-01-08 19:00:00,2669.49,2669.77,2649.41,2655.61,14667,15,0
2025-01-08 20:00:00,2655.58,2658.53,2650.92,2652.54,12335,15,0
2025-01-08 21:00:00,2652.45,2660.58,2651.81,2658.21,8031,15,0
2025-01-08 22:00:00,2658.22,2664.02,2658.19,2663.34,5605,15,0
2025-01-08 23:00:00,2663.33,2664.0,2660.67,2661.46,2066,15,0
2025-01-09 01:00:00,2661.41,2663.12,2661.23,2662.41,1141,15,0
2025-01-09 02:00:00,2662.43,2662.67,2659.62,2660.54,2858,15,0
2025-01-09 03:00:00,2660.56,2661.99,2657.81,2658.96,6406,15,0
2025-01-09 04:00:00,2658.91,2660.54,2656.9,2659.45,5005,15,0
2025-01-09 05:00:00,2659.51,2662.69,2659.04,2659.86,5328,15,0
2025-01-09 06:00:00,2659.86,2660.2,2656.02,2659.54,3708,15,0
2025-01-09 07:00:00,2659.54,2661.42,2658.2,2658.89,5569,15,0
2025-01-09 08:00:00,2658.88,2667.45,2658.88,2667.23,6200,15,0
2025-01-09 09:00:00,2667.23,2667.23,2662.82,2663.04,5828,15,0
2025-01-09 10:00:00,2662.92,2667.44,2660.99,2664.99,9643,15,0
2025-01-09 11:00:00,2664.96,2667.09,2662.95,2665.55,6785,15,0
2025-01-09 12:00:00,2665.56,2669.18,2664.96,2668.03,6502,15,0
2025-01-09 13:00:00,2668.03,2673.74,2665.83,2670.77,8310,15,0
2025-01-09 14:00:00,2670.75,2675.73,2670.01,2674.68,7134,15,0
2025-01-09 15:00:00,2674.73,2678.88,2672.47,2673.32,13892,15,0
2025-01-09 16:00:00,2673.32,2676.32,2667.73,2672.82,12242,15,0
2025-01-09 17:00:00,2672.89,2675.96,2668.55,2668.83,10581,15,0
2025-01-09 18:00:00,2668.77,2671.68,2666.91,2668.23,7997,15,0
2025-01-09 19:00:00,2668.23,2669.3,2663.27,2666.58,8055,15,0
2025-01-09 20:00:00,2666.58,2673.09,2665.73,2671.93,7992,15,0
2025-01-09 21:00:00,2672.05,2672.35,2669.26,2670.79,5290,15,0
2025-01-09 22:00:00,2670.8,2671.49,2669.86,2670.2,3918,16,0
2025-01-09 23:00:00,2670.18,2671.83,2669.61,2670.87,854,15,0
2025-01-10 01:00:00,2670.07,2671.57,2669.0,2670.51,1544,16,0
2025-01-10 02:00:00,2670.56,2671.75,2669.66,2671.2,4001,15,0
2025-01-10 03:00:00,2671.18,2672.56,2669.81,2671.69,7485,15,0
2025-01-10 04:00:00,2671.69,2675.4,2671.09,2674.11,5862,15,0
2025-01-10 05:00:00,2674.19,2675.39,2673.13,2674.32,3857,15,0
2025-01-10 06:00:00,2674.32,2674.67,2672.36,2672.41,2606,15,0
2025-01-10 07:00:00,2672.34,2676.49,2672.21,2675.54,5685,15,0
2025-01-10 08:00:00,2675.54,2679.04,2674.86,2678.78,7682,15,0
2025-01-10 09:00:00,2678.79,2679.4,2674.06,2676.79,6982,15,0
2025-01-10 10:00:00,2676.8,2681.01,2676.33,2680.72,9614,15,0
2025-01-10 11:00:00,2680.66,2682.9,2678.41,2679.2,7855,15,0
2025-01-10 12:00:00,2679.26,2683.32,2678.97,2681.54,9933,15,0
2025-01-10 13:00:00,2681.54,2683.66,2680.85,2682.08,7292,15,0
2025-01-10 14:00:00,2682.09,2682.12,2675.5,2678.97,9286,15,0
2025-01-10 15:00:00,2678.89,2684.4,2664.37,2683.37,23710,15,0
2025-01-10 16:00:00,2683.31,2693.9,2681.48,2688.42,31236,15,0
2025-01-10 17:00:00,2688.42,2697.78,2682.8,2692.1,26302,15,0
2025-01-10 18:00:00,2692.1,2697.2,2686.06,2696.23,21229,15,0
2025-01-10 19:00:00,2696.25,2697.75,2692.48,2695.97,12398,15,0
2025-01-10 20:00:00,2695.97,2697.11,2685.04,2687.21,12096,15,0
2025-01-10 21:00:00,2687.26,2687.78,2684.5,2685.88,8027,15,0
2025-01-10 22:00:00,2685.85,2690.79,2684.45,2690.57,7423,15,0
2025-01-10 23:00:00,2690.53,2693.28,2688.66,2689.22,2528,15,0
2025-01-13 01:00:00,2687.91,2691.25,2685.39,2690.95,2999,15,0
2025-01-13 02:00:00,2691.07,2693.16,2687.54,2689.08,3945,15,0
2025-01-13 03:00:00,2689.08,2689.29,2678.74,2685.6,18598,15,0
2025-01-13 04:00:00,2685.68,2690.5,2684.85,2688.45,8505,15,0
2025-01-13 05:00:00,2688.45,2688.63,2685.33,2687.88,6222,15,0
2025-01-13 06:00:00,2687.99,2690.81,2684.29,2685.84,7033,15,0
2025-01-13 07:00:00,2685.95,2686.99,2683.28,2686.93,9619,15,0
2025-01-13 08:00:00,2687.02,2691.3,2686.92,2689.85,7464,15,0
2025-01-13 09:00:00,2689.83,2690.4,2684.38,2685.13,10413,15,0
2025-01-13 10:00:00,2685.09,2689.68,2683.95,2687.16,12848,15,0
2025-01-13 11:00:00,2687.16,2688.35,2683.14,2684.79,12969,15,0
2025-01-13 12:00:00,2684.78,2685.01,2677.28,2679.42,10505,15,0
2025-01-13 13:00:00,2679.45,2680.7,2675.51,2675.92,9054,15,0
2025-01-13 14:00:00,2675.92,2677.11,2664.15,2671.17,16035,15,0
2025-01-13 15:00:00,2671.12,2672.15,2663.85,2669.12,21526,15,0
2025-01-13 16:00:00,2669.16,2674.2,2664.05,2671.57,22735,15,0
2025-01-13 17:00:00,2671.65,2672.82,2661.11,2661.82,21650,15,0
2025-01-13 18:00:00,2661.8,2667.92,2660.78,2661.37,13017,15,0
2025-01-13 19:00:00,2661.4,2664.18,2659.32,2660.88,11675,15,0
2025-01-13 20:00:00,2660.93,2662.48,2657.57,2659.29,8602,15,0
2025-01-13 21:00:00,2659.47,2660.65,2656.81,2658.86,7499,15,0
2025-01-13 22:00:00,2658.88,2662.79,2658.71,2662.25,5463,15,0
2025-01-13 23:00:00,2662.25,2664.18,2660.85,2663.67,1536,15,0
2025-01-14 01:00:00,2662.92,2669.32,2662.92,2668.09,2543,15,0
2025-01-14 02:00:00,2668.18,2671.75,2666.89,2671.1,4875,15,0
2025-01-14 03:00:00,2671.07,2672.87,2668.59,2671.47,12337,15,0
2025-01-14 04:00:00,2671.48,2672.88,2669.16,2671.18,9592,15,0
2025-01-14 05:00:00,2671.18,2672.93,2668.41,2669.2,7898,15,0
2025-01-14 06:00:00,2669.16,2673.46,2667.84,2673.0,4937,16,0
2025-01-14 07:00:00,2673.11,2674.67,2667.41,2669.13,7419,15,0
2025-01-14 08:00:00,2669.23,2670.25,2667.93,2669.67,8323,15,0
2025-01-14 09:00:00,2669.67,2671.46,2667.73,2669.7,8533,15,0
2025-01-14 10:00:00,2669.73,2675.06,2667.74,2671.03,12592,15,0
2025-01-14 11:00:00,2671.02,2671.58,2664.74,2667.35,9842,15,0
2025-01-14 12:00:00,2667.37,2668.86,2664.28,2666.11,9345,15,0
2025-01-14 13:00:00,2666.11,2669.28,2663.9,2668.68,8327,15,0
2025-01-14 14:00:00,2668.73,2671.6,2666.54,2668.33,9055,15,0
2025-01-14 15:00:00,2668.28,2674.31,2660.83,2662.92,21249,15,0
2025-01-14 16:00:00,2662.92,2666.02,2659.84,2665.2,24236,15,0
2025-01-14 17:00:00,2665.28,2672.69,2665.13,2671.67,21267,15,0
2025-01-14 18:00:00,2671.69,2674.0,2669.87,2671.56,14830,15,0
2025-01-14 19:00:00,2671.53,2671.9,2667.99,2669.04,10402,15,0
2025-01-14 20:00:00,2669.07,2672.5,2666.7,2672.29,9003,15,0
2025-01-14 21:00:00,2672.33,2676.3,2671.9,2674.28,9025,15,0
2025-01-14 22:00:00,2674.28,2676.42,2671.82,2676.42,8910,15,0
2025-01-14 23:00:00,2676.42,2678.12,2675.84,2676.8,1646,15,0
2025-01-15 01:00:00,2677.84,2677.91,2673.83,2675.48,1635,15,0
2025-01-15 02:00:00,2675.48,2676.44,2673.12,2673.27,2382,15,0
2025-01-15 03:00:00,2673.28,2674.84,2670.3,2670.43,5948,15,0
2025-01-15 04:00:00,2670.46,2675.6,2669.87,2673.94,6868,18,0
2025-01-15 05:00:00,2673.97,2676.83,2672.89,2676.66,5281,15,0
2025-01-15 06:00:00,2676.69,2677.21,2674.73,2676.06,4912,19,0
2025-01-15 07:00:00,2676.13,2679.8,2675.05,2679.78,8182,15,0
2025-01-15 08:00:00,2679.75,2683.91,2679.57,2681.42,7785,15,0
2025-01-15 09:00:00,2681.42,2684.7,2680.56,2682.01,8259,15,0
2025-01-15 10:00:00,2682.02,2686.01,2681.78,2684.58,10337,15,0
2025-01-15 11:00:00,2684.54,2689.16,2683.58,2686.52,11417,15,0
2025-01-15 12:00:00,2686.59,2689.79,2685.46,2689.01,10718,15,0
2025-01-15 13:00:00,2689.26,2689.58,2685.73,2687.47,11996,15,0
2025-01-15 14:00:00,2687.43,2688.13,2684.33,2684.58,9739,15,0
2025-01-15 15:00:00,2684.71,2694.1,2682.12,2693.72,24975,15,0
2025-01-15 16:00:00,2693.7,2696.03,2678.13,2681.88,28359,15,0
2025-01-15 17:00:00,2681.93,2683.06,2676.65,2678.52,22922,15,0
2025-01-15 18:00:00,2678.52,2689.95,2676.98,2689.33,16644,15,0
2025-01-15 19:00:00,2689.33,2692.88,2688.33,2692.63,10698,15,0
2025-01-15 20:00:00,2692.63,2694.99,2690.98,2694.03,10159,15,0
2025-01-15 21:00:00,2694.02,2695.08,2692.49,2693.95,6250,15,0
2025-01-15 22:00:00,2694.01,2696.46,2693.21,2696.34,6542,15,0
2025-01-15 23:00:00,2696.33,2697.3,2693.91,2696.26,1672,15,0
2025-01-16 01:00:00,2692.1,2696.79,2691.4,2695.28,1761,15,0
2025-01-16 02:00:00,2695.47,2698.63,2693.39,2695.64,7070,15,0
2025-01-16 03:00:00,2695.64,2702.59,2694.87,2696.61,13529,15,0
2025-01-16 04:00:00,2696.72,2698.55,2695.85,2697.94,8065,15,0
2025-01-16 05:00:00,2697.94,2698.8,2696.08,2697.63,4772,15,0
2025-01-16 06:00:00,2697.58,2698.64,2697.17,2697.74,3990,15,0
2025-01-16 07:00:00,2697.77,2697.9,2693.49,2694.13,7506,15,0
2025-01-16 08:00:00,2694.13,2694.97,2689.3,2693.41,9030,15,0
2025-01-16 09:00:00,2693.39,2700.44,2692.85,2698.8,10059,15,0
2025-01-16 10:00:00,2698.85,2703.71,2697.64,2699.53,10936,15,0
2025-01-16 11:00:00,2699.55,2706.78,2698.05,2705.97,13075,15,0
2025-01-16 12:00:00,2705.98,2709.18,2705.33,2708.44,8746,15,0
2025-01-16 13:00:00,2708.48,2711.81,2706.82,2706.9,8756,15,0
2025-01-16 14:00:00,2706.93,2707.98,2700.87,2703.71,13988,15,0
2025-01-16 15:00:00,2703.68,2718.21,2701.36,2715.43,21228,15,0
2025-01-16 16:00:00,2715.47,2719.25,2712.87,2718.45,21887,15,0
2025-01-16 17:00:00,2718.41,2719.55,2712.51,2716.82,22587,15,0
2025-01-16 18:00:00,2716.92,2722.34,2716.58,2720.41,17986,15,0
2025-01-16 19:00:00,2720.31,2724.73,2719.5,2721.75,11034,15,0
2025-01-16 20:00:00,2721.74,2723.32,2714.8,2715.23,9882,15,0
2025-01-16 21:00:00,2715.24,2717.16,2714.71,2715.32,8935,15,0
2025-01-16 22:00:00,2715.36,2717.09,2714.4,2715.75,5932,15,0
2025-01-16 23:00:00,2715.77,2715.96,2712.25,2714.38,2825,15,0
2025-01-17 01:00:00,2714.14,2714.95,2712.37,2714.51,1797,15,0
2025-01-17 02:00:00,2714.51,2716.59,2714.12,2715.08,4748,15,0
2025-01-17 03:00:00,2715.12,2715.2,2710.35,2714.12,12608,15,0
2025-01-17 04:00:00,2714.24,2716.48,2713.34,2715.18,7361,15,0
2025-01-17 05:00:00,2715.12,2716.8,2714.65,2715.98,5301,19,0
2025-01-17 06:00:00,2716.02,2716.97,2714.78,2715.26,3451,15,0
2025-01-17 07:00:00,2715.26,2715.92,2711.62,2712.02,6831,15,0
2025-01-17 08:00:00,2712.02,2713.8,2709.95,2711.93,8212,15,0
2025-01-17 09:00:00,2711.96,2713.91,2708.0,2709.75,7776,15,0
2025-01-17 10:00:00,2709.77,2712.28,2708.75,2711.05,7856,15,0
2025-01-17 11:00:00,2710.99,2711.41,2703.34,2704.29,9377,15,0
2025-01-17 12:00:00,2704.24,2705.56,2702.29,2703.31,8046,15,0
2025-01-17 13:00:00,2703.33,2708.15,2703.14,2707.37,7239,15,0
2025-01-17 14:00:00,2707.39,2711.74,2706.31,2711.13,12042,15,0
2025-01-17 15:00:00,2711.14,2712.18,2704.38,2705.09,19900,15,0
2025-01-17 16:00:00,2705.07,2712.48,2702.67,2711.66,25513,15,0
2025-01-17 17:00:00,2711.63,2715.08,2710.1,2714.25,18682,15,0
2025-01-17 18:00:00,2714.25,2717.3,2713.53,2716.08,13535,15,0
2025-01-17 19:00:00,2715.93,2716.29,2710.52,2712.58,9866,15,0
2025-01-17 20:00:00,2712.57,2713.31,2705.57,2705.63,10217,15,0
2025-01-17 21:00:00,2705.63,2707.25,2702.73,2703.15,8059,15,0
2025-01-17 22:00:00,2703.14,2704.19,2699.93,2701.05,9020,15,0
2025-01-17 23:00:00,2701.06,2702.89,2699.14,2702.52,2176,15,0
2025-01-20 01:00:00,2702.51,2703.0,2691.5,2696.18,3999,15,0
2025-01-20 02:00:00,2696.18,2696.34,2691.73,2694.34,3851,15,0
2025-01-20 03:00:00,2694.34,2696.39,2689.22,2694.37,14841,15,0
2025-01-20 04:00:00,2694.43,2698.58,2694.17,2698.01,8994,15,0
2025-01-20 05:00:00,2697.97,2704.53,2697.96,2704.08,6651,15,0
2025-01-20 06:00:00,2704.08,2707.06,2702.74,2706.49,5744,15,0
2025-01-20 07:00:00,2706.37,2708.08,2703.68,2706.58,9762,15,0
2025-01-20 08:00:00,2706.62,2713.13,2705.95,2711.65,9354,15,0
2025-01-20 09:00:00,2711.65,2711.96,2703.51,2704.06,8015,15,0
2025-01-20 10:00:00,2704.05,2707.45,2702.79,2706.25,8053,15,0
2025-01-20 11:00:00,2706.22,2708.25,2703.4,2706.78,7094,15,0
2025-01-20 12:00:00,2706.76,2709.21,2705.55,2708.74,7028,15,0
2025-01-20 13:00:00,2708.74,2713.08,2705.2,2707.63,8653,15,0
2025-01-20 14:00:00,2707.68,2709.8,2706.48,2707.53,9228,15,0
2025-01-20 15:00:00,2707.51,2710.71,2701.54,2705.08,22351,15,0
2025-01-20 16:00:00,2705.11,2712.1,2704.99,2710.3,19411,15,0
2025-01-20 17:00:00,2710.3,2710.49,2705.19,2707.08,11512,15,0
2025-01-20 18:00:00,2707.08,2708.88,2703.32,2707.53,9438,15,0
2025-01-20 19:00:00,2707.49,2710.17,2703.95,2707.43,5985,15,0
2025-01-20 20:00:00,2707.43,2711.31,2705.18,2710.57,2700,15,0
2025-01-20 21:00:00,2710.66,2710.95,2709.7,2709.7,46,30,0
2025-01-21 01:00:00,2706.98,2710.52,2706.18,2709.72,2360,16,0
2025-01-21 02:00:00,2709.73,2711.01,2702.12,2704.8,8758,15,0
2025-01-21 03:00:00,2704.85,2718.66,2702.37,2717.38,18027,15,0
2025-01-21 04:00:00,2717.38,2725.2,2717.28,2724.11,13454,15,0
2025-01-21 05:00:00,2724.12,2727.46,2721.29,2724.78,11636,15,0
2025-01-21 06:00:00,2724.85,2727.77,2723.52,2726.7,8231,15,0
2025-01-21 07:00:00,2726.79,2728.51,2724.77,2725.49,8510,15,0
2025-01-21 08:00:00,2725.52,2729.0,2724.31,2725.12,10002,15,0
2025-01-21 09:00:00,2725.11,2732.08,2723.23,2728.84,10616,15,0
2025-01-21 10:00:00,2728.92,2729.02,2722.14,2723.93,12708,15,0
2025-01-21 11:00:00,2723.8,2724.44,2717.89,2721.49,14556,15,0
2025-01-21 12:00:00,2721.49,2724.18,2719.13,2720.06,10918,15,0
2025-01-21 13:00:00,2720.05,2724.74,2716.7,2724.06,10596,15,0
2025-01-21 14:00:00,2724.06,2727.56,2722.05,2727.03,10732,15,0
2025-01-21 15:00:00,2727.07,2730.3,2724.83,2726.53,19153,15,0
2025-01-21 16:00:00,2726.49,2738.97,2725.54,2738.5,20152,15,0
2025-01-21 17:00:00,2738.51,2740.83,2734.83,2739.26,22360,15,0
2025-01-21 18:00:00,2739.23,2745.23,2738.11,2743.46,16276,15,0
2025-01-21 19:00:00,2743.56,2746.03,2740.41,2740.6,9416,15,0
2025-01-21 20:00:00,2740.58,2746.27,2740.27,2744.99,8431,15,0
2025-01-21 21:00:00,2745.02,2745.71,2741.63,2743.0,8091,15,0
2025-01-21 22:00:00,2743.03,2743.56,2740.3,2742.82,7202,15,0
2025-01-21 23:00:00,2742.87,2746.03,2742.21,2744.92,1574,15,0
2025-01-22 01:00:00,2744.95,2745.16,2741.64,2744.22,3297,15,0
2025-01-22 02:00:00,2744.4,2748.93,2742.63,2748.12,4295,15,0
2025-01-22 03:00:00,2748.13,2749.92,2746.81,2748.17,11674,15,0
2025-01-22 04:00:00,2748.11,2749.72,2746.24,2748.93,7872,15,0
2025-01-22 05:00:00,2748.92,2751.12,2747.96,2750.35,6271,15,0
2025-01-22 06:00:00,2750.35,2753.05,2749.32,2752.07,5015,15,0
2025-01-22 07:00:00,2752.09,2758.63,2750.28,2758.0,8755,15,0
2025-01-22 08:00:00,2758.0,2758.14,2745.56,2746.89,13680,15,0
2025-01-22 09:00:00,2746.86,2753.92,2746.49,2748.85,8585,15,0
2025-01-22 10:00:00,2748.85,2753.9,2746.79,2753.26,11551,15,0
2025-01-22 11:00:00,2753.26,2762.28,2752.87,2758.45,10498,15,0
2025-01-22 12:00:00,2758.46,2763.29,2758.26,2759.86,8077,15,0
2025-01-22 13:00:00,2759.99,2760.4,2756.11,2756.36,7508,15,0
2025-01-22 14:00:00,2756.39,2758.71,2751.67,2758.4,7629,15,0
2025-01-22 15:00:00,2758.42,2761.59,2751.02,2757.71,17564,15,0
2025-01-22 16:00:00,2757.73,2758.25,2750.28,2753.92,21595,15,0
2025-01-22 17:00:00,2753.91,2760.29,2750.48,2759.4,17836,15,0
2025-01-22 18:00:00,2759.39,2760.2,2755.94,2758.28,13143,15,0
2025-01-22 19:00:00,2758.32,2758.46,2755.88,2756.57,8905,15,0
2025-01-22 20:00:00,2756.57,2759.38,2755.03,2757.78,9536,15,0
2025-01-22 21:00:00,2757.78,2757.78,2755.09,2755.33,6211,15,0
2025-01-22 22:00:00,2755.33,2757.11,2754.81,2756.63,6315,15,0
2025-01-22 23:00:00,2756.68,2757.04,2754.92,2756.02,1190,15,0
2025-01-23 01:00:00,2755.8,2756.31,2753.88,2755.63,2019,15,0
2025-01-23 02:00:00,2755.57,2755.9,2753.31,2755.31,2515,15,0
2025-01-23 03:00:00,2755.38,2756.21,2750.59,2752.64,8967,15,0
2025-01-23 04:00:00,2752.64,2754.9,2752.03,2752.56,8528,15,0
2025-01-23 05:00:00,2752.55,2753.1,2749.49,2749.95,7497,15,0
2025-01-23 06:00:00,2749.97,2753.6,2749.8,2751.67,4344,15,0
2025-01-23 07:00:00,2751.74,2753.44,2751.42,2752.15,6731,15,0
2025-01-23 08:00:00,2752.15,2755.53,2751.11,2753.13,8026,15,0
2025-01-23 09:00:00,2753.1,2754.64,2751.75,2752.77,7307,15,0
2025-01-23 10:00:00,2752.73,2754.79,2752.08,2752.74,9874,15,0
2025-01-23 11:00:00,2752.74,2753.83,2740.93,2745.91,13634,15,0
2025-01-23 12:00:00,2745.89,2752.43,2745.24,2751.38,11238,15,0
2025-01-23 13:00:00,2751.43,2754.44,2750.74,2751.94,10321,15,0
2025-01-23 14:00:00,2751.9,2753.37,2742.06,2744.76,15560,15,0
2025-01-23 15:00:00,2744.75,2745.94,2735.86,2741.63,21453,15,0
2025-01-23 16:00:00,2741.68,2747.45,2740.34,2746.07,21181,15,0
2025-01-23 17:00:00,2746.07,2749.48,2742.16,2746.35,15644,15,0
2025-01-23 18:00:00,2746.3,2757.44,2744.15,2753.93,18542,15,0
2025-01-23 19:00:00,2753.92,2758.77,2752.32,2757.73,14052,15,0
2025-01-23 20:00:00,2757.78,2758.23,2755.17,2755.79,10546,15,0
2025-01-23 21:00:00,2755.83,2758.13,2753.81,2754.2,7999,15,0
2025-01-23 22:00:00,2754.17,2754.65,2751.38,2753.83,10749,15,0
2025-01-23 23:00:00,2753.83,2754.6,2752.06,2754.28,1805,15,0
2025-01-24 01:00:00,2755.0,2755.41,2753.64,2754.52,1480,15,0
2025-01-24 02:00:00,2754.55,2761.03,2754.27,2759.61,3612,15,0
2025-01-24 03:00:00,2759.5,2762.57,2758.58,2762.33,10008,15,0
2025-01-24 04:00:00,2762.34,2775.33,2762.34,2774.26,15747,15,0
2025-01-24 05:00:00,2774.17,2777.28,2770.9,2772.38,11915,15,0
2025-01-24 06:00:00,2772.38,2774.92,2770.5,2772.13,8860,15,0
2025-01-24 07:00:00,2772.15,2776.57,2772.15,2775.22,9570,15,0
2025-01-24 08:00:00,2775.2,2778.38,2773.28,2773.82,12152,15,0
2025-01-24 09:00:00,2773.79,2775.41,2771.94,2772.56,9279,15,0
2025-01-24 10:00:00,2772.57,2775.37,2769.96,2774.09,10195,15,0
2025-01-24 11:00:00,2773.99,2777.8,2770.87,2772.76,9516,15,0
2025-01-24 12:00:00,2772.76,2776.24,2771.58,2775.65,8981,15,0
2025-01-24 13:00:00,2775.66,2780.11,2773.98,2776.67,8663,15,0
2025-01-24 14:00:00,2776.7,2779.17,2776.08,2778.6,8797,15,0
2025-01-24 15:00:00,2778.57,2784.59,2777.82,2782.42,15219,15,0
2025-01-24 16:00:00,2782.43,2784.32,2773.71,2778.08,20929,15,0
2025-01-24 17:00:00,2778.29,2785.96,2775.48,2775.94,19449,15,0
2025-01-24 18:00:00,2775.88,2777.5,2769.82,2771.93,16922,15,0
2025-01-24 19:00:00,2771.88,2776.13,2770.57,2773.23,9940,15,0
2025-01-24 20:00:00,2773.23,2774.14,2771.32,2773.37,8012,15,0
2025-01-24 21:00:00,2773.43,2775.27,2771.25,2774.58,6041,15,0
2025-01-24 22:00:00,2774.6,2774.77,2770.73,2770.99,6596,15,0
2025-01-24 23:00:00,2771.03,2772.11,2770.5,2771.22,2766,15,0
2025-01-27 01:00:00,2766.86,2769.67,2764.19,2767.65,4153,15,0
2025-01-27 02:00:00,2767.65,2770.78,2766.2,2769.6,5891,15,0
2025-01-27 03:00:00,2769.76,2772.46,2762.93,2762.96,14738,15,0
2025-01-27 04:00:00,2762.96,2763.65,2753.76,2756.27,11710,15,0
2025-01-27 05:00:00,2756.23,2762.67,2755.12,2761.07,9137,15,0
2025-01-27 06:00:00,2761.04,2761.04,2755.68,2758.05,9282,15,0
2025-01-27 07:00:00,2758.09,2758.09,2752.78,2753.17,11962,15,0
2025-01-27 08:00:00,2753.14,2755.12,2750.8,2754.62,9652,15,0
2025-01-27 09:00:00,2754.62,2755.07,2747.21,2749.43,11356,15,0
2025-01-27 10:00:00,2749.43,2759.67,2749.27,2757.09,14217,15,0
2025-01-27 11:00:00,2757.08,2764.85,2755.63,2763.33,13584,15,0
2025-01-27 12:00:00,2763.42,2770.99,2762.78,2767.94,14448,15,0
2025-01-27 13:00:00,2767.94,2771.98,2765.01,2771.26,13972,15,0
2025-01-27 14:00:00,2771.46,2771.67,2760.57,2761.34,13115,15,0
2025-01-27 15:00:00,2761.34,2762.47,2752.27,2757.25,16267,15,0
2025-01-27 16:00:00,2757.22,2757.88,2744.94,2751.31,18919,15,0
2025-01-27 17:00:00,2751.31,2751.31,2739.54,2742.04,22559,15,0
2025-01-27 18:00:00,2742.0,2743.18,2733.26,2734.42,19347,15,0
2025-01-27 19:00:00,2734.56,2736.97,2730.41,2733.71,16643,15,0
2025-01-27 20:00:00,2733.66,2737.91,2732.99,2737.05,13371,15,0
2025-01-27 21:00:00,2736.97,2740.53,2736.83,2739.33,11217,15,0
2025-01-27 22:00:00,2739.34,2742.53,2738.07,2741.48,7166,18,0
2025-01-27 23:00:00,2741.47,2743.95,2740.34,2740.45,1438,15,0
2025-01-28 01:00:00,2740.7,2745.34,2739.55,2741.61,4542,15,0
2025-01-28 02:00:00,2741.68,2744.53,2739.85,2740.51,5187,15,0
2025-01-28 03:00:00,2740.54,2745.13,2739.32,2741.34,6526,15,0
2025-01-28 04:00:00,2741.34,2741.53,2738.42,2739.43,12693,15,0
2025-01-28 05:00:00,2739.43,2741.81,2737.81,2738.83,8803,15,0
2025-01-28 06:00:00,2738.84,2742.62,2738.59,2742.31,8449,15,0
2025-01-28 07:00:00,2742.45,2744.92,2741.26,2741.63,6221,15,0
2025-01-28 08:00:00,2741.56,2742.94,2739.14,2739.62,6142,15,0
2025-01-28 09:00:00,2739.58,2743.06,2738.31,2739.02,9177,15,0
2025-01-28 10:00:00,2739.03,2741.91,2734.76,2741.12,11812,15,0
2025-01-28 11:00:00,2741.11,2745.0,2740.43,2743.35,9997,15,0
2025-01-28 12:00:00,2743.35,2745.25,2741.0,2743.11,8685,15,0
2025-01-28 13:00:00,2743.12,2744.55,2741.56,2742.73,8716,15,0
2025-01-28 14:00:00,2742.73,2745.53,2741.2,2745.45,10718,15,0
2025-01-28 15:00:00,2745.53,2749.53,2745.15,2748.94,12017,15,0
2025-01-28 16:00:00,2748.98,2756.28,2748.95,2753.31,19587,15,0
2025-01-28 17:00:00,2752.83,2757.27,2751.09,2755.34,16892,15,0
2025-01-28 18:00:00,2755.3,2759.61,2755.27,2758.61,14576,15,0
2025-01-28 19:00:00,2758.61,2760.08,2757.6,2759.68,9675,15,0
2025-01-28 20:00:00,2759.68,2763.53,2759.22,2762.16,10276,15,0
2025-01-28 21:00:00,2762.13,2764.93,2761.22,2764.78,5652,15,0
2025-01-28 22:00:00,2764.82,2765.01,2762.33,2764.12,7163,15,0
2025-01-28 23:00:00,2764.12,2764.2,2762.74,2763.34,1746,15,0
2025-01-29 01:00:00,2763.16,2764.23,2762.56,2762.59,1209,15,0
2025-01-29 02:00:00,2762.62,2764.77,2762.27,2763.91,2433,15,0
2025-01-29 03:00:00,2763.9,2766.24,2763.64,2763.7,4737,15,0
2025-01-29 04:00:00,2763.74,2765.61,2763.33,2764.23,4263,15,0
2025-01-29 05:00:00,2764.18,2764.53,2762.28,2762.68,6810,15,0
2025-01-29 06:00:00,2762.57,2764.31,2761.42,2762.38,7193,15,0
2025-01-29 07:00:00,2762.34,2763.05,2760.15,2760.63,6617,15,0
2025-01-29 08:00:00,2760.73,2762.15,2759.23,2759.24,8297,15,0
2025-01-29 09:00:00,2759.21,2760.65,2757.38,2759.06,8873,15,0
2025-01-29 10:00:00,2759.09,2766.13,2759.09,2763.98,10621,15,0
2025-01-29 11:00:00,2763.99,2764.29,2760.43,2762.69,11033,15,0
2025-01-29 12:00:00,2762.72,2763.33,2757.05,2758.11,11121,15,0
2025-01-29 13:00:00,2758.11,2759.72,2757.4,2759.04,8729,15,0
2025-01-29 14:00:00,2759.0,2759.12,2755.53,2756.42,10893,15,0
2025-01-29 15:00:00,2756.42,2759.56,2752.25,2758.68,18557,15,0
2025-01-29 16:00:00,2758.66,2761.05,2756.63,2759.15,17534,15,0
2025-01-29 17:00:00,2759.14,2759.65,2748.33,2754.13,17155,15,0
2025-01-29 18:00:00,2754.23,2756.19,2748.19,2751.49,15336,15,0
2025-01-29 19:00:00,2751.49,2754.38,2750.97,2752.74,7162,15,0
2025-01-29 20:00:00,2752.73,2753.84,2748.69,2749.95,8543,15,0
2025-01-29 21:00:00,2749.32,2757.69,2744.73,2755.14,21506,15,0
2025-01-29 22:00:00,2755.1,2758.89,2752.53,2754.98,10472,15,0
2025-01-29 23:00:00,2754.97,2759.46,2753.98,2759.17,4192,15,0
2025-01-30 01:00:00,2759.54,2760.39,2757.75,2760.28,1640,15,0
2025-01-30 02:00:00,2760.19,2762.56,2758.85,2761.95,2703,24,0
2025-01-30 03:00:00,2761.92,2761.92,2758.89,2760.12,5584,15,0
2025-01-30 04:00:00,2760.08,2761.49,2759.19,2760.41,4443,15,0
2025-01-30 05:00:00,2760.37,2762.53,2759.35,2761.82,3909,15,0
2025-01-30 06:00:00,2761.82,2763.33,2759.75,2760.34,4871,15,0
2025-01-30 07:00:00,2760.37,2761.04,2758.66,2760.48,4298,15,0
2025-01-30 08:00:00,2760.42,2766.49,2760.18,2765.54,6282,15,0
2025-01-30 09:00:00,2765.48,2769.52,2765.04,2769.19,9544,15,0
2025-01-30 10:00:00,2769.19,2776.53,2768.5,2776.06,8970,15,0
2025-01-30 11:00:00,2776.1,2776.35,2771.46,2774.24,11520,15,0
2025-01-30 12:00:00,2774.19,2779.2,2773.8,2778.3,8124,15,0
2025-01-30 13:00:00,2778.29,2779.44,2776.92,2777.6,6350,15,0
2025-01-30 14:00:00,2777.61,2781.23,2776.14,2780.22,10806,15,0
2025-01-30 15:00:00,2780.22,2786.09,2777.44,2785.82,21498,15,0
2025-01-30 16:00:00,2785.84,2788.9,2780.01,2787.68,25452,15,0
2025-01-30 17:00:00,2787.6,2796.86,2786.63,2795.46,23859,15,0
2025-01-30 18:00:00,2795.51,2798.54,2790.21,2790.58,24842,15,0
2025-01-30 19:00:00,2790.56,2795.88,2788.8,2795.59,17515,15,0
2025-01-30 20:00:00,2795.59,2797.07,2792.24,2795.06,12036,15,0
2025-01-30 21:00:00,2795.04,2795.32,2790.7,2793.45,8859,15,0
2025-01-30 22:00:00,2793.47,2798.11,2792.3,2795.58,13068,15,0
2025-01-30 23:00:00,2795.62,2798.36,2786.28,2792.72,5074,15,0
2025-01-31 01:00:00,2793.91,2796.73,2791.05,2796.12,3751,15,0
2025-01-31 02:00:00,2796.32,2799.46,2794.43,2795.76,5203,15,0
2025-01-31 03:00:00,2795.84,2796.63,2794.53,2796.32,7323,15,0
2025-01-31 04:00:00,2796.32,2798.11,2794.72,2796.17,6945,15,0
2025-01-31 05:00:00,2796.17,2798.23,2795.71,2796.39,6014,15,0
2025-01-31 06:00:00,2796.37,2796.39,2794.45,2795.95,6436,15,0
2025-01-31 07:00:00,2795.95,2796.42,2794.0,2795.51,6294,15,0
2025-01-31 08:00:00,2795.51,2795.84,2792.05,2792.75,4500,15,0
2025-01-31 09:00:00,2792.58,2800.89,2792.1,2798.36,10036,15,0
2025-01-31 10:00:00,2798.2,2799.31,2791.62,2793.24,10775,15,0
2025-01-31 11:00:00,2793.29,2796.42,2792.65,2793.66,12367,15,0
2025-01-31 12:00:00,2793.66,2795.2,2791.01,2794.21,9424,15,0
2025-01-31 13:00:00,2794.16,2800.77,2792.33,2800.23,10389,15,0
2025-01-31 14:00:00,2800.18,2807.83,2799.97,2805.44,10686,15,0
2025-01-31 15:00:00,2805.33,2808.43,2803.36,2806.46,15344,15,0
2025-01-31 16:00:00,2806.43,2812.59,2804.55,2812.42,17236,15,0
2025-01-31 17:00:00,2812.5,2817.12,2808.19,2809.22,18450,15,0
2025-01-31 18:00:00,2809.2,2810.22,2804.92,2807.43,13182,15,0
2025-01-31 19:00:00,2807.44,2816.3,2803.0,2808.72,25862,10,0
2025-01-31 20:00:00,2808.73,2808.92,2795.29,2798.86,25414,15,0
2025-01-31 21:00:00,2798.9,2802.79,2795.45,2796.29,14331,15,0
2025-01-31 22:00:00,2796.26,2801.97,2794.21,2800.89,13739,15,0
2025-01-31 23:00:00,2800.89,2802.43,2797.32,2798.6,4993,15,0
2025-02-03 01:00:00,2800.53,2803.61,2783.42,2793.42,10443,15,0
2025-02-03 02:00:00,2793.41,2796.14,2790.11,2792.13,9344,15,0
2025-02-03 03:00:00,2792.09,2792.15,2778.29,2782.21,17330,15,0
2025-02-03 04:00:00,2782.16,2782.71,2773.63,2778.04,21091,15,0
2025-02-03 05:00:00,2778.06,2778.4,2772.03,2774.44,13381,15,0
2025-02-03 06:00:00,2774.34,2782.98,2774.08,2780.73,12365,15,0
2025-02-03 07:00:00,2780.7,2785.03,2779.92,2783.06,9694,15,0
2025-02-03 08:00:00,2783.02,2788.1,2782.84,2786.69,10046,15,0
2025-02-03 09:00:00,2786.81,2789.91,2785.32,2789.26,16134,15,0
2025-02-03 10:00:00,2789.26,2800.42,2786.97,2796.66,16118,15,0
2025-02-03 11:00:00,2796.66,2800.79,2794.67,2796.31,14652,15,0
2025-02-03 12:00:00,2796.33,2800.07,2792.87,2798.1,11488,15,0
2025-02-03 13:00:00,2797.91,2804.22,2797.86,2801.13,10825,15,0
2025-02-03 14:00:00,2801.13,2810.68,2800.47,2810.49,11190,15,0
2025-02-03 15:00:00,2810.4,2811.84,2807.54,2811.03,15960,15,0
2025-02-03 16:00:00,2811.05,2830.56,2810.14,2829.59,22227,15,0
2025-02-03 17:00:00,2829.2,2830.23,2813.54,2817.36,30721,15,0
2025-02-03 18:00:00,2817.36,2825.16,2812.91,2814.17,18647,15,0
2025-02-03 19:00:00,2814.17,2822.21,2813.94,2817.13,14926,15,0
2025-02-03 20:00:00,2817.13,2821.79,2815.85,2821.04,12547,15,0
2025-02-03 21:00:00,2821.06,2822.95,2817.92,2818.24,11659,15,0
2025-02-03 22:00:00,2818.24,2819.42,2815.58,2816.63,8615,15,0
2025-02-03 23:00:00,2816.63,2817.49,2812.23,2814.63,5502,15,0
2025-02-04 01:00:00,2813.81,2815.0,2812.25,2814.13,3254,15,0
2025-02-04 02:00:00,2814.11,2817.53,2812.63,2817.32,3132,15,0
2025-02-04 03:00:00,2817.35,2824.27,2816.06,2823.35,9470,15,0
2025-02-04 04:00:00,2823.34,2824.58,2816.85,2821.25,10064,15,0
2025-02-04 05:00:00,2821.23,2824.27,2817.37,2821.35,8658,15,0
2025-02-04 06:00:00,2821.34,2821.43,2818.04,2818.94,9250,15,0
2025-02-04 07:00:00,2819.1,2819.23,2813.39,2815.82,15692,15,0
2025-02-04 08:00:00,2815.74,2815.93,2810.97,2813.48,9332,15,0
2025-02-04 09:00:00,2813.47,2814.48,2807.17,2812.73,13512,15,0
2025-02-04 10:00:00,2812.74,2819.25,2810.13,2815.07,17340,15,0
2025-02-04 11:00:00,2815.04,2821.9,2814.08,2820.48,15108,15,0
2025-02-04 12:00:00,2820.44,2820.44,2812.5,2814.83,11824,15,0
2025-02-04 13:00:00,2814.84,2816.91,2813.21,2815.49,11573,15,0
2025-02-04 14:00:00,2815.49,2822.99,2814.48,2821.78,13635,15,0
2025-02-04 15:00:00,2821.95,2837.12,2821.36,2831.65,21384,15,0
2025-02-04 16:00:00,2831.7,2841.41,2828.98,2838.72,25948,15,0
2025-02-04 17:00:00,2838.72,2845.48,2833.66,2835.91,26345,15,0
2025-02-04 18:00:00,2835.79,2842.46,2832.57,2840.44,18353,15,0
2025-02-04 19:00:00,2840.44,2844.72,2839.43,2843.9,12823,15,0
2025-02-04 20:00:00,2843.95,2845.01,2842.43,2842.72,10751,15,0
2025-02-04 21:00:00,2842.72,2844.15,2841.78,2843.06,7879,15,0
2025-02-04 22:00:00,2843.06,2844.8,2840.85,2844.33,7127,15,0
2025-02-04 23:00:00,2844.33,2844.69,2841.09,2841.98,3448,15,0
2025-02-05 01:00:00,2841.47,2843.17,2840.47,2841.85,2314,15,0
2025-02-05 02:00:00,2841.95,2848.73,2841.26,2845.8,5704,15,0
2025-02-05 03:00:00,2845.88,2849.72,2840.28,2845.0,20256,15,0
2025-02-05 04:00:00,2845.14,2854.4,2844.5,2851.74,9878,15,0
2025-02-05 05:00:00,2851.79,2855.16,2850.43,2852.86,7585,15,0
2025-02-05 06:00:00,2852.85,2858.72,2852.39,2855.78,4886,15,0
2025-02-05 07:00:00,2855.84,2861.2,2854.25,2859.78,6393,15,0
2025-02-05 08:00:00,2859.76,2862.44,2857.58,2859.73,7319,15,0
2025-02-05 09:00:00,2859.71,2864.82,2855.44,2864.73,12631,15,0
2025-02-05 10:00:00,2864.71,2870.1,2864.19,2867.58,12354,15,0
2025-02-05 11:00:00,2867.56,2872.17,2865.34,2870.88,9092,15,0
2025-02-05 12:00:00,2870.93,2877.57,2866.58,2868.39,10663,15,0
2025-02-05 13:00:00,2868.42,2870.43,2865.34,2868.6,10848,15,0
2025-02-05 14:00:00,2868.61,2871.53,2867.67,2870.9,9156,15,0
2025-02-05 15:00:00,2870.93,2871.31,2858.52,2861.85,21704,15,0
2025-02-05 16:00:00,2861.85,2872.63,2860.63,2870.7,24748,15,0
2025-02-05 17:00:00,2871.18,2882.29,2871.18,2880.08,24158,15,0
2025-02-05 18:00:00,2880.26,2881.06,2863.05,2874.97,20883,15,0
2025-02-05 19:00:00,2874.97,2876.59,2871.28,2872.95,11456,15,0
2025-02-05 20:00:00,2872.92,2873.45,2863.84,2865.61,11472,15,0
2025-02-05 21:00:00,2865.7,2868.98,2862.73,2863.48,11912,15,0
2025-02-05 22:00:00,2863.53,2866.08,2859.9,2862.59,13452,15,0
2025-02-05 23:00:00,2862.6,2867.33,2861.16,2867.32,2545,15,0
2025-02-06 01:00:00,2867.65,2871.29,2866.01,2869.92,3243,15,0
2025-02-06 02:00:00,2869.92,2870.49,2867.75,2870.25,3181,15,0
2025-02-06 03:00:00,2870.32,2871.29,2864.2,2870.93,12083,15,0
2025-02-06 04:00:00,2870.92,2872.57,2867.69,2869.92,9847,15,0
2025-02-06 05:00:00,2869.92,2869.97,2863.73,2868.65,8191,15,0
2025-02-06 06:00:00,2868.64,2871.72,2868.64,2869.16,4502,15,0
2025-02-06 07:00:00,2869.16,2870.07,2864.92,2867.71,7307,15,0
2025-02-06 08:00:00,2867.7,2870.71,2857.66,2858.73,11155,15,0
2025-02-06 09:00:00,2858.54,2861.47,2854.96,2855.68,11208,15,0
2025-02-06 10:00:00,2855.85,2858.5,2848.85,2856.14,12947,15,0
2025-02-06 11:00:00,2856.11,2860.03,2855.67,2859.31,10775,15,0
2025-02-06 12:00:00,2859.32,2861.82,2855.6,2859.28,9453,15,0
2025-02-06 13:00:00,2859.28,2867.4,2858.22,2865.98,10814,15,0
2025-02-06 14:00:00,2865.96,2870.31,2863.43,2864.45,11705,15,0
2025-02-06 15:00:00,2864.41,2864.9,2855.53,2856.75,19689,15,0
2025-02-06 16:00:00,2856.69,2859.8,2841.12,2841.81,20981,15,0
2025-02-06 17:00:00,2841.81,2853.33,2834.18,2850.62,24863,15,0
2025-02-06 18:00:00,2850.61,2854.76,2848.81,2848.82,13064,15,0
2025-02-06 19:00:00,2848.78,2852.66,2848.09,2852.36,8637,15,0
2025-02-06 20:00:00,2852.39,2853.7,2849.84,2852.63,10157,15,0
2025-02-06 21:00:00,2852.68,2854.16,2850.4,2853.88,8084,15,0
2025-02-06 22:00:00,2853.89,2857.35,2853.75,2856.5,7181,15,0
2025-02-06 23:00:00,2856.51,2857.13,2854.86,2855.94,2330,15,0
2025-02-07 01:00:00,2855.93,2858.67,2855.81,2857.96,2588,15,0
2025-02-07 02:00:00,2857.96,2860.44,2857.96,2858.52,3074,15,0
2025-02-07 03:00:00,2858.52,2868.82,2857.69,2866.78,9798,15,0
2025-02-07 04:00:00,2866.78,2869.84,2865.99,2869.31,6614,15,0
2025-02-07 05:00:00,2869.34,2870.8,2865.97,2867.05,5967,15,0
2025-02-07 06:00:00,2867.05,2869.62,2866.24,2866.59,3726,15,0
2025-02-07 07:00:00,2866.63,2867.07,2861.5,2861.6,6563,15,0
2025-02-07 08:00:00,2861.58,2865.69,2858.97,2860.67,8888,15,0
2025-02-07 09:00:00,2860.66,2865.67,2860.24,2864.13,7097,15,0
2025-02-07 10:00:00,2864.08,2866.68,2863.22,2866.27,7616,15,0
2025-02-07 11:00:00,2866.33,2870.69,2865.55,2868.94,10056,15,0
2025-02-07 12:00:00,2868.97,2869.2,2863.36,2867.51,9324,15,0
2025-02-07 13:00:00,2867.51,2868.33,2865.11,2867.74,7770,15,0
2025-02-07 14:00:00,2867.74,2868.1,2863.51,2863.61,9439,15,0
2025-02-07 15:00:00,2863.63,2870.66,2852.43,2862.58,21887,15,0
2025-02-07 16:00:00,2862.69,2878.19,2856.11,2876.45,25963,15,0
2025-02-07 17:00:00,2876.32,2886.78,2873.53,2880.34,21328,15,0
2025-02-07 18:00:00,2880.4,2881.45,2860.43,2860.71,22120,15,0
2025-02-07 19:00:00,2860.68,2862.65,2853.31,2860.02,18031,15,0
2025-02-07 20:00:00,2860.01,2865.29,2859.7,2861.18,7657,15,0
2025-02-07 21:00:00,2861.18,2863.13,2858.87,2860.18,6019,15,0
2025-02-07 22:00:00,2860.08,2863.79,2859.4,2860.63,9637,15,0
2025-02-07 23:00:00,2860.65,2863.2,2860.29,2861.09,2808,15,0
2025-02-10 01:00:00,2855.78,2870.45,2854.82,2867.46,6624,15,0
2025-02-10 02:00:00,2867.55,2869.29,2865.81,2868.54,5863,15,0
2025-02-10 03:00:00,2868.53,2877.24,2866.55,2872.45,15468,15,0
2025-02-10 04:00:00,2872.44,2875.61,2872.04,2874.36,9256,15,0
2025-02-10 05:00:00,2874.33,2875.73,2871.85,2875.49,7178,15,0
2025-02-10 06:00:00,2875.49,2880.08,2874.42,2879.82,6639,15,0
2025-02-10 07:00:00,2879.87,2880.58,2876.44,2879.36,7615,15,0
2025-02-10 08:00:00,2879.34,2892.26,2878.97,2888.21,10317,15,0
2025-02-10 09:00:00,2888.21,2896.57,2886.76,2895.6,11911,15,0
2025-02-10 10:00:00,2895.58,2898.83,2892.25,2896.58,12949,15,0
2025-02-10 11:00:00,2896.58,2903.27,2896.29,2902.96,11730,15,0
2025-02-10 12:00:00,2902.95,2906.27,2898.67,2902.98,12881,15,0
2025-02-10 13:00:00,2903.0,2905.73,2898.89,2904.6,10176,15,0
2025-02-10 14:00:00,2904.6,2907.01,2902.71,2902.95,12520,15,0
2025-02-10 15:00:00,2902.94,2911.11,2899.72,2900.99,21694,15,0
2025-02-10 16:00:00,2900.99,2909.22,2896.35,2908.59,21602,15,0
2025-02-10 17:00:00,2908.62,2911.73,2904.39,2909.0,14444,15,0
2025-02-10 18:00:00,2909.03,2910.27,2899.03,2901.02,13390,15,0
2025-02-10 19:00:00,2901.02,2904.45,2896.6,2903.31,10414,15,0
2025-02-10 20:00:00,2903.32,2906.92,2900.83,2905.09,9139,15,0
2025-02-10 21:00:00,2905.09,2906.64,2902.47,2904.29,5895,15,0
2025-02-10 22:00:00,2904.28,2907.73,2902.9,2907.28,8119,15,0
2025-02-10 23:00:00,2907.24,2908.19,2905.25,2907.91,2375,15,0
2025-02-11 01:00:00,2907.87,2921.58,2907.87,2917.14,5789,15,0
2025-02-11 02:00:00,2917.24,2924.44,2915.74,2922.25,5380,15,0
2025-02-11 03:00:00,2922.25,2936.76,2919.81,2934.69,14899,15,0
2025-02-11 04:00:00,2934.61,2943.29,2905.62,2918.48,21044,15,0
2025-02-11 05:00:00,2918.49,2925.09,2910.83,2918.97,12228,15,0
2025-02-11 06:00:00,2918.97,2920.08,2914.26,2915.59,7837,15,0
2025-02-11 07:00:00,2915.54,2923.11,2914.68,2922.32,8416,15,0
2025-02-11 08:00:00,2922.26,2928.78,2914.82,2917.17,12958,15,0
2025-02-11 09:00:00,2917.19,2917.65,2906.56,2912.79,13458,15,0
2025-02-11 10:00:00,2912.76,2914.73,2906.37,2906.75,13609,15,0
2025-02-11 11:00:00,2906.71,2911.66,2902.41,2902.61,14966,15,0
2025-02-11 12:00:00,2902.61,2906.48,2901.25,2902.05,13582,15,0
2025-02-11 13:00:00,2902.01,2906.13,2901.58,2903.27,12120,15,0
2025-02-11 14:00:00,2903.24,2903.67,2886.16,2888.63,18466,15,0
2025-02-11 15:00:00,2888.66,2897.65,2881.18,2896.46,30744,15,0
2025-02-11 16:00:00,2896.49,2904.49,2894.93,2896.79,22938,15,0
2025-02-11 17:00:00,2896.74,2906.54,2890.83,2904.69,23787,15,0
2025-02-11 18:00:00,2904.69,2908.66,2902.25,2902.3,15618,15,0
2025-02-11 19:00:00,2902.29,2907.36,2899.66,2905.55,11807,15,0
2025-02-11 20:00:00,2905.56,2907.19,2903.28,2905.86,9489,15,0
2025-02-11 21:00:00,2905.88,2906.39,2899.79,2900.24,10254,15,0
2025-02-11 22:00:00,2900.22,2900.49,2894.08,2897.51,11363,15,0
2025-02-11 23:00:00,2897.53,2899.74,2897.33,2897.59,2536,15,0
2025-02-12 01:00:00,2897.18,2900.63,2896.99,2897.91,2129,15,0
2025-02-12 02:00:00,2898.11,2898.29,2888.61,2891.65,4931,15,0
2025-02-12 03:00:00,2891.7,2897.17,2883.15,2893.85,14234,15,0
2025-02-12 04:00:00,2893.86,2898.41,2891.2,2891.8,10116,15,0
2025-02-12 05:00:00,2891.8,2892.41,2886.65,2889.57,10097,15,0
2025-02-12 06:00:00,2889.57,2891.1,2884.61,2886.13,6186,15,0
2025-02-12 07:00:00,2886.26,2888.72,2884.22,2886.86,8522,15,0
2025-02-12 08:00:00,2886.86,2895.3,2886.24,2892.74,10692,15,0
2025-02-12 09:00:00,2892.74,2895.8,2890.83,2892.81,11038,15,0
2025-02-12 10:00:00,2892.81,2894.05,2887.94,2891.72,10903,15,0
2025-02-12 11:00:00,2891.72,2893.4,2885.83,2886.23,9805,15,0
2025-02-12 12:00:00,2886.21,2889.29,2878.97,2883.38,9646,15,0
2025-02-12 13:00:00,2883.37,2885.94,2879.39,2879.67,8462,15,0
2025-02-12 14:00:00,2879.68,2885.97,2878.8,2885.19,10683,15,0
2025-02-12 15:00:00,2885.21,2885.68,2864.02,2884.76,26670,15,0
2025-02-12 16:00:00,2884.74,2898.04,2881.9,2894.39,25661,15,0
2025-02-12 17:00:00,2894.42,2895.96,2886.79,2894.67,19569,15,0
2025-02-12 18:00:00,2894.67,2904.52,2892.15,2902.39,16063,15,0
2025-02-12 19:00:00,2902.39,2909.19,2901.94,2902.88,14172,15,0
2025-02-12 20:00:00,2902.87,2903.84,2900.4,2901.06,11438,15,0
2025-02-12 21:00:00,2901.08,2901.79,2893.59,2897.84,9141,15,0
2025-02-12 22:00:00,2897.84,2901.39,2895.49,2900.92,7686,15,0
2025-02-12 23:00:00,2900.92,2904.21,2900.09,2904.14,4951,15,0
2025-02-13 01:00:00,2904.52,2906.47,2900.35,2905.74,2840,15,0
2025-02-13 02:00:00,2905.74,2908.99,2904.49,2906.26,5166,15,0
2025-02-13 03:00:00,2906.25,2907.39,2901.41,2906.03,10046,15,0
2025-02-13 04:00:00,2906.02,2908.96,2905.26,2908.71,8240,15,0
2025-02-13 05:00:00,2908.69,2917.42,2907.25,2915.99,8906,15,0
2025-02-13 06:00:00,2916.03,2919.55,2915.53,2919.09,5478,15,0
2025-02-13 07:00:00,2919.17,2923.39,2917.17,2918.57,6884,15,0
2025-02-13 08:00:00,2918.57,2919.47,2912.36,2915.99,11300,15,0
2025-02-13 09:00:00,2915.98,2920.68,2913.13,2914.51,11393,15,0
2025-02-13 10:00:00,2914.51,2918.13,2909.4,2911.64,13293,15,0
2025-02-13 11:00:00,2911.65,2918.34,2909.84,2915.42,10650,15,0
2025-02-13 12:00:00,2915.42,2919.46,2913.88,2918.05,7715,15,0
2025-02-13 13:00:00,2918.06,2918.38,2915.35,2917.97,9020,15,0
2025-02-13 14:00:00,2917.98,2921.34,2915.6,2917.69,12011,15,0
2025-02-13 15:00:00,2917.72,2917.97,2905.77,2908.52,23039,15,0
2025-02-13 16:00:00,2908.52,2917.33,2906.48,2915.1,21962,15,0
2025-02-13 17:00:00,2915.1,2920.95,2914.53,2920.23,18361,15,0
2025-02-13 18:00:00,2920.22,2920.84,2913.01,2913.83,12402,15,0
2025-02-13 19:00:00,2913.8,2919.1,2913.49,2918.92,9455,15,0
2025-02-13 20:00:00,2918.95,2925.24,2914.3,2924.02,12059,15,0
2025-02-13 21:00:00,2923.97,2927.42,2923.93,2926.85,7877,15,0
2025-02-13 22:00:00,2926.85,2928.98,2924.78,2928.47,9518,15,0
2025-02-13 23:00:00,2928.42,2929.49,2928.04,2928.38,3418,15,0
2025-02-14 01:00:00,2928.45,2932.34,2927.37,2931.07,3402,15,0
2025-02-14 02:00:00,2931.19,2931.48,2927.42,2927.82,5286,15,0
2025-02-14 03:00:00,2927.79,2933.85,2927.79,2929.92,13559,15,0
2025-02-14 04:00:00,2929.92,2930.5,2925.92,2927.29,11406,15,0
2025-02-14 05:00:00,2927.25,2930.33,2923.32,2924.44,7406,15,0
2025-02-14 06:00:00,2924.44,2929.13,2923.82,2928.61,5147,15,0
2025-02-14 07:00:00,2928.63,2932.39,2926.65,2930.96,9193,15,0
2025-02-14 08:00:00,2930.96,2936.84,2929.88,2934.32,13326,15,0
2025-02-14 09:00:00,2934.31,2935.12,2930.6,2931.82,11238,15,0
2025-02-14 10:00:00,2931.82,2938.52,2930.81,2935.25,13770,15,0
2025-02-14 11:00:00,2935.25,2938.83,2934.09,2935.25,11626,15,0
2025-02-14 12:00:00,2935.3,2940.04,2934.28,2935.85,11860,15,0
2025-02-14 13:00:00,2935.87,2937.58,2929.27,2931.06,8940,15,0
2025-02-14 14:00:00,2931.01,2933.1,2927.79,2930.76,12125,15,0
2025-02-14 15:00:00,2930.8,2933.26,2917.59,2920.5,27178,15,0
2025-02-14 16:00:00,2920.5,2928.53,2914.33,2921.08,31790,15,0
2025-02-14 17:00:00,2921.01,2921.81,2892.92,2901.94,34190,15,0
2025-02-14 18:00:00,2901.9,2903.88,2888.54,2895.89,24720,15,0
2025-02-14 19:00:00,2895.95,2897.49,2885.43,2886.99,19350,15,0
2025-02-14 20:00:00,2887.0,2887.94,2882.13,2883.83,15456,15,0
2025-02-14 21:00:00,2883.87,2886.01,2878.78,2880.55,8872,15,0
2025-02-14 22:00:00,2880.49,2886.22,2877.03,2885.25,12415,15,0
2025-02-14 23:00:00,2885.27,2885.61,2882.22,2882.67,3782,15,0
2025-02-17 01:00:00,2885.77,2893.53,2878.38,2879.22,8940,15,0
2025-02-17 02:00:00,2879.21,2888.1,2879.21,2883.5,5370,15,0
2025-02-17 03:00:00,2883.44,2896.5,2882.43,2895.47,12961,15,0
2025-02-17 04:00:00,2895.42,2899.75,2893.75,2899.12,8540,15,0
2025-02-17 05:00:00,2899.11,2904.58,2897.7,2903.48,7837,15,0
2025-02-17 06:00:00,2903.45,2904.89,2898.4,2899.27,6359,15,0
2025-02-17 07:00:00,2899.27,2905.19,2895.98,2896.21,7941,15,0
2025-02-17 08:00:00,2896.21,2897.93,2888.27,2896.5,10422,15,0
2025-02-17 09:00:00,2896.49,2903.65,2896.43,2902.46,10254,15,0
2025-02-17 10:00:00,2902.48,2902.67,2895.09,2900.29,10344,15,0
2025-02-17 11:00:00,2900.3,2906.38,2900.3,2902.58,12098,15,0
2025-02-17 12:00:00,2902.58,2902.95,2895.48,2902.76,9798,15,0
2025-02-17 13:00:00,2902.75,2903.86,2897.89,2900.95,8855,15,0
2025-02-17 14:00:00,2900.95,2901.63,2895.43,2897.68,9699,15,0
2025-02-17 15:00:00,2897.68,2899.12,2895.6,2896.76,15472,15,0
2025-02-17 16:00:00,2896.77,2903.82,2896.43,2902.94,15957,15,0
2025-02-17 17:00:00,2902.91,2904.11,2897.93,2899.22,13071,15,0
2025-02-17 18:00:00,2899.18,2901.22,2896.49,2899.19,7457,15,0
2025-02-17 19:00:00,2899.21,2899.74,2897.96,2898.49,4541,15,0
2025-02-17 20:00:00,2898.54,2899.15,2897.11,2898.16,3201,15,0
2025-02-17 21:00:00,2898.16,2898.39,2898.05,2898.05,65,33,0
2025-02-18 01:00:00,2899.04,2899.4,2897.05,2899.23,1179,15,0
2025-02-18 02:00:00,2899.25,2900.32,2898.27,2899.11,1997,15,0
2025-02-18 03:00:00,2899.07,2899.81,2891.87,2895.75,8964,15,0
2025-02-18 04:00:00,2895.73,2905.16,2895.27,2903.04,9452,15,0
2025-02-18 05:00:00,2903.01,2910.78,2902.74,2908.9,8921,15,0
2025-02-18 06:00:00,2908.91,2910.93,2907.2,2910.72,4201,15,0
2025-02-18 07:00:00,2910.68,2915.81,2909.81,2910.65,8248,15,0
2025-02-18 08:00:00,2910.57,2914.37,2909.92,2913.71,5755,15,0
2025-02-18 09:00:00,2913.71,2915.38,2908.48,2911.52,7704,15,0
2025-02-18 10:00:00,2911.56,2913.28,2908.23,2912.39,8632,15,0
2025-02-18 11:00:00,2912.39,2913.35,2909.99,2912.64,6885,15,0
2025-02-18 12:00:00,2912.63,2913.51,2907.08,2911.33,6924,15,0
2025-02-18 13:00:00,2911.36,2914.95,2909.78,2914.21,6915,15,0
2025-02-18 14:00:00,2914.21,2918.84,2912.1,2918.12,9519,15,0
2025-02-18 15:00:00,2918.12,2921.42,2913.35,2918.72,14193,15,0
2025-02-18 16:00:00,2918.72,2928.67,2917.71,2927.88,16267,15,0
2025-02-18 17:00:00,2927.84,2929.69,2923.56,2927.19,15864,15,0
2025-02-18 18:00:00,2927.19,2933.68,2924.2,2932.81,15125,15,0
2025-02-18 19:00:00,2932.82,2933.58,2929.55,2931.13,9151,15,0
2025-02-18 20:00:00,2931.2,2933.68,2928.36,2933.29,9465,15,0
2025-02-18 21:00:00,2933.29,2936.93,2931.94,2935.81,7282,15,0
2025-02-18 22:00:00,2935.82,2936.75,2932.5,2933.39,6816,15,0
2025-02-18 23:00:00,2933.39,2936.6,2933.25,2935.14,3296,15,0
2025-02-19 01:00:00,2934.86,2935.41,2933.05,2933.94,1368,15,0
2025-02-19 02:00:00,2933.98,2934.21,2928.43,2929.26,2807,15,0
2025-02-19 03:00:00,2929.26,2939.59,2927.92,2938.46,8568,15,0
2025-02-19 04:00:00,2938.47,2939.61,2924.34,2929.6,10341,15,0
2025-02-19 05:00:00,2929.62,2929.93,2925.18,2928.36,7536,15,0
2025-02-19 06:00:00,2928.37,2929.96,2927.12,2929.77,4980,15,0
2025-02-19 07:00:00,2929.95,2933.92,2928.15,2932.73,6632,15,0
2025-02-19 08:00:00,2932.72,2935.86,2930.86,2931.7,6701,15,0
2025-02-19 09:00:00,2931.73,2935.77,2930.39,2934.15,6738,15,0
2025-02-19 10:00:00,2934.11,2940.09,2933.71,2938.63,10291,15,0
2025-02-19 11:00:00,2938.67,2946.56,2938.17,2945.41,8432,15,0
2025-02-19 12:00:00,2945.4,2946.99,2942.57,2944.8,7150,15,0
2025-02-19 13:00:00,2944.77,2946.08,2934.0,2935.07,8812,15,0
2025-02-19 14:00:00,2935.08,2936.83,2931.22,2933.43,10039,15,0
2025-02-19 15:00:00,2933.41,2941.64,2932.47,2936.31,14927,15,0
2025-02-19 16:00:00,2936.31,2940.56,2930.17,2938.05,20419,15,0
2025-02-19 17:00:00,2937.98,2939.24,2925.53,2925.66,15663,15,0
2025-02-19 18:00:00,2925.71,2930.89,2923.02,2928.07,14761,15,0
2025-02-19 19:00:00,2928.08,2929.79,2921.44,2923.89,10455,15,0
2025-02-19 20:00:00,2923.89,2926.67,2918.59,2925.08,12520,15,0
2025-02-19 21:00:00,2925.08,2932.28,2923.43,2931.78,8834,15,0
2025-02-19 22:00:00,2931.81,2936.53,2931.39,2935.85,9750,15,0
2025-02-19 23:00:00,2935.82,2937.52,2932.38,2932.8,3043,15,0
2025-02-20 01:00:00,2933.3,2936.26,2933.26,2935.49,1610,15,0
2025-02-20 02:00:00,2935.53,2941.29,2935.5,2940.81,3833,15,0
2025-02-20 03:00:00,2940.83,2942.36,2934.68,2936.91,10633,15,0
2025-02-20 04:00:00,2936.91,2941.64,2933.88,2940.93,8879,15,0
2025-02-20 05:00:00,2940.93,2944.06,2940.58,2942.0,4488,15,0
2025-02-20 06:00:00,2941.99,2942.56,2939.39,2939.9,3537,15,0
2025-02-20 07:00:00,2939.99,2946.84,2939.28,2946.76,5021,15,0
2025-02-20 08:00:00,2946.76,2948.96,2943.87,2947.65,6190,15,0
2025-02-20 09:00:00,2947.67,2954.25,2946.38,2948.93,8192,15,0
2025-02-20 10:00:00,2948.99,2954.78,2948.98,2954.44,7847,15,0
2025-02-20 11:00:00,2954.5,2954.9,2949.85,2951.5,6514,15,0
2025-02-20 12:00:00,2951.65,2954.79,2949.17,2952.27,8945,15,0
2025-02-20 13:00:00,2952.29,2952.82,2947.19,2948.78,6294,15,0
2025-02-20 14:00:00,2948.78,2950.82,2938.73,2945.57,12722,15,0
2025-02-20 15:00:00,2945.59,2947.64,2933.7,2933.93,18410,15,0
2025-02-20 16:00:00,2933.88,2939.97,2924.08,2934.78,24997,15,0
2025-02-20 17:00:00,2934.8,2939.59,2931.79,2938.57,17723,15,0
2025-02-20 18:00:00,2938.52,2945.62,2935.91,2943.0,12957,15,0
2025-02-20 19:00:00,2943.01,2947.0,2940.16,2940.46,10287,15,0
2025-02-20 20:00:00,2940.44,2942.48,2937.48,2941.76,9998,15,0
2025-02-20 21:00:00,2941.82,2941.89,2933.49,2937.93,7152,15,0
2025-02-20 22:00:00,2937.93,2938.75,2935.48,2937.86,7658,15,0
2025-02-20 23:00:00,2937.73,2940.25,2937.42,2938.37,3696,15,0
2025-02-21 01:00:00,2938.77,2943.18,2938.42,2941.43,1813,15,0
2025-02-21 02:00:00,2941.57,2942.73,2937.02,2939.51,3250,15,0
2025-02-21 03:00:00,2939.5,2949.28,2927.25,2929.24,14238,15,0
2025-02-21 04:00:00,2929.16,2941.73,2926.94,2939.7,11102,15,0
2025-02-21 05:00:00,2939.73,2940.31,2927.7,2931.74,9764,15,0
2025-02-21 06:00:00,2931.74,2932.79,2927.13,2929.03,5938,15,0
2025-02-21 07:00:00,2929.03,2933.41,2923.53,2929.61,8887,15,0
2025-02-21 08:00:00,2929.62,2932.1,2925.01,2930.17,7531,15,0
2025-02-21 09:00:00,2930.21,2933.66,2929.71,2930.63,5843,15,0
2025-02-21 10:00:00,2930.64,2931.96,2916.78,2923.3,11986,15,0
2025-02-21 11:00:00,2923.3,2929.65,2923.15,2929.29,7751,15,0
2025-02-21 12:00:00,2929.3,2931.05,2928.93,2930.5,4959,15,0
2025-02-21 13:00:00,2930.56,2936.13,2927.99,2928.35,6607,15,0
2025-02-21 14:00:00,2928.35,2935.16,2927.58,2930.07,7824,15,0
2025-02-21 15:00:00,2930.06,2934.64,2926.88,2930.91,14238,15,0
2025-02-21 16:00:00,2930.91,2939.18,2928.1,2933.65,17002,15,0
2025-02-21 17:00:00,2933.37,2935.67,2921.54,2928.67,21193,15,0
2025-02-21 18:00:00,2928.64,2938.43,2927.3,2936.67,12108,15,0
2025-02-21 19:00:00,2936.7,2941.63,2936.11,2939.7,8723,15,0
2025-02-21 20:00:00,2939.71,2942.78,2937.74,2941.91,10683,15,0
2025-02-21 21:00:00,2941.94,2942.64,2932.91,2933.37,7790,15,0
2025-02-21 22:00:00,2933.35,2937.17,2932.43,2934.59,8235,15,0
2025-02-21 23:00:00,2934.59,2938.24,2932.02,2936.06,3878,15,0
2025-02-24 01:00:00,2934.21,2940.18,2933.74,2937.3,5760,15,0
2025-02-24 02:00:00,2937.3,2938.55,2930.02,2930.7,5310,15,0
2025-02-24 03:00:00,2930.71,2932.01,2921.89,2928.43,14317,15,0
2025-02-24 04:00:00,2928.41,2940.37,2925.57,2940.22,10687,15,0
2025-02-24 05:00:00,2940.14,2944.11,2939.62,2941.15,9920,15,0
2025-02-24 06:00:00,2941.11,2943.07,2937.71,2940.89,6890,15,0
2025-02-24 07:00:00,2940.89,2942.2,2935.49,2936.29,6824,15,0
2025-02-24 08:00:00,2936.26,2942.29,2935.24,2939.18,5685,15,0
2025-02-24 09:00:00,2939.2,2944.94,2938.85,2943.84,7049,15,0
2025-02-24 10:00:00,2943.88,2948.73,2938.2,2946.33,9578,15,0
2025-02-24 11:00:00,2946.22,2948.36,2942.78,2944.19,7794,15,0
2025-02-24 12:00:00,2944.23,2944.69,2934.9,2938.33,6514,15,0
2025-02-24 13:00:00,2938.37,2948.22,2937.71,2947.69,7539,15,0
2025-02-24 14:00:00,2947.68,2951.09,2945.37,2946.55,7497,15,0
2025-02-24 15:00:00,2946.56,2954.56,2946.27,2954.43,13612,15,0
2025-02-24 16:00:00,2954.43,2956.2,2934.7,2938.69,20895,15,0
2025-02-24 17:00:00,2938.61,2940.52,2930.69,2936.53,20498,15,0
2025-02-24 18:00:00,2936.51,2943.59,2936.5,2943.4,11671,15,0
2025-02-24 19:00:00,2943.4,2944.86,2941.01,2943.31,9764,15,0
2025-02-24 20:00:00,2943.34,2948.06,2942.73,2947.37,7789,15,0
2025-02-24 21:00:00,2947.38,2949.88,2946.81,2949.1,5929,15,0
2025-02-24 22:00:00,2949.1,2951.54,2946.98,2950.51,5380,15,0
2025-02-24 23:00:00,2950.57,2952.94,2950.24,2952.32,2961,15,0
2025-02-25 01:00:00,2952.54,2953.52,2948.12,2950.09,3794,15,0
2025-02-25 02:00:00,2950.09,2952.52,2948.38,2949.58,3334,15,0
2025-02-25 03:00:00,2949.67,2952.47,2945.21,2949.56,11007,15,0
2025-02-25 04:00:00,2949.49,2952.05,2947.14,2948.69,7521,15,0
2025-02-25 05:00:00,2948.69,2949.49,2937.35,2939.45,8064,15,0
2025-02-25 06:00:00,2939.45,2939.79,2935.16,2936.88,5905,15,0
2025-02-25 07:00:00,2936.84,2940.98,2936.67,2937.92,6907,15,0
2025-02-25 08:00:00,2937.86,2938.33,2933.32,2935.72,7502,15,0
2025-02-25 09:00:00,2935.72,2940.47,2930.51,2931.49,11991,15,0
2025-02-25 10:00:00,2931.48,2941.86,2929.32,2941.58,11558,15,0
2025-02-25 11:00:00,2941.57,2942.39,2937.76,2938.4,7121,15,0
2025-02-25 12:00:00,2938.41,2941.06,2937.07,2937.24,6851,15,0
2025-02-25 13:00:00,2937.24,2940.09,2936.84,2938.0,6997,15,0
2025-02-25 14:00:00,2938.13,2940.67,2923.31,2927.9,16854,15,0
2025-02-25 15:00:00,2928.14,2937.23,2925.47,2936.68,17740,15,0
2025-02-25 16:00:00,2936.68,2944.84,2932.02,2932.89,18017,15,0
2025-02-25 17:00:00,2932.89,2935.0,2900.58,2905.93,32209,15,0
2025-02-25 18:00:00,2905.93,2906.87,2888.19,2896.42,23099,15,0
2025-02-25 19:00:00,2896.4,2908.93,2893.64,2907.64,13646,15,0
2025-02-25 20:00:00,2907.63,2912.27,2905.34,2909.5,11299,15,0
2025-02-25 21:00:00,2909.49,2913.83,2905.65,2912.06,8593,15,0
2025-02-25 22:00:00,2912.08,2913.34,2910.84,2912.75,8601,15,0
2025-02-25 23:00:00,2912.74,2917.27,2912.66,2914.91,4654,15,0
2025-02-26 01:00:00,2915.1,2918.87,2913.37,2918.51,3726,15,0
2025-02-26 02:00:00,2918.51,2926.07,2918.5,2923.44,5767,15,0
2025-02-26 03:00:00,2923.44,2930.15,2915.27,2917.85,11884,15,0
2025-02-26 04:00:00,2917.86,2923.04,2914.74,2921.12,8905,15,0
2025-02-26 05:00:00,2921.09,2921.6,2916.47,2917.21,3998,15,0
2025-02-26 06:00:00,2917.12,2918.88,2912.64,2914.97,4286,15,0
2025-02-26 07:00:00,2914.92,2920.99,2914.76,2915.37,5560,15,0
2025-02-26 08:00:00,2915.38,2916.15,2906.66,2906.68,6895,15,0
2025-02-26 09:00:00,2906.68,2917.49,2905.8,2915.39,10006,15,0
2025-02-26 10:00:00,2915.37,2917.69,2909.52,2917.29,9369,15,0
2025-02-26 11:00:00,2917.29,2919.02,2912.11,2913.06,6272,15,0
2025-02-26 12:00:00,2913.08,2916.82,2911.01,2912.67,5726,15,0
2025-02-26 13:00:00,2912.7,2915.43,2912.08,2913.87,5023,15,0
2025-02-26 14:00:00,2913.81,2915.58,2910.09,2913.87,6422,15,0
2025-02-26 15:00:00,2913.87,2915.04,2905.52,2905.91,13021,15,0
2025-02-26 16:00:00,2905.92,2906.19,2890.79,2901.38,22782,15,0
2025-02-26 17:00:00,2901.39,2914.53,2898.56,2913.49,16021,15,0
2025-02-26 18:00:00,2913.49,2916.97,2910.11,2913.34,11205,15,0
2025-02-26 19:00:00,2913.34,2916.4,2910.62,2914.0,9795,15,0
2025-02-26 20:00:00,2913.99,2916.41,2912.39,2914.89,8505,15,0
2025-02-26 21:00:00,2914.9,2916.3,2913.35,2913.91,5828,15,0
2025-02-26 22:00:00,2913.9,2916.69,2912.03,2916.31,7063,15,0
2025-02-26 23:00:00,2916.19,2918.69,2915.99,2916.36,4874,15,0
2025-02-27 01:00:00,2916.45,2920.76,2915.44,2919.33,2181,15,0
2025-02-27 02:00:00,2919.33,2919.33,2915.87,2917.07,2892,15,0
2025-02-27 03:00:00,2917.05,2918.34,2911.06,2912.54,10544,15,0
2025-02-27 04:00:00,2912.54,2914.87,2904.28,2906.68,9565,15,0
2025-02-27 05:00:00,2906.68,2909.05,2905.18,2905.65,6341,15,0
2025-02-27 06:00:00,2905.73,2906.39,2896.22,2897.29,7110,15,0
2025-02-27 07:00:00,2897.37,2898.51,2888.39,2890.79,13136,15,0
2025-02-27 08:00:00,2890.77,2898.22,2890.46,2894.55,11239,15,0
2025-02-27 09:00:00,2894.57,2896.12,2888.23,2891.38,11091,15,0
2025-02-27 10:00:00,2891.31,2891.61,2880.86,2881.62,14394,15,0
2025-02-27 11:00:00,2881.57,2892.98,2877.33,2886.64,12161,15,0
2025-02-27 12:00:00,2886.64,2894.32,2885.85,2891.51,7433,15,0
2025-02-27 13:00:00,2891.52,2894.19,2882.8,2883.94,9214,15,0
2025-02-27 14:00:00,2883.97,2887.76,2882.88,2884.09,10026,15,0
2025-02-27 15:00:00,2884.09,2891.18,2880.04,2887.85,20299,15,0
2025-02-27 16:00:00,2887.85,2891.49,2867.85,2872.66,23882,15,0
2025-02-27 17:00:00,2872.66,2882.52,2870.89,2872.84,22570,15,0
2025-02-27 18:00:00,2872.82,2878.71,2872.41,2878.06,13438,15,0
2025-02-27 19:00:00,2878.08,2883.7,2876.74,2883.15,11102,15,0
2025-02-27 20:00:00,2883.14,2887.36,2882.82,2887.34,8907,15,0
2025-02-27 21:00:00,2887.45,2887.61,2877.19,2879.17,9800,15,0
2025-02-27 22:00:00,2879.19,2879.3,2872.72,2873.91,12763,15,0
2025-02-27 23:00:00,2873.9,2876.81,2871.26,2875.95,4323,15,0
2025-02-28 01:00:00,2876.34,2877.01,2873.43,2874.73,2038,15,0
2025-02-28 02:00:00,2874.74,2879.11,2873.59,2875.87,3624,15,0
2025-02-28 03:00:00,2875.88,2883.85,2872.63,2873.54,12042,15,0
2025-02-28 04:00:00,2873.48,2877.82,2868.87,2873.36,11122,15,0
2025-02-28 05:00:00,2873.34,2876.3,2863.61,2865.67,9597,15,0
2025-02-28 06:00:00,2865.65,2865.98,2856.91,2863.54,9119,15,0
2025-02-28 07:00:00,2863.37,2867.01,2861.91,2864.09,8051,15,0
2025-02-28 08:00:00,2864.17,2866.63,2861.91,2863.57,9271,15,0
2025-02-28 09:00:00,2863.57,2865.2,2857.51,2858.66,10300,15,0
2025-02-28 10:00:00,2858.65,2860.37,2851.05,2856.0,10874,15,0
2025-02-28 11:00:00,2855.98,2864.31,2855.79,2862.42,9883,15,0
2025-02-28 12:00:00,2862.38,2864.88,2860.73,2862.79,6707,15,0
2025-02-28 13:00:00,2862.77,2863.67,2859.11,2862.29,6320,15,0
2025-02-28 14:00:00,2862.3,2864.94,2854.45,2856.48,8907,15,0
2025-02-28 15:00:00,2856.49,2862.2,2848.21,2848.37,17298,15,0
2025-02-28 16:00:00,2848.49,2851.74,2833.43,2833.81,22547,15,0
2025-02-28 17:00:00,2833.81,2850.72,2832.67,2850.2,21347,15,0
2025-02-28 18:00:00,2850.2,2854.01,2846.26,2848.63,14149,15,0
2025-02-28 19:00:00,2848.59,2851.6,2844.55,2845.08,9634,15,0
2025-02-28 20:00:00,2845.08,2847.7,2838.03,2845.26,11921,15,0
2025-02-28 21:00:00,2845.26,2850.95,2844.0,2849.58,8504,15,0
2025-02-28 22:00:00,2849.55,2855.06,2847.62,2854.65,11985,15,0
2025-02-28 23:00:00,2854.64,2859.25,2853.13,2857.43,4856,15,0
2025-03-03 01:00:00,2859.52,2876.65,2859.52,2870.78,9563,15,0
2025-03-03 02:00:00,2870.88,2871.3,2865.06,2865.63,5804,15,0
2025-03-03 03:00:00,2865.62,2871.98,2864.05,2870.87,9069,15,0
2025-03-03 04:00:00,2870.82,2871.93,2867.73,2868.17,6283,15,0
2025-03-03 05:00:00,2868.17,2868.17,2859.29,2864.82,9941,15,0
2025-03-03 06:00:00,2864.81,2868.63,2863.07,2867.25,4187,15,0
2025-03-03 07:00:00,2867.12,2867.41,2861.18,2863.83,6579,15,0
2025-03-03 08:00:00,2863.82,2866.0,2861.7,2865.5,7288,15,0
2025-03-03 09:00:00,2865.5,2866.29,2860.06,2863.3,7289,15,0
2025-03-03 10:00:00,2863.4,2868.84,2858.86,2868.6,10947,15,0
2025-03-03 11:00:00,2868.63,2871.57,2864.28,2867.44,9641,15,0
2025-03-03 12:00:00,2867.46,2873.65,2867.24,2871.94,6315,15,0
2025-03-03 13:00:00,2871.95,2875.52,2871.29,2874.35,5041,15,0
2025-03-03 14:00:00,2874.24,2877.69,2873.96,2875.64,6495,15,0
2025-03-03 15:00:00,2875.58,2876.3,2868.88,2872.63,12885,15,0
2025-03-03 16:00:00,2872.63,2883.05,2871.34,2877.45,15234,15,0
2025-03-03 17:00:00,2877.45,2890.54,2873.83,2887.86,19101,15,0
2025-03-03 18:00:00,2887.88,2893.11,2886.04,2891.51,10928,15,0
2025-03-03 19:00:00,2891.52,2892.87,2887.38,2890.96,9782,15,0
2025-03-03 20:00:00,2890.96,2892.36,2886.54,2890.01,10910,15,0
2025-03-03 21:00:00,2890.03,2891.29,2879.76,2881.53,8999,15,0
2025-03-03 22:00:00,2881.59,2891.5,2878.36,2890.61,11736,15,0
2025-03-03 23:00:00,2890.61,2895.29,2890.12,2893.47,3956,15,0
2025-03-04 01:00:00,2891.71,2893.27,2890.47,2890.76,2031,15,0
2025-03-04 02:00:00,2890.76,2893.73,2890.14,2891.75,4069,15,0
2025-03-04 03:00:00,2891.75,2892.95,2881.97,2888.29,10088,15,0
2025-03-04 04:00:00,2888.24,2889.52,2884.77,2885.45,6609,15,0
2025-03-04 05:00:00,2885.45,2893.03,2884.92,2888.51,5320,15,0
2025-03-04 06:00:00,2888.41,2892.67,2886.63,2891.12,4468,15,0
2025-03-04 07:00:00,2890.97,2894.31,2888.4,2889.6,6346,15,0
2025-03-04 08:00:00,2889.62,2889.93,2884.29,2887.42,6094,15,0
2025-03-04 09:00:00,2887.5,2901.31,2887.02,2899.98,8365,15,0
2025-03-04 10:00:00,2899.73,2918.61,2896.71,2914.11,13259,15,0
2025-03-04 11:00:00,2914.12,2921.34,2912.51,2917.92,8370,15,0
2025-03-04 12:00:00,2917.91,2918.14,2911.99,2914.71,7855,15,0
2025-03-04 13:00:00,2914.69,2922.53,2913.09,2920.76,7515,15,0
2025-03-04 14:00:00,2920.77,2924.83,2918.6,2924.12,9311,15,0
2025-03-04 15:00:00,2924.39,2927.88,2920.52,2922.1,16768,15,0
2025-03-04 16:00:00,2922.11,2922.54,2903.32,2903.55,19813,15,0
2025-03-04 17:00:00,2903.55,2912.28,2900.28,2906.22,21942,15,0
2025-03-04 18:00:00,2906.2,2916.16,2903.79,2915.05,15179,15,0
2025-03-04 19:00:00,2915.13,2916.36,2911.07,2911.6,11740,15,0
2025-03-04 20:00:00,2911.61,2915.25,2908.25,2911.28,9859,15,0
2025-03-04 21:00:00,2911.28,2916.5,2911.19,2916.19,8512,15,0
2025-03-04 22:00:00,2916.16,2920.68,2914.25,2917.28,9805,15,0
2025-03-04 23:00:00,2917.43,2918.57,2913.29,2917.51,4859,15,0
2025-03-05 01:00:00,2917.83,2918.14,2914.33,2914.48,2056,15,0
2025-03-05 02:00:00,2914.5,2917.1,2912.15,2914.07,4824,15,0
2025-03-05 03:00:00,2914.08,2915.18,2903.31,2907.11,11840,15,0
2025-03-05 04:00:00,2907.13,2914.48,2901.94,2904.37,9727,15,0
2025-03-05 05:00:00,2904.37,2913.44,2903.28,2908.83,7572,15,0
2025-03-05 06:00:00,2908.78,2912.7,2908.65,2910.51,3739,15,0
2025-03-05 07:00:00,2910.5,2919.39,2909.93,2919.32,5360,15,0
2025-03-05 08:00:00,2919.26,2922.29,2912.85,2916.34,7463,15,0
2025-03-05 09:00:00,2916.42,2919.17,2913.02,2918.11,10099,15,0
2025-03-05 10:00:00,2918.04,2921.94,2916.73,2919.99,11368,15,0
2025-03-05 11:00:00,2920.01,2922.54,2913.32,2918.96,10605,15,0
2025-03-05 12:00:00,2918.98,2919.18,2908.93,2913.33,8799,15,0
2025-03-05 13:00:00,2913.33,2917.26,2911.96,2913.31,7270,15,0
2025-03-05 14:00:00,2913.39,2919.26,2912.53,2916.2,8475,15,0
2025-03-05 15:00:00,2916.34,2916.41,2894.3,2899.99,17956,15,0
2025-03-05 16:00:00,2899.95,2917.23,2897.67,2911.35,21612,15,0
2025-03-05 17:00:00,2911.35,2923.8,2905.58,2917.16,24098,15,0
2025-03-05 18:00:00,2917.14,2929.84,2915.17,2923.8,15638,15,0
2025-03-05 19:00:00,2923.79,2925.22,2913.61,2916.08,13589,15,0
2025-03-05 20:00:00,2916.15,2920.64,2911.19,2917.41,11862,15,0
2025-03-05 21:00:00,2917.44,2921.23,2916.15,2920.54,7931,15,0
2025-03-05 22:00:00,2920.55,2922.99,2919.45,2922.08,8004,15,0
2025-03-05 23:00:00,2922.08,2922.31,2917.65,2919.13,2411,15,0
2025-03-06 01:00:00,2918.58,2918.77,2916.73,2918.26,1577,15,0
2025-03-06 02:00:00,2918.29,2920.23,2916.52,2916.68,3700,15,0
2025-03-06 03:00:00,2916.63,2925.69,2915.69,2924.59,8727,15,0
2025-03-06 04:00:00,2924.6,2926.56,2922.83,2925.51,7212,15,0
2025-03-06 05:00:00,2925.5,2925.58,2919.97,2921.16,5271,15,0
2025-03-06 06:00:00,2921.15,2921.47,2916.26,2917.34,4054,15,0
2025-03-06 07:00:00,2917.36,2920.57,2914.54,2919.71,6478,15,0
2025-03-06 08:00:00,2919.84,2923.01,2919.78,2920.62,6664,15,0
2025-03-06 09:00:00,2920.56,2922.54,2909.75,2910.11,13153,15,0
2025-03-06 10:00:00,2910.09,2911.39,2901.03,2904.84,13499,15,0
2025-03-06 11:00:00,2904.78,2905.34,2891.22,2894.22,11757,15,0
2025-03-06 12:00:00,2894.22,2905.17,2891.97,2899.24,12110,15,0
2025-03-06 13:00:00,2899.15,2907.63,2898.54,2905.78,8382,15,0
2025-03-06 14:00:00,2905.84,2907.24,2899.35,2903.24,10487,15,0
2025-03-06 15:00:00,2903.18,2909.37,2900.74,2904.51,15820,15,0
2025-03-06 16:00:00,2904.51,2916.63,2903.37,2915.15,18218,15,0
2025-03-06 17:00:00,2915.32,2922.65,2909.18,2914.51,21334,15,0
2025-03-06 18:00:00,2914.52,2918.47,2912.58,2917.21,11699,15,0
2025-03-06 19:00:00,2917.22,2921.36,2914.39,2915.47,11322,15,0
2025-03-06 20:00:00,2915.54,2920.6,2913.85,2916.26,9197,15,0
2025-03-06 21:00:00,2916.31,2917.65,2912.32,2914.03,7558,15,0
2025-03-06 22:00:00,2913.96,2916.6,2908.48,2908.7,8357,15,0
2025-03-06 23:00:00,2908.78,2911.77,2908.31,2910.86,2535,15,0
2025-03-07 01:00:00,2911.89,2913.58,2909.77,2910.29,3319,15,0
2025-03-07 02:00:00,2910.46,2910.46,2896.5,2904.74,6553,15,0
2025-03-07 03:00:00,2904.75,2910.09,2901.44,2906.87,12108,15,0
2025-03-07 04:00:00,2906.85,2909.2,2901.3,2908.04,11220,15,0
2025-03-07 05:00:00,2907.95,2908.93,2903.99,2905.3,7744,15,0
2025-03-07 06:00:00,2905.28,2908.34,2904.91,2906.54,5598,15,0
2025-03-07 07:00:00,2906.54,2912.47,2906.37,2909.61,8525,15,0
2025-03-07 08:00:00,2909.52,2914.77,2907.74,2913.43,7758,15,0
2025-03-07 09:00:00,2913.43,2917.29,2911.68,2917.11,7351,15,0
2025-03-07 10:00:00,2917.11,2922.98,2915.25,2922.47,7733,15,0
2025-03-07 11:00:00,2922.47,2923.04,2920.2,2921.52,5700,15,0
2025-03-07 12:00:00,2921.43,2922.03,2917.13,2917.95,6214,15,0
2025-03-07 13:00:00,2917.95,2922.1,2916.72,2918.76,5841,15,0
2025-03-07 14:00:00,2918.79,2922.82,2917.98,2918.83,7688,15,0
2025-03-07 15:00:00,2918.68,2926.36,2910.03,2913.69,19824,15,0
2025-03-07 16:00:00,2913.69,2928.77,2903.66,2926.78,21481,15,0
2025-03-07 17:00:00,2926.79,2930.32,2908.54,2915.79,20816,15,0
2025-03-07 18:00:00,2915.67,2919.44,2911.57,2914.05,15322,15,0
2025-03-07 19:00:00,2914.09,2916.2,2905.04,2908.22,15194,15,0
2025-03-07 20:00:00,2908.22,2908.84,2901.97,2906.58,12266,15,0
2025-03-07 21:00:00,2906.67,2909.51,2904.6,2905.27,8658,15,0
2025-03-07 22:00:00,2905.26,2911.2,2904.8,2909.67,8291,15,0
2025-03-07 23:00:00,2909.68,2912.52,2908.43,2911.15,2408,15,0
2025-03-10 01:00:00,2911.49,2916.87,2911.44,2916.12,3758,15,0
2025-03-10 02:00:00,2916.12,2917.92,2913.07,2913.77,6628,15,0
2025-03-10 03:00:00,2913.79,2918.24,2911.25,2912.04,9947,15,0
2025-03-10 04:00:00,2912.06,2914.52,2909.56,2911.55,7579,15,0
2025-03-10 05:00:00,2911.53,2913.56,2908.08,2910.96,6807,15,0
2025-03-10 06:00:00,2910.96,2912.65,2910.22,2910.95,3707,15,0
2025-03-10 07:00:00,2910.9,2911.85,2906.93,2909.88,6260,15,0
2025-03-10 08:00:00,2909.88,2914.64,2909.3,2914.32,7129,15,0
2025-03-10 09:00:00,2914.32,2915.49,2904.26,2908.3,8897,15,0
2025-03-10 10:00:00,2908.3,2910.64,2897.59,2897.82,10098,15,0
2025-03-10 11:00:00,2897.76,2915.45,2896.65,2911.18,11629,15,0
2025-03-10 12:00:00,2911.15,2911.31,2897.64,2902.26,9118,15,0
2025-03-10 13:00:00,2902.27,2905.39,2896.2,2904.7,10639,15,0
2025-03-10 14:00:00,2904.75,2907.56,2900.99,2906.04,14794,15,0
2025-03-10 15:00:00,2906.04,2907.81,2898.34,2903.56,16043,15,0
2025-03-10 16:00:00,2903.51,2908.89,2900.32,2907.86,19414,15,0
2025-03-10 17:00:00,2907.89,2910.3,2899.9,2904.48,13790,15,0
2025-03-10 18:00:00,2904.54,2906.85,2895.84,2895.92,10603,15,0
2025-03-10 19:00:00,2895.88,2896.25,2882.7,2886.18,16092,15,0
2025-03-10 20:00:00,2886.24,2889.6,2880.24,2885.52,11410,15,0
2025-03-10 21:00:00,2885.49,2891.0,2880.24,2885.54,11696,15,0
2025-03-10 22:00:00,2885.54,2889.12,2884.26,2889.02,3270,15,0
2025-03-11 00:00:00,2888.2,2890.08,2883.94,2884.67,2630,15,0
2025-03-11 01:00:00,2884.68,2885.77,2882.44,2884.74,3166,15,0
2025-03-11 02:00:00,2884.73,2888.61,2884.14,2887.23,7505,15,0
2025-03-11 03:00:00,2887.28,2891.59,2880.07,2891.28,10936,15,0
2025-03-11 04:00:00,2891.11,2899.98,2890.58,2898.53,9253,15,0
2025-03-11 05:00:00,2898.53,2898.78,2894.5,2896.21,5948,15,0
2025-03-11 06:00:00,2896.18,2898.0,2894.77,2897.02,3594,15,0
2025-03-11 07:00:00,2897.0,2898.37,2892.03,2895.19,6571,15,0
2025-03-11 08:00:00,2895.27,2902.75,2892.89,2902.31,8531,15,0
2025-03-11 09:00:00,2902.29,2903.62,2897.54,2901.84,8781,15,0
2025-03-11 10:00:00,2901.9,2911.19,2901.18,2910.66,8667,15,0
2025-03-11 11:00:00,2910.66,2912.52,2908.89,2911.74,8941,15,0
2025-03-11 12:00:00,2911.76,2914.5,2910.91,2912.0,6291,15,0
2025-03-11 13:00:00,2912.0,2915.44,2910.77,2913.7,6397,15,0
2025-03-11 14:00:00,2913.7,2916.02,2910.47,2913.13,8919,15,0
2025-03-11 15:00:00,2913.14,2922.25,2906.77,2917.96,17521,15,0
2025-03-11 16:00:00,2917.96,2920.85,2911.81,2914.14,16587,15,0
2025-03-11 17:00:00,2914.09,2919.89,2914.03,2916.73,13090,15,0
2025-03-11 18:00:00,2916.71,2918.07,2915.17,2917.23,9387,15,0
2025-03-11 19:00:00,2917.23,2920.6,2914.12,2917.7,8878,15,0
2025-03-11 20:00:00,2917.69,2919.48,2915.14,2918.26,7790,15,0
2025-03-11 21:00:00,2918.26,2921.34,2917.41,2918.43,8177,15,0
2025-03-11 22:00:00,2918.43,2919.0,2915.14,2916.02,3019,15,0
2025-03-12 00:00:00,2915.9,2918.03,2914.44,2917.53,2626,15,0
2025-03-12 01:00:00,2917.53,2919.57,2915.42,2915.53,2003,15,0
2025-03-12 02:00:00,2915.53,2915.61,2912.04,2913.53,3786,15,0
2025-03-12 03:00:00,2913.47,2916.67,2910.08,2914.16,7733,15,0
2025-03-12 04:00:00,2914.02,2917.55,2913.23,2916.69,5987,15,0
2025-03-12 05:00:00,2916.69,2920.66,2915.42,2915.55,4803,15,0
2025-03-12 06:00:00,2915.53,2916.69,2913.27,2915.56,3902,15,0
2025-03-12 07:00:00,2915.56,2916.44,2912.07,2916.08,5953,15,0
2025-03-12 08:00:00,2916.09,2921.15,2911.32,2911.79,8966,15,0
2025-03-12 09:00:00,2911.79,2915.0,2908.29,2913.87,9446,15,0
2025-03-12 10:00:00,2913.78,2922.87,2913.39,2922.83,10283,15,0
2025-03-12 11:00:00,2922.85,2925.94,2913.62,2914.69,8882,15,0
2025-03-12 12:00:00,2914.71,2916.97,2913.46,2914.37,6514,15,0
2025-03-12 13:00:00,2914.22,2917.38,2912.07,2915.98,5697,15,0
2025-03-12 14:00:00,2915.93,2922.58,2912.21,2917.63,16365,15,0
2025-03-12 15:00:00,2917.58,2918.76,2905.42,2916.31,21376,15,0
2025-03-12 16:00:00,2916.3,2922.47,2914.97,2921.93,14438,15,0
2025-03-12 17:00:00,2921.95,2929.42,2921.44,2928.42,12605,15,0
2025-03-12 18:00:00,2928.67,2939.09,2927.96,2936.27,14809,15,0
2025-03-12 19:00:00,2936.17,2940.49,2935.87,2936.13,10011,15,0
2025-03-12 20:00:00,2936.12,2937.35,2933.79,2935.19,7163,15,0
2025-03-12 21:00:00,2935.18,2935.69,2931.04,2931.28,8540,15,0
2025-03-12 22:00:00,2931.19,2934.11,2930.78,2933.11,2598,15,0
2025-03-13 00:00:00,2933.94,2939.03,2933.53,2938.17,2570,15,0
2025-03-13 01:00:00,2938.17,2939.32,2934.65,2937.98,3262,15,0
2025-03-13 02:00:00,2937.98,2939.32,2937.58,2938.13,3064,15,0
2025-03-13 03:00:00,2938.15,2940.73,2935.81,2937.21,7743,15,0
2025-03-13 04:00:00,2937.31,2945.32,2936.92,2943.63,7631,15,0
2025-03-13 05:00:00,2943.62,2946.42,2942.46,2944.92,6082,15,0
2025-03-13 06:00:00,2944.85,2946.23,2943.37,2944.64,3942,15,0
2025-03-13 07:00:00,2944.65,2945.07,2938.13,2940.03,7086,15,0
2025-03-13 08:00:00,2940.02,2940.31,2935.36,2936.87,8129,15,0
2025-03-13 09:00:00,2936.91,2938.1,2932.66,2935.3,7670,15,0
2025-03-13 10:00:00,2935.32,2944.96,2934.88,2941.51,8432,15,0
2025-03-13 11:00:00,2941.51,2948.89,2941.1,2947.86,6195,15,0
2025-03-13 12:00:00,2947.86,2948.66,2942.2,2944.13,6430,15,0
2025-03-13 13:00:00,2944.19,2948.62,2944.14,2946.35,7867,15,0
2025-03-13 14:00:00,2946.35,2949.15,2940.82,2942.34,13556,15,0
2025-03-13 15:00:00,2942.35,2952.46,2938.95,2950.44,16712,15,0
2025-03-13 16:00:00,2950.46,2971.13,2949.9,2969.85,19143,15,0
2025-03-13 17:00:00,2969.98,2978.49,2966.35,2977.86,22227,15,0
2025-03-13 18:00:00,2977.86,2985.28,2976.69,2980.06,16557,15,0
2025-03-13 19:00:00,2980.01,2982.28,2976.34,2979.39,12741,15,0
2025-03-13 20:00:00,2979.37,2984.32,2978.94,2983.09,7952,15,0
2025-03-13 21:00:00,2983.18,2985.4,2980.53,2983.04,8258,15,0
2025-03-13 22:00:00,2983.07,2989.09,2981.24,2988.66,3465,15,0
2025-03-14 00:00:00,2988.43,2989.91,2983.29,2987.24,2830,15,0
2025-03-14 01:00:00,2987.2,2989.33,2985.3,2986.29,2850,15,0
2025-03-14 02:00:00,2986.61,2988.67,2984.61,2986.62,5110,15,0
2025-03-14 03:00:00,2986.69,2990.09,2981.64,2987.82,12161,15,0
2025-03-14 04:00:00,2987.79,2988.5,2983.78,2984.18,7394,15,0
2025-03-14 05:00:00,2984.21,2992.9,2983.77,2992.6,6028,15,0
2025-03-14 06:00:00,2992.61,2993.87,2984.45,2985.38,5501,15,0
2025-03-14 07:00:00,2985.38,2986.69,2981.82,2986.49,7203,15,0
2025-03-14 08:00:00,2986.42,2987.59,2981.16,2985.72,8540,15,0
2025-03-14 09:00:00,2985.71,2987.03,2980.79,2986.86,8919,15,0
2025-03-14 10:00:00,2986.89,2993.34,2985.26,2992.93,8330,15,0
2025-03-14 11:00:00,2992.94,2999.49,2992.74,2998.75,8024,15,0
2025-03-14 12:00:00,2998.77,3004.82,2986.58,2993.25,11425,15,0
2025-03-14 13:00:00,2993.32,2999.16,2993.2,2993.44,10495,15,0
2025-03-14 14:00:00,2993.41,2999.59,2993.21,2993.84,10461,15,0
2025-03-14 15:00:00,2993.85,2996.11,2983.18,2985.68,17975,15,0
2025-03-14 16:00:00,2985.65,2993.43,2981.95,2985.43,18648,15,0
2025-03-14 17:00:00,2985.35,2986.53,2978.41,2984.56,14908,15,0
2025-03-14 18:00:00,2984.55,2990.02,2982.95,2989.67,10108,15,0
2025-03-14 19:00:00,2989.66,2990.37,2986.44,2986.73,8078,15,0
2025-03-14 20:00:00,2986.72,2987.03,2983.27,2983.49,6384,15,0
2025-03-14 21:00:00,2983.48,2986.07,2982.18,2983.97,7053,15,0
2025-03-14 22:00:00,2983.96,2988.82,2981.75,2985.97,2784,15,0
2025-03-17 00:00:00,2984.8,2990.5,2984.0,2988.97,3841,15,0
2025-03-17 01:00:00,2988.99,2994.01,2988.28,2990.02,3197,15,0
2025-03-17 02:00:00,2990.07,2991.06,2986.33,2990.88,4404,15,0
2025-03-17 03:00:00,2990.85,2993.02,2988.65,2990.81,9155,15,0
2025-03-17 04:00:00,2990.91,2992.06,2986.92,2988.08,4963,15,0
2025-03-17 05:00:00,2988.06,2988.73,2985.38,2987.02,4520,15,0
2025-03-17 06:00:00,2987.0,2987.9,2982.48,2982.88,3479,15,0
2025-03-17 07:00:00,2982.84,2986.11,2982.21,2986.01,4034,15,0
2025-03-17 08:00:00,2986.02,2990.8,2985.35,2989.36,6293,15,0
2025-03-17 09:00:00,2989.22,2990.06,2984.14,2985.58,5821,15,0
2025-03-17 10:00:00,2985.52,2988.46,2983.17,2988.38,4700,15,0
2025-03-17 11:00:00,2988.4,2996.94,2987.61,2995.62,5743,15,0
2025-03-17 12:00:00,2995.62,2999.64,2994.68,2998.99,4854,15,0
2025-03-17 13:00:00,2998.97,3001.18,2996.51,2997.54,5434,15,0
2025-03-17 14:00:00,2997.58,2997.84,2984.76,2987.07,13818,15,0
2025-03-17 15:00:00,2987.13,2991.34,2985.99,2988.46,13810,15,0
2025-03-17 16:00:00,2988.39,3000.54,2987.05,2998.52,13272,15,0
2025-03-17 17:00:00,2998.62,2999.32,2992.83,2997.13,9746,15,0
2025-03-17 18:00:00,2997.06,2997.74,2993.01,2994.5,7968,15,0
2025-03-17 19:00:00,2994.56,2999.47,2994.55,2997.94,6854,15,0
2025-03-17 20:00:00,2997.92,3000.27,2996.76,2999.38,5885,15,0
2025-03-17 21:00:00,2999.38,3000.82,2997.74,3000.23,4950,15,0
2025-03-17 22:00:00,3000.24,3001.93,3000.05,3001.21,2768,15,0
2025-03-18 00:00:00,3001.51,3001.83,2999.88,3000.2,1259,15,0
2025-03-18 01:00:00,3000.22,3002.67,2999.48,2999.94,1644,15,0
2025-03-18 02:00:00,2999.94,3003.5,2999.42,3001.34,4034,15,0
2025-03-18 03:00:00,3001.32,3007.81,2999.11,3005.01,9386,15,0
2025-03-18 04:00:00,3005.01,3011.67,3002.07,3010.24,6797,15,0
2025-03-18 05:00:00,3010.21,3014.46,3009.01,3012.15,5760,15,0
2025-03-18 06:00:00,3012.16,3016.92,3011.86,3013.82,3860,15,0
2025-03-18 07:00:00,3013.79,3014.2,3005.34,3011.14,6205,15,0
2025-03-18 08:00:00,3011.2,3018.32,3010.42,3016.38,7653,15,0
2025-03-18 09:00:00,3016.38,3019.51,3014.72,3015.89,7744,15,0
2025-03-18 10:00:00,3015.88,3027.91,3015.72,3027.19,8478,15,0
2025-03-18 11:00:00,3027.34,3029.09,3017.59,3019.46,7842,15,0
2025-03-18 12:00:00,3019.28,3026.14,3019.01,3024.69,7979,15,0
2025-03-18 13:00:00,3024.71,3030.15,3023.08,3027.44,6513,15,0
2025-03-18 14:00:00,3027.44,3035.84,3027.38,3034.17,11980,15,0
2025-03-18 15:00:00,3034.27,3038.28,3026.22,3033.21,18549,15,0
2025-03-18 16:00:00,3032.97,3033.13,3024.68,3027.93,17440,15,0
2025-03-18 17:00:00,3027.94,3032.56,3025.14,3031.75,11632,15,0
2025-03-18 18:00:00,3031.71,3036.95,3030.42,3035.93,9082,15,0
2025-03-18 19:00:00,3035.92,3036.23,3029.87,3032.6,8575,15,0
2025-03-18 20:00:00,3032.59,3036.3,3032.38,3035.86,5271,15,0
2025-03-18 21:00:00,3035.85,3037.99,3035.3,3035.54,5651,15,0
2025-03-18 22:00:00,3035.53,3035.99,3033.28,3033.93,2446,15,0
2025-03-19 00:00:00,3033.84,3034.72,3032.56,3034.48,1445,15,0
2025-03-19 01:00:00,3034.55,3034.95,3030.74,3030.92,1964,19,0
2025-03-19 02:00:00,3030.89,3033.34,3029.66,3030.71,2892,15,0
2025-03-19 03:00:00,3030.67,3032.02,3026.69,3028.78,5666,15,0
2025-03-19 04:00:00,3028.72,3033.1,3028.39,3032.65,5659,15,0
2025-03-19 05:00:00,3032.65,3038.32,3031.55,3035.96,5635,15,0
2025-03-19 06:00:00,3035.9,3038.23,3034.67,3036.76,3465,15,0
2025-03-19 07:00:00,3036.88,3044.61,3036.46,3043.82,6676,15,0
2025-03-19 08:00:00,3043.76,3044.69,3035.15,3042.78,9935,15,0
2025-03-19 09:00:00,3042.75,3043.49,3034.93,3035.17,8513,15,0
2025-03-19 10:00:00,3035.35,3036.45,3024.1,3024.43,7899,15,0
2025-03-19 11:00:00,3024.39,3030.71,3022.07,3030.2,6554,15,0
2025-03-19 12:00:00,3030.2,3038.38,3028.49,3035.24,5653,15,0
2025-03-19 13:00:00,3035.22,3040.62,3034.46,3039.7,4611,15,0
2025-03-19 14:00:00,3039.65,3040.94,3036.24,3036.48,6875,15,0
2025-03-19 15:00:00,3036.48,3037.67,3027.7,3033.38,14640,15,0
2025-03-19 16:00:00,3033.38,3033.38,3025.84,3027.63,12901,15,0
2025-03-19 17:00:00,3027.58,3033.15,3026.76,3031.58,8271,15,0
2025-03-19 18:00:00,3031.59,3039.03,3031.39,3033.28,7940,15,0
2025-03-19 19:00:00,3033.3,3033.86,3029.44,3029.83,7899,15,0
2025-03-19 20:00:00,3029.82,3048.77,3028.82,3046.83,14771,15,0
2025-03-19 21:00:00,3046.84,3052.0,3040.92,3047.92,11964,15,0
2025-03-19 22:00:00,3047.93,3048.24,3044.17,3047.33,3271,15,0
2025-03-20 00:00:00,3048.73,3050.43,3046.81,3050.09,2301,15,0
2025-03-20 01:00:00,3050.08,3051.19,3048.67,3049.96,1682,19,0
2025-03-20 02:00:00,3050.09,3055.47,3050.09,3053.13,5980,15,0
2025-03-20 03:00:00,3053.12,3056.18,3049.25,3049.59,14004,15,0
2025-03-20 04:00:00,3049.59,3052.23,3044.4,3045.11,9869,15,0
2025-03-20 05:00:00,3045.09,3049.83,3044.79,3049.22,7917,15,0
2025-03-20 06:00:00,3049.22,3057.75,3047.36,3052.88,7012,15,0
2025-03-20 07:00:00,3052.95,3054.12,3044.27,3046.21,9279,15,0
2025-03-20 08:00:00,3046.19,3051.41,3045.08,3049.71,8909,15,0
2025-03-20 09:00:00,3049.72,3049.72,3041.24,3041.64,9347,15,0
2025-03-20 10:00:00,3041.69,3043.23,3038.06,3041.9,8838,15,0
2025-03-20 11:00:00,3041.91,3046.92,3041.19,3041.39,8861,15,0
2025-03-20 12:00:00,3041.39,3041.39,3025.0,3034.33,13827,15,0
2025-03-20 13:00:00,3034.33,3034.86,3029.87,3033.9,11196,15,0
2025-03-20 14:00:00,3033.79,3042.95,3032.72,3041.26,13519,15,0
2025-03-20 15:00:00,3041.25,3041.39,3029.29,3033.45,17907,15,0
2025-03-20 16:00:00,3033.45,3041.53,3030.81,3040.91,18005,15,0
2025-03-20 17:00:00,3040.92,3042.48,3037.02,3041.1,11931,15,0
2025-03-20 18:00:00,3041.13,3043.84,3033.29,3037.57,11774,15,0
2025-03-20 19:00:00,3037.59,3041.89,3034.05,3041.66,7460,15,0
2025-03-20 20:00:00,3041.66,3045.34,3040.8,3043.32,6567,15,0
2025-03-20 21:00:00,3043.32,3046.12,3043.17,3044.64,6338,15,0
2025-03-20 22:00:00,3044.67,3045.85,3044.16,3044.52,2386,15,0
2025-03-21 00:00:00,3044.9,3046.1,3043.41,3045.73,1063,15,0
2025-03-21 01:00:00,3045.73,3046.56,3044.46,3046.34,1795,15,0
2025-03-21 02:00:00,3046.33,3047.44,3042.28,3042.81,4018,15,0
2025-03-21 03:00:00,3042.81,3044.52,3035.75,3035.75,9357,15,0
2025-03-21 04:00:00,3035.75,3036.95,3033.89,3034.68,8799,15,0
2025-03-21 05:00:00,3034.72,3034.72,3029.93,3030.5,6657,15,0
2025-03-21 06:00:00,3030.47,3031.98,3027.9,3029.68,4779,15,0
2025-03-21 07:00:00,3029.67,3030.26,3021.59,3028.07,7646,15,0
2025-03-21 08:00:00,3028.07,3033.94,3027.37,3029.7,9880,15,0
2025-03-21 09:00:00,3029.71,3033.39,3028.11,3032.07,6755,15,0
2025-03-21 10:00:00,3032.09,3034.86,3027.02,3033.01,8638,15,0
2025-03-21 11:00:00,3033.01,3033.11,3027.75,3030.28,6578,15,0
2025-03-21 12:00:00,3030.28,3033.95,3030.25,3030.86,5979,15,0
2025-03-21 13:00:00,3030.81,3037.54,3028.83,3035.1,6198,15,0
2025-03-21 14:00:00,3035.09,3038.69,3032.87,3033.7,10625,15,0
2025-03-21 15:00:00,3033.7,3036.78,3004.19,3006.54,22138,15,0
2025-03-21 16:00:00,3006.47,3016.68,2999.93,3015.68,24008,15,0
2025-03-21 17:00:00,3015.69,3017.25,3009.89,3010.5,14518,15,0
2025-03-21 18:00:00,3010.4,3017.55,3010.09,3014.58,11948,15,0
2025-03-21 19:00:00,3014.51,3018.04,3012.8,3013.18,9747,15,0
2025-03-21 20:00:00,3013.22,3022.26,3012.74,3016.76,7120,15,0
2025-03-21 21:00:00,3016.81,3021.89,3015.34,3019.98,7671,15,0
2025-03-21 22:00:00,3020.0,3024.04,3019.94,3022.99,2441,15,0
2025-03-24 00:00:00,3023.55,3026.04,3021.89,3025.45,2745,15,0
2025-03-24 01:00:00,3025.45,3026.3,3023.28,3024.63,2170,15,0
2025-03-24 02:00:00,3024.63,3025.5,3016.35,3017.79,6899,15,0
2025-03-24 03:00:00,3017.73,3024.92,3017.55,3020.15,12427,15,0
2025-03-24 04:00:00,3020.35,3024.17,3014.41,3016.84,9230,15,0
2025-03-24 05:00:00,3016.89,3020.41,3015.79,3016.22,6309,15,0
2025-03-24 06:00:00,3016.21,3019.4,3015.78,3018.97,4035,15,0
2025-03-24 07:00:00,3019.01,3023.88,3018.71,3022.62,6050,15,0
2025-03-24 08:00:00,3022.53,3024.95,3017.71,3024.26,6215,15,0
2025-03-24 09:00:00,3024.25,3028.11,3021.6,3023.0,8886,15,0
2025-03-24 10:00:00,3023.0,3028.3,3022.6,3028.19,10326,15,0
2025-03-24 11:00:00,3028.19,3030.38,3022.55,3023.49,9119,15,0
2025-03-24 12:00:00,3023.55,3033.24,3023.48,3028.09,11096,15,0
2025-03-24 13:00:00,3028.09,3029.16,3023.81,3023.95,6751,15,0
2025-03-24 14:00:00,3023.94,3028.62,3022.82,3024.46,9875,15,0
2025-03-24 15:00:00,3024.31,3028.16,3019.08,3022.67,15329,15,0
2025-03-24 16:00:00,3022.52,3024.02,3007.97,3012.04,17184,15,0
2025-03-24 17:00:00,3011.98,3015.29,3005.77,3014.07,15080,15,0
2025-03-24 18:00:00,3014.07,3015.6,3008.07,3009.7,10113,15,0
2025-03-24 19:00:00,3009.73,3009.95,3005.8,3007.1,9746,15,0
2025-03-24 20:00:00,3007.1,3008.05,3002.46,3006.82,9558,15,0
2025-03-24 21:00:00,3006.82,3008.21,3005.03,3006.13,6180,15,0
2025-03-24 22:00:00,3006.08,3014.66,3005.62,3011.7,2472,15,0
2025-03-25 00:00:00,3011.4,3012.25,3008.87,3011.48,1998,21,0
2025-03-25 01:00:00,3011.51,3012.31,3009.3,3010.49,1869,15,0
2025-03-25 02:00:00,3010.59,3015.46,3009.69,3014.7,3420,15,0
2025-03-25 03:00:00,3014.95,3015.2,3011.13,3012.44,8444,15,0
2025-03-25 04:00:00,3012.42,3012.5,3006.86,3008.42,6973,15,0
2025-03-25 05:00:00,3008.5,3016.21,3007.88,3015.75,6781,15,0
2025-03-25 06:00:00,3015.77,3017.03,3015.26,3015.8,4422,15,0
2025-03-25 07:00:00,3015.8,3021.61,3014.97,3018.91,6203,15,0
2025-03-25 08:00:00,3018.91,3019.23,3015.49,3018.34,6529,15,0
2025-03-25 09:00:00,3018.34,3018.69,3010.51,3011.22,5387,15,0
2025-03-25 10:00:00,3011.25,3021.89,3010.62,3021.26,8073,15,0
2025-03-25 11:00:00,3021.25,3023.54,3018.87,3023.38,4954,15,0
2025-03-25 12:00:00,3023.25,3024.89,3020.51,3023.59,6199,15,0
2025-03-25 13:00:00,3023.84,3026.44,3020.4,3020.76,5598,15,0
2025-03-25 14:00:00,3020.83,3023.19,3014.11,3021.79,9363,15,0
2025-03-25 15:00:00,3021.78,3030.64,3020.82,3028.53,13077,15,0
2025-03-25 16:00:00,3028.53,3035.99,3024.98,3025.02,16034,15,0
2025-03-25 17:00:00,3025.02,3028.05,3017.9,3021.58,9947,15,0
2025-03-25 18:00:00,3021.58,3025.57,3021.44,3023.23,6992,15,0
2025-03-25 19:00:00,3023.22,3023.34,3019.78,3022.62,6678,15,0
2025-03-25 20:00:00,3022.62,3022.92,3017.85,3018.51,4521,15,0
2025-03-25 21:00:00,3018.47,3020.74,3017.84,3019.67,4457,15,0
2025-03-25 22:00:00,3019.67,3020.79,3018.81,3020.24,1555,15,0
2025-03-26 00:00:00,3019.45,3022.46,3019.35,3021.25,1201,23,0
2025-03-26 01:00:00,3021.26,3021.74,3020.5,3020.86,1079,22,0
2025-03-26 02:00:00,3020.86,3022.12,3017.83,3018.16,2899,15,0
2025-03-26 03:00:00,3018.16,3025.39,3016.32,3024.68,9860,15,0
2025-03-26 04:00:00,3024.71,3026.93,3022.79,3024.15,7768,15,0
2025-03-26 05:00:00,3024.2,3024.25,3016.37,3017.43,6969,15,0
2025-03-26 06:00:00,3017.43,3017.71,3014.2,3015.09,3563,15,0
2025-03-26 07:00:00,3015.13,3024.13,3013.08,3022.75,7087,15,0
2025-03-26 08:00:00,3022.67,3026.33,3022.07,3026.14,9366,15,0
2025-03-26 09:00:00,3026.15,3030.93,3024.95,3030.48,5594,15,0
2025-03-26 10:00:00,3030.56,3032.07,3023.52,3023.95,6063,15,0
2025-03-26 11:00:00,3023.97,3024.1,3017.49,3018.78,7192,15,0
2025-03-26 12:00:00,3018.62,3024.96,3016.97,3023.29,6466,15,0
2025-03-26 13:00:00,3023.3,3030.38,3023.27,3027.57,6811,15,0
2025-03-26 14:00:00,3027.58,3030.02,3025.4,3027.04,8877,15,0
2025-03-26 15:00:00,3027.04,3027.38,3015.87,3016.69,11681,15,0
2025-03-26 16:00:00,3016.69,3021.62,3014.91,3017.32,13117,15,0
2025-03-26 17:00:00,3017.21,3018.84,3012.25,3015.8,10478,15,0
2025-03-26 18:00:00,3015.86,3020.04,3015.27,3015.69,8373,15,0
2025-03-26 19:00:00,3015.7,3018.99,3015.28,3018.7,7161,15,0
2025-03-26 20:00:00,3018.79,3020.82,3018.16,3018.26,5422,15,0
2025-03-26 21:00:00,3018.26,3019.01,3015.72,3017.3,5132,15,0
2025-03-26 22:00:00,3017.3,3021.73,3017.17,3018.95,2447,15,0
2025-03-27 00:00:00,3020.56,3020.95,3017.93,3019.25,2310,15,0
2025-03-27 01:00:00,3019.28,3021.81,3017.53,3021.54,2811,15,0
2025-03-27 02:00:00,3021.57,3025.72,3021.49,3025.29,4122,15,0
2025-03-27 03:00:00,3025.3,3028.36,3022.82,3023.51,7441,17,0
2025-03-27 04:00:00,3023.52,3032.74,3023.16,3031.61,7436,15,0
2025-03-27 05:00:00,3031.58,3034.21,3029.62,3033.59,4664,15,0
2025-03-27 06:00:00,3033.52,3038.58,3031.65,3033.98,5687,15,0
2025-03-27 07:00:00,3034.12,3035.91,3029.28,3029.66,5929,15,0
2025-03-27 08:00:00,3029.61,3033.3,3026.6,3029.94,7098,15,0
2025-03-27 09:00:00,3029.94,3036.77,3029.19,3035.82,7618,15,0
2025-03-27 10:00:00,3035.82,3037.89,3033.81,3036.09,8938,15,0
2025-03-27 11:00:00,3036.09,3041.03,3034.67,3039.91,5822,15,0
2025-03-27 12:00:00,3039.92,3055.78,3039.8,3051.29,11021,15,0
2025-03-27 13:00:00,3051.38,3055.65,3048.68,3054.59,7842,15,0
2025-03-27 14:00:00,3054.6,3055.89,3047.08,3050.07,10478,15,0
2025-03-27 15:00:00,3050.08,3052.17,3033.48,3040.64,18524,15,0
2025-03-27 16:00:00,3040.69,3059.72,3040.69,3057.61,19293,15,0
2025-03-27 17:00:00,3057.71,3059.26,3051.37,3052.13,17803,15,0
2025-03-27 18:00:00,3052.08,3054.22,3047.84,3048.44,14902,15,0
2025-03-27 19:00:00,3048.52,3053.27,3047.93,3052.92,11427,15,0
2025-03-27 20:00:00,3052.93,3057.52,3052.7,3055.92,8714,15,0
2025-03-27 21:00:00,3055.89,3057.81,3054.93,3057.52,8197,15,0
2025-03-27 22:00:00,3057.5,3057.53,3054.95,3056.56,1692,21,0
2025-03-28 00:00:00,3055.82,3057.7,3054.32,3054.97,1820,18,0
2025-03-28 01:00:00,3054.99,3056.01,3054.04,3055.7,1671,15,0
2025-03-28 02:00:00,3055.84,3063.44,3055.07,3061.85,5339,15,0
2025-03-28 03:00:00,3061.85,3074.0,3061.78,3073.94,9625,15,0
2025-03-28 04:00:00,3073.89,3077.55,3070.06,3071.93,8656,15,0
2025-03-28 05:00:00,3071.92,3076.64,3069.65,3075.12,6598,15,0
2025-03-28 06:00:00,3075.12,3075.26,3072.42,3073.8,3200,15,0
2025-03-28 07:00:00,3073.81,3082.15,3072.47,3077.85,5967,15,0
2025-03-28 08:00:00,3077.85,3084.87,3076.62,3084.66,8272,15,0
2025-03-28 09:00:00,3084.6,3085.98,3077.69,3079.43,6957,15,0
2025-03-28 10:00:00,3079.43,3081.23,3066.09,3072.96,8824,15,0
2025-03-28 11:00:00,3072.94,3076.22,3069.57,3073.0,7704,15,0
2025-03-28 12:00:00,3073.01,3074.72,3067.32,3074.39,7825,15,0
2025-03-28 13:00:00,3074.33,3079.93,3074.11,3076.25,7704,15,0
2025-03-28 14:00:00,3076.31,3081.85,3072.51,3077.4,9478,15,0
2025-03-28 15:00:00,3077.46,3084.13,3070.75,3083.16,18101,15,0
2025-03-28 16:00:00,3082.93,3086.82,3067.96,3069.98,22032,15,0
2025-03-28 17:00:00,3069.88,3085.66,3067.31,3083.83,14371,15,0
2025-03-28 18:00:00,3083.81,3086.71,3080.31,3083.84,9040,15,0
2025-03-28 19:00:00,3083.84,3085.98,3075.98,3077.4,9349,15,0
2025-03-28 20:00:00,3077.47,3080.46,3073.46,3079.58,7365,15,0
2025-03-28 21:00:00,3079.54,3081.83,3079.29,3080.68,7678,15,0
2025-03-28 22:00:00,3080.68,3085.8,3080.68,3085.21,3169,15,0
2025-03-31 01:00:00,3087.96,3097.7,3087.76,3090.07,5586,15,0
2025-03-31 02:00:00,3090.05,3090.96,3087.7,3089.0,3202,15,0
2025-03-31 03:00:00,3089.0,3089.63,3077.53,3078.92,5347,15,0
2025-03-31 04:00:00,3078.99,3095.47,3076.58,3094.71,11628,15,0
2025-03-31 05:00:00,3094.67,3107.11,3093.88,3106.61,12199,15,0
2025-03-31 06:00:00,3106.56,3111.67,3105.02,3106.93,7718,15,0
2025-03-31 07:00:00,3106.93,3115.77,3105.78,3113.23,4463,15,0
2025-03-31 08:00:00,3113.2,3120.15,3107.46,3116.42,7323,15,0
2025-03-31 09:00:00,3116.46,3128.07,3113.27,3119.25,12778,15,0
2025-03-31 10:00:00,3119.26,3125.34,3118.64,3124.43,10384,15,0
2025-03-31 11:00:00,3124.44,3127.16,3121.07,3122.25,8126,15,0
2025-03-31 12:00:00,3122.3,3123.36,3111.86,3114.89,7977,15,0
2025-03-31 13:00:00,3114.89,3123.67,3111.88,3118.42,9052,15,0
2025-03-31 14:00:00,3118.42,3119.76,3113.34,3119.49,7406,15,0
2025-03-31 15:00:00,3119.52,3126.62,3118.05,3124.42,11206,15,0
2025-03-31 16:00:00,3124.45,3124.77,3099.87,3113.51,23581,15,0
2025-03-31 17:00:00,3113.5,3123.58,3110.91,3123.21,19548,15,0
2025-03-31 18:00:00,3123.24,3127.08,3112.92,3113.65,15314,15,0
2025-03-31 19:00:00,3113.62,3120.7,3111.55,3117.53,11201,15,0
2025-03-31 20:00:00,3117.53,3120.27,3115.9,3117.79,7468,15,0
2025-03-31 21:00:00,3117.8,3123.32,3117.31,3121.38,6879,15,0
2025-03-31 22:00:00,3121.38,3124.63,3120.95,3124.39,7009,15,0
2025-03-31 23:00:00,3124.32,3124.75,3122.86,3124.02,2588,15,0
2025-04-01 01:00:00,3124.79,3125.59,3121.62,3122.66,1507,22,0
2025-04-01 02:00:00,3122.68,3126.44,3120.0,3120.39,3024,15,0
2025-04-01 03:00:00,3120.55,3128.08,3120.41,3127.16,4426,15,0
2025-04-01 04:00:00,3127.15,3138.2,3126.41,3135.34,13045,15,0
2025-04-01 05:00:00,3135.32,3145.64,3132.87,3145.13,10586,15,0
2025-04-01 06:00:00,3145.13,3147.43,3142.5,3145.93,6762,15,0
2025-04-01 07:00:00,3145.93,3147.85,3142.64,3144.67,5067,15,0
2025-04-01 08:00:00,3144.68,3149.0,3130.41,3131.89,10264,15,0
2025-04-01 09:00:00,3131.89,3138.23,3126.31,3133.82,15239,15,0
2025-04-01 10:00:00,3133.81,3137.81,3124.0,3127.61,10627,15,0
2025-04-01 11:00:00,3127.51,3135.69,3126.45,3130.89,8033,15,0
2025-04-01 12:00:00,3130.9,3134.11,3130.11,3132.28,6363,15,0
2025-04-01 13:00:00,3132.29,3138.94,3130.78,3132.24,7824,15,0
2025-04-01 14:00:00,3132.24,3135.8,3128.54,3130.42,7609,15,0
2025-04-01 15:00:00,3130.44,3134.54,3127.76,3133.43,9709,15,0
2025-04-01 16:00:00,3133.47,3137.13,3128.14,3133.97,15627,15,0
2025-04-01 17:00:00,3133.93,3135.56,3123.64,3128.79,19544,15,0
2025-04-01 18:00:00,3128.78,3133.07,3113.45,3113.69,17378,15,0
2025-04-01 19:00:00,3113.56,3116.74,3100.65,3106.59,17434,15,0
2025-04-01 20:00:00,3106.59,3114.55,3105.69,3113.75,8768,15,0
2025-04-01 21:00:00,3113.71,3118.74,3113.3,3114.15,6876,15,0
2025-04-01 22:00:00,3114.19,3118.82,3113.71,3118.49,4790,15,0
2025-04-01 23:00:00,3118.45,3120.66,3112.93,3114.19,2166,15,0
2025-04-02 01:00:00,3114.03,3114.68,3107.63,3111.24,2838,15,0
2025-04-02 02:00:00,3111.3,3116.14,3111.2,3115.1,3046,15,0
2025-04-02 03:00:00,3115.09,3123.73,3113.0,3122.86,5992,15,0
2025-04-02 04:00:00,3122.85,3135.18,3121.23,3133.23,10616,15,0
2025-04-02 05:00:00,3133.2,3135.61,3128.33,3128.36,6090,15,0
2025-04-02 06:00:00,3128.19,3132.0,3124.45,3125.53,4646,15,0
2025-04-02 07:00:00,3125.53,3126.78,3115.35,3115.78,4338,15,0
2025-04-02 08:00:00,3115.94,3119.18,3108.74,3118.08,8844,15,0
2025-04-02 09:00:00,3118.08,3119.6,3113.93,3116.4,8012,15,0
2025-04-02 10:00:00,3116.81,3126.11,3112.07,3125.27,6711,15,0
2025-04-02 11:00:00,3125.29,3133.81,3123.43,3131.3,7634,15,0
2025-04-02 12:00:00,3131.34,3131.51,3126.79,3131.07,6409,15,0
2025-04-02 13:00:00,3131.06,3131.33,3110.11,3114.23,8489,15,0
2025-04-02 14:00:00,3114.23,3123.91,3114.1,3121.36,8336,15,0
2025-04-02 15:00:00,3121.37,3127.39,3117.05,3122.4,8911,15,0
2025-04-02 16:00:00,3122.4,3131.98,3116.65,3122.17,17129,15,0
2025-04-02 17:00:00,3122.5,3129.41,3119.38,3124.88,12395,15,0
2025-04-02 18:00:00,3124.84,3128.17,3120.84,3125.95,10302,15,0
2025-04-02 19:00:00,3125.94,3134.31,3125.93,3131.35,10941,15,0
2025-04-02 20:00:00,3131.35,3131.35,3120.75,3123.59,12782,15,0
2025-04-02 21:00:00,3123.56,3126.17,3118.69,3121.88,8171,15,0
2025-04-02 22:00:00,3121.82,3127.23,3121.58,3124.27,5193,15,0
2025-04-02 23:00:00,3124.31,3146.06,3105.01,3132.44,15060,15,0
2025-04-03 01:00:00,3131.59,3147.83,3117.81,3145.81,14223,15,0
2025-04-03 02:00:00,3145.88,3167.65,3145.88,3162.58,13259,15,0
2025-04-03 03:00:00,3162.4,3164.78,3140.43,3150.46,18309,15,0
2025-04-03 04:00:00,3150.71,3162.28,3147.17,3153.09,19681,15,0
2025-04-03 05:00:00,3153.02,3155.35,3142.75,3145.67,11430,15,0
2025-04-03 06:00:00,3145.67,3152.06,3144.63,3147.93,10418,15,0
2025-04-03 07:00:00,3147.93,3149.68,3138.87,3140.34,6599,15,0
2025-04-03 08:00:00,3140.38,3140.88,3124.04,3131.87,13019,15,0
2025-04-03 09:00:00,3131.79,3134.04,3116.44,3127.53,17164,15,0
2025-04-03 10:00:00,3127.62,3130.19,3119.84,3129.11,11595,15,0
2025-04-03 11:00:00,3129.18,3132.07,3125.99,3129.18,10603,15,0
2025-04-03 12:00:00,3129.0,3129.62,3121.54,3121.64,13795,15,0
2025-04-03 13:00:00,3121.64,3123.01,3089.39,3095.39,21765,15,0
2025-04-03 14:00:00,3095.39,3100.51,3085.78,3093.46,18616,15,0
2025-04-03 15:00:00,3093.42,3095.23,3062.5,3076.79,23863,18,0
2025-04-03 16:00:00,3076.79,3093.43,3054.63,3085.5,30283,18,0
2025-04-03 17:00:00,3089.21,3135.46,3086.34,3128.85,30657,18,0
2025-04-03 18:00:00,3128.85,3129.38,3103.97,3110.54,21926,18,0
2025-04-03 19:00:00,3110.69,3114.17,3101.77,3107.54,16818,18,0
2025-04-03 20:00:00,3107.44,3109.87,3100.04,3109.53,13698,18,0
2025-04-03 21:00:00,3109.54,3111.69,3102.12,3111.55,9896,18,0
2025-04-03 22:00:00,3111.56,3113.28,3101.53,3107.58,11901,18,0
2025-04-03 23:00:00,3107.62,3119.7,3107.38,3113.06,5423,18,0
2025-04-04 01:00:00,3113.8,3116.64,3112.28,3115.38,3229,18,0
2025-04-04 02:00:00,3115.38,3116.37,3109.73,3112.94,4537,18,0
2025-04-04 03:00:00,3112.96,3115.14,3105.91,3110.49,8128,18,0
2025-04-04 04:00:00,3110.47,3115.69,3109.11,3109.72,8741,18,0
2025-04-04 05:00:00,3109.74,3112.88,3091.34,3096.79,11746,18,0
2025-04-04 06:00:00,3096.77,3098.98,3086.92,3098.37,11000,18,0
2025-04-04 07:00:00,3098.34,3104.88,3096.04,3100.01,9341,18,0
2025-04-04 08:00:00,3099.86,3109.39,3098.85,3109.37,8499,18,0
2025-04-04 09:00:00,3109.37,3110.5,3099.93,3100.34,10624,18,0
2025-04-04 10:00:00,3100.33,3102.68,3092.09,3093.49,13648,18,0
2025-04-04 11:00:00,3093.49,3094.77,3078.85,3083.52,16341,18,0
2025-04-04 12:00:00,3083.52,3095.33,3083.2,3091.27,12424,18,0
2025-04-04 13:00:00,3091.27,3115.65,3091.27,3109.6,21031,18,0
2025-04-04 14:00:00,3109.68,3135.99,3095.55,3110.25,25453,18,0
2025-04-04 15:00:00,3110.56,3111.87,3070.55,3072.14,25771,18,0
2025-04-04 16:00:00,3072.12,3088.35,3060.64,3062.8,22860,18,0
2025-04-04 17:00:00,3062.74,3062.74,3027.92,3039.41,25614,18,0
2025-04-04 18:00:00,3039.34,3051.41,3017.95,3022.87,24560,18,0
2025-04-04 19:00:00,3022.88,3037.79,3018.63,3031.96,16445,18,0
2025-04-04 20:00:00,3032.03,3033.9,3016.62,3026.84,17748,18,0
2025-04-04 21:00:00,3026.84,3028.86,3019.0,3026.48,12559,18,0
2025-04-04 22:00:00,3026.48,3041.91,3022.96,3037.39,16086,18,0
2025-04-04 23:00:00,3037.29,3040.92,3033.91,3037.47,6402,18,0
2025-04-07 01:00:00,3028.67,3032.16,2997.2,3009.43,10898,18,0
2025-04-07 02:00:00,3009.43,3016.66,2976.72,2999.49,10896,18,0
2025-04-07 03:00:00,2999.89,3009.3,2970.31,2978.74,15144,18,0
2025-04-07 04:00:00,2978.74,3054.58,2971.9,3037.31,30107,18,0
2025-04-07 05:00:00,3037.73,3054.55,3024.63,3026.16,15225,18,0
2025-04-07 06:00:00,3026.19,3033.2,3016.32,3018.13,10381,18,0
2025-04-07 07:00:00,3018.15,3036.38,3018.15,3036.15,6722,18,0
2025-04-07 08:00:00,3036.22,3043.64,3025.1,3031.63,12023,18,0
2025-04-07 09:00:00,3031.57,3033.6,3016.56,3029.94,22099,18,0
2025-04-07 10:00:00,3030.01,3030.66,3013.25,3018.47,25165,18,0
2025-04-07 11:00:00,3018.5,3035.47,3017.66,3031.19,19820,18,0
2025-04-07 12:00:00,3031.51,3033.38,3019.32,3025.06,16110,18,0
2025-04-07 13:00:00,3025.07,3036.46,3024.06,3031.36,16629,18,0
2025-04-07 14:00:00,3031.36,3046.08,3030.19,3031.28,16012,18,0
2025-04-07 15:00:00,3031.28,3032.88,3014.72,3031.15,23887,18,0
2025-04-07 16:00:00,3031.2,3034.03,3002.19,3015.36,29076,18,0
2025-04-07 17:00:00,3015.34,3037.89,2996.47,2999.27,34039,18,0
2025-04-07 18:00:00,2999.26,3004.78,2979.88,2987.57,24521,18,0
2025-04-07 19:00:00,2987.56,2987.72,2970.02,2970.5,19384,18,0
2025-04-07 20:00:00,2970.66,2975.25,2956.26,2969.99,20368,18,0
2025-04-07 21:00:00,2969.97,2976.59,2963.99,2965.68,12845,18,0
2025-04-07 22:00:00,2965.66,2982.18,2965.32,2976.68,14102,18,0
2025-04-07 23:00:00,2976.72,2985.91,2969.98,2982.58,4716,18,0
2025-04-08 01:00:00,2981.91,2988.54,2980.77,2986.54,4053,18,0
2025-04-08 02:00:00,2986.52,2987.28,2978.46,2981.3,4847,18,0
2025-04-08 03:00:00,2981.3,2992.6,2980.26,2985.28,9586,18,0
2025-04-08 04:00:00,2985.28,3002.98,2983.49,2999.77,17436,18,0
2025-04-08 05:00:00,2999.85,3004.94,2998.09,3000.91,9964,18,0
2025-04-08 06:00:00,3000.88,3000.95,2993.16,2994.54,8566,18,0
2025-04-08 07:00:00,2994.45,3002.97,2990.57,3002.24,7294,18,0
2025-04-08 08:00:00,3002.22,3008.17,2999.22,3005.52,9434,18,0
2025-04-08 09:00:00,3005.51,3015.66,3002.4,3013.28,13940,18,0
2025-04-08 10:00:00,3013.29,3013.98,3002.1,3003.5,14411,18,0
2025-04-08 11:00:00,3003.5,3009.21,3001.2,3007.53,8170,18,0
2025-04-08 12:00:00,3007.5,3007.79,2994.74,3006.83,9000,18,0
2025-04-08 13:00:00,3006.84,3009.96,3003.99,3008.18,7715,18,0
2025-04-08 14:00:00,3008.21,3019.41,3007.97,3017.31,9659,18,0
2025-04-08 15:00:00,3017.33,3019.44,3002.34,3002.53,14605,18,0
2025-04-08 16:00:00,3002.56,3022.64,3002.46,3010.2,25321,15,0
2025-04-08 17:00:00,3010.2,3018.89,3006.39,3006.52,22298,18,0
2025-04-08 18:00:00,3006.54,3012.36,3001.2,3001.47,15772,18,0
2025-04-08 19:00:00,3001.49,3001.49,2984.31,2985.96,17803,17,0
2025-04-08 20:00:00,2986.01,2987.44,2974.76,2985.15,19255,18,0
2025-04-08 21:00:00,2985.16,2992.14,2979.23,2983.52,14161,18,0
2025-04-08 22:00:00,2983.52,2987.46,2976.58,2984.96,15422,18,0
2025-04-08 23:00:00,2984.97,2986.58,2977.09,2982.28,5722,18,0
2025-04-09 01:00:00,2983.9,2985.32,2980.03,2981.8,3662,18,0
2025-04-09 02:00:00,2982.36,2990.65,2969.85,2978.26,8109,18,0
2025-04-09 03:00:00,2978.26,2986.98,2974.63,2980.26,18857,18,0
2025-04-09 04:00:00,2980.18,3009.75,2972.19,3008.56,25843,18,0
2025-04-09 05:00:00,3008.56,3011.13,2999.75,3002.83,14231,18,0
2025-04-09 06:00:00,3002.84,3009.71,3002.4,3004.31,11400,18,0
2025-04-09 07:00:00,3004.31,3014.06,2999.45,3012.3,13941,18,0
2025-04-09 08:00:00,3012.27,3020.45,3005.32,3015.2,16718,18,0
2025-04-09 09:00:00,3015.22,3040.82,3014.63,3038.75,21109,18,0
2025-04-09 10:00:00,3038.75,3052.13,3034.3,3040.79,15097,18,0
2025-04-09 11:00:00,3040.79,3051.11,3038.14,3044.15,12285,18,0
2025-04-09 12:00:00,3044.21,3049.86,3038.48,3044.98,9397,18,0
2025-04-09 13:00:00,3044.94,3047.14,3038.22,3042.89,10144,18,0
2025-04-09 14:00:00,3043.04,3068.16,3035.75,3066.56,22574,18,0
2025-04-09 15:00:00,3066.7,3073.01,3042.6,3047.46,23192,18,0
2025-04-09 16:00:00,3047.46,3077.97,3047.12,3075.14,27900,18,0
2025-04-09 17:00:00,3075.16,3084.66,3068.35,3070.54,21413,18,0
2025-04-09 18:00:00,3070.49,3087.7,3065.2,3086.26,18089,18,0
2025-04-09 19:00:00,3086.25,3094.83,3082.54,3092.18,12703,18,0
2025-04-09 20:00:00,3092.24,3098.99,3050.81,3059.53,27811,18,0
2025-04-09 21:00:00,3059.34,3073.67,3048.44,3067.01,22222,18,0
2025-04-09 22:00:00,3067.01,3099.38,3064.12,3093.25,20240,18,0
2025-04-09 23:00:00,3093.17,3095.57,3078.11,3083.17,6043,18,0
2025-04-10 01:00:00,3080.66,3090.01,3071.31,3079.97,5470,18,0
2025-04-10 02:00:00,3080.18,3088.86,3079.47,3086.53,7846,18,0
2025-04-10 03:00:00,3086.62,3101.18,3080.82,3097.18,16233,18,0
2025-04-10 04:00:00,3097.27,3100.59,3078.37,3093.82,19205,18,0
2025-04-10 05:00:00,3093.6,3120.91,3093.59,3119.98,16936,18,0
2025-04-10 06:00:00,3120.08,3132.44,3115.86,3124.56,10640,18,0
2025-04-10 07:00:00,3124.54,3128.55,3120.37,3125.11,5897,18,0
2025-04-10 08:00:00,3125.19,3132.59,3112.32,3122.56,9285,18,0
2025-04-10 09:00:00,3122.56,3126.34,3118.77,3122.14,12836,18,0
2025-04-10 10:00:00,3122.14,3123.51,3106.51,3108.77,13868,18,0
2025-04-10 11:00:00,3108.72,3115.66,3104.55,3104.84,11810,18,0
2025-04-10 12:00:00,3104.84,3117.91,3103.36,3116.66,9812,18,0
2025-04-10 13:00:00,3116.66,3122.46,3114.22,3120.12,8733,18,0
2025-04-10 14:00:00,3120.14,3125.69,3113.15,3124.61,11798,18,0
2025-04-10 15:00:00,3124.64,3133.77,3116.32,3123.05,18632,18,0
2025-04-10 16:00:00,3122.98,3136.75,3116.08,3116.93,21361,18,0
2025-04-10 17:00:00,3116.91,3154.78,3116.75,3154.55,22285,18,0
2025-04-10 18:00:00,3154.54,3174.9,3154.44,3158.0,18792,18,0
2025-04-10 19:00:00,3158.0,3167.09,3153.98,3158.48,18578,18,0
2025-04-10 20:00:00,3158.47,3165.62,3151.5,3162.73,14790,18,0
2025-04-10 21:00:00,3162.74,3175.62,3157.81,3173.34,14724,18,0
2025-04-10 22:00:00,3173.34,3176.19,3167.97,3170.86,8802,18,0
2025-04-10 23:00:00,3170.85,3176.37,3168.49,3175.59,3529,18,0
2025-04-11 01:00:00,3177.62,3189.82,3175.95,3189.0,6050,18,0
2025-04-11 02:00:00,3189.0,3191.27,3182.95,3188.81,6061,18,0
2025-04-11 03:00:00,3188.79,3217.88,3184.92,3205.42,21354,18,0
2025-04-11 04:00:00,3205.42,3219.49,3200.98,3207.1,24206,18,0
2025-04-11 05:00:00,3207.14,3219.75,3205.89,3217.35,14997,18,0
2025-04-11 06:00:00,3217.35,3220.07,3213.88,3217.65,11076,18,0
2025-04-11 07:00:00,3217.65,3218.06,3208.34,3208.48,7378,18,0
2025-04-11 08:00:00,3208.59,3219.16,3187.12,3195.75,18252,18,0
2025-04-11 09:00:00,3195.74,3209.53,3190.05,3197.14,20266,18,0
2025-04-11 10:00:00,3197.17,3212.92,3193.89,3212.29,11986,18,0
2025-04-11 11:00:00,3212.29,3227.14,3208.48,3215.87,17885,18,0
2025-04-11 12:00:00,3215.97,3230.09,3211.7,3227.74,12285,18,0
2025-04-11 13:00:00,3227.74,3237.8,3210.07,3212.56,12468,18,0
2025-04-11 14:00:00,3212.78,3224.81,3211.43,3213.69,11105,18,0
2025-04-11 15:00:00,3213.69,3234.18,3210.98,3233.76,17917,18,0
2025-04-11 16:00:00,3233.8,3244.55,3219.44,3223.6,25116,18,0
2025-04-11 17:00:00,3223.6,3237.9,3222.63,3230.29,24562,18,0
2025-04-11 18:00:00,3230.28,3242.04,3229.44,3240.64,15873,18,0
2025-04-11 19:00:00,3240.66,3245.42,3219.64,3223.16,15930,18,0
2025-04-11 20:00:00,3223.3,3235.46,3223.3,3234.04,15042,18,0
2025-04-11 21:00:00,3234.14,3238.15,3231.02,3235.64,8536,18,0
2025-04-11 22:00:00,3235.65,3235.65,3227.24,3230.87,9010,18,0
2025-04-11 23:00:00,3230.82,3239.27,3230.82,3237.87,3768,18,0
2025-04-14 01:00:00,3218.87,3224.2,3208.42,3220.93,7319,18,0
2025-04-14 02:00:00,3220.99,3224.38,3216.63,3223.65,6380,18,0
2025-04-14 03:00:00,3223.71,3227.24,3219.04,3220.85,8682,18,0
2025-04-14 04:00:00,3220.85,3243.4,3215.18,3239.41,17723,18,0
2025-04-14 05:00:00,3239.24,3245.6,3229.42,3231.83,10834,18,0
2025-04-14 06:00:00,3231.84,3234.5,3226.86,3232.23,5280,18,0
2025-04-14 07:00:00,3232.23,3235.65,3226.01,3227.22,4878,18,0
2025-04-14 08:00:00,3227.14,3236.0,3221.31,3234.33,7979,18,0
2025-04-14 09:00:00,3234.27,3238.07,3228.72,3231.03,10781,18,0
2025-04-14 10:00:00,3231.03,3233.74,3224.76,3227.99,7229,18,0
2025-04-14 11:00:00,3228.01,3230.09,3216.47,3227.04,10159,18,0
2025-04-14 12:00:00,3227.03,3231.7,3220.73,3223.97,7803,18,0
2025-04-14 13:00:00,3223.9,3224.71,3206.19,3215.27,11611,18,0
2025-04-14 14:00:00,3215.27,3225.77,3213.98,3223.37,8586,18,0
2025-04-14 15:00:00,3223.52,3227.64,3200.6,3206.67,15642,18,0
2025-04-14 16:00:00,3206.59,3210.62,3193.47,3204.79,23575,18,0
2025-04-14 17:00:00,3204.67,3215.56,3195.29,3211.13,15106,18,0
2025-04-14 18:00:00,3211.12,3211.22,3196.22,3198.11,14418,18,0
2025-04-14 19:00:00,3198.14,3208.22,3197.66,3207.5,10468,18,0
2025-04-14 20:00:00,3207.56,3216.52,3207.11,3214.03,9654,18,0
2025-04-14 21:00:00,3214.03,3214.84,3201.31,3208.24,7327,18,0
2025-04-14 22:00:00,3208.19,3212.99,3207.66,3212.62,6725,18,0
2025-04-14 23:00:00,3212.69,3213.65,3207.3,3210.23,3035,18,0
2025-04-15 01:00:00,3211.72,3215.14,3210.57,3212.05,1927,18,0
2025-04-15 02:00:00,3212.01,3214.13,3210.3,3212.44,2542,18,0
2025-04-15 03:00:00,3212.44,3215.27,3210.71,3211.85,4160,18,0
2025-04-15 04:00:00,3211.83,3225.86,3209.87,3223.65,11082,18,0
2025-04-15 05:00:00,3223.72,3224.96,3218.54,3224.27,5666,18,0
2025-04-15 06:00:00,3224.12,3228.98,3223.17,3228.32,5531,18,0
2025-04-15 07:00:00,3228.32,3232.54,3226.72,3231.72,4005,18,0
2025-04-15 08:00:00,3231.66,3232.07,3220.69,3224.53,6762,18,0
2025-04-15 09:00:00,3224.54,3228.77,3223.05,3225.11,7203,18,0
2025-04-15 10:00:00,3225.12,3226.6,3217.22,3225.57,7276,18,0
2025-04-15 11:00:00,3225.57,3232.18,3224.29,3227.66,9058,18,0
2025-04-15 12:00:00,3227.67,3230.14,3221.12,3222.62,5146,18,0
2025-04-15 13:00:00,3222.64,3226.93,3219.49,3220.2,4795,18,0
2025-04-15 14:00:00,3220.15,3224.19,3216.68,3220.06,6190,18,0
2025-04-15 15:00:00,3220.06,3226.11,3214.28,3221.47,10871,18,0
2025-04-15 16:00:00,3221.47,3226.33,3211.6,3213.14,15961,18,0
2025-04-15 17:00:00,3213.08,3226.95,3213.08,3222.72,14779,18,0
2025-04-15 18:00:00,3222.72,3224.0,3216.79,3221.28,10741,18,0
2025-04-15 19:00:00,3221.28,3223.43,3219.47,3221.52,7216,18,0
2025-04-15 20:00:00,3221.51,3230.62,3220.39,3227.93,8114,18,0
2025-04-15 21:00:00,3227.93,3229.65,3225.53,3229.11,7504,18,0
2025-04-15 22:00:00,3229.1,3231.82,3226.13,3229.82,6093,18,0
2025-04-15 23:00:00,3229.83,3233.57,3226.39,3229.74,3036,18,0
2025-04-16 01:00:00,3230.48,3242.12,3229.81,3241.15,3331,18,0
2025-04-16 02:00:00,3241.3,3251.59,3238.37,3251.59,5740,18,0
2025-04-16 03:00:00,3251.58,3267.31,3251.39,3263.68,10745,18,0
2025-04-16 04:00:00,3263.68,3274.25,3256.02,3270.73,15837,18,0
2025-04-16 05:00:00,3270.76,3275.99,3267.55,3268.32,7729,18,0
2025-04-16 06:00:00,3268.35,3281.8,3266.7,3281.53,7281,18,0
2025-04-16 07:00:00,3281.53,3288.42,3269.9,3284.3,8255,18,0
2025-04-16 08:00:00,3284.28,3292.51,3284.24,3289.73,8947,18,0
2025-04-16 09:00:00,3289.73,3294.36,3285.41,3292.42,11225,18,0
2025-04-16 10:00:00,3292.46,3300.24,3292.03,3299.71,11144,18,0
2025-04-16 11:00:00,3299.67,3317.28,3287.79,3306.96,20666,18,0
2025-04-16 12:00:00,3307.0,3310.38,3299.9,3302.87,8934,18,0
2025-04-16 13:00:00,3302.93,3306.18,3298.96,3303.48,6852,18,0
2025-04-16 14:00:00,3303.46,3312.96,3293.75,3305.99,10588,18,0
2025-04-16 15:00:00,3305.93,3313.39,3302.41,3307.29,10482,18,0
2025-04-16 16:00:00,3307.29,3316.55,3296.72,3311.55,16020,18,0
2025-04-16 17:00:00,3311.73,3319.48,3306.12,3308.49,16280,18,0
2025-04-16 18:00:00,3308.51,3328.14,3305.33,3325.22,13563,18,0
2025-04-16 19:00:00,3325.21,3333.03,3321.33,3327.31,12027,18,0
2025-04-16 20:00:00,3327.31,3332.76,3324.32,3328.21,11236,18,0
2025-04-16 21:00:00,3328.14,3340.73,3326.28,3338.21,9510,18,0
2025-04-16 22:00:00,3338.29,3342.48,3335.93,3336.59,8179,18,0
2025-04-16 23:00:00,3336.66,3342.68,3334.3,3342.26,4814,18,0
2025-04-17 01:00:00,3343.3,3357.71,3342.45,3350.91,5557,18,0
2025-04-17 02:00:00,3351.09,3353.34,3346.94,3349.95,4588,18,0
2025-04-17 03:00:00,3349.95,3351.2,3341.9,3345.15,8563,18,0
2025-04-17 04:00:00,3345.14,3356.23,3320.69,3323.85,20699,18,0
2025-04-17 05:00:00,3323.76,3340.56,3321.0,3340.32,13016,18,0
2025-04-17 06:00:00,3340.32,3344.48,3337.23,3344.38,7473,18,0
2025-04-17 07:00:00,3343.84,3344.22,3337.8,3341.49,5319,18,0
2025-04-17 08:00:00,3341.56,3345.48,3328.37,3329.22,7416,18,0
2025-04-17 09:00:00,3329.3,3333.03,3325.18,3328.99,13063,18,0
2025-04-17 10:00:00,3328.98,3330.21,3314.23,3323.43,12625,18,0
2025-04-17 11:00:00,3323.43,3325.04,3312.57,3324.24,7529,18,0
2025-04-17 12:00:00,3324.16,3326.92,3320.57,3321.56,6622,18,0
2025-04-17 13:00:00,3321.56,3333.99,3321.09,3327.62,6653,18,0
2025-04-17 14:00:00,3327.56,3332.52,3322.47,3327.43,8130,18,0
2025-04-17 15:00:00,3327.44,3342.09,3322.21,3328.11,12376,18,0
2025-04-17 16:00:00,3328.11,3332.08,3311.97,3315.08,18100,18,0
2025-04-17 17:00:00,3315.08,3315.08,3283.88,3291.32,28759,18,0
2025-04-17 18:00:00,3291.31,3304.85,3290.6,3296.31,19676,18,0
2025-04-17 19:00:00,3296.34,3318.77,3294.84,3316.08,15527,18,0
2025-04-17 20:00:00,3316.14,3322.61,3314.25,3318.9,10969,18,0
2025-04-17 21:00:00,3318.94,3320.84,3314.22,3316.21,6472,18,0
2025-04-17 22:00:00,3316.16,3321.85,3310.95,3320.7,8839,18,0
2025-04-17 23:00:00,3320.73,3328.86,3318.21,3327.31,4345,18,0
2025-04-21 01:00:00,3331.25,3352.93,3326.83,3345.65,7915,18,0
2025-04-21 02:00:00,3345.62,3351.74,3343.15,3348.14,6897,18,0
2025-04-21 03:00:00,3348.14,3370.73,3347.44,3368.6,13174,18,0
2025-04-21 04:00:00,3368.6,3378.65,3367.11,3377.38,16773,18,0
2025-04-21 05:00:00,3377.38,3385.01,3374.02,3384.72,11947,18,0
2025-04-21 06:00:00,3384.68,3385.23,3378.13,3382.25,8554,18,0
2025-04-21 07:00:00,3382.26,3382.26,3369.15,3376.32,7773,18,0
2025-04-21 08:00:00,3376.32,3385.78,3375.35,3385.35,8134,18,0
2025-04-21 09:00:00,3385.35,3393.24,3382.28,3392.2,12627,18,0
2025-04-21 10:00:00,3392.2,3395.99,3381.67,3385.19,14156,18,0
2025-04-21 11:00:00,3385.19,3394.2,3383.6,3392.68,10919,18,0
2025-04-21 12:00:00,3392.73,3396.99,3390.73,3394.81,11486,18,0
2025-04-21 13:00:00,3394.79,3397.76,3391.92,3394.89,9117,18,0
2025-04-21 14:00:00,3394.84,3405.83,3386.46,3404.36,13512,18,0
2025-04-21 15:00:00,3404.46,3415.69,3398.03,3414.93,16285,18,0
2025-04-21 16:00:00,3414.93,3426.82,3405.07,3420.44,24726,18,0
2025-04-21 17:00:00,3420.35,3430.18,3408.83,3416.68,21387,18,0
2025-04-21 18:00:00,3416.68,3426.04,3407.69,3422.99,16524,18,0
2025-04-21 19:00:00,3423.0,3424.1,3410.15,3414.55,12287,18,0
2025-04-21 20:00:00,3414.56,3422.78,3406.09,3422.55,15198,18,0
2025-04-21 21:00:00,3422.53,3426.79,3417.66,3426.29,15221,18,0
2025-04-21 22:00:00,3426.29,3430.42,3417.4,3423.38,17651,18,0
2025-04-21 23:00:00,3423.43,3427.05,3419.62,3424.55,3777,18,0
2025-04-22 01:00:00,3423.94,3435.79,3423.73,3430.92,5422,18,0
2025-04-22 02:00:00,3431.04,3444.35,3429.28,3434.24,8027,18,0
2025-04-22 03:00:00,3434.32,3435.28,3412.02,3425.34,15491,18,0
2025-04-22 04:00:00,3425.38,3455.0,3421.48,3452.95,19806,18,0
2025-04-22 05:00:00,3452.94,3475.98,3442.35,3472.94,17030,18,0
2025-04-22 06:00:00,3473.04,3494.73,3472.0,3487.76,15063,18,0
2025-04-22 07:00:00,3487.76,3488.42,3479.41,3484.5,8985,18,0
2025-04-22 08:00:00,3484.5,3495.5,3473.27,3494.26,13582,18,0
2025-04-22 09:00:00,3494.29,3499.9,3475.14,3479.61,25079,18,0
2025-04-22 10:00:00,3479.61,3480.59,3460.75,3468.59,21981,18,0
2025-04-22 11:00:00,3468.62,3472.69,3443.06,3443.85,16910,18,0
2025-04-22 12:00:00,3443.87,3459.44,3443.85,3455.26,13603,18,0
2025-04-22 13:00:00,3455.28,3468.14,3451.4,3452.38,11344,18,0
2025-04-22 14:00:00,3452.33,3460.69,3447.4,3456.0,8416,18,0
2025-04-22 15:00:00,3456.01,3465.21,3423.74,3430.83,18569,18,0
2025-04-22 16:00:00,3430.7,3449.58,3409.23,3419.24,29708,18,0
2025-04-22 17:00:00,3419.13,3439.11,3418.45,3429.94,20476,18,0
2025-04-22 18:00:00,3429.95,3433.12,3410.28,3417.67,17728,18,0
2025-04-22 19:00:00,3417.61,3421.03,3372.0,3393.08,30359,18,0
2025-04-22 20:00:00,3393.13,3410.26,3385.88,3401.73,20027,18,0
2025-04-22 21:00:00,3401.73,3402.5,3373.14,3381.45,11674,18,0
2025-04-22 22:00:00,3381.45,3385.72,3366.67,3374.79,13517,18,0
2025-04-22 23:00:00,3374.87,3382.7,3373.25,3381.2,5028,18,0
2025-04-23 01:00:00,3318.78,3346.44,3314.9,3327.92,14514,18,0
2025-04-23 02:00:00,3328.18,3349.91,3326.74,3336.37,10036,18,0
2025-04-23 03:00:00,3336.41,3371.07,3334.47,3367.8,13293,18,0
2025-04-23 04:00:00,3367.81,3386.58,3358.76,3378.97,24187,18,0
2025-04-23 05:00:00,3378.93,3380.53,3347.96,3353.75,16038,18,0
2025-04-23 06:00:00,3353.83,3355.3,3328.16,3338.93,16558,18,0
2025-04-23 07:00:00,3338.93,3347.72,3336.13,3346.5,5472,18,0
2025-04-23 08:00:00,3346.56,3348.51,3315.92,3319.52,14204,18,0
2025-04-23 09:00:00,3319.51,3326.54,3291.33,3300.99,23529,18,0
2025-04-23 10:00:00,3301.18,3320.57,3301.18,3319.2,13704,18,0
2025-04-23 11:00:00,3319.2,3321.6,3305.42,3321.41,10581,18,0
2025-04-23 12:00:00,3321.37,3341.22,3316.89,3317.35,11005,18,0
2025-04-23 13:00:00,3317.29,3335.69,3316.47,3330.76,8626,18,0
2025-04-23 14:00:00,3330.58,3339.53,3321.39,3323.9,10039,18,0
2025-04-23 15:00:00,3323.89,3333.92,3309.91,3310.19,17400,18,0
2025-04-23 16:00:00,3310.18,3313.03,3271.63,3277.0,29617,18,0
2025-04-23 17:00:00,3277.02,3296.43,3260.04,3287.36,32043,18,0
2025-04-23 18:00:00,3287.42,3294.39,3269.27,3280.39,22541,18,0
2025-04-23 19:00:00,3280.48,3305.74,3279.21,3295.13,16382,18,0
2025-04-23 20:00:00,3295.05,3301.51,3277.71,3281.12,14440,18,0
2025-04-23 21:00:00,3281.11,3286.95,3277.79,3282.81,8185,18,0
2025-04-23 22:00:00,3282.85,3297.18,3282.65,3293.9,9893,18,0
2025-04-23 23:00:00,3293.97,3295.68,3283.82,3288.13,4553,18,0
2025-04-24 01:00:00,3290.94,3315.89,3290.57,3309.04,5963,18,0
2025-04-24 02:00:00,3309.04,3316.78,3308.19,3316.29,3655,18,0
2025-04-24 03:00:00,3316.47,3339.02,3313.29,3331.61,12346,18,0
2025-04-24 04:00:00,3331.55,3368.2,3330.49,3357.25,24547,18,0
2025-04-24 05:00:00,3357.04,3362.91,3335.13,3341.48,14940,18,0
2025-04-24 06:00:00,3341.47,3341.94,3320.52,3326.86,11186,18,0
2025-04-24 07:00:00,3326.74,3331.75,3325.78,3326.23,5083,18,0
2025-04-24 08:00:00,3326.24,3336.09,3320.8,3322.96,8579,18,0
2025-04-24 09:00:00,3322.96,3328.76,3313.78,3325.04,15775,18,0
2025-04-24 10:00:00,3325.04,3339.06,3322.37,3333.48,10771,18,0
2025-04-24 11:00:00,3333.46,3341.46,3327.28,3335.93,9495,18,0
2025-04-24 12:00:00,3336.01,3342.84,3325.39,3335.67,8178,18,0
2025-04-24 13:00:00,3335.73,3336.66,3325.64,3330.0,6798,18,0
2025-04-24 14:00:00,3330.0,3343.98,3329.56,3336.89,7655,18,0
2025-04-24 15:00:00,3336.89,3344.66,3335.28,3335.76,10119,18,0
2025-04-24 16:00:00,3335.74,3336.2,3312.54,3315.33,21919,18,0
2025-04-24 17:00:00,3315.0,3330.35,3306.72,3327.42,22160,18,0
2025-04-24 18:00:00,3327.34,3330.48,3319.38,3329.37,14870,18,0
2025-04-24 19:00:00,3329.38,3335.28,3322.43,3331.63,13051,18,0
2025-04-24 20:00:00,3331.65,3338.67,3329.95,3336.79,10730,18,0
2025-04-24 21:00:00,3336.79,3340.28,3333.66,3334.78,5865,18,0
2025-04-24 22:00:00,3334.82,3346.99,3333.45,3342.14,6817,18,0
2025-04-24 23:00:00,3342.14,3349.93,3338.12,3349.13,3921,18,0
2025-04-25 01:00:00,3355.91,3370.91,3321.31,3366.81,5334,18,0
2025-04-25 02:00:00,3366.84,3367.98,3346.86,3348.83,6928,18,0
2025-04-25 03:00:00,3348.77,3361.33,3347.18,3357.62,9393,18,0
2025-04-25 04:00:00,3357.56,3362.94,3342.72,3345.65,12559,18,0
2025-04-25 05:00:00,3345.68,3353.26,3344.43,3348.73,9447,18,0
2025-04-25 06:00:00,3348.71,3354.25,3322.36,3323.41,10457,18,0
2025-04-25 07:00:00,3323.41,3327.58,3316.15,3324.66,10223,18,0
2025-04-25 08:00:00,3324.63,3327.2,3286.73,3294.05,16357,18,0
2025-04-25 09:00:00,3294.12,3306.36,3287.37,3304.32,20028,18,0
2025-04-25 10:00:00,3304.32,3314.48,3303.04,3307.31,9267,18,0
2025-04-25 11:00:00,3307.29,3307.77,3291.85,3303.81,9884,18,0
2025-04-25 12:00:00,3303.84,3308.83,3292.05,3292.23,8425,18,0
2025-04-25 13:00:00,3292.23,3306.35,3292.16,3297.98,10105,18,0
2025-04-25 14:00:00,3297.99,3301.01,3287.95,3293.49,8667,18,0
2025-04-25 15:00:00,3293.39,3303.13,3291.17,3292.61,11027,18,0
2025-04-25 16:00:00,3292.6,3292.89,3265.03,3280.93,25402,18,0
2025-04-25 17:00:00,3280.43,3287.24,3274.66,3277.92,18429,18,0
2025-04-25 18:00:00,3277.91,3285.51,3270.11,3282.92,11358,18,0
2025-04-25 19:00:00,3283.01,3287.53,3280.33,3285.42,8685,18,0
2025-04-25 20:00:00,3285.49,3295.13,3281.94,3293.21,10243,18,0
2025-04-25 21:00:00,3293.25,3296.84,3288.39,3288.47,5509,18,0
2025-04-25 22:00:00,3288.57,3312.35,3287.76,3304.64,7461,18,0
2025-04-25 23:00:00,3304.57,3319.1,3304.57,3318.49,4438,18,0
2025-04-28 01:00:00,3328.02,3330.75,3308.97,3310.47,6422,18,0
2025-04-28 02:00:00,3310.57,3317.89,3298.59,3302.63,10816,18,0
2025-04-28 03:00:00,3302.64,3315.84,3301.48,3313.8,9166,18,0
2025-04-28 04:00:00,3313.72,3314.88,3278.74,3280.79,16549,18,0
2025-04-28 05:00:00,3281.2,3286.24,3267.86,3280.78,12095,18,0
2025-04-28 06:00:00,3280.81,3295.11,3280.33,3290.87,6418,18,0
2025-04-28 07:00:00,3290.82,3298.99,3288.59,3298.91,4472,18,0
2025-04-28 08:00:00,3299.03,3301.06,3287.71,3295.09,6252,18,0
2025-04-28 09:00:00,3295.13,3296.58,3281.67,3283.27,11853,18,0
2025-04-28 10:00:00,3283.38,3292.5,3277.67,3287.37,10795,18,0
2025-04-28 11:00:00,3287.37,3288.44,3279.24,3282.57,6444,18,0
2025-04-28 12:00:00,3282.58,3287.26,3274.48,3274.48,7793,18,0
2025-04-28 13:00:00,3274.52,3291.85,3273.2,3289.59,7598,18,0
2025-04-28 14:00:00,3289.67,3297.21,3284.81,3294.16,8770,18,0
2025-04-28 15:00:00,3294.16,3302.25,3292.79,3296.19,11452,18,0
2025-04-28 16:00:00,3296.19,3301.44,3286.81,3293.21,19424,18,0
2025-04-28 17:00:00,3293.21,3332.95,3293.21,3328.61,22797,18,0
2025-04-28 18:00:00,3328.58,3335.95,3319.04,3325.14,15710,18,0
2025-04-28 19:00:00,3325.12,3339.22,3324.64,3336.51,12647,18,0
2025-04-28 20:00:00,3336.62,3340.02,3332.99,3335.27,9438,18,0
2025-04-28 21:00:00,3335.27,3349.86,3333.8,3348.76,9243,18,0
2025-04-28 22:00:00,3348.91,3352.88,3345.45,3351.95,7926,18,0
2025-04-28 23:00:00,3351.94,3352.16,3342.26,3344.15,3381,18,0
2025-04-29 01:00:00,3345.97,3348.61,3332.12,3338.12,5024,18,0
2025-04-29 02:00:00,3338.13,3342.81,3333.68,3337.44,4778,18,0
2025-04-29 03:00:00,3337.44,3339.05,3327.57,3329.9,6542,18,0
2025-04-29 04:00:00,3329.9,3339.94,3322.61,3326.39,11447,18,0
2025-04-29 05:00:00,3326.23,3333.85,3319.24,3320.43,8948,18,0
2025-04-29 06:00:00,3320.43,3321.55,3307.85,3316.05,9132,18,0
2025-04-29 07:00:00,3316.09,3318.07,3306.55,3309.23,4339,18,0
2025-04-29 08:00:00,3309.17,3316.52,3304.98,3310.2,6010,18,0
2025-04-29 09:00:00,3310.19,3323.93,3308.78,3318.53,8322,18,0
2025-04-29 10:00:00,3318.49,3323.14,3312.19,3322.94,7785,18,0
2025-04-29 11:00:00,3323.15,3324.8,3311.59,3311.79,5166,18,0
2025-04-29 12:00:00,3311.79,3315.96,3308.6,3309.0,5931,18,0
2025-04-29 13:00:00,3309.09,3315.56,3306.07,3312.92,6273,18,0
2025-04-29 14:00:00,3313.05,3315.98,3307.86,3309.28,6317,18,0
2025-04-29 15:00:00,3309.28,3314.59,3300.48,3312.89,12407,18,0
2025-04-29 16:00:00,3312.71,3321.3,3299.82,3306.24,20829,18,0
2025-04-29 17:00:00,3305.93,3317.75,3299.67,3314.53,16089,18,0
2025-04-29 18:00:00,3314.53,3315.54,3305.19,3312.53,11399,18,0
2025-04-29 19:00:00,3312.53,3329.96,3312.18,3328.77,10039,18,0
2025-04-29 20:00:00,3328.79,3329.64,3314.13,3314.36,8462,18,0
2025-04-29 21:00:00,3314.31,3320.01,3313.23,3319.81,6297,18,0
2025-04-29 22:00:00,3319.84,3324.94,3317.77,3320.35,7133,18,0
2025-04-29 23:00:00,3320.35,3323.31,3316.78,3317.15,2736,18,0
2025-04-30 01:00:00,3315.6,3322.66,3315.6,3318.52,2342,18,0
2025-04-30 02:00:00,3318.85,3319.07,3310.78,3316.88,2835,18,0
2025-04-30 03:00:00,3316.98,3327.89,3311.29,3313.19,6147,18,0
2025-04-30 04:00:00,3313.18,3322.65,3307.57,3307.87,8850,18,0
2025-04-30 05:00:00,3307.84,3312.93,3304.86,3306.5,6622,18,0
2025-04-30 06:00:00,3306.53,3311.29,3303.59,3304.67,4855,18,0
2025-04-30 07:00:00,3304.69,3308.87,3301.15,3307.87,4260,18,0
2025-04-30 08:00:00,3307.82,3314.49,3307.36,3309.34,6466,18,0
2025-04-30 09:00:00,3309.34,3311.09,3304.89,3305.82,6881,18,0
2025-04-30 10:00:00,3305.83,3314.62,3303.14,3307.13,5550,18,0
2025-04-30 11:00:00,3307.17,3307.69,3280.22,3284.48,13400,18,0
2025-04-30 12:00:00,3284.48,3287.01,3275.1,3275.97,9579,18,0
2025-04-30 13:00:00,3275.99,3280.9,3271.78,3272.59,7422,18,0
2025-04-30 14:00:00,3272.59,3281.68,3268.28,3272.33,9634,18,0
2025-04-30 15:00:00,3272.34,3304.89,3266.93,3298.64,20752,18,0
2025-04-30 16:00:00,3298.56,3319.64,3296.11,3308.91,19843,18,0
2025-04-30 17:00:00,3308.51,3313.73,3292.86,3309.84,22110,18,0
2025-04-30 18:00:00,3309.82,3314.64,3298.92,3308.05,14519,18,0
2025-04-30 19:00:00,3308.14,3314.36,3307.15,3310.74,9731,18,0
2025-04-30 20:00:00,3310.74,3313.5,3304.97,3305.28,8033,18,0
2025-04-30 21:00:00,3305.35,3307.77,3300.35,3301.7,6690,18,0
2025-04-30 22:00:00,3301.7,3305.74,3292.01,3295.84,7627,18,0
2025-04-30 23:00:00,3295.75,3297.92,3282.93,3288.27,6014,18,0
2025-05-01 01:00:00,3287.57,3290.16,3270.97,3273.74,6403,18,0
2025-05-01 02:00:00,3274.03,3285.25,3269.47,3272.77,6351,18,0
2025-05-01 03:00:00,3272.86,3276.28,3240.97,3246.1,13435,18,0
2025-05-01 04:00:00,3246.11,3250.88,3234.52,3238.54,9399,18,0
2025-05-01 05:00:00,3238.56,3251.47,3234.85,3241.15,6382,18,0
2025-05-01 06:00:00,3241.12,3242.49,3228.66,3229.22,8076,18,0
2025-05-01 07:00:00,3229.29,3231.83,3221.08,3226.37,6773,18,0
2025-05-01 08:00:00,3226.35,3238.75,3223.07,3236.55,7414,18,0
2025-05-01 09:00:00,3236.55,3242.97,3233.73,3235.68,9558,18,0
2025-05-01 10:00:00,3235.64,3236.95,3225.98,3230.01,7926,18,0
2025-05-01 11:00:00,3230.19,3236.77,3229.97,3235.04,5222,18,0
2025-05-01 12:00:00,3235.1,3236.31,3215.77,3218.63,8367,18,0
2025-05-01 13:00:00,3218.59,3225.29,3213.63,3223.0,8323,18,0
2025-05-01 14:00:00,3223.0,3227.18,3203.37,3205.37,10841,18,0
2025-05-01 15:00:00,3205.38,3232.69,3201.77,3226.79,17592,18,0
2025-05-01 16:00:00,3226.81,3233.18,3218.65,3224.08,17551,18,0
2025-05-01 17:00:00,3224.37,3231.47,3214.16,3218.92,19754,18,0
2025-05-01 18:00:00,3219.04,3221.65,3204.83,3216.38,13485,18,0
2025-05-01 19:00:00,3216.38,3220.58,3208.88,3219.5,10044,18,0
2025-05-01 20:00:00,3219.59,3220.84,3209.81,3214.49,9956,18,0
2025-05-01 21:00:00,3214.49,3226.79,3212.88,3223.9,7721,18,0
2025-05-01 22:00:00,3223.9,3229.68,3223.88,3228.09,7780,18,0
2025-05-01 23:00:00,3228.21,3239.52,3227.95,3237.76,5280,18,0
2025-05-02 01:00:00,3240.58,3243.37,3232.37,3237.77,3855,18,0
2025-05-02 02:00:00,3237.88,3241.35,3234.56,3237.25,3533,18,0
2025-05-02 03:00:00,3237.38,3244.24,3227.34,3231.07,7911,18,0
2025-05-02 04:00:00,3231.07,3237.56,3230.94,3236.32,6135,18,0
2025-05-02 05:00:00,3236.41,3249.35,3235.8,3247.92,6252,18,0
2025-05-02 06:00:00,3247.92,3258.54,3245.68,3254.74,5821,18,0
2025-05-02 07:00:00,3254.66,3257.39,3250.26,3251.74,4437,18,0
2025-05-02 08:00:00,3251.4,3256.96,3249.43,3251.81,4137,18,0
2025-05-02 09:00:00,3251.89,3262.22,3246.19,3252.85,8321,18,0
2025-05-02 10:00:00,3252.85,3263.32,3251.53,3258.91,7506,18,0
2025-05-02 11:00:00,3258.96,3261.51,3255.25,3258.02,5881,18,0
2025-05-02 12:00:00,3258.04,3267.24,3255.06,3265.21,6785,18,0
2025-05-02 13:00:00,3265.21,3265.72,3256.66,3258.81,6197,18,0
2025-05-02 14:00:00,3258.86,3269.21,3257.45,3262.55,7317,18,0
2025-05-02 15:00:00,3262.55,3264.93,3248.22,3250.24,17150,18,0
2025-05-02 16:00:00,3250.24,3259.63,3239.31,3250.55,23378,18,0
2025-05-02 17:00:00,3250.48,3264.47,3242.14,3262.77,20527,18,0
2025-05-02 18:00:00,3262.79,3264.13,3230.22,3231.51,21303,18,0
2025-05-02 19:00:00,3231.51,3236.19,3222.72,3224.85,29227,18,0
2025-05-02 20:00:00,3224.95,3239.81,3223.44,3231.43,22457,18,0
2025-05-02 21:00:00,3231.46,3232.31,3224.22,3226.38,8512,18,0
2025-05-02 22:00:00,3226.36,3234.5,3226.27,3233.54,10224,18,0
2025-05-02 23:00:00,3233.74,3241.52,3232.69,3241.16,3869,18,0
2025-05-05 01:00:00,3242.22,3244.3,3237.37,3239.43,5672,18,0
2025-05-05 02:00:00,3239.57,3251.65,3238.74,3247.37,7242,18,0
2025-05-05 03:00:00,3247.37,3248.53,3241.69,3246.32,7278,18,0
2025-05-05 04:00:00,3246.33,3270.32,3246.12,3265.15,12338,18,0
2025-05-05 05:00:00,3265.23,3271.59,3260.14,3269.26,10444,18,0
2025-05-05 06:00:00,3269.17,3270.66,3252.92,3254.31,9792,18,0
2025-05-05 07:00:00,3254.31,3259.34,3253.53,3256.34,7726,19,0
2025-05-05 08:00:00,3256.31,3261.83,3253.87,3259.53,7915,18,0
2025-05-05 09:00:00,3259.7,3264.98,3256.16,3261.3,9541,18,0
2025-05-05 10:00:00,3261.34,3267.76,3258.1,3264.78,9364,18,0
2025-05-05 11:00:00,3264.82,3283.58,3263.09,3283.38,11330,18,0
2025-05-05 12:00:00,3283.41,3308.98,3282.92,3308.65,16526,18,0
2025-05-05 13:00:00,3308.67,3318.54,3308.54,3313.31,12450,18,0
2025-05-05 14:00:00,3313.31,3318.91,3311.4,3312.86,8895,18,0
2025-05-05 15:00:00,3312.86,3322.51,3312.76,3319.54,12357,18,0
2025-05-05 16:00:00,3319.54,3320.98,3311.82,3314.94,15364,18,0
2025-05-05 17:00:00,3314.94,3328.64,3309.75,3312.65,17974,18,0
2025-05-05 18:00:00,3312.65,3317.85,3308.89,3311.94,15222,18,0
2025-05-05 19:00:00,3311.96,3313.51,3305.58,3309.65,11598,18,0
2025-05-05 20:00:00,3309.71,3318.08,3309.0,3316.98,7115,18,0
2025-05-05 21:00:00,3316.98,3323.45,3313.84,3323.18,6797,18,0
2025-05-05 22:00:00,3323.18,3337.49,3322.82,3328.71,12323,18,0
2025-05-05 23:00:00,3328.73,3334.51,3328.62,3333.87,4413,18,0
2025-05-06 01:00:00,3336.09,3337.92,3327.33,3329.93,3864,18,0
2025-05-06 02:00:00,3329.99,3334.96,3327.93,3333.95,4523,18,0
2025-05-06 03:00:00,3333.96,3334.44,3321.9,3329.24,9987,18,0
2025-05-06 04:00:00,3329.24,3382.17,3329.24,3379.49,24409,18,0
2025-05-06 05:00:00,3379.49,3386.98,3357.04,3358.98,19380,18,0
2025-05-06 06:00:00,3359.0,3372.26,3352.9,3360.15,15218,18,0
2025-05-06 07:00:00,3360.15,3366.71,3356.7,3363.56,8271,18,0
2025-05-06 08:00:00,3363.56,3364.27,3350.19,3362.57,11700,18,0
2025-05-06 09:00:00,3362.61,3368.49,3359.27,3364.54,11795,18,0
2025-05-06 10:00:00,3364.99,3379.55,3364.94,3371.22,14643,18,0
2025-05-06 11:00:00,3371.21,3383.06,3368.46,3377.17,15035,18,0
2025-05-06 12:00:00,3377.17,3383.27,3371.36,3383.16,10416,18,0
2025-05-06 13:00:00,3383.17,3383.8,3376.64,3383.58,9304,18,0
2025-05-06 14:00:00,3383.59,3385.1,3373.81,3379.14,10026,18,0
2025-05-06 15:00:00,3379.14,3392.3,3373.09,3391.01,16696,18,0
2025-05-06 16:00:00,3391.22,3397.65,3387.72,3391.71,21584,18,0
2025-05-06 17:00:00,3391.67,3398.09,3378.22,3386.34,20168,18,0
2025-05-06 18:00:00,3386.18,3399.8,3385.28,3395.11,13548,18,0
2025-05-06 19:00:00,3395.1,3411.62,3394.68,3408.83,14088,18,0
2025-05-06 20:00:00,3408.83,3417.72,3407.44,3413.96,13320,18,0
2025-05-06 21:00:00,3414.0,3417.38,3410.2,3415.56,7852,18,0
2025-05-06 22:00:00,3415.53,3424.01,3412.55,3422.96,9015,18,0
2025-05-06 23:00:00,3422.86,3434.86,3419.12,3430.56,7939,18,0
2025-05-07 01:00:00,3426.01,3430.46,3380.33,3381.66,15889,18,0
2025-05-07 02:00:00,3381.69,3404.73,3376.75,3400.54,10741,18,0
2025-05-07 03:00:00,3400.6,3401.53,3360.65,3379.35,20476,18,0
2025-05-07 04:00:00,3379.24,3384.88,3359.95,3374.61,18302,18,0
2025-05-07 05:00:00,3374.61,3393.88,3371.8,3390.43,10601,18,0
2025-05-07 06:00:00,3390.32,3392.42,3369.79,3375.32,10055,18,0
2025-05-07 07:00:00,3375.31,3387.2,3374.75,3381.97,7445,18,0
2025-05-07 08:00:00,3381.98,3389.17,3378.33,3387.8,7436,18,0
2025-05-07 09:00:00,3387.83,3395.68,3387.14,3392.37,10244,18,0
2025-05-07 10:00:00,3392.39,3397.38,3383.73,3388.12,12368,18,0
2025-05-07 11:00:00,3388.12,3388.56,3378.17,3382.81,11397,18,0
2025-05-07 12:00:00,3382.77,3385.21,3369.69,3370.02,12675,18,0
2025-05-07 13:00:00,3369.91,3393.4,3369.19,3391.42,12544,18,0
2025-05-07 14:00:00,3391.44,3391.55,3383.56,3386.89,9337,18,0
2025-05-07 15:00:00,3386.72,3393.85,3384.01,3390.87,12555,18,0
2025-05-07 16:00:00,3390.89,3397.97,3381.35,3394.28,21862,18,0
2025-05-07 17:00:00,3394.25,3394.69,3375.59,3385.73,16163,18,0
2025-05-07 18:00:00,3385.73,3389.47,3381.83,3385.14,13190,18,0
2025-05-07 19:00:00,3385.17,3389.75,3378.83,3386.89,10380,18,0
2025-05-07 20:00:00,3386.79,3389.8,3383.44,3383.44,8949,18,0
2025-05-07 21:00:00,3383.39,3397.88,3375.88,3384.49,21790,18,0
2025-05-07 22:00:00,3384.4,3386.79,3363.57,3371.69,17341,18,0
2025-05-07 23:00:00,3371.72,3374.32,3363.62,3363.95,4982,18,0
2025-05-08 01:00:00,3366.88,3373.9,3366.34,3369.86,3451,18,0
2025-05-08 02:00:00,3369.97,3377.02,3369.43,3376.25,4086,18,0
2025-05-08 03:00:00,3376.23,3386.76,3373.53,3380.49,8027,18,0
2025-05-08 04:00:00,3380.48,3409.49,3378.83,3408.46,17089,18,0
2025-05-08 05:00:00,3408.49,3414.6,3401.85,3401.87,13153,18,0
2025-05-08 06:00:00,3401.86,3408.17,3395.76,3396.54,11099,18,0
2025-05-08 07:00:00,3396.48,3399.18,3381.68,3381.76,9847,18,0
2025-05-08 08:00:00,3381.83,3384.08,3354.65,3355.23,17137,18,0
2025-05-08 09:00:00,3355.23,3361.76,3320.13,3329.69,25633,18,0
2025-05-08 10:00:00,3329.69,3349.29,3327.07,3342.82,15850,18,0
2025-05-08 11:00:00,3342.8,3344.13,3337.07,3339.19,10160,18,0
2025-05-08 12:00:00,3339.17,3344.42,3331.21,3331.97,13124,18,0
2025-05-08 13:00:00,3331.97,3346.63,3330.37,3342.52,11442,18,0
2025-05-08 14:00:00,3342.52,3345.47,3339.33,3344.32,9243,18,0
2025-05-08 15:00:00,3344.32,3358.53,3343.15,3356.04,11054,18,0
2025-05-08 16:00:00,3356.04,3369.43,3354.5,3355.99,14901,18,0
2025-05-08 17:00:00,3356.0,3362.91,3350.68,3356.46,14930,18,0
2025-05-08 18:00:00,3356.58,3360.03,3326.71,3330.38,19915,18,0
2025-05-08 19:00:00,3330.18,3330.18,3304.3,3310.15,21346,18,0
2025-05-08 20:00:00,3310.13,3311.09,3297.71,3308.27,16296,18,0
2025-05-08 21:00:00,3308.27,3310.94,3305.59,3308.37,8996,18,0
2025-05-08 22:00:00,3308.4,3309.94,3288.61,3306.2,11954,18,0
2025-05-08 23:00:00,3306.33,3310.71,3303.81,3306.27,4197,18,0
2025-05-09 01:00:00,3308.26,3323.79,3306.18,3323.78,5912,18,0
2025-05-09 02:00:00,3323.76,3323.92,3311.69,3316.21,4412,18,0
2025-05-09 03:00:00,3316.25,3322.88,3308.66,3322.07,8285,18,0
2025-05-09 04:00:00,3322.05,3322.38,3286.74,3291.07,15716,18,0
2025-05-09 05:00:00,3290.99,3308.45,3274.43,3308.13,15847,18,0
2025-05-09 06:00:00,3308.1,3313.24,3299.51,3307.91,10029,18,0
2025-05-09 07:00:00,3308.02,3327.24,3307.93,3324.43,7394,18,0
2025-05-09 08:00:00,3324.47,3330.16,3312.73,3321.2,9671,18,0
2025-05-09 09:00:00,3321.39,3326.73,3315.21,3325.48,11033,18,0
2025-05-09 10:00:00,3325.42,3332.17,3322.32,3327.24,11369,18,0
2025-05-09 11:00:00,3327.28,3328.93,3320.25,3328.53,9204,18,0
2025-05-09 12:00:00,3328.53,3329.29,3323.39,3325.17,7417,18,0
2025-05-09 13:00:00,3325.17,3329.94,3322.06,3323.38,5371,18,0
2025-05-09 14:00:00,3323.38,3338.33,3323.34,3332.98,10462,18,0
2025-05-09 15:00:00,3333.01,3335.67,3329.12,3333.53,10209,18,0
2025-05-09 16:00:00,3333.53,3340.34,3328.61,3330.68,18189,18,0
2025-05-09 17:00:00,3330.78,3341.29,3320.31,3337.09,18864,18,0
2025-05-09 18:00:00,3337.09,3346.09,3336.1,3344.94,14714,18,0
2025-05-09 19:00:00,3344.93,3347.44,3336.34,3336.82,11967,18,0
2025-05-09 20:00:00,3336.8,3342.47,3335.99,3340.91,9358,18,0
2025-05-09 21:00:00,3340.92,3342.91,3336.26,3338.68,6992,18,0
2025-05-09 22:00:00,3338.71,3339.74,3325.43,3328.71,8977,18,0
2025-05-09 23:00:00,3328.7,3330.27,3324.55,3325.87,3647,18,0
2025-05-12 01:00:00,3279.61,3291.08,3266.61,3272.29,7651,18,0
2025-05-12 02:00:00,3272.26,3288.86,3265.59,3287.44,9998,18,0
2025-05-12 03:00:00,3287.44,3289.9,3271.8,3278.94,11528,18,0
2025-05-12 04:00:00,3278.82,3282.18,3258.59,3271.68,18367,18,0
2025-05-12 05:00:00,3271.64,3279.77,3269.28,3272.01,10531,18,0
2025-05-12 06:00:00,3272.01,3284.62,3270.47,3283.21,7703,18,0
2025-05-12 07:00:00,3283.21,3283.56,3275.36,3278.72,4934,18,0
2025-05-12 08:00:00,3278.94,3279.74,3268.31,3275.92,7434,18,0
2025-05-12 09:00:00,3276.12,3281.54,3272.85,3277.62,10522,18,0
2025-05-12 10:00:00,3277.36,3277.76,3216.05,3222.68,30934,18,0
2025-05-12 11:00:00,3222.68,3234.33,3220.56,3231.38,19887,18,0
2025-05-12 12:00:00,3231.43,3231.43,3212.94,3215.29,12819,18,0
2025-05-12 13:00:00,3215.24,3219.39,3207.7,3208.06,13420,18,0
2025-05-12 14:00:00,3208.02,3229.35,3207.78,3224.81,14799,18,0
2025-05-12 15:00:00,3224.83,3234.23,3220.35,3233.55,14392,18,0
2025-05-12 16:00:00,3233.55,3248.63,3231.69,3240.46,25339,18,0
2025-05-12 17:00:00,3240.31,3247.78,3233.4,3237.47,22115,18,0
2025-05-12 18:00:00,3237.5,3243.89,3232.68,3239.31,14386,18,0
2025-05-12 19:00:00,3239.31,3240.04,3223.12,3224.11,13567,18,0
2025-05-12 20:00:00,3224.12,3227.49,3221.14,3223.15,10852,18,0
2025-05-12 21:00:00,3223.26,3229.98,3220.23,3229.58,7715,18,0
2025-05-12 22:00:00,3229.59,3238.75,3228.81,3235.4,11492,18,0
2025-05-12 23:00:00,3235.4,3238.36,3232.56,3234.29,3334,18,0
2025-05-13 01:00:00,3239.47,3241.65,3229.74,3233.83,3618,18,0
2025-05-13 02:00:00,3233.86,3239.88,3233.36,3236.77,3691,18,0
2025-05-13 03:00:00,3236.75,3243.14,3233.76,3239.69,6262,18,0
2025-05-13 04:00:00,3239.64,3243.24,3215.7,3225.13,13242,18,0
2025-05-13 05:00:00,3225.28,3241.34,3223.17,3228.86,10903,18,0
2025-05-13 06:00:00,3228.74,3238.37,3228.15,3236.69,7268,18,0
2025-05-13 07:00:00,3236.58,3253.29,3234.74,3252.44,5718,18,0
2025-05-13 08:00:00,3252.44,3260.44,3251.07,3256.45,8563,18,0
2025-05-13 09:00:00,3256.62,3265.41,3247.27,3262.23,10317,18,0
2025-05-13 10:00:00,3262.23,3264.84,3254.25,3259.15,9093,18,0
2025-05-13 11:00:00,3259.23,3261.2,3250.25,3255.55,8103,18,0
2025-05-13 12:00:00,3255.53,3256.57,3250.54,3253.32,6359,18,0
2025-05-13 13:00:00,3253.32,3256.21,3251.19,3252.91,5575,18,0
2025-05-13 14:00:00,3252.82,3258.54,3248.83,3249.18,8395,18,0
2025-05-13 15:00:00,3249.18,3249.86,3237.31,3241.71,18573,18,0
2025-05-13 16:00:00,3241.56,3246.93,3227.1,3227.42,22850,18,0
2025-05-13 17:00:00,3227.42,3248.72,3225.46,3242.64,17432,18,0
2025-05-13 18:00:00,3242.94,3255.88,3242.01,3253.3,13772,18,0
2025-05-13 19:00:00,3253.3,3257.76,3248.62,3250.95,10578,18,0
2025-05-13 20:00:00,3250.95,3252.78,3242.04,3247.09,9434,18,0
2025-05-13 21:00:00,3247.08,3250.83,3245.73,3248.73,6252,18,0
2025-05-13 22:00:00,3248.62,3251.09,3246.33,3249.27,6142,18,0
2025-05-13 23:00:00,3249.37,3254.67,3247.96,3249.97,2898,18,0
2025-05-14 01:00:00,3251.96,3254.54,3249.46,3254.45,2040,18,0
2025-05-14 02:00:00,3254.48,3256.97,3252.06,3254.96,2338,18,0
2025-05-14 03:00:00,3254.97,3255.24,3241.1,3244.23,7780,18,0
2025-05-14 04:00:00,3244.25,3251.63,3237.22,3238.85,11064,18,0
2025-05-14 05:00:00,3238.86,3241.43,3228.89,3232.64,8399,18,0
2025-05-14 06:00:00,3232.6,3233.6,3226.53,3229.08,7351,18,0
2025-05-14 07:00:00,3229.03,3230.62,3222.68,3223.86,6120,18,0
2025-05-14 08:00:00,3223.87,3234.42,3221.54,3233.78,6400,18,0
2025-05-14 09:00:00,3233.7,3236.68,3227.64,3228.68,7538,18,0
2025-05-14 10:00:00,3228.68,3238.83,3224.23,3238.05,12048,18,0
2025-05-14 11:00:00,3237.99,3243.73,3230.37,3232.58,12082,18,0
2025-05-14 12:00:00,3232.56,3236.47,3229.13,3232.24,9781,18,0
2025-05-14 13:00:00,3232.24,3236.56,3229.59,3235.52,7277,18,0
2025-05-14 14:00:00,3235.56,3239.13,3219.37,3220.06,8643,18,0
2025-05-14 15:00:00,3220.49,3222.41,3184.17,3184.77,22375,18,0
2025-05-14 16:00:00,3184.77,3198.25,3174.8,3191.23,27597,18,0
2025-05-14 17:00:00,3191.28,3194.33,3179.27,3181.8,18592,18,0
2025-05-14 18:00:00,3181.71,3186.72,3179.11,3182.56,13452,18,0
2025-05-14 19:00:00,3182.56,3190.87,3173.69,3188.5,14578,18,0
2025-05-14 20:00:00,3188.49,3190.39,3180.83,3181.81,10333,18,0
2025-05-14 21:00:00,3181.93,3183.02,3171.66,3171.89,7725,18,0
2025-05-14 22:00:00,3171.89,3181.47,3168.04,3180.44,8699,18,0
2025-05-14 23:00:00,3180.51,3183.2,3176.86,3177.93,3779,18,0
2025-05-15 01:00:00,3178.57,3183.88,3176.97,3182.64,3054,18,0
2025-05-15 02:00:00,3182.59,3187.29,3181.13,3185.96,2650,18,0
2025-05-15 03:00:00,3185.94,3187.66,3180.08,3187.57,5611,18,0
2025-05-15 04:00:00,3187.57,3192.65,3171.1,3172.19,11058,18,0
2025-05-15 05:00:00,3172.39,3175.48,3149.99,3154.18,12420,18,0
2025-05-15 06:00:00,3153.82,3157.01,3148.27,3150.46,7511,18,0
2025-05-15 07:00:00,3150.33,3152.35,3135.38,3138.5,6642,18,0
2025-05-15 08:00:00,3138.63,3143.03,3123.3,3128.94,8543,18,0
2025-05-15 09:00:00,3128.94,3153.88,3120.64,3149.79,15284,18,0
2025-05-15 10:00:00,3149.78,3152.03,3130.63,3142.06,12323,18,0
2025-05-15 11:00:00,3142.04,3164.27,3139.0,3162.41,10360,18,0
2025-05-15 12:00:00,3162.4,3171.49,3159.27,3165.26,8880,18,0
2025-05-15 13:00:00,3165.32,3179.04,3164.11,3178.27,7847,18,0
2025-05-15 14:00:00,3178.27,3180.09,3172.48,3179.25,7646,18,0
2025-05-15 15:00:00,3179.22,3189.81,3177.54,3188.8,13757,18,0
2025-05-15 16:00:00,3188.8,3199.7,3185.19,3192.1,20827,18,0
2025-05-15 17:00:00,3192.2,3207.08,3190.43,3205.41,17912,18,0
2025-05-15 18:00:00,3205.36,3220.05,3204.62,3219.76,12413,18,0
2025-05-15 19:00:00,3219.85,3222.74,3215.85,3222.55,8494,18,0
2025-05-15 20:00:00,3222.61,3229.15,3216.37,3221.04,9406,18,0
2025-05-15 21:00:00,3221.15,3225.82,3219.7,3223.23,5556,18,0
2025-05-15 22:00:00,3223.15,3232.67,3222.25,3231.97,7193,18,0
2025-05-15 23:00:00,3231.93,3240.43,3231.09,3240.3,4932,18,0
2025-05-16 01:00:00,3239.47,3252.07,3237.03,3251.03,5189,18,0
2025-05-16 02:00:00,3251.07,3251.14,3236.35,3237.07,6595,18,0
2025-05-16 03:00:00,3237.13,3243.97,3231.85,3243.05,9411,18,0
2025-05-16 04:00:00,3243.07,3244.5,3214.87,3222.2,13426,18,0
2025-05-16 05:00:00,3222.06,3227.42,3212.78,3215.4,9190,18,0
2025-05-16 06:00:00,3215.18,3217.34,3206.52,3211.7,8163,18,0
2025-05-16 07:00:00,3211.8,3222.34,3211.62,3219.38,5386,18,0
2025-05-16 08:00:00,3219.35,3222.2,3211.99,3218.52,7309,18,0
2025-05-16 09:00:00,3218.48,3231.04,3212.8,3214.88,9996,18,0
2025-05-16 10:00:00,3214.88,3217.85,3205.31,3207.58,9017,18,0
2025-05-16 11:00:00,3207.49,3209.17,3195.45,3207.51,8897,18,0
2025-05-16 12:00:00,3207.35,3212.91,3203.67,3209.29,6859,18,0
2025-05-16 13:00:00,3209.38,3211.1,3168.89,3175.9,11411,18,0
2025-05-16 14:00:00,3176.1,3179.14,3154.02,3163.15,12240,18,0
2025-05-16 15:00:00,3163.27,3182.04,3154.9,3177.38,14601,18,0
2025-05-16 16:00:00,3177.38,3186.54,3169.41,3180.28,17373,18,0
2025-05-16 17:00:00,3180.47,3188.65,3165.75,3173.23,15844,18,0
2025-05-16 18:00:00,3173.23,3185.05,3172.61,3183.59,9446,18,0
2025-05-16 19:00:00,3183.39,3189.73,3180.41,3189.27,8996,18,0
2025-05-16 20:00:00,3189.3,3192.0,3183.49,3189.27,7383,18,0
2025-05-16 21:00:00,3189.32,3191.07,3184.76,3187.51,4855,18,0
2025-05-16 22:00:00,3187.52,3195.73,3187.44,3192.4,4709,18,0
2025-05-16 23:00:00,3192.39,3202.74,3191.99,3201.89,5328,18,0
2025-05-19 01:00:00,3211.96,3240.71,3205.06,3239.09,8725,18,0
2025-05-19 02:00:00,3239.15,3244.99,3226.4,3234.65,7715,18,0
2025-05-19 03:00:00,3234.67,3249.69,3233.33,3246.3,9935,18,0
2025-05-19 04:00:00,3246.24,3246.65,3214.39,3218.4,17137,18,0
2025-05-19 05:00:00,3218.32,3229.93,3217.09,3228.55,8546,18,0
2025-05-19 06:00:00,3228.41,3230.47,3207.99,3212.12,7659,18,0
2025-05-19 07:00:00,3212.12,3217.9,3206.44,3215.76,4547,18,0
2025-05-19 08:00:00,3215.77,3224.26,3214.91,3223.97,5792,18,0
2025-05-19 09:00:00,3223.96,3231.55,3220.2,3224.2,9513,18,0
2025-05-19 10:00:00,3224.2,3234.45,3224.09,3232.37,9123,18,0
2025-05-19 11:00:00,3232.43,3244.86,3229.84,3244.45,7223,18,0
2025-05-19 12:00:00,3244.47,3247.46,3233.6,3241.97,8043,18,0
2025-05-19 13:00:00,3241.97,3245.27,3233.98,3241.75,5088,18,0
2025-05-19 14:00:00,3241.73,3248.56,3238.97,3243.72,5297,18,0
2025-05-19 15:00:00,3243.76,3244.47,3228.82,3229.24,8172,18,0
2025-05-19 16:00:00,3229.24,3241.45,3224.6,3229.93,16912,18,0
2025-05-19 17:00:00,3229.85,3236.12,3217.13,3233.99,13706,18,0
2025-05-19 18:00:00,3233.99,3239.76,3229.57,3231.64,10218,18,0
2025-05-19 19:00:00,3231.69,3234.25,3228.05,3231.72,7407,18,0
2025-05-19 20:00:00,3231.66,3233.16,3225.54,3226.44,7219,18,0
2025-05-19 21:00:00,3226.43,3235.11,3225.28,3233.58,5084,18,0
2025-05-19 22:00:00,3233.58,3235.8,3231.65,3233.11,4070,18,0
2025-05-19 23:00:00,3233.11,3233.69,3227.99,3230.23,2698,18,0
2025-05-20 01:00:00,3229.33,3230.48,3224.46,3226.64,2859,18,0
2025-05-20 02:00:00,3226.83,3227.38,3219.09,3222.48,3644,18,0
2025-05-20 03:00:00,3222.48,3224.16,3214.11,3222.79,8640,18,0
2025-05-20 04:00:00,3222.79,3232.67,3220.54,3221.11,14340,18,0
2025-05-20 05:00:00,3221.12,3223.03,3206.41,3206.62,12439,18,0
2025-05-20 06:00:00,3206.64,3214.1,3204.59,3211.31,9856,18,0
2025-05-20 07:00:00,3211.31,3218.01,3210.95,3217.24,6696,18,0
2025-05-20 08:00:00,3217.25,3219.68,3209.83,3213.79,9362,18,0
2025-05-20 09:00:00,3213.87,3219.15,3208.6,3209.8,10153,18,0
2025-05-20 10:00:00,3209.86,3225.44,3207.98,3222.97,9462,18,0
2025-05-20 11:00:00,3222.78,3235.93,3218.34,3235.79,9355,18,0
2025-05-20 12:00:00,3235.8,3239.33,3230.47,3236.29,10420,18,0
2025-05-20 13:00:00,3236.3,3238.43,3231.86,3235.21,4415,18,0
2025-05-20 14:00:00,3235.33,3241.54,3235.22,3241.19,6649,18,0
2025-05-20 15:00:00,3241.21,3250.57,3234.32,3242.82,9925,18,0
2025-05-20 16:00:00,3242.82,3261.54,3232.87,3261.12,22410,18,0
2025-05-20 17:00:00,3261.3,3285.72,3260.55,3282.56,30500,18,0
2025-05-20 18:00:00,3282.58,3283.47,3273.3,3277.24,17407,18,0
2025-05-20 19:00:00,3277.24,3282.54,3275.28,3278.93,9189,18,0
2025-05-20 20:00:00,3278.93,3287.9,3278.34,3286.41,9284,18,0
2025-05-20 21:00:00,3286.43,3289.62,3284.27,3287.63,7530,18,0
2025-05-20 22:00:00,3287.64,3295.12,3287.23,3294.13,7645,18,0
2025-05-20 23:00:00,3294.06,3295.56,3289.29,3290.07,4944,18,0
2025-05-21 01:00:00,3291.79,3303.91,3290.73,3296.78,6981,18,0
2025-05-21 02:00:00,3296.78,3296.78,3288.47,3290.63,5148,18,0
2025-05-21 03:00:00,3290.63,3304.06,3288.98,3303.35,9488,18,0
2025-05-21 04:00:00,3303.34,3314.57,3285.25,3294.43,19012,18,0
2025-05-21 05:00:00,3294.41,3304.99,3289.35,3301.67,11935,18,0
2025-05-21 06:00:00,3301.68,3309.67,3299.14,3307.48,8337,18,0
2025-05-21 07:00:00,3307.43,3308.12,3301.17,3302.11,5733,18,0
2025-05-21 08:00:00,3301.97,3319.56,3298.36,3316.33,8910,18,0
2025-05-21 09:00:00,3316.15,3320.73,3310.67,3320.01,11320,18,0
2025-05-21 10:00:00,3319.95,3320.04,3307.67,3309.81,8656,18,0
2025-05-21 11:00:00,3309.82,3312.28,3303.91,3308.41,8498,18,0
2025-05-21 12:00:00,3308.43,3313.55,3306.98,3313.55,6645,18,0
2025-05-21 13:00:00,3313.53,3318.21,3308.58,3311.85,7784,18,0
2025-05-21 14:00:00,3311.88,3316.45,3306.44,3311.17,8504,18,0
2025-05-21 15:00:00,3311.16,3312.65,3290.69,3302.72,16780,18,0
2025-05-21 16:00:00,3302.67,3309.51,3295.33,3303.53,19659,18,0
2025-05-21 17:00:00,3303.51,3307.86,3295.26,3304.46,16679,18,0
2025-05-21 18:00:00,3304.46,3315.15,3303.52,3311.8,13338,18,0
2025-05-21 19:00:00,3311.94,3314.7,3302.74,3303.19,10466,18,0
2025-05-21 20:00:00,3302.94,3316.34,3302.86,3316.29,14620,18,0
2025-05-21 21:00:00,3316.29,3316.4,3311.82,3314.32,8061,18,0
2025-05-21 22:00:00,3314.23,3324.79,3314.23,3318.23,12103,18,0
2025-05-21 23:00:00,3318.26,3319.71,3313.09,3315.37,4744,18,0
2025-05-22 01:00:00,3318.99,3321.03,3315.31,3317.85,4412,18,0
2025-05-22 02:00:00,3317.85,3324.14,3317.34,3320.02,5083,18,0
2025-05-22 03:00:00,3320.02,3326.19,3319.42,3323.68,9453,18,0
2025-05-22 04:00:00,3323.67,3342.92,3320.41,3338.07,18218,18,0
2025-05-22 05:00:00,3338.09,3344.76,3336.49,3341.05,11804,18,0
2025-05-22 06:00:00,3341.05,3344.56,3334.11,3334.73,9203,18,0
2025-05-22 07:00:00,3334.74,3339.89,3332.0,3339.23,6713,18,0
2025-05-22 08:00:00,3339.21,3340.19,3326.3,3332.25,7595,18,0
2025-05-22 09:00:00,3332.35,3335.6,3325.47,3326.31,10927,18,0
2025-05-22 10:00:00,3326.33,3331.3,3322.61,3327.62,11145,18,0
2025-05-22 11:00:00,3327.65,3329.79,3310.05,3311.09,14238,18,0
2025-05-22 12:00:00,3311.09,3313.84,3304.16,3304.72,10959,18,0
2025-05-22 13:00:00,3304.72,3307.42,3288.5,3289.68,13065,18,0
2025-05-22 14:00:00,3289.46,3314.65,3282.91,3314.4,14757,18,0
2025-05-22 15:00:00,3314.3,3314.52,3300.95,3304.18,17848,18,0
2025-05-22 16:00:00,3304.23,3315.7,3286.81,3287.6,22544,18,0
2025-05-22 17:00:00,3287.4,3304.52,3279.17,3297.09,20969,18,0
2025-05-22 18:00:00,3297.11,3298.64,3281.46,3294.66,20899,18,0
2025-05-22 19:00:00,3294.75,3304.81,3291.11,3301.55,13366,18,0
2025-05-22 20:00:00,3301.56,3301.75,3290.15,3296.57,12946,18,0
2025-05-22 21:00:00,3296.64,3298.76,3292.36,3293.88,8628,18,0
2025-05-22 22:00:00,3293.9,3297.21,3289.04,3290.31,8655,18,0
2025-05-22 23:00:00,3290.49,3295.42,3289.57,3294.36,4117,18,0
2025-05-23 01:00:00,3295.77,3299.12,3294.97,3297.52,2878,18,0
2025-05-23 02:00:00,3297.53,3301.86,3297.2,3300.13,3653,18,0
2025-05-23 03:00:00,3300.23,3308.84,3286.8,3300.9,13541,18,0
2025-05-23 04:00:00,3300.89,3306.44,3295.8,3305.12,15028,18,0
2025-05-23 05:00:00,3305.13,3305.22,3290.83,3296.87,9498,18,0
2025-05-23 06:00:00,3296.85,3303.31,3296.47,3302.11,5862,18,0
2025-05-23 07:00:00,3301.92,3316.25,3301.91,3313.75,6700,18,0
2025-05-23 08:00:00,3313.74,3325.73,3312.55,3323.68,9913,18,0
2025-05-23 09:00:00,3323.69,3331.96,3322.98,3330.96,10369,18,0
2025-05-23 10:00:00,3330.99,3334.37,3326.73,3329.06,8383,18,0
2025-05-23 11:00:00,3329.03,3329.39,3322.41,3326.42,7592,18,0
2025-05-23 12:00:00,3326.46,3333.88,3324.81,3328.69,7802,18,0
2025-05-23 13:00:00,3328.69,3331.92,3323.44,3328.6,6359,18,0
2025-05-23 14:00:00,3328.59,3350.42,3325.17,3348.75,17258,18,0
2025-05-23 15:00:00,3348.76,3359.61,3345.31,3356.2,26597,18,0
2025-05-23 16:00:00,3356.22,3364.06,3337.08,3340.19,27605,18,0
2025-05-23 17:00:00,3339.82,3359.78,3336.71,3359.23,19410,18,0
2025-05-23 18:00:00,3359.23,3362.48,3352.13,3361.65,14856,18,0
2025-05-23 19:00:00,3361.69,3364.51,3357.22,3358.92,11712,18,0
2025-05-23 20:00:00,3358.92,3365.84,3356.32,3362.58,10556,18,0
2025-05-23 21:00:00,3362.59,3365.85,3361.02,3361.96,8257,18,0
2025-05-23 22:00:00,3361.97,3365.71,3358.13,3360.68,5579,18,0
2025-05-23 23:00:00,3360.64,3361.69,3355.32,3355.4,3298,18,0
2025-05-26 01:00:00,3352.51,3356.17,3341.24,3344.12,7850,18,0
2025-05-26 02:00:00,3344.41,3350.48,3341.31,3342.42,5576,18,0
2025-05-26 03:00:00,3342.4,3345.58,3330.58,3341.17,10623,18,0
2025-05-26 04:00:00,3341.28,3346.95,3335.53,3344.24,13578,18,0
2025-05-26 05:00:00,3344.24,3356.44,3342.5,3348.65,8856,18,0
2025-05-26 06:00:00,3348.59,3350.6,3344.92,3347.51,5663,18,0
2025-05-26 07:00:00,3347.51,3350.99,3346.25,3349.96,4224,18,0
2025-05-26 08:00:00,3349.95,3351.73,3344.25,3347.3,4671,18,0
2025-05-26 09:00:00,3347.35,3347.49,3337.03,3337.25,5606,18,0
2025-05-26 10:00:00,3337.25,3338.74,3332.06,3337.29,5772,18,0
2025-05-26 11:00:00,3337.29,3339.73,3330.99,3334.56,6549,18,0
2025-05-26 12:00:00,3334.6,3336.14,3323.44,3328.54,7073,18,0
2025-05-26 13:00:00,3328.57,3333.49,3328.56,3331.6,3758,18,0
2025-05-26 14:00:00,3331.61,3334.55,3329.26,3333.08,2139,18,0
2025-05-26 15:00:00,3332.98,3334.92,3326.19,3334.24,4463,18,0
2025-05-26 16:00:00,3334.24,3338.88,3331.38,3338.28,5744,18,0
2025-05-26 17:00:00,3338.26,3341.52,3335.52,3337.24,7379,18,0
2025-05-26 18:00:00,3337.22,3339.67,3336.82,3337.88,3892,18,0
2025-05-26 19:00:00,3337.88,3343.51,3337.53,3341.95,3441,18,0
2025-05-26 20:00:00,3341.94,3343.08,3340.59,3341.07,1410,18,0
2025-05-27 01:00:00,3343.3,3348.56,3342.77,3347.62,3610,18,0
2025-05-27 02:00:00,3347.62,3348.47,3344.43,3345.99,3327,18,0
2025-05-27 03:00:00,3345.96,3350.06,3342.3,3345.03,6599,18,0
2025-05-27 04:00:00,3345.08,3347.26,3331.79,3335.86,10378,18,0
2025-05-27 05:00:00,3335.89,3344.39,3335.0,3342.82,7752,18,0
2025-05-27 06:00:00,3342.82,3347.25,3340.93,3341.09,6130,18,0
2025-05-27 07:00:00,3341.05,3341.4,3330.67,3330.84,6186,18,0
2025-05-27 08:00:00,3330.87,3332.65,3315.99,3323.38,12967,18,0
2025-05-27 09:00:00,3323.38,3328.3,3304.94,3308.43,15815,18,0
2025-05-27 10:00:00,3308.43,3312.48,3292.49,3296.18,15555,18,0
2025-05-27 11:00:00,3296.21,3310.38,3295.97,3298.59,14545,18,0
2025-05-27 12:00:00,3298.54,3309.79,3294.58,3296.29,12374,18,0
2025-05-27 13:00:00,3296.28,3299.49,3290.53,3293.27,11583,18,0
2025-05-27 14:00:00,3293.43,3298.14,3287.62,3288.21,9818,18,0
2025-05-27 15:00:00,3288.26,3297.9,3287.88,3293.69,13496,18,0
2025-05-27 16:00:00,3293.69,3304.74,3292.23,3295.06,16147,18,0
2025-05-27 17:00:00,3295.06,3303.32,3284.98,3299.86,16125,18,0
2025-05-27 18:00:00,3299.86,3303.02,3289.6,3293.44,13963,18,0
2025-05-27 19:00:00,3293.43,3298.63,3292.97,3297.79,6827,18,0
2025-05-27 20:00:00,3297.8,3304.23,3296.86,3301.19,6563,18,0
2025-05-27 21:00:00,3301.19,3303.92,3299.04,3303.09,4670,18,0
2025-05-27 22:00:00,3303.04,3307.9,3302.93,3304.3,4757,18,0
2025-05-27 23:00:00,3304.4,3305.02,3299.54,3300.07,2652,18,0
2025-05-28 01:00:00,3301.59,3305.61,3300.91,3303.07,3371,18,0
2025-05-28 02:00:00,3303.22,3310.88,3297.06,3309.34,5075,18,0
2025-05-28 03:00:00,3309.49,3315.69,3308.07,3308.35,5030,18,0
2025-05-28 04:00:00,3308.28,3310.67,3298.44,3301.89,9195,18,0
2025-05-28 05:00:00,3301.78,3313.23,3300.34,3302.39,9668,18,0
2025-05-28 06:00:00,3302.34,3304.03,3291.54,3297.74,8859,18,0
2025-05-28 07:00:00,3297.82,3299.14,3294.41,3296.26,4360,18,0
2025-05-28 08:00:00,3296.26,3310.23,3295.86,3307.18,7447,18,0
2025-05-28 09:00:00,3307.11,3308.67,3298.38,3308.36,7826,18,0
2025-05-28 10:00:00,3308.34,3322.31,3307.04,3319.06,9855,18,0
2025-05-28 11:00:00,3319.05,3323.78,3315.21,3321.71,8490,18,0
2025-05-28 12:00:00,3321.69,3325.35,3320.05,3324.09,5381,18,0
2025-05-28 13:00:00,3324.06,3324.62,3311.78,3313.25,5551,18,0
2025-05-28 14:00:00,3313.34,3314.98,3307.4,3310.95,5336,18,0
2025-05-28 15:00:00,3310.95,3314.48,3305.4,3312.11,6722,18,0
2025-05-28 16:00:00,3312.11,3316.33,3297.41,3305.03,14332,18,0
2025-05-28 17:00:00,3304.96,3308.91,3300.46,3302.57,12840,18,0
2025-05-28 18:00:00,3302.58,3302.68,3292.5,3295.98,10396,18,0
2025-05-28 19:00:00,3295.95,3299.11,3288.61,3293.43,7638,18,0
2025-05-28 20:00:00,3293.43,3299.04,3291.33,3296.28,6654,18,0
2025-05-28 21:00:00,3296.29,3302.78,3296.23,3301.93,5159,18,0
2025-05-28 22:00:00,3301.91,3303.0,3293.71,3296.84,6127,18,0
2025-05-28 23:00:00,3296.76,3297.29,3274.33,3286.58,4535,18,0
2025-05-29 01:00:00,3286.46,3294.11,3281.6,3286.63,3757,18,0
2025-05-29 02:00:00,3286.77,3287.76,3250.0,3259.55,14793,18,0
2025-05-29 03:00:00,3259.47,3269.04,3253.68,3265.11,13890,18,0
2025-05-29 04:00:00,3265.14,3265.85,3245.32,3263.48,15048,18,0
2025-05-29 05:00:00,3263.55,3275.32,3260.93,3269.98,10474,18,0
2025-05-29 06:00:00,3269.9,3280.07,3267.96,3274.48,7682,18,0
2025-05-29 07:00:00,3274.47,3275.43,3268.98,3269.05,5497,18,0
2025-05-29 08:00:00,3269.05,3272.56,3265.99,3272.41,4872,18,0
2025-05-29 09:00:00,3272.43,3276.33,3267.88,3271.69,7166,18,0
2025-05-29 10:00:00,3271.9,3287.37,3271.73,3286.47,6450,18,0
2025-05-29 11:00:00,3286.47,3289.37,3278.08,3281.69,5832,18,0
2025-05-29 12:00:00,3281.68,3283.15,3276.24,3282.1,4875,18,0
2025-05-29 13:00:00,3282.15,3300.81,3281.99,3296.73,7645,18,0
2025-05-29 14:00:00,3296.73,3305.47,3295.44,3299.81,7535,18,0
2025-05-29 15:00:00,3299.81,3316.75,3298.6,3315.7,14955,18,0
2025-05-29 16:00:00,3315.7,3321.75,3309.59,3312.46,18312,18,0
2025-05-29 17:00:00,3312.63,3319.44,3304.75,3310.25,17464,18,0
2025-05-29 18:00:00,3310.27,3321.79,3309.77,3321.52,10571,18,0
2025-05-29 19:00:00,3321.52,3331.27,3319.74,3322.22,10769,18,0
2025-05-29 20:00:00,3322.2,3324.51,3318.14,3324.21,8267,18,0
2025-05-29 21:00:00,3324.27,3325.75,3317.54,3321.26,7168,18,0
2025-05-29 22:00:00,3321.16,3321.52,3315.57,3316.6,6600,18,0
2025-05-29 23:00:00,3316.6,3318.18,3315.31,3317.31,2568,18,0
2025-05-30 01:00:00,3319.86,3320.89,3313.58,3314.26,3289,18,0
2025-05-30 02:00:00,3314.38,3317.28,3312.84,3315.5,4023,18,0
2025-05-30 03:00:00,3315.49,3318.75,3309.47,3312.46,6614,18,0
2025-05-30 04:00:00,3312.61,3322.54,3307.99,3309.94,11068,18,0
2025-05-30 05:00:00,3309.81,3312.15,3294.7,3297.17,10847,18,0
2025-05-30 06:00:00,3297.17,3302.25,3291.19,3294.33,7484,18,0
2025-05-30 07:00:00,3294.36,3296.31,3291.38,3296.11,4163,18,0
2025-05-30 08:00:00,3296.11,3304.28,3290.1,3303.12,6366,18,0
2025-05-30 09:00:00,3303.03,3303.58,3289.88,3301.13,7514,18,0
2025-05-30 10:00:00,3301.13,3301.13,3286.73,3294.85,7645,18,0
2025-05-30 11:00:00,3294.85,3299.18,3291.62,3295.68,7331,18,0
2025-05-30 12:00:00,3295.69,3299.15,3292.56,3295.6,5682,18,0
2025-05-30 13:00:00,3295.61,3300.58,3292.55,3295.27,5416,18,0
2025-05-30 14:00:00,3295.27,3297.28,3288.5,3293.96,5642,18,0
2025-05-30 15:00:00,3293.89,3306.86,3282.77,3303.99,19108,18,0
2025-05-30 16:00:00,3303.98,3308.21,3275.17,3276.53,18966,18,0
2025-05-30 17:00:00,3276.51,3287.38,3271.71,3282.68,19924,18,0
2025-05-30 18:00:00,3282.71,3292.71,3275.96,3288.61,14393,18,0
2025-05-30 19:00:00,3288.67,3295.69,3283.78,3293.3,11878,18,0
2025-05-30 20:00:00,3293.31,3294.73,3289.73,3290.95,8129,18,0
2025-05-30 21:00:00,3290.96,3295.08,3290.96,3293.8,6134,18,0
2025-05-30 22:00:00,3293.78,3295.12,3291.56,3294.79,4526,18,0
2025-05-30 23:00:00,3294.83,3295.71,3288.41,3289.24,2899,18,0
2025-06-02 01:00:00,3298.16,3315.14,3297.57,3313.06,6520,18,0
2025-06-02 02:00:00,3313.06,3316.51,3309.04,3310.22,4748,18,0
2025-06-02 03:00:00,3310.14,3314.88,3303.14,3311.71,9192,18,0
2025-06-02 04:00:00,3311.74,3314.35,3300.85,3302.84,7909,18,0
2025-06-02 05:00:00,3302.84,3310.74,3302.59,3307.86,5444,18,0
2025-06-02 06:00:00,3307.83,3308.26,3302.57,3307.96,4366,18,0
2025-06-02 07:00:00,3307.95,3317.48,3307.95,3313.04,5154,18,0
2025-06-02 08:00:00,3313.1,3325.69,3313.0,3323.67,5041,18,0
2025-06-02 09:00:00,3323.7,3345.37,3323.67,3344.38,9299,18,0
2025-06-02 10:00:00,3344.41,3358.41,3343.14,3351.88,12527,18,0
2025-06-02 11:00:00,3351.86,3356.44,3350.04,3351.4,6509,18,0
2025-06-02 12:00:00,3351.42,3351.76,3345.13,3348.94,6674,18,0
2025-06-02 13:00:00,3348.94,3351.47,3344.04,3348.59,6477,18,0
2025-06-02 14:00:00,3348.6,3360.19,3346.08,3356.25,7474,18,0
2025-06-02 15:00:00,3356.18,3363.57,3353.94,3355.49,10099,18,0
2025-06-02 16:00:00,3355.69,3376.18,3350.31,3370.33,15781,18,0
2025-06-02 17:00:00,3370.33,3378.94,3367.47,3376.11,18555,18,0
2025-06-02 18:00:00,3376.03,3378.83,3369.77,3374.3,12258,18,0
2025-06-02 19:00:00,3374.35,3379.29,3369.29,3371.61,9539,18,0
2025-06-02 20:00:00,3371.57,3375.87,3371.37,3374.41,8986,18,0
2025-06-02 21:00:00,3374.4,3380.07,3370.72,3379.21,7011,18,0
2025-06-02 22:00:00,3379.21,3382.25,3377.84,3381.48,7982,18,0
2025-06-02 23:00:00,3381.54,3382.84,3378.32,3381.55,3512,18,0
2025-06-03 01:00:00,3383.74,3391.27,3382.98,3389.79,4988,18,0
2025-06-03 02:00:00,3389.79,3391.94,3383.07,3387.98,4842,18,0
2025-06-03 03:00:00,3387.99,3389.21,3373.0,3375.02,8797,18,0
2025-06-03 04:00:00,3375.02,3376.42,3363.89,3373.4,15616,18,0
2025-06-03 05:00:00,3373.32,3378.56,3363.72,3368.02,9258,18,0
2025-06-03 06:00:00,3367.88,3368.9,3358.92,3361.2,6776,18,0
2025-06-03 07:00:00,3361.25,3365.11,3359.12,3362.58,5047,18,0
2025-06-03 08:00:00,3362.62,3367.87,3356.23,3364.88,6754,18,0
2025-06-03 09:00:00,3364.84,3367.36,3351.03,3358.83,8838,18,0
2025-06-03 10:00:00,3358.78,3361.29,3352.53,3359.67,8116,18,0
2025-06-03 11:00:00,3359.67,3364.77,3359.67,3361.25,6361,18,0
2025-06-03 12:00:00,3361.26,3362.73,3355.03,3356.86,6473,18,0
2025-06-03 13:00:00,3356.88,3358.62,3354.87,3355.48,4569,18,0
2025-06-03 14:00:00,3355.48,3360.47,3353.43,3359.34,4863,18,0
2025-06-03 15:00:00,3359.3,3363.03,3348.86,3359.37,9629,18,0
2025-06-03 16:00:00,3359.42,3363.06,3340.9,3345.68,14722,18,0
2025-06-03 17:00:00,3345.89,3350.15,3333.05,3346.52,17449,18,0
2025-06-03 18:00:00,3346.52,3351.49,3344.04,3350.28,10480,18,0
2025-06-03 19:00:00,3350.3,3353.54,3344.58,3348.49,8512,18,0
2025-06-03 20:00:00,3348.47,3354.57,3347.41,3353.11,6522,18,0
2025-06-03 21:00:00,3353.09,3353.72,3350.39,3353.52,4126,18,0
2025-06-03 22:00:00,3353.52,3355.39,3351.27,3352.59,4224,18,0
2025-06-03 23:00:00,3352.56,3355.27,3352.56,3353.16,2438,18,0
2025-06-04 01:00:00,3355.64,3358.38,3354.71,3357.2,2224,18,0
2025-06-04 02:00:00,3357.22,3361.42,3355.08,3359.72,3332,18,0
2025-06-04 03:00:00,3359.83,3359.97,3349.86,3350.04,7823,18,0
2025-06-04 04:00:00,3350.05,3372.22,3346.32,3370.68,11476,18,0
2025-06-04 05:00:00,3370.68,3372.61,3362.73,3365.37,6255,18,0
2025-06-04 06:00:00,3365.33,3367.41,3358.38,3359.16,5200,18,0
2025-06-04 07:00:00,3359.17,3361.44,3352.32,3354.66,5625,18,0
2025-06-04 08:00:00,3354.66,3356.38,3348.06,3351.02,6841,18,0
2025-06-04 09:00:00,3351.03,3358.32,3348.95,3355.55,8302,18,0
2025-06-04 10:00:00,3355.68,3365.12,3353.59,3354.7,7017,18,0
2025-06-04 11:00:00,3354.49,3364.24,3351.69,3362.8,6924,18,0
2025-06-04 12:00:00,3362.81,3365.06,3359.43,3362.99,6081,18,0
2025-06-04 13:00:00,3362.99,3363.96,3347.29,3350.73,7552,18,0
2025-06-04 14:00:00,3350.73,3351.86,3343.75,3346.42,6636,18,0
2025-06-04 15:00:00,3346.5,3360.68,3344.38,3358.94,14155,18,0
2025-06-04 16:00:00,3358.94,3362.8,3350.79,3352.92,13393,18,0
2025-06-04 17:00:00,3352.92,3384.65,3351.05,3377.31,18645,18,0
2025-06-04 18:00:00,3377.2,3378.9,3369.65,3371.59,11348,18,0
2025-06-04 19:00:00,3371.6,3376.26,3370.89,3375.05,7108,18,0
2025-06-04 20:00:00,3374.87,3380.88,3372.86,3379.05,6322,18,0
2025-06-04 21:00:00,3379.05,3382.06,3374.94,3376.17,4801,18,0
2025-06-04 22:00:00,3376.07,3376.23,3371.88,3373.49,4902,18,0
2025-06-04 23:00:00,3373.4,3374.98,3370.55,3373.66,3060,18,0
2025-06-05 01:00:00,3373.52,3375.87,3372.31,3373.49,2099,18,0
2025-06-05 02:00:00,3373.62,3378.97,3372.4,3378.07,2907,18,0
2025-06-05 03:00:00,3378.05,3381.75,3372.29,3380.06,7726,18,0
2025-06-05 04:00:00,3380.06,3384.06,3370.55,3373.7,10569,18,0
2025-06-05 05:00:00,3373.66,3375.12,3368.14,3370.78,6173,18,0
2025-06-05 06:00:00,3370.77,3377.3,3369.22,3369.74,5321,18,0
2025-06-05 07:00:00,3369.69,3372.49,3363.78,3368.38,6011,18,0
2025-06-05 08:00:00,3368.41,3369.68,3361.12,3364.33,6289,18,0
2025-06-05 09:00:00,3364.33,3369.96,3363.8,3365.99,6119,18,0
2025-06-05 10:00:00,3365.88,3374.44,3365.4,3371.21,5980,18,0
2025-06-05 11:00:00,3371.19,3376.95,3369.76,3375.23,6240,18,0
2025-06-05 12:00:00,3375.25,3391.33,3374.03,3389.59,12581,18,0
2025-06-05 13:00:00,3389.55,3400.49,3388.22,3399.85,10563,18,0
2025-06-05 14:00:00,3399.9,3403.61,3391.64,3392.12,11411,18,0
2025-06-05 15:00:00,3392.13,3399.78,3377.62,3382.9,17826,18,0
2025-06-05 16:00:00,3382.91,3388.39,3371.09,3378.16,28717,18,0
2025-06-05 17:00:00,3378.52,3383.2,3363.8,3367.59,24998,18,0
2025-06-05 18:00:00,3367.54,3373.09,3339.28,3344.69,24738,18,0
2025-06-05 19:00:00,3344.64,3356.46,3339.79,3354.03,16013,18,0
2025-06-05 20:00:00,3354.08,3354.75,3348.9,3353.9,9941,18,0
2025-06-05 21:00:00,3353.87,3355.93,3350.43,3353.41,8217,18,0
2025-06-05 22:00:00,3353.42,3361.3,3352.95,3356.6,11016,18,0
2025-06-05 23:00:00,3356.62,3357.68,3352.0,3352.58,3701,18,0
2025-06-06 01:00:00,3354.31,3363.43,3352.87,3358.85,4886,18,0
2025-06-06 02:00:00,3358.85,3362.52,3357.24,3361.79,3132,18,0
2025-06-06 03:00:00,3361.74,3364.11,3357.25,3359.29,5816,18,0
2025-06-06 04:00:00,3359.34,3368.49,3356.45,3363.78,10041,18,0
2025-06-06 05:00:00,3364.27,3366.45,3362.03,3363.88,7497,18,0
2025-06-06 06:00:00,3363.89,3371.84,3359.3,3369.75,6619,18,0
2025-06-06 07:00:00,3369.78,3374.51,3368.93,3373.62,5814,18,0
2025-06-06 08:00:00,3373.54,3375.54,3362.14,3365.99,8246,18,0
2025-06-06 09:00:00,3365.99,3366.99,3356.06,3360.76,11096,18,0
2025-06-06 10:00:00,3360.77,3362.43,3352.86,3359.43,8918,18,0
2025-06-06 11:00:00,3359.6,3367.77,3358.43,3365.39,7574,18,0
2025-06-06 12:00:00,3365.4,3365.42,3352.85,3356.74,7378,18,0
2025-06-06 13:00:00,3356.74,3360.91,3355.96,3360.6,5014,18,0
2025-06-06 14:00:00,3360.67,3364.26,3358.17,3358.35,6884,18,0
2025-06-06 15:00:00,3358.46,3364.24,3343.53,3353.36,21620,18,0
2025-06-06 16:00:00,3353.3,3360.91,3342.57,3343.24,26514,18,0
2025-06-06 17:00:00,3343.07,3344.97,3316.35,3326.11,27082,18,0
2025-06-06 18:00:00,3326.13,3336.78,3323.3,3332.02,15824,18,0
2025-06-06 19:00:00,3331.84,3332.68,3320.8,3322.66,11778,18,0
2025-06-06 20:00:00,3322.66,3326.74,3321.31,3323.46,8601,18,0
2025-06-06 21:00:00,3323.61,3324.04,3313.69,3317.42,7135,18,0
2025-06-06 22:00:00,3317.49,3318.89,3311.32,3312.4,7276,18,0
2025-06-06 23:00:00,3312.39,3312.82,3307.01,3311.2,4274,18,0
2025-06-09 01:00:00,3315.13,3321.08,3309.1,3314.71,4864,18,0
2025-06-09 02:00:00,3314.7,3318.46,3313.28,3317.9,4172,18,0
2025-06-09 03:00:00,3317.91,3318.59,3298.16,3305.47,10669,18,0
2025-06-09 04:00:00,3305.71,3309.28,3294.9,3296.0,12047,18,0
2025-06-09 05:00:00,3296.15,3307.45,3293.38,3305.45,8445,18,0
2025-06-09 06:00:00,3305.51,3311.84,3304.18,3310.67,6134,18,0
2025-06-09 07:00:00,3310.84,3313.44,3309.19,3311.68,4109,18,0
2025-06-09 08:00:00,3311.75,3316.56,3309.53,3314.48,6249,18,0
2025-06-09 09:00:00,3314.59,3324.91,3312.33,3324.38,7479,18,0
2025-06-09 10:00:00,3324.26,3328.53,3321.64,3324.15,7761,18,0
2025-06-09 11:00:00,3324.15,3325.71,3319.79,3319.85,6934,18,0
2025-06-09 12:00:00,3319.85,3323.44,3316.91,3318.62,6238,18,0
2025-06-09 13:00:00,3318.67,3319.7,3312.09,3314.78,4903,18,0
2025-06-09 14:00:00,3314.82,3321.35,3313.65,3317.41,6224,18,0
2025-06-09 15:00:00,3317.49,3322.43,3313.03,3320.01,8013,18,0
2025-06-09 16:00:00,3319.92,3321.64,3310.79,3319.19,14992,18,0
2025-06-09 17:00:00,3319.09,3326.72,3316.1,3320.82,12582,18,0
2025-06-09 18:00:00,3320.82,3332.1,3320.35,3328.7,9623,18,0
2025-06-09 19:00:00,3328.71,3337.85,3327.53,3337.67,8534,18,0
2025-06-09 20:00:00,3337.93,3338.18,3332.94,3333.56,5922,18,0
2025-06-09 21:00:00,3333.54,3336.96,3332.65,3333.16,4645,18,0
2025-06-09 22:00:00,3333.16,3335.42,3325.79,3327.11,5979,18,0
2025-06-09 23:00:00,3327.04,3329.5,3324.85,3325.59,2926,18,0
2025-06-10 01:00:00,3326.92,3326.98,3321.57,3323.65,3358,18,0
2025-06-10 02:00:00,3323.64,3327.83,3323.64,3326.67,2490,18,0
2025-06-10 03:00:00,3326.71,3326.72,3314.44,3316.49,9281,18,0
2025-06-10 04:00:00,3316.49,3319.94,3302.87,3306.25,13418,18,0
2025-06-10 05:00:00,3306.25,3310.3,3301.82,3309.38,8988,18,0
2025-06-10 06:00:00,3309.37,3310.3,3304.95,3307.72,6062,18,0
2025-06-10 07:00:00,3307.7,3308.72,3302.78,3307.27,4337,18,0
2025-06-10 08:00:00,3307.33,3319.14,3306.74,3318.01,9655,18,0
2025-06-10 09:00:00,3318.17,3330.52,3315.47,3324.95,9511,18,0
2025-06-10 10:00:00,3325.0,3332.18,3323.98,3330.01,7954,18,0
2025-06-10 11:00:00,3330.07,3334.88,3326.21,3329.36,6707,18,0
2025-06-10 12:00:00,3329.37,3331.82,3327.19,3329.73,4779,18,0
2025-06-10 13:00:00,3329.73,3336.2,3328.52,3335.26,5272,18,0
2025-06-10 14:00:00,3335.26,3342.44,3332.28,3333.68,6800,18,0
2025-06-10 15:00:00,3333.8,3340.34,3328.4,3337.25,10025,18,0
2025-06-10 16:00:00,3337.25,3349.19,3335.54,3343.64,14443,18,0
2025-06-10 17:00:00,3343.64,3343.69,3325.48,3328.54,16546,18,0
2025-06-10 18:00:00,3328.53,3329.29,3323.2,3326.69,13130,18,0
2025-06-10 19:00:00,3326.73,3327.71,3319.87,3321.31,8869,18,0
2025-06-10 20:00:00,3321.25,3325.82,3320.38,3324.74,7118,18,0
2025-06-10 21:00:00,3324.74,3325.34,3319.35,3321.51,5752,18,0
2025-06-10 22:00:00,3321.44,3334.52,3321.44,3328.67,6986,18,0
2025-06-10 23:00:00,3328.67,3328.91,3322.36,3322.48,4043,18,0
2025-06-11 01:00:00,3321.34,3327.39,3320.77,3324.37,3477,18,0
2025-06-11 02:00:00,3324.39,3328.06,3315.41,3327.87,6001,18,0
2025-06-11 03:00:00,3327.89,3335.06,3325.12,3332.3,8181,18,0
2025-06-11 04:00:00,3332.29,3337.39,3327.52,3328.48,8548,18,0
2025-06-11 05:00:00,3328.44,3339.54,3327.19,3338.3,6379,18,0
2025-06-11 06:00:00,3338.3,3341.6,3336.33,3339.42,4911,18,0
2025-06-11 07:00:00,3339.42,3342.85,3336.85,3341.68,4511,18,0
2025-06-11 08:00:00,3341.69,3343.08,3335.5,3339.63,5644,18,0
2025-06-11 09:00:00,3339.66,3340.19,3332.44,3337.93,7825,18,0
2025-06-11 10:00:00,3337.9,3347.89,3335.49,3345.05,7509,18,0
2025-06-11 11:00:00,3344.95,3346.77,3342.45,3344.57,5934,18,0
2025-06-11 12:00:00,3344.54,3344.73,3331.23,3333.76,10510,18,0
2025-06-11 13:00:00,3333.75,3336.83,3328.52,3329.81,6287,18,0
2025-06-11 14:00:00,3329.81,3335.28,3326.13,3333.17,7420,18,0
2025-06-11 15:00:00,3333.2,3360.57,3327.22,3336.72,22041,18,0
2025-06-11 16:00:00,3336.76,3344.5,3327.69,3329.88,21043,18,0
2025-06-11 17:00:00,3329.53,3341.25,3328.53,3337.53,15265,18,0
2025-06-11 18:00:00,3337.56,3342.79,3329.57,3333.29,12032,18,0
2025-06-11 19:00:00,3333.29,3334.45,3328.11,3330.16,8980,18,0
2025-06-11 20:00:00,3330.18,3331.37,3319.44,3324.23,10981,18,0
2025-06-11 21:00:00,3324.38,3347.18,3323.83,3343.88,14314,18,0
2025-06-11 22:00:00,3343.88,3349.19,3342.33,3346.77,8800,18,0
2025-06-11 23:00:00,3346.74,3355.71,3346.53,3355.7,4235,18,0
2025-06-12 01:00:00,3358.33,3369.64,3356.12,3369.01,6327,18,0
2025-06-12 02:00:00,3368.96,3373.41,3357.62,3365.32,8281,18,0
2025-06-12 03:00:00,3365.33,3371.31,3362.12,3365.72,11101,18,0
2025-06-12 04:00:00,3365.72,3376.91,3362.43,3371.11,12645,18,0
2025-06-12 05:00:00,3370.95,3377.17,3368.75,3373.93,9195,18,0
2025-06-12 06:00:00,3373.93,3376.05,3371.6,3373.34,6650,18,0
2025-06-12 07:00:00,3373.35,3373.83,3369.44,3370.36,3989,18,0
2025-06-12 08:00:00,3370.36,3375.73,3367.65,3374.51,5996,18,0
2025-06-12 09:00:00,3374.6,3375.6,3365.22,3374.98,8493,18,0
2025-06-12 10:00:00,3374.91,3375.21,3338.47,3346.19,14916,18,0
2025-06-12 11:00:00,3346.34,3361.19,3346.34,3356.81,12096,18,0
2025-06-12 12:00:00,3356.8,3368.34,3355.4,3366.12,8612,18,0
2025-06-12 13:00:00,3366.12,3386.38,3363.23,3382.46,10375,18,0
2025-06-12 14:00:00,3382.5,3388.6,3373.26,3379.21,10445,18,0
2025-06-12 15:00:00,3379.19,3390.39,3376.39,3388.24,14928,18,0
2025-06-12 16:00:00,3388.4,3398.91,3379.29,3392.13,21980,18,0
2025-06-12 17:00:00,3391.95,3393.03,3383.03,3383.94,19402,18,0
2025-06-12 18:00:00,3383.9,3390.25,3377.78,3385.81,16179,18,0
2025-06-12 19:00:00,3385.81,3391.2,3380.96,3383.69,11484,18,0
2025-06-12 20:00:00,3383.69,3385.05,3378.07,3382.66,8233,18,0
2025-06-12 21:00:00,3382.61,3386.26,3381.96,3385.91,6994,18,0
2025-06-12 22:00:00,3385.61,3389.36,3384.77,3388.23,6122,18,0
2025-06-12 23:00:00,3388.22,3388.97,3384.73,3385.68,2918,18,0
2025-06-13 01:00:00,3386.21,3386.24,3379.58,3383.28,3444,18,0
2025-06-13 02:00:00,3383.11,3396.16,3382.55,3395.72,4614,18,0
2025-06-13 03:00:00,3395.68,3420.38,3391.68,3417.03,25830,18,0
2025-06-13 04:00:00,3415.99,3433.33,3414.07,3427.64,19689,18,0
2025-06-13 05:00:00,3427.55,3444.01,3424.74,3441.3,15384,18,0
2025-06-13 06:00:00,3441.3,3444.41,3423.67,3425.52,13575,18,0
2025-06-13 07:00:00,3425.39,3430.3,3422.69,3425.29,7097,18,0
2025-06-13 08:00:00,3425.34,3428.8,3418.0,3426.09,9798,18,0
2025-06-13 09:00:00,3426.08,3428.64,3408.37,3416.24,14107,18,0
2025-06-13 10:00:00,3416.24,3418.94,3407.96,3414.95,11359,18,0
2025-06-13 11:00:00,3414.95,3426.1,3414.33,3424.37,8731,18,0
2025-06-13 12:00:00,3424.41,3427.42,3420.04,3424.37,10783,18,0
2025-06-13 13:00:00,3424.39,3427.57,3411.6,3415.85,11382,18,0
2025-06-13 14:00:00,3415.86,3423.02,3412.58,3422.32,10106,18,0
2025-06-13 15:00:00,3422.32,3438.18,3421.65,3436.67,11907,18,0
2025-06-13 16:00:00,3436.64,3446.68,3433.92,3436.78,20681,18,0
2025-06-13 17:00:00,3436.73,3439.85,3423.68,3428.03,20819,18,0
2025-06-13 18:00:00,3427.87,3430.43,3421.02,3426.24,15070,18,0
2025-06-13 19:00:00,3426.28,3431.11,3419.2,3430.02,9336,18,0
2025-06-13 20:00:00,3429.99,3433.41,3427.4,3430.35,9693,18,0
2025-06-13 21:00:00,3430.41,3439.47,3428.6,3436.63,12125,18,0
2025-06-13 22:00:00,3436.58,3438.15,3431.61,3432.3,8364,18,0
2025-06-13 23:00:00,3432.3,3434.74,3428.9,3433.49,4977,18,0
2025-06-16 01:00:00,3441.69,3451.01,3436.38,3448.22,8867,18,0
2025-06-16 02:00:00,3448.22,3449.96,3439.5,3444.19,7419,18,0
2025-06-16 03:00:00,3443.99,3451.15,3434.12,3436.1,11221,18,0
2025-06-16 04:00:00,3436.2,3443.13,3433.09,3441.33,10654,18,0
2025-06-16 05:00:00,3441.35,3446.32,3437.86,3438.46,8728,18,0
2025-06-16 06:00:00,3438.37,3439.62,3429.16,3431.43,7098,18,0
2025-06-16 07:00:00,3431.42,3433.32,3426.8,3427.47,5542,18,0
2025-06-16 08:00:00,3427.6,3430.32,3417.8,3421.59,9839,18,0
2025-06-16 09:00:00,3421.57,3421.57,3412.94,3418.15,11080,18,0
2025-06-16 10:00:00,3418.16,3419.72,3409.48,3412.66,8623,18,0
2025-06-16 11:00:00,3412.66,3418.46,3409.85,3413.25,7993,18,0
2025-06-16 12:00:00,3413.29,3419.5,3411.87,3412.05,7492,18,0
2025-06-16 13:00:00,3412.22,3421.26,3410.68,3421.08,6911,18,0
2025-06-16 14:00:00,3421.08,3422.63,3410.9,3415.12,7409,18,0
2025-06-16 15:00:00,3415.12,3417.78,3411.11,3415.52,11163,18,0
2025-06-16 16:00:00,3415.52,3418.14,3382.75,3388.17,22367,18,0
2025-06-16 17:00:00,3388.29,3399.45,3387.34,3396.98,20087,18,0
2025-06-16 18:00:00,3397.06,3405.79,3397.06,3404.5,12629,18,0
2025-06-16 19:00:00,3404.43,3404.92,3397.35,3399.37,8627,18,0
2025-06-16 20:00:00,3399.36,3400.32,3391.03,3392.57,7939,18,0
2025-06-16 21:00:00,3392.57,3394.0,3384.16,3385.27,6681,18,0
2025-06-16 22:00:00,3385.35,3388.47,3382.76,3384.06,8016,18,0
2025-06-16 23:00:00,3383.91,3386.0,3383.31,3384.62,3288,18,0
2025-06-17 01:00:00,3386.7,3398.43,3386.08,3395.43,5112,18,0
2025-06-17 02:00:00,3395.41,3403.43,3392.92,3403.36,7268,18,0
2025-06-17 03:00:00,3403.38,3403.92,3392.15,3394.79,9362,18,0
2025-06-17 04:00:00,3394.85,3403.22,3393.91,3394.32,9338,18,0
2025-06-17 05:00:00,3394.28,3400.32,3388.61,3389.99,7581,18,0
2025-06-17 06:00:00,3389.98,3392.62,3373.77,3387.49,10790,18,0
2025-06-17 07:00:00,3387.48,3396.21,3386.88,3393.9,6031,18,0
2025-06-17 08:00:00,3393.95,3395.48,3390.54,3392.55,5666,18,0
2025-06-17 09:00:00,3392.54,3392.54,3381.03,3385.39,9172,18,0
2025-06-17 10:00:00,3385.53,3391.93,3383.17,3387.71,7126,18,0
2025-06-17 11:00:00,3387.71,3388.59,3377.84,3378.88,7712,18,0
2025-06-17 12:00:00,3378.86,3386.55,3375.7,3386.34,7995,18,0
2025-06-17 13:00:00,3386.34,3398.69,3386.16,3398.12,8736,18,0
2025-06-17 14:00:00,3398.14,3400.14,3388.17,3388.54,8463,18,0
2025-06-17 15:00:00,3388.64,3391.49,3383.47,3386.73,12613,18,0
2025-06-17 16:00:00,3386.77,3397.38,3385.87,3390.46,18423,18,0
2025-06-17 17:00:00,3390.44,3391.91,3366.1,3384.89,20325,18,0
2025-06-17 18:00:00,3384.89,3388.28,3372.57,3379.25,11794,18,0
2025-06-17 19:00:00,3379.32,3385.81,3376.7,3382.88,10253,18,0
2025-06-17 20:00:00,3382.91,3391.23,3381.3,3390.42,10576,18,0
2025-06-17 21:00:00,3390.41,3392.45,3382.44,3382.74,7998,18,0
2025-06-17 22:00:00,3382.76,3386.39,3382.4,3385.66,6859,18,0
2025-06-17 23:00:00,3385.65,3390.3,3383.63,3388.53,3951,18,0
2025-06-18 01:00:00,3392.18,3396.06,3388.63,3388.68,3845,18,0
2025-06-18 02:00:00,3388.84,3390.35,3384.87,3387.16,3756,18,0
2025-06-18 03:00:00,3386.96,3388.12,3382.26,3385.25,7054,18,0
2025-06-18 04:00:00,3385.24,3389.24,3379.44,3379.72,8608,18,0
2025-06-18 05:00:00,3379.58,3379.63,3369.88,3379.36,8075,18,0
2025-06-18 06:00:00,3379.36,3391.04,3379.25,3390.54,6296,18,0
2025-06-18 07:00:00,3390.49,3400.0,3388.72,3395.89,5767,18,0
2025-06-18 08:00:00,3395.94,3396.3,3383.82,3385.82,7908,18,0
2025-06-18 09:00:00,3385.76,3386.31,3380.06,3382.98,8881,18,0
2025-06-18 10:00:00,3383.07,3386.12,3377.12,3385.91,6901,18,0
2025-06-18 11:00:00,3385.85,3388.35,3382.5,3383.58,5904,18,0
2025-06-18 12:00:00,3383.57,3385.6,3375.45,3378.02,5170,18,0
2025-06-18 13:00:00,3378.02,3382.32,3375.71,3380.18,6041,18,0
2025-06-18 14:00:00,3380.25,3387.01,3379.0,3382.06,6766,18,0
2025-06-18 15:00:00,3381.95,3389.85,3381.66,3386.55,9319,18,0
2025-06-18 16:00:00,3386.58,3396.85,3385.62,3392.27,12394,18,0
2025-06-18 17:00:00,3392.27,3392.46,3373.83,3386.9,20728,18,0
2025-06-18 18:00:00,3387.08,3392.85,3381.42,3392.68,10008,18,0
2025-06-18 19:00:00,3392.69,3394.58,3389.93,3391.08,7329,18,0
2025-06-18 20:00:00,3391.07,3391.23,3384.09,3384.36,6001,18,0
2025-06-18 21:00:00,3383.16,3395.65,3378.27,3379.09,19603,18,0
2025-06-18 22:00:00,3379.09,3379.09,3362.83,3366.66,18496,18,0
2025-06-18 23:00:00,3366.68,3369.22,3362.42,3368.33,5729,18,0
2025-06-19 01:00:00,3370.07,3379.62,3369.31,3375.07,4421,18,0
2025-06-19 02:00:00,3375.17,3377.07,3370.71,3375.68,4627,18,0
2025-06-19 03:00:00,3375.79,3383.92,3375.36,3379.59,6132,18,0
2025-06-19 04:00:00,3379.53,3387.5,3374.73,3375.17,9603,18,0
2025-06-19 05:00:00,3375.17,3380.13,3374.36,3376.11,5296,18,0
2025-06-19 06:00:00,3376.14,3376.64,3368.93,3373.68,5022,18,0
2025-06-19 07:00:00,3373.67,3375.1,3371.96,3374.51,2736,18,0
2025-06-19 08:00:00,3374.5,3375.2,3360.3,3364.49,7297,18,0
2025-06-19 09:00:00,3364.45,3364.7,3347.42,3357.42,16193,18,0
2025-06-19 10:00:00,3357.42,3369.09,3350.73,3365.95,11670,18,0
2025-06-19 11:00:00,3365.97,3371.58,3362.23,3368.7,7712,18,0
2025-06-19 12:00:00,3368.7,3373.68,3363.69,3370.27,6685,18,0
2025-06-19 13:00:00,3370.27,3378.91,3369.08,3374.87,5885,18,0
2025-06-19 14:00:00,3374.95,3375.49,3370.44,3371.96,5057,18,0
2025-06-19 15:00:00,3371.96,3372.51,3363.76,3367.9,7208,18,0
2025-06-19 16:00:00,3368.05,3373.04,3361.52,3369.42,9390,18,0
2025-06-19 17:00:00,3369.42,3370.9,3361.63,3364.63,8356,18,0
2025-06-19 18:00:00,3364.59,3371.96,3362.05,3369.31,8870,18,0
2025-06-19 19:00:00,3369.31,3371.65,3366.02,3371.2,5525,18,0
2025-06-19 20:00:00,3371.19,3374.06,3370.88,3373.17,1123,18,0
2025-06-20 01:00:00,3369.14,3370.44,3361.85,3365.66,4291,18,0
2025-06-20 02:00:00,3365.74,3370.44,3363.57,3368.47,3885,18,0
2025-06-20 03:00:00,3368.46,3369.63,3363.92,3367.99,5876,18,0
2025-06-20 04:00:00,3368.02,3368.32,3356.71,3356.97,8742,18,0
2025-06-20 05:00:00,3357.02,3361.26,3352.15,3352.98,9073,18,0
2025-06-20 06:00:00,3353.06,3356.26,3345.19,3355.46,8595,18,0
2025-06-20 07:00:00,3355.47,3356.92,3351.86,3353.64,4456,18,0
2025-06-20 08:00:00,3353.63,3354.64,3341.86,3344.1,6756,18,0
2025-06-20 09:00:00,3344.1,3348.04,3339.64,3344.7,9023,18,0
2025-06-20 10:00:00,3344.69,3354.62,3342.66,3347.67,7441,18,0
2025-06-20 11:00:00,3347.62,3352.44,3346.74,3350.96,6420,18,0
2025-06-20 12:00:00,3350.93,3359.19,3349.15,3355.33,6220,18,0
2025-06-20 13:00:00,3355.44,3357.92,3354.99,3355.36,3950,18,0
2025-06-20 14:00:00,3355.34,3356.07,3346.47,3347.07,7201,18,0
2025-06-20 15:00:00,3347.07,3350.76,3341.98,3344.52,10511,18,0
2025-06-20 16:00:00,3344.52,3373.79,3343.0,3370.18,16169,18,0
2025-06-20 17:00:00,3370.15,3374.43,3365.22,3369.23,13547,18,0
2025-06-20 18:00:00,3369.28,3371.72,3365.9,3369.8,8843,18,0
2025-06-20 19:00:00,3369.81,3373.32,3367.68,3371.45,6108,18,0
2025-06-20 20:00:00,3371.45,3371.68,3366.51,3367.35,5775,18,0
2025-06-20 21:00:00,3367.36,3367.91,3364.62,3366.67,4292,18,0
2025-06-20 22:00:00,3366.69,3370.75,3364.85,3365.56,4414,18,0
2025-06-20 23:00:00,3365.53,3369.24,3364.67,3368.21,3092,18,0
2025-06-23 01:00:00,3391.65,3394.39,3372.18,3378.88,10061,18,0
2025-06-23 02:00:00,3378.88,3380.35,3371.22,3372.58,6607,18,0
2025-06-23 03:00:00,3372.71,3373.42,3358.42,3365.52,9670,18,0
2025-06-23 04:00:00,3365.52,3368.06,3351.86,3355.2,11346,18,0
2025-06-23 05:00:00,3355.19,3364.92,3354.75,3361.48,6830,18,0
2025-06-23 06:00:00,3361.5,3366.28,3360.35,3363.27,5238,18,0
2025-06-23 07:00:00,3363.29,3365.05,3356.77,3358.47,3857,18,0
2025-06-23 08:00:00,3358.47,3360.56,3347.02,3356.76,7483,18,0
2025-06-23 09:00:00,3356.78,3359.78,3352.66,3357.54,7101,18,0
2025-06-23 10:00:00,3357.55,3358.76,3351.6,3357.52,5822,18,0
2025-06-23 11:00:00,3357.64,3362.35,3357.64,3361.89,6371,18,0
2025-06-23 12:00:00,3361.78,3368.99,3361.58,3366.53,7359,18,0
2025-06-23 13:00:00,3366.53,3368.17,3363.9,3367.76,5048,18,0
2025-06-23 14:00:00,3367.89,3382.12,3367.89,3380.67,8665,18,0
2025-06-23 15:00:00,3380.69,3380.97,3355.92,3360.49,11670,18,0
2025-06-23 16:00:00,3360.48,3387.7,3359.68,3380.63,16728,18,0
2025-06-23 17:00:00,3380.51,3386.73,3369.86,3386.38,16431,18,0
2025-06-23 18:00:00,3386.38,3389.79,3384.51,3387.25,10220,18,0
2025-06-23 19:00:00,3387.38,3393.53,3380.47,3389.71,12969,18,0
2025-06-23 20:00:00,3389.71,3391.46,3375.57,3382.44,14111,18,0
2025-06-23 21:00:00,3382.52,3387.52,3376.78,3378.53,8906,18,0
2025-06-23 22:00:00,3378.59,3382.06,3375.63,3376.33,6281,18,0
2025-06-23 23:00:00,3376.31,3377.28,3367.13,3368.43,4692,18,0
2025-06-24 01:00:00,3368.78,3368.78,3350.21,3355.21,8202,18,0
2025-06-24 02:00:00,3355.22,3357.33,3341.18,3344.17,9022,18,0
2025-06-24 03:00:00,3344.21,3355.12,3333.16,3351.03,11558,18,0
2025-06-24 04:00:00,3351.07,3354.31,3342.13,3347.69,12008,18,0
2025-06-24 05:00:00,3347.57,3352.85,3345.91,3351.8,6510,18,0
2025-06-24 06:00:00,3351.8,3357.67,3351.46,3352.45,5488,18,0
2025-06-24 07:00:00,3352.44,3353.37,3347.05,3348.5,4121,18,0
2025-06-24 08:00:00,3348.45,3348.76,3326.61,3331.95,9833,18,0
2025-06-24 09:00:00,3332.04,3333.02,3316.03,3322.75,13993,18,0
2025-06-24 10:00:00,3322.76,3331.77,3316.58,3329.56,13052,18,0
2025-06-24 11:00:00,3329.89,3332.43,3324.68,3327.3,8126,18,0
2025-06-24 12:00:00,3327.3,3328.71,3317.94,3318.6,8132,18,0
2025-06-24 13:00:00,3318.58,3327.66,3318.51,3325.55,4936,18,0
2025-06-24 14:00:00,3325.54,3328.91,3317.87,3321.2,7561,18,0
2025-06-24 15:00:00,3321.11,3321.17,3304.56,3314.62,15964,18,0
2025-06-24 16:00:00,3314.59,3317.85,3295.44,3301.91,21464,18,0
2025-06-24 17:00:00,3301.78,3310.31,3298.76,3304.55,16766,18,0
2025-06-24 18:00:00,3304.61,3317.05,3299.81,3313.25,12902,18,0
2025-06-24 19:00:00,3313.26,3320.45,3311.27,3318.39,7710,18,0
2025-06-24 20:00:00,3318.44,3321.18,3317.84,3317.89,7553,18,0
2025-06-24 21:00:00,3317.92,3319.02,3315.71,3317.26,5382,18,0
2025-06-24 22:00:00,3317.26,3325.15,3316.09,3323.58,6193,18,0
2025-06-24 23:00:00,3323.55,3324.41,3321.62,3323.13,2799,18,0
2025-06-25 01:00:00,3324.77,3324.77,3320.71,3321.46,2238,18,0
2025-06-25 02:00:00,3321.62,3324.79,3321.46,3324.1,2068,18,0
2025-06-25 03:00:00,3324.0,3330.0,3323.52,3326.82,5190,18,0
2025-06-25 04:00:00,3326.82,3334.85,3326.3,3334.61,7668,18,0
2025-06-25 05:00:00,3334.59,3335.14,3327.73,3329.35,5181,18,0
2025-06-25 06:00:00,3329.35,3332.03,3327.22,3328.38,4853,18,0
2025-06-25 07:00:00,3328.39,3329.27,3325.69,3327.47,3115,18,0
2025-06-25 08:00:00,3327.4,3333.72,3326.7,3331.58,4148,18,0
2025-06-25 09:00:00,3331.6,3333.43,3328.99,3331.72,4038,18,0
2025-06-25 10:00:00,3331.71,3337.11,3326.74,3330.58,6720,18,0
2025-06-25 11:00:00,3330.59,3332.31,3326.47,3327.31,6294,18,0
2025-06-25 12:00:00,3327.37,3327.37,3321.44,3325.33,5215,18,0
2025-06-25 13:00:00,3325.29,3329.48,3324.14,3324.48,4607,18,0
2025-06-25 14:00:00,3324.47,3329.49,3322.13,3322.66,6316,18,0
2025-06-25 15:00:00,3322.66,3329.5,3318.12,3320.6,7256,18,0
2025-06-25 16:00:00,3320.62,3321.66,3311.96,3314.38,11376,18,0
2025-06-25 17:00:00,3314.38,3326.29,3312.23,3323.52,11240,18,0
2025-06-25 18:00:00,3323.51,3327.16,3321.62,3325.64,8260,18,0
2025-06-25 19:00:00,3325.66,3335.14,3324.11,3334.71,8717,18,0
2025-06-25 20:00:00,3334.71,3335.34,3324.63,3328.05,9241,18,0
2025-06-25 21:00:00,3328.04,3331.75,3326.25,3331.59,6687,18,0
2025-06-25 22:00:00,3331.59,3336.08,3330.31,3333.65,6361,18,0
2025-06-25 23:00:00,3333.79,3335.55,3331.26,3332.13,3327,18,0
2025-06-26 01:00:00,3334.95,3335.18,3331.16,3333.05,2563,18,0
2025-06-26 02:00:00,3333.06,3340.17,3332.68,3338.9,3847,18,0
2025-06-26 03:00:00,3338.91,3339.3,3332.07,3333.9,5558,18,0
2025-06-26 04:00:00,3334.0,3336.8,3329.23,3330.21,6989,18,0
2025-06-26 05:00:00,3330.13,3341.78,3329.23,3339.45,6044,18,0
2025-06-26 06:00:00,3339.46,3343.16,3336.4,3337.96,5325,18,0
2025-06-26 07:00:00,3337.96,3338.09,3333.27,3334.0,3681,18,0
2025-06-26 08:00:00,3334.01,3338.25,3332.32,3334.14,5234,18,0
2025-06-26 09:00:00,3334.14,3340.4,3331.02,3339.94,7367,18,0
2025-06-26 10:00:00,3339.88,3347.17,3339.76,3346.15,5464,18,0
2025-06-26 11:00:00,3346.12,3350.29,3344.36,3348.25,7102,18,0
2025-06-26 12:00:00,3348.1,3348.66,3338.67,3340.7,7338,18,0
2025-06-26 13:00:00,3340.68,3343.46,3337.87,3343.3,3730,18,0
2025-06-26 14:00:00,3343.3,3344.1,3331.46,3332.87,6236,18,0
2025-06-26 15:00:00,3332.87,3344.02,3321.55,3321.99,13033,18,0
2025-06-26 16:00:00,3321.99,3328.74,3309.93,3319.93,22033,18,0
2025-06-26 17:00:00,3319.93,3323.83,3311.92,3318.36,15757,18,0
2025-06-26 18:00:00,3318.39,3324.95,3318.39,3324.81,8557,18,0
2025-06-26 19:00:00,3324.84,3333.33,3323.73,3331.41,8725,18,0
2025-06-26 20:00:00,3331.39,3336.31,3331.2,3332.74,7916,18,0
2025-06-26 21:00:00,3332.73,3334.87,3331.23,3334.08,5237,18,0
2025-06-26 22:00:00,3334.08,3334.31,3328.28,3331.28,5073,18,0
2025-06-26 23:00:00,3331.26,3332.22,3327.7,3328.06,2607,18,0
2025-06-27 01:00:00,3327.07,3327.19,3318.76,3321.42,3403,18,0
2025-06-27 02:00:00,3321.48,3323.61,3316.21,3318.68,3323,18,0
2025-06-27 03:00:00,3318.64,3319.91,3313.24,3318.81,5651,18,0
2025-06-27 04:00:00,3318.63,3321.98,3314.86,3315.86,8663,18,0
2025-06-27 05:00:00,3315.86,3319.74,3307.79,3308.16,7690,18,0
2025-06-27 06:00:00,3308.13,3310.35,3291.79,3293.58,10178,18,0
2025-06-27 07:00:00,3293.58,3296.86,3290.3,3293.25,6560,18,0
2025-06-27 08:00:00,3293.32,3300.31,3288.6,3296.55,8465,18,0
2025-06-27 09:00:00,3296.65,3299.25,3286.18,3294.59,10197,18,0
2025-06-27 10:00:00,3294.62,3294.97,3283.43,3284.32,9322,18,0
2025-06-27 11:00:00,3284.3,3291.15,3281.86,3289.42,8535,18,0
2025-06-27 12:00:00,3289.41,3289.8,3282.13,3282.68,7697,18,0
2025-06-27 13:00:00,3282.72,3290.98,3279.6,3285.65,6486,18,0
2025-06-27 14:00:00,3285.81,3287.94,3276.02,3281.29,7764,18,0
2025-06-27 15:00:00,3281.28,3282.28,3269.43,3270.01,14681,18,0
2025-06-27 16:00:00,3270.04,3274.5,3255.81,3273.96,23078,18,0
2025-06-27 17:00:00,3273.62,3277.99,3263.63,3272.4,18576,18,0
2025-06-27 18:00:00,3272.41,3277.5,3270.95,3274.6,12064,18,0
2025-06-27 19:00:00,3274.62,3278.61,3273.36,3277.66,9460,18,0
2025-06-27 20:00:00,3277.69,3282.81,3272.77,3277.36,9941,18,0
2025-06-27 21:00:00,3277.44,3278.35,3270.39,3275.69,8600,18,0
2025-06-27 22:00:00,3275.71,3276.44,3268.31,3270.62,6743,18,0
2025-06-27 23:00:00,3270.74,3275.57,3270.34,3274.33,3724,18,0
2025-06-30 01:00:00,3280.94,3280.94,3244.73,3263.76,9821,18,0
2025-06-30 02:00:00,3263.79,3270.73,3262.31,3263.07,6397,18,0
2025-06-30 03:00:00,3263.11,3268.97,3262.0,3263.81,5495,18,0
2025-06-30 04:00:00,3263.68,3275.78,3259.43,3273.84,11332,18,0
2025-06-30 05:00:00,3273.78,3283.29,3273.43,3280.27,7704,18,0
2025-06-30 06:00:00,3280.15,3282.41,3277.09,3278.34,4955,18,0
2025-06-30 07:00:00,3278.34,3286.23,3276.47,3285.7,3503,18,0
2025-06-30 08:00:00,3285.61,3290.73,3284.66,3288.24,4952,18,0
2025-06-30 09:00:00,3288.24,3296.14,3288.24,3291.47,6704,18,0
2025-06-30 10:00:00,3291.46,3297.12,3290.38,3293.59,6976,18,0
2025-06-30 11:00:00,3293.58,3297.21,3287.54,3288.62,6727,18,0
2025-06-30 12:00:00,3288.58,3288.58,3277.46,3287.87,9415,18,0
2025-06-30 13:00:00,3287.9,3288.74,3282.55,3283.56,5002,18,0
2025-06-30 14:00:00,3283.56,3283.7,3274.54,3277.91,7699,18,0
2025-06-30 15:00:00,3278.17,3288.96,3278.11,3281.99,9626,18,0
2025-06-30 16:00:00,3282.02,3287.15,3278.0,3284.73,12821,18,0
2025-06-30 17:00:00,3284.72,3289.53,3279.2,3287.74,12001,18,0
2025-06-30 18:00:00,3287.66,3290.76,3283.71,3289.63,10324,18,0
2025-06-30 19:00:00,3289.65,3297.52,3289.19,3297.31,7793,18,0
2025-06-30 20:00:00,3297.3,3298.58,3292.05,3294.05,8407,18,0
2025-06-30 21:00:00,3294.03,3299.55,3292.63,3298.46,5712,18,0
2025-06-30 22:00:00,3298.47,3309.53,3298.08,3308.63,7684,18,0
2025-06-30 23:00:00,3308.66,3309.29,3302.17,3303.03,3313,18,0
2025-07-01 01:00:00,3303.16,3314.52,3302.16,3311.31,4315,18,0
2025-07-01 02:00:00,3311.31,3312.38,3308.51,3312.38,4210,18,0
2025-07-01 03:00:00,3312.35,3314.78,3309.88,3314.68,5688,18,0
2025-07-01 04:00:00,3314.65,3320.95,3313.88,3317.85,9240,18,0
2025-07-01 05:00:00,3317.85,3319.28,3314.31,3316.02,6697,18,0
2025-07-01 06:00:00,3316.02,3321.91,3315.76,3320.46,4772,18,0
2025-07-01 07:00:00,3320.46,3322.82,3318.14,3322.66,3717,18,0
2025-07-01 08:00:00,3322.75,3332.29,3322.75,3328.69,6414,18,0
2025-07-01 09:00:00,3328.71,3334.46,3325.02,3331.36,6985,18,0
2025-07-01 10:00:00,3331.4,3339.89,3330.79,3339.52,9232,18,0
2025-07-01 11:00:00,3339.51,3342.42,3336.82,3339.63,7847,18,0
2025-07-01 12:00:00,3339.64,3348.09,3338.25,3345.84,10007,18,0
2025-07-01 13:00:00,3345.84,3349.74,3344.44,3348.74,6830,18,0
2025-07-01 14:00:00,3348.77,3353.11,3347.05,3348.95,9162,18,0
2025-07-01 15:00:00,3349.09,3358.06,3348.37,3354.63,13302,18,0
2025-07-01 16:00:00,3354.64,3355.62,3344.39,3351.39,16807,18,0
2025-07-01 17:00:00,3351.43,3354.42,3343.74,3345.8,16566,18,0
2025-07-01 18:00:00,3345.81,3346.83,3337.05,3340.25,15386,18,0
2025-07-01 19:00:00,3340.26,3343.46,3337.63,3341.81,9597,18,0
2025-07-01 20:00:00,3341.78,3342.21,3336.94,3339.74,8910,18,0
2025-07-01 21:00:00,3339.75,3339.9,3336.92,3338.0,5871,18,0
2025-07-01 22:00:00,3338.0,3340.1,3336.88,3338.06,6652,18,0
2025-07-01 23:00:00,3337.99,3340.31,3336.77,3338.87,2795,18,0
2025-07-02 01:00:00,3337.63,3343.7,3336.82,3341.43,4103,18,0
2025-07-02 02:00:00,3341.43,3341.76,3336.85,3338.22,3691,18,0
2025-07-02 03:00:00,3338.27,3344.99,3334.51,3339.0,7451,18,0
2025-07-02 04:00:00,3339.04,3342.8,3330.89,3332.22,8061,18,0
2025-07-02 05:00:00,3332.22,3338.18,3328.53,3336.66,6694,18,0
2025-07-02 06:00:00,3336.66,3342.68,3334.97,3340.58,5219,18,0
2025-07-02 07:00:00,3340.57,3342.61,3339.66,3339.95,3269,18,0
2025-07-02 08:00:00,3339.98,3343.82,3336.44,3338.75,4971,18,0
2025-07-02 09:00:00,3338.76,3339.29,3329.77,3333.4,6508,18,0
2025-07-02 10:00:00,3333.39,3336.87,3327.64,3334.6,8620,18,0
2025-07-02 11:00:00,3334.6,3338.0,3332.82,3333.48,6606,18,0
2025-07-02 12:00:00,3333.48,3342.22,3332.99,3341.69,6654,18,0
2025-07-02 13:00:00,3341.68,3345.63,3340.51,3344.34,3961,18,0
2025-07-02 14:00:00,3344.34,3347.67,3339.73,3342.27,5427,18,0
2025-07-02 15:00:00,3342.21,3351.07,3337.21,3346.64,12437,18,0
2025-07-02 16:00:00,3346.51,3346.58,3334.98,3337.49,13687,18,0
2025-07-02 17:00:00,3337.49,3343.56,3333.89,3343.01,11482,18,0
2025-07-02 18:00:00,3342.97,3343.75,3338.72,3340.9,9647,18,0
2025-07-02 19:00:00,3340.9,3349.23,3340.87,3348.72,8517,18,0
2025-07-02 20:00:00,3348.46,3350.51,3347.4,3349.68,6458,18,0
2025-07-02 21:00:00,3349.69,3355.15,3348.51,3354.99,4455,18,0
2025-07-02 22:00:00,3355.0,3359.56,3354.57,3358.17,5450,18,0
2025-07-02 23:00:00,3358.28,3360.16,3355.6,3357.08,2862,18,0
2025-07-03 01:00:00,3359.08,3365.53,3357.43,3361.8,3531,18,0
2025-07-03 02:00:00,3361.8,3362.08,3348.67,3349.23,6170,18,0
2025-07-03 03:00:00,3349.52,3349.74,3343.5,3344.63,6303,18,0
2025-07-03 04:00:00,3344.6,3348.16,3341.83,3345.92,6551,18,0
2025-07-03 05:00:00,3346.0,3351.44,3345.69,3351.06,5594,18,0
2025-07-03 06:00:00,3351.07,3351.51,3345.48,3347.46,4568,18,0
2025-07-03 07:00:00,3347.49,3351.83,3347.41,3350.77,3741,18,0
2025-07-03 08:00:00,3350.8,3360.39,3350.13,3359.37,6962,18,0
2025-07-03 09:00:00,3359.37,3363.67,3356.51,3361.82,6875,18,0
2025-07-03 10:00:00,3361.84,3363.01,3352.56,3353.05,8032,18,0
2025-07-03 11:00:00,3353.07,3358.31,3351.7,3356.24,6986,18,0
2025-07-03 12:00:00,3356.2,3356.39,3343.8,3345.78,8661,18,0
2025-07-03 13:00:00,3345.79,3355.47,3344.81,3353.15,5727,18,0
2025-07-03 14:00:00,3353.16,3353.73,3343.07,3346.0,6196,18,0
2025-07-03 15:00:00,3345.99,3352.33,3311.52,3324.43,21399,18,0
2025-07-03 16:00:00,3324.43,3338.52,3322.05,3331.65,18174,18,0
2025-07-03 17:00:00,3331.76,3334.66,3323.47,3324.69,14811,18,0
2025-07-03 18:00:00,3324.68,3331.4,3323.07,3328.06,10049,18,0
2025-07-03 19:00:00,3328.1,3334.73,3325.66,3333.92,8061,18,0
2025-07-03 20:00:00,3333.91,3334.88,3328.9,3329.13,4628,18,0
2025-07-03 21:00:00,3329.12,3330.21,3327.93,3329.14,2032,18,0
2025-07-03 22:00:00,3329.14,3329.49,3327.14,3328.7,1971,18,0
2025-07-03 23:00:00,3328.68,3328.88,3325.33,3326.53,1776,18,0
2025-07-04 01:00:00,3326.32,3329.57,3323.44,3328.99,2236,18,0
2025-07-04 02:00:00,3329.0,3331.97,3328.36,3330.89,3760,18,0
2025-07-04 03:00:00,3330.87,3331.07,3325.77,3328.99,4815,18,0
2025-07-04 04:00:00,3328.95,3334.29,3326.37,3330.03,6474,18,0
2025-07-04 05:00:00,3329.87,3332.34,3327.12,3327.33,5002,18,0
2025-07-04 06:00:00,3327.32,3338.92,3326.16,3338.37,5256,18,0
2025-07-04 07:00:00,3338.28,3342.17,3337.94,3340.94,4226,18,0
2025-07-04 08:00:00,3340.96,3342.23,3338.43,3339.52,4509,18,0
2025-07-04 09:00:00,3339.51,3345.04,3339.2,3342.56,7683,18,0
2025-07-04 10:00:00,3342.57,3343.65,3336.45,3342.9,6648,18,0
2025-07-04 11:00:00,3342.89,3344.19,3340.93,3342.82,5482,18,0
2025-07-04 12:00:00,3342.82,3343.05,3332.84,3334.47,6144,18,0
2025-07-04 13:00:00,3334.48,3338.07,3331.48,3336.7,5058,18,0
2025-07-04 14:00:00,3336.7,3337.84,3334.46,3334.8,3655,18,0
2025-07-04 15:00:00,3334.79,3337.77,3331.4,3333.93,4999,18,0
2025-07-04 16:00:00,3333.93,3338.0,3332.3,3333.83,6160,18,0
2025-07-04 17:00:00,3333.83,3334.23,3330.92,3333.23,4935,18,0
2025-07-04 18:00:00,3333.17,3333.82,3330.79,3332.38,2979,18,0
2025-07-04 19:00:00,3332.39,3335.89,3332.18,3334.84,2351,18,0
2025-07-07 01:00:00,3337.38,3342.32,3332.32,3333.33,3928,18,0
2025-07-07 02:00:00,3333.45,3334.46,3325.71,3328.12,4365,18,0
2025-07-07 03:00:00,3328.12,3328.97,3320.99,3325.78,7939,18,0
2025-07-07 04:00:00,3325.78,3327.02,3306.56,3316.58,13603,18,0
2025-07-07 05:00:00,3316.73,3317.76,3305.98,3308.79,7584,18,0
2025-07-07 06:00:00,3308.79,3315.27,3307.08,3310.93,7167,18,0
2025-07-07 07:00:00,3311.01,3312.35,3305.18,3307.74,6935,18,0
2025-07-07 08:00:00,3307.82,3315.14,3306.93,3313.23,7017,18,0
2025-07-07 09:00:00,3313.33,3315.28,3308.29,3310.52,8266,18,0
2025-07-07 10:00:00,3310.58,3313.88,3300.64,3302.23,8070,18,0
2025-07-07 11:00:00,3302.23,3312.83,3301.26,3310.2,7584,18,0
2025-07-07 12:00:00,3310.21,3311.91,3306.83,3309.58,6623,18,0
2025-07-07 13:00:00,3309.58,3310.85,3295.65,3301.39,9373,18,0
2025-07-07 14:00:00,3301.38,3306.9,3299.25,3301.98,9777,18,0
2025-07-07 15:00:00,3301.82,3312.66,3300.47,3309.61,13361,18,0
2025-07-07 16:00:00,3309.58,3317.03,3306.13,3316.47,13414,18,0
2025-07-07 17:00:00,3316.52,3321.37,3313.28,3318.11,10741,18,0
2025-07-07 18:00:00,3317.95,3321.98,3316.21,3320.9,7048,18,0
2025-07-07 19:00:00,3320.88,3328.05,3320.1,3327.42,11547,18,0
2025-07-07 20:00:00,3327.52,3335.87,3327.37,3331.98,11413,18,0
2025-07-07 21:00:00,3332.0,3335.75,3328.55,3334.39,8336,18,0
2025-07-07 22:00:00,3334.39,3340.36,3334.29,3336.96,7863,18,0
2025-07-07 23:00:00,3337.03,3337.98,3335.39,3336.44,3239,18,0
2025-07-08 01:00:00,3339.5,3345.76,3338.83,3339.72,3756,18,0
2025-07-08 02:00:00,3339.75,3340.03,3333.2,3334.03,3881,18,0
2025-07-08 03:00:00,3334.04,3336.59,3330.49,3333.56,8252,18,0
2025-07-08 04:00:00,3333.56,3336.28,3328.97,3334.1,10155,18,0
2025-07-08 05:00:00,3334.13,3337.36,3332.1,3333.74,7159,18,0
2025-07-08 06:00:00,3333.65,3334.84,3328.89,3330.78,4763,18,0
2025-07-08 07:00:00,3330.78,3332.16,3326.67,3328.98,4390,18,0
2025-07-08 08:00:00,3328.92,3335.9,3328.88,3333.36,5375,18,0
2025-07-08 09:00:00,3333.37,3335.3,3330.12,3335.01,6250,18,0
2025-07-08 10:00:00,3335.03,3338.8,3329.84,3333.26,6270,18,0
2025-07-08 11:00:00,3333.21,3333.21,3322.57,3322.98,8717,18,0
2025-07-08 12:00:00,3322.96,3326.02,3320.46,3321.37,6777,18,0
2025-07-08 13:00:00,3321.37,3326.44,3319.79,3323.99,4836,18,0
2025-07-08 14:00:00,3324.02,3326.8,3319.22,3324.35,5672,18,0
2025-07-08 15:00:00,3324.35,3329.19,3324.1,3327.49,7032,18,0
2025-07-08 16:00:00,3327.48,3327.97,3314.77,3315.19,14791,18,0
2025-07-08 17:00:00,3315.19,3315.81,3294.31,3296.48,19823,18,0
2025-07-08 18:00:00,3296.63,3300.2,3287.03,3298.13,16045,18,0
2025-07-08 19:00:00,3298.16,3301.54,3295.82,3300.4,11164,18,0
2025-07-08 20:00:00,3300.41,3310.34,3299.27,3306.36,16102,18,0
2025-07-08 21:00:00,3306.36,3308.15,3300.58,3305.45,8279,18,0
2025-07-08 22:00:00,3305.42,3306.16,3302.48,3302.91,5903,18,0
2025-07-08 23:00:00,3302.92,3303.73,3299.29,3301.6,3612,18,0
2025-07-09 01:00:00,3303.15,3304.05,3300.37,3301.53,2896,18,0
2025-07-09 02:00:00,3301.64,3303.87,3297.11,3302.26,5311,18,0
2025-07-09 03:00:00,3302.37,3307.98,3301.81,3307.79,6352,18,0
2025-07-09 04:00:00,3307.79,3307.93,3299.98,3302.56,8181,18,0
2025-07-09 05:00:00,3302.56,3303.59,3287.21,3289.23,9381,18,0
2025-07-09 06:00:00,3289.16,3295.49,3285.64,3293.98,7424,18,0
2025-07-09 07:00:00,3293.98,3297.01,3291.79,3294.63,4354,18,0
2025-07-09 08:00:00,3294.53,3298.41,3289.65,3290.16,6658,18,0
2025-07-09 09:00:00,3290.25,3292.79,3285.53,3292.33,8679,18,0
2025-07-09 10:00:00,3292.28,3295.98,3288.23,3291.93,9530,18,0
2025-07-09 11:00:00,3291.83,3292.66,3282.6,3285.03,10009,18,0
2025-07-09 12:00:00,3285.0,3290.43,3284.34,3289.19,7058,18,0
2025-07-09 13:00:00,3289.06,3295.88,3288.25,3295.49,5982,18,0
2025-07-09 14:00:00,3295.46,3296.01,3283.28,3284.99,7537,18,0
2025-07-09 15:00:00,3284.99,3297.53,3284.99,3296.36,8389,18,0
2025-07-09 16:00:00,3296.37,3305.17,3291.88,3300.15,13988,18,0
2025-07-09 17:00:00,3300.15,3312.86,3299.72,3312.35,11404,18,0
2025-07-09 18:00:00,3312.33,3312.92,3306.32,3309.54,8520,18,0
2025-07-09 19:00:00,3309.49,3313.25,3307.91,3311.78,6818,18,0
2025-07-09 20:00:00,3311.78,3314.6,3308.13,3309.6,8435,18,0
2025-07-09 21:00:00,3309.6,3313.73,3307.99,3311.35,7303,18,0
2025-07-09 22:00:00,3311.37,3316.78,3310.88,3315.71,6436,18,0
2025-07-09 23:00:00,3315.73,3315.89,3311.63,3313.74,2824,18,0
2025-07-10 01:00:00,3314.03,3321.08,3313.9,3319.56,2944,18,0
2025-07-10 02:00:00,3319.54,3319.68,3315.66,3317.58,2947,18,0
2025-07-10 03:00:00,3317.58,3322.61,3316.58,3318.27,6191,18,0
2025-07-10 04:00:00,3318.27,3327.0,3317.17,3322.8,7733,18,0
2025-07-10 05:00:00,3322.81,3324.27,3318.13,3319.22,4541,18,0
2025-07-10 06:00:00,3319.18,3320.14,3315.37,3315.76,4681,18,0
2025-07-10 07:00:00,3315.72,3322.51,3314.81,3322.12,3796,18,0
2025-07-10 08:00:00,3322.15,3325.07,3320.58,3321.08,4794,18,0
2025-07-10 09:00:00,3321.08,3328.44,3320.91,3325.26,7034,18,0
2025-07-10 10:00:00,3325.19,3329.51,3319.84,3321.05,6229,18,0
2025-07-10 11:00:00,3321.06,3330.32,3319.91,3329.05,5017,18,0
2025-07-10 12:00:00,3329.05,3330.99,3323.98,3327.17,5718,18,0
2025-07-10 13:00:00,3327.15,3329.37,3322.89,3325.91,6363,18,0
2025-07-10 14:00:00,3325.98,3331.01,3318.99,3321.07,7620,18,0
2025-07-10 15:00:00,3321.08,3326.72,3318.63,3324.56,8723,18,0
2025-07-10 16:00:00,3324.53,3330.15,3311.9,3312.73,17526,18,0
2025-07-10 17:00:00,3312.74,3321.58,3310.07,3314.92,14115,18,0
2025-07-10 18:00:00,3314.92,3321.53,3314.59,3319.63,8283,18,0
2025-07-10 19:00:00,3319.64,3319.97,3312.14,3315.07,8217,18,0
2025-07-10 20:00:00,3315.07,3318.56,3314.65,3317.38,7064,18,0
2025-07-10 21:00:00,3317.37,3321.82,3316.48,3321.47,6712,18,0
2025-07-10 22:00:00,3321.51,3325.9,3321.44,3324.78,7166,18,0
2025-07-10 23:00:00,3324.9,3325.3,3323.37,3324.37,3075,18,0
2025-07-11 01:00:00,3325.28,3326.34,3321.95,3323.36,3955,18,0
2025-07-11 02:00:00,3323.09,3326.38,3322.99,3323.93,2816,18,0
2025-07-11 03:00:00,3323.84,3336.43,3323.77,3330.62,9785,18,0
2025-07-11 04:00:00,3330.64,3331.54,3325.3,3329.52,10718,18,0
2025-07-11 05:00:00,3329.52,3334.96,3327.12,3332.48,6823,18,0
2025-07-11 06:00:00,3332.48,3335.96,3332.13,3333.73,4547,18,0
2025-07-11 07:00:00,3333.73,3335.44,3329.54,3331.97,4331,18,0
2025-07-11 08:00:00,3331.93,3341.67,3331.89,3334.17,9729,18,0
2025-07-11 09:00:00,3334.17,3343.98,3332.01,3332.31,10177,18,0
2025-07-11 10:00:00,3332.28,3342.23,3331.12,3341.92,10598,18,0
2025-07-11 11:00:00,3341.92,3343.8,3333.29,3333.69,10547,18,0
2025-07-11 12:00:00,3333.8,3340.0,3333.59,3339.47,7121,18,0
2025-07-11 13:00:00,3339.47,3348.24,3339.42,3344.97,8831,18,0
2025-07-11 14:00:00,3344.98,3350.38,3342.08,3347.47,8464,18,0
2025-07-11 15:00:00,3347.49,3357.1,3344.27,3355.15,14137,18,0
2025-07-11 16:00:00,3355.11,3359.2,3350.08,3351.81,20335,18,0
2025-07-11 17:00:00,3351.82,3363.92,3350.33,3361.28,21488,18,0
2025-07-11 18:00:00,3361.24,3368.76,3356.92,3358.9,16347,18,0
2025-07-11 19:00:00,3358.89,3359.86,3352.75,3353.76,12812,18,0
2025-07-11 20:00:00,3353.7,3354.13,3349.33,3353.38,10509,18,0
2025-07-11 21:00:00,3353.39,3358.48,3353.3,3356.09,7786,18,0
2025-07-11 22:00:00,3356.1,3359.72,3355.49,3356.4,6657,18,0
2025-07-11 23:00:00,3356.36,3358.72,3353.52,3354.73,3402,18,0
2025-07-14 01:00:00,3364.58,3370.97,3358.79,3369.19,7816,18,0
2025-07-14 02:00:00,3369.18,3373.84,3366.43,3367.31,6126,18,0
2025-07-14 03:00:00,3367.23,3372.57,3364.26,3366.65,11747,18,0
2025-07-14 04:00:00,3366.61,3369.37,3356.25,3357.79,11703,18,0
2025-07-14 05:00:00,3357.76,3359.58,3354.07,3357.54,6954,18,0
2025-07-14 06:00:00,3357.52,3359.64,3355.46,3356.87,6153,18,0
2025-07-14 07:00:00,3356.89,3361.61,3353.72,3359.7,6784,18,0
2025-07-14 08:00:00,3359.53,3360.33,3353.53,3357.68,6972,18,0
2025-07-14 09:00:00,3357.68,3369.64,3356.61,3368.88,9561,18,0
2025-07-14 10:00:00,3368.88,3374.96,3366.62,3371.88,8999,18,0
2025-07-14 11:00:00,3371.93,3372.57,3365.37,3365.93,7907,18,0
2025-07-14 12:00:00,3366.06,3370.32,3363.93,3370.16,5828,18,0
2025-07-14 13:00:00,3370.19,3374.55,3369.77,3372.09,7345,18,0
2025-07-14 14:00:00,3372.11,3373.15,3363.82,3364.09,9103,18,0
2025-07-14 15:00:00,3364.09,3366.6,3349.35,3350.03,13864,18,0
2025-07-14 16:00:00,3350.11,3359.0,3347.11,3355.31,13424,18,0
2025-07-14 17:00:00,3355.14,3356.35,3340.92,3342.95,13987,18,0
2025-07-14 18:00:00,3343.33,3349.61,3342.43,3345.02,10162,18,0
2025-07-14 19:00:00,3345.02,3349.26,3343.05,3347.74,7697,18,0
2025-07-14 20:00:00,3347.79,3351.7,3347.33,3350.95,7786,18,0
2025-07-14 21:00:00,3350.95,3351.17,3347.92,3348.87,4799,18,0
2025-07-14 22:00:00,3348.86,3350.42,3343.13,3344.1,6944,18,0
2025-07-14 23:00:00,3344.22,3345.57,3341.23,3342.53,3151,18,0
2025-07-15 01:00:00,3343.94,3345.78,3341.25,3345.78,2039,18,0
2025-07-15 02:00:00,3345.62,3346.44,3343.82,3345.36,2252,18,0
2025-07-15 03:00:00,3345.37,3349.29,3344.79,3347.06,4245,18,0
2025-07-15 04:00:00,3347.06,3349.9,3345.43,3345.9,6814,18,0
2025-07-15 05:00:00,3345.97,3351.37,3345.0,3350.32,5623,18,0
2025-07-15 06:00:00,3350.25,3357.65,3350.15,3357.29,5821,18,0
2025-07-15 07:00:00,3357.33,3360.66,3356.92,3359.55,4311,18,0
2025-07-15 08:00:00,3359.57,3364.53,3359.53,3361.52,4856,18,0
2025-07-15 09:00:00,3361.52,3363.51,3356.93,3357.6,7127,18,0
2025-07-15 10:00:00,3357.59,3364.51,3356.9,3363.62,6116,18,0
2025-07-15 11:00:00,3363.56,3364.91,3355.93,3360.34,7559,18,0
2025-07-15 12:00:00,3360.3,3364.05,3357.93,3362.8,6177,18,0
2025-07-15 13:00:00,3362.82,3366.24,3361.22,3361.35,4580,18,0
2025-07-15 14:00:00,3361.39,3362.06,3354.23,3354.9,5408,18,0
2025-07-15 15:00:00,3354.86,3360.19,3346.44,3348.83,14242,18,0
2025-07-15 16:00:00,3348.94,3352.46,3334.31,3346.75,20055,18,0
2025-07-15 17:00:00,3346.74,3352.15,3342.54,3347.93,14438,18,0
2025-07-15 18:00:00,3347.92,3349.82,3325.39,3328.88,15861,18,0
2025-07-15 19:00:00,3328.88,3330.31,3320.22,3329.25,12242,18,0
2025-07-15 20:00:00,3329.25,3331.34,3325.8,3328.15,8811,17,0
2025-07-15 21:00:00,3328.14,3331.9,3325.76,3328.84,6903,18,0
2025-07-15 22:00:00,3328.83,3331.2,3326.55,3330.43,5833,18,0
2025-07-15 23:00:00,3330.42,3330.94,3324.75,3325.16,2708,18,0
2025-07-16 01:00:00,3323.98,3327.57,3323.82,3326.58,1981,18,0
2025-07-16 02:00:00,3326.57,3331.65,3326.21,3331.11,2596,18,0
2025-07-16 03:00:00,3331.11,3332.6,3328.81,3330.55,5227,18,0
2025-07-16 04:00:00,3330.55,3335.0,3328.87,3330.94,8239,18,0
2025-07-16 05:00:00,3331.01,3331.58,3325.04,3326.11,5494,18,0
2025-07-16 06:00:00,3326.09,3335.07,3325.94,3334.37,5414,18,0
2025-07-16 07:00:00,3334.37,3338.67,3332.77,3338.31,4533,18,0
2025-07-16 08:00:00,3338.35,3339.88,3335.67,3338.18,4582,18,0
2025-07-16 09:00:00,3338.2,3342.04,3337.74,3339.21,6411,18,0
2025-07-16 10:00:00,3339.18,3340.17,3335.91,3337.87,5048,18,0
2025-07-16 11:00:00,3338.0,3342.63,3337.75,3342.13,5095,18,0
2025-07-16 12:00:00,3342.09,3343.03,3339.68,3340.66,4682,18,0
2025-07-16 13:00:00,3340.66,3341.04,3334.7,3335.61,4295,18,0
2025-07-16 14:00:00,3335.62,3340.86,3334.39,3339.96,5847,18,0
2025-07-16 15:00:00,3339.94,3341.63,3331.65,3335.16,11099,18,0
2025-07-16 16:00:00,3335.2,3340.18,3322.64,3327.46,14498,18,0
2025-07-16 17:00:00,3327.47,3342.58,3319.61,3338.09,18242,18,0
2025-07-16 18:00:00,3338.09,3377.33,3335.82,3343.34,39817,18,0
2025-07-16 19:00:00,3343.49,3355.12,3339.0,3349.12,20674,18,0
2025-07-16 20:00:00,3349.09,3357.24,3348.81,3354.83,11427,18,0
2025-07-16 21:00:00,3354.83,3357.54,3349.09,3350.36,7631,18,0
2025-07-16 22:00:00,3350.35,3350.57,3345.97,3347.08,8337,18,0
2025-07-16 23:00:00,3347.15,3349.41,3346.27,3347.44,4118,18,0
2025-07-17 01:00:00,3349.94,3352.19,3348.23,3349.46,2651,18,0
2025-07-17 02:00:00,3349.46,3350.11,3345.23,3346.48,2539,18,0
2025-07-17 03:00:00,3346.45,3347.29,3339.81,3340.86,5805,18,0
2025-07-17 04:00:00,3340.83,3344.58,3337.19,3344.1,8413,18,0
2025-07-17 05:00:00,3344.09,3344.74,3337.72,3341.22,5968,18,0
2025-07-17 06:00:00,3341.22,3341.73,3335.55,3340.9,4576,18,0
2025-07-17 07:00:00,3340.91,3344.02,3337.67,3342.08,3677,18,0
2025-07-17 08:00:00,3342.07,3342.26,3335.28,3338.75,4758,18,0
2025-07-17 09:00:00,3338.89,3339.23,3327.52,3334.73,9284,18,0
2025-07-17 10:00:00,3334.68,3335.45,3324.52,3325.11,7553,18,0
2025-07-17 11:00:00,3325.13,3331.36,3324.91,3328.07,5445,18,0
2025-07-17 12:00:00,3328.06,3331.86,3324.0,3324.87,5187,18,0
2025-07-17 13:00:00,3324.87,3330.52,3324.32,3325.1,5257,18,0
2025-07-17 14:00:00,3325.05,3327.78,3321.7,3323.57,6052,18,0
2025-07-17 15:00:00,3323.58,3327.82,3309.17,3312.45,15522,18,0
2025-07-17 16:00:00,3312.44,3321.84,3310.43,3318.94,17379,18,0
2025-07-17 17:00:00,3318.95,3335.08,3318.45,3334.18,15844,18,0
2025-07-17 18:00:00,3334.11,3338.41,3331.26,3336.7,13924,45,0
2025-07-17 19:00:00,3336.67,3339.98,3335.44,3338.73,10118,45,0
2025-07-17 20:00:00,3338.75,3341.02,3336.23,3337.31,8683,45,0
2025-07-17 21:00:00,3337.38,3338.92,3335.56,3338.54,8851,45,0
2025-07-17 22:00:00,3338.55,3340.76,3338.19,3339.74,7673,45,0
2025-07-17 23:00:00,3339.73,3340.22,3337.31,3338.67,2916,45,0
2025-07-18 01:00:00,3339.46,3343.92,3338.14,3343.26,4251,45,0
2025-07-18 02:00:00,3343.22,3343.41,3339.41,3340.14,2274,45,0
2025-07-18 03:00:00,3340.23,3341.39,3337.78,3339.72,3630,45,0
2025-07-18 04:00:00,3339.71,3342.89,3335.24,3337.68,7083,45,0
2025-07-18 05:00:00,3337.59,3344.0,3336.82,3337.65,6551,45,0
2025-07-18 06:00:00,3337.71,3338.39,3334.0,3334.55,3928,45,0
2025-07-18 07:00:00,3334.52,3336.34,3332.96,3336.32,3105,45,0
2025-07-18 08:00:00,3336.21,3339.47,3332.69,3332.79,6124,45,0
2025-07-18 09:00:00,3332.75,3341.97,3331.01,3341.34,8545,45,0
2025-07-18 10:00:00,3341.33,3349.43,3339.94,3349.2,7549,45,0
2025-07-18 11:00:00,3349.22,3349.69,3345.5,3346.8,6702,45,0
2025-07-18 12:00:00,3346.89,3354.16,3346.73,3351.75,6642,40,0
2025-07-18 13:00:00,3351.76,3352.04,3347.05,3350.74,7262,40,0
2025-07-18 14:00:00,3350.76,3356.95,3349.99,3353.54,7661,40,0
2025-07-18 15:00:00,3353.53,3360.43,3353.45,3359.24,11221,40,0
2025-07-18 16:00:00,3359.23,3359.55,3351.43,3355.1,17868,40,0
2025-07-18 17:00:00,3355.1,3358.99,3351.07,3354.66,18379,40,0
2025-07-18 18:00:00,3354.65,3356.26,3352.28,3353.54,12513,40,0
2025-07-18 19:00:00,3353.55,3357.43,3351.1,3353.58,10879,40,0
2025-07-18 20:00:00,3353.59,3353.66,3350.48,3352.12,7596,40,0
2025-07-18 21:00:00,3352.13,3353.3,3350.08,3351.26,6159,40,0
2025-07-18 22:00:00,3351.27,3352.76,3347.53,3348.19,7337,40,0
2025-07-18 23:00:00,3348.23,3351.42,3347.63,3350.97,2877,40,0
2025-07-21 01:00:00,3348.87,3349.89,3344.94,3347.75,3132,40,0
2025-07-21 02:00:00,3347.59,3349.43,3345.29,3349.09,2270,40,0
2025-07-21 03:00:00,3349.17,3353.84,3347.58,3351.54,4287,40,0
2025-07-21 04:00:00,3351.5,3357.94,3351.15,3355.64,6424,40,0
2025-07-21 05:00:00,3355.75,3356.7,3351.52,3353.46,4271,40,0
2025-07-21 06:00:00,3353.47,3356.12,3350.28,3350.49,3536,40,0
2025-07-21 07:00:00,3350.43,3358.03,3349.86,3357.09,2754,40,0
2025-07-21 08:00:00,3356.86,3369.01,3356.86,3365.86,8976,33,0
2025-07-21 09:00:00,3365.91,3370.08,3364.61,3367.53,7690,40,0
2025-07-21 10:00:00,3367.51,3369.78,3363.9,3364.7,8782,40,0
2025-07-21 11:00:00,3364.74,3366.84,3363.03,3365.94,7553,40,0
2025-07-21 12:00:00,3365.97,3366.36,3362.72,3366.1,5228,40,0
2025-07-21 13:00:00,3366.11,3368.08,3362.77,3366.08,5374,40,0
2025-07-21 14:00:00,3366.07,3375.59,3365.29,3375.3,9617,40,0
2025-07-21 15:00:00,3375.28,3388.58,3374.49,3387.18,15538,40,0
2025-07-21 16:00:00,3387.27,3395.14,3383.51,3388.67,22252,33,0
2025-07-21 17:00:00,3388.62,3401.48,3386.19,3400.32,25907,40,0
2025-07-21 18:00:00,3400.27,3400.99,3395.4,3397.9,17774,40,0
2025-07-21 19:00:00,3397.93,3399.06,3393.75,3395.49,13479,40,0
2025-07-21 20:00:00,3395.49,3395.76,3391.31,3393.3,11311,40,0
2025-07-21 21:00:00,3393.33,3395.8,3393.0,3395.38,8305,40,0
2025-07-21 22:00:00,3395.46,3399.75,3395.12,3398.78,10962,40,0
2025-07-21 23:00:00,3398.8,3399.28,3396.63,3397.54,4273,40,0
2025-07-22 01:00:00,3398.22,3400.93,3397.57,3399.25,2028,40,0
2025-07-22 02:00:00,3399.34,3402.57,3393.19,3395.88,3540,40,0
2025-07-22 03:00:00,3395.83,3397.07,3389.86,3393.94,6509,40,0
2025-07-22 04:00:00,3393.93,3395.27,3384.36,3385.2,9909,40,0
2025-07-22 05:00:00,3385.12,3391.29,3384.52,3390.85,7289,40,0
2025-07-22 06:00:00,3390.87,3392.86,3388.1,3391.83,5057,40,0
2025-07-22 07:00:00,3391.81,3391.83,3387.25,3390.41,3890,40,0
2025-07-22 08:00:00,3390.44,3391.23,3383.94,3384.8,7570,40,0
2025-07-22 09:00:00,3384.77,3387.42,3383.65,3383.93,8048,40,0
2025-07-22 10:00:00,3384.05,3386.84,3382.6,3386.84,7778,40,0
2025-07-22 11:00:00,3386.86,3389.42,3385.46,3388.37,10070,40,0
2025-07-22 12:00:00,3388.34,3389.85,3383.95,3386.15,8772,40,0
2025-07-22 13:00:00,3386.11,3388.78,3385.91,3387.12,6135,40,0
2025-07-22 14:00:00,3387.08,3391.67,3386.68,3391.2,7500,40,0
2025-07-22 15:00:00,3391.27,3408.3,3390.98,3408.1,15490,40,0
2025-07-22 16:00:00,3407.98,3420.18,3406.86,3412.28,24774,40,0
2025-07-22 17:00:00,3412.29,3427.77,3404.99,3426.3,28464,40,0
2025-07-22 18:00:00,3426.25,3430.57,3423.56,3426.36,18903,40,0
2025-07-22 19:00:00,3426.38,3432.86,3426.18,3432.16,12362,40,0
2025-07-22 20:00:00,3432.14,3433.4,3426.41,3429.31,13716,40,0
2025-07-22 21:00:00,3429.33,3430.97,3427.86,3429.63,9712,40,0
2025-07-22 22:00:00,3429.61,3432.47,3428.91,3431.67,10986,40,0
2025-07-22 23:00:00,3431.68,3432.73,3427.65,3431.08,5438,40,0
2025-07-23 01:00:00,3431.47,3431.64,3427.49,3427.96,2202,40,0
2025-07-23 02:00:00,3427.97,3433.21,3426.29,3427.36,4709,40,0
2025-07-23 03:00:00,3427.35,3438.83,3427.02,3429.1,9457,40,0
2025-07-23 04:00:00,3429.15,3431.26,3421.55,3421.78,12659,40,0
2025-07-23 05:00:00,3421.72,3425.61,3419.74,3423.64,8896,40,0
2025-07-23 06:00:00,3423.61,3429.42,3423.45,3423.66,7732,40,0
2025-07-23 07:00:00,3423.69,3426.0,3422.56,3424.13,4973,40,0
2025-07-23 08:00:00,3424.12,3424.33,3417.03,3420.84,9024,40,0
2025-07-23 09:00:00,3420.94,3424.47,3418.77,3424.36,11748,40,0
2025-07-23 10:00:00,3424.4,3429.0,3419.09,3419.95,10841,40,0
2025-07-23 11:00:00,3419.99,3428.02,3419.76,3427.76,8617,40,0
2025-07-23 12:00:00,3427.67,3433.04,3427.58,3430.44,7289,40,0
2025-07-23 13:00:00,3430.4,3430.66,3420.83,3422.74,9432,40,0
2025-07-23 14:00:00,3422.64,3429.76,3420.26,3428.19,8966,40,0
2025-07-23 15:00:00,3428.21,3429.9,3419.81,3419.87,15665,40,0
2025-07-23 16:00:00,3419.87,3420.49,3405.51,3412.92,23635,40,0
2025-07-23 17:00:00,3412.84,3419.8,3410.53,3413.46,19417,40,0
2025-07-23 18:00:00,3413.47,3415.71,3398.1,3398.2,17041,40,0
2025-07-23 19:00:00,3398.16,3398.16,3381.36,3387.41,29628,40,0
2025-07-23 20:00:00,3387.34,3394.76,3385.69,3393.26,18396,40,0
2025-07-23 21:00:00,3393.25,3395.92,3392.0,3393.59,9777,40,0
2025-07-23 22:00:00,3393.58,3395.95,3388.67,3390.05,11037,40,0
2025-07-23 23:00:00,3390.08,3390.34,3385.99,3386.67,4076,40,0
2025-07-24 01:00:00,3388.93,3392.38,3386.65,3386.74,2267,40,0
2025-07-24 02:00:00,3386.75,3391.61,3386.45,3389.91,2912,40,0
2025-07-24 03:00:00,3389.92,3393.14,3388.51,3391.37,4439,40,0
2025-07-24 04:00:00,3391.36,3393.36,3384.37,3387.44,12942,40,0
2025-07-24 05:00:00,3387.46,3389.59,3380.5,3384.35,10755,40,0
2025-07-24 06:00:00,3384.34,3385.91,3375.09,3383.72,8862,40,0
2025-07-24 07:00:00,3383.71,3385.24,3380.89,3382.47,4219,40,0
2025-07-24 08:00:00,3382.46,3382.86,3374.35,3379.13,8612,40,0
2025-07-24 09:00:00,3379.18,3379.66,3369.85,3375.76,10497,40,0
2025-07-24 10:00:00,3375.72,3377.54,3365.94,3367.65,11144,40,0
2025-07-24 11:00:00,3367.74,3374.54,3365.77,3369.7,11295,40,0
2025-07-24 12:00:00,3369.56,3370.1,3361.79,3363.54,10215,40,0
2025-07-24 13:00:00,3363.55,3367.21,3362.01,3364.29,7249,40,0
2025-07-24 14:00:00,3364.27,3366.43,3360.54,3361.5,8847,40,0
2025-07-24 15:00:00,3361.41,3365.47,3352.63,3353.36,19650,40,0
2025-07-24 16:00:00,3353.37,3372.18,3351.31,3366.3,25905,40,0
2025-07-24 17:00:00,3366.3,3377.35,3365.62,3373.61,21558,40,0
2025-07-24 18:00:00,3373.6,3375.26,3370.33,3372.5,15877,40,0
2025-07-24 19:00:00,3372.51,3373.77,3366.76,3366.83,12135,40,0
2025-07-24 20:00:00,3366.84,3371.74,3366.17,3369.91,9799,40,0
2025-07-24 21:00:00,3369.97,3373.38,3367.35,3371.84,8202,40,0
2025-07-24 22:00:00,3371.84,3373.07,3369.96,3370.31,10018,40,0
2025-07-24 23:00:00,3370.35,3371.12,3367.25,3368.18,4628,40,0
2025-07-25 01:00:00,3368.3,3369.92,3365.06,3368.84,3829,40,0
2025-07-25 02:00:00,3368.83,3371.33,3366.71,3369.37,3108,40,0
2025-07-25 03:00:00,3369.38,3373.39,3368.32,3372.07,4628,40,0
2025-07-25 04:00:00,3372.09,3372.56,3366.36,3371.1,8211,40,0
2025-07-25 05:00:00,3371.0,3371.0,3362.25,3363.03,6660,40,0
2025-07-25 06:00:00,3362.91,3363.34,3357.97,3358.36,5064,40,0
2025-07-25 07:00:00,3358.35,3362.72,3357.16,3360.08,4515,40,0
2025-07-25 08:00:00,3360.11,3361.6,3354.57,3357.96,6183,40,0
2025-07-25 09:00:00,3357.99,3358.89,3353.75,3358.48,9555,40,0
2025-07-25 10:00:00,3358.49,3359.4,3351.89,3353.25,6424,40,0
2025-07-25 11:00:00,3353.3,3354.48,3343.73,3345.36,8482,40,0
2025-07-25 12:00:00,3345.38,3348.81,3342.93,3345.8,6118,40,0
2025-07-25 13:00:00,3345.76,3347.99,3340.89,3342.8,6869,40,0
2025-07-25 14:00:00,3342.83,3345.13,3338.57,3340.98,8057,40,0
2025-07-25 15:00:00,3340.9,3344.08,3336.27,3340.74,11705,40,0
2025-07-25 16:00:00,3340.71,3347.41,3336.76,3343.77,20819,31,0
2025-07-25 17:00:00,3343.82,3344.77,3330.49,3331.78,23150,40,0
2025-07-25 18:00:00,3331.77,3335.85,3324.84,3327.59,21547,40,0
2025-07-25 19:00:00,3327.62,3331.23,3326.09,3329.64,11696,40,0
2025-07-25 20:00:00,3329.65,3336.7,3329.51,3335.83,9598,40,0
2025-07-25 21:00:00,3335.91,3339.3,3335.78,3338.72,7350,40,0
2025-07-25 22:00:00,3338.67,3340.21,3337.07,3337.61,9095,40,0
2025-07-25 23:00:00,3337.6,3339.05,3336.45,3338.35,3565,40,0
2025-07-28 01:00:00,3325.33,3335.23,3323.4,3329.48,7602,40,0
2025-07-28 02:00:00,3329.47,3337.38,3329.27,3334.13,5506,40,0
2025-07-28 03:00:00,3334.14,3336.56,3328.25,3334.02,6692,40,0
2025-07-28 04:00:00,3333.99,3339.35,3330.53,3332.55,12195,40,0
2025-07-28 05:00:00,3332.59,3337.1,3331.17,3336.19,7341,40,0
2025-07-28 06:00:00,3336.04,3343.86,3335.05,3343.86,5906,40,0
2025-07-28 07:00:00,3343.76,3344.61,3340.07,3340.26,4536,40,0
2025-07-28 08:00:00,3340.22,3344.69,3338.59,3343.98,7395,40,0
2025-07-28 09:00:00,3343.91,3345.98,3336.3,3340.63,10886,40,0
2025-07-28 10:00:00,3340.64,3342.54,3334.53,3335.64,9443,40,0
2025-07-28 11:00:00,3335.5,3339.47,3332.92,3336.59,8690,40,0
2025-07-28 12:00:00,3336.61,3341.33,3336.49,3338.37,8170,40,0
2025-07-28 13:00:00,3338.37,3339.41,3334.78,3336.52,7964,40,0
2025-07-28 14:00:00,3336.57,3338.94,3334.99,3337.07,6793,40,0
2025-07-28 15:00:00,3337.1,3338.84,3326.09,3328.91,13467,40,0
2025-07-28 16:00:00,3328.89,3331.09,3301.78,3302.1,21128,38,0
2025-07-28 17:00:00,3302.15,3314.73,3301.69,3307.88,24681,40,0
2025-07-28 18:00:00,3307.76,3317.19,3306.48,3314.64,16239,40,0
2025-07-28 19:00:00,3314.62,3314.92,3311.34,3312.08,10972,40,0
2025-07-28 20:00:00,3312.1,3313.05,3308.66,3310.69,11181,40,0
2025-07-28 21:00:00,3310.7,3315.55,3310.15,3313.56,9078,40,0
2025-07-28 22:00:00,3313.59,3318.82,3312.97,3317.01,11217,40,0
2025-07-28 23:00:00,3317.05,3318.32,3314.33,3314.72,4807,40,0
2025-07-29 01:00:00,3313.43,3315.34,3311.75,3314.53,4307,40,0
2025-07-29 02:00:00,3314.47,3314.64,3310.37,3312.38,2342,40,0
2025-07-29 03:00:00,3312.39,3315.71,3307.97,3312.17,5333,40,0
2025-07-29 04:00:00,3312.15,3321.54,3309.0,3319.54,8110,40,0
2025-07-29 05:00:00,3319.48,3320.88,3318.12,3319.44,5075,40,0
2025-07-29 06:00:00,3319.41,3319.41,3311.77,3313.08,5325,40,0
2025-07-29 07:00:00,3313.05,3317.98,3309.59,3317.01,4271,40,0
2025-07-29 08:00:00,3317.05,3320.68,3314.78,3320.46,5043,40,0
2025-07-29 09:00:00,3320.51,3322.94,3316.77,3317.64,10799,40,0
2025-07-29 10:00:00,3317.66,3319.29,3311.81,3317.77,9952,40,0
2025-07-29 11:00:00,3317.76,3330.6,3317.29,3326.89,9634,40,0
2025-07-29 12:00:00,3326.81,3328.89,3321.41,3325.04,9565,40,0
2025-07-29 13:00:00,3325.09,3326.97,3322.52,3322.63,5835,40,0
2025-07-29 14:00:00,3322.66,3322.73,3315.53,3315.81,9884,40,0
2025-07-29 15:00:00,3315.85,3325.12,3315.8,3323.81,13221,40,0
2025-07-29 16:00:00,3323.86,3324.73,3312.71,3316.72,21845,40,0
2025-07-29 17:00:00,3316.64,3329.48,3311.88,3328.88,21795,40,0
2025-07-29 18:00:00,3328.92,3334.06,3319.44,3320.56,18227,40,0
2025-07-29 19:00:00,3320.54,3324.68,3318.95,3323.11,11119,40,0
2025-07-29 20:00:00,3323.08,3329.16,3322.89,3328.13,10204,40,0
2025-07-29 21:00:00,3328.15,3330.76,3325.24,3325.69,8088,40,0
2025-07-29 22:00:00,3325.68,3328.68,3322.53,3324.94,11275,40,0
2025-07-29 23:00:00,3324.94,3326.61,3324.66,3326.26,4696,40,0
2025-07-30 01:00:00,3326.95,3329.08,3325.87,3327.61,1767,40,0
2025-07-30 02:00:00,3327.77,3328.28,3326.0,3327.46,1578,40,0
2025-07-30 03:00:00,3327.49,3333.67,3327.15,3329.69,4791,40,0
2025-07-30 04:00:00,3329.64,3332.61,3320.99,3322.63,8457,40,0
2025-07-30 05:00:00,3322.5,3331.66,3322.43,3328.69,6400,40,0
2025-07-30 06:00:00,3328.63,3329.22,3325.4,3327.65,3837,40,0
2025-07-30 07:00:00,3327.63,3329.09,3324.97,3326.5,2826,40,0
2025-07-30 08:00:00,3326.45,3329.94,3323.71,3324.12,5522,40,0
2025-07-30 09:00:00,3324.15,3326.86,3322.26,3326.44,8304,40,0
2025-07-30 10:00:00,3326.46,3331.38,3324.87,3326.98,7523,40,0
2025-07-30 11:00:00,3327.2,3332.68,3326.81,3331.5,6683,40,0
2025-07-30 12:00:00,3331.48,3333.29,3328.67,3330.51,6208,40,0
2025-07-30 13:00:00,3330.43,3332.29,3325.88,3327.67,8944,40,0
2025-07-30 14:00:00,3327.66,3330.93,3323.18,3330.06,9911,40,0
2025-07-30 15:00:00,3330.1,3331.25,3309.91,3312.6,17922,40,0
2025-07-30 16:00:00,3312.56,3315.36,3298.23,3303.1,26901,39,0
2025-07-30 17:00:00,3303.1,3308.23,3301.17,3301.99,19416,40,0
2025-07-30 18:00:00,3301.98,3303.28,3288.54,3290.22,17724,39,0
2025-07-30 19:00:00,3290.22,3298.49,3289.77,3297.96,12165,40,0
2025-07-30 20:00:00,3298.02,3301.91,3297.59,3300.94,11109,40,0
2025-07-30 21:00:00,3300.94,3304.82,3279.49,3280.23,34051,40,0
2025-07-30 22:00:00,3280.17,3282.54,3267.87,3269.26,27496,40,0
2025-07-30 23:00:00,3269.24,3276.23,3268.85,3275.15,8818,40,0
2025-07-31 01:00:00,3274.91,3279.92,3273.42,3278.74,3553,40,0
2025-07-31 02:00:00,3278.75,3285.65,3277.58,3285.27,3438,40,0
2025-07-31 03:00:00,3285.28,3288.31,3282.69,3286.21,8031,40,0
2025-07-31 04:00:00,3286.34,3293.27,3284.95,3292.99,11277,40,0
2025-07-31 05:00:00,3293.05,3296.87,3289.71,3296.65,7412,40,0
2025-07-31 06:00:00,3296.64,3297.77,3292.62,3294.21,6590,40,0
2025-07-31 07:00:00,3294.16,3297.68,3292.88,3297.36,5285,40,0
2025-07-31 08:00:00,3297.35,3300.88,3293.95,3298.95,6443,40,0
2025-07-31 09:00:00,3298.94,3303.95,3297.24,3298.3,11367,40,0
2025-07-31 10:00:00,3298.31,3309.0,3297.33,3303.83,8583,40,0
2025-07-31 11:00:00,3303.82,3314.76,3302.85,3309.77,8719,40,0
2025-07-31 12:00:00,3309.79,3313.01,3304.78,3306.6,8495,40,0
2025-07-31 13:00:00,3306.58,3308.1,3293.68,3296.3,10720,40,0
2025-07-31 14:00:00,3296.31,3307.65,3295.11,3306.07,12971,40,0
2025-07-31 15:00:00,3306.05,3311.05,3303.61,3307.58,13659,40,0
2025-07-31 16:00:00,3307.67,3310.4,3300.55,3301.31,20514,40,0
2025-07-31 17:00:00,3301.18,3303.14,3291.29,3296.1,22600,40,0
2025-07-31 18:00:00,3296.0,3298.96,3291.19,3295.37,16505,40,0
2025-07-31 19:00:00,3295.34,3297.31,3289.52,3294.97,14596,40,0
2025-07-31 20:00:00,3294.96,3298.35,3293.92,3294.87,11666,38,0
2025-07-31 21:00:00,3294.92,3297.01,3292.64,3295.71,10206,40,0
2025-07-31 22:00:00,3295.68,3296.31,3290.3,3290.89,11856,40,0
2025-07-31 23:00:00,3290.92,3293.73,3289.68,3290.19,4681,40,0
2025-08-01 01:00:00,3289.86,3295.06,3288.57,3294.89,2455,40,0
2025-08-01 02:00:00,3294.87,3295.0,3287.95,3288.43,3688,40,0
2025-08-01 03:00:00,3288.47,3293.02,3286.38,3289.48,6240,40,0
2025-08-01 04:00:00,3289.41,3292.78,3280.86,3282.96,9598,40,0
2025-08-01 05:00:00,3282.68,3291.58,3282.58,3290.91,7785,40,0
2025-08-01 06:00:00,3290.88,3296.32,3289.79,3290.73,5576,40,0
2025-08-01 07:00:00,3290.72,3294.75,3289.37,3291.31,4986,40,0
2025-08-01 08:00:00,3291.29,3299.63,3290.94,3295.93,6310,40,0
2025-08-01 09:00:00,3295.86,3296.8,3289.72,3291.62,9008,40,0
2025-08-01 10:00:00,3291.63,3292.68,3284.42,3286.0,8382,40,0
2025-08-01 11:00:00,3285.88,3293.65,3284.55,3293.48,7407,40,0
2025-08-01 12:00:00,3293.5,3295.67,3292.02,3293.65,7743,40,0
2025-08-01 13:00:00,3293.65,3302.3,3292.46,3297.52,6923,40,0
2025-08-01 14:00:00,3297.5,3300.66,3296.09,3299.56,7329,40,0
2025-08-01 15:00:00,3299.65,3345.03,3296.66,3341.24,26989,37,0
2025-08-01 16:00:00,3341.19,3354.73,3338.76,3342.47,32454,40,0
2025-08-01 17:00:00,3342.41,3354.94,3341.25,3345.77,29085,40,0
2025-08-01 18:00:00,3345.76,3351.23,3341.5,3348.55,19164,40,0
2025-08-01 19:00:00,3348.54,3349.43,3340.52,3347.42,12976,18,0
2025-08-01 20:00:00,3347.37,3349.42,3345.65,3348.25,7082,18,0
2025-08-01 21:00:00,3348.3,3351.32,3345.98,3347.61,5725,18,0
2025-08-01 22:00:00,3347.61,3361.3,3347.61,3357.26,7140,18,0
2025-08-01 23:00:00,3357.23,3363.42,3357.11,3362.92,3620,18,0
2025-08-04 01:00:00,3365.43,3365.82,3357.64,3359.16,3342,22,0
2025-08-04 02:00:00,3359.26,3361.99,3354.52,3361.99,2666,22,0
2025-08-04 03:00:00,3361.92,3362.3,3350.26,3352.19,4498,22,0
2025-08-04 04:00:00,3352.13,3353.63,3345.04,3352.22,5919,22,0
2025-08-04 05:00:00,3352.2,3355.23,3350.19,3354.27,3859,22,0
2025-08-04 06:00:00,3354.3,3361.54,3354.3,3361.0,3699,22,0
2025-08-04 07:00:00,3360.95,3362.79,3359.46,3359.57,2540,22,0
2025-08-04 08:00:00,3359.72,3361.61,3356.16,3358.22,3033,22,0
2025-08-04 09:00:00,3357.98,3363.3,3354.24,3363.25,5886,18,0
2025-08-04 10:00:00,3363.24,3363.24,3352.43,3356.66,6211,18,0
2025-08-04 11:00:00,3356.74,3360.47,3354.76,3359.19,5049,18,0
2025-08-04 12:00:00,3359.18,3362.48,3357.55,3358.64,5149,18,0
2025-08-04 13:00:00,3358.65,3359.58,3353.61,3358.55,4506,18,0
2025-08-04 14:00:00,3358.58,3371.36,3358.38,3371.03,6186,18,0
2025-08-04 15:00:00,3371.02,3372.23,3361.79,3368.48,6922,18,0
2025-08-04 16:00:00,3368.48,3385.38,3367.78,3383.31,9574,18,0
2025-08-04 17:00:00,3383.35,3384.63,3372.03,3374.04,9234,18,0
2025-08-04 18:00:00,3374.06,3376.15,3370.77,3374.33,7559,18,0
2025-08-04 19:00:00,3374.34,3378.15,3370.58,3371.0,6020,18,0
2025-08-04 20:00:00,3371.01,3374.3,3370.74,3373.96,4993,18,0
2025-08-04 21:00:00,3374.0,3376.85,3373.25,3375.81,4101,20,0
2025-08-04 22:00:00,3375.75,3377.21,3374.62,3376.06,4304,20,0
2025-08-04 23:00:00,3375.95,3376.94,3373.36,3373.66,2120,20,0
2025-08-05 01:00:00,3374.42,3376.41,3373.67,3374.79,1205,25,0
2025-08-05 02:00:00,3374.79,3379.66,3374.75,3377.39,2172,25,0
2025-08-05 03:00:00,3377.38,3381.31,3375.87,3379.17,2906,25,0
2025-08-05 04:00:00,3379.25,3381.71,3377.29,3378.4,4029,25,0
2025-08-05 05:00:00,3378.3,3380.74,3373.0,3373.0,3419,25,0
2025-08-05 06:00:00,3372.97,3374.7,3371.39,3371.43,2493,25,0
2025-08-05 07:00:00,3371.37,3372.51,3370.3,3370.47,2030,25,0
2025-08-05 08:00:00,3370.44,3373.42,3366.94,3373.32,3488,25,0
2025-08-05 09:00:00,3373.32,3373.44,3365.03,3365.52,4739,18,0
2025-08-05 10:00:00,3365.51,3374.86,3365.42,3373.0,5430,18,0
2025-08-05 11:00:00,3372.92,3373.97,3365.35,3365.48,5136,20,0
2025-08-05 12:00:00,3365.47,3365.64,3358.27,3358.97,4988,20,0
2025-08-05 13:00:00,3358.97,3361.13,3352.33,3352.55,5620,20,0
2025-08-05 14:00:00,3352.52,3354.32,3349.87,3351.41,5443,20,0
2025-08-05 15:00:00,3351.37,3366.99,3349.89,3366.15,7392,20,0
2025-08-05 16:00:00,3366.27,3379.67,3365.88,3373.8,8921,18,0
2025-08-05 17:00:00,3374.89,3386.53,3370.73,3385.21,11098,20,0
2025-08-05 18:00:00,3385.26,3390.13,3382.17,3389.49,7625,20,0
2025-08-05 19:00:00,3389.53,3390.45,3376.94,3382.08,6487,20,0
2025-08-05 20:00:00,3382.1,3382.79,3379.05,3380.13,5079,20,0
2025-08-05 21:00:00,3380.14,3381.16,3378.43,3380.03,4479,20,0
2025-08-05 22:00:00,3380.03,3381.38,3378.18,3378.97,4005,18,0
2025-08-05 23:00:00,3378.99,3380.88,3378.49,3380.78,1958,18,0
2025-08-06 01:00:00,3380.8,3381.69,3378.15,3379.71,1258,23,0
2025-08-06 02:00:00,3379.65,3383.91,3378.99,3383.25,1854,23,0
2025-08-06 03:00:00,3383.19,3385.28,3380.87,3384.16,3115,23,0
2025-08-06 04:00:00,3383.9,3384.31,3373.81,3376.74,4915,23,0
2025-08-06 05:00:00,3376.6,3378.56,3374.79,3377.04,3433,23,0
2025-08-06 06:00:00,3377.03,3379.06,3374.1,3375.26,2646,23,0
2025-08-06 07:00:00,3375.33,3377.12,3372.91,3373.11,1741,23,0
2025-08-06 08:00:00,3373.22,3375.36,3371.36,3374.99,3030,23,0
2025-08-06 09:00:00,3375.01,3379.32,3374.0,3375.86,4243,14,0
2025-08-06 10:00:00,3375.84,3377.81,3369.72,3374.35,4754,14,0
2025-08-06 11:00:00,3374.32,3375.44,3365.49,3365.82,5029,18,0
2025-08-06 12:00:00,3365.83,3368.51,3358.91,3359.6,5155,18,0
2025-08-06 13:00:00,3359.31,3366.13,3358.94,3364.34,5188,18,0
2025-08-06 14:00:00,3364.3,3367.08,3361.4,3365.21,4179,18,0
2025-08-06 15:00:00,3365.22,3369.35,3360.26,3367.5,6573,18,0
2025-08-06 16:00:00,3367.51,3373.48,3365.34,3371.65,9283,18,0
2025-08-06 17:00:00,3371.63,3379.34,3369.56,3379.32,7660,18,0
2025-08-06 18:00:00,3379.33,3379.94,3370.24,3377.48,7644,18,0
2025-08-06 19:00:00,3377.48,3379.38,3372.86,3376.07,6093,18,0
2025-08-06 20:00:00,3376.11,3377.62,3370.89,3374.62,6217,18,0
2025-08-06 21:00:00,3374.6,3374.64,3369.09,3371.66,5660,21,0
2025-08-06 22:00:00,3371.86,3373.02,3370.34,3371.71,4849,21,0
2025-08-06 23:00:00,3371.62,3372.18,3367.18,3368.88,3142,21,0
2025-08-07 01:00:00,3370.76,3374.73,3369.95,3371.95,2493,26,0
2025-08-07 02:00:00,3371.91,3371.99,3367.65,3370.21,2798,26,0
2025-08-07 03:00:00,3370.29,3374.79,3365.25,3372.27,7103,26,0
2025-08-07 04:00:00,3372.3,3383.25,3370.11,3383.01,7340,26,0
2025-08-07 05:00:00,3383.03,3384.73,3378.97,3380.22,3990,26,0
2025-08-07 06:00:00,3380.23,3381.0,3377.24,3380.45,3520,26,0
2025-08-07 07:00:00,3380.46,3381.31,3377.58,3378.29,3624,26,0
2025-08-07 08:00:00,3378.44,3381.68,3372.34,3376.26,6478,26,0
2025-08-07 09:00:00,3376.24,3388.55,3375.89,3388.55,7559,16,0
2025-08-07 10:00:00,3388.71,3398.11,3386.95,3396.88,8116,21,0
2025-08-07 11:00:00,3397.1,3397.26,3373.15,3378.85,11257,16,0
2025-08-07 12:00:00,3378.94,3381.94,3374.15,3377.4,9058,21,0
2025-08-07 13:00:00,3377.42,3379.54,3371.86,3373.09,6773,21,0
2025-08-07 14:00:00,3373.1,3383.32,3371.88,3378.33,9207,21,0
2025-08-07 15:00:00,3378.34,3389.78,3375.34,3380.8,10443,21,0
2025-08-07 16:00:00,3380.78,3393.85,3380.05,3384.93,24947,21,0
2025-08-07 17:00:00,3384.92,3390.25,3375.23,3387.91,31800,21,0
2025-08-07 18:00:00,3387.92,3390.91,3384.4,3390.26,15894,21,0
2025-08-07 19:00:00,3390.25,3392.63,3387.13,3388.89,10953,21,0
2025-08-07 20:00:00,3388.9,3393.01,3384.46,3392.24,13505,21,0
2025-08-07 21:00:00,3392.26,3393.99,3387.6,3388.2,9784,21,0
2025-08-07 22:00:00,3388.19,3400.74,3387.27,3399.75,16135,21,0
2025-08-07 23:00:00,3399.78,3401.89,3392.73,3396.72,12955,21,0
2025-08-08 01:00:00,3400.97,3407.7,3388.34,3404.68,11564,28,0
2025-08-08 02:00:00,3404.62,3405.76,3395.91,3400.45,5132,21,0
2025-08-08 03:00:00,3400.47,3402.38,3387.53,3389.7,29321,21,0
2025-08-08 04:00:00,3389.7,3390.96,3381.94,3384.23,26971,21,0
2025-08-08 05:00:00,3384.27,3390.74,3383.9,3389.24,18253,21,0
2025-08-08 06:00:00,3389.23,3398.46,3384.4,3396.5,23574,21,0
2025-08-08 07:00:00,3396.52,3399.97,3394.13,3395.03,15119,21,0
2025-08-08 08:00:00,3395.04,3396.53,3390.92,3392.96,15185,21,0
2025-08-08 09:00:00,3392.96,3398.55,3389.51,3394.28,22399,21,0
2025-08-08 10:00:00,3394.34,3404.93,3392.8,3402.76,27530,21,0
2025-08-08 11:00:00,3402.79,3403.23,3394.82,3395.02,26752,21,0
2025-08-08 12:00:00,3395.07,3402.13,3394.63,3401.37,25409,21,0
2025-08-08 13:00:00,3401.41,3401.75,3385.04,3385.83,29293,21,0
2025-08-08 14:00:00,3385.82,3389.35,3381.34,3386.23,32912,21,0
2025-08-08 15:00:00,3386.25,3401.88,3385.18,3391.58,38972,21,0
2025-08-08 16:00:00,3391.66,3401.64,3387.71,3400.35,38324,21,0
2025-08-08 17:00:00,3400.33,3401.31,3381.23,3390.7,31627,21,0
2025-08-08 18:00:00,3390.76,3395.48,3388.83,3395.45,24162,21,0
2025-08-08 19:00:00,3395.51,3400.62,3393.57,3397.43,17892,21,0
2025-08-08 20:00:00,3397.42,3399.46,3376.72,3385.15,15348,21,0
2025-08-08 21:00:00,3385.13,3404.03,3368.22,3395.54,32488,21,0
2025-08-08 22:00:00,3395.53,3400.78,3392.36,3398.47,19548,21,0
2025-08-08 23:00:00,3398.56,3398.98,3392.32,3397.05,8046,21,0
2025-08-11 01:00:00,3403.77,3404.97,3390.04,3395.33,4983,27,0
2025-08-11 02:00:00,3395.34,3397.04,3390.04,3391.45,3094,25,0
2025-08-11 03:00:00,3391.47,3391.64,3381.48,3381.67,9880,25,0
2025-08-11 04:00:00,3381.64,3384.04,3367.72,3377.61,14071,25,0
2025-08-11 05:00:00,3377.63,3379.97,3369.66,3377.18,9116,25,0
2025-08-11 06:00:00,3377.15,3380.18,3374.12,3378.24,6363,25,0
2025-08-11 07:00:00,3378.29,3379.76,3375.54,3375.85,4683,25,0
2025-08-11 08:00:00,3375.81,3380.07,3374.03,3377.12,6384,25,0
2025-08-11 09:00:00,3376.89,3377.01,3363.77,3365.78,15521,16,0
2025-08-11 10:00:00,3365.84,3366.5,3356.99,3359.81,18304,21,0
2025-08-11 11:00:00,3359.84,3365.21,3358.16,3361.25,14152,21,0
2025-08-11 12:00:00,3361.18,3363.13,3352.29,3352.57,14081,21,0
2025-08-11 13:00:00,3352.56,3363.26,3352.38,3357.82,12410,21,0
2025-08-11 14:00:00,3357.81,3358.27,3349.21,3355.32,14653,21,0
2025-08-11 15:00:00,3355.24,3357.61,3344.43,3356.93,18832,21,0
2025-08-11 16:00:00,3356.89,3362.85,3348.36,3358.59,21196,21,0
2025-08-11 17:00:00,3358.59,3359.36,3341.51,3346.27,20591,21,0
2025-08-11 18:00:00,3346.28,3352.23,3344.9,3349.5,14104,21,0
2025-08-11 19:00:00,3349.51,3350.35,3342.62,3344.14,13102,21,0
2025-08-11 20:00:00,3344.14,3358.81,3341.22,3357.61,17129,21,0
2025-08-11 21:00:00,3357.66,3358.65,3352.34,3356.2,11015,21,0
2025-08-11 22:00:00,3356.21,3356.86,3350.43,3351.49,7335,23,0
2025-08-11 23:00:00,3351.51,3351.78,3342.16,3342.66,6102,23,0
2025-08-12 01:00:00,3342.75,3347.26,3342.45,3347.14,2726,27,0
2025-08-12 02:00:00,3347.1,3349.58,3346.21,3348.98,2244,27,0
2025-08-12 03:00:00,3349.03,3356.46,3347.39,3355.19,4360,27,0
2025-08-12 04:00:00,3355.22,3358.15,3346.89,3350.4,7390,27,0
2025-08-12 05:00:00,3350.4,3354.31,3350.09,3353.03,3868,27,0
2025-08-12 06:00:00,3353.06,3355.37,3348.12,3349.3,3793,27,0
2025-08-12 07:00:00,3349.34,3355.71,3348.56,3354.45,3829,27,0
2025-08-12 08:00:00,3354.49,3355.71,3350.46,3354.57,4391,27,0
2025-08-12 09:00:00,3354.87,3354.9,3342.26,3345.56,12827,18,0
2025-08-12 10:00:00,3345.57,3358.2,3343.9,3355.61,10121,18,0
2025-08-12 11:00:00,3355.61,3355.81,3345.49,3347.93,7766,23,0
2025-08-12 12:00:00,3347.92,3351.93,3344.43,3345.64,6894,23,0
2025-08-12 13:00:00,3345.63,3351.3,3344.19,3345.35,8429,23,0
2025-08-12 14:00:00,3345.37,3348.42,3336.12,3347.58,11685,23,0
2025-08-12 15:00:00,3347.59,3358.08,3338.53,3349.87,23394,23,0
2025-08-12 16:00:00,3349.86,3357.06,3340.07,3345.61,26487,23,0
2025-08-12 17:00:00,3345.6,3346.61,3331.1,3337.54,24061,23,0
2025-08-12 18:00:00,3337.55,3359.24,3337.02,3349.82,22186,23,0
2025-08-12 19:00:00,3349.82,3351.16,3345.88,3349.44,13403,23,0
2025-08-12 20:00:00,3349.44,3350.71,3346.4,3349.0,10244,23,0
2025-08-12 21:00:00,3348.86,3350.87,3347.49,3349.14,7964,23,0
2025-08-12 22:00:00,3349.08,3349.41,3345.54,3347.63,7578,23,0
2025-08-12 23:00:00,3347.63,3350.08,3346.04,3347.87,4221,23,0
2025-08-13 01:00:00,3349.83,3353.76,3349.22,3350.59,3155,25,0
2025-08-13 02:00:00,3350.61,3352.11,3349.67,3350.61,3246,25,0
2025-08-13 03:00:00,3350.61,3350.71,3341.98,3342.87,7983,25,0
2025-08-13 04:00:00,3342.9,3351.42,3342.01,3350.17,10909,25,0
2025-08-13 05:00:00,3350.19,3353.74,3345.91,3351.15,8895,25,0
2025-08-13 06:00:00,3351.15,3352.36,3348.0,3348.97,6819,25,0
2025-08-13 07:00:00,3348.96,3351.65,3347.58,3351.16,4541,25,0
2025-08-13 08:00:00,3351.15,3351.45,3344.93,3348.56,7060,25,0
2025-08-13 09:00:00,3348.55,3356.9,3348.25,3356.54,10513,18,0
2025-08-13 10:00:00,3356.56,3360.25,3353.35,3354.03,8605,23,0
2025-08-13 11:00:00,3354.04,3362.92,3352.11,3359.67,10295,23,0
2025-08-13 12:00:00,3359.67,3366.69,3358.33,3364.62,8839,23,0
2025-08-13 13:00:00,3364.63,3367.03,3363.07,3366.14,6894,23,0
2025-08-13 14:00:00,3366.14,3367.12,3358.85,3362.36,9944,23,0
2025-08-13 15:00:00,3362.43,3363.79,3355.47,3358.14,12930,23,0
2025-08-13 16:00:00,3358.17,3365.92,3354.17,3365.08,14464,23,0
2025-08-13 17:00:00,3365.17,3370.77,3361.03,3363.15,15031,23,0
2025-08-13 18:00:00,3363.22,3363.8,3354.35,3357.81,10719,23,0
2025-08-13 19:00:00,3357.87,3360.93,3357.03,3357.89,7544,23,0
2025-08-13 20:00:00,3357.89,3359.35,3352.72,3353.64,6609,23,0
2025-08-13 21:00:00,3353.63,3354.41,3350.03,3353.7,6400,23,0
2025-08-13 22:00:00,3353.71,3358.81,3352.67,3357.81,5377,26,0
2025-08-13 23:00:00,3357.82,3358.23,3355.37,3355.65,2729,26,0
2025-08-14 01:00:00,3357.11,3358.95,3356.71,3357.5,2577,28,0
2025-08-14 02:00:00,3357.49,3363.45,3357.49,3362.82,4228,28,0
2025-08-14 03:00:00,3362.81,3374.74,3362.8,3370.19,9962,28,0
2025-08-14 04:00:00,3370.18,3371.6,3365.81,3368.07,10785,28,0
2025-08-14 05:00:00,3368.03,3369.97,3363.39,3363.5,8691,28,0
2025-08-14 06:00:00,3363.46,3364.74,3356.12,3361.14,10699,28,0
2025-08-14 07:00:00,3361.21,3362.46,3359.2,3361.18,6412,28,0
2025-08-14 08:00:00,3361.17,3362.57,3356.91,3358.98,7969,28,0
2025-08-14 09:00:00,3358.91,3362.4,3355.96,3362.16,10714,21,0
2025-08-14 10:00:00,3362.18,3366.5,3343.66,3346.09,13088,26,0
2025-08-14 11:00:00,3346.05,3350.4,3341.41,3346.22,12867,26,0
2025-08-14 12:00:00,3346.22,3359.11,3345.08,3356.57,11012,26,0
2025-08-14 13:00:00,3356.58,3359.14,3352.13,3354.99,7831,26,0
2025-08-14 14:00:00,3355.02,3357.15,3352.51,3355.41,7834,26,0
2025-08-14 15:00:00,3355.45,3358.33,3342.0,3350.56,18419,26,0
2025-08-14 16:00:00,3350.56,3356.09,3343.62,3344.0,22543,26,0
2025-08-14 17:00:00,3344.0,3346.68,3334.21,3340.53,21434,26,0
2025-08-14 18:00:00,3340.56,3342.76,3335.29,3341.66,13800,26,0
2025-08-14 19:00:00,3341.62,3341.94,3329.68,3334.29,13779,26,0
2025-08-14 20:00:00,3334.29,3338.38,3331.72,3337.68,8817,26,0
2025-08-14 21:00:00,3337.71,3339.22,3335.92,3338.15,5710,26,0
2025-08-14 22:00:00,3338.14,3340.97,3337.83,3337.89,5215,26,0
2025-08-14 23:00:00,3337.88,3338.44,3334.39,3335.1,3851,26,0
2025-08-15 01:00:00,3336.73,3337.42,3332.41,3333.26,3766,28,0
2025-08-15 02:00:00,3333.28,3336.42,3332.21,3335.36,3307,28,0
2025-08-15 03:00:00,3335.25,3339.7,3332.2,3337.89,6238,28,0
2025-08-15 04:00:00,3337.92,3341.13,3334.12,3340.41,9392,28,0
2025-08-15 05:00:00,3340.38,3341.74,3337.5,3341.33,6928,28,0
2025-08-15 06:00:00,3341.38,3345.8,3341.0,3344.31,5381,28,0
2025-08-15 07:00:00,3344.23,3347.44,3344.13,3346.36,5898,28,0
2025-08-15 08:00:00,3346.35,3349.65,3342.76,3344.76,6797,28,0
2025-08-15 09:00:00,3344.77,3344.94,3341.08,3341.35,8111,21,0
2025-08-15 10:00:00,3341.36,3347.46,3341.02,3347.11,8949,21,0
2025-08-15 11:00:00,3347.09,3349.12,3339.16,3342.18,9191,26,0
2025-08-15 12:00:00,3342.16,3345.9,3339.42,3343.56,8412,26,0
2025-08-15 13:00:00,3343.58,3343.59,3337.2,3338.58,7656,26,0
2025-08-15 14:00:00,3338.58,3344.54,3337.96,3342.35,8093,36,0
2025-08-15 15:00:00,3342.33,3343.91,3333.43,3342.69,15084,36,0
2025-08-15 16:00:00,3342.71,3345.96,3332.79,3335.27,17517,36,0
2025-08-15 17:00:00,3335.25,3343.56,3334.89,3341.79,13829,36,0
2025-08-15 18:00:00,3341.76,3345.14,3341.39,3342.34,8995,36,0
2025-08-15 19:00:00,3342.34,3342.48,3335.66,3338.07,8259,36,0
2025-08-15 20:00:00,3338.07,3338.84,3334.92,3335.93,6864,36,0
2025-08-15 21:00:00,3335.94,3338.14,3334.54,3335.86,5571,36,0
2025-08-15 22:00:00,3335.88,3339.44,3334.22,3338.97,6005,36,0
2025-08-15 23:00:00,3338.86,3339.27,3335.61,3335.86,3145,36,0
2025-08-18 01:00:00,3336.26,3336.67,3332.51,3334.29,3480,28,0
2025-08-18 02:00:00,3334.3,3334.35,3323.82,3328.02,5882,28,0
2025-08-18 03:00:00,3328.04,3343.7,3327.72,3341.44,10921,28,0
2025-08-18 04:00:00,3341.37,3348.31,3340.45,3347.72,10999,28,0
2025-08-18 05:00:00,3347.65,3348.39,3343.22,3344.23,6550,28,0
2025-08-18 06:00:00,3344.24,3352.63,3344.17,3347.92,7339,28,0
2025-08-18 07:00:00,3347.94,3358.37,3347.7,3357.69,7357,28,0
2025-08-18 08:00:00,3357.69,3358.55,3346.58,3349.48,10707,28,0
2025-08-18 09:00:00,3349.48,3351.1,3346.11,3349.54,8385,21,0
2025-08-18 10:00:00,3349.55,3355.66,3347.15,3348.97,9327,22,0
2025-08-18 11:00:00,3348.96,3349.85,3344.45,3348.63,7991,26,0
2025-08-18 12:00:00,3348.61,3351.67,3347.49,3348.08,6951,26,0
2025-08-18 13:00:00,3348.07,3351.4,3346.46,3346.57,6390,26,0
2025-08-18 14:00:00,3346.57,3348.7,3344.51,3345.42,5617,26,0
2025-08-18 15:00:00,3345.42,3348.81,3343.09,3344.78,9508,26,0
2025-08-18 16:00:00,3344.72,3344.96,3335.55,3336.62,14045,26,0
2025-08-18 17:00:00,3336.64,3338.56,3332.22,3334.11,13519,26,0
2025-08-18 18:00:00,3334.12,3336.64,3331.99,3335.44,8637,26,0
2025-08-18 19:00:00,3335.52,3335.6,3331.52,3334.14,7899,26,0
2025-08-18 20:00:00,3334.15,3334.68,3331.49,3333.53,6267,26,0
2025-08-18 21:00:00,3333.47,3333.62,3331.29,3331.73,3736,26,0
2025-08-18 22:00:00,3331.73,3334.08,3330.04,3333.32,5162,26,0
2025-08-18 23:00:00,3333.34,3334.07,3332.29,3332.46,2067,26,0
2025-08-19 01:00:00,3333.6,3334.43,3332.68,3334.26,2122,28,0
2025-08-19 02:00:00,3334.29,3334.57,3330.33,3330.75,2981,28,0
2025-08-19 03:00:00,3330.73,3339.07,3325.98,3335.05,10005,28,0
2025-08-19 04:00:00,3335.05,3335.6,3330.14,3332.74,11541,28,0
2025-08-19 05:00:00,3332.73,3337.86,3329.27,3337.8,7603,28,0
2025-08-19 06:00:00,3337.83,3341.51,3336.89,3337.67,7592,28,0
2025-08-19 07:00:00,3337.68,3338.14,3334.27,3337.49,4862,28,0
2025-08-19 08:00:00,3337.51,3340.71,3335.55,3335.99,6117,28,0
2025-08-19 09:00:00,3336.0,3338.61,3334.41,3335.94,6748,21,0
2025-08-19 10:00:00,3335.95,3341.7,3334.9,3340.67,8408,26,0
2025-08-19 11:00:00,3340.68,3340.99,3336.45,3338.02,5490,26,0
2025-08-19 12:00:00,3338.03,3339.59,3336.89,3339.29,5019,31,0
2025-08-19 13:00:00,3339.31,3345.31,3339.23,3343.5,5855,31,0
2025-08-19 14:00:00,3343.48,3344.82,3339.12,3339.52,5844,40,0
2025-08-19 15:00:00,3339.53,3340.38,3333.99,3334.44,9680,40,0
2025-08-19 16:00:00,3334.57,3339.31,3325.59,3333.93,17736,40,0
2025-08-19 17:00:00,3333.85,3336.93,3320.59,3324.97,18255,40,0
2025-08-19 18:00:00,3325.02,3326.44,3321.28,3322.39,12800,40,0
2025-08-19 19:00:00,3322.43,3324.12,3316.72,3317.25,9371,40,0
2025-08-19 20:00:00,3317.18,3319.76,3314.65,3317.21,8217,40,0
2025-08-19 21:00:00,3317.2,3319.85,3316.49,3318.18,4811,40,0
2025-08-19 22:00:00,3318.18,3318.67,3315.21,3315.6,6475,40,0
2025-08-19 23:00:00,3315.54,3317.17,3314.73,3314.99,3506,40,0
2025-08-20 01:00:00,3316.39,3317.35,3315.08,3316.59,1793,40,0
2025-08-20 02:00:00,3316.56,3316.56,3312.72,3313.98,3109,40,0
2025-08-20 03:00:00,3313.99,3316.0,3311.93,3315.08,6268,40,0
2025-08-20 04:00:00,3315.11,3317.53,3311.24,3314.96,11231,40,0
2025-08-20 05:00:00,3314.97,3316.88,3312.12,3313.92,7795,40,0
2025-08-20 06:00:00,3313.89,3318.42,3313.82,3317.32,5851,40,0
2025-08-20 07:00:00,3317.39,3319.99,3316.91,3317.77,3879,40,0
2025-08-20 08:00:00,3317.86,3323.01,3317.17,3322.54,5534,40,0
2025-08-20 09:00:00,3322.54,3325.1,3321.25,3322.11,9635,40,0
2025-08-20 10:00:00,3322.03,3326.64,3320.58,3323.89,7669,40,0
2025-08-20 11:00:00,3323.83,3324.89,3319.98,3324.19,7665,40,0
2025-08-20 12:00:00,3324.23,3326.72,3322.73,3325.37,6760,35,0
2025-08-20 13:00:00,3325.36,3327.16,3323.02,3325.88,7061,35,0
2025-08-20 14:00:00,3325.86,3332.28,3324.96,3331.67,10036,35,0
2025-08-20 15:00:00,3331.85,3344.83,3331.41,3342.89,15178,35,0
2025-08-20 16:00:00,3342.9,3348.38,3338.89,3344.79,16103,33,0
2025-08-20 17:00:00,3344.8,3350.23,3339.96,3347.01,15401,35,0
2025-08-20 18:00:00,3346.97,3347.02,3338.79,3340.59,10819,35,0
2025-08-20 19:00:00,3340.57,3346.09,3340.57,3345.12,6547,35,0
2025-08-20 20:00:00,3345.11,3348.13,3344.04,3346.8,6512,35,0
2025-08-20 21:00:00,3346.81,3347.0,3344.07,3345.77,7032,35,0
2025-08-20 22:00:00,3345.78,3349.34,3345.16,3348.77,7086,35,0
2025-08-20 23:00:00,3348.79,3349.36,3347.41,3348.21,3231,35,0
2025-08-21 01:00:00,3350.74,3352.13,3348.75,3349.65,2695,35,0
2025-08-21 02:00:00,3349.65,3349.65,3346.41,3346.93,2868,35,0
2025-08-21 03:00:00,3346.91,3346.91,3341.42,3342.18,4793,35,0
2025-08-21 04:00:00,3342.22,3346.36,3340.61,3342.77,7125,35,0
2025-08-21 05:00:00,3342.68,3344.92,3340.33,3344.52,5087,35,0
2025-08-21 06:00:00,3344.49,3344.84,3339.61,3339.82,3863,35,0
2025-08-21 07:00:00,3339.7,3340.97,3337.91,3338.17,2741,35,0
2025-08-21 08:00:00,3338.21,3340.79,3336.97,3338.74,4462,35,0
2025-08-21 09:00:00,3338.71,3339.89,3334.23,3336.68,7821,35,0
2025-08-21 10:00:00,3336.67,3341.53,3335.38,3339.68,6971,35,0
2025-08-21 11:00:00,3339.66,3341.49,3337.8,3339.55,5732,35,0
2025-08-21 12:00:00,3339.54,3342.18,3337.96,3340.64,5894,35,0
2025-08-21 13:00:00,3340.76,3341.57,3327.3,3328.2,8288,35,0
2025-08-21 14:00:00,3328.43,3334.3,3324.93,3333.44,9484,35,0
2025-08-21 15:00:00,3333.52,3344.96,3333.51,3341.77,15123,35,0
2025-08-21 16:00:00,3341.73,3347.42,3335.9,3338.82,19735,35,0
2025-08-21 17:00:00,3338.76,3348.08,3337.86,3344.03,20378,35,0
2025-08-21 18:00:00,3344.01,3346.14,3337.4,3343.64,15358,35,0
2025-08-21 19:00:00,3343.65,3343.92,3338.14,3339.62,9033,35,0
2025-08-21 20:00:00,3339.68,3341.95,3336.8,3336.85,7279,35,0
2025-08-21 21:00:00,3336.86,3339.48,3336.4,3339.19,5901,35,0
2025-08-21 22:00:00,3339.21,3341.82,3337.8,3338.64,6613,35,0
2025-08-21 23:00:00,3338.62,3339.15,3337.7,3338.35,2450,35,0
2025-08-22 01:00:00,3338.81,3340.58,3338.0,3338.89,1915,35,0
2025-08-22 02:00:00,3338.92,3339.38,3337.29,3338.3,1595,35,0
2025-08-22 03:00:00,3338.26,3339.57,3334.95,3339.28,5098,35,0
2025-08-22 04:00:00,3339.38,3340.05,3333.41,3333.82,6432,35,0
2025-08-22 05:00:00,3333.8,3336.01,3332.54,3333.79,6022,35,0
2025-08-22 06:00:00,3333.73,3335.13,3331.4,3331.59,5068,35,0
2025-08-22 07:00:00,3331.7,3332.37,3327.64,3328.24,4234,35,0
2025-08-22 08:00:00,3328.21,3331.25,3326.79,3329.89,6082,35,0
2025-08-22 09:00:00,3329.86,3330.21,3325.41,3329.26,8863,35,0
2025-08-22 10:00:00,3329.25,3334.85,3325.48,3327.16,9917,35,0
2025-08-22 11:00:00,3327.17,3330.48,3325.06,3328.59,8784,35,0
2025-08-22 12:00:00,3328.59,3331.42,3327.99,3329.89,6008,35,0
2025-08-22 13:00:00,3329.87,3331.46,3328.69,3330.69,5558,35,0
2025-08-22 14:00:00,3330.72,3330.81,3327.44,3329.05,7539,35,0
2025-08-22 15:00:00,3329.04,3329.68,3321.22,3323.31,15392,35,0
2025-08-22 16:00:00,3323.39,3336.13,3323.09,3333.8,15980,35,0
2025-08-22 17:00:00,3333.85,3376.78,3333.85,3373.88,38929,35,0
2025-08-22 18:00:00,3374.0,3378.91,3367.29,3367.83,20934,35,0
2025-08-22 19:00:00,3367.86,3374.26,3367.8,3370.51,12260,35,0
2025-08-22 20:00:00,3370.54,3375.52,3370.44,3374.24,9303,35,0
2025-08-22 21:00:00,3374.23,3375.12,3371.07,3372.78,7622,35,0
2025-08-22 22:00:00,3372.77,3373.64,3368.81,3373.21,9443,35,0
2025-08-22 23:00:00,3373.26,3373.67,3370.28,3371.89,3650,31,0
2025-08-25 01:00:00,3371.21,3371.21,3366.06,3367.44,3095,33,0
2025-08-25 02:00:00,3367.48,3371.07,3366.49,3369.19,3434,33,0
2025-08-25 03:00:00,3369.16,3369.77,3363.48,3365.06,5620,33,0
2025-08-25 04:00:00,3365.07,3367.97,3360.66,3362.92,7722,33,0
2025-08-25 05:00:00,3362.92,3365.29,3359.79,3364.59,5725,33,0
2025-08-25 06:00:00,3364.58,3368.2,3364.33,3367.45,4213,33,0
2025-08-25 07:00:00,3367.45,3367.72,3363.95,3366.2,3346,33,0
2025-08-25 08:00:00,3366.16,3366.28,3363.2,3364.68,3675,33,0
2025-08-25 09:00:00,3364.72,3369.67,3364.59,3369.06,5886,26,0
2025-08-25 10:00:00,3369.06,3369.95,3366.12,3366.29,4820,31,0
2025-08-25 11:00:00,3366.32,3366.82,3363.61,3364.09,4817,27,0
2025-08-25 12:00:00,3363.99,3368.12,3361.99,3367.52,4571,26,0
2025-08-25 13:00:00,3367.58,3368.66,3365.21,3366.16,4508,31,0
2025-08-25 14:00:00,3366.08,3371.59,3365.86,3370.5,5085,31,0
2025-08-25 15:00:00,3370.51,3371.31,3364.04,3364.34,8067,35,0
2025-08-25 16:00:00,3364.31,3371.38,3362.03,3370.56,13369,35,0
2025-08-25 17:00:00,3370.51,3375.58,3369.24,3374.5,14743,35,0
2025-08-25 18:00:00,3374.56,3376.41,3371.97,3374.13,10706,35,0
2025-08-25 19:00:00,3374.13,3374.49,3371.79,3373.99,6900,35,0
2025-08-25 20:00:00,3374.0,3375.01,3370.97,3371.14,6397,35,0
2025-08-25 21:00:00,3371.1,3373.41,3369.92,3370.59,6615,35,0
2025-08-25 22:00:00,3370.58,3370.96,3365.18,3365.49,7793,35,0
2025-08-25 23:00:00,3365.47,3366.07,3364.2,3365.32,3942,35,0
2025-08-26 01:00:00,3365.56,3367.14,3363.72,3364.29,2335,35,0
2025-08-26 02:00:00,3364.17,3364.19,3351.42,3354.86,6220,35,0
2025-08-26 03:00:00,3354.77,3386.48,3351.2,3383.12,20521,35,0
2025-08-26 04:00:00,3383.13,3384.93,3371.56,3376.61,13299,35,0
2025-08-26 05:00:00,3376.55,3378.98,3372.68,3375.22,7726,35,0
2025-08-26 06:00:00,3375.22,3375.44,3369.57,3372.01,6038,35,0
2025-08-26 07:00:00,3372.04,3378.87,3371.86,3377.35,4950,35,0
2025-08-26 08:00:00,3377.43,3378.95,3372.4,3376.54,6832,35,0
2025-08-26 09:00:00,3376.46,3377.66,3372.32,3376.11,8546,35,0
2025-08-26 10:00:00,3376.15,3379.04,3367.05,3376.76,11852,35,0
2025-08-26 11:00:00,3376.76,3379.85,3375.56,3376.7,8155,35,0
2025-08-26 12:00:00,3376.72,3378.52,3369.36,3371.83,9739,35,0
2025-08-26 13:00:00,3371.84,3375.03,3366.99,3371.84,7684,35,0
2025-08-26 14:00:00,3371.87,3380.28,3370.56,3377.6,11299,35,0
2025-08-26 15:00:00,3377.59,3379.73,3370.85,3371.93,12505,35,0
2025-08-26 16:00:00,3371.89,3378.05,3370.36,3375.36,18402,35,0
2025-08-26 17:00:00,3375.26,3379.57,3370.15,3379.31,16879,35,0
2025-08-26 18:00:00,3379.29,3389.38,3378.6,3386.67,13976,35,0
2025-08-26 19:00:00,3386.66,3387.77,3382.57,3382.98,10409,35,0
2025-08-26 20:00:00,3382.96,3385.9,3381.56,3381.75,7624,35,0
2025-08-26 21:00:00,3381.78,3385.72,3380.33,3385.61,7397,33,0
2025-08-26 22:00:00,3385.62,3391.0,3385.21,3389.87,9581,35,0
2025-08-26 23:00:00,3389.9,3393.4,3389.36,3393.26,3470,35,0
2025-08-27 01:00:00,3393.84,3393.88,3388.86,3391.05,2978,35,0
2025-08-27 02:00:00,3391.18,3392.98,3390.02,3390.97,2263,35,0
2025-08-27 03:00:00,3390.94,3393.61,3389.07,3389.59,6161,35,0
2025-08-27 04:00:00,3389.61,3390.19,3383.27,3386.26,9871,35,0
2025-08-27 05:00:00,3386.22,3387.02,3382.15,3384.14,6055,35,0
2025-08-27 06:00:00,3384.12,3384.46,3380.46,3380.54,4769,35,0
2025-08-27 07:00:00,3380.61,3381.24,3373.69,3374.71,6361,35,0
2025-08-27 08:00:00,3374.74,3378.85,3373.77,3377.1,7692,35,0
2025-08-27 09:00:00,3377.12,3381.91,3376.26,3377.37,8688,35,0
2025-08-27 10:00:00,3377.36,3381.56,3373.64,3381.51,8724,35,0
2025-08-27 11:00:00,3381.51,3385.01,3380.97,3384.58,9330,35,0
2025-08-27 12:00:00,3384.55,3385.5,3377.54,3378.17,8571,35,0
2025-08-27 13:00:00,3378.23,3379.25,3374.66,3375.3,11705,35,0
2025-08-27 14:00:00,3375.47,3377.97,3373.47,3376.64,8939,35,0
2025-08-27 15:00:00,3376.57,3382.73,3374.16,3381.06,13837,35,0
2025-08-27 16:00:00,3381.09,3384.88,3375.42,3377.74,18979,34,0
2025-08-27 17:00:00,3377.66,3386.89,3375.96,3386.53,16103,35,0
2025-08-27 18:00:00,3386.53,3390.45,3385.14,3388.15,13842,35,0
2025-08-27 19:00:00,3388.21,3398.86,3387.6,3395.62,13928,35,0
2025-08-27 20:00:00,3395.6,3397.56,3395.02,3395.32,10021,35,0
2025-08-27 21:00:00,3395.33,3396.47,3392.37,3394.61,7331,35,0
2025-08-27 22:00:00,3394.67,3396.51,3393.82,3396.4,7813,35,0
2025-08-27 23:00:00,3396.37,3398.11,3394.24,3397.31,4436,35,0
2025-08-28 01:00:00,3398.86,3399.06,3394.79,3395.84,2938,35,0
2025-08-28 02:00:00,3395.87,3399.47,3395.25,3395.82,3016,35,0
2025-08-28 03:00:00,3395.83,3398.13,3391.38,3392.07,5881,35,0
2025-08-28 04:00:00,3392.01,3392.89,3385.35,3385.9,11454,35,0
2025-08-28 05:00:00,3385.71,3391.36,3384.46,3391.36,8611,35,0
2025-08-28 06:00:00,3391.38,3392.45,3388.9,3390.24,5699,35,0
2025-08-28 07:00:00,3390.21,3392.21,3388.62,3390.29,3560,35,0
2025-08-28 08:00:00,3390.28,3390.87,3387.55,3389.17,5909,35,0
2025-08-28 09:00:00,3389.19,3395.81,3388.75,3395.54,11200,35,0
2025-08-28 10:00:00,3395.46,3397.83,3393.83,3396.01,9550,35,0
2025-08-28 11:00:00,3395.65,3401.18,3394.09,3400.8,10324,35,0
2025-08-28 12:00:00,3400.83,3401.75,3398.49,3399.26,7061,35,0
2025-08-28 13:00:00,3399.21,3399.27,3393.91,3397.21,9959,35,0
2025-08-28 14:00:00,3397.17,3407.79,3396.34,3404.22,12255,35,0
2025-08-28 15:00:00,3404.21,3408.83,3396.89,3397.27,19389,35,0
2025-08-28 16:00:00,3397.34,3410.52,3394.44,3407.16,22191,35,0
2025-08-28 17:00:00,3407.16,3413.79,3406.51,3412.5,18745,35,0
2025-08-28 18:00:00,3412.54,3413.48,3404.75,3411.2,14192,35,0
2025-08-28 19:00:00,3411.21,3418.11,3410.14,3415.82,13046,35,0
2025-08-28 20:00:00,3415.73,3419.08,3414.79,3418.32,10387,35,0
2025-08-28 21:00:00,3418.31,3420.63,3417.6,3420.44,8759,35,0
2025-08-28 22:00:00,3420.44,3423.43,3418.2,3422.47,15046,35,0
2025-08-28 23:00:00,3422.35,3422.71,3416.58,3417.06,5615,35,0
2025-08-29 01:00:00,3416.69,3418.1,3415.3,3417.14,2213,35,0
2025-08-29 02:00:00,3417.02,3417.1,3415.0,3415.0,1578,35,0
2025-08-29 03:00:00,3414.99,3418.14,3413.33,3413.66,7599,35,0
2025-08-29 04:00:00,3413.65,3413.76,3408.04,3410.15,11696,35,0
2025-08-29 05:00:00,3410.11,3414.25,3410.08,3411.62,7281,35,0
2025-08-29 06:00:00,3411.67,3413.87,3410.11,3411.03,5769,35,0
2025-08-29 07:00:00,3411.02,3411.66,3407.54,3408.88,6120,35,0
2025-08-29 08:00:00,3408.94,3410.97,3407.03,3410.48,6930,35,0
2025-08-29 09:00:00,3410.43,3412.9,3407.93,3410.28,7809,35,0
2025-08-29 10:00:00,3410.17,3412.84,3406.42,3412.24,10846,35,0
2025-08-29 11:00:00,3412.27,3415.08,3409.8,3410.4,11031,35,0
2025-08-29 12:00:00,3410.46,3411.18,3406.75,3407.4,10444,35,0
2025-08-29 13:00:00,3407.38,3408.87,3404.62,3405.47,8266,35,0
2025-08-29 14:00:00,3405.47,3411.36,3404.17,3410.8,11288,35,0
2025-08-29 15:00:00,3410.82,3417.0,3406.86,3416.47,16945,35,0
2025-08-29 16:00:00,3416.58,3429.28,3413.53,3428.63,21114,35,0
2025-08-29 17:00:00,3428.75,3441.2,3428.75,3441.12,29919,35,0
2025-08-29 18:00:00,3441.11,3447.87,3439.12,3445.74,22793,35,0
2025-08-29 19:00:00,3445.72,3449.61,3442.37,3449.35,18259,35,0
2025-08-29 20:00:00,3449.24,3450.32,3441.2,3443.89,17329,35,0
2025-08-29 21:00:00,3443.88,3445.79,3441.07,3443.12,12668,35,0
2025-08-29 22:00:00,3443.09,3454.13,3441.76,3452.98,16414,35,0
2025-08-29 23:00:00,3452.98,3453.0,3445.45,3448.25,8915,31,0
2025-09-01 01:00:00,3444.38,3452.99,3442.53,3450.54,6744,33,0
2025-09-01 02:00:00,3450.55,3451.13,3444.98,3448.1,4536,33,0
2025-09-01 03:00:00,3448.12,3448.12,3442.87,3444.35,8410,33,0
2025-09-01 04:00:00,3444.39,3459.46,3437.16,3457.41,16245,33,0
2025-09-01 05:00:00,3457.44,3484.95,3455.36,3483.79,28454,33,0
2025-09-01 06:00:00,3483.8,3486.08,3469.77,3474.78,17740,33,0
2025-09-01 07:00:00,3474.79,3479.43,3472.27,3475.31,9198,33,0
2025-09-01 08:00:00,3475.32,3482.82,3474.33,3477.17,13746,33,0
2025-09-01 09:00:00,3477.16,3490.1,3476.88,3479.17,15443,26,0
2025-09-01 10:00:00,3479.15,3480.93,3467.74,3477.89,15390,26,0
2025-09-01 11:00:00,3477.85,3479.96,3474.45,3476.83,11567,35,0
2025-09-01 12:00:00,3476.82,3477.03,3467.28,3469.28,11988,35,0
2025-09-01 13:00:00,3469.34,3473.91,3466.08,3470.42,11735,35,0
2025-09-01 14:00:00,3470.43,3473.47,3467.52,3470.08,10882,35,0
2025-09-01 15:00:00,3470.03,3471.7,3467.13,3469.39,11400,35,0
2025-09-01 16:00:00,3469.27,3479.12,3468.76,3475.28,14286,35,0
2025-09-01 17:00:00,3475.25,3481.42,3473.48,3475.75,12909,35,0
2025-09-01 18:00:00,3475.73,3479.2,3473.44,3474.04,8621,35,0
2025-09-01 19:00:00,3474.03,3477.73,3472.17,3477.29,4824,35,0
2025-09-01 20:00:00,3477.27,3478.89,3476.11,3477.98,4431,35,0
2025-09-01 21:00:00,3477.95,3478.05,3476.28,3476.4,1362,35,0
2025-09-02 01:00:00,3474.49,3479.63,3473.99,3475.31,3623,35,0
2025-09-02 02:00:00,3475.32,3481.35,3474.4,3479.79,3646,35,0
2025-09-02 03:00:00,3479.69,3485.78,3478.69,3479.6,10853,35,0
2025-09-02 04:00:00,3479.6,3508.6,3477.49,3497.59,22244,35,0
2025-09-02 05:00:00,3497.6,3500.67,3491.02,3496.13,13316,35,0
2025-09-02 06:00:00,3495.9,3496.17,3489.97,3494.92,10433,35,0
2025-09-02 07:00:00,3494.91,3498.36,3493.24,3496.63,7238,35,0
2025-09-02 08:00:00,3496.55,3497.72,3491.2,3492.65,9139,35,0
2025-09-02 09:00:00,3492.52,3495.3,3483.03,3485.43,15509,35,0
2025-09-02 10:00:00,3485.53,3488.21,3472.06,3476.88,19984,35,0
2025-09-02 11:00:00,3476.89,3481.3,3469.85,3477.48,18912,35,0
2025-09-02 12:00:00,3477.5,3480.36,3475.91,3476.81,13710,35,0
2025-09-02 13:00:00,3476.78,3485.66,3475.63,3485.55,17085,35,0
2025-09-02 14:00:00,3485.56,3489.99,3478.5,3489.81,16980,35,0
2025-09-02 15:00:00,3489.83,3494.14,3474.33,3481.97,28680,35,0
2025-09-02 16:00:00,3481.98,3493.49,3478.12,3488.63,32264,35,0
2025-09-02 17:00:00,3488.57,3513.88,3488.23,3511.06,36458,34,0
2025-09-02 18:00:00,3511.05,3520.48,3509.59,3520.48,25362,35,0
2025-09-02 19:00:00,3520.41,3528.91,3518.25,3527.88,20598,35,0
2025-09-02 20:00:00,3527.89,3530.14,3521.89,3529.38,16292,35,0
2025-09-02 21:00:00,3529.39,3532.11,3525.31,3528.42,15663,34,0
2025-09-02 22:00:00,3528.43,3540.09,3528.43,3537.04,16208,34,0
2025-09-02 23:00:00,3537.05,3537.75,3533.42,3533.72,6774,35,0
2025-09-03 01:00:00,3531.44,3534.94,3529.09,3529.5,3410,35,0
2025-09-03 02:00:00,3529.7,3533.57,3526.34,3530.58,4136,35,0
2025-09-03 03:00:00,3530.62,3547.31,3528.65,3536.46,15209,35,0
2025-09-03 04:00:00,3536.46,3542.29,3532.53,3539.43,15579,35,0
2025-09-03 05:00:00,3539.36,3546.53,3531.67,3532.21,13120,35,0
2025-09-03 06:00:00,3532.23,3533.91,3529.78,3531.25,12196,35,0
2025-09-03 07:00:00,3531.25,3538.82,3531.16,3537.34,8844,35,0
2025-09-03 08:00:00,3537.39,3538.71,3527.14,3530.53,12406,35,0
2025-09-03 09:00:00,3530.54,3538.03,3530.51,3535.91,12568,35,0
2025-09-03 10:00:00,3535.86,3537.57,3529.61,3534.31,13725,35,0
2025-09-03 11:00:00,3534.33,3541.86,3534.16,3540.53,14121,35,0
2025-09-03 12:00:00,3540.54,3542.57,3534.37,3534.82,13410,35,0
2025-09-03 13:00:00,3534.77,3541.58,3532.78,3539.96,12887,35,0
2025-09-03 14:00:00,3539.96,3549.64,3539.76,3547.57,15989,35,0
2025-09-03 15:00:00,3547.57,3551.5,3541.37,3550.63,21538,35,0
2025-09-03 16:00:00,3550.66,3561.38,3549.25,3552.68,28427,28,0
2025-09-03 17:00:00,3552.88,3565.64,3551.43,3558.32,32537,35,0
2025-09-03 18:00:00,3558.36,3567.35,3557.38,3563.86,20921,32,0
2025-09-03 19:00:00,3563.86,3572.52,3562.15,3572.42,15669,35,0
2025-09-03 20:00:00,3572.43,3575.95,3570.25,3574.33,13786,35,0
2025-09-03 21:00:00,3574.49,3578.51,3565.55,3570.32,19705,35,0
2025-09-03 22:00:00,3570.36,3571.65,3561.16,3563.77,19627,32,0
2025-09-03 23:00:00,3563.76,3566.03,3558.6,3559.52,7342,35,0
2025-09-04 01:00:00,3560.87,3563.98,3558.32,3561.77,7157,35,0
2025-09-04 02:00:00,3561.62,3561.77,3554.33,3560.29,7077,35,0
2025-09-04 03:00:00,3560.39,3562.5,3551.89,3561.42,10027,35,0
2025-09-04 04:00:00,3561.51,3563.28,3543.54,3546.29,17034,35,0
2025-09-04 05:00:00,3546.21,3550.52,3526.29,3530.82,18511,35,0
2025-09-04 06:00:00,3530.77,3531.77,3510.95,3529.13,15456,35,0
2025-09-04 07:00:00,3528.99,3534.31,3528.58,3533.0,5366,35,0
2025-09-04 08:00:00,3532.93,3534.13,3525.4,3527.18,10440,35,0
2025-09-04 09:00:00,3527.25,3541.69,3524.24,3535.98,15132,33,0
2025-09-04 10:00:00,3536.08,3541.14,3532.64,3540.98,11754,35,0
2025-09-04 11:00:00,3540.88,3545.49,3537.26,3541.19,11592,35,0
2025-09-04 12:00:00,3541.24,3544.78,3536.54,3538.55,9882,34,0
2025-09-04 13:00:00,3538.56,3546.96,3538.2,3540.76,10235,35,0
2025-09-04 14:00:00,3540.84,3549.87,3536.42,3545.4,12626,35,0
2025-09-04 15:00:00,3545.36,3551.44,3541.1,3548.12,21525,34,0
2025-09-04 16:00:00,3548.08,3558.75,3539.63,3546.1,27666,35,0
2025-09-04 17:00:00,3546.02,3546.28,3535.1,3545.8,30228,35,0
2025-09-04 18:00:00,3545.84,3553.15,3542.2,3552.77,17023,35,0
2025-09-04 19:00:00,3552.75,3556.25,3549.27,3552.55,14056,35,0
2025-09-04 20:00:00,3552.44,3555.36,3542.4,3542.74,11816,35,0
2025-09-04 21:00:00,3542.77,3548.31,3542.65,3546.23,9828,35,0
2025-09-04 22:00:00,3546.25,3551.03,3545.56,3549.82,9782,35,0
2025-09-04 23:00:00,3549.83,3550.46,3544.11,3545.45,4013,35,0
2025-09-05 01:00:00,3543.41,3545.38,3539.93,3540.76,2974,35,0
2025-09-05 02:00:00,3540.83,3554.44,3540.68,3552.5,5392,35,0
2025-09-05 03:00:00,3552.49,3556.32,3548.19,3551.33,11010,35,0
2025-09-05 04:00:00,3551.36,3555.75,3549.15,3551.67,13068,35,0
2025-09-05 05:00:00,3551.64,3554.65,3545.15,3550.12,11115,35,0
2025-09-05 06:00:00,3550.11,3558.42,3547.99,3557.65,8204,35,0
2025-09-05 07:00:00,3557.82,3558.56,3555.54,3557.74,5675,35,0
2025-09-05 08:00:00,3557.7,3560.41,3554.93,3556.93,9577,35,0
2025-09-05 09:00:00,3556.98,3557.25,3547.51,3551.7,13559,35,0
2025-09-05 10:00:00,3551.76,3553.53,3545.77,3547.37,12172,35,0
2025-09-05 11:00:00,3547.37,3549.78,3544.07,3545.82,10636,35,0
2025-09-05 12:00:00,3545.83,3553.73,3545.76,3552.36,9702,35,0
2025-09-05 13:00:00,3552.37,3552.99,3549.31,3551.81,9437,35,0
2025-09-05 14:00:00,3551.8,3555.1,3547.79,3553.17,12017,35,0
2025-09-05 15:00:00,3553.17,3585.91,3548.73,3580.28,31049,35,0
2025-09-05 16:00:00,3580.29,3595.29,3573.14,3594.53,38561,35,0
2025-09-05 17:00:00,3594.68,3597.94,3573.62,3590.25,38423,35,0
2025-09-05 18:00:00,3590.23,3595.5,3581.77,3591.82,27472,35,0
2025-09-05 19:00:00,3591.83,3600.13,3591.07,3595.11,21504,33,0
2025-09-05 20:00:00,3595.22,3597.49,3590.43,3596.39,19451,35,0
2025-09-05 21:00:00,3596.49,3597.28,3592.51,3595.55,15349,35,0
2025-09-05 22:00:00,3595.52,3596.14,3592.56,3594.75,18394,35,0
2025-09-05 23:00:00,3594.76,3595.33,3587.23,3589.94,8465,35,0
2025-09-08 01:00:00,3584.69,3597.39,3583.98,3592.02,13748,35,0
2025-09-08 02:00:00,3592.19,3594.15,3587.87,3591.23,7540,35,0
2025-09-08 03:00:00,3591.24,3594.9,3587.0,3594.8,12444,35,0
2025-09-08 04:00:00,3594.79,3597.81,3585.49,3590.13,21756,35,0
2025-09-08 05:00:00,3590.14,3595.01,3587.0,3591.31,15726,35,0
2025-09-08 06:00:00,3591.32,3592.98,3583.56,3584.14,9867,35,0
2025-09-08 07:00:00,3584.0,3585.47,3580.26,3582.27,6594,35,0
2025-09-08 08:00:00,3582.28,3592.31,3581.85,3591.89,9844,35,0
2025-09-08 09:00:00,3591.88,3599.51,3589.95,3598.75,12988,35,0
2025-09-08 10:00:00,3598.79,3614.23,3596.99,3609.9,15675,35,0
2025-09-08 11:00:00,3609.88,3617.14,3607.22,3611.29,12619,35,0
2025-09-08 12:00:00,3611.25,3614.97,3608.59,3613.77,9739,35,0
2025-09-08 13:00:00,3613.81,3622.45,3613.44,3616.99,11190,35,0
2025-09-08 14:00:00,3617.02,3619.99,3612.67,3619.89,9577,35,0
2025-09-08 15:00:00,3619.84,3625.9,3614.54,3624.15,16440,35,0
2025-09-08 16:00:00,3624.16,3636.86,3620.06,3633.26,32117,28,0
2025-09-08 17:00:00,3633.26,3640.87,3628.83,3640.68,29080,35,0
2025-09-08 18:00:00,3640.67,3646.4,3633.07,3639.14,25279,35,0
2025-09-08 19:00:00,3639.18,3641.6,3635.71,3640.5,16320,35,0
2025-09-08 20:00:00,3640.53,3641.05,3632.42,3633.34,16436,35,0
2025-09-08 21:00:00,3633.36,3636.48,3631.67,3635.82,14003,35,0
2025-09-08 22:00:00,3635.83,3637.56,3632.39,3636.39,16175,35,0
2025-09-08 23:00:00,3636.41,3637.85,3634.42,3634.97,5165,35,0
2025-09-09 01:00:00,3634.36,3636.35,3628.66,3629.24,3839,35,0
2025-09-09 02:00:00,3629.23,3636.06,3628.28,3634.89,5525,35,0
2025-09-09 03:00:00,3634.88,3640.64,3633.38,3637.75,10350,35,0
2025-09-09 04:00:00,3637.74,3646.84,3635.25,3645.65,17497,35,0
2025-09-09 05:00:00,3645.64,3653.78,3644.01,3646.86,20011,35,0
2025-09-09 06:00:00,3646.78,3651.19,3642.39,3645.86,13423,33,0
2025-09-09 07:00:00,3645.85,3657.12,3645.59,3654.82,7939,35,0
2025-09-09 08:00:00,3654.82,3659.28,3652.37,3654.92,11667,35,0
2025-09-09 09:00:00,3655.18,3656.08,3636.41,3647.38,21087,35,0
2025-09-09 10:00:00,3647.55,3650.83,3641.4,3644.06,13661,35,0
2025-09-09 11:00:00,3644.08,3650.84,3641.71,3647.94,16060,35,0
2025-09-09 12:00:00,3647.98,3656.63,3647.49,3653.45,10393,35,0
2025-09-09 13:00:00,3653.46,3655.8,3648.58,3651.71,9194,35,0
2025-09-09 14:00:00,3651.81,3654.08,3646.58,3647.75,10181,35,0
2025-09-09 15:00:00,3647.78,3655.18,3643.4,3647.16,20882,35,0
2025-09-09 16:00:00,3647.32,3668.2,3646.07,3666.03,31300,35,0
2025-09-09 17:00:00,3666.08,3674.39,3635.9,3644.74,44934,35,0
2025-09-09 18:00:00,3644.73,3646.23,3626.81,3645.53,29969,46,0
2025-09-09 19:00:00,3645.51,3649.25,3644.01,3644.85,18280,46,0
2025-09-09 20:00:00,3644.9,3646.35,3641.16,3642.55,14171,46,0
2025-09-09 21:00:00,3642.59,3644.99,3639.53,3640.32,10793,46,0
2025-09-09 22:00:00,3640.29,3641.15,3628.33,3629.12,15741,46,0
2025-09-09 23:00:00,3629.26,3632.69,3626.51,3626.59,6254,46,0
2025-09-10 01:00:00,3625.04,3635.66,3622.64,3635.4,6729,46,0
2025-09-10 02:00:00,3635.42,3640.65,3632.6,3632.74,5787,46,0
2025-09-10 03:00:00,3632.73,3633.74,3621.08,3623.9,11335,46,0
2025-09-10 04:00:00,3623.96,3632.74,3620.04,3630.54,17229,46,0
2025-09-10 05:00:00,3630.55,3638.22,3629.95,3636.21,11395,46,0
2025-09-10 06:00:00,3636.23,3637.08,3633.07,3636.48,7106,46,0
2025-09-10 07:00:00,3636.49,3643.23,3636.48,3642.91,5102,46,0
2025-09-10 08:00:00,3642.92,3645.32,3639.8,3642.88,7365,46,0
2025-09-10 09:00:00,3642.89,3647.62,3640.62,3643.64,13174,46,0
2025-09-10 10:00:00,3643.7,3648.44,3641.06,3643.92,12492,46,0
2025-09-10 11:00:00,3643.89,3647.65,3641.76,3645.87,10803,46,0
2025-09-10 12:00:00,3645.86,3656.06,3644.85,3655.29,8959,46,0
2025-09-10 13:00:00,3655.23,3657.51,3651.48,3655.17,10626,46,0
2025-09-10 14:00:00,3655.22,3656.41,3648.32,3649.09,12119,46,0
2025-09-10 15:00:00,3649.11,3656.93,3640.24,3643.88,24343,46,0
2025-09-10 16:00:00,3643.87,3653.83,3641.9,3651.08,26815,42,0
2025-09-10 17:00:00,3651.1,3655.34,3643.5,3647.39,24457,46,0
2025-09-10 18:00:00,3647.45,3648.49,3638.37,3644.28,19563,46,0
2025-09-10 19:00:00,3644.29,3646.7,3639.69,3642.58,14039,46,0
2025-09-10 20:00:00,3642.55,3647.46,3641.43,3647.32,12430,46,0
2025-09-10 21:00:00,3647.33,3649.47,3644.4,3645.12,10774,46,0
2025-09-10 22:00:00,3645.17,3646.12,3634.97,3641.87,14265,46,0
2025-09-10 23:00:00,3641.75,3642.76,3637.93,3639.58,4354,46,0
2025-09-11 01:00:00,3642.48,3644.2,3637.87,3639.57,3223,46,0
2025-09-11 02:00:00,3639.69,3645.44,3638.31,3644.74,2967,46,0
2025-09-11 03:00:00,3644.79,3646.98,3642.4,3643.83,8059,46,0
2025-09-11 04:00:00,3643.81,3649.04,3639.61,3640.71,10035,46,0
2025-09-11 05:00:00,3640.78,3643.28,3633.96,3637.08,8681,46,0
2025-09-11 06:00:00,3637.06,3637.16,3629.71,3631.66,8672,46,0
2025-09-11 07:00:00,3631.74,3634.08,3629.8,3630.33,4612,46,0
2025-09-11 08:00:00,3630.35,3633.26,3623.13,3624.89,14959,46,0
2025-09-11 09:00:00,3624.88,3637.86,3622.54,3633.09,12398,46,0
2025-09-11 10:00:00,3633.08,3633.19,3623.18,3629.63,15503,46,0
2025-09-11 11:00:00,3629.65,3631.6,3625.38,3626.75,9977,31,0
2025-09-11 12:00:00,3626.76,3626.76,3614.86,3621.86,13415,31,0
2025-09-11 13:00:00,3621.85,3624.82,3619.64,3621.79,8869,31,0
2025-09-11 14:00:00,3621.8,3622.2,3615.36,3616.65,10794,31,0
2025-09-11 15:00:00,3616.74,3643.99,3612.9,3628.96,25552,31,0
2025-09-11 16:00:00,3628.96,3637.07,3618.34,3630.2,30780,31,0
2025-09-11 17:00:00,3630.21,3637.84,3626.2,3629.49,22458,31,0
2025-09-11 18:00:00,3629.48,3639.11,3629.48,3633.12,15338,31,0
2025-09-11 19:00:00,3633.15,3641.97,3633.01,3636.27,14955,31,0
2025-09-11 20:00:00,3636.29,3636.72,3631.86,3635.06,11041,31,0
2025-09-11 21:00:00,3635.11,3637.11,3630.42,3632.37,9750,31,0
2025-09-11 22:00:00,3632.36,3637.55,3632.22,3636.97,8825,31,0
2025-09-11 23:00:00,3636.93,3637.69,3633.06,3633.36,2909,31,0
2025-09-12 01:00:00,3634.54,3638.4,3633.16,3634.95,2733,33,0
2025-09-12 02:00:00,3634.97,3636.25,3630.99,3631.21,3504,33,0
2025-09-12 03:00:00,3631.23,3637.3,3629.72,3635.83,8260,33,0
2025-09-12 04:00:00,3635.83,3646.95,3635.83,3645.7,16064,33,0
2025-09-12 05:00:00,3645.69,3650.99,3644.29,3649.17,10653,33,0
2025-09-12 06:00:00,3649.18,3653.31,3646.61,3652.9,8822,33,0
2025-09-12 07:00:00,3652.91,3656.32,3651.7,3654.99,6026,33,0
2025-09-12 08:00:00,3655.02,3656.7,3652.17,3652.53,7923,33,0
2025-09-12 09:00:00,3652.54,3653.39,3647.69,3649.97,10280,26,0
2025-09-12 10:00:00,3649.91,3653.15,3647.14,3647.65,10153,31,0
2025-09-12 11:00:00,3647.56,3650.59,3639.62,3641.01,13487,31,0
2025-09-12 12:00:00,3640.92,3647.05,3637.57,3646.49,11949,31,0
2025-09-12 13:00:00,3646.56,3652.25,3646.24,3651.15,8518,31,0
2025-09-12 14:00:00,3651.17,3652.09,3646.93,3647.1,9612,31,0
2025-09-12 15:00:00,3647.07,3649.0,3638.18,3645.33,18147,41,0
2025-09-12 16:00:00,3645.41,3652.62,3643.34,3650.5,20547,41,0
2025-09-12 17:00:00,3650.52,3654.43,3647.45,3648.11,17856,37,0
2025-09-12 18:00:00,3648.09,3648.32,3641.82,3644.47,14894,41,0
2025-09-12 19:00:00,3644.49,3649.71,3642.55,3649.26,9172,41,0
2025-09-12 20:00:00,3649.25,3650.77,3647.6,3648.82,8277,41,0
2025-09-12 21:00:00,3648.83,3649.54,3647.13,3648.57,7218,41,0
2025-09-12 22:00:00,3648.56,3648.61,3643.6,3644.22,6929,41,0
2025-09-12 23:00:00,3644.22,3645.45,3641.32,3643.22,4661,41,0
2025-09-15 01:00:00,3644.96,3646.33,3639.94,3642.24,4017,43,0
2025-09-15 02:00:00,3642.21,3642.22,3636.81,3638.27,3833,43,0
2025-09-15 03:00:00,3638.26,3642.61,3631.4,3632.75,8774,43,0
2025-09-15 04:00:00,3632.72,3634.08,3625.88,3633.84,14344,43,0
2025-09-15 05:00:00,3633.86,3644.84,3633.76,3640.24,10933,43,0
2025-09-15 06:00:00,3640.23,3645.68,3639.45,3645.3,7074,43,0
2025-09-15 07:00:00,3645.34,3646.17,3643.04,3644.95,4645,43,0
2025-09-15 08:00:00,3644.96,3645.54,3641.62,3643.06,5803,43,0
2025-09-15 09:00:00,3643.05,3643.33,3635.95,3635.95,8810,36,0
2025-09-15 10:00:00,3635.91,3644.36,3633.03,3643.21,12215,36,0
2025-09-15 11:00:00,3643.07,3645.07,3640.18,3644.79,9867,37,0
2025-09-15 12:00:00,3644.79,3645.3,3635.07,3640.7,10253,41,0
2025-09-15 13:00:00,3640.71,3646.46,3639.17,3639.9,10410,41,0
2025-09-15 14:00:00,3639.9,3646.73,3639.05,3642.54,11201,35,0
2025-09-15 15:00:00,3642.54,3650.89,3636.69,3650.32,20782,35,0
2025-09-15 16:00:00,3650.3,3664.25,3646.88,3657.14,26630,35,0
2025-09-15 17:00:00,3657.13,3663.88,3653.89,3663.48,23015,35,0
2025-09-15 18:00:00,3663.59,3682.01,3662.98,3680.51,21468,35,0
2025-09-15 19:00:00,3680.51,3685.62,3674.79,3679.26,22190,35,0
2025-09-15 20:00:00,3679.29,3682.72,3678.62,3681.82,15515,35,0
2025-09-15 21:00:00,3681.8,3682.13,3675.85,3676.88,11725,35,0
2025-09-15 22:00:00,3676.87,3682.81,3676.68,3680.98,12960,35,0
2025-09-15 23:00:00,3680.99,3682.08,3678.53,3678.85,5912,34,0
2025-09-16 01:00:00,3680.61,3681.44,3676.38,3678.92,3576,35,0
2025-09-16 02:00:00,3678.93,3680.52,3675.3,3676.09,3236,35,0
2025-09-16 03:00:00,3676.08,3686.44,3675.49,3686.13,10337,33,0
2025-09-16 04:00:00,3686.11,3689.24,3677.55,3679.73,15284,35,0
2025-09-16 05:00:00,3679.7,3683.13,3674.37,3677.38,12606,35,0
2025-09-16 06:00:00,3677.23,3682.95,3676.61,3681.62,7379,35,0
2025-09-16 07:00:00,3681.68,3685.98,3680.69,3684.78,4470,35,0
2025-09-16 08:00:00,3684.7,3685.06,3680.12,3682.53,6355,35,0
2025-09-16 09:00:00,3682.54,3694.09,3681.59,3693.33,12624,35,0
2025-09-16 10:00:00,3693.31,3694.07,3686.15,3686.26,14104,35,0
2025-09-16 11:00:00,3686.27,3697.07,3685.97,3694.17,12705,35,0
2025-09-16 12:00:00,3694.21,3698.84,3692.85,3698.18,10967,35,0
2025-09-16 13:00:00,3698.16,3698.79,3692.57,3692.91,9798,35,0
2025-09-16 14:00:00,3692.93,3699.33,3690.3,3697.03,14297,35,0
2025-09-16 15:00:00,3697.04,3697.3,3686.24,3688.97,20948,35,0
2025-09-16 16:00:00,3689.0,3698.46,3684.89,3695.49,27516,35,0
2025-09-16 17:00:00,3695.4,3703.0,3685.4,3686.12,34333,35,0
2025-09-16 18:00:00,3686.13,3688.7,3678.57,3686.11,27658,35,0
2025-09-16 19:00:00,3686.18,3691.08,3684.46,3689.59,16715,35,0
2025-09-16 20:00:00,3689.64,3690.84,3686.12,3687.58,13456,35,0
2025-09-16 21:00:00,3687.57,3690.8,3686.26,3690.56,9911,35,0
2025-09-16 22:00:00,3690.53,3690.96,3687.59,3689.48,8464,35,0
2025-09-16 23:00:00,3689.49,3693.68,3689.19,3689.65,3677,35,0
2025-09-17 01:00:00,3689.25,3692.67,3689.15,3691.79,2438,30,0
2025-09-17 02:00:00,3691.78,3694.91,3691.65,3693.5,3082,20,0
2025-09-17 03:00:00,3693.49,3694.56,3690.36,3690.63,6257,20,0
2025-09-17 04:00:00,3690.64,3691.26,3675.55,3679.61,15396,20,0
2025-09-17 05:00:00,3679.57,3684.3,3674.71,3682.7,12921,20,0
2025-09-17 06:00:00,3682.69,3683.77,3679.83,3680.99,5789,20,0
2025-09-17 07:00:00,3680.99,3681.73,3679.68,3680.04,4290,24,0
2025-09-17 08:00:00,3680.06,3685.1,3675.11,3678.37,8641,20,0
2025-09-17 09:00:00,3678.37,3679.33,3669.7,3674.34,11041,17,0
2025-09-17 10:00:00,3674.32,3676.59,3665.95,3666.48,10641,20,0
2025-09-17 11:00:00,3666.36,3667.15,3661.86,3664.12,10275,20,0
2025-09-17 12:00:00,3664.12,3670.27,3663.2,3667.24,9792,20,0
2025-09-17 13:00:00,3667.23,3669.05,3659.7,3660.79,13725,20,0
2025-09-17 14:00:00,3660.74,3669.76,3659.31,3665.88,13064,20,0
2025-09-17 15:00:00,3665.92,3679.25,3665.54,3678.68,12056,20,0
2025-09-17 16:00:00,3678.7,3682.4,3672.63,3678.7,17664,20,0
2025-09-17 17:00:00,3678.57,3685.99,3676.71,3684.24,13770,20,0
2025-09-17 18:00:00,3684.18,3687.03,3682.79,3684.09,10430,28,0
2025-09-17 19:00:00,3684.1,3688.52,3683.94,3684.64,9298,24,0
2025-09-17 20:00:00,3684.65,3687.61,3678.62,3686.22,10871,20,0
2025-09-17 21:00:00,3685.58,3707.29,3646.08,3650.33,45508,15,0
2025-09-17 22:00:00,3650.49,3666.89,3646.03,3661.68,31380,16,0
2025-09-17 23:00:00,3661.67,3661.67,3656.24,3659.27,6278,20,0
2025-09-18 01:00:00,3660.59,3665.12,3654.55,3662.72,4517,22,0
2025-09-18 02:00:00,3662.72,3671.98,3661.84,3669.05,4922,24,0
2025-09-18 03:00:00,3669.13,3669.87,3657.92,3665.31,10631,20,0
2025-09-18 04:00:00,3665.33,3668.7,3651.74,3656.99,19497,20,0
2025-09-18 05:00:00,3657.05,3665.75,3655.3,3664.63,8840,20,0
2025-09-18 06:00:00,3664.66,3666.03,3657.84,3658.47,5141,20,0
2025-09-18 07:00:00,3658.56,3659.27,3653.29,3653.48,5367,20,0
2025-09-18 08:00:00,3653.48,3659.15,3649.24,3651.47,10485,20,0
2025-09-18 09:00:00,3651.49,3651.87,3633.4,3637.37,17609,20,0
2025-09-18 10:00:00,3637.39,3659.87,3635.35,3658.86,13578,20,0
2025-09-18 11:00:00,3658.99,3665.82,3653.62,3665.48,10361,20,0
2025-09-18 12:00:00,3665.41,3672.97,3664.58,3671.77,10790,17,0
2025-09-18 13:00:00,3671.78,3672.51,3665.49,3667.11,8247,20,0
2025-09-18 14:00:00,3667.29,3670.93,3664.4,3667.23,8755,20,0
2025-09-18 15:00:00,3667.3,3672.46,3662.8,3663.12,13822,20,0
2025-09-18 16:00:00,3663.11,3664.19,3627.87,3642.02,29236,18,0
2025-09-18 17:00:00,3642.07,3646.3,3634.27,3638.24,26724,20,0
2025-09-18 18:00:00,3638.29,3642.19,3636.71,3641.17,15348,20,0
2025-09-18 19:00:00,3641.22,3647.09,3640.75,3646.19,11910,20,0
2025-09-18 20:00:00,3646.17,3646.7,3643.25,3643.42,10036,20,0
2025-09-18 21:00:00,3643.43,3643.45,3640.47,3641.26,7612,20,0
2025-09-18 22:00:00,3641.15,3646.97,3640.5,3646.66,8093,20,0
2025-09-18 23:00:00,3646.69,3647.02,3643.37,3643.64,2632,22,0
2025-09-19 01:00:00,3643.05,3643.42,3639.31,3640.15,2107,35,0
2025-09-19 02:00:00,3640.13,3641.81,3637.66,3640.12,2524,27,0
2025-09-19 03:00:00,3640.2,3642.68,3636.01,3639.94,5827,20,0
2025-09-19 04:00:00,3639.92,3651.24,3632.17,3639.71,13073,20,0
2025-09-19 05:00:00,3639.72,3650.14,3638.78,3647.3,10605,20,0
2025-09-19 06:00:00,3647.25,3656.3,3645.26,3653.73,9355,20,0
2025-09-19 07:00:00,3653.68,3659.96,3653.68,3658.79,7053,20,0
2025-09-19 08:00:00,3658.82,3661.14,3651.4,3652.36,8931,20,0
2025-09-19 09:00:00,3652.37,3654.19,3643.36,3646.93,12937,20,0
2025-09-19 10:00:00,3646.88,3657.52,3644.35,3653.95,9773,20,0
2025-09-19 11:00:00,3653.91,3656.56,3649.61,3655.73,8669,20,0
2025-09-19 12:00:00,3655.68,3658.8,3655.19,3658.53,6547,20,0
2025-09-19 13:00:00,3658.55,3659.18,3655.09,3655.95,5274,20,0
2025-09-19 14:00:00,3655.76,3655.89,3645.58,3648.34,9598,8,0
2025-09-19 15:00:00,3648.35,3651.82,3644.5,3649.25,12356,8,0
2025-09-19 16:00:00,3649.19,3664.35,3643.54,3663.37,18827,8,0
2025-09-19 17:00:00,3663.3,3669.31,3656.34,3667.0,20936,8,0
2025-09-19 18:00:00,3667.09,3675.92,3665.32,3670.84,17330,8,0
2025-09-19 19:00:00,3670.86,3673.31,3666.61,3668.36,11640,8,0
2025-09-19 20:00:00,3668.23,3679.55,3668.05,3678.63,11645,8,0
2025-09-19 21:00:00,3678.67,3684.24,3678.2,3683.74,9921,9,0
2025-09-19 22:00:00,3683.73,3685.35,3681.49,3684.48,9075,9,0
2025-09-19 23:00:00,3684.44,3685.22,3680.83,3685.12,4992,8,0
2025-09-22 01:00:00,3683.78,3692.34,3683.51,3688.53,5778,11,0
2025-09-22 02:00:00,3688.5,3690.65,3685.81,3686.3,4227,9,0
2025-09-22 03:00:00,3686.28,3691.14,3685.73,3690.93,7331,8,0
2025-09-22 04:00:00,3690.96,3696.87,3686.74,3689.24,15076,8,0
2025-09-22 05:00:00,3689.21,3693.41,3685.54,3686.44,9429,8,0
2025-09-22 06:00:00,3686.44,3697.47,3686.03,3695.39,8771,8,0
2025-09-22 07:00:00,3695.39,3695.88,3689.95,3692.12,4764,8,0
2025-09-22 08:00:00,3692.17,3700.27,3691.79,3697.17,7725,8,0
2025-09-22 09:00:00,3697.18,3720.05,3695.65,3714.44,13585,8,0
2025-09-22 10:00:00,3714.43,3716.4,3708.71,3713.22,11168,8,0
2025-09-22 11:00:00,3713.22,3722.5,3712.45,3720.32,9383,8,0
2025-09-22 12:00:00,3720.33,3726.69,3719.31,3723.29,8605,8,0
2025-09-22 13:00:00,3723.28,3728.53,3721.01,3727.42,7728,8,0
2025-09-22 14:00:00,3727.2,3728.36,3721.21,3724.73,8983,8,0
2025-09-22 15:00:00,3724.74,3725.58,3712.09,3721.64,14423,8,0
2025-09-22 16:00:00,3721.65,3725.53,3713.73,3722.32,21165,8,0
2025-09-22 17:00:00,3722.29,3726.41,3716.86,3725.96,18384,8,0
2025-09-22 18:00:00,3725.95,3736.45,3723.54,3736.19,13759,8,0
2025-09-22 19:00:00,3736.19,3739.69,3735.26,3737.12,11243,8,0
2025-09-22 20:00:00,3737.12,3747.34,3737.12,3746.61,10981,8,0
2025-09-22 21:00:00,3746.61,3748.08,3744.69,3747.72,8237,8,0
2025-09-22 22:00:00,3747.71,3748.84,3742.38,3747.58,8792,8,0
2025-09-22 23:00:00,3747.51,3748.49,3745.47,3746.79,3635,9,0
2025-09-23 01:00:00,3745.24,3747.75,3738.13,3739.83,3861,8,0
2025-09-23 02:00:00,3739.83,3749.15,3738.99,3747.82,5918,8,0
2025-09-23 03:00:00,3747.82,3750.61,3744.82,3747.14,9248,8,0
2025-09-23 04:00:00,3747.13,3759.2,3745.63,3754.53,17295,8,0
2025-09-23 05:00:00,3754.61,3755.44,3736.64,3741.84,16061,8,0
2025-09-23 06:00:00,3741.85,3747.2,3738.96,3746.51,8544,8,0
2025-09-23 07:00:00,3746.51,3747.51,3743.2,3744.69,5268,8,0
2025-09-23 08:00:00,3744.51,3758.86,3743.24,3753.2,10025,8,0
2025-09-23 09:00:00,3753.14,3757.36,3751.31,3753.89,12383,8,0
2025-09-23 10:00:00,3753.85,3757.27,3748.79,3753.02,12283,8,0
2025-09-23 11:00:00,3753.02,3775.28,3752.8,3774.47,12910,8,0
2025-09-23 12:00:00,3774.47,3790.86,3774.35,3784.67,16032,8,0
2025-09-23 13:00:00,3784.68,3787.78,3780.72,3782.85,9845,8,0
2025-09-23 14:00:00,3782.83,3788.64,3779.59,3783.46,11893,8,0
2025-09-23 15:00:00,3783.43,3785.36,3777.39,3784.31,14686,8,0
2025-09-23 16:00:00,3784.32,3788.75,3773.95,3783.74,23888,8,0
2025-09-23 17:00:00,3783.74,3784.79,3767.33,3773.67,22724,8,0
2025-09-23 18:00:00,3773.67,3781.83,3772.54,3779.06,14692,8,0
2025-09-23 19:00:00,3779.09,3781.77,3764.78,3778.92,17772,8,0
2025-09-23 20:00:00,3778.95,3785.35,3775.58,3777.29,15000,8,0
2025-09-23 21:00:00,3777.29,3781.24,3756.13,3756.72,15447,8,0
2025-09-23 22:00:00,3756.67,3768.1,3751.89,3764.24,20126,8,0
2025-09-23 23:00:00,3764.27,3767.41,3762.39,3763.64,4685,8,0
2025-09-24 01:00:00,3766.18,3767.09,3761.55,3765.28,2527,11,0
2025-09-24 02:00:00,3765.28,3770.0,3761.7,3763.64,5399,8,0
2025-09-24 03:00:00,3763.62,3765.45,3758.7,3765.0,9145,8,0
2025-09-24 04:00:00,3764.99,3771.61,3754.94,3756.45,16010,8,0
2025-09-24 05:00:00,3756.39,3759.15,3750.36,3756.8,11441,8,0
2025-09-24 06:00:00,3756.82,3766.35,3752.28,3765.19,9324,8,0
2025-09-24 07:00:00,3765.19,3768.13,3763.04,3768.11,5916,8,0
2025-09-24 08:00:00,3768.11,3776.89,3767.86,3774.8,9040,8,0
2025-09-24 09:00:00,3774.85,3776.13,3769.13,3771.02,9977,8,0
2025-09-24 10:00:00,3771.13,3779.12,3770.54,3777.34,9321,8,0
2025-09-24 11:00:00,3777.35,3777.7,3766.87,3769.89,9443,8,0
2025-09-24 12:00:00,3769.87,3771.57,3762.95,3768.31,8306,3,0
2025-09-24 13:00:00,3768.3,3768.48,3759.65,3761.96,8736,8,0
2025-09-24 14:00:00,3761.96,3769.87,3759.45,3769.57,9449,9,0
2025-09-24 15:00:00,3769.6,3772.08,3764.34,3767.87,16167,8,0
2025-09-24 16:00:00,3767.89,3773.49,3759.52,3760.48,22299,8,0
2025-09-24 17:00:00,3760.48,3764.97,3749.72,3752.85,24694,8,0
2025-09-24 18:00:00,3752.88,3756.35,3739.43,3740.74,18372,8,0
2025-09-24 19:00:00,3740.78,3745.0,3731.99,3735.54,17180,8,0
2025-09-24 20:00:00,3735.56,3738.54,3732.16,3733.02,10606,8,0
2025-09-24 21:00:00,3733.04,3733.78,3722.75,3724.05,12086,8,0
2025-09-24 22:00:00,3724.07,3731.74,3717.29,3729.99,13833,8,0
2025-09-24 23:00:00,3729.98,3737.12,3729.84,3736.13,4330,9,0
2025-09-25 01:00:00,3738.99,3745.08,3738.11,3740.86,4276,8,0
2025-09-25 02:00:00,3740.86,3745.17,3738.98,3742.84,4238,8,0
2025-09-25 03:00:00,3742.91,3751.44,3741.3,3749.34,10526,8,0
2025-09-25 04:00:00,3749.27,3750.82,3733.58,3736.64,14565,8,0
2025-09-25 05:00:00,3736.65,3742.16,3730.14,3739.36,12835,8,0
2025-09-25 06:00:00,3739.35,3739.59,3734.31,3737.19,8373,8,0
2025-09-25 07:00:00,3737.21,3741.35,3732.49,3738.89,5260,5,0
2025-09-25 08:00:00,3738.87,3741.31,3734.53,3738.78,7768,8,0
2025-09-25 09:00:00,3738.76,3748.92,3737.81,3741.67,10137,8,0
2025-09-25 10:00:00,3741.68,3755.7,3740.52,3752.91,13663,8,0
2025-09-25 11:00:00,3752.9,3762.27,3751.89,3757.12,14444,8,0
2025-09-25 12:00:00,3757.12,3761.04,3750.47,3756.84,11728,8,0
2025-09-25 13:00:00,3756.86,3760.8,3755.49,3757.14,9752,8,0
2025-09-25 14:00:00,3757.01,3757.59,3741.0,3752.94,15248,8,0
2025-09-25 15:00:00,3752.89,3755.76,3731.25,3739.49,21812,8,0
2025-09-25 16:00:00,3739.49,3746.34,3721.86,3733.55,28395,8,0
2025-09-25 17:00:00,3733.5,3736.32,3723.44,3731.35,23867,6,0
2025-09-25 18:00:00,3731.36,3738.61,3727.89,3735.84,16959,8,0
2025-09-25 19:00:00,3735.83,3742.69,3732.65,3733.63,12452,8,0
2025-09-25 20:00:00,3733.62,3744.12,3732.24,3741.61,13912,8,0
2025-09-25 21:00:00,3741.63,3758.15,3736.49,3755.11,15789,8,0
2025-09-25 22:00:00,3755.13,3756.65,3744.47,3746.36,13596,8,0
2025-09-25 23:00:00,3746.39,3752.32,3745.86,3749.23,5053,9,0
2025-09-26 01:00:00,3747.92,3751.21,3746.04,3748.53,3834,10,0
2025-09-26 02:00:00,3748.53,3749.63,3737.82,3744.61,6424,8,0
2025-09-26 03:00:00,3744.61,3749.24,3740.11,3749.24,11105,8,0
2025-09-26 04:00:00,3749.23,3752.51,3736.97,3738.23,14399,8,0
2025-09-26 05:00:00,3738.22,3742.07,3736.83,3737.48,9145,8,0
2025-09-26 06:00:00,3737.59,3745.21,3733.61,3744.74,9043,8,0
2025-09-26 07:00:00,3744.74,3747.57,3743.92,3747.44,5270,8,0
2025-09-26 08:00:00,3747.45,3749.44,3741.83,3741.91,6799,8,0
2025-09-26 09:00:00,3741.91,3753.16,3741.37,3742.85,14623,8,0
2025-09-26 10:00:00,3742.86,3748.93,3738.37,3747.41,10697,8,0
2025-09-26 11:00:00,3747.41,3755.12,3746.66,3752.86,9013,8,0
2025-09-26 12:00:00,3752.86,3754.4,3747.03,3751.5,8053,8,0
2025-09-26 13:00:00,3751.2,3754.97,3742.96,3744.48,8639,8,0
2025-09-26 14:00:00,3744.48,3752.81,3744.23,3748.51,9907,8,0
2025-09-26 15:00:00,3748.53,3757.39,3746.58,3751.97,17345,7,0
2025-09-26 16:00:00,3751.97,3766.26,3751.21,3761.56,26802,8,0
2025-09-26 17:00:00,3761.75,3783.69,3761.09,3778.93,28064,8,0
2025-09-26 18:00:00,3778.93,3780.93,3772.89,3780.46,17856,8,0
2025-09-26 19:00:00,3780.45,3781.2,3771.35,3774.14,15780,8,0
2025-09-26 20:00:00,3774.16,3783.1,3774.02,3782.83,13129,8,0
2025-09-26 21:00:00,3782.91,3783.17,3774.6,3778.52,10725,8,0
2025-09-26 22:00:00,3778.53,3778.53,3764.54,3766.74,13861,8,0
2025-09-26 23:00:00,3766.78,3769.53,3759.46,3760.42,6556,8,0
2025-09-29 01:00:00,3760.01,3770.93,3759.94,3770.47,5618,9,0
2025-09-29 02:00:00,3770.41,3772.39,3766.27,3766.8,6113,8,0
2025-09-29 03:00:00,3766.73,3787.46,3763.79,3787.05,12319,8,0
2025-09-29 04:00:00,3787.07,3788.78,3767.78,3779.17,24783,8,0
2025-09-29 05:00:00,3779.16,3799.18,3778.19,3792.89,17926,8,0
2025-09-29 06:00:00,3792.93,3799.28,3792.12,3794.38,14357,8,0
2025-09-29 07:00:00,3794.4,3809.0,3792.47,3805.02,12114,8,0
2025-09-29 08:00:00,3805.03,3814.42,3801.22,3813.32,16465,8,0
2025-09-29 09:00:00,3813.31,3819.84,3810.77,3817.29,17266,8,0
2025-09-29 10:00:00,3817.3,3819.45,3804.8,3806.01,15087,8,0
2025-09-29 11:00:00,3806.01,3819.31,3806.01,3818.57,12431,8,0
2025-09-29 12:00:00,3818.52,3819.56,3806.27,3806.79,11254,8,0
2025-09-29 13:00:00,3806.78,3818.53,3805.82,3817.77,13247,20,0
2025-09-29 14:00:00,3817.66,3831.31,3816.11,3828.94,16022,20,0
2025-09-29 15:00:00,3828.94,3830.42,3811.25,3813.52,23763,20,0
2025-09-29 16:00:00,3813.53,3828.52,3809.55,3821.41,28837,20,0
2025-09-29 17:00:00,3821.41,3830.58,3816.63,3828.21,27676,20,0
2025-09-29 18:00:00,3828.25,3833.27,3821.14,3830.42,21807,20,0
2025-09-29 19:00:00,3830.41,3833.54,3828.27,3830.42,14275,20,0
2025-09-29 20:00:00,3830.46,3832.9,3824.12,3828.86,15887,20,0
2025-09-29 21:00:00,3828.94,3830.7,3823.4,3824.58,13013,20,0
2025-09-29 22:00:00,3824.54,3829.75,3822.63,3828.74,13579,20,0
2025-09-29 23:00:00,3828.74,3833.83,3827.78,3833.69,6028,20,0
2025-09-30 01:00:00,3830.23,3833.0,3825.72,3830.63,3993,22,0
2025-09-30 02:00:00,3830.6,3833.3,3828.02,3832.87,4325,22,0
2025-09-30 03:00:00,3832.91,3840.64,3831.03,3838.93,13841,22,0
2025-09-30 04:00:00,3838.94,3850.94,3837.9,3848.11,18526,22,0
2025-09-30 05:00:00,3848.1,3852.07,3842.53,3848.09,15380,22,0
2025-09-30 06:00:00,3848.16,3867.15,3845.94,3864.73,15333,22,0
2025-09-30 07:00:00,3864.72,3867.61,3862.1,3867.57,9143,22,0
2025-09-30 08:00:00,3867.56,3871.02,3863.16,3870.39,14179,22,0
2025-09-30 09:00:00,3870.38,3871.83,3854.81,3855.65,19352,18,0
2025-09-30 10:00:00,3855.65,3859.3,3839.38,3843.68,20267,20,0
2025-09-30 11:00:00,3843.63,3847.14,3807.57,3816.23,29258,20,0
2025-09-30 12:00:00,3816.22,3821.44,3792.98,3798.76,25243,20,0
2025-09-30 13:00:00,3798.36,3814.67,3798.22,3812.01,16904,20,0
2025-09-30 14:00:00,3811.93,3817.7,3804.38,3815.29,15720,20,0
2025-09-30 15:00:00,3815.29,3821.47,3808.81,3819.3,19414,20,0
2025-09-30 16:00:00,3819.3,3829.8,3811.55,3823.96,24281,20,0
2025-09-30 17:00:00,3823.98,3854.58,3820.31,3854.06,28579,20,0
2025-09-30 18:00:00,3854.08,3854.17,3831.32,3839.02,25556,20,0
2025-09-30 19:00:00,3838.87,3847.91,3837.79,3845.92,16471,20,0
2025-09-30 20:00:00,3845.93,3849.27,3842.75,3844.11,13990,20,0
2025-09-30 21:00:00,3844.1,3848.95,3839.77,3847.92,11402,20,0
2025-09-30 22:00:00,3847.93,3860.81,3847.06,3858.93,13197,20,0
2025-09-30 23:00:00,3858.95,3859.92,3850.69,3858.7,8671,20,0
2025-10-01 01:00:00,3857.86,3861.41,3854.81,3859.94,6504,22,0
2025-10-01 02:00:00,3860.01,3863.14,3860.01,3862.94,4957,22,0
2025-10-01 03:00:00,3862.95,3865.26,3858.63,3859.84,9925,22,0
2025-10-01 04:00:00,3859.62,3868.34,3858.45,3868.23,10826,22,0
2025-10-01 05:00:00,3868.21,3874.92,3858.32,3863.46,16297,22,0
2025-10-01 06:00:00,3863.41,3866.41,3855.54,3862.04,13542,22,0
2025-10-01 07:00:00,3862.05,3865.04,3857.46,3864.9,9481,22,0
2025-10-01 08:00:00,3864.91,3869.86,3862.18,3863.42,11049,22,0
2025-10-01 09:00:00,3863.43,3864.77,3853.41,3859.26,15293,18,0
2025-10-01 10:00:00,3859.47,3879.83,3858.93,3879.26,19069,18,0
2025-10-01 11:00:00,3879.25,3895.35,3879.12,3892.97,20191,20,0
2025-10-01 12:00:00,3892.99,3895.21,3883.76,3888.29,15110,20,0
2025-10-01 13:00:00,3888.38,3889.26,3884.73,3887.63,12511,20,0
2025-10-01 14:00:00,3887.62,3888.47,3878.07,3883.54,13082,20,0
2025-10-01 15:00:00,3883.6,3891.0,3864.46,3870.34,27121,20,0
2025-10-01 16:00:00,3870.35,3876.91,3863.67,3872.71,26898,20,0
2025-10-01 17:00:00,3872.63,3878.62,3856.24,3872.96,30596,20,0
2025-10-01 18:00:00,3872.96,3876.8,3858.03,3868.39,28223,20,0
2025-10-01 19:00:00,3868.37,3871.53,3860.67,3870.77,16852,20,0
2025-10-01 20:00:00,3870.81,3871.78,3860.47,3860.68,14277,20,0
2025-10-01 21:00:00,3860.68,3866.19,3854.92,3862.05,17997,20,0
2025-10-01 22:00:00,3862.1,3871.03,3861.27,3867.72,13766,20,0
2025-10-01 23:00:00,3867.72,3867.77,3860.21,3864.32,7060,20,0
2025-10-02 01:00:00,3868.87,3869.33,3858.53,3861.85,5294,22,0
2025-10-02 02:00:00,3861.86,3866.45,3857.46,3863.33,7286,22,0
2025-10-02 03:00:00,3863.32,3863.59,3855.87,3855.89,11153,22,0
2025-10-02 04:00:00,3855.85,3865.12,3852.8,3865.05,11863,22,0
2025-10-02 05:00:00,3865.07,3869.96,3861.55,3866.19,9907,22,0
2025-10-02 06:00:00,3866.13,3869.37,3863.95,3866.58,7388,22,0
2025-10-02 07:00:00,3866.57,3867.58,3861.63,3864.04,5046,22,0
2025-10-02 08:00:00,3864.05,3871.24,3864.03,3867.81,7636,22,0
2025-10-02 09:00:00,3867.81,3874.17,3861.94,3864.14,12156,18,0
2025-10-02 10:00:00,3864.15,3874.74,3861.66,3868.46,17107,20,0
2025-10-02 11:00:00,3868.37,3878.62,3864.58,3874.51,12533,20,0
2025-10-02 12:00:00,3874.51,3879.77,3873.28,3879.04,11446,20,0
2025-10-02 13:00:00,3879.06,3883.87,3875.8,3881.65,10238,20,0
2025-10-02 14:00:00,3881.64,3886.66,3879.65,3886.29,11265,20,0
2025-10-02 15:00:00,3886.29,3891.99,3880.09,3884.41,19548,20,0
2025-10-02 16:00:00,3884.4,3896.96,3873.59,3875.29,27732,20,0
2025-10-02 17:00:00,3875.28,3876.68,3825.28,3839.81,39035,20,0
2025-10-02 18:00:00,3839.86,3844.64,3819.35,3828.19,34412,20,0
2025-10-02 19:00:00,3828.19,3845.2,3827.09,3844.84,25477,20,0
2025-10-02 20:00:00,3844.75,3847.66,3840.44,3844.2,17864,20,0
2025-10-02 21:00:00,3844.26,3851.44,3843.41,3850.88,13374,20,0
2025-10-02 22:00:00,3850.88,3859.08,3850.41,3855.5,15353,20,0
2025-10-02 23:00:00,3855.52,3859.27,3853.45,3855.15,4741,20,0
2025-10-03 01:00:00,3856.98,3858.48,3852.12,3857.2,4443,22,0
2025-10-03 02:00:00,3857.19,3863.82,3856.92,3862.43,5460,22,0
2025-10-03 03:00:00,3862.27,3862.74,3855.75,3856.23,9349,22,0
2025-10-03 04:00:00,3856.12,3862.09,3847.99,3858.14,15380,22,0
2025-10-03 05:00:00,3858.15,3858.65,3848.28,3848.78,9948,22,0
2025-10-03 06:00:00,3848.79,3851.7,3838.68,3842.31,12822,22,0
2025-10-03 07:00:00,3842.19,3847.61,3841.2,3844.67,7808,22,0
2025-10-03 08:00:00,3844.68,3858.53,3844.52,3854.92,11331,22,0
2025-10-03 09:00:00,3854.93,3861.63,3851.07,3859.13,11433,18,0
2025-10-03 10:00:00,3859.16,3865.18,3856.97,3864.19,10636,20,0
2025-10-03 11:00:00,3864.18,3865.6,3860.12,3864.87,9313,20,0
2025-10-03 12:00:00,3864.75,3864.95,3856.96,3864.35,8976,20,0
2025-10-03 13:00:00,3864.35,3867.64,3862.19,3865.78,11059,20,0
2025-10-03 14:00:00,3865.77,3866.97,3854.77,3861.97,14738,20,0
2025-10-03 15:00:00,3862.0,3874.87,3860.44,3873.81,17672,20,0
2025-10-03 16:00:00,3874.12,3890.06,3870.04,3882.09,27451,20,0
2025-10-03 17:00:00,3882.32,3885.13,3865.89,3879.23,32414,20,0
2025-10-03 18:00:00,3879.42,3892.39,3873.18,3890.0,23282,20,0
2025-10-03 19:00:00,3890.14,3890.29,3879.89,3884.39,18341,20,0
2025-10-03 20:00:00,3884.42,3885.8,3876.31,3881.27,19715,20,0
2025-10-03 21:00:00,3881.27,3888.53,3879.33,3885.4,16406,20,0
2025-10-03 22:00:00,3885.42,3888.43,3882.87,3884.99,12899,20,0
2025-10-03 23:00:00,3884.92,3886.46,3882.19,3885.68,5164,20,0
2025-10-06 01:00:00,3886.95,3903.13,3883.43,3899.54,9811,22,0
2025-10-06 02:00:00,3899.52,3920.88,3898.45,3909.67,19635,22,0
2025-10-06 03:00:00,3909.76,3909.79,3899.02,3900.47,20735,22,0
2025-10-06 04:00:00,3900.58,3918.28,3899.7,3917.96,16017,22,0
2025-10-06 05:00:00,3917.98,3924.65,3917.48,3921.15,13831,22,0
2025-10-06 06:00:00,3921.1,3932.75,3919.97,3930.15,14940,22,0
2025-10-06 07:00:00,3930.13,3941.18,3929.47,3939.34,15244,22,0
2025-10-06 08:00:00,3939.34,3945.83,3927.96,3931.99,17196,22,0
2025-10-06 09:00:00,3932.07,3935.65,3921.8,3935.08,18350,18,0
2025-10-06 10:00:00,3935.06,3943.19,3930.1,3941.01,21994,20,0
2025-10-06 11:00:00,3941.01,3948.92,3935.52,3943.26,20885,20,0
2025-10-06 12:00:00,3943.35,3945.69,3935.91,3941.78,13099,20,0
2025-10-06 13:00:00,3941.79,3947.48,3931.93,3942.99,14701,20,0
2025-10-06 14:00:00,3942.89,3943.48,3930.39,3937.98,19305,20,0
2025-10-06 15:00:00,3937.92,3942.07,3926.88,3933.54,27244,20,0
2025-10-06 16:00:00,3933.64,3947.84,3928.1,3945.27,28485,20,0
2025-10-06 17:00:00,3945.28,3958.92,3940.85,3955.05,29904,20,0
2025-10-06 18:00:00,3954.98,3964.05,3948.19,3962.49,24617,20,0
2025-10-06 19:00:00,3962.48,3970.09,3945.82,3954.09,25052,20,0
2025-10-06 20:00:00,3954.06,3959.03,3951.16,3957.95,18745,20,0
2025-10-06 21:00:00,3957.96,3960.67,3955.81,3958.52,13551,20,0
2025-10-06 22:00:00,3958.44,3965.06,3958.37,3959.36,13656,20,0
2025-10-06 23:00:00,3959.39,3962.36,3957.35,3960.98,5231,20,0
2025-10-07 01:00:00,3958.04,3976.17,3958.04,3963.41,14313,22,0
2025-10-07 02:00:00,3963.45,3972.09,3961.7,3968.8,9934,22,0
2025-10-07 03:00:00,3968.8,3977.58,3962.27,3963.44,18691,22,0
2025-10-07 04:00:00,3963.46,3964.06,3955.29,3957.49,15918,22,0
2025-10-07 05:00:00,3957.48,3967.74,3956.76,3965.09,10237,22,0
2025-10-07 06:00:00,3965.02,3974.11,3960.16,3972.77,13086,22,0
2025-10-07 07:00:00,3972.76,3977.71,3970.87,3976.6,9884,22,0
2025-10-07 08:00:00,3976.61,3977.64,3959.86,3964.2,16468,22,0
2025-10-07 09:00:00,3964.25,3965.71,3954.53,3955.88,16482,18,0
2025-10-07 10:00:00,3955.92,3956.96,3942.84,3945.29,27376,20,0
2025-10-07 11:00:00,3945.28,3954.74,3940.5,3951.55,18941,20,0
2025-10-07 12:00:00,3951.52,3962.85,3951.31,3955.87,14909,20,0
2025-10-07 13:00:00,3955.86,3962.71,3954.83,3960.27,11481,20,0
2025-10-07 14:00:00,3960.34,3968.37,3956.97,3966.24,12848,18,0
2025-10-07 15:00:00,3966.23,3980.66,3964.94,3980.16,21514,20,0
2025-10-07 16:00:00,3980.17,3985.59,3970.39,3979.22,29453,20,0
2025-10-07 17:00:00,3979.22,3986.64,3968.83,3985.5,32070,20,0
2025-10-07 18:00:00,3985.49,3990.91,3961.7,3965.92,34077,20,0
2025-10-07 19:00:00,3966.0,3979.5,3963.0,3976.64,29567,25,0
2025-10-07 20:00:00,3976.64,3987.79,3976.4,3980.71,21809,25,0
2025-10-07 21:00:00,3980.77,3983.81,3974.11,3980.97,21398,25,0
2025-10-07 22:00:00,3980.95,3983.32,3978.56,3979.99,14520,25,0
2025-10-07 23:00:00,3979.99,3986.44,3979.99,3984.31,5624,25,0
2025-10-08 01:00:00,3983.63,3990.65,3982.96,3989.47,5253,27,0
2025-10-08 02:00:00,3989.47,3995.24,3988.03,3993.68,7593,27,0
2025-10-08 03:00:00,3993.68,3999.03,3989.15,3993.0,14498,27,0
2025-10-08 04:00:00,3992.99,4000.86,3985.22,4000.71,19301,27,0
2025-10-08 05:00:00,4000.74,4012.49,3995.73,4012.42,15812,27,0
2025-10-08 06:00:00,4012.36,4017.36,4009.6,4015.4,12185,27,0
2025-10-08 07:00:00,4015.39,4026.69,4015.39,4026.25,14794,27,0
2025-10-08 08:00:00,4026.06,4036.78,4023.9,4029.88,15692,27,0
2025-10-08 09:00:00,4029.88,4033.71,4022.07,4030.96,19413,20,0
2025-10-08 10:00:00,4030.71,4038.75,4029.54,4034.18,17889,25,0
2025-10-08 11:00:00,4034.39,4040.54,4033.2,4036.37,14313,25,0
2025-10-08 12:00:00,4036.38,4049.65,4030.87,4049.39,15064,25,0
2025-10-08 13:00:00,4049.37,4049.66,4033.35,4036.96,16082,25,0
2025-10-08 14:00:00,4036.95,4037.94,4031.91,4037.85,14809,25,0
2025-10-08 15:00:00,4037.83,4046.44,4030.91,4039.93,22391,25,0
2025-10-08 16:00:00,4039.88,4049.45,4026.32,4038.03,30178,25,0
2025-10-08 17:00:00,4037.95,4049.09,4035.58,4048.18,27503,25,0
2025-10-08 18:00:00,4048.18,4050.66,4037.17,4045.68,25558,25,0
2025-10-08 19:00:00,4045.66,4059.21,4044.46,4056.57,22180,25,0
2025-10-08 20:00:00,4056.58,4058.08,4043.01,4051.27,20132,25,0
2025-10-08 21:00:00,4051.26,4053.17,4038.63,4049.8,23182,25,0
2025-10-08 22:00:00,4049.81,4054.58,4032.07,4044.84,25640,25,0
2025-10-08 23:00:00,4044.79,4046.49,4038.53,4041.48,8140,25,0
2025-10-09 01:00:00,4039.68,4041.44,4015.26,4021.16,10734,27,0
2025-10-09 02:00:00,4021.19,4021.93,4002.18,4012.42,18802,27,0
2025-10-09 03:00:00,4012.23,4028.84,4009.41,4022.78,20313,27,0
2025-10-09 04:00:00,4022.78,4035.75,4007.61,4018.96,31701,27,0
2025-10-09 05:00:00,4018.96,4021.24,4001.96,4018.49,23449,27,0
2025-10-09 06:00:00,4018.48,4029.49,4017.03,4026.77,14611,27,0
2025-10-09 07:00:00,4026.77,4041.89,4026.77,4039.6,11773,27,0
2025-10-09 08:00:00,4039.53,4043.68,4034.97,4039.63,17115,27,0
2025-10-09 09:00:00,4039.64,4040.98,4023.31,4026.41,22138,20,0
2025-10-09 10:00:00,4026.43,4033.21,4024.67,4031.45,19075,25,0
2025-10-09 11:00:00,4031.45,4040.31,4030.02,4038.05,14325,25,0
2025-10-09 12:00:00,4038.07,4042.13,4034.14,4037.36,13988,20,0
2025-10-09 13:00:00,4037.43,4044.32,4036.27,4044.3,10350,25,0
2025-10-09 14:00:00,4044.29,4046.63,4033.47,4044.52,15753,25,0
2025-10-09 15:00:00,4044.28,4053.69,4036.83,4053.36,20739,25,0
2025-10-09 16:00:00,4053.4,4057.96,4017.34,4017.41,38215,25,0
2025-10-09 17:00:00,4017.42,4029.13,4004.02,4024.13,42939,25,0
2025-10-09 18:00:00,4024.12,4028.57,4006.4,4014.4,36929,25,0
2025-10-09 19:00:00,4014.32,4021.48,3964.02,3968.54,36906,25,0
2025-10-09 20:00:00,3968.89,3974.25,3944.61,3950.19,37647,25,0
2025-10-09 21:00:00,3950.16,3968.68,3949.44,3957.21,26669,25,0
2025-10-09 22:00:00,3957.33,3981.9,3955.08,3972.95,24685,25,0
2025-10-09 23:00:00,3973.0,3979.03,3972.91,3975.71,9125,25,0
2025-10-10 01:00:00,3979.77,3981.01,3958.54,3975.08,7159,27,0
2025-10-10 02:00:00,3975.11,3991.62,3974.33,3990.55,9246,27,0
2025-10-10 03:00:00,3990.56,3993.84,3986.13,3990.32,15175,27,0
2025-10-10 04:00:00,3990.3,3991.64,3969.23,3973.0,23144,27,0
2025-10-10 05:00:00,3973.0,3986.58,3973.0,3978.38,16349,27,0
2025-10-10 06:00:00,3978.37,3979.02,3960.7,3961.8,16579,27,0
2025-10-10 07:00:00,3961.8,3966.59,3946.85,3966.18,17216,27,0
2025-10-10 08:00:00,3966.17,3977.77,3965.53,3974.69,19936,27,0
2025-10-10 09:00:00,3974.77,3976.07,3962.6,3968.36,22060,20,0
2025-10-10 10:00:00,3968.39,3976.19,3952.5,3971.88,24867,25,0
2025-10-10 11:00:00,3971.91,3994.56,3970.07,3991.93,21409,25,0
2025-10-10 12:00:00,3991.93,4006.6,3990.27,3995.6,23146,25,0
2025-10-10 13:00:00,3995.5,4000.15,3990.67,3993.75,19011,25,0
2025-10-10 14:00:00,3993.71,3999.77,3983.25,3987.06,20129,25,0
2025-10-10 15:00:00,3987.04,3993.55,3980.15,3985.56,24048,25,0
2025-10-10 16:00:00,3985.55,3998.04,3975.44,3980.61,34063,25,0
2025-10-10 17:00:00,3980.54,3994.08,3970.66,3989.94,34529,25,0
2025-10-10 18:00:00,3989.93,4022.82,3987.94,3997.9,42200,25,0
2025-10-10 19:00:00,3997.89,3998.77,3977.29,3983.3,34834,25,0
2025-10-10 20:00:00,3983.31,3992.18,3975.03,3989.84,29064,25,0
2025-10-10 21:00:00,3989.96,4009.07,3984.19,3998.97,26031,25,0
2025-10-10 22:00:00,3998.97,4021.21,3995.84,4011.22,24824,25,0
2025-10-10 23:00:00,4011.19,4019.94,4005.77,4018.55,10716,25,0
2025-10-13 01:00:00,4012.7,4045.22,4002.65,4042.44,12402,27,0
2025-10-13 02:00:00,4042.31,4059.99,4032.72,4035.54,19475,27,0
2025-10-13 03:00:00,4035.56,4060.34,4025.02,4044.37,26541,27,0
2025-10-13 04:00:00,4044.36,4055.56,4036.52,4053.67,24521,27,0
2025-10-13 05:00:00,4053.66,4056.43,4042.26,4048.86,16417,27,0
2025-10-13 06:00:00,4048.81,4056.94,4046.98,4052.52,15802,27,0
2025-10-13 07:00:00,4052.49,4059.92,4051.68,4056.94,10364,27,0
2025-10-13 08:00:00,4056.94,4078.68,4055.54,4064.1,20686,27,0
2025-10-13 09:00:00,4064.12,4074.07,4060.2,4069.99,19599,20,0
2025-10-13 10:00:00,4069.98,4078.08,4067.09,4071.69,18451,25,0
2025-10-13 11:00:00,4071.67,4079.8,4069.75,4078.37,17325,25,0
2025-10-13 12:00:00,4078.4,4080.47,4070.91,4078.0,13924,25,0
2025-10-13 13:00:00,4077.98,4085.81,4071.88,4081.67,14579,25,0
2025-10-13 14:00:00,4081.53,4085.32,4074.17,4074.48,15713,25,0
2025-10-13 15:00:00,4074.59,4086.46,4073.66,4079.79,20303,25,0
2025-10-13 16:00:00,4079.79,4097.49,4078.4,4094.45,27954,25,0
2025-10-13 17:00:00,4094.46,4103.92,4090.79,4097.37,28319,25,0
2025-10-13 18:00:00,4097.36,4107.43,4091.75,4105.06,23599,25,0
2025-10-13 19:00:00,4105.18,4117.13,4103.91,4105.77,24402,25,0
2025-10-13 20:00:00,4105.77,4115.41,4100.26,4103.73,22007,25,0
2025-10-13 21:00:00,4103.79,4107.5,4099.25,4101.87,18170,25,0
2025-10-13 22:00:00,4101.88,4110.93,4090.86,4108.64,19101,25,0
2025-10-13 23:00:00,4108.59,4112.6,4106.06,4111.21,5639,25,0
2025-10-14 01:00:00,4109.3,4115.73,4106.63,4114.77,6325,27,0
2025-10-14 02:00:00,4114.67,4132.0,4112.86,4127.88,13923,27,0
2025-10-14 03:00:00,4127.87,4130.23,4119.73,4124.47,19249,27,0
2025-10-14 04:00:00,4124.44,4150.02,4123.26,4137.11,31504,27,0
2025-10-14 05:00:00,4137.12,4149.38,4136.86,4145.47,21797,27,0
2025-10-14 06:00:00,4145.47,4165.83,4144.65,4163.01,21842,27,0
2025-10-14 07:00:00,4163.1,4170.06,4155.88,4168.08,18956,27,0
2025-10-14 08:00:00,4168.07,4179.78,4111.16,4121.15,33010,27,0
2025-10-14 09:00:00,4121.21,4133.93,4090.51,4112.35,36680,20,0
2025-10-14 10:00:00,4112.32,4127.97,4102.64,4126.47,27869,25,0
2025-10-14 11:00:00,4126.41,4145.16,4124.66,4144.11,25001,25,0
2025-10-14 12:00:00,4144.11,4144.11,4121.83,4127.42,22693,25,0
2025-10-14 13:00:00,4127.41,4144.32,4124.96,4131.7,22286,25,0
2025-10-14 14:00:00,4131.72,4138.06,4125.81,4130.51,19063,25,0
2025-10-14 15:00:00,4130.53,4134.6,4103.53,4106.6,28317,25,0
2025-10-14 16:00:00,4106.69,4129.4,4097.94,4124.16,38305,25,0
2025-10-14 17:00:00,4124.1,4137.57,4121.35,4129.24,31085,25,0
2025-10-14 18:00:00,4129.32,4142.6,4126.2,4137.99,26725,25,0
2025-10-14 19:00:00,4138.03,4155.29,4127.94,4140.42,28956,25,0
2025-10-14 20:00:00,4140.38,4153.04,4137.36,4148.2,24873,25,0
2025-10-14 21:00:00,4148.22,4152.61,4143.12,4148.25,18277,25,0
2025-10-14 22:00:00,4148.26,4150.58,4134.5,4141.62,20769,25,0
2025-10-14 23:00:00,4141.63,4146.08,4139.2,4143.46,7328,25,0
2025-10-15 01:00:00,4143.46,4163.72,4140.56,4158.36,8740,27,0
2025-10-15 02:00:00,4158.36,4167.23,4157.13,4161.62,8237,27,0
2025-10-15 03:00:00,4161.5,4169.84,4153.9,4162.48,15310,27,0
2025-10-15 04:00:00,4162.49,4186.69,4162.1,4181.17,24141,27,0
2025-10-15 05:00:00,4181.26,4184.12,4166.68,4176.08,17795,27,0
2025-10-15 06:00:00,4176.08,4190.44,4175.64,4186.54,13067,27,0
2025-10-15 07:00:00,4186.59,4187.06,4172.75,4179.27,9398,27,0
2025-10-15 08:00:00,4179.22,4193.15,4176.2,4185.53,15459,27,0
2025-10-15 09:00:00,4185.55,4199.8,4183.75,4198.99,17123,20,0
2025-10-15 10:00:00,4198.91,4209.4,4194.07,4207.2,14927,27,0
2025-10-15 11:00:00,4207.38,4217.71,4206.63,4208.16,15691,27,0
2025-10-15 12:00:00,4208.29,4211.99,4164.77,4192.47,23498,27,0
2025-10-15 13:00:00,4192.41,4206.19,4190.41,4202.8,16085,27,0
2025-10-15 14:00:00,4202.79,4204.27,4193.5,4198.63,13689,27,0
2025-10-15 15:00:00,4198.65,4202.74,4176.91,4190.47,24787,27,0
2025-10-15 16:00:00,4190.46,4198.72,4182.78,4192.07,30055,27,0
2025-10-15 17:00:00,4192.05,4212.3,4191.42,4200.06,27565,27,0
2025-10-15 18:00:00,4200.05,4203.0,4179.73,4190.42,29040,27,0
2025-10-15 19:00:00,4190.42,4199.85,4186.33,4198.95,21382,27,0
2025-10-15 20:00:00,4198.93,4199.52,4182.51,4197.78,24034,27,0
2025-10-15 21:00:00,4197.77,4204.56,4195.19,4200.69,19617,27,0
2025-10-15 22:00:00,4200.67,4213.39,4200.44,4210.23,17102,27,0
2025-10-15 23:00:00,4210.25,4212.55,4206.08,4208.05,7906,27,0
2025-10-16 01:00:00,4208.95,4215.7,4199.42,4213.09,8940,27,0
2025-10-16 02:00:00,4212.86,4215.63,4206.06,4209.41,8849,27,0
2025-10-16 03:00:00,4209.43,4227.82,4205.02,4210.88,17107,27,0
2025-10-16 04:00:00,4210.87,4232.86,4210.86,4229.43,22670,27,0
2025-10-16 05:00:00,4229.42,4238.88,4225.16,4238.81,15417,27,0
2025-10-16 06:00:00,4238.72,4241.38,4228.38,4233.04,16037,27,0
2025-10-16 07:00:00,4233.04,4238.74,4227.38,4232.8,12358,27,0
2025-10-16 08:00:00,4232.8,4234.0,4202.77,4204.0,25860,43,0
2025-10-16 09:00:00,4203.99,4226.6,4202.78,4221.94,22694,43,0
2025-10-16 10:00:00,4221.89,4233.18,4221.46,4229.91,15640,43,0
2025-10-16 11:00:00,4229.88,4235.24,4227.88,4232.23,12900,45,0
2025-10-16 12:00:00,4232.24,4241.09,4221.14,4238.75,14237,45,0
2025-10-16 13:00:00,4238.66,4246.08,4233.74,4242.56,13690,45,0
2025-10-16 14:00:00,4242.57,4247.54,4239.55,4240.51,13599,45,0
2025-10-16 15:00:00,4240.53,4251.06,4227.6,4235.79,22217,45,0
2025-10-16 16:00:00,4235.83,4258.65,4234.7,4246.28,29120,30,0
2025-10-16 17:00:00,4245.9,4267.5,4245.28,4263.22,28752,30,0
2025-10-16 18:00:00,4263.25,4275.91,4260.76,4273.52,23866,30,0
2025-10-16 19:00:00,4273.53,4292.02,4261.34,4282.57,33763,30,0
2025-10-16 20:00:00,4282.6,4298.54,4280.03,4293.88,26878,30,0
2025-10-16 21:00:00,4293.91,4294.86,4273.42,4290.84,26810,30,0
2025-10-16 22:00:00,4290.83,4312.87,4287.67,4307.42,22501,30,0
2025-10-16 23:00:00,4307.46,4330.41,4307.46,4328.78,13319,30,0
2025-10-17 01:00:00,4333.38,4379.84,4332.56,4346.68,22030,30,0
2025-10-17 02:00:00,4346.68,4379.16,4341.54,4365.67,19172,30,0
2025-10-17 03:00:00,4365.68,4371.5,4353.36,4358.1,22627,30,0
2025-10-17 04:00:00,4358.05,4361.99,4278.26,4313.77,38005,30,0
2025-10-17 05:00:00,4313.79,4347.74,4312.41,4341.88,29214,30,0
2025-10-17 06:00:00,4341.89,4366.7,4338.22,4366.67,21914,30,0
2025-10-17 07:00:00,4366.63,4376.93,4354.91,4376.21,18888,30,0
2025-10-17 08:00:00,4376.25,4378.49,4342.01,4365.26,24725,30,0
2025-10-17 09:00:00,4365.54,4369.42,4346.47,4360.21,27548,30,0
2025-10-17 10:00:00,4360.0,4361.64,4310.72,4342.15,30740,30,0
2025-10-17 11:00:00,4342.23,4349.68,4320.79,4347.42,28457,30,0
2025-10-17 12:00:00,4347.36,4348.02,4332.07,4339.9,19518,30,0
2025-10-17 13:00:00,4339.88,4341.9,4319.43,4327.46,21741,30,0
2025-10-17 14:00:00,4327.44,4335.67,4286.52,4287.06,29533,30,0
2025-10-17 15:00:00,4287.03,4319.74,4283.2,4314.18,32788,30,0
2025-10-17 16:00:00,4314.19,4317.5,4258.57,4273.6,39877,30,0
2025-10-17 17:00:00,4273.68,4274.38,4216.75,4248.75,45249,30,0
2025-10-17 18:00:00,4248.78,4259.19,4230.72,4237.28,33649,30,0
2025-10-17 19:00:00,4237.29,4244.68,4200.45,4204.74,36213,30,0
2025-10-17 20:00:00,4204.75,4228.11,4185.79,4220.85,33245,30,0
2025-10-17 21:00:00,4220.84,4244.44,4217.93,4235.53,23887,20,0
2025-10-17 22:00:00,4235.51,4237.81,4212.64,4226.84,23637,20,0
2025-10-17 23:00:00,4226.7,4250.41,4220.68,4246.66,14714,20,0
2025-10-20 01:00:00,4243.66,4274.31,4242.6,4255.4,16518,20,0
2025-10-20 02:00:00,4255.48,4255.86,4232.14,4237.72,18154,20,0
2025-10-20 03:00:00,4237.64,4250.49,4218.8,4249.29,27238,20,0
2025-10-20 04:00:00,4249.3,4268.51,4229.3,4262.31,31121,20,0
2025-10-20 05:00:00,4262.34,4270.86,4253.05,4255.36,21524,20,0
2025-10-20 06:00:00,4255.37,4264.91,4248.37,4264.4,18434,20,0
2025-10-20 07:00:00,4264.47,4268.0,4260.09,4265.93,11243,20,0
2025-10-20 08:00:00,4265.5,4266.47,4239.44,4239.52,22750,20,0
2025-10-20 09:00:00,4239.53,4245.5,4221.15,4235.85,25759,20,0
2025-10-20 10:00:00,4235.84,4260.6,4234.51,4254.84,19425,20,0
2025-10-20 11:00:00,4254.83,4265.9,4252.13,4258.36,17476,20,0
2025-10-20 12:00:00,4258.41,4263.38,4250.15,4260.54,14951,20,0
2025-10-20 13:00:00,4260.52,4260.63,4245.43,4254.48,18361,20,0
2025-10-20 14:00:00,4254.46,4279.28,4250.75,4278.94,16262,20,0
2025-10-20 15:00:00,4278.94,4327.12,4272.56,4323.46,32241,18,0
2025-10-20 16:00:00,4323.83,4325.14,4299.4,4300.78,36110,18,0
2025-10-20 17:00:00,4300.77,4334.6,4292.69,4332.21,32304,18,0
2025-10-20 18:00:00,4332.2,4355.42,4332.2,4349.02,28560,18,0
2025-10-20 19:00:00,4349.01,4350.71,4342.57,4347.63,21110,18,0
2025-10-20 20:00:00,4347.62,4351.04,4337.17,4347.41,20672,18,0
2025-10-20 21:00:00,4347.83,4364.5,4344.57,4359.3,17854,18,0
2025-10-20 22:00:00,4359.29,4381.32,4359.1,4377.83,22474,18,0
2025-10-20 23:00:00,4377.85,4379.85,4346.26,4355.81,16728,18,0
2025-10-21 01:00:00,4358.39,4375.16,4357.45,4367.32,12885,20,0
2025-10-21 02:00:00,4367.33,4371.57,4356.6,4360.19,10955,20,0
2025-10-21 03:00:00,4360.15,4371.19,4356.1,4368.59,18830,20,0
2025-10-21 04:00:00,4368.58,4372.1,4332.73,4350.94,29596,20,0
2025-10-21 05:00:00,4350.96,4355.23,4335.08,4338.6,24412,20,0
2025-10-21 06:00:00,4338.54,4350.58,4337.67,4346.41,14777,20,0
2025-10-21 07:00:00,4346.38,4346.89,4336.7,4341.64,10791,20,0
2025-10-21 08:00:00,4341.43,4343.95,4317.1,4322.95,23006,20,0
2025-10-21 09:00:00,4322.95,4343.93,4316.94,4342.92,22421,18,0
2025-10-21 10:00:00,4342.93,4342.93,4293.04,4298.3,28227,18,0
2025-10-21 11:00:00,4298.29,4301.46,4244.77,4273.7,35822,18,0
2025-10-21 12:00:00,4273.76,4277.71,4254.44,4264.81,25701,18,0
2025-10-21 13:00:00,4265.08,4266.29,4249.21,4253.49,22515,18,0
2025-10-21 14:00:00,4253.51,4272.14,4245.31,4253.19,20345,18,0
2025-10-21 15:00:00,4253.18,4257.35,4205.57,4210.91,35067,18,0
2025-10-21 16:00:00,4210.9,4225.21,4167.49,4173.76,43773,18,0
2025-10-21 17:00:00,4173.43,4188.37,4079.74,4138.78,47291,18,0
2025-10-21 18:00:00,4138.75,4150.14,4119.9,4138.48,36551,18,0
2025-10-21 19:00:00,4138.5,4143.85,4101.51,4113.29,33297,18,0
2025-10-21 20:00:00,4113.29,4120.15,4093.92,4111.13,32835,18,0
2025-10-21 21:00:00,4111.11,4125.7,4106.28,4114.77,24485,18,0
2025-10-21 22:00:00,4114.78,4121.99,4100.22,4108.72,26421,18,0
2025-10-21 23:00:00,4108.83,4130.74,4106.04,4125.47,13402,18,0
2025-10-22 01:00:00,4125.95,4132.06,4113.75,4123.2,9068,18,0
2025-10-22 02:00:00,4122.68,4127.81,4089.97,4092.92,12633,18,0
2025-10-22 03:00:00,4093.15,4093.7,4003.82,4074.82,38944,18,0
2025-10-22 04:00:00,4074.83,4120.76,4064.22,4087.2,31140,18,0
2025-10-22 05:00:00,4087.21,4117.7,4087.21,4115.0,17840,18,0
2025-10-22 06:00:00,4114.84,4143.18,4107.14,4128.52,16568,18,0
2025-10-22 07:00:00,4128.5,4133.19,4107.13,4128.08,14426,18,0
2025-10-22 08:00:00,4128.2,4147.01,4126.41,4134.77,17021,18,0
2025-10-22 09:00:00,4134.74,4161.2,4127.46,4155.68,20029,18,0
2025-10-22 10:00:00,4155.5,4156.25,4129.38,4132.7,26788,18,0
2025-10-22 11:00:00,4132.69,4135.52,4055.73,4070.35,33164,18,0
2025-10-22 12:00:00,4070.34,4101.45,4061.46,4069.58,24535,18,0
2025-10-22 13:00:00,4069.58,4090.57,4023.78,4035.08,22954,18,0
2025-10-22 14:00:00,4035.08,4044.91,4014.53,4027.63,27164,18,0
2025-10-22 15:00:00,4027.71,4053.24,4023.1,4033.77,29053,18,0
2025-10-22 16:00:00,4033.78,4085.15,4033.41,4075.82,37677,18,0
2025-10-22 17:00:00,4075.7,4078.24,4011.17,4015.06,40054,18,0
2025-10-22 18:00:00,4014.85,4046.96,4014.84,4037.07,35808,18,0
2025-10-22 19:00:00,4037.04,4064.02,4023.19,4059.14,32290,18,0
2025-10-22 20:00:00,4059.15,4071.03,4044.04,4069.95,28740,18,0
2025-10-22 21:00:00,4069.96,4081.38,4066.61,4076.58,19757,18,0
2025-10-22 22:00:00,4076.58,4113.48,4076.49,4102.26,27566,18,0
2025-10-22 23:00:00,4102.02,4107.04,4088.45,4098.0,12559,18,0
2025-10-23 01:00:00,4104.16,4115.71,4092.36,4102.0,12206,20,0
2025-10-23 02:00:00,4102.02,4104.81,4080.58,4087.56,13611,20,0
2025-10-23 03:00:00,4087.57,4096.71,4065.99,4081.75,23761,20,0
2025-10-23 04:00:00,4081.84,4092.76,4071.75,4073.14,24769,20,0
2025-10-23 05:00:00,4073.13,4085.28,4071.94,4082.26,18566,20,0
2025-10-23 06:00:00,4082.29,4100.61,4077.75,4091.03,16395,20,0
2025-10-23 07:00:00,4091.04,4092.79,4079.66,4089.56,10643,20,0
2025-10-23 08:00:00,4089.57,4110.35,4083.87,4110.24,15501,20,0
2025-10-23 09:00:00,4110.14,4137.79,4110.14,4113.45,28333,18,0
2025-10-23 10:00:00,4113.45,4120.9,4091.85,4093.89,23224,18,0
2025-10-23 11:00:00,4094.0,4118.85,4094.0,4116.18,19924,18,0
2025-10-23 12:00:00,4116.17,4125.14,4110.99,4124.27,16040,18,0
2025-10-23 13:00:00,4124.26,4125.19,4101.69,4108.92,17381,18,0
2025-10-23 14:00:00,4108.91,4120.86,4107.53,4109.51,17857,18,0
2025-10-23 15:00:00,4109.48,4129.09,4099.94,4127.17,22170,18,0
2025-10-23 16:00:00,4127.06,4150.62,4125.64,4144.69,34217,18,0
2025-10-23 17:00:00,4144.71,4154.57,4135.89,4148.07,30005,18,0
2025-10-23 18:00:00,4148.07,4151.54,4137.03,4141.69,22719,18,0
2025-10-23 19:00:00,4141.68,4148.37,4125.44,4132.82,19901,18,0
2025-10-23 20:00:00,4132.56,4139.14,4124.84,4137.56,19184,18,0
2025-10-23 21:00:00,4137.55,4143.38,4133.11,4135.77,13619,18,0
2025-10-23 22:00:00,4136.0,4138.04,4116.32,4118.14,15727,18,0
2025-10-23 23:00:00,4118.24,4125.71,4107.23,4125.32,10104,18,0
2025-10-24 01:00:00,4128.8,4132.46,4111.19,4115.99,7034,20,0
2025-10-24 02:00:00,4116.0,4122.55,4105.89,4121.44,8588,20,0
2025-10-24 03:00:00,4121.51,4133.61,4117.69,4132.48,12133,20,0
2025-10-24 04:00:00,4132.52,4144.31,4111.88,4118.51,20068,20,0
2025-10-24 05:00:00,4118.51,4118.73,4109.13,4109.36,15848,20,0
2025-10-24 06:00:00,4109.35,4123.24,4107.38,4122.03,11225,20,0
2025-10-24 07:00:00,4122.03,4123.07,4102.59,4111.41,12988,20,0
2025-10-24 08:00:00,4111.41,4117.71,4102.77,4104.23,11914,20,0
2025-10-24 09:00:00,4104.12,4104.51,4081.27,4092.06,20948,18,0
2025-10-24 10:00:00,4092.3,4095.8,4069.51,4074.06,21216,18,0
2025-10-24 11:00:00,4074.08,4077.58,4047.44,4065.24,27671,18,0
2025-10-24 12:00:00,4065.22,4073.53,4054.33,4060.76,21286,18,0
2025-10-24 13:00:00,4060.89,4070.75,4053.49,4054.76,16574,18,0
2025-10-24 14:00:00,4054.71,4065.46,4044.08,4061.23,21240,18,0
2025-10-24 15:00:00,4061.22,4093.11,4059.74,4081.95,28910,18,0
2025-10-24 16:00:00,4081.96,4122.22,4078.9,4105.93,37040,18,0
2025-10-24 17:00:00,4105.98,4134.82,4102.13,4117.3,32817,18,0
2025-10-24 18:00:00,4117.32,4131.7,4113.18,4130.28,25249,18,0
2025-10-24 19:00:00,4130.27,4138.51,4121.6,4129.18,23487,18,0
2025-10-24 20:00:00,4129.34,4134.17,4105.59,4107.49,23810,18,0
2025-10-24 21:00:00,4107.62,4113.53,4101.78,4110.17,23442,18,0
2025-10-24 22:00:00,4110.18,4117.3,4102.2,4103.91,18284,18,0
2025-10-24 23:00:00,4103.92,4114.04,4096.47,4112.94,6563,18,0
2025-10-27 00:00:00,4078.1,4108.84,4063.65,4081.43,16661,50,0
2025-10-27 01:00:00,4081.63,4088.14,4061.71,4064.33,12401,20,0
2025-10-27 02:00:00,4064.38,4083.97,4058.04,4081.11,14851,20,0
2025-10-27 03:00:00,4080.83,4097.59,4074.96,4081.7,23752,20,0
2025-10-27 04:00:00,4081.64,4081.93,4070.13,4071.45,16784,20,0
2025-10-27 05:00:00,4071.45,4081.62,4065.25,4069.43,13638,20,0
2025-10-27 06:00:00,4069.42,4071.39,4053.5,4068.64,16983,20,0
2025-10-27 07:00:00,4068.64,4084.38,4068.46,4079.5,14682,20,0
2025-10-27 08:00:00,4079.46,4084.74,4073.81,4078.08,16873,18,0
2025-10-27 09:00:00,4078.14,4079.74,4063.97,4068.67,16426,18,0
2025-10-27 10:00:00,4068.68,4070.3,4023.62,4043.17,25210,18,0
2025-10-27 11:00:00,4043.1,4049.95,4029.91,4039.56,26044,18,0
2025-10-27 12:00:00,4039.59,4047.62,4028.71,4037.33,20508,18,0
2025-10-27 13:00:00,4037.35,4041.26,4015.31,4023.93,25985,18,0
2025-10-27 14:00:00,4023.97,4046.34,4022.22,4045.77,26371,18,0
2025-10-27 15:00:00,4045.79,4050.19,4013.26,4021.85,34506,18,0
2025-10-27 16:00:00,4022.03,4023.25,3982.99,3987.83,41082,18,0
2025-10-27 17:00:00,3987.8,3993.35,3971.22,3989.76,33634,18,0
2025-10-27 18:00:00,3989.77,4000.19,3984.01,3999.15,22196,18,0
2025-10-27 19:00:00,3999.17,4008.82,3990.66,4006.38,21062,18,0
2025-10-27 20:00:00,4006.38,4010.01,3997.72,3999.58,18795,18,0
2025-10-27 21:00:00,3999.61,4005.62,3985.56,3990.09,21184,18,0
2025-10-27 22:00:00,3990.1,4000.08,3979.13,3982.41,11305,18,0
2025-10-28 00:00:00,3978.76,3996.18,3978.76,3989.62,7200,50,0
2025-10-28 01:00:00,3989.68,4004.36,3982.87,3998.36,9675,20,0
2025-10-28 02:00:00,3998.35,4009.5,3972.91,4006.62,14540,20,0
2025-10-28 03:00:00,4006.53,4019.63,4004.39,4010.91,19009,20,0
2025-10-28 04:00:00,4010.96,4013.81,3980.56,3983.7,18515,20,0
2025-10-28 05:00:00,3983.59,3994.28,3983.07,3992.86,11645,20,0
2025-10-28 06:00:00,3992.86,3994.21,3963.64,3973.56,17174,20,0
2025-10-28 07:00:00,3973.57,3979.97,3959.1,3966.38,17377,20,0
2025-10-28 08:00:00,3966.38,3968.41,3938.2,3942.23,20299,18,0
2025-10-28 09:00:00,3942.16,3948.33,3921.65,3932.44,21906,18,0
2025-10-28 10:00:00,3932.44,3935.76,3896.27,3897.18,28471,18,0
2025-10-28 11:00:00,3897.1,3910.91,3886.39,3904.72,25291,18,0
2025-10-28 12:00:00,3904.67,3930.82,3899.97,3926.36,21121,18,0
2025-10-28 13:00:00,3926.49,3929.99,3910.82,3923.25,20962,18,0
2025-10-28 14:00:00,3923.23,3929.68,3905.94,3912.78,24489,18,0
2025-10-28 15:00:00,3912.88,3940.36,3912.3,3939.14,34527,18,0
2025-10-28 16:00:00,3938.9,3953.79,3934.79,3949.64,32060,18,0
2025-10-28 17:00:00,3949.51,3969.51,3947.03,3964.7,26945,18,0
2025-10-28 18:00:00,3964.67,3965.41,3951.02,3958.52,24848,18,0
2025-10-28 19:00:00,3958.45,3970.33,3955.23,3962.36,21357,18,0
2025-10-28 20:00:00,3962.35,3964.06,3945.23,3956.49,18060,18,0
2025-10-28 21:00:00,3956.51,3962.67,3950.73,3960.13,18232,18,0
2025-10-28 22:00:00,3960.35,3960.95,3949.52,3952.11,7384,18,0
2025-10-29 00:00:00,3955.78,3960.65,3914.74,3933.83,11732,50,0
2025-10-29 01:00:00,3933.81,3967.94,3933.78,3964.9,11068,20,0
2025-10-29 02:00:00,3963.26,3982.16,3959.1,3975.09,16413,20,0
2025-10-29 03:00:00,3975.1,3979.57,3965.98,3973.54,21623,20,0
2025-10-29 04:00:00,3973.49,3974.12,3944.06,3961.13,18403,20,0
2025-10-29 05:00:00,3961.14,3971.87,3958.45,3963.11,13642,20,0
2025-10-29 06:00:00,3963.16,3964.64,3950.89,3951.83,13828,20,0
2025-10-29 07:00:00,3952.07,3966.04,3951.04,3962.47,16401,20,0
2025-10-29 08:00:00,3962.44,3984.69,3959.82,3978.27,19531,18,0
2025-10-29 09:00:00,3977.51,4001.67,3974.96,4001.67,24622,18,0
2025-10-29 10:00:00,4001.68,4018.55,4000.46,4016.9,21400,18,0
2025-10-29 11:00:00,4016.92,4029.65,4013.51,4023.91,19764,18,0
2025-10-29 12:00:00,4023.93,4029.55,4017.21,4023.27,20290,18,0
2025-10-29 13:00:00,4023.26,4028.35,4013.54,4016.57,19267,18,0
2025-10-29 14:00:00,4016.56,4030.19,4013.58,4025.27,25133,18,0
2025-10-29 15:00:00,4025.28,4025.43,4002.27,4012.27,31330,18,0
2025-10-29 16:00:00,4012.26,4022.23,4007.3,4008.17,29550,18,0
2025-10-29 17:00:00,4008.18,4011.91,3989.27,3992.79,30045,18,0
2025-10-29 18:00:00,3992.82,4001.01,3991.17,3992.73,19890,18,0
2025-10-29 19:00:00,3992.74,3997.75,3985.76,3994.66,18681,18,0
2025-10-29 20:00:00,3994.68,4007.54,3942.73,3969.25,41311,18,0
2025-10-29 21:00:00,3969.24,3979.69,3927.91,3945.65,37508,18,0
2025-10-29 22:00:00,3945.64,3954.08,3927.84,3928.9,14281,18,0
2025-10-30 00:00:00,3926.15,3948.28,3916.94,3941.12,13448,48,0
2025-10-30 01:00:00,3941.12,3954.04,3939.33,3952.72,9125,18,0
2025-10-30 02:00:00,3952.73,3964.16,3937.91,3950.22,17156,18,0
2025-10-30 03:00:00,3950.22,3966.5,3945.2,3947.87,26194,18,0
2025-10-30 04:00:00,3947.88,3948.16,3921.9,3922.02,22322,18,0
2025-10-30 05:00:00,3922.0,3938.08,3915.37,3937.97,17009,18,0
2025-10-30 06:00:00,3937.99,3982.49,3934.71,3972.6,28365,18,0
2025-10-30 07:00:00,3972.64,3978.18,3947.13,3963.87,30814,18,0
2025-10-30 08:00:00,3963.85,3977.21,3956.38,3976.88,26452,18,0
2025-10-30 09:00:00,3976.84,3977.36,3955.89,3961.17,22703,18,0
2025-10-30 10:00:00,3961.2,3976.81,3960.23,3976.46,22625,18,0
2025-10-30 11:00:00,3976.47,4011.81,3976.06,3998.62,28203,18,0
2025-10-30 12:00:00,3998.46,4000.88,3973.53,3984.04,24524,18,0
2025-10-30 13:00:00,3984.05,3985.05,3964.05,3974.26,21973,18,0
2025-10-30 14:00:00,3974.51,3985.41,3961.09,3961.33,28246,18,0
2025-10-30 15:00:00,3961.29,3995.37,3960.19,3995.36,34037,18,0
2025-10-30 16:00:00,3995.38,4014.79,3986.78,3996.3,38397,18,0
2025-10-30 17:00:00,3996.32,4008.54,3988.28,4001.73,28380,18,0
2025-10-30 18:00:00,4001.75,4003.95,3991.18,4001.37,23401,18,0
2025-10-30 19:00:00,4001.35,4017.88,3994.36,4004.66,20383,18,0
2025-10-30 20:00:00,4004.65,4017.63,4000.04,4016.03,20585,18,0
2025-10-30 21:00:00,4016.1,4025.73,4015.37,4023.37,23703,18,0
2025-10-30 22:00:00,4023.25,4027.0,4016.35,4024.65,8865,18,0
2025-10-31 00:00:00,4023.71,4046.02,4016.1,4037.77,12267,48,0
2025-10-31 01:00:00,4037.79,4042.95,4018.55,4036.55,20959,18,0
2025-10-31 02:00:00,4036.52,4036.86,4023.84,4025.03,21904,18,0
2025-10-31 03:00:00,4024.95,4039.21,4012.74,4018.79,27600,18,0
2025-10-31 04:00:00,4018.49,4019.17,4001.35,4010.99,28290,18,0
2025-10-31 05:00:00,4011.0,4013.99,3991.1,3996.22,23913,18,0
2025-10-31 06:00:00,3996.27,4010.49,3988.96,4005.67,15917,18,0
2025-10-31 07:00:00,4005.51,4011.13,3994.01,4004.97,22063,18,0
2025-10-31 08:00:00,4005.08,4015.11,4002.23,4013.16,22789,18,0
2025-10-31 09:00:00,4013.18,4025.4,4007.44,4021.06,20842,18,0
2025-10-31 10:00:00,4021.07,4026.6,4006.6,4010.49,17788,18,0
2025-10-31 11:00:00,4010.26,4014.12,3998.68,4008.33,19377,18,0
2025-10-31 12:00:00,4008.47,4016.69,4003.57,4007.45,16406,18,0
2025-10-31 13:00:00,4007.47,4011.09,4001.76,4010.5,14594,18,0
2025-10-31 14:00:00,4010.6,4036.09,4008.99,4022.82,22106,18,0
2025-10-31 15:00:00,4022.71,4035.38,4010.22,4016.45,29406,18,0
2025-10-31 16:00:00,4016.54,4027.06,4010.86,4020.55,28182,18,0
2025-10-31 17:00:00,4020.53,4022.84,4009.52,4012.75,27824,18,0
2025-10-31 18:00:00,4012.57,4015.08,3972.25,3980.66,33982,18,0
2025-10-31 19:00:00,3980.64,4003.52,3980.29,3997.63,25053,18,0
2025-10-31 20:00:00,3997.6,4009.79,3995.31,3999.9,19950,18,0
2025-10-31 21:00:00,3999.91,4005.39,3991.28,4001.19,17344,18,0
2025-10-31 22:00:00,4001.16,4006.5,3996.04,4003.13,6104,18,0
2025-11-03 01:00:00,3990.88,4001.26,3977.81,3979.62,13471,18,0
2025-11-03 02:00:00,3979.6,3987.74,3962.57,3970.64,16942,18,0
2025-11-03 03:00:00,3970.62,4001.8,3965.5,3996.04,27486,18,0
2025-11-03 04:00:00,3995.92,4006.42,3990.26,4004.12,20419,18,0
2025-11-03 05:00:00,4004.13,4015.3,4002.39,4011.25,18095,18,0
2025-11-03 06:00:00,4011.26,4014.28,4001.73,4003.71,15075,18,0
2025-11-03 07:00:00,4003.73,4018.25,3997.78,4013.91,15475,18,0
2025-11-03 08:00:00,4013.91,4018.76,4009.87,4017.56,14868,18,0
2025-11-03 09:00:00,4017.55,4025.94,4013.44,4025.25,15959,18,0
2025-11-03 10:00:00,4025.27,4028.1,4011.07,4019.62,19521,18,0
2025-11-03 11:00:00,4019.61,4026.02,3992.97,4000.41,22302,18,0
2025-11-03 12:00:00,4000.55,4004.72,3994.33,3998.66,16625,18,0
2025-11-03 13:00:00,3998.75,4008.61,3994.33,4007.42,17338,18,0
2025-11-03 14:00:00,4007.46,4013.34,4001.66,4013.19,15521,18,0
2025-11-03 15:00:00,4013.21,4020.35,4010.6,4015.81,25598,18,0
2025-11-03 16:00:00,4015.81,4026.04,4001.63,4022.74,29145,18,0
2025-11-03 17:00:00,4023.72,4030.45,4003.39,4008.5,33837,18,0
2025-11-03 18:00:00,4008.43,4013.34,3995.19,4008.2,26582,18,0
2025-11-03 19:00:00,4008.23,4012.03,4003.41,4005.95,17824,18,0
2025-11-03 20:00:00,4005.98,4009.59,3999.27,4006.35,15696,18,0
2025-11-03 21:00:00,4006.3,4008.03,3995.18,4004.63,19517,18,0
2025-11-03 22:00:00,4004.62,4014.81,4004.62,4010.1,14997,18,0
2025-11-03 23:00:00,4010.09,4010.09,3999.46,4000.02,4468,10,0
2025-11-04 01:00:00,4002.92,4005.48,3982.31,3998.08,9509,18,0
2025-11-04 02:00:00,3998.09,4000.0,3979.23,3986.23,18838,18,0
2025-11-04 03:00:00,3986.23,3994.44,3979.46,3987.21,21412,18,0
2025-11-04 04:00:00,3987.19,3987.19,3975.55,3986.56,21008,18,0
2025-11-04 05:00:00,3986.54,3999.19,3981.57,3994.49,14972,18,0
2025-11-04 06:00:00,3994.44,3995.12,3983.97,3985.24,12672,18,0
2025-11-04 07:00:00,3985.0,3986.49,3972.49,3973.23,21474,18,0
2025-11-04 08:00:00,3973.24,3987.96,3966.55,3984.9,23053,18,0
2025-11-04 09:00:00,3984.98,3996.32,3982.24,3993.95,14786,18,0
2025-11-04 10:00:00,3994.19,4000.84,3990.83,3996.19,17472,18,0
2025-11-04 11:00:00,3996.18,3998.66,3990.43,3991.21,15983,18,0
2025-11-04 12:00:00,3991.2,3997.62,3985.96,3993.98,15288,18,0
2025-11-04 13:00:00,3993.99,4000.05,3991.65,3994.98,13115,18,0
2025-11-04 14:00:00,3994.98,3997.64,3983.5,3984.73,18661,18,0
2025-11-04 15:00:00,3984.53,3996.06,3971.69,3975.64,26155,18,0
2025-11-04 16:00:00,3975.62,3977.66,3928.46,3956.87,34769,18,0
2025-11-04 17:00:00,3956.84,3968.1,3941.07,3956.71,28370,18,0
2025-11-04 18:00:00,3956.75,3975.48,3956.64,3968.93,24487,18,0
2025-11-04 19:00:00,3968.98,3971.02,3952.4,3955.0,22443,18,0
2025-11-04 20:00:00,3954.99,3956.78,3931.87,3937.75,24558,18,0
2025-11-04 21:00:00,3937.75,3944.09,3934.48,3937.43,20767,18,0
2025-11-04 22:00:00,3937.45,3942.14,3931.4,3938.8,19733,18,0
2025-11-04 23:00:00,3938.88,3938.88,3930.22,3931.74,7128,18,0
2025-11-05 01:00:00,3933.79,3940.4,3930.74,3934.59,9610,18,0
2025-11-05 02:00:00,3934.6,3942.88,3929.39,3939.74,17742,18,0
2025-11-05 03:00:00,3940.39,3950.25,3935.31,3938.05,22425,18,0
2025-11-05 04:00:00,3937.94,3951.14,3936.03,3948.47,20387,18,0
2025-11-05 05:00:00,3948.46,3965.21,3947.42,3960.89,15037,18,0
2025-11-05 06:00:00,3960.67,3973.72,3959.76,3970.31,12940,18,0
2025-11-05 07:00:00,3970.32,3978.62,3961.7,3964.89,17465,18,0
2025-11-05 08:00:00,3964.91,3973.54,3961.73,3966.31,16474,18,0
2025-11-05 09:00:00,3966.3,3974.81,3963.77,3972.64,13423,18,0
2025-11-05 10:00:00,3972.62,3987.14,3972.62,3979.94,16481,18,0
2025-11-05 11:00:00,3979.95,3981.38,3963.43,3971.75,14260,18,0
2025-11-05 12:00:00,3971.74,3971.75,3956.07,3964.48,14230,18,0
2025-11-05 13:00:00,3964.49,3968.92,3957.54,3966.95,11710,18,0
2025-11-05 14:00:00,3966.94,3969.88,3962.38,3969.73,11524,18,0
2025-11-05 15:00:00,3969.75,3979.48,3964.93,3976.06,22389,18,0
2025-11-05 16:00:00,3976.05,3985.69,3969.6,3973.58,25264,18,0
2025-11-05 17:00:00,3971.57,3984.43,3964.19,3978.4,30104,18,0
2025-11-05 18:00:00,3978.48,3990.45,3975.07,3986.98,20101,18,0
2025-11-05 19:00:00,3986.93,3989.82,3978.69,3982.15,14033,18,0
2025-11-05 20:00:00,3982.16,3986.11,3979.02,3982.31,13325,18,0
2025-11-05 21:00:00,3982.35,3988.84,3979.21,3987.87,11362,18,0
2025-11-05 22:00:00,3987.94,3990.28,3981.52,3984.4,12467,18,0
2025-11-05 23:00:00,3984.46,3984.99,3977.8,3978.93,4030,18,0
2025-11-06 01:00:00,3977.82,3980.06,3966.73,3972.95,9419,18,0
2025-11-06 02:00:00,3972.9,3976.09,3968.95,3976.09,12710,18,0
2025-11-06 03:00:00,3976.11,3977.26,3964.39,3976.62,15843,18,0
2025-11-06 04:00:00,3976.73,3985.15,3974.21,3983.41,13149,18,0
2025-11-06 05:00:00,3983.47,3990.6,3979.52,3987.7,10849,18,0
2025-11-06 06:00:00,3987.68,3989.93,3984.56,3988.93,6832,18,0
2025-11-06 07:00:00,3988.9,3990.8,3985.68,3987.61,10933,18,0
2025-11-06 08:00:00,3987.68,3992.92,3982.42,3991.61,12310,18,0
2025-11-06 09:00:00,3991.59,4009.6,3991.26,4005.92,15074,18,0
2025-11-06 10:00:00,4005.93,4016.96,4004.84,4014.81,15690,18,0
2025-11-06 11:00:00,4014.78,4015.22,4009.1,4010.9,12526,18,0
2025-11-06 12:00:00,4010.91,4011.08,4004.27,4008.18,11811,18,0
2025-11-06 13:00:00,4008.19,4019.51,4006.96,4018.08,12251,18,0
2025-11-06 14:00:00,4018.11,4019.45,4002.7,4004.99,13888,18,0
2025-11-06 15:00:00,4005.03,4016.11,4003.44,4012.19,17179,18,0
2025-11-06 16:00:00,4012.29,4013.92,3988.82,3992.99,28158,18,0
2025-11-06 17:00:00,3992.99,3993.48,3974.9,3980.08,31945,18,0
2025-11-06 18:00:00,3980.15,3986.22,3976.24,3980.82,25471,18,0
2025-11-06 19:00:00,3980.92,3987.96,3965.58,3986.05,26143,18,0
2025-11-06 20:00:00,3986.05,3990.74,3980.12,3987.65,18781,18,0
2025-11-06 21:00:00,3987.72,3995.09,3983.06,3985.21,15391,18,0
2025-11-06 22:00:00,3985.11,3987.11,3979.26,3980.47,23751,18,0
2025-11-06 23:00:00,3980.62,3982.28,3976.54,3976.84,10394,18,0
2025-11-07 01:00:00,3974.61,3989.63,3974.61,3989.02,6264,18,0
2025-11-07 02:00:00,3988.93,3994.35,3984.42,3988.39,8193,18,0
2025-11-07 03:00:00,3988.38,4002.79,3986.89,4001.73,14232,18,0
2025-11-07 04:00:00,4001.71,4003.31,3991.4,3995.25,11510,18,0
2025-11-07 05:00:00,3995.25,3996.4,3988.02,3990.19,8881,18,0
2025-11-07 06:00:00,3990.18,3998.34,3985.28,3998.16,8228,18,0
2025-11-07 07:00:00,3998.21,3998.58,3991.73,3994.86,9731,18,0
2025-11-07 08:00:00,3994.84,4008.42,3992.09,4006.77,11226,18,0
2025-11-07 09:00:00,4006.86,4009.93,4002.86,4007.78,9987,18,0
2025-11-07 10:00:00,4008.01,4010.42,4003.63,4009.83,10905,18,0
2025-11-07 11:00:00,4009.84,4014.19,4004.23,4006.48,10916,18,0
2025-11-07 12:00:00,4006.49,4009.51,4003.07,4007.81,10182,18,0
2025-11-07 13:00:00,4007.81,4012.05,3993.55,4002.85,15151,18,0
2025-11-07 14:00:00,4002.81,4008.49,3991.55,3995.7,15209,18,0
2025-11-07 15:00:00,3995.74,4001.76,3991.56,3997.7,19031,18,0
2025-11-07 16:00:00,3997.71,4007.43,3984.35,3993.45,25903,18,0
2025-11-07 17:00:00,3993.57,3999.08,3983.89,3990.86,25960,18,0
2025-11-07 18:00:00,3990.92,4027.42,3989.86,4007.66,26286,18,0
2025-11-07 19:00:00,4007.66,4009.77,3992.24,4005.25,24389,18,0
2025-11-07 20:00:00,4005.32,4008.9,3999.45,4005.44,17808,18,0
2025-11-07 21:00:00,4005.37,4008.96,4001.71,4006.68,15873,18,0
2025-11-07 22:00:00,4006.67,4006.81,3994.43,4003.95,19685,18,0
2025-11-07 23:00:00,4003.94,4005.12,3998.45,4001.18,3571,18,0
2025-11-10 01:00:00,3999.04,4012.22,3999.04,4011.8,9283,18,0
2025-11-10 02:00:00,4011.79,4023.8,4011.11,4020.25,11299,18,0
2025-11-10 03:00:00,4020.25,4053.35,4019.11,4044.25,23782,18,0
2025-11-10 04:00:00,4044.24,4049.21,4037.87,4048.24,16127,18,0
2025-11-10 05:00:00,4048.22,4052.85,4044.97,4050.41,10463,18,0
2025-11-10 06:00:00,4050.29,4056.89,4049.99,4054.28,10464,18,0
2025-11-10 07:00:00,4054.29,4070.01,4050.21,4069.47,11282,18,0
2025-11-10 08:00:00,4069.53,4078.52,4066.99,4075.14,13800,18,0
2025-11-10 09:00:00,4075.13,4079.17,4072.28,4075.46,12006,18,0
2025-11-10 10:00:00,4075.45,4085.23,4075.02,4082.35,16886,18,0
2025-11-10 11:00:00,4082.39,4086.62,4071.59,4076.8,15065,18,0
2025-11-10 12:00:00,4076.77,4083.53,4076.07,4080.99,11784,18,0
2025-11-10 13:00:00,4081.02,4085.64,4075.85,4085.58,11507,18,0
2025-11-10 14:00:00,4085.59,4100.1,4084.5,4097.75,17008,18,0
2025-11-10 15:00:00,4097.8,4106.04,4090.33,4091.64,27150,18,0
2025-11-10 16:00:00,4091.66,4094.1,4074.26,4083.41,29904,18,0
2025-11-10 17:00:00,4083.38,4094.36,4077.74,4084.25,28754,18,0
2025-11-10 18:00:00,4084.24,4095.77,4081.96,4094.99,21693,18,0
2025-11-10 19:00:00,4095.08,4102.7,4093.31,4102.61,18162,18,0
2025-11-10 20:00:00,4102.57,4115.77,4101.71,4110.08,19618,18,0
2025-11-10 21:00:00,4110.11,4115.37,4107.8,4113.13,16396,18,0
2025-11-10 22:00:00,4113.14,4114.47,4106.59,4111.65,16520,18,0
2025-11-10 23:00:00,4111.68,4116.51,4110.39,4115.38,4513,18,0
2025-11-11 01:00:00,4116.03,4122.58,4115.25,4119.82,8310,18,0
2025-11-11 02:00:00,4119.84,4133.47,4115.97,4130.67,12313,18,0
2025-11-11 03:00:00,4130.68,4141.03,4127.7,4136.07,21773,18,0
2025-11-11 04:00:00,4136.07,4139.49,4129.35,4137.83,15196,18,0
2025-11-11 05:00:00,4137.84,4148.0,4136.96,4146.59,12072,18,0
2025-11-11 06:00:00,4146.57,4148.8,4141.75,4142.84,9121,18,0
2025-11-11 07:00:00,4142.81,4144.14,4124.5,4130.98,17658,18,0
2025-11-11 08:00:00,4130.97,4137.66,4126.58,4129.69,14795,18,0
2025-11-11 09:00:00,4129.65,4132.86,4124.7,4129.42,13286,18,0
2025-11-11 10:00:00,4129.27,4137.5,4128.61,4135.51,16869,18,0
2025-11-11 11:00:00,4135.49,4145.74,4134.29,4141.75,12483,18,0
2025-11-11 12:00:00,4141.79,4144.05,4136.73,4141.7,12896,18,0
2025-11-11 13:00:00,4141.69,4144.31,4138.85,4142.6,11621,18,0
2025-11-11 14:00:00,4142.67,4143.67,4132.93,4134.13,13337,18,0
2025-11-11 15:00:00,4134.15,4146.59,4133.62,4142.48,18301,18,0
2025-11-11 16:00:00,4142.51,4143.19,4119.79,4124.85,27304,18,0
2025-11-11 17:00:00,4124.84,4126.03,4096.95,4106.51,32159,18,0
2025-11-11 18:00:00,4106.49,4115.74,4104.89,4113.15,23509,18,0
2025-11-11 19:00:00,4113.13,4117.58,4110.47,4114.28,17861,18,0
2025-11-11 20:00:00,4114.3,4116.2,4106.59,4113.69,18040,18,0
2025-11-11 21:00:00,4113.71,4126.0,4111.92,4122.96,13283,18,0
2025-11-11 22:00:00,4122.98,4131.85,4122.24,4129.59,14196,18,0
2025-11-11 23:00:00,4129.6,4131.47,4125.52,4126.08,4885,18,0
2025-11-12 01:00:00,4129.31,4144.59,4128.92,4142.51,10921,18,0
2025-11-12 02:00:00,4142.42,4145.52,4132.01,4132.8,11264,18,0
2025-11-12 03:00:00,4132.82,4137.17,4126.27,4131.31,21976,18,0
2025-11-12 04:00:00,4131.35,4135.3,4118.63,4123.87,15654,18,0
2025-11-12 05:00:00,4123.88,4125.19,4111.55,4111.71,14361,18,0
2025-11-12 06:00:00,4111.72,4112.88,4103.47,4110.31,14211,18,0
2025-11-12 07:00:00,4110.38,4110.82,4098.64,4104.64,15062,18,0
2025-11-12 08:00:00,4104.63,4118.89,4103.05,4118.29,17498,18,0
2025-11-12 09:00:00,4118.3,4124.97,4113.27,4116.67,15147,18,0
2025-11-12 10:00:00,4116.68,4132.71,4111.97,4131.25,16999,18,0
2025-11-12 11:00:00,4131.25,4133.63,4120.38,4124.49,15566,18,0
2025-11-12 12:00:00,4124.48,4129.38,4117.88,4127.76,14849,18,0
2025-11-12 13:00:00,4127.77,4131.0,4122.96,4126.06,13169,18,0
2025-11-12 14:00:00,4126.07,4139.3,4124.83,4130.11,17505,18,0
2025-11-12 15:00:00,4130.12,4132.46,4122.61,4126.82,22991,18,0
2025-11-12 16:00:00,4127.04,4140.02,4124.96,4136.69,30779,18,0
2025-11-12 17:00:00,4136.68,4185.61,4134.58,4181.47,36655,18,0
2025-11-12 18:00:00,4181.47,4197.67,4180.25,4196.51,31400,18,0
2025-11-12 19:00:00,4196.5,4206.6,4192.35,4199.47,27815,18,0
2025-11-12 20:00:00,4199.48,4211.68,4190.54,4206.67,25907,18,0
2025-11-12 21:00:00,4206.7,4210.01,4192.08,4197.41,22916,18,0
2025-11-12 22:00:00,4197.39,4199.58,4190.57,4195.87,20641,18,0
2025-11-12 23:00:00,4195.89,4202.04,4190.96,4194.17,7562,18,0
2025-11-13 01:00:00,4200.52,4207.84,4187.41,4191.1,13144,18,0
2025-11-13 02:00:00,4191.08,4208.87,4185.94,4205.78,19300,18,0
2025-11-13 03:00:00,4205.81,4209.11,4179.7,4192.19,29899,18,0
2025-11-13 04:00:00,4192.13,4195.76,4183.28,4190.29,24859,18,0
2025-11-13 05:00:00,4190.23,4213.17,4190.23,4212.9,20276,18,0
2025-11-13 06:00:00,4212.81,4219.27,4203.2,4209.13,17189,18,0
2025-11-13 07:00:00,4209.12,4217.72,4207.31,4212.02,20374,18,0
2025-11-13 08:00:00,4212.01,4212.18,4203.19,4210.27,17063,18,0
2025-11-13 09:00:00,4210.29,4219.95,4208.25,4219.8,16235,18,0
2025-11-13 10:00:00,4219.82,4239.3,4218.98,4232.66,21953,18,0
2025-11-13 11:00:00,4232.67,4239.32,4224.82,4232.97,18896,18,0
2025-11-13 12:00:00,4232.95,4240.05,4221.45,4225.51,18112,18,0
2025-11-13 13:00:00,4225.66,4232.14,4219.16,4230.46,18850,18,0
2025-11-13 14:00:00,4230.43,4244.91,4229.77,4242.43,17523,18,0
2025-11-13 15:00:00,4242.51,4243.75,4220.08,4231.64,29070,18,0
2025-11-13 16:00:00,4231.67,4232.22,4184.28,4195.16,36876,18,0
2025-11-13 17:00:00,4195.15,4204.86,4186.46,4202.34,36325,18,0
2025-11-13 18:00:00,4202.35,4210.69,4195.52,4206.44,30888,18,0
2025-11-13 19:00:00,4206.41,4208.08,4193.14,4201.65,28589,18,0
2025-11-13 20:00:00,4201.65,4203.15,4145.33,4157.78,33546,18,0
2025-11-13 21:00:00,4157.79,4170.42,4145.7,4163.78,28091,18,0
2025-11-13 22:00:00,4163.76,4170.52,4160.2,4163.86,22619,18,0
2025-11-13 23:00:00,4163.9,4181.22,4161.05,4171.23,8374,18,0
2025-11-14 01:00:00,4171.42,4186.48,4171.42,4185.76,10478,18,0
2025-11-14 02:00:00,4185.84,4189.73,4178.09,4183.61,14661,18,0
2025-11-14 03:00:00,4183.61,4193.76,4173.55,4189.86,28067,18,0
2025-11-14 04:00:00,4189.86,4210.09,4188.39,4206.77,22626,18,0
2025-11-14 05:00:00,4206.88,4211.01,4201.08,4204.28,17673,18,0
2025-11-14 06:00:00,4204.28,4205.64,4196.93,4203.07,14055,18,0
2025-11-14 07:00:00,4203.25,4203.43,4183.67,4189.75,21356,18,0
2025-11-14 08:00:00,4189.76,4193.12,4169.54,4175.36,23321,18,0
2025-11-14 09:00:00,4175.35,4182.36,4158.83,4181.11,21968,18,0
2025-11-14 10:00:00,4181.1,4186.81,4169.99,4175.91,24224,18,0
2025-11-14 11:00:00,4175.84,4180.41,4166.41,4169.3,19417,18,0
2025-11-14 12:00:00,4169.31,4170.97,4159.3,4167.88,16397,18,0
2025-11-14 13:00:00,4167.91,4169.92,4130.67,4132.87,22518,18,0
2025-11-14 14:00:00,4132.8,4140.52,4107.62,4115.88,29631,18,0
2025-11-14 15:00:00,4115.91,4118.81,4041.17,4055.71,39225,18,0
2025-11-14 16:00:00,4055.72,4083.88,4032.08,4082.53,37925,18,0
2025-11-14 17:00:00,4082.56,4096.28,4068.36,4093.41,35619,18,0
2025-11-14 18:00:00,4093.52,4111.0,4080.87,4105.02,28227,18,0
2025-11-14 19:00:00,4105.02,4110.51,4093.96,4099.75,24949,18,0
2025-11-14 20:00:00,4099.76,4103.58,4080.8,4098.01,24939,18,0
2025-11-14 21:00:00,4097.91,4100.05,4087.72,4089.96,19120,18,0
2025-11-14 22:00:00,4090.01,4092.4,4075.48,4087.08,20372,18,0
2025-11-14 23:00:00,4087.1,4087.1,4077.83,4084.87,6717,18,0
2025-11-17 01:00:00,4082.82,4106.69,4070.09,4096.25,14277,18,0
2025-11-17 02:00:00,4096.27,4098.06,4080.47,4083.07,17774,18,0
2025-11-17 03:00:00,4083.1,4101.82,4082.51,4091.0,25665,18,0
2025-11-17 04:00:00,4091.03,4093.57,4080.49,4081.63,19464,18,0
2025-11-17 05:00:00,4081.65,4085.8,4069.67,4082.86,18669,18,0
2025-11-17 06:00:00,4082.86,4087.98,4076.56,4078.25,10814,18,0
2025-11-17 07:00:00,4078.25,4078.4,4049.61,4058.2,20970,18,0
2025-11-17 08:00:00,4058.21,4071.94,4054.66,4065.95,16989,18,0
2025-11-17 09:00:00,4065.77,4089.1,4065.16,4088.14,14560,18,0
2025-11-17 10:00:00,4088.14,4095.79,4072.11,4077.39,19913,18,0
2025-11-17 11:00:00,4077.38,4088.56,4072.2,4081.98,16576,18,0
2025-11-17 12:00:00,4081.98,4089.35,4068.44,4070.23,16090,18,0
2025-11-17 13:00:00,4070.23,4085.94,4061.1,4078.46,17153,18,0
2025-11-17 14:00:00,4078.46,4085.23,4074.71,4077.21,13810,18,0
2025-11-17 15:00:00,4077.17,4092.14,4060.7,4065.29,26464,18,0
2025-11-17 16:00:00,4065.29,4081.96,4060.68,4076.28,30832,18,0
2025-11-17 17:00:00,4076.29,4077.44,4060.78,4064.09,33429,18,0
2025-11-17 18:00:00,4064.05,4073.73,4052.17,4070.07,28127,18,0
2025-11-17 19:00:00,4070.13,4080.96,4069.7,4073.37,22145,18,0
2025-11-17 20:00:00,4073.41,4076.11,4062.26,4062.6,23391,18,0
2025-11-17 21:00:00,4062.61,4065.06,4010.88,4011.2,32776,18,0
2025-11-17 22:00:00,4011.16,4044.06,4006.84,4040.84,26787,18,0
2025-11-17 23:00:00,4040.82,4045.92,4038.79,4045.45,7181,18,0
2025-11-18 01:00:00,4047.67,4055.07,4028.57,4036.68,12130,18,0
2025-11-18 02:00:00,4036.71,4041.12,4027.17,4040.02,15965,18,0
2025-11-18 03:00:00,4040.1,4045.07,4022.38,4024.83,22261,18,0
2025-11-18 04:00:00,4024.83,4035.77,4015.18,4017.65,20992,18,0
2025-11-18 05:00:00,4017.64,4026.24,4008.3,4013.15,18705,18,0
2025-11-18 06:00:00,4013.16,4017.98,4004.55,4010.2,18116,18,0
2025-11-18 07:00:00,4010.26,4025.26,4007.97,4018.75,18168,18,0
2025-11-18 08:00:00,4018.78,4020.24,4007.46,4008.64,19143,18,0
2025-11-18 09:00:00,4008.68,4017.39,3997.85,4013.61,19592,18,0
2025-11-18 10:00:00,4013.62,4042.68,4010.52,4036.76,21598,18,0
2025-11-18 11:00:00,4036.78,4047.13,4030.1,4040.11,19112,18,0
2025-11-18 12:00:00,4040.12,4050.34,4037.47,4044.04,17356,18,0
2025-11-18 13:00:00,4044.05,4050.32,4036.93,4039.44,16410,18,0
2025-11-18 14:00:00,4039.49,4045.01,4029.2,4032.38,22270,18,0
2025-11-18 15:00:00,4032.39,4070.26,4031.31,4065.17,29377,18,0
2025-11-18 16:00:00,4065.16,4081.95,4058.09,4065.74,34171,18,0
2025-11-18 17:00:00,4065.71,4072.39,4049.07,4052.88,39312,18,0
2025-11-18 18:00:00,4052.89,4069.16,4040.43,4066.83,31014,18,0
2025-11-18 19:00:00,4066.84,4075.78,4059.53,4071.46,27362,18,0
2025-11-18 20:00:00,4071.52,4074.65,4063.17,4072.59,24383,18,0
2025-11-18 21:00:00,4072.63,4082.02,4072.57,4081.11,24002,18,0
2025-11-18 22:00:00,4081.14,4082.32,4067.22,4069.42,23551,18,0
2025-11-18 23:00:00,4069.33,4072.34,4064.81,4067.06,6554,18,0
2025-11-19 01:00:00,4066.92,4077.82,4065.87,4076.7,6857,18,0
2025-11-19 02:00:00,4076.66,4078.27,4067.49,4069.19,11362,18,0
2025-11-19 03:00:00,4069.2,4070.26,4056.33,4058.97,22074,18,0
2025-11-19 04:00:00,4058.96,4080.61,4055.49,4075.67,20080,18,0
2025-11-19 05:00:00,4075.64,4078.58,4066.0,4066.83,15676,18,0
2025-11-19 06:00:00,4066.83,4076.82,4064.43,4075.17,12469,18,0
2025-11-19 07:00:00,4075.25,4097.43,4074.22,4095.44,19114,18,0
2025-11-19 08:00:00,4095.46,4098.61,4088.93,4090.91,15495,18,0
2025-11-19 09:00:00,4090.9,4096.87,4084.68,4086.69,13907,18,0
2025-11-19 10:00:00,4086.72,4088.47,4078.01,4083.23,16898,18,0
2025-11-19 11:00:00,4082.97,4116.18,4080.85,4113.32,21491,18,0
2025-11-19 12:00:00,4113.32,4119.01,4106.94,4108.88,20688,18,0
2025-11-19 13:00:00,4109.04,4117.5,4106.45,4112.91,16071,18,0
2025-11-19 14:00:00,4112.88,4119.69,4112.09,4114.37,16347,18,0
2025-11-19 15:00:00,4114.38,4117.68,4100.61,4110.37,28692,18,0
2025-11-19 16:00:00,4110.42,4128.87,4101.82,4127.78,32390,18,0
2025-11-19 17:00:00,4127.77,4132.65,4089.9,4096.44,37071,18,0
2025-11-19 18:00:00,4096.43,4098.36,4067.67,4074.46,39182,18,0
2025-11-19 19:00:00,4074.45,4081.08,4055.48,4078.76,34751,18,0
2025-11-19 20:00:00,4078.73,4091.14,4075.59,4087.03,28293,18,0
2025-11-19 21:00:00,4087.02,4087.09,4069.06,4073.51,28666,18,0
2025-11-19 22:00:00,4073.52,4082.0,4072.18,4076.18,21150,18,0
2025-11-19 23:00:00,4076.21,4084.61,4065.51,4077.68,10720,18,0
2025-11-20 01:00:00,4079.73,4108.11,4077.55,4104.52,11463,18,0
2025-11-20 02:00:00,4104.58,4110.13,4100.32,4102.97,14100,18,0
2025-11-20 03:00:00,4102.91,4109.12,4080.93,4081.32,25248,18,0
2025-11-20 04:00:00,4081.28,4081.57,4039.41,4067.04,28863,18,0
2025-11-20 05:00:00,4067.02,4085.48,4064.72,4072.3,21492,18,0
2025-11-20 06:00:00,4072.33,4080.36,4068.25,4075.49,12715,18,0
2025-11-20 07:00:00,4075.48,4075.9,4064.39,4066.64,18628,18,0
2025-11-20 08:00:00,4066.63,4077.63,4058.63,4068.31,21811,18,0
2025-11-20 09:00:00,4068.28,4076.62,4054.24,4059.96,19646,18,0
2025-11-20 10:00:00,4059.99,4069.49,4038.84,4063.52,28419,18,0
2025-11-20 11:00:00,4063.53,4072.83,4055.63,4064.18,21222,18,0
2025-11-20 12:00:00,4064.19,4068.32,4058.1,4060.04,15398,18,0
2025-11-20 13:00:00,4059.95,4068.35,4051.13,4060.63,17953,18,0
2025-11-20 14:00:00,4060.48,4082.04,4060.06,4081.81,19144,18,0
2025-11-20 15:00:00,4081.82,4096.35,4066.8,4080.21,36290,18,0
2025-11-20 16:00:00,4080.18,4107.14,4072.16,4093.27,38352,18,0
2025-11-20 17:00:00,4093.27,4098.79,4070.26,4070.26,36695,18,0
2025-11-20 18:00:00,4070.22,4082.64,4044.72,4049.11,40292,18,0
2025-11-20 19:00:00,4049.01,4068.41,4043.64,4066.13,40210,18,0
2025-11-20 20:00:00,4066.07,4072.51,4056.23,4060.55,33588,18,0
2025-11-20 21:00:00,4060.55,4087.15,4058.98,4084.62,29438,18,0
2025-11-20 22:00:00,4084.67,4085.07,4073.32,4077.13,23463,18,0
2025-11-20 23:00:00,4077.62,4080.82,4074.24,4076.89,5881,18,0
2025-11-21 01:00:00,4073.01,4088.65,4072.7,4079.07,10196,18,0
2025-11-21 02:00:00,4079.05,4081.19,4071.51,4073.77,10964,18,0
2025-11-21 03:00:00,4073.77,4074.44,4060.4,4068.44,24009,18,0
2025-11-21 04:00:00,4068.42,4079.91,4056.6,4057.19,21107,18,0
2025-11-21 05:00:00,4057.19,4059.28,4049.22,4056.08,20406,18,0
2025-11-21 06:00:00,4056.08,4062.34,4047.68,4051.92,15217,18,0
2025-11-21 07:00:00,4051.92,4059.6,4039.58,4058.33,22226,18,0
2025-11-21 08:00:00,4058.35,4064.75,4029.09,4032.53,25032,18,0
2025-11-21 09:00:00,4032.54,4039.66,4024.76,4031.52,21293,18,0
2025-11-21 10:00:00,4031.51,4048.09,4022.3,4040.95,25714,18,0
2025-11-21 11:00:00,4040.9,4063.4,4040.16,4050.57,24028,18,0
2025-11-21 12:00:00,4050.57,4052.73,4032.19,4037.09,28860,18,0
2025-11-21 13:00:00,4037.01,4046.77,4030.77,4036.47,23393,18,0
2025-11-21 14:00:00,4036.48,4071.79,4034.68,4065.85,31438,18,0
2025-11-21 15:00:00,4065.89,4081.2,4059.27,4079.64,33644,18,0
2025-11-21 16:00:00,4079.63,4083.92,4061.61,4071.76,36290,18,0
2025-11-21 17:00:00,4071.44,4076.83,4055.05,4069.67,41624,18,0
2025-11-21 18:00:00,4069.69,4100.7,4063.05,4099.96,35698,18,0
2025-11-21 19:00:00,4099.8,4101.15,4079.03,4085.44,30861,18,0
2025-11-21 20:00:00,4085.46,4088.27,4076.34,4082.81,28701,18,0
2025-11-21 21:00:00,4082.87,4092.15,4082.64,4087.62,23595,18,0
2025-11-21 22:00:00,4087.61,4088.72,4055.13,4067.24,27177,18,0
2025-11-21 23:00:00,4067.29,4069.03,4054.51,4065.7,8844,18,0
2025-11-24 01:00:00,4068.83,4077.58,4065.7,4075.04,10406,18,0
2025-11-24 02:00:00,4075.0,4075.98,4058.14,4067.28,11885,18,0
2025-11-24 03:00:00,4067.33,4073.09,4042.54,4044.08,24831,18,0
2025-11-24 04:00:00,4044.01,4051.32,4040.46,4043.43,18573,18,0
2025-11-24 05:00:00,4043.44,4057.99,4043.44,4050.25,16720,18,0
2025-11-24 06:00:00,4050.32,4061.0,4042.03,4043.84,16917,18,0
2025-11-24 07:00:00,4043.85,4049.24,4039.89,4046.06,18280,18,0
2025-11-24 08:00:00,4046.06,4058.21,4045.31,4053.27,18186,18,0
2025-11-24 09:00:00,4053.28,4067.7,4051.47,4059.86,18252,18,0
2025-11-24 10:00:00,4059.86,4067.05,4059.55,4063.45,16246,18,0
2025-11-24 11:00:00,4063.31,4074.17,4063.14,4072.19,18269,18,0
2025-11-24 12:00:00,4072.2,4077.25,4063.7,4064.36,15727,18,0
2025-11-24 13:00:00,4064.37,4071.57,4063.5,4069.84,13978,18,0
2025-11-24 14:00:00,4069.85,4084.35,4065.58,4080.78,16379,18,0
2025-11-24 15:00:00,4080.79,4085.56,4073.93,4078.0,21273,18,0
2025-11-24 16:00:00,4078.01,4086.01,4068.24,4081.25,28406,18,0
2025-11-24 17:00:00,4081.24,4093.98,4081.18,4091.98,30143,18,0
2025-11-24 18:00:00,4092.17,4098.98,4090.02,4097.4,21484,18,0
2025-11-24 19:00:00,4097.37,4100.38,4088.94,4093.06,18977,18,0
2025-11-24 20:00:00,4093.07,4125.81,4088.09,4120.6,22368,18,0
2025-11-24 21:00:00,4120.59,4124.22,4114.0,4118.5,17291,18,0
2025-11-24 22:00:00,4118.57,4133.53,4118.1,4132.75,17850,18,0
2025-11-24 23:00:00,4132.71,4140.01,4130.17,4133.95,6616,18,0
2025-11-25 01:00:00,4133.83,4144.59,4125.25,4144.08,11555,18,0
2025-11-25 02:00:00,4143.92,4144.49,4127.51,4129.69,16350,18,0
2025-11-25 03:00:00,4129.67,4138.99,4122.47,4134.49,25152,18,0
2025-11-25 04:00:00,4134.44,4155.88,4132.41,4150.77,21132,18,0
2025-11-25 05:00:00,4150.82,4150.84,4139.42,4143.03,17347,18,0
2025-11-25 06:00:00,4142.97,4148.15,4139.33,4140.58,14293,18,0
2025-11-25 07:00:00,4140.69,4151.79,4140.69,4150.79,16261,18,0
2025-11-25 08:00:00,4150.8,4152.46,4138.6,4141.36,18610,18,0
2025-11-25 09:00:00,4141.36,4145.81,4129.82,4132.29,19762,18,0
2025-11-25 10:00:00,4132.31,4139.22,4109.4,4115.9,22977,18,0
2025-11-25 11:00:00,4115.91,4131.32,4113.84,4128.26,21225,18,0
2025-11-25 12:00:00,4128.28,4138.65,4127.28,4131.28,18734,18,0
2025-11-25 13:00:00,4131.26,4137.12,4127.71,4133.36,17872,18,0
2025-11-25 14:00:00,4133.35,4138.66,4115.75,4129.78,22608,18,0
2025-11-25 15:00:00,4129.79,4150.78,4129.39,4147.79,25557,18,0
2025-11-25 16:00:00,4147.77,4148.65,4110.9,4125.17,31423,18,0
2025-11-25 17:00:00,4125.14,4133.74,4117.79,4122.96,28594,18,0
2025-11-25 18:00:00,4122.83,4141.33,4122.03,4136.21,22800,18,0
2025-11-25 19:00:00,4136.15,4159.24,4135.94,4146.01,28295,18,0
2025-11-25 20:00:00,4146.0,4150.88,4132.51,4134.24,22486,18,0
2025-11-25 21:00:00,4134.26,4140.36,4128.43,4133.64,21549,18,0
2025-11-25 22:00:00,4133.72,4138.25,4130.45,4132.17,15865,18,0
2025-11-25 23:00:00,4132.15,4132.33,4127.52,4130.39,7896,18,0
2025-11-26 01:00:00,4130.93,4136.77,4129.68,4133.57,5393,18,0
2025-11-26 02:00:00,4133.58,4144.55,4132.5,4142.97,11814,18,0
2025-11-26 03:00:00,4143.04,4153.2,4138.63,4148.66,17323,18,0
2025-11-26 04:00:00,4148.66,4167.12,4147.58,4161.82,21004,18,0
2025-11-26 05:00:00,4162.15,4169.8,4160.56,4166.38,14762,18,0
2025-11-26 06:00:00,4166.39,4167.4,4156.8,4162.27,11510,18,0
2025-11-26 07:00:00,4162.28,4169.05,4160.57,4162.72,15237,18,0
2025-11-26 08:00:00,4162.66,4163.14,4146.6,4149.88,16292,18,0
2025-11-26 09:00:00,4149.88,4161.44,4149.09,4157.2,13568,18,0
2025-11-26 10:00:00,4157.18,4168.56,4154.69,4161.0,15903,18,0
2025-11-26 11:00:00,4161.09,4164.56,4156.46,4162.58,13425,18,0
2025-11-26 12:00:00,4162.59,4165.02,4155.87,4159.76,15752,18,0
2025-11-26 13:00:00,4159.77,4172.91,4157.61,4171.41,14607,18,0
2025-11-26 14:00:00,4171.44,4173.3,4148.47,4154.86,20411,18,0
2025-11-26 15:00:00,4154.95,4166.46,4148.7,4153.09,23849,18,0
2025-11-26 16:00:00,4153.1,4156.61,4139.82,4142.1,28408,18,0
2025-11-26 17:00:00,4142.11,4165.74,4136.43,4165.42,28764,18,0
2025-11-26 18:00:00,4165.41,4168.55,4160.78,4167.19,21934,18,0
2025-11-26 19:00:00,4167.22,4169.92,4165.12,4167.22,15565,18,0
2025-11-26 20:00:00,4167.24,4171.73,4158.08,4164.68,19785,18,0
2025-11-26 21:00:00,4164.7,4169.83,4162.54,4163.4,14069,18,0
2025-11-26 22:00:00,4163.36,4167.49,4161.41,4164.12,17799,18,0
2025-11-26 23:00:00,4164.13,4167.38,4162.26,4163.75,7322,18,0
2025-11-27 01:00:00,4162.34,4168.62,4162.34,4164.72,7046,18,0
2025-11-27 02:00:00,4164.68,4166.98,4161.71,4164.33,7883,18,0
2025-11-27 03:00:00,4164.33,4165.21,4148.44,4154.0,23580,18,0
2025-11-27 04:00:00,4154.01,4155.99,4144.36,4145.26,17541,18,0
2025-11-27 05:00:00,4145.22,4150.37,4144.05,4147.13,13228,18,0
2025-11-27 06:00:00,4147.06,4154.43,4142.44,4150.47,13039,18,0
2025-11-27 07:00:00,4150.44,4154.52,4144.62,4146.81,13421,18,0
2025-11-27 08:00:00,4146.81,4159.04,4146.68,4157.23,17185,18,0
2025-11-27 09:00:00,4157.22,4162.24,4155.42,4159.84,15375,18,0
2025-11-27 10:00:00,4159.9,4167.13,4159.38,4165.85,15484,18,0
2025-11-27 11:00:00,4165.78,4165.96,4148.06,4158.5,17504,18,0
2025-11-27 12:00:00,4158.49,4160.32,4152.24,4156.25,14768,18,0
2025-11-27 13:00:00,4156.24,4162.31,4155.74,4157.22,11209,18,0
2025-11-27 14:00:00,4157.23,4158.9,4153.26,4153.76,8653,18,0
2025-11-27 15:00:00,4153.72,4157.75,4148.93,4154.81,19745,18,0
2025-11-27 16:00:00,4154.79,4160.49,4152.71,4153.04,16749,18,0
2025-11-27 17:00:00,4153.08,4161.64,4152.78,4157.82,13755,18,0
2025-11-27 18:00:00,4157.83,4158.24,4151.23,4156.09,9044,18,0
2025-11-27 19:00:00,4156.1,4158.96,4154.55,4157.59,4723,18,0
2025-11-27 20:00:00,4157.58,4159.78,4155.63,4159.1,6697,18,0
2025-11-27 21:00:00,4159.09,4160.36,4158.99,4159.55,1776,18,0
2025-11-28 01:00:00,4159.71,4163.79,4158.18,4163.23,3463,18,0
2025-11-28 02:00:00,4163.25,4183.14,4163.02,4180.65,13909,18,0
2025-11-28 03:00:00,4180.61,4193.2,4180.58,4191.4,19998,18,0
2025-11-28 04:00:00,4191.38,4192.03,4186.1,4189.74,12994,18,0
2025-11-28 05:00:00,4189.39,4192.01,4182.81,4184.04,3165,18,0
2025-11-28 06:00:00,4184.04,4188.94,4178.44,4188.79,4678,18,0
2025-11-28 07:00:00,4188.61,4188.96,4131.64,4182.62,5562,18,0
2025-11-28 08:00:00,4182.4,4188.86,4182.04,4187.59,4471,18,0
2025-11-28 09:00:00,4187.6,4188.04,4174.22,4174.86,3242,18,0
2025-11-28 10:00:00,4174.77,4179.32,4151.92,4168.19,3171,18,0
2025-11-28 11:00:00,4164.2,4165.98,4154.39,4164.04,1663,250,0
2025-11-28 12:00:00,4163.99,4177.32,4159.86,4163.08,3792,38,0
2025-11-28 13:00:00,4162.94,4180.35,4162.24,4171.43,6433,38,0
2025-11-28 14:00:00,4170.63,4176.81,4167.26,4175.56,2412,39,0
2025-11-28 15:00:00,4175.55,4182.88,4168.27,4182.44,4344,18,0
2025-11-28 16:00:00,4182.52,4208.35,4182.52,4197.49,14863,18,0
2025-11-28 17:00:00,4197.49,4203.8,4186.01,4203.71,11069,19,0
2025-11-28 18:00:00,4203.71,4211.09,4198.14,4205.91,9730,19,0
2025-11-28 19:00:00,4206.02,4216.62,4204.92,4216.49,9486,19,0
2025-11-28 20:00:00,4216.48,4225.99,4211.14,4220.04,9450,19,0
2025-11-28 21:00:00,4219.99,4221.17,4216.1,4217.37,3286,19,0
2025-12-01 01:00:00,4227.93,4230.46,4205.71,4221.85,24849,18,0
2025-12-01 02:00:00,4221.83,4233.54,4218.36,4230.79,31985,18,0
2025-12-01 03:00:00,4230.77,4256.18,4219.71,4255.59,39770,18,0
2025-12-01 04:00:00,4255.61,4256.66,4234.29,4242.8,32474,18,0
2025-12-01 05:00:00,4242.81,4243.76,4232.49,4238.97,26436,18,0
2025-12-01 06:00:00,4239.01,4246.98,4236.17,4245.67,23145,18,0
2025-12-01 07:00:00,4245.68,4246.66,4215.23,4229.42,34079,18,0
2025-12-01 08:00:00,4229.51,4240.33,4226.18,4236.74,27718,18,0
2025-12-01 09:00:00,4236.77,4246.36,4231.61,4245.12,11021,18,0
2025-12-01 10:00:00,4244.97,4253.43,4238.86,4244.59,13059,19,0
2025-12-01 11:00:00,4244.59,4251.56,4243.63,4249.77,10632,19,0
2025-12-01 12:00:00,4249.77,4262.23,4248.94,4255.81,12263,19,0
2025-12-01 13:00:00,4255.8,4257.99,4248.02,4254.16,17363,18,0
2025-12-01 14:00:00,4254.04,4256.15,4244.12,4246.42,24392,18,0
2025-12-01 15:00:00,4246.24,4264.63,4245.48,4247.28,31002,18,0
2025-12-01 16:00:00,4247.29,4249.12,4219.58,4239.96,35741,18,0
2025-12-01 17:00:00,4240.14,4244.8,4219.43,4232.37,37969,18,0
2025-12-01 18:00:00,4232.34,4242.29,4225.08,4226.09,35968,18,0
2025-12-01 19:00:00,4226.09,4239.89,4223.27,4232.31,29384,18,0
2025-12-01 20:00:00,4232.39,4244.48,4232.38,4240.2,24509,18,0
2025-12-01 21:00:00,4240.2,4243.59,4229.24,4236.95,26335,18,0
2025-12-01 22:00:00,4236.96,4241.47,4234.47,4237.3,18916,18,0
2025-12-01 23:00:00,4237.24,4240.48,4229.86,4231.69,9661,18,0
2025-12-02 01:00:00,4229.06,4235.75,4224.34,4227.26,10450,18,0
2025-12-02 02:00:00,4227.33,4229.4,4221.37,4226.54,14484,18,0
2025-12-02 03:00:00,4226.66,4227.02,4199.22,4219.44,30352,18,0
2025-12-02 04:00:00,4219.37,4224.29,4214.21,4221.44,18726,18,0
2025-12-02 05:00:00,4221.43,4226.3,4215.65,4216.68,16087,18,0
2025-12-02 06:00:00,4216.68,4220.58,4213.73,4218.54,12568,18,0
2025-12-02 07:00:00,4218.56,4225.24,4215.02,4224.84,15445,18,0
2025-12-02 08:00:00,4224.87,4226.37,4202.98,4212.62,21918,18,0
2025-12-02 09:00:00,4212.62,4219.15,4209.41,4213.16,12678,18,0
2025-12-02 10:00:00,4213.17,4216.94,4206.88,4210.06,15304,18,0
2025-12-02 11:00:00,4210.05,4212.96,4180.92,4191.66,19559,18,0
2025-12-02 12:00:00,4191.61,4192.06,4181.98,4185.53,15121,18,0
2025-12-02 13:00:00,4185.52,4205.8,4184.68,4205.39,13280,18,0
2025-12-02 14:00:00,4205.39,4209.39,4200.95,4208.55,13245,18,0
2025-12-02 15:00:00,4208.56,4215.13,4201.97,4212.35,25343,18,0
2025-12-02 16:00:00,4212.35,4230.8,4212.22,4219.03,34455,18,0
2025-12-02 17:00:00,4218.95,4219.6,4163.55,4169.21,38901,18,0
2025-12-02 18:00:00,4169.24,4190.03,4166.68,4184.56,32529,18,0
2025-12-02 19:00:00,4184.56,4196.69,4184.4,4193.71,21761,18,0
2025-12-02 20:00:00,4193.69,4196.9,4183.21,4190.77,22411,18,0
2025-12-02 21:00:00,4190.77,4200.43,4190.77,4196.46,15310,18,0
2025-12-02 22:00:00,4196.45,4212.26,4194.9,4210.17,16472,18,0
2025-12-02 23:00:00,4209.98,4211.69,4205.07,4205.46,7097,18,0
2025-12-03 01:00:00,4205.88,4216.01,4202.73,4212.82,12298,18,0
2025-12-03 02:00:00,4212.86,4212.94,4204.39,4211.73,17777,18,0
2025-12-03 03:00:00,4212.05,4221.03,4211.57,4214.39,27030,18,0
2025-12-03 04:00:00,4214.35,4228.98,4214.18,4226.64,22182,18,0
2025-12-03 05:00:00,4226.64,4227.5,4220.07,4221.12,15255,18,0
2025-12-03 06:00:00,4221.11,4225.23,4217.37,4222.27,10964,18,0
2025-12-03 07:00:00,4222.37,4223.87,4203.36,4207.55,23094,18,0
2025-12-03 08:00:00,4207.53,4211.51,4204.68,4207.92,20328,18,0
2025-12-03 09:00:00,4207.92,4209.97,4200.0,4206.22,15245,18,0
2025-12-03 10:00:00,4206.41,4209.94,4203.6,4206.29,18214,18,0
2025-12-03 11:00:00,4206.28,4207.42,4196.92,4201.98,16920,18,0
2025-12-03 12:00:00,4201.96,4204.6,4194.37,4200.31,18086,18,0
2025-12-03 13:00:00,4200.36,4208.99,4196.99,4208.55,16318,18,0
2025-12-03 14:00:00,4208.55,4214.14,4204.98,4213.27,19099,18,0
2025-12-03 15:00:00,4213.29,4238.52,4211.24,4237.28,29180,18,0
2025-12-03 16:00:00,4237.27,4241.58,4205.02,4212.41,38898,18,0
2025-12-03 17:00:00,4212.39,4229.19,4205.95,4216.27,32843,18,0
2025-12-03 18:00:00,4216.27,4224.88,4195.7,4200.68,31067,18,0
2025-12-03 19:00:00,4200.69,4215.48,4200.16,4211.15,25627,18,0
2025-12-03 20:00:00,4211.16,4211.59,4195.03,4196.84,24133,18,0
2025-12-03 21:00:00,4196.85,4209.79,4196.82,4207.69,18991,18,0
2025-12-03 22:00:00,4207.69,4212.68,4203.61,4206.16,18730,18,0
2025-12-03 23:00:00,4206.18,4210.02,4202.43,4202.44,8622,18,0
2025-12-04 01:00:00,4204.67,4208.9,4202.48,4207.07,6579,18,0
2025-12-04 02:00:00,4207.06,4215.69,4204.22,4211.45,13002,18,0
2025-12-04 03:00:00,4211.44,4216.7,4205.62,4208.95,28483,18,0
2025-12-04 04:00:00,4208.91,4208.95,4198.64,4200.25,23737,18,0
2025-12-04 05:00:00,4200.25,4201.3,4187.2,4195.59,22290,18,0
2025-12-04 06:00:00,4195.54,4198.94,4192.68,4196.76,15048,18,0
2025-12-04 07:00:00,4196.77,4198.75,4174.71,4180.83,24686,18,0
2025-12-04 08:00:00,4180.86,4190.05,4178.32,4189.99,27125,18,0
2025-12-04 09:00:00,4189.98,4194.84,4186.64,4193.95,19093,18,0
2025-12-04 10:00:00,4193.96,4196.3,4184.66,4184.81,26214,18,0
2025-12-04 11:00:00,4184.78,4202.03,4183.33,4199.71,20725,18,0
2025-12-04 12:00:00,4199.7,4202.56,4196.65,4197.16,17356,18,0
2025-12-04 13:00:00,4197.17,4206.39,4196.91,4198.27,15734,18,0
2025-12-04 14:00:00,4198.16,4201.65,4188.46,4190.22,22723,18,0
2025-12-04 15:00:00,4190.25,4198.32,4185.31,4198.13,30187,18,0
2025-12-04 16:00:00,4198.12,4213.31,4193.56,4201.18,36653,18,0
2025-12-04 17:00:00,4200.84,4210.02,4191.26,4207.36,35519,18,0
2025-12-04 18:00:00,4207.39,4219.49,4206.57,4215.69,28218,18,0
2025-12-04 19:00:00,4215.69,4217.5,4208.81,4216.51,21180,18,0
2025-12-04 20:00:00,4216.5,4217.45,4207.24,4207.86,22594,18,0
2025-12-04 21:00:00,4207.91,4210.14,4199.44,4208.85,23792,18,0
2025-12-04 22:00:00,4208.85,4210.26,4205.39,4209.81,19169,18,0
2025-12-04 23:00:00,4209.81,4210.1,4207.74,4208.36,6133,18,0
2025-12-05 01:00:00,4207.36,4209.54,4203.11,4205.28,6762,18,0
2025-12-05 02:00:00,4205.3,4209.59,4201.41,4201.88,11985,18,0
2025-12-05 03:00:00,4201.88,4204.91,4195.57,4203.31,23324,18,0
2025-12-05 04:00:00,4203.28,4208.36,4196.44,4207.2,18525,18,0
2025-12-05 05:00:00,4207.27,4210.97,4201.43,4209.55,17921,18,0
2025-12-05 06:00:00,4209.55,4217.39,4207.97,4216.77,13330,18,0
2025-12-05 07:00:00,4216.78,4221.22,4214.43,4220.61,16245,18,0
2025-12-05 08:00:00,4220.58,4229.51,4218.7,4224.57,20620,18,0
2025-12-05 09:00:00,4224.67,4231.09,4222.85,4224.79,14571,18,0
2025-12-05 10:00:00,4224.78,4227.32,4220.69,4220.73,15969,18,0
2025-12-05 11:00:00,4220.7,4225.11,4216.0,4223.34,13224,18,0
2025-12-05 12:00:00,4223.33,4227.55,4222.58,4222.92,10293,18,0
2025-12-05 13:00:00,4222.95,4225.75,4220.07,4223.66,8573,18,0
2025-12-05 14:00:00,4223.75,4229.74,4223.04,4228.85,16303,18,0
2025-12-05 15:00:00,4228.9,4239.26,4221.52,4234.82,27318,18,0
2025-12-05 16:00:00,4234.72,4245.64,4228.67,4242.24,31423,18,0
2025-12-05 17:00:00,4242.27,4259.38,4234.22,4243.65,34079,18,0
2025-12-05 18:00:00,4243.76,4245.76,4198.5,4214.07,39225,18,0
2025-12-05 19:00:00,4213.98,4219.66,4206.35,4217.4,25712,18,0
2025-12-05 20:00:00,4217.3,4219.05,4206.7,4208.7,22820,18,0
2025-12-05 21:00:00,4208.69,4210.73,4202.2,4207.4,16781,18,0
2025-12-05 22:00:00,4207.43,4207.55,4199.05,4201.84,26068,18,0
2025-12-05 23:00:00,4201.85,4202.14,4191.77,4195.72,13569,18,0
2025-12-08 01:00:00,4197.09,4208.17,4193.88,4201.0,5335,18,0
2025-12-08 02:00:00,4201.02,4211.42,4199.24,4210.49,17018,18,0
2025-12-08 03:00:00,4210.48,4211.37,4197.42,4200.93,29652,18,0
2025-12-08 04:00:00,4200.89,4212.36,4198.37,4208.24,22612,18,0
2025-12-08 05:00:00,4208.23,4213.12,4206.55,4209.78,17042,18,0
2025-12-08 06:00:00,4209.76,4213.07,4206.83,4208.54,12737,18,0
2025-12-08 07:00:00,4208.52,4217.02,4204.33,4216.96,15085,18,0
2025-12-08 08:00:00,4216.96,4218.93,4212.12,4216.85,18011,18,0
2025-12-08 09:00:00,4216.86,4217.29,4206.06,4206.54,16413,18,0
2025-12-08 10:00:00,4206.56,4216.39,4202.8,4209.59,16884,18,0
2025-12-08 11:00:00,4209.56,4212.56,4204.04,4207.77,16499,18,0
2025-12-08 12:00:00,4207.74,4210.05,4200.84,4203.19,13828,18,0
2025-12-08 13:00:00,4203.16,4213.73,4198.86,4208.36,13095,18,0
2025-12-08 14:00:00,4208.45,4215.34,4208.25,4213.66,14177,18,0
2025-12-08 15:00:00,4213.65,4214.63,4197.63,4201.49,29405,18,0
2025-12-08 16:00:00,4201.51,4211.53,4195.35,4196.35,31883,18,0
2025-12-08 17:00:00,4196.34,4196.57,4175.82,4182.62,34756,18,0
2025-12-08 18:00:00,4182.63,4197.66,4176.8,4191.25,25765,18,0
2025-12-08 19:00:00,4191.4,4195.55,4185.42,4194.62,21235,18,0
2025-12-08 20:00:00,4194.67,4195.53,4184.26,4187.0,20536,18,0
2025-12-08 21:00:00,4187.0,4188.59,4183.96,4186.89,17166,18,0
2025-12-08 22:00:00,4186.81,4195.39,4184.7,4191.28,17800,18,0
2025-12-08 23:00:00,4191.3,4193.03,4188.08,4190.16,6470,18,0
2025-12-09 01:00:00,4190.65,4195.26,4190.22,4194.13,5819,18,0
2025-12-09 02:00:00,4194.06,4194.87,4189.15,4189.62,11578,18,0
2025-12-09 03:00:00,4189.62,4196.73,4188.05,4195.34,25472,18,0
2025-12-09 04:00:00,4195.36,4196.39,4186.99,4190.34,18827,18,0
2025-12-09 05:00:00,4190.37,4198.23,4190.37,4194.37,13946,18,0
2025-12-09 06:00:00,4194.36,4195.56,4184.32,4186.68,15570,18,0
2025-12-09 07:00:00,4186.71,4187.06,4177.84,4179.54,21897,18,0
2025-12-09 08:00:00,4179.58,4183.81,4169.75,4181.87,22607,18,0
2025-12-09 09:00:00,4181.9,4185.56,4175.59,4182.16,21256,18,0
2025-12-09 10:00:00,4182.14,4191.83,4182.14,4191.74,18604,18,0
2025-12-09 11:00:00,4191.8,4213.06,4190.85,4202.91,26861,18,0
2025-12-09 12:00:00,4203.08,4208.52,4201.47,4204.23,21738,18,0
2025-12-09 13:00:00,4204.23,4206.64,4201.46,4203.25,15457,18,0
2025-12-09 14:00:00,4203.26,4207.64,4198.66,4204.25,17130,26,0
2025-12-09 15:00:00,4204.26,4208.19,4195.78,4201.37,29844,26,0
2025-12-09 16:00:00,4201.35,4210.37,4189.27,4204.79,32749,26,0
2025-12-09 17:00:00,4204.81,4216.42,4189.86,4212.56,36960,30,0
2025-12-09 18:00:00,4212.49,4221.49,4210.2,4212.54,32681,30,0
2025-12-09 19:00:00,4212.49,4216.33,4201.53,4202.97,27844,30,0
2025-12-09 20:00:00,4202.94,4209.67,4201.23,4208.94,24127,30,0
2025-12-09 21:00:00,4208.89,4214.37,4207.24,4212.45,21209,30,0
2025-12-09 22:00:00,4212.43,4215.92,4208.87,4212.17,20812,30,0
2025-12-09 23:00:00,4212.17,4212.99,4206.93,4208.25,17476,30,0
2025-12-10 01:00:00,4208.84,4212.92,4207.76,4210.77,5828,32,0
2025-12-10 02:00:00,4210.76,4212.56,4206.87,4208.19,10881,32,0
2025-12-10 03:00:00,4208.2,4218.12,4206.78,4213.86,25850,32,0
2025-12-10 04:00:00,4213.87,4218.98,4211.62,4217.33,19521,32,0
2025-12-10 05:00:00,4217.34,4217.43,4203.35,4205.77,17271,32,0
2025-12-10 06:00:00,4205.76,4209.08,4204.74,4207.82,8009,32,0
2025-12-10 07:00:00,4207.78,4213.78,4202.22,4210.71,18570,32,0
2025-12-10 08:00:00,4210.71,4210.93,4202.76,4207.07,20519,32,0
2025-12-10 09:00:00,4207.06,4209.14,4202.87,4203.0,15554,30,0
2025-12-10 10:00:00,4202.95,4206.22,4196.82,4197.69,18980,30,0
2025-12-10 11:00:00,4197.68,4200.34,4192.38,4194.09,21505,30,0
2025-12-10 12:00:00,4194.09,4196.08,4187.54,4192.94,20894,30,0
2025-12-10 13:00:00,4192.99,4197.57,4192.28,4197.12,13836,30,0
2025-12-10 14:00:00,4197.13,4201.98,4195.09,4196.2,17977,30,0
2025-12-10 15:00:00,4196.19,4204.88,4192.77,4200.57,28013,30,0
2025-12-10 16:00:00,4200.56,4206.87,4191.25,4192.23,32072,30,0
2025-12-10 17:00:00,4192.28,4201.05,4188.74,4193.41,29737,30,0
2025-12-10 18:00:00,4193.49,4204.93,4192.61,4204.69,21959,30,0
2025-12-10 19:00:00,4204.62,4204.77,4196.74,4199.51,18947,30,0
2025-12-10 20:00:00,4199.57,4200.44,4191.8,4194.27,18157,30,0
2025-12-10 21:00:00,4194.2,4219.73,4181.85,4216.4,36190,34,0
2025-12-10 22:00:00,4216.31,4238.77,4211.07,4229.74,32591,34,0
2025-12-10 23:00:00,4229.73,4232.6,4221.26,4228.52,10771,34,0
2025-12-11 01:00:00,4229.68,4234.8,4224.03,4233.13,8557,36,0
2025-12-11 02:00:00,4233.07,4245.19,4232.15,4236.4,15629,36,0
2025-12-11 03:00:00,4236.45,4246.93,4233.32,4239.12,27380,36,0
2025-12-11 04:00:00,4239.08,4241.57,4220.37,4221.65,22554,36,0
2025-12-11 05:00:00,4221.61,4224.19,4208.62,4217.63,21433,36,0
2025-12-11 06:00:00,4217.64,4217.71,4208.49,4213.81,14116,36,0
2025-12-11 07:00:00,4213.71,4216.91,4205.88,4207.22,16221,36,0
2025-12-11 08:00:00,4207.25,4216.19,4204.03,4214.07,18876,36,0
2025-12-11 09:00:00,4214.06,4218.22,4209.83,4215.73,13224,34,0
2025-12-11 10:00:00,4215.74,4219.48,4212.61,4216.44,15689,30,0
2025-12-11 11:00:00,4216.43,4221.42,4210.22,4218.37,16101,30,0
2025-12-11 12:00:00,4218.38,4225.82,4211.5,4216.66,16519,30,0
2025-12-11 13:00:00,4216.66,4218.83,4209.45,4210.95,10604,30,0
2025-12-11 14:00:00,4210.92,4220.28,4208.54,4220.27,14951,30,0
2025-12-11 15:00:00,4220.28,4224.15,4205.09,4221.83,25307,30,0
2025-12-11 16:00:00,4221.88,4244.65,4218.26,4230.21,31785,30,0
2025-12-11 17:00:00,4230.21,4261.72,4226.22,4256.26,34005,30,0
2025-12-11 18:00:00,4256.38,4279.31,4250.53,4273.93,31094,30,0
2025-12-11 19:00:00,4273.94,4282.17,4272.54,4279.01,25952,30,0
2025-12-11 20:00:00,4278.88,4286.26,4267.07,4268.47,22265,30,0
2025-12-11 21:00:00,4268.51,4280.06,4263.5,4273.92,19657,30,0
2025-12-11 22:00:00,4273.92,4276.73,4264.61,4276.63,19646,30,0
2025-12-11 23:00:00,4276.62,4284.07,4272.97,4280.18,7709,30,0
2025-12-12 01:00:00,4281.76,4283.67,4272.52,4276.68,8459,32,0
2025-12-12 02:00:00,4276.67,4280.26,4269.03,4269.51,12757,32,0
2025-12-12 03:00:00,4269.57,4276.35,4264.78,4271.23,26505,32,0
2025-12-12 04:00:00,4271.16,4277.15,4269.79,4270.85,19236,32,0
2025-12-12 05:00:00,4270.85,4274.89,4269.03,4270.95,13920,32,0
2025-12-12 06:00:00,4270.92,4271.33,4266.55,4266.71,11192,32,0
2025-12-12 07:00:00,4266.72,4280.89,4266.37,4279.26,16138,32,0
2025-12-12 08:00:00,4279.27,4283.5,4277.06,4283.16,17997,32,0
2025-12-12 09:00:00,4283.12,4290.84,4281.76,4287.41,15535,30,0
2025-12-12 10:00:00,4287.42,4309.24,4287.31,4307.72,20141,30,0
2025-12-12 11:00:00,4307.67,4320.5,4306.47,4317.94,21870,30,0
2025-12-12 12:00:00,4317.99,4330.87,4315.11,4329.03,22035,30,0
2025-12-12 13:00:00,4329.07,4339.49,4325.93,4336.74,21025,30,0
2025-12-12 14:00:00,4336.83,4339.5,4325.07,4326.09,23065,30,0
2025-12-12 15:00:00,4326.1,4346.31,4321.65,4341.1,31051,30,0
2025-12-12 16:00:00,4341.11,4353.6,4331.16,4347.08,35448,30,0
2025-12-12 17:00:00,4347.07,4351.63,4283.25,4290.44,45334,30,0
2025-12-12 18:00:00,4290.2,4296.63,4257.65,4281.92,46471,30,0
2025-12-12 19:00:00,4281.77,4298.29,4271.12,4294.25,34486,30,0
2025-12-12 20:00:00,4294.63,4303.59,4290.58,4295.02,26088,30,0
2025-12-12 21:00:00,4295.04,4299.74,4289.81,4296.61,19553,30,0
2025-12-12 22:00:00,4296.55,4302.95,4288.56,4299.34,20694,30,0
2025-12-12 23:00:00,4299.38,4304.2,4298.25,4300.23,8864,30,0
2025-12-15 01:00:00,4294.28,4308.51,4294.28,4302.45,12002,32,0
2025-12-15 02:00:00,4302.58,4307.99,4300.17,4307.51,10918,32,0
2025-12-15 03:00:00,4307.56,4325.72,4305.71,4322.55,24828,32,0
2025-12-15 04:00:00,4322.55,4329.26,4320.85,4326.46,18835,32,0
2025-12-15 05:00:00,4326.45,4329.72,4319.43,4327.28,19850,32,0
2025-12-15 06:00:00,4327.26,4330.02,4323.19,4326.08,14417,32,0
2025-12-15 07:00:00,4326.07,4344.39,4324.71,4343.61,19161,32,0
2025-12-15 08:00:00,4343.6,4347.5,4339.76,4343.89,20002,32,0
2025-12-15 09:00:00,4343.91,4344.83,4333.68,4339.4,16915,30,0
2025-12-15 10:00:00,4339.23,4349.08,4339.02,4347.11,17190,30,0
2025-12-15 11:00:00,4347.09,4350.39,4342.48,4342.65,16238,14,0
2025-12-15 12:00:00,4342.71,4348.24,4337.79,4339.68,14876,18,0
2025-12-15 13:00:00,4339.69,4344.79,4335.5,4343.87,13806,18,0
2025-12-15 14:00:00,4343.86,4348.55,4343.06,4345.96,18639,18,0
2025-12-15 15:00:00,4345.92,4346.5,4330.93,4332.26,28874,18,0
2025-12-15 16:00:00,4332.3,4336.79,4317.44,4323.72,36108,18,0
2025-12-15 17:00:00,4323.74,4327.78,4311.73,4318.24,38432,18,0
2025-12-15 18:00:00,4318.23,4318.85,4285.12,4297.4,37441,18,0
2025-12-15 19:00:00,4297.4,4306.4,4290.63,4304.29,28339,18,0
2025-12-15 20:00:00,4304.32,4313.58,4299.83,4313.03,23707,18,0
2025-12-15 21:00:00,4313.02,4317.65,4307.81,4314.04,19508,18,0
2025-12-15 22:00:00,4314.09,4314.28,4299.47,4304.35,19210,18,0
2025-12-15 23:00:00,4304.36,4305.63,4300.68,4305.29,6410,18,0
2025-12-16 01:00:00,4307.72,4309.57,4303.22,4304.0,10192,18,0
2025-12-16 02:00:00,4304.09,4313.12,4302.69,4307.57,13278,18,0
2025-12-16 03:00:00,4307.58,4317.8,4299.06,4308.82,28098,18,0
2025-12-16 04:00:00,4308.83,4312.07,4286.46,4289.56,26613,18,0
2025-12-16 05:00:00,4289.48,4294.27,4280.57,4290.66,24721,18,0
2025-12-16 06:00:00,4290.65,4292.03,4286.46,4288.97,15088,18,0
2025-12-16 07:00:00,4288.97,4292.13,4271.3,4283.94,23049,18,0
2025-12-16 08:00:00,4284.01,4292.03,4282.57,4289.26,20860,18,0
2025-12-16 09:00:00,4289.31,4289.85,4279.48,4287.44,17730,18,0
2025-12-16 10:00:00,4287.46,4289.12,4275.03,4284.44,19159,18,0
2025-12-16 11:00:00,4284.42,4285.66,4276.38,4280.21,15135,18,0
2025-12-16 12:00:00,4280.24,4284.07,4274.65,4277.1,14957,18,0
2025-12-16 13:00:00,4277.09,4279.44,4273.61,4278.3,13560,18,0
2025-12-16 14:00:00,4278.32,4294.79,4276.61,4294.38,19043,18,0
2025-12-16 15:00:00,4294.39,4313.21,4290.72,4312.94,29420,18,0
2025-12-16 16:00:00,4312.95,4332.21,4311.32,4324.57,33204,18,0
2025-12-16 17:00:00,4324.5,4335.11,4312.45,4319.83,34383,18,0
2025-12-16 18:00:00,4319.77,4323.22,4291.26,4300.53,30683,18,0
2025-12-16 19:00:00,4300.52,4310.8,4300.27,4303.58,24692,18,0
2025-12-16 20:00:00,4303.56,4313.54,4298.12,4311.26,26293,18,0
2025-12-16 21:00:00,4311.25,4315.92,4297.23,4310.55,21406,18,0
2025-12-16 22:00:00,4310.49,4314.42,4302.77,4304.63,15187,18,0
2025-12-16 23:00:00,4304.61,4305.43,4300.67,4302.15,5638,18,0
2025-12-17 01:00:00,4301.94,4309.0,4301.13,4307.55,5880,18,0
2025-12-17 02:00:00,4307.62,4314.93,4307.24,4313.09,7205,18,0
2025-12-17 03:00:00,4313.08,4326.83,4311.37,4326.7,29162,18,0
2025-12-17 04:00:00,4326.69,4327.82,4311.1,4314.25,22426,18,0
2025-12-17 05:00:00,4314.24,4325.03,4312.59,4323.67,18846,18,0
2025-12-17 06:00:00,4323.75,4331.5,4320.5,4329.66,12691,18,0
2025-12-17 07:00:00,4329.67,4343.52,4328.1,4335.01,21684,18,0
2025-12-17 08:00:00,4335.11,4338.75,4323.69,4327.63,20934,18,0
2025-12-17 09:00:00,4327.59,4327.66,4316.29,4318.21,18444,18,0
2025-12-17 10:00:00,4318.2,4320.98,4308.04,4319.43,18940,18,0
2025-12-17 11:00:00,4319.41,4323.92,4314.92,4315.88,14055,18,0
2025-12-17 12:00:00,4315.88,4321.98,4306.5,4317.54,15221,18,0
2025-12-17 13:00:00,4317.61,4320.35,4314.94,4316.18,12861,18,0
2025-12-17 14:00:00,4316.22,4323.06,4314.8,4317.34,14212,18,0
2025-12-17 15:00:00,4317.41,4344.09,4314.84,4342.12,28821,18,0
2025-12-17 16:00:00,4342.12,4345.99,4322.96,4338.21,38996,18,0
2025-12-17 17:00:00,4338.22,4349.15,4324.21,4330.24,38444,18,0
2025-12-17 18:00:00,4330.44,4337.52,4320.28,4333.37,35329,18,0
2025-12-17 19:00:00,4333.38,4342.5,4328.47,4342.5,29039,18,0
2025-12-17 20:00:00,4342.52,4346.57,4329.01,4336.03,29027,18,0
2025-12-17 21:00:00,4336.02,4341.04,4330.36,4337.05,20345,18,0
2025-12-17 22:00:00,4337.09,4346.06,4335.31,4341.34,19190,18,0
2025-12-17 23:00:00,4341.34,4346.28,4338.26,4338.43,6661,18,0
2025-12-18 01:00:00,4337.6,4342.51,4335.76,4338.01,6806,18,0
2025-12-18 02:00:00,4337.91,4341.79,4331.98,4333.7,14020,18,0
2025-12-18 03:00:00,4333.71,4335.93,4323.33,4332.29,30184,18,0
2025-12-18 04:00:00,4332.32,4338.53,4330.7,4333.63,23371,18,0
2025-12-18 05:00:00,4333.6,4335.83,4330.63,4333.1,20333,18,0
2025-12-18 06:00:00,4333.08,4333.46,4328.66,4331.87,14419,18,0
2025-12-18 07:00:00,4331.84,4337.45,4331.11,4333.24,21262,18,0
2025-12-18 08:00:00,4333.28,4335.97,4330.65,4333.95,26400,18,0
2025-12-18 09:00:00,4333.94,4337.63,4329.91,4331.41,13409,18,0
2025-12-18 10:00:00,4330.95,4332.49,4321.76,4326.5,14638,18,0
2025-12-18 11:00:00,4326.32,4328.47,4320.55,4323.24,15804,18,0
2025-12-18 12:00:00,4323.21,4327.45,4321.7,4325.05,12678,18,0
2025-12-18 13:00:00,4325.06,4328.44,4324.16,4325.34,10727,18,0
2025-12-18 14:00:00,4325.34,4326.33,4317.19,4320.76,13889,18,0
2025-12-18 15:00:00,4320.54,4342.97,4314.63,4336.61,30577,18,0
2025-12-18 16:00:00,4336.48,4341.43,4308.5,4328.51,38038,18,0
2025-12-18 17:00:00,4328.55,4341.64,4325.03,4338.25,37650,18,0
2025-12-18 18:00:00,4338.28,4374.69,4337.87,4360.56,35613,18,0
2025-12-18 19:00:00,4360.58,4363.7,4321.93,4333.18,37371,18,0
2025-12-18 20:00:00,4333.24,4341.25,4325.63,4331.64,28257,18,0
2025-12-18 21:00:00,4331.58,4334.69,4322.75,4324.87,26569,18,0
2025-12-18 22:00:00,4324.87,4338.22,4324.43,4334.88,24676,18,0
2025-12-18 23:00:00,4334.86,4334.86,4328.68,4332.12,7966,18,0
2025-12-19 01:00:00,4334.08,4336.68,4333.51,4334.2,4432,18,0
2025-12-19 02:00:00,4334.19,4334.9,4324.97,4325.31,7361,18,0
2025-12-19 03:00:00,4325.31,4327.76,4308.07,4322.39,23309,18,0
2025-12-19 04:00:00,4322.43,4326.97,4312.88,4314.34,13905,18,0
2025-12-19 05:00:00,4314.32,4318.35,4309.1,4316.05,13836,18,0
2025-12-19 06:00:00,4316.05,4321.38,4315.39,4321.15,12749,18,0
2025-12-19 07:00:00,4321.15,4327.7,4316.22,4324.68,16838,18,0
2025-12-19 08:00:00,4324.66,4328.1,4321.48,4327.04,21144,18,0
2025-12-19 09:00:00,4327.05,4329.52,4321.31,4322.5,14936,18,0
2025-12-19 10:00:00,4322.4,4330.73,4320.84,4325.86,13971,18,0
2025-12-19 11:00:00,4325.83,4333.39,4324.26,4329.28,13557,18,0
2025-12-19 12:00:00,4329.18,4331.62,4322.28,4327.69,14253,18,0
2025-12-19 13:00:00,4327.69,4329.25,4325.07,4326.97,17938,18,0
2025-12-19 14:00:00,4327.1,4328.64,4320.5,4326.5,16612,18,0
2025-12-19 15:00:00,4326.5,4335.26,4325.87,4328.23,24753,18,0
2025-12-19 16:00:00,4328.22,4337.93,4319.77,4332.52,34386,18,0
2025-12-19 17:00:00,4332.58,4349.27,4332.12,4347.96,34332,18,0
2025-12-19 18:00:00,4348.24,4354.78,4342.26,4349.92,27714,18,0
2025-12-19 19:00:00,4349.7,4356.25,4347.24,4353.75,21473,18,0
2025-12-19 20:00:00,4353.71,4356.81,4343.4,4348.76,20457,18,0
2025-12-19 21:00:00,4348.76,4350.83,4345.29,4345.39,13565,18,0
2025-12-19 22:00:00,4345.4,4346.51,4336.79,4339.62,15527,18,0
2025-12-19 23:00:00,4339.63,4340.16,4336.66,4338.44,5189,18,0
2025-12-22 01:00:00,4338.47,4356.39,4337.85,4355.44,8800,18,0
2025-12-22 02:00:00,4355.43,4366.53,4355.41,4365.23,11584,18,0
2025-12-22 03:00:00,4365.27,4385.32,4361.55,4383.4,23212,18,0
2025-12-22 04:00:00,4383.4,4389.09,4379.03,4386.37,16601,18,0
2025-12-22 05:00:00,4386.37,4395.23,4384.7,4393.03,11431,18,0
2025-12-22 06:00:00,4393.06,4401.63,4391.91,4398.9,9089,18,0
2025-12-22 07:00:00,4398.63,4409.87,4397.28,4400.28,17340,18,0
2025-12-22 08:00:00,4400.28,4420.29,4399.57,4419.79,16763,18,0
2025-12-22 09:00:00,4419.8,4420.64,4410.62,4414.55,12501,18,0
2025-12-22 10:00:00,4414.56,4415.18,4406.4,4408.34,12639,18,0
2025-12-22 11:00:00,4408.35,4415.11,4408.09,4411.38,8925,18,0
2025-12-22 12:00:00,4411.49,4416.24,4406.47,4408.88,10238,18,0
2025-12-22 13:00:00,4408.87,4411.92,4406.35,4410.55,13698,18,0
2025-12-22 14:00:00,4410.43,4416.16,4406.36,4415.91,18339,18,0
2025-12-22 15:00:00,4415.93,4427.4,4412.96,4423.96,27998,18,0
2025-12-22 16:00:00,4424.24,4429.43,4415.12,4419.53,30138,18,0
2025-12-22 17:00:00,4419.52,4435.86,4412.2,4432.22,30471,18,0
2025-12-22 18:00:00,4432.14,4442.53,4428.53,4439.13,22845,18,0
2025-12-22 19:00:00,4439.17,4442.4,4432.36,4438.95,15852,18,0
2025-12-22 20:00:00,4439.01,4439.42,4429.81,4435.59,11904,18,0
2025-12-22 21:00:00,4435.6,4436.29,4429.13,4434.01,10881,18,0
2025-12-22 22:00:00,4433.94,4439.52,4431.97,4438.88,11505,18,0
2025-12-22 23:00:00,4438.91,4449.29,4438.81,4443.76,10106,18,0
2025-12-23 01:00:00,4447.53,4461.77,4447.48,4460.23,9582,18,0
2025-12-23 02:00:00,4460.14,4470.59,4458.18,4470.56,8952,18,0
2025-12-23 03:00:00,4470.59,4490.89,4469.68,4486.92,25860,18,0
2025-12-23 04:00:00,4486.92,4497.84,4481.35,4493.26,16439,18,0
2025-12-23 05:00:00,4493.18,4496.44,4482.87,4486.67,22694,18,0
2025-12-23 06:00:00,4486.67,4488.1,4478.49,4482.41,14924,18,0
2025-12-23 07:00:00,4482.4,4485.45,4474.79,4475.06,22451,18,0
2025-12-23 08:00:00,4474.98,4481.41,4469.34,4481.31,19980,18,0
2025-12-23 09:00:00,4481.31,4489.45,4478.24,4486.41,17989,18,0
2025-12-23 10:00:00,4486.4,4493.15,4484.59,4489.9,18123,18,0
2025-12-23 11:00:00,4489.93,4491.22,4478.05,4480.27,18919,18,0
2025-12-23 12:00:00,4480.32,4487.48,4479.46,4484.25,16675,18,0
2025-12-23 13:00:00,4484.23,4494.44,4483.06,4493.67,14849,18,0
2025-12-23 14:00:00,4493.66,4493.74,4483.21,4486.23,17019,18,0
2025-12-23 15:00:00,4486.18,4497.4,4473.31,4478.98,31904,18,0
2025-12-23 16:00:00,4479.05,4479.71,4441.38,4446.24,39479,18,0
2025-12-23 17:00:00,4446.22,4459.01,4430.25,4458.18,38685,18,0
2025-12-23 18:00:00,4458.18,4476.47,4455.59,4474.24,28545,18,0
2025-12-23 19:00:00,4474.27,4480.0,4469.84,4472.64,27016,18,0
2025-12-23 20:00:00,4472.87,4485.0,4472.81,4484.5,20507,18,0
2025-12-23 21:00:00,4484.59,4496.49,4484.22,4490.99,19406,18,0
2025-12-23 22:00:00,4490.89,4500.03,4489.69,4497.72,16570,18,0
2025-12-23 23:00:00,4497.65,4499.06,4483.39,4484.77,10545,18,0
2025-12-24 01:00:00,4486.35,4510.33,4485.96,4503.36,12077,18,0
2025-12-24 02:00:00,4503.32,4518.06,4500.9,4511.98,17291,18,0
2025-12-24 03:00:00,4511.98,4525.83,4506.89,4518.75,31432,18,0
2025-12-24 04:00:00,4518.76,4519.09,4474.67,4477.44,27514,18,0
2025-12-24 05:00:00,4477.43,4498.16,4468.93,4494.36,23999,18,0
2025-12-24 06:00:00,4494.36,4501.06,4492.44,4498.2,13445,18,0
2025-12-24 07:00:00,4498.05,4499.56,4485.03,4488.2,25070,18,0
2025-12-24 08:00:00,4488.21,4498.31,4484.32,4494.73,20585,18,0
2025-12-24 09:00:00,4494.85,4496.29,4484.09,4484.55,17130,18,0
2025-12-24 10:00:00,4484.59,4492.84,4479.04,4481.33,22437,18,0
2025-12-24 11:00:00,4481.33,4496.67,4481.11,4495.27,19231,18,0
2025-12-24 12:00:00,4495.28,4500.02,4482.38,4489.49,14738,18,0
2025-12-24 13:00:00,4489.48,4491.89,4483.06,4491.47,16496,18,0
2025-12-24 14:00:00,4491.45,4496.07,4489.79,4490.47,20061,18,0
2025-12-24 15:00:00,4490.5,4493.33,4474.5,4487.7,28307,18,0
2025-12-24 16:00:00,4487.74,4489.33,4460.6,4464.74,39356,18,0
2025-12-24 17:00:00,4464.73,4476.59,4448.11,4458.48,40748,18,0
2025-12-24 18:00:00,4458.51,4478.14,4456.05,4476.93,29514,20,0
2025-12-24 19:00:00,4476.87,4488.03,4475.6,4480.76,27830,20,0
2025-12-24 20:00:00,4480.75,4482.59,4477.48,4480.7,5682,20,0
2025-12-26 01:00:00,4465.01,4502.23,4465.01,4496.24,12734,22,0
2025-12-26 02:00:00,4496.22,4517.11,4493.47,4516.97,16588,22,0
2025-12-26 03:00:00,4517.0,4530.16,4496.53,4504.27,31828,22,0
2025-12-26 04:00:00,4504.18,4510.7,4493.26,4509.73,29019,22,0
2025-12-26 05:00:00,4509.74,4513.26,4497.57,4501.88,25054,22,0
2025-12-26 06:00:00,4501.89,4511.78,4500.54,4509.13,19386,22,0
2025-12-26 07:00:00,4509.13,4514.97,4506.09,4510.09,23989,22,0
2025-12-26 08:00:00,4510.09,4519.61,4508.04,4511.65,27558,22,0
2025-12-26 09:00:00,4511.63,4515.72,4507.27,4510.94,18735,20,0
2025-12-26 10:00:00,4511.03,4519.75,4509.69,4518.93,15697,20,0
2025-12-26 11:00:00,4518.92,4520.71,4511.97,4512.79,16025,20,0
2025-12-26 12:00:00,4512.79,4523.73,4511.17,4514.27,17039,20,0
2025-12-26 13:00:00,4514.27,4515.01,4502.76,4509.52,20589,20,0
2025-12-26 14:00:00,4509.52,4514.89,4506.7,4508.91,18743,20,0
2025-12-26 15:00:00,4508.9,4528.81,4503.81,4525.46,30695,20,0
2025-12-26 16:00:00,4525.41,4533.77,4513.06,4521.15,34698,20,0
2025-12-26 17:00:00,4521.36,4547.83,4519.8,4547.04,34342,20,0
2025-12-26 18:00:00,4547.03,4550.38,4531.52,4536.6,29964,20,0
2025-12-26 19:00:00,4536.63,4537.81,4509.96,4519.08,29552,20,0
2025-12-26 20:00:00,4519.13,4532.7,4514.77,4531.01,29013,20,0
2025-12-26 21:00:00,4531.0,4535.71,4520.04,4523.72,20679,20,0
2025-12-26 22:00:00,4523.75,4535.68,4521.81,4531.22,24346,20,0
2025-12-26 23:00:00,4531.21,4534.69,4527.21,4531.88,13844,20,0
2025-12-29 01:00:00,4548.57,4549.48,4523.29,4526.31,22089,22,0
2025-12-29 02:00:00,4526.3,4526.97,4472.36,4497.28,31406,22,0
2025-12-29 03:00:00,4497.29,4517.32,4492.08,4497.1,33236,22,0
2025-12-29 04:00:00,4497.08,4515.74,4496.25,4512.45,24418,22,0
2025-12-29 05:00:00,4512.47,4520.25,4509.49,4516.35,24363,22,0
2025-12-29 06:00:00,4516.17,4519.49,4507.87,4515.43,16793,22,0
2025-12-29 07:00:00,4515.43,4519.23,4504.93,4506.4,20127,22,0
2025-12-29 08:00:00,4506.6,4510.54,4470.8,4474.75,31488,22,0
2025-12-29 09:00:00,4474.59,4481.37,4445.17,4474.2,27061,20,0
2025-12-29 10:00:00,4474.26,4487.35,4452.88,4461.53,26567,20,0
2025-12-29 11:00:00,4461.52,4475.77,4459.98,4471.77,22750,20,0
2025-12-29 12:00:00,4471.74,4474.12,4456.45,4459.98,18663,20,0
2025-12-29 13:00:00,4459.97,4466.48,4434.14,4446.38,22857,20,0
2025-12-29 14:00:00,4446.41,4465.04,4445.19,4463.51,21162,20,0
2025-12-29 15:00:00,4463.55,4466.43,4407.76,4422.09,37559,20,0
2025-12-29 16:00:00,4422.07,4422.07,4356.43,4359.89,43878,20,0
2025-12-29 17:00:00,4360.22,4360.22,4302.39,4324.86,40908,26,0
2025-12-29 18:00:00,4324.77,4347.17,4322.93,4341.59,31316,26,0
2025-12-29 19:00:00,4341.5,4342.8,4314.75,4327.88,27084,26,0
2025-12-29 20:00:00,4327.87,4334.48,4322.56,4330.91,26485,26,0
2025-12-29 21:00:00,4330.9,4337.61,4327.2,4336.52,18429,26,0
2025-12-29 22:00:00,4336.45,4344.16,4325.61,4334.05,18442,26,0
2025-12-29 23:00:00,4334.21,4338.1,4327.31,4330.89,10802,26,0
2025-12-30 01:00:00,4335.34,4347.53,4323.03,4346.31,12101,28,0
2025-12-30 02:00:00,4346.23,4351.27,4333.5,4338.88,17269,28,0
2025-12-30 03:00:00,4338.86,4359.12,4323.3,4359.08,30596,28,0
2025-12-30 04:00:00,4359.06,4364.58,4347.77,4362.28,28688,28,0
2025-12-30 05:00:00,4362.28,4368.9,4355.93,4358.95,21618,28,0
2025-12-30 06:00:00,4358.96,4369.37,4357.24,4363.12,9484,28,0
2025-12-30 07:00:00,4363.22,4379.95,4358.43,4377.34,24919,28,0
2025-12-30 08:00:00,4377.31,4378.11,4359.41,4364.37,30205,28,0
2025-12-30 09:00:00,4364.36,4383.04,4358.89,4372.03,25336,26,0
2025-12-30 10:00:00,4372.09,4373.4,4349.94,4364.76,22195,26,0
2025-12-30 11:00:00,4364.77,4376.37,4363.98,4371.82,22846,26,0
2025-12-30 12:00:00,4371.82,4391.43,4367.53,4384.58,23580,26,0
2025-12-30 13:00:00,4385.23,4389.98,4381.02,4384.13,20703,26,0
2025-12-30 14:00:00,4384.07,4402.45,4383.22,4400.88,27621,26,0
2025-12-30 15:00:00,4400.88,4404.06,4375.9,4388.03,37755,26,0
2025-12-30 16:00:00,4388.06,4391.81,4355.41,4366.06,38057,26,0
2025-12-30 17:00:00,4365.98,4377.26,4359.15,4364.68,35991,26,0
2025-12-30 18:00:00,4364.97,4379.62,4354.43,4377.48,34879,26,0
2025-12-30 19:00:00,4377.46,4381.51,4364.05,4369.84,27102,26,0
2025-12-30 20:00:00,4369.84,4378.09,4362.34,4364.38,26910,26,0
2025-12-30 21:00:00,4364.45,4367.66,4337.31,4348.41,25312,26,0
2025-12-30 22:00:00,4348.4,4355.34,4337.58,4341.21,25407,26,0
2025-12-30 23:00:00,4341.35,4350.04,4334.21,4338.24,11326,26,0
2025-12-31 01:00:00,4342.01,4346.27,4328.34,4338.65,12942,28,0
2025-12-31 02:00:00,4338.67,4346.28,4332.27,4342.11,15710,28,0
2025-12-31 03:00:00,4342.07,4373.14,4336.48,4365.93,32803,28,0
2025-12-31 04:00:00,4365.99,4370.9,4346.6,4348.5,28163,28,0
2025-12-31 05:00:00,4348.51,4359.64,4340.67,4348.14,32709,28,0
2025-12-31 06:00:00,4348.04,4351.01,4330.44,4332.51,24255,28,0
2025-12-31 07:00:00,4332.52,4342.71,4275.99,4285.64,29650,28,0
2025-12-31 08:00:00,4285.72,4328.7,4274.1,4327.98,26363,28,0
2025-12-31 09:00:00,4328.2,4334.9,4323.78,4331.18,19861,26,0
2025-12-31 10:00:00,4331.12,4332.9,4303.35,4307.37,19624,26,0
2025-12-31 11:00:00,4307.46,4337.27,4307.19,4325.81,22925,26,0
2025-12-31 12:00:00,4325.89,4331.37,4303.52,4306.55,18943,26,0
2025-12-31 13:00:00,4306.48,4316.18,4303.96,4310.84,18296,26,0
2025-12-31 14:00:00,4310.77,4317.96,4303.02,4313.58,21173,26,0
2025-12-31 15:00:00,4313.6,4348.27,4307.87,4345.73,29027,26,0
2025-12-31 16:00:00,4345.77,4353.36,4332.88,4345.82,34927,26,0
2025-12-31 17:00:00,4345.83,4346.13,4327.1,4337.22,36032,26,0
2025-12-31 18:00:00,4337.23,4339.64,4317.02,4322.93,26789,26,0
2025-12-31 19:00:00,4322.94,4329.44,4317.95,4321.74,25825,26,0
2025-12-31 20:00:00,4321.8,4331.43,4315.71,4319.56,26299,26,0
2025-12-31 21:00:00,4319.76,4322.78,4307.66,4311.25,24034,26,0
2025-12-31 22:00:00,4311.24,4324.34,4304.33,4313.11,20706,26,0
2025-12-31 23:00:00,4313.19,4318.33,4306.95,4318.3,7801,26,0
2026-01-02 01:00:00,4329.13,4351.14,4324.25,4348.23,9355,28,0
2026-01-02 02:00:00,4348.23,4355.95,4341.53,4354.11,12376,28,0
2026-01-02 03:00:00,4354.13,4356.01,4344.61,4347.97,18649,28,0
2026-01-02 04:00:00,4347.96,4363.17,4345.06,4362.91,15164,28,0
2026-01-02 05:00:00,4362.89,4375.59,4362.19,4375.22,16627,28,0
2026-01-02 06:00:00,4375.16,4378.38,4371.39,4373.26,14650,28,0
2026-01-02 07:00:00,4373.57,4381.67,4371.15,4380.66,13757,28,0
2026-01-02 08:00:00,4380.68,4380.93,4373.32,4374.66,16905,28,0
2026-01-02 09:00:00,4374.77,4383.24,4371.91,4382.67,19673,26,0
2026-01-02 10:00:00,4382.67,4397.43,4380.6,4386.92,18199,26,0
2026-01-02 11:00:00,4386.91,4391.46,4383.21,4385.29,20627,26,0
2026-01-02 12:00:00,4385.28,4398.53,4384.39,4396.02,19271,26,0
2026-01-02 13:00:00,4396.08,4399.3,4390.68,4392.85,20729,26,0
2026-01-02 14:00:00,4392.88,4398.23,4385.2,4394.3,21675,26,0
2026-01-02 15:00:00,4394.3,4402.23,4361.91,4365.94,29200,26,0
2026-01-02 16:00:00,4366.05,4373.5,4348.1,4353.49,33604,26,0
2026-01-02 17:00:00,4353.5,4356.92,4330.15,4335.2,37334,26,0
2026-01-02 18:00:00,4335.1,4337.2,4314.77,4326.19,36106,26,0
2026-01-02 19:00:00,4326.18,4333.24,4322.5,4322.65,29198,26,0
2026-01-02 20:00:00,4322.62,4323.33,4309.5,4314.8,28254,26,0
2026-01-02 21:00:00,4314.74,4325.87,4314.74,4317.82,23716,26,0
2026-01-02 22:00:00,4317.83,4331.15,4316.77,4331.08,22391,26,0
2026-01-02 23:00:00,4331.11,4332.88,4326.68,4332.58,7776,26,0
2026-01-05 01:00:00,4351.19,4375.22,4344.62,4371.97,15859,28,0
2026-01-05 02:00:00,4371.92,4395.98,4369.77,4393.84,18957,28,0
2026-01-05 03:00:00,4393.9,4420.21,4391.5,4402.06,36329,28,0
2026-01-05 04:00:00,4402.09,4409.12,4388.77,4404.86,29205,28,0
2026-01-05 05:00:00,4404.84,4413.46,4400.01,4400.13,27101,28,0
2026-01-05 06:00:00,4400.19,4408.92,4397.84,4404.72,12074,28,0
2026-01-05 07:00:00,4404.73,4413.83,4399.94,4411.46,19670,28,0
2026-01-05 08:00:00,4411.38,4426.5,4410.26,4421.41,24603,28,0
2026-01-05 09:00:00,4421.4,4425.09,4417.4,4421.52,18124,26,0
2026-01-05 10:00:00,4421.52,4433.59,4419.04,4429.81,19334,26,0
2026-01-05 11:00:00,4429.64,4437.72,4425.82,4434.45,20260,26,0
2026-01-05 12:00:00,4434.49,4438.77,4430.34,4435.16,16054,26,0
2026-01-05 13:00:00,4435.19,4436.36,4412.05,4420.31,25344,22,0
2026-01-05 14:00:00,4420.32,4422.25,4405.54,4409.58,26550,22,0
2026-01-05 15:00:00,4409.58,4418.74,4395.99,4416.76,35470,22,0
2026-01-05 16:00:00,4416.78,4442.78,4416.78,4436.58,40023,22,0
2026-01-05 17:00:00,4436.6,4455.63,4435.52,4448.4,36963,22,0
2026-01-05 18:00:00,4448.32,4454.36,4438.43,4441.87,25632,22,0
2026-01-05 19:00:00,4441.88,4449.01,4432.37,4443.49,28024,22,0
2026-01-05 20:00:00,4443.48,4448.51,4439.77,4448.48,20173,22,0
2026-01-05 21:00:00,4448.52,4449.39,4434.83,4439.79,19393,22,0
2026-01-05 22:00:00,4439.81,4447.08,4437.93,4444.9,22073,22,0
2026-01-05 23:00:00,4444.94,4449.03,4443.49,4448.71,7080,22,0
2026-01-06 01:00:00,4449.59,4459.77,4438.01,4441.65,8387,24,0
2026-01-06 02:00:00,4441.6,4445.89,4431.51,4436.22,12946,24,0
2026-01-06 03:00:00,4436.25,4453.49,4427.75,4451.72,29942,24,0
2026-01-06 04:00:00,4451.71,4462.24,4449.79,4453.8,26474,24,0
2026-01-06 05:00:00,4453.81,4468.37,4453.25,4468.37,18598,24,0
2026-01-06 06:00:00,4468.33,4469.66,4462.75,4466.27,12609,24,0
2026-01-06 07:00:00,4466.27,4473.08,4450.39,4453.75,26412,24,0
2026-01-06 08:00:00,4453.88,4467.51,4452.71,4465.77,23282,24,0
2026-01-06 09:00:00,4465.57,4470.4,4458.44,4460.65,17376,22,0
2026-01-06 10:00:00,4460.61,4476.92,4458.59,4468.15,17849,22,0
2026-01-06 11:00:00,4468.16,4468.32,4444.61,4445.97,19996,22,0
2026-01-06 12:00:00,4446.02,4455.75,4442.28,4451.47,17129,22,0
2026-01-06 13:00:00,4451.53,4464.35,4448.46,4463.18,16514,22,0
2026-01-06 14:00:00,4463.12,4466.23,4458.88,4463.63,18745,22,0
2026-01-06 15:00:00,4463.58,4470.37,4454.14,4467.98,32212,22,0
2026-01-06 16:00:00,4467.99,4489.84,4464.56,4487.37,32858,22,0
2026-01-06 17:00:00,4487.56,4491.06,4462.98,4478.29,37057,22,0
2026-01-06 18:00:00,4478.29,4488.94,4471.48,4488.42,28338,22,0
2026-01-06 19:00:00,4488.43,4491.65,4481.76,4489.65,22888,22,0
2026-01-06 20:00:00,4489.66,4494.28,4482.28,4488.56,22067,22,0
2026-01-06 21:00:00,4488.56,4489.51,4477.49,4481.44,21135,22,0
2026-01-06 22:00:00,4481.41,4497.05,4480.55,4493.81,16342,22,0
2026-01-06 23:00:00,4493.8,4497.38,4491.79,4494.51,6274,22,0
2026-01-07 01:00:00,4496.03,4500.54,4492.16,4493.33,8123,24,0
2026-01-07 02:00:00,4493.32,4494.66,4482.41,4492.08,12794,24,0
2026-01-07 03:00:00,4492.0,4495.71,4460.09,4464.43,31265,24,0
2026-01-07 04:00:00,4464.41,4479.48,4458.57,4476.0,26124,24,0
2026-01-07 05:00:00,4475.99,4481.4,4473.01,4475.83,23914,24,0
2026-01-07 06:00:00,4475.75,4477.21,4464.69,4465.92,15292,24,0
2026-01-07 07:00:00,4465.95,4471.59,4443.84,4453.32,24878,24,0
2026-01-07 08:00:00,4453.31,4459.34,4441.2,4445.28,23791,24,0
2026-01-07 09:00:00,4445.29,4465.37,4442.75,4460.98,18284,22,0
2026-01-07 10:00:00,4460.91,4474.77,4459.21,4468.16,15136,22,0
2026-01-07 11:00:00,4468.15,4468.5,4459.38,4463.48,14306,22,0
2026-01-07 12:00:00,4463.46,4467.64,4458.73,4464.29,14163,22,0
2026-01-07 13:00:00,4464.28,4464.73,4446.23,4447.12,15389,22,0
2026-01-07 14:00:00,4447.12,4454.81,4438.96,4444.99,22894,22,0
2026-01-07 15:00:00,4444.93,4453.0,4427.75,4452.85,35224,22,0
2026-01-07 16:00:00,4452.87,4454.22,4435.58,4445.41,35852,22,0
2026-01-07 17:00:00,4442.92,4452.05,4423.26,4445.99,35546,22,0
2026-01-07 18:00:00,4445.96,4468.32,4443.72,4464.25,28606,22,0
2026-01-07 19:00:00,4464.26,4465.38,4449.59,4451.73,19677,22,0
2026-01-07 20:00:00,4451.77,4458.66,4447.05,4451.98,23161,22,0
2026-01-07 21:00:00,4451.93,4457.81,4445.22,4456.8,19641,22,0
2026-01-07 22:00:00,4456.78,4461.59,4450.36,4451.74,18059,22,0
2026-01-07 23:00:00,4451.82,4455.72,4449.62,4455.23,7018,22,0
2026-01-08 01:00:00,4458.79,4463.74,4458.3,4463.2,5722,24,0
2026-01-08 02:00:00,4463.19,4466.16,4445.66,4449.16,14822,24,0
2026-01-08 03:00:00,4449.16,4459.32,4443.04,4449.54,27734,24,0
2026-01-08 04:00:00,4449.51,4450.68,4434.51,4441.95,28811,24,0
2026-01-08 05:00:00,4441.93,4446.26,4437.09,4440.15,25133,24,0
2026-01-08 06:00:00,4440.09,4440.12,4429.91,4431.2,15332,24,0
2026-01-08 07:00:00,4431.15,4432.02,4415.29,4425.37,29072,24,0
2026-01-08 08:00:00,4425.37,4437.58,4415.67,4433.12,30952,24,0
2026-01-08 09:00:00,4433.11,4439.5,4428.18,4430.65,17595,22,0
2026-01-08 10:00:00,4430.56,4433.0,4419.77,4431.48,21191,22,0
2026-01-08 11:00:00,4431.45,4435.14,4425.82,4432.55,18417,22,0
2026-01-08 12:00:00,4432.56,4434.65,4422.78,4433.12,15051,22,0
2026-01-08 13:00:00,4432.95,4432.95,4421.93,4422.56,17121,22,0
2026-01-08 14:00:00,4422.6,4431.29,4407.43,4427.77,25387,22,0
2026-01-08 15:00:00,4427.78,4435.94,4417.19,4423.6,30515,22,0
2026-01-08 16:00:00,4423.61,4439.34,4418.97,4432.82,34843,22,0
2026-01-08 17:00:00,4432.81,4456.35,4427.7,4454.07,34641,22,0
2026-01-08 18:00:00,4454.13,4464.64,4446.87,4463.39,29238,22,0
2026-01-08 19:00:00,4463.4,4465.51,4457.69,4463.66,20535,22,0
2026-01-08 20:00:00,4463.36,4463.36,4447.93,4449.43,20603,22,0
2026-01-08 21:00:00,4449.44,4452.81,4444.63,4452.12,16388,22,0
2026-01-08 22:00:00,4452.12,4478.0,4451.52,4476.01,21145,22,0
2026-01-08 23:00:00,4476.09,4479.6,4472.62,4477.09,8409,22,0
2026-01-09 01:00:00,4482.83,4483.79,4472.9,4475.73,7632,24,0
2026-01-09 02:00:00,4475.7,4476.75,4459.93,4462.65,11320,24,0
2026-01-09 03:00:00,4462.67,4469.91,4452.75,4468.86,26272,24,0
2026-01-09 04:00:00,4468.83,4476.62,4465.71,4469.53,19536,24,0
2026-01-09 05:00:00,4469.53,4470.04,4460.42,4464.1,19185,24,0
2026-01-09 06:00:00,4464.08,4466.79,4460.75,4464.53,9769,24,0
2026-01-09 07:00:00,4464.39,4471.79,4458.19,4467.92,14719,24,0
2026-01-09 08:00:00,4468.44,4477.44,4465.92,4474.13,17875,24,0
2026-01-09 09:00:00,4474.15,4475.67,4468.39,4470.2,11587,22,0
2026-01-09 10:00:00,4470.19,4476.84,4463.96,4468.35,15028,22,0
2026-01-09 11:00:00,4468.34,4477.51,4468.27,4471.02,13908,22,0
2026-01-09 12:00:00,4471.02,4474.12,4466.91,4472.43,10133,22,0
2026-01-09 13:00:00,4472.44,4476.18,4468.59,4475.38,10859,22,0
2026-01-09 14:00:00,4475.42,4480.52,4460.81,4465.76,16657,22,0
2026-01-09 15:00:00,4465.76,4491.67,4458.98,4482.44,34044,22,0
2026-01-09 16:00:00,4482.47,4498.16,4479.16,4494.71,35947,22,0
2026-01-09 17:00:00,4494.72,4517.41,4490.32,4512.53,33263,22,0
2026-01-09 18:00:00,4512.63,4514.62,4499.79,4506.64,26525,22,0
2026-01-09 19:00:00,4506.63,4511.77,4481.95,4484.45,24918,22,0
2026-01-09 20:00:00,4484.39,4504.6,4482.99,4496.01,22531,22,0
2026-01-09 21:00:00,4496.0,4501.92,4492.61,4499.39,15356,22,0
2026-01-09 22:00:00,4499.39,4510.2,4497.94,4507.64,17409,22,0
2026-01-09 23:00:00,4507.64,4511.27,4505.1,4509.79,5505,22,0
2026-01-12 01:00:00,4521.69,4545.15,4513.08,4540.14,15774,24,0
2026-01-12 02:00:00,4540.1,4601.62,4536.56,4589.21,27346,24,0
2026-01-12 03:00:00,4589.22,4595.32,4570.17,4570.17,36699,24,0
2026-01-12 04:00:00,4570.1,4581.99,4561.74,4577.4,28659,24,0
2026-01-12 05:00:00,4577.38,4581.33,4567.76,4570.43,20362,24,0
2026-01-12 06:00:00,4570.47,4572.08,4563.25,4568.49,16684,24,0
2026-01-12 07:00:00,4568.5,4584.95,4565.98,4580.77,18994,24,0
2026-01-12 08:00:00,4580.79,4580.8,4569.57,4578.28,20222,24,0
2026-01-12 09:00:00,4578.29,4589.67,4574.59,4587.82,19757,22,0
2026-01-12 10:00:00,4587.81,4598.02,4579.52,4596.94,17329,8,0
2026-01-12 11:00:00,4596.94,4599.83,4587.9,4589.27,17552,8,0
2026-01-12 12:00:00,4589.25,4595.48,4586.12,4594.35,15230,22,0
2026-01-12 13:00:00,4594.31,4594.97,4581.82,4585.3,14293,22,0
2026-01-12 14:00:00,4585.21,4590.7,4578.39,4590.52,18228,22,0
2026-01-12 15:00:00,4590.47,4620.44,4588.62,4616.05,30138,22,0
2026-01-12 16:00:00,4616.09,4617.5,4584.8,4602.07,40958,22,0
2026-01-12 17:00:00,4602.06,4627.61,4601.77,4621.43,32747,22,0
2026-01-12 18:00:00,4621.43,4630.31,4607.94,4617.05,24874,22,0
2026-01-12 19:00:00,4617.06,4620.7,4610.87,4616.64,20273,22,0
2026-01-12 20:00:00,4616.68,4618.65,4600.51,4610.94,21672,22,0
2026-01-12 21:00:00,4610.94,4618.92,4608.77,4611.04,16452,22,0
2026-01-12 22:00:00,4611.09,4611.59,4591.41,4593.35,22038,22,0
2026-01-12 23:00:00,4593.38,4596.72,4589.04,4596.46,9441,22,0
2026-01-13 01:00:00,4606.22,4607.61,4578.14,4599.19,13884,24,0
2026-01-13 02:00:00,4599.37,4599.6,4584.36,4587.16,10656,24,0
2026-01-13 03:00:00,4587.16,4595.73,4575.54,4577.85,29938,24,0
2026-01-13 04:00:00,4577.8,4595.17,4576.65,4594.41,24419,24,0
2026-01-13 05:00:00,4594.41,4599.81,4592.79,4594.38,16795,24,0
2026-01-13 06:00:00,4594.41,4600.07,4594.29,4596.81,11075,24,0
2026-01-13 07:00:00,4596.57,4602.2,4585.87,4592.15,18434,24,0
2026-01-13 08:00:00,4592.19,4592.52,4573.59,4581.64,23756,24,0
2026-01-13 09:00:00,4581.68,4587.06,4577.47,4580.6,13717,22,0
2026-01-13 10:00:00,4580.63,4597.19,4579.6,4592.99,15477,22,0
2026-01-13 11:00:00,4592.98,4595.85,4585.9,4586.27,12410,22,0
2026-01-13 12:00:00,4586.31,4588.37,4580.56,4586.44,11306,22,0
2026-01-13 13:00:00,4586.49,4592.09,4582.25,4588.63,13016,22,0
2026-01-13 14:00:00,4588.64,4595.49,4577.76,4593.41,13849,22,0
2026-01-13 15:00:00,4593.37,4621.1,4590.79,4611.67,33132,22,0
2026-01-13 16:00:00,4611.54,4634.86,4609.21,4630.01,35540,22,0
2026-01-13 17:00:00,4629.85,4630.36,4600.79,4619.15,36983,22,0
2026-01-13 18:00:00,4619.13,4620.8,4593.07,4613.48,28455,22,0
2026-01-13 19:00:00,4613.48,4616.22,4586.66,4590.34,24115,22,0
2026-01-13 20:00:00,4590.23,4601.95,4580.96,4594.11,30406,22,0
2026-01-13 21:00:00,4594.13,4598.93,4584.29,4597.5,20366,22,0
2026-01-13 22:00:00,4597.51,4597.78,4569.68,4585.95,23075,22,0
2026-01-13 23:00:00,4585.96,4589.77,4582.74,4586.27,9003,22,0
2026-01-14 01:00:00,4590.74,4598.74,4589.05,4597.07,7981,24,0
2026-01-14 02:00:00,4597.07,4610.87,4597.03,4609.38,14786,24,0
2026-01-14 03:00:00,4609.38,4620.37,4606.54,4619.59,27330,24,0
2026-01-14 04:00:00,4619.64,4624.12,4614.71,4621.08,21628,24,0
2026-01-14 05:00:00,4620.93,4630.49,4613.87,4628.79,17736,24,0
2026-01-14 06:00:00,4628.78,4630.95,4625.86,4629.85,16341,24,0
2026-01-14 07:00:00,4629.82,4639.92,4618.04,4619.69,23372,24,0
2026-01-14 08:00:00,4619.67,4637.58,4618.41,4637.55,26611,24,0
2026-01-14 09:00:00,4637.58,4639.87,4631.8,4632.78,16182,22,0
2026-01-14 10:00:00,4632.78,4638.05,4621.97,4635.22,20697,22,0
2026-01-14 11:00:00,4635.23,4639.87,4627.21,4630.44,17298,22,0
2026-01-14 12:00:00,4630.47,4638.4,4627.86,4633.19,15411,22,0
2026-01-14 13:00:00,4633.16,4637.65,4627.26,4631.66,15909,22,0
2026-01-14 14:00:00,4631.68,4642.14,4631.59,4638.86,19824,22,0
2026-01-14 15:00:00,4639.0,4641.8,4624.5,4635.89,31890,22,0
2026-01-14 16:00:00,4635.88,4639.18,4606.71,4617.5,37092,22,0
2026-01-14 17:00:00,4617.5,4626.52,4599.09,4617.81,38757,22,0
2026-01-14 18:00:00,4617.84,4624.74,4608.45,4616.97,31516,22,0
2026-01-14 19:00:00,4616.95,4619.0,4600.97,4614.19,32737,22,0
2026-01-14 20:00:00,4613.88,4637.45,4612.68,4635.37,27010,22,0
2026-01-14 21:00:00,4635.37,4643.08,4633.66,4639.61,26003,22,0
2026-01-14 22:00:00,4639.6,4641.79,4625.74,4632.71,27220,22,0
2026-01-14 23:00:00,4632.68,4633.15,4617.77,4625.69,10795,22,0
2026-01-15 01:00:00,4630.74,4632.36,4602.82,4616.38,16752,24,0
2026-01-15 02:00:00,4616.36,4619.3,4611.35,4616.34,15497,24,0
2026-01-15 03:00:00,4616.34,4618.66,4584.79,4599.9,36395,24,0
2026-01-15 04:00:00,4599.81,4613.58,4596.64,4604.11,28355,24,0
2026-01-15 05:00:00,4603.96,4605.36,4579.99,4593.48,28813,24,0
2026-01-15 06:00:00,4593.45,4598.19,4588.02,4592.03,18801,24,0
2026-01-15 07:00:00,4592.18,4597.85,4580.83,4594.6,22463,24,0
2026-01-15 08:00:00,4594.67,4611.04,4593.17,4609.1,26411,24,0
2026-01-15 09:00:00,4609.29,4612.46,4598.14,4600.68,16466,22,0
2026-01-15 10:00:00,4600.69,4606.83,4596.65,4603.9,18895,22,0
2026-01-15 11:00:00,4603.89,4613.07,4600.31,4612.57,17978,22,0
2026-01-15 12:00:00,4612.56,4620.38,4609.31,4619.91,16685,22,0
2026-01-15 13:00:00,4619.92,4623.09,4615.54,4619.12,13701,22,0
2026-01-15 14:00:00,4619.13,4620.77,4611.47,4613.7,17411,22,0
2026-01-15 15:00:00,4613.7,4615.91,4581.53,4587.42,36639,22,0
2026-01-15 16:00:00,4587.7,4615.08,4582.78,4611.05,34927,22,0
2026-01-15 17:00:00,4611.06,4618.02,4603.77,4615.55,32226,22,0
2026-01-15 18:00:00,4615.54,4624.81,4601.04,4605.45,30782,22,0
2026-01-15 19:00:00,4605.45,4616.81,4605.39,4616.45,23778,22,0
2026-01-15 20:00:00,4616.45,4621.18,4613.55,4617.57,21404,22,0
2026-01-15 21:00:00,4617.61,4621.67,4612.78,4615.93,16844,22,0
2026-01-15 22:00:00,4615.94,4616.28,4600.76,4605.62,23806,22,0
2026-01-15 23:00:00,4605.63,4616.35,4604.32,4615.38,9704,22,0
2026-01-16 01:00:00,4617.11,4620.76,4605.52,4609.22,10210,24,0
2026-01-16 02:00:00,4609.17,4610.27,4597.62,4600.22,15853,24,0
2026-01-16 03:00:00,4600.21,4609.6,4594.37,4601.68,26871,24,0
2026-01-16 04:00:00,4601.69,4604.66,4590.3,4593.9,26473,24,0
2026-01-16 05:00:00,4593.93,4598.67,4591.73,4595.28,16932,24,0
2026-01-16 06:00:00,4595.22,4600.95,4594.97,4600.08,10240,24,0
2026-01-16 07:00:00,4600.09,4615.02,4594.22,4610.42,18314,24,0
2026-01-16 08:00:00,4610.44,4611.23,4593.7,4597.65,22889,24,0
2026-01-16 09:00:00,4597.72,4612.03,4596.47,4607.49,15512,22,0
2026-01-16 10:00:00,4607.45,4610.63,4601.09,4603.15,13090,22,0
2026-01-16 11:00:00,4603.11,4608.42,4598.68,4600.44,10545,22,0
2026-01-16 12:00:00,4600.49,4611.22,4599.72,4600.14,9817,22,0
2026-01-16 13:00:00,4600.28,4616.37,4598.32,4612.75,11075,22,0
2026-01-16 14:00:00,4612.79,4613.02,4596.95,4601.31,11911,22,0
2026-01-16 15:00:00,4601.41,4605.04,4582.1,4601.66,32240,22,0
2026-01-16 16:00:00,4601.63,4614.72,4596.06,4607.77,29838,22,0
2026-01-16 17:00:00,4607.72,4620.46,4536.39,4570.92,41862,22,0
2026-01-16 18:00:00,4570.83,4599.06,4567.38,4591.36,33933,22,0
2026-01-16 19:00:00,4591.38,4593.19,4576.81,4581.42,24381,22,0
2026-01-16 20:00:00,4581.23,4596.13,4580.05,4582.57,21983,22,0
2026-01-16 21:00:00,4582.58,4592.51,4580.89,4590.69,18579,22,0
2026-01-16 22:00:00,4590.69,4595.98,4580.89,4581.89,17945,22,0
2026-01-16 23:00:00,4581.89,4598.43,4581.89,4595.39,17995,22,0
2026-01-19 01:00:00,4635.14,4690.43,4616.77,4673.72,27174,24,0
2026-01-19 02:00:00,4673.7,4680.94,4662.24,4674.22,19423,34,0
2026-01-19 03:00:00,4674.19,4677.46,4655.78,4658.09,29654,34,0
2026-01-19 04:00:00,4658.08,4665.88,4654.01,4662.54,20659,34,0
2026-01-19 05:00:00,4662.46,4670.02,4659.04,4659.17,17845,34,0
2026-01-19 06:00:00,4659.24,4664.84,4658.18,4662.46,10288,34,0
2026-01-19 07:00:00,4662.43,4675.36,4662.36,4668.82,15264,34,0
2026-01-19 08:00:00,4668.84,4680.14,4665.65,4678.99,15926,34,0
2026-01-19 09:00:00,4678.94,4679.81,4660.82,4664.02,13921,22,0
2026-01-19 10:00:00,4664.04,4673.62,4661.61,4663.39,14468,22,0
2026-01-19 11:00:00,4663.38,4671.8,4661.67,4669.57,12995,22,0
2026-01-19 12:00:00,4669.55,4672.37,4660.21,4662.66,10653,22,0
2026-01-19 13:00:00,4662.62,4668.68,4660.5,4661.16,10922,22,0
2026-01-19 14:00:00,4661.17,4673.95,4660.64,4673.07,12821,22,0
2026-01-19 15:00:00,4673.07,4674.68,4664.25,4665.73,15580,22,0
2026-01-19 16:00:00,4665.76,4669.96,4660.96,4666.3,16032,27,0
2026-01-19 17:00:00,4666.28,4676.22,4663.98,4674.57,15979,27,0
2026-01-19 18:00:00,4674.57,4675.85,4670.68,4672.32,12831,27,0
2026-01-19 19:00:00,4672.29,4678.95,4669.26,4676.41,10937,27,0
2026-01-19 20:00:00,4676.33,4680.56,4673.95,4676.93,8254,27,0
2026-01-19 21:00:00,4676.93,4677.03,4675.42,4675.73,208,27,0
2026-01-20 01:00:00,4674.79,4676.91,4663.82,4664.26,7051,34,0
2026-01-20 02:00:00,4664.34,4666.92,4658.38,4661.47,9148,34,0
2026-01-20 03:00:00,4661.5,4676.06,4661.07,4669.66,21396,34,0
2026-01-20 04:00:00,4669.66,4674.92,4665.42,4668.6,17580,34,0
2026-01-20 05:00:00,4668.62,4682.01,4665.87,4680.76,14206,34,0
2026-01-20 06:00:00,4680.75,4697.69,4680.23,4695.91,14209,34,0
2026-01-20 07:00:00,4695.87,4717.13,4694.93,4715.01,19755,34,0
2026-01-20 08:00:00,4715.04,4717.56,4706.08,4712.96,22270,34,0
2026-01-20 09:00:00,4712.95,4723.28,4712.08,4716.68,15235,27,0
2026-01-20 10:00:00,4716.68,4732.07,4715.58,4729.89,16934,27,0
2026-01-20 11:00:00,4729.87,4737.79,4721.44,4732.81,16249,27,0
2026-01-20 12:00:00,4732.84,4735.37,4723.28,4726.63,14263,27,0
2026-01-20 13:00:00,4726.67,4735.56,4721.79,4733.54,14916,27,0
2026-01-20 14:00:00,4733.4,4733.4,4724.25,4727.7,19062,27,0
2026-01-20 15:00:00,4727.71,4738.65,4715.22,4737.53,30096,27,0
2026-01-20 16:00:00,4737.39,4751.31,4728.59,4741.27,37472,27,0
2026-01-20 17:00:00,4741.24,4748.71,4722.18,4737.48,35686,27,0
2026-01-20 18:00:00,4737.53,4758.02,4729.04,4753.91,26585,27,0
2026-01-20 19:00:00,4753.65,4762.85,4746.32,4759.62,21284,27,0
2026-01-20 20:00:00,4759.63,4766.69,4752.75,4759.7,22936,27,0
2026-01-20 21:00:00,4759.65,4766.53,4756.83,4761.1,15684,27,0
2026-01-20 22:00:00,4761.06,4761.48,4747.73,4756.82,18670,27,0
2026-01-20 23:00:00,4756.82,4764.0,4756.48,4763.17,37638,27,0
2026-01-21 01:00:00,4761.09,4781.12,4757.94,4775.87,7946,34,0
2026-01-21 02:00:00,4775.84,4787.57,4770.69,4784.62,11263,34,0
2026-01-21 03:00:00,4784.61,4844.28,4783.6,4835.26,32234,34,0
2026-01-21 04:00:00,4835.36,4842.13,4817.26,4836.78,24339,34,0
2026-01-21 05:00:00,4836.55,4849.83,4827.0,4845.28,20270,34,0
2026-01-21 06:00:00,4845.25,4870.85,4838.04,4865.94,16318,34,0
2026-01-21 07:00:00,4865.96,4878.19,4858.89,4869.91,20070,34,0
2026-01-21 08:00:00,4869.93,4888.53,4845.57,4847.31,25687,34,0
2026-01-21 09:00:00,4847.3,4856.8,4832.18,4854.9,25187,27,0
2026-01-21 10:00:00,4854.9,4869.31,4851.25,4854.39,18523,27,0
2026-01-21 11:00:00,4854.49,4876.99,4852.12,4859.96,17429,27,0
2026-01-21 12:00:00,4859.93,4866.37,4859.15,4861.63,14296,27,0
2026-01-21 13:00:00,4861.66,4871.16,4854.88,4866.6,13107,27,0
2026-01-21 14:00:00,4866.63,4870.71,4855.43,4864.82,16910,27,0
2026-01-21 15:00:00,4865.02,4880.26,4858.22,4879.41,26239,27,0
2026-01-21 16:00:00,4879.33,4880.84,4839.29,4851.69,38849,27,0
2026-01-21 17:00:00,4851.7,4868.71,4812.68,4847.73,40952,27,0
2026-01-21 18:00:00,4847.7,4855.5,4819.53,4833.11,35763,27,0
2026-01-21 19:00:00,4833.25,4834.11,4802.2,4826.01,35582,27,0
2026-01-21 20:00:00,4826.02,4850.52,4819.53,4850.13,28156,27,0
2026-01-21 21:00:00,4850.14,4853.84,4755.64,4781.05,36077,27,0
2026-01-21 22:00:00,4780.98,4827.82,4772.18,4826.6,34688,27,0
2026-01-21 23:00:00,4826.48,4839.68,4813.09,4828.54,13092,27,0
2026-01-22 01:00:00,4831.4,4832.62,4777.3,4778.04,14495,34,0
2026-01-22 02:00:00,4777.99,4798.45,4777.79,4797.99,16202,34,0
2026-01-22 03:00:00,4797.98,4809.4,4772.09,4797.66,27142,34,0
2026-01-22 04:00:00,4797.54,4797.87,4774.36,4788.6,21893,34,0
2026-01-22 05:00:00,4788.61,4796.58,4783.8,4796.3,17946,34,0
2026-01-22 06:00:00,4796.35,4800.17,4793.56,4797.11,16009,34,0
2026-01-22 07:00:00,4796.99,4821.53,4793.5,4821.13,17956,34,0
2026-01-22 08:00:00,4821.12,4829.06,4816.27,4826.53,19305,34,0
2026-01-22 09:00:00,4826.55,4838.97,4825.56,4832.52,15193,27,0
2026-01-22 10:00:00,4832.52,4835.53,4821.95,4830.47,16854,27,0
2026-01-22 11:00:00,4830.47,4837.61,4813.81,4822.82,17530,27,0
2026-01-22 12:00:00,4822.89,4831.66,4819.17,4828.88,14066,27,0
2026-01-22 13:00:00,4828.91,4836.37,4824.49,4831.04,14567,27,0
2026-01-22 14:00:00,4831.05,4832.39,4818.71,4819.55,15811,27,0
2026-01-22 15:00:00,4819.5,4835.27,4810.64,4822.15,27238,27,0
2026-01-22 16:00:00,4821.98,4847.57,4820.41,4835.09,28557,27,0
2026-01-22 17:00:00,4835.1,4873.77,4827.07,4871.82,33268,27,0
2026-01-22 18:00:00,4871.83,4885.54,4868.16,4878.03,28978,27,0
2026-01-22 19:00:00,4878.05,4906.29,4870.01,4904.68,28917,27,0
2026-01-22 20:00:00,4904.65,4919.51,4901.5,4915.96,24392,27,0
2026-01-22 21:00:00,4915.97,4924.36,4905.92,4911.75,21509,27,0
2026-01-22 22:00:00,4911.76,4928.31,4911.41,4916.98,19549,27,0
2026-01-22 23:00:00,4916.94,4940.61,4914.55,4936.04,12540,27,0
2026-01-23 01:00:00,4944.06,4960.35,4930.75,4958.85,14966,34,0
2026-01-23 02:00:00,4958.7,4966.67,4948.46,4966.12,13054,34,0
2026-01-23 03:00:00,4966.12,4968.35,4937.78,4953.27,26187,34,0
2026-01-23 04:00:00,4953.28,4961.99,4946.75,4955.44,13952,34,0
2026-01-23 05:00:00,4955.43,4958.83,4937.86,4951.79,14086,34,0
2026-01-23 06:00:00,4951.75,4958.25,4950.04,4956.27,6564,34,0
2026-01-23 07:00:00,4956.23,4967.17,4954.59,4960.62,10273,34,0
2026-01-23 08:00:00,4960.59,4963.06,4945.52,4953.39,17775,34,0
2026-01-23 09:00:00,4953.4,4959.38,4943.02,4944.16,14537,27,0
2026-01-23 10:00:00,4944.16,4947.27,4901.05,4913.41,23043,27,0
2026-01-23 11:00:00,4913.45,4921.21,4899.46,4918.38,21068,27,0
2026-01-23 12:00:00,4918.39,4932.11,4915.37,4929.43,15302,27,0
2026-01-23 13:00:00,4929.44,4929.5,4911.74,4922.59,14436,27,0
2026-01-23 14:00:00,4922.92,4942.04,4918.08,4938.92,19346,27,0
2026-01-23 15:00:00,4938.99,4947.55,4923.31,4938.62,31483,27,0
2026-01-23 16:00:00,4938.63,4956.28,4932.52,4943.07,30498,27,0
2026-01-23 17:00:00,4943.08,4963.14,4937.99,4960.4,30954,27,0
2026-01-23 18:00:00,4960.46,4988.01,4959.03,4980.1,29652,27,0
2026-01-23 19:00:00,4980.1,4987.97,4961.88,4965.67,23496,27,0
2026-01-23 20:00:00,4965.56,4984.01,4958.15,4966.36,25416,27,0
2026-01-23 21:00:00,4966.57,4989.64,4966.57,4984.24,17588,27,0
2026-01-23 22:00:00,4984.06,4985.48,4970.53,4981.3,20402,27,0
2026-01-23 23:00:00,4981.22,4986.19,4977.91,4985.81,7937,27,0
2026-01-26 01:00:00,5013.14,5041.09,5003.3,5040.85,24256,34,0
2026-01-26 02:00:00,5040.85,5051.68,5031.64,5041.35,21731,34,0
2026-01-26 03:00:00,5041.36,5086.29,5028.75,5071.65,36333,34,0
2026-01-26 04:00:00,5071.65,5092.74,5066.57,5080.6,29697,34,0
2026-01-26 05:00:00,5080.62,5087.5,5069.51,5076.2,24046,34,0
2026-01-26 06:00:00,5076.17,5077.6,5058.03,5070.04,16413,34,0
2026-01-26 07:00:00,5069.92,5076.25,5052.07,5074.18,26567,34,0
2026-01-26 08:00:00,5074.08,5111.01,5064.87,5077.35,29542,34,0
2026-01-26 09:00:00,5077.22,5095.39,5073.5,5088.79,19556,27,0
2026-01-26 10:00:00,5088.8,5097.87,5079.9,5083.22,21508,27,0
2026-01-26 11:00:00,5083.21,5098.17,5075.07,5083.58,22737,27,0
2026-01-26 12:00:00,5083.99,5094.71,5078.13,5091.3,18477,27,0
2026-01-26 13:00:00,5091.3,5092.4,5078.31,5091.19,20870,27,0
2026-01-26 14:00:00,5091.17,5096.6,5076.76,5078.52,22597,37,0
2026-01-26 15:00:00,5078.46,5082.81,5054.26,5068.01,33008,37,0
2026-01-26 16:00:00,5068.04,5096.59,5057.99,5095.89,34616,37,0
2026-01-26 17:00:00,5095.97,5097.01,5073.71,5090.77,37414,37,0
2026-01-26 18:00:00,5090.76,5104.75,5064.96,5089.4,37631,37,0
2026-01-26 19:00:00,5089.38,5104.88,5080.59,5100.82,33120,37,0
2026-01-26 20:00:00,5100.87,5103.14,5057.54,5068.51,44829,37,0
2026-01-26 21:00:00,5068.46,5069.22,5008.13,5028.63,49254,37,0
2026-01-26 22:00:00,5028.96,5061.97,5026.23,5054.96,40693,37,0
2026-01-26 23:00:00,5055.07,5058.98,4989.69,5008.05,31675,37,0
2026-01-27 01:00:00,5034.39,5061.08,5027.84,5043.27,16616,44,0
2026-01-27 02:00:00,5043.27,5053.61,5013.26,5032.27,23360,44,0
2026-01-27 03:00:00,5032.27,5075.74,5018.3,5061.14,39247,44,0
2026-01-27 04:00:00,5060.94,5079.54,5050.65,5071.31,27368,44,0
2026-01-27 05:00:00,5071.33,5079.86,5059.19,5077.5,25030,44,0
2026-01-27 06:00:00,5077.18,5079.26,5060.42,5066.69,22679,44,0
2026-01-27 07:00:00,5066.69,5084.22,5056.16,5082.62,28872,44,0
2026-01-27 08:00:00,5082.62,5093.67,5076.25,5085.32,26196,44,0
2026-01-27 09:00:00,5085.31,5100.72,5081.26,5085.83,26782,37,0
2026-01-27 10:00:00,5085.82,5088.08,5072.96,5078.96,24050,37,0
2026-01-27 11:00:00,5078.96,5099.44,5077.51,5098.59,22100,37,0
2026-01-27 12:00:00,5098.36,5098.41,5081.52,5086.02,19080,37,0
2026-01-27 13:00:00,5086.04,5090.53,5066.54,5076.65,20482,37,0
2026-01-27 14:00:00,5076.67,5090.98,5073.31,5084.82,26585,37,0
2026-01-27 15:00:00,5084.81,5092.77,5069.34,5077.23,35148,37,0
2026-01-27 16:00:00,5077.28,5082.07,5046.43,5054.19,45607,37,0
2026-01-27 17:00:00,5054.12,5091.28,5047.38,5090.93,42430,37,0
2026-01-27 18:00:00,5091.0,5103.22,5083.2,5087.3,34717,37,0
2026-01-27 19:00:00,5087.27,5094.04,5076.76,5081.23,34389,37,0
2026-01-27 20:00:00,5081.24,5095.47,5076.22,5088.06,32552,37,0
2026-01-27 21:00:00,5088.05,5100.0,5081.02,5098.9,22036,37,0
2026-01-27 22:00:00,5098.91,5182.35,5097.91,5176.54,42987,37,0
2026-01-27 23:00:00,5176.64,5190.31,5169.3,5180.38,23800,37,0
2026-01-28 01:00:00,5181.4,5184.61,5158.68,5173.29,20368,44,0
2026-01-28 02:00:00,5173.3,5181.17,5158.32,5173.05,21446,44,0
2026-01-28 03:00:00,5172.92,5225.17,5169.54,5204.47,40723,44,0
2026-01-28 04:00:00,5204.45,5234.27,5201.28,5231.77,31517,44,0
2026-01-28 05:00:00,5231.61,5247.49,5224.11,5234.83,30421,44,0
2026-01-28 06:00:00,5234.82,5248.47,5231.97,5245.16,18585,44,0
2026-01-28 07:00:00,5245.16,5266.25,5241.13,5260.99,27512,44,0
2026-01-28 08:00:00,5261.0,5271.06,5251.41,5269.42,27068,44,0
2026-01-28 09:00:00,5269.44,5292.61,5262.76,5290.42,22932,37,0
2026-01-28 10:00:00,5290.41,5311.41,5280.39,5293.26,26581,37,0
2026-01-28 11:00:00,5293.24,5297.18,5262.69,5277.81,24635,37,0
2026-01-28 12:00:00,5277.86,5285.33,5268.78,5269.49,18242,37,0
2026-01-28 13:00:00,5269.99,5270.25,5238.4,5261.14,23377,37,0
2026-01-28 14:00:00,5261.15,5278.83,5251.19,5278.76,24055,37,0
2026-01-28 15:00:00,5278.74,5289.01,5256.37,5265.94,33208,37,0
2026-01-28 16:00:00,5265.95,5288.0,5248.07,5285.71,36792,37,0
2026-01-28 17:00:00,5285.71,5298.12,5235.4,5278.02,41376,37,0
2026-01-28 18:00:00,5278.03,5299.77,5274.19,5299.51,33670,37,0
2026-01-28 19:00:00,5299.52,5306.81,5282.65,5298.01,31781,37,0
2026-01-28 20:00:00,5297.97,5325.66,5268.46,5283.39,38691,37,0
2026-01-28 21:00:00,5283.35,5331.57,5269.15,5325.25,40340,43,0
2026-01-28 22:00:00,5325.29,5391.24,5320.83,5376.46,42697,44,0
2026-01-28 23:00:00,5376.51,5417.21,5376.46,5416.95,24563,44,0
2026-01-29 01:00:00,5440.2,5598.09,5432.04,5512.67,38822,51,0
2026-01-29 02:00:00,5512.6,5526.97,5453.91,5519.8,37086,51,0
2026-01-29 03:00:00,5519.83,5551.31,5444.76,5545.19,45377,51,0
2026-01-29 04:00:00,5545.19,5549.66,5503.7,5535.12,39130,51,0
2026-01-29 05:00:00,5535.17,5548.49,5507.79,5545.32,33254,51,0
2026-01-29 06:00:00,5545.32,5564.14,5533.11,5557.71,25089,51,0
2026-01-29 07:00:00,5557.71,5563.91,5515.84,5562.06,30722,51,0
2026-01-29 08:00:00,5562.07,5595.07,5554.07,5560.97,35974,51,0
2026-01-29 09:00:00,5560.97,5574.39,5536.28,5548.36,31440,44,0
2026-01-29 10:00:00,5548.28,5554.15,5473.62,5509.31,35582,44,0
2026-01-29 11:00:00,5509.35,5529.15,5497.39,5513.56,28302,57,0
2026-01-29 12:00:00,5513.57,5524.65,5482.02,5482.75,25046,57,0
2026-01-29 13:00:00,5482.75,5528.5,5470.24,5522.12,25099,57,0
2026-01-29 14:00:00,5522.11,5542.54,5517.97,5533.66,25679,57,0
2026-01-29 15:00:00,5533.69,5540.55,5499.81,5510.01,36524,57,0
2026-01-29 16:00:00,5509.98,5548.98,5490.54,5496.42,44076,57,0
2026-01-29 17:00:00,5496.36,5496.36,5095.62,5182.47,50440,57,0
2026-01-29 18:00:00,5182.42,5309.77,5171.97,5263.95,44766,57,0
2026-01-29 19:00:00,5263.95,5375.09,5263.9,5335.32,44924,57,0
2026-01-29 20:00:00,5335.37,5361.6,5308.0,5338.5,43839,57,0
2026-01-29 21:00:00,5338.54,5345.07,5289.81,5305.55,44033,57,0
2026-01-29 22:00:00,5305.54,5406.59,5282.73,5394.18,41311,57,0
2026-01-29 23:00:00,5393.85,5425.74,5374.18,5377.13,24812,57,0
2026-01-30 01:00:00,5419.91,5448.87,5387.37,5439.27,24335,64,0
2026-01-30 02:00:00,5439.76,5450.86,5390.62,5406.49,31620,64,0
2026-01-30 03:00:00,5406.69,5409.56,5290.85,5301.12,42997,64,0
2026-01-30 04:00:00,5300.93,5312.28,5112.11,5225.87,47617,64,0
2026-01-30 05:00:00,5225.74,5230.61,5150.89,5196.03,37200,64,0
2026-01-30 06:00:00,5195.73,5231.4,5193.43,5214.64,29191,64,0
2026-01-30 07:00:00,5211.87,5240.99,5179.76,5184.57,33278,64,0
2026-01-30 08:00:00,5184.59,5204.85,5145.08,5156.04,38862,79,0
2026-01-30 09:00:00,5156.05,5186.28,5118.4,5180.67,36326,72,0
2026-01-30 10:00:00,5180.65,5180.65,5056.02,5116.75,35894,72,0
2026-01-30 11:00:00,5116.72,5131.97,4942.02,5013.3,39104,121,0
2026-01-30 12:00:00,5013.25,5121.86,5000.19,5119.02,30779,121,0
2026-01-30 13:00:00,5118.99,5144.27,5088.97,5135.51,25751,107,0
2026-01-30 14:00:00,5135.54,5145.45,5054.95,5064.15,28997,79,0
2026-01-30 15:00:00,5064.16,5099.51,4991.93,5019.11,36410,104,0
2026-01-30 16:00:00,5019.07,5112.81,5014.14,5032.62,38039,104,0
2026-01-30 17:00:00,5031.29,5074.02,4980.29,5050.13,39590,77,0
2026-01-30 18:00:00,5050.39,5051.52,4943.56,4985.19,41070,81,0
2026-01-30 19:00:00,4985.15,4985.64,4800.3,4849.3,41613,113,0
2026-01-30 20:00:00,4848.93,4893.78,4689.86,4878.88,42118,113,0
2026-01-30 21:00:00,4879.62,4948.07,4842.31,4932.38,38560,113,0
2026-01-30 22:00:00,4932.43,4932.9,4808.05,4847.67,37917,173,0
2026-01-30 23:00:00,4847.1,4890.94,4831.14,4882.32,20022,158,0
2026-02-02 01:00:00,4828.82,4828.82,4697.81,4741.05,34476,132,0
2026-02-02 02:00:00,4741.7,4883.66,4739.76,4765.76,42607,232,0
2026-02-02 03:00:00,4765.62,4783.8,4583.23,4736.18,50969,232,0
2026-02-02 04:00:00,4735.89,4772.08,4697.66,4710.09,43445,232,0
2026-02-02 05:00:00,4710.13,4728.69,4629.84,4645.95,44814,232,0
2026-02-02 06:00:00,4645.96,4712.55,4602.98,4678.77,39956,232,0
2026-02-02 07:00:00,4678.69,4695.11,4498.11,4548.59,45104,232,0
2026-02-02 08:00:00,4548.48,4572.75,4401.55,4503.27,49416,232,0
2026-02-02 09:00:00,4503.93,4618.17,4484.86,4586.32,39355,232,0
2026-02-02 10:00:00,4586.42,4650.27,4561.21,4640.03,36809,232,0
2026-02-02 11:00:00,4639.95,4730.55,4602.85,4718.75,38548,132,0
2026-02-02 12:00:00,4718.73,4733.23,4656.51,4704.86,33944,132,0
2026-02-02 13:00:00,4704.83,4778.37,4702.86,4765.26,30959,132,0
2026-02-02 14:00:00,4764.92,4811.32,4742.84,4792.95,31981,132,0
2026-02-02 15:00:00,4792.96,4802.91,4668.88,4705.36,45802,65,0
2026-02-02 16:00:00,4705.38,4793.85,4679.42,4718.23,46677,65,0
2026-02-02 17:00:00,4718.47,4744.73,4616.48,4619.29,49420,65,0
2026-02-02 18:00:00,4619.43,4708.25,4595.72,4665.22,45461,65,0
2026-02-02 19:00:00,4665.23,4713.17,4655.84,4673.39,36473,65,0
2026-02-02 20:00:00,4673.35,4673.54,4617.81,4657.36,38619,65,0
2026-02-02 21:00:00,4657.3,4712.17,4630.86,4684.7,35106,65,0
2026-02-02 22:00:00,4684.93,4700.03,4646.93,4651.74,38213,65,0
2026-02-02 23:00:00,4652.13,4686.38,4643.09,4656.98,21150,65,0
2026-02-03 01:00:00,4700.32,4774.85,4694.33,4773.65,24569,65,0
2026-02-03 02:00:00,4773.65,4829.55,4765.19,4779.45,31935,65,0
2026-02-03 03:00:00,4781.83,4855.72,4765.6,4840.93,43725,65,0
2026-02-03 04:00:00,4840.91,4841.1,4744.47,4782.55,40787,65,0
2026-02-03 05:00:00,4782.47,4812.24,4750.89,4808.17,34304,65,0
2026-02-03 06:00:00,4808.15,4824.29,4800.16,4808.63,25828,65,0
2026-02-03 07:00:00,4808.8,4841.33,4808.42,4824.47,31065,65,0
2026-02-03 08:00:00,4824.54,4893.32,4815.88,4880.68,38991,65,0
2026-02-03 09:00:00,4880.41,4932.57,4871.13,4916.37,27500,65,0
2026-02-03 10:00:00,4916.35,4948.46,4897.63,4911.33,26263,65,0
2026-02-03 11:00:00,4911.31,4925.28,4883.68,4915.38,25002,65,0
2026-02-03 12:00:00,4915.37,4928.99,4900.85,4901.44,18506,65,0
2026-02-03 13:00:00,4901.49,4918.37,4883.11,4916.06,21763,54,0
2026-02-03 14:00:00,4916.07,4934.95,4891.18,4913.01,24275,54,0
2026-02-03 15:00:00,4913.07,4950.16,4901.61,4931.97,37656,54,0
2026-02-03 16:00:00,4932.28,4935.65,4893.14,4916.71,41213,54,0
2026-02-03 17:00:00,4916.57,4947.73,4904.07,4934.52,35919,54,0
2026-02-03 18:00:00,4934.67,4992.72,4929.05,4954.57,35360,54,0
2026-02-03 19:00:00,4954.58,4968.58,4906.37,4927.97,42583,54,0
2026-02-03 20:00:00,4927.96,4952.9,4883.97,4907.32,40820,54,0
2026-02-03 21:00:00,4907.4,4947.92,4879.72,4926.1,36990,54,0
2026-02-03 22:00:00,4926.12,4955.92,4901.74,4943.62,34147,54,0
2026-02-03 23:00:00,4943.67,4963.38,4932.95,4945.01,14472,54,0
2026-02-04 01:00:00,4955.47,4955.59,4908.91,4946.47,21925,54,0
2026-02-04 02:00:00,4946.47,5015.36,4944.95,5015.14,29978,54,0
2026-02-04 03:00:00,5015.38,5052.7,4984.33,5045.89,39375,54,0
2026-02-04 04:00:00,5045.88,5064.77,5034.22,5039.17,28082,54,0
2026-02-04 05:00:00,5039.17,5072.43,5034.87,5068.95,23185,54,0
2026-02-04 06:00:00,5068.9,5080.47,5054.81,5079.83,14771,54,0
2026-02-04 07:00:00,5079.76,5089.4,5068.34,5078.41,18657,54,0
2026-02-04 08:00:00,5078.42,5081.97,5049.96,5075.88,26962,54,0
2026-02-04 09:00:00,5075.58,5090.2,5061.2,5083.83,19594,54,0
2026-02-04 10:00:00,5083.84,5090.76,5067.77,5082.6,15082,54,0
2026-02-04 11:00:00,5082.61,5085.84,5041.56,5058.83,21394,54,0
2026-02-04 12:00:00,5058.84,5063.01,5040.56,5047.44,17810,54,0
2026-02-04 13:00:00,5047.46,5052.38,5012.83,5046.25,18825,54,0
2026-02-04 14:00:00,5046.3,5061.71,5035.42,5040.07,16324,54,0
2026-02-04 15:00:00,5040.58,5062.28,5022.16,5052.94,30268,54,0
2026-02-04 16:00:00,5052.99,5058.21,4965.98,4985.29,38992,54,0
2026-02-04 17:00:00,4985.46,5006.59,4886.42,4919.65,45247,54,0
2026-02-04 18:00:00,4919.61,4938.96,4850.3,4903.65,41971,54,0
2026-02-04 19:00:00,4903.68,4929.65,4887.61,4897.44,38276,54,0
2026-02-04 20:00:00,4897.2,4934.48,4872.19,4926.67,30488,54,0
2026-02-04 21:00:00,4926.75,4956.71,4913.93,4940.78,26157,54,0
2026-02-04 22:00:00,4940.93,4950.48,4913.49,4937.46,25043,54,0
2026-02-04 23:00:00,4937.4,4969.77,4936.58,4963.83,10609,54,0
2026-02-05 01:00:00,4993.26,5022.52,4985.71,5010.93,17206,54,0
2026-02-05 02:00:00,5010.94,5019.33,4995.72,5005.34,20005,54,0
2026-02-05 03:00:00,5005.33,5010.41,4934.96,4958.0,43160,54,0
2026-02-05 04:00:00,4957.99,4961.2,4804.33,4811.17,49196,54,0
2026-02-05 05:00:00,4811.33,4887.5,4788.57,4880.09,42313,54,0
2026-02-05 06:00:00,4880.07,4890.56,4862.72,4862.93,26938,54,0
2026-02-05 07:00:00,4863.06,4905.87,4826.12,4895.13,33662,54,0
2026-02-05 08:00:00,4895.13,4933.05,4877.46,4919.29,33205,54,0
2026-02-05 09:00:00,4919.2,4939.77,4894.98,4914.56,29139,54,0
2026-02-05 10:00:00,4914.35,4942.99,4900.46,4911.76,27553,54,0
2026-02-05 11:00:00,4911.77,4914.1,4848.9,4854.21,33149,54,0
2026-02-05 12:00:00,4854.29,4886.21,4847.19,4876.62,25366,54,0
2026-02-05 13:00:00,4876.63,4893.91,4863.87,4867.82,19160,54,0
2026-02-05 14:00:00,4867.21,4877.37,4809.83,4853.47,35808,54,0
2026-02-05 15:00:00,4853.62,4867.61,4801.33,4834.89,38994,54,0
2026-02-05 16:00:00,4834.96,4869.63,4805.15,4845.41,44125,54,0
2026-02-05 17:00:00,4845.18,4865.32,4799.72,4816.97,43747,54,0
2026-02-05 18:00:00,4816.88,4905.76,4811.53,4888.22,37403,54,0
2026-02-05 19:00:00,4888.19,4889.87,4858.54,4868.77,31593,54,0
2026-02-05 20:00:00,4868.77,4874.68,4850.55,4857.42,30321,54,0
2026-02-05 21:00:00,4857.43,4864.56,4822.79,4828.89,26305,54,0
2026-02-05 22:00:00,4828.88,4842.79,4792.17,4810.4,30360,54,0
2026-02-05 23:00:00,4810.43,4825.39,4759.13,4775.59,18906,54,0
2026-02-06 01:00:00,4774.88,4781.06,4702.25,4702.65,23115,54,0
2026-02-06 02:00:00,4702.65,4763.44,4654.37,4761.63,39933,54,0
2026-02-06 03:00:00,4761.63,4784.06,4692.54,4773.34,39887,54,0
2026-02-06 04:00:00,4773.48,4845.3,4760.34,4816.01,36460,54,0
2026-02-06 05:00:00,4816.02,4838.47,4800.54,4823.35,24567,54,0
2026-02-06 06:00:00,4823.31,4830.68,4806.26,4812.98,16820,54,0
2026-02-06 07:00:00,4812.96,4897.1,4806.86,4896.78,26290,54,0
2026-02-06 08:00:00,4896.74,4902.56,4824.78,4845.54,31107,54,0
2026-02-06 09:00:00,4845.53,4861.46,4837.6,4840.42,18656,54,0
2026-02-06 10:00:00,4840.31,4881.52,4828.9,4861.26,20731,54,0
2026-02-06 11:00:00,4860.59,4872.05,4837.86,4866.25,19107,54,0
2026-02-06 12:00:00,4866.25,4879.65,4851.13,4878.28,14744,54,0
2026-02-06 13:00:00,4878.3,4895.48,4863.62,4886.79,16498,54,0
2026-02-06 14:00:00,4886.78,4903.29,4871.29,4900.33,17455,54,0
2026-02-06 15:00:00,4900.33,4937.9,4897.11,4928.85,26695,54,0
2026-02-06 16:00:00,4928.8,4948.77,4893.89,4947.38,28719,54,0
2026-02-06 17:00:00,4946.94,4964.19,4927.93,4942.94,34487,54,0
2026-02-06 18:00:00,4943.1,4952.73,4921.12,4950.87,27580,54,0
2026-02-06 19:00:00,4950.88,4968.04,4947.57,4959.82,18622,54,0
2026-02-06 20:00:00,4959.81,4970.56,4943.13,4961.99,17203,54,0
2026-02-06 21:00:00,4961.99,4962.7,4948.41,4956.83,9040,54,0
2026-02-06 22:00:00,4956.84,4958.64,4936.32,4952.76,16113,54,0
2026-02-06 23:00:00,4952.78,4963.88,4945.73,4963.43,7399,54,0
2026-02-09 01:00:00,4986.74,5046.12,4964.06,5034.9,20047,54,0
2026-02-09 02:00:00,5034.9,5043.55,5010.82,5018.66,21981,54,0
2026-02-09 03:00:00,5020.23,5040.66,4975.28,4981.28,30584,54,0
2026-02-09 04:00:00,4981.25,5020.64,4968.07,5011.05,23545,54,0
2026-02-09 05:00:00,5011.04,5030.19,5009.58,5014.66,19452,54,0
2026-02-09 06:00:00,5014.68,5023.79,5006.36,5010.98,15153,54,0
2026-02-09 07:00:00,5010.95,5040.32,5010.15,5035.17,20657,54,0
2026-02-09 08:00:00,5034.86,5043.84,5012.31,5029.44,28320,54,0
2026-02-09 09:00:00,5029.43,5029.44,4995.51,5004.33,18680,54,0
2026-02-09 10:00:00,5004.32,5034.06,5000.76,5025.63,16144,54,0
2026-02-09 11:00:00,5025.64,5039.09,5001.04,5006.23,14510,54,0
2026-02-09 12:00:00,5006.41,5013.34,4981.25,4989.8,18212,54,0
2026-02-09 13:00:00,4989.81,5016.95,4987.29,5009.57,14288,38,0
2026-02-09 14:00:00,5009.59,5019.46,5005.21,5011.46,14930,38,0
2026-02-09 15:00:00,5011.46,5022.59,4994.35,5006.9,26650,38,0
2026-02-09 16:00:00,5006.86,5040.16,5002.26,5037.44,29056,38,0
2026-02-09 17:00:00,5037.22,5059.35,5022.59,5057.98,27300,38,0
2026-02-09 18:00:00,5057.99,5080.15,5056.06,5072.93,22003,38,0
2026-02-09 19:00:00,5072.95,5074.99,5040.02,5045.53,17585,38,0
2026-02-09 20:00:00,5045.48,5062.88,5043.3,5061.62,20137,38,0
2026-02-09 21:00:00,5061.62,5079.14,5061.29,5073.58,13835,38,0
2026-02-09 22:00:00,5073.59,5085.83,5071.27,5078.75,17309,38,0
2026-02-09 23:00:00,5078.76,5082.2,5047.49,5058.93,9676,38,0
2026-02-10 01:00:00,5055.38,5063.47,4987.22,5031.09,20738,38,0
2026-02-10 02:00:00,5031.09,5047.58,5008.0,5018.03,20240,38,0
2026-02-10 03:00:00,5017.88,5036.84,5011.57,5031.89,30123,38,0
2026-02-10 04:00:00,5031.9,5055.31,5030.84,5037.38,23478,38,0
2026-02-10 05:00:00,5037.14,5037.14,5015.54,5028.89,20346,38,0
2026-02-10 06:00:00,5028.84,5032.71,5016.59,5030.4,12554,38,0
2026-02-10 07:00:00,5030.22,5039.48,5009.95,5038.55,17085,38,0
2026-02-10 08:00:00,5038.53,5044.74,5017.83,5023.32,20598,38,0
2026-02-10 09:00:00,5023.33,5035.04,5017.37,5032.96,14805,38,0
2026-02-10 10:00:00,5032.94,5054.46,5028.21,5040.95,16801,38,0
2026-02-10 11:00:00,5040.95,5062.63,5039.8,5045.52,14781,38,0
2026-02-10 12:00:00,5045.51,5059.92,5038.59,5046.12,13510,38,0
2026-02-10 13:00:00,5046.11,5056.48,5043.18,5055.19,9379,38,0
2026-02-10 14:00:00,5055.22,5056.22,5017.85,5030.92,16181,38,0
2026-02-10 15:00:00,5030.93,5057.45,5025.14,5050.39,22069,38,0
2026-02-10 16:00:00,5050.4,5078.38,5019.57,5038.43,31252,38,0
2026-02-10 17:00:00,5036.67,5046.96,4998.11,5018.49,33569,38,0
2026-02-10 18:00:00,5018.49,5025.13,5004.29,5022.39,28531,38,0
2026-02-10 19:00:00,5022.42,5038.69,5019.35,5025.05,18187,38,0
2026-02-10 20:00:00,5025.06,5026.69,5003.25,5011.46,20686,38,0
2026-02-10 21:00:00,5011.29,5029.08,5007.34,5027.0,14425,38,0
2026-02-10 22:00:00,5027.0,5044.54,5019.32,5029.33,15472,38,0
2026-02-10 23:00:00,5029.25,5031.82,5019.38,5021.44,13588,38,0
2026-02-11 01:00:00,5032.26,5053.77,5028.04,5040.98,8907,38,0
2026-02-11 02:00:00,5041.02,5048.59,5027.4,5039.52,12382,38,0
2026-02-11 03:00:00,5039.53,5054.81,5032.44,5054.3,17662,38,0
2026-02-11 04:00:00,5054.3,5058.27,5031.46,5055.43,15394,38,0
2026-02-11 05:00:00,5055.6,5060.49,5044.83,5053.93,11387,38,0
2026-02-11 06:00:00,5053.92,5059.23,5045.12,5045.49,7510,38,0
2026-02-11 07:00:00,5045.59,5063.49,5042.43,5051.08,12190,38,0
2026-02-11 08:00:00,5051.1,5064.21,5048.02,5063.71,13918,38,0
2026-02-11 09:00:00,5063.69,5068.75,5047.67,5053.64,17238,38,0
2026-02-11 10:00:00,5053.58,5059.02,5044.15,5051.82,11279,36,0
2026-02-11 11:00:00,5051.83,5071.57,5045.34,5062.38,12530,36,0
2026-02-11 12:00:00,5062.39,5101.07,5062.07,5092.9,17892,36,0
2026-02-11 13:00:00,5092.84,5116.06,5082.11,5111.3,15338,36,0
2026-02-11 14:00:00,5111.3,5118.67,5050.28,5082.33,23200,36,0
2026-02-11 15:00:00,5082.13,5088.53,5018.3,5065.29,33549,36,0
2026-02-11 16:00:00,5065.28,5082.5,5034.9,5058.98,33918,36,0
2026-02-11 17:00:00,5058.99,5081.2,5037.98,5059.46,36768,36,0
2026-02-11 18:00:00,5059.35,5077.71,5041.64,5074.63,25949,36,0
2026-02-11 19:00:00,5074.63,5098.42,5068.17,5090.95,20564,36,0
2026-02-11 20:00:00,5090.74,5092.29,5066.51,5081.48,20190,36,0
2026-02-11 21:00:00,5081.48,5093.31,5075.81,5080.98,16028,36,0
2026-02-11 22:00:00,5081.0,5089.62,5078.04,5085.71,16327,36,0
2026-02-11 23:00:00,5085.73,5091.7,5069.03,5081.63,8694,36,0
2026-02-12 01:00:00,5093.93,5094.93,5052.21,5059.66,14141,36,0
2026-02-12 02:00:00,5059.65,5066.31,5048.73,5061.81,18262,36,0
2026-02-12 03:00:00,5061.76,5063.0,5043.57,5062.01,21198,36,0
2026-02-12 04:00:00,5062.14,5071.55,5053.5,5064.58,15596,36,0
2026-02-12 05:00:00,5064.6,5073.28,5053.42,5055.07,12064,36,0
2026-02-12 06:00:00,5055.05,5068.22,5048.93,5067.67,7283,36,0
2026-02-12 07:00:00,5067.69,5077.3,5062.95,5074.25,11455,36,0
2026-02-12 08:00:00,5074.26,5075.0,5044.22,5057.07,17256,36,0
2026-02-12 09:00:00,5057.06,5063.89,5049.24,5061.31,11098,36,0
2026-02-12 10:00:00,5061.31,5072.1,5050.39,5066.88,11587,36,0
2026-02-12 11:00:00,5066.66,5079.61,5064.65,5071.9,10041,36,0
2026-02-12 12:00:00,5071.89,5075.9,5053.15,5059.12,10333,36,0
2026-02-12 13:00:00,5059.12,5065.63,5056.39,5061.11,8141,36,0
2026-02-12 14:00:00,5061.26,5066.17,5045.74,5049.56,11426,36,0
2026-02-12 15:00:00,5049.54,5083.66,5048.26,5074.84,18324,36,0
2026-02-12 16:00:00,5074.83,5076.94,5036.8,5042.11,26738,36,0
2026-02-12 17:00:00,5042.16,5074.22,5037.49,5060.2,23209,36,0
2026-02-12 18:00:00,5060.18,5067.39,4877.27,4953.25,48433,36,0
2026-02-12 19:00:00,4953.24,4981.39,4937.97,4939.62,39147,36,0
2026-02-12 20:00:00,4939.54,4950.83,4905.23,4934.59,36734,36,0
2026-02-12 21:00:00,4934.58,4956.72,4927.31,4944.12,29387,36,0
2026-02-12 22:00:00,4944.15,4947.11,4909.8,4913.53,30366,36,0
2026-02-12 23:00:00,4913.14,4924.95,4910.29,4920.32,10587,36,0
2026-02-13 01:00:00,4890.75,4927.5,4887.32,4919.2,14456,36,0
2026-02-13 02:00:00,4919.19,4947.67,4912.69,4927.15,18828,36,0
2026-02-13 03:00:00,4927.16,4988.28,4926.06,4980.3,26230,36,0
2026-02-13 04:00:00,4980.2,4991.15,4971.53,4987.83,16786,36,0
2026-02-13 05:00:00,4987.88,4988.79,4973.48,4980.68,11239,36,0
2026-02-13 06:00:00,4980.68,4996.53,4972.17,4975.7,9771,36,0
2026-02-13 07:00:00,4975.69,4985.87,4944.0,4945.44,17087,36,0
2026-02-13 08:00:00,4945.54,4967.66,4945.15,4966.09,20372,36,0
2026-02-13 09:00:00,4966.09,4981.95,4949.92,4974.29,14892,36,0
2026-02-13 10:00:00,4974.16,4988.83,4970.85,4982.31,16175,36,0
2026-02-13 11:00:00,4982.22,4982.41,4960.8,4969.58,12548,36,0
2026-02-13 12:00:00,4969.57,4980.18,4946.22,4948.94,10822,36,0
2026-02-13 13:00:00,4948.92,4953.97,4931.81,4952.49,15404,36,0
2026-02-13 14:00:00,4952.42,4973.82,4950.71,4969.25,13509,36,0
2026-02-13 15:00:00,4969.28,4999.05,4957.38,4986.41,22417,36,0
2026-02-13 16:00:00,4986.44,5010.74,4963.47,4995.11,32630,36,0
2026-02-13 17:00:00,4995.12,5020.25,4973.12,4976.17,37618,36,0
2026-02-13 18:00:00,4976.18,5033.32,4974.78,5007.12,29161,36,0
2026-02-13 19:00:00,5007.14,5028.4,5005.57,5020.72,19850,36,0
2026-02-13 20:00:00,5020.77,5035.49,5014.96,5031.08,19564,36,0
2026-02-13 21:00:00,5031.09,5045.82,5023.39,5023.39,18270,36,0
2026-02-13 22:00:00,5023.37,5034.3,5020.89,5031.94,22030,36,0
2026-02-13 23:00:00,5031.95,5045.62,5029.26,5042.3,9247,36,0
2026-02-16 01:00:00,5014.27,5030.22,5009.57,5018.56,15030,36,0
2026-02-16 02:00:00,5018.76,5021.26,4998.81,5014.18,12859,36,0
2026-02-16 03:00:00,5014.14,5030.13,5005.84,5027.86,10918,36,0
2026-02-16 04:00:00,5027.86,5030.19,4990.8,4993.08,11930,36,0
2026-02-16 05:00:00,4993.03,4997.97,4971.69,4985.98,11492,36,0
2026-02-16 06:00:00,4985.95,4990.71,4970.44,4974.19,10472,36,0
2026-02-16 07:00:00,4974.22,4988.91,4961.44,4988.91,8693,36,0
2026-02-16 08:00:00,4988.88,5002.42,4984.02,4993.25,8406,36,0
2026-02-16 09:00:00,4993.24,5008.53,4987.81,5006.28,9013,36,0
2026-02-16 10:00:00,5006.27,5012.15,4994.35,5007.15,10615,36,0
2026-02-16 11:00:00,5007.19,5016.81,5007.04,5013.13,8100,36,0
2026-02-16 12:00:00,5013.1,5016.75,4999.1,5004.78,8613,36,0
2026-02-16 13:00:00,5004.76,5005.66,4997.06,5001.53,6934,36,0
2026-02-16 14:00:00,5001.54,5006.15,4991.23,4999.57,9222,36,0
2026-02-16 15:00:00,4999.56,5001.04,4987.59,4995.51,9304,35,0
2026-02-16 16:00:00,4995.52,4997.67,4979.45,4986.19,11715,36,0
2026-02-16 17:00:00,4986.12,4986.16,4967.22,4977.05,12031,35,0
2026-02-16 18:00:00,4977.04,4988.6,4970.77,4986.24,10277,36,0
2026-02-16 19:00:00,4986.27,4994.91,4986.26,4990.33,6062,36,0
2026-02-16 20:00:00,4990.32,4996.29,4987.36,4993.53,7541,36,0
2026-02-16 21:00:00,4993.49,4994.45,4993.36,4994.42,140,36,0
2026-02-17 01:00:00,4997.04,4999.79,4984.54,4988.78,6852,36,0
2026-02-17 02:00:00,4988.97,4990.56,4935.8,4939.52,14164,36,0
2026-02-17 03:00:00,4939.52,4962.34,4926.16,4956.81,15959,36,0
2026-02-17 04:00:00,4956.84,4969.6,4953.01,4965.15,9536,33,0
2026-02-17 05:00:00,4965.12,4967.96,4948.64,4955.3,9988,36,0
2026-02-17 06:00:00,4955.24,4958.99,4945.11,4950.95,7272,36,0
2026-02-17 07:00:00,4950.91,4952.32,4857.75,4887.33,23117,36,0
2026-02-17 08:00:00,4887.36,4912.35,4885.38,4909.09,12457,30,0
2026-02-17 09:00:00,4909.13,4920.93,4902.32,4915.93,12327,36,0
2026-02-17 10:00:00,4915.83,4929.35,4915.0,4919.61,12571,36,0
2026-02-17 11:00:00,4919.42,4931.65,4912.27,4925.46,11794,36,0
2026-02-17 12:00:00,4925.46,4938.89,4906.15,4911.84,11276,36,0
2026-02-17 13:00:00,4911.86,4930.86,4911.84,4929.26,10666,36,0
2026-02-17 14:00:00,4929.22,4944.33,4928.03,4931.52,12319,36,0
2026-02-17 15:00:00,4931.52,4932.74,4869.18,4869.59,19936,36,0
2026-02-17 16:00:00,4869.52,4906.36,4841.45,4861.91,32251,36,0
2026-02-17 17:00:00,4862.68,4881.08,4847.99,4877.15,33399,33,0
2026-02-17 18:00:00,4877.12,4892.35,4867.28,4867.88,26334,33,0
2026-02-17 19:00:00,4867.93,4869.98,4848.91,4863.57,24184,33,0
2026-02-17 20:00:00,4863.63,4909.4,4861.26,4898.05,20321,33,0
2026-02-17 21:00:00,4898.06,4900.26,4875.44,4879.13,17003,33,0
2026-02-17 22:00:00,4879.13,4882.68,4872.16,4876.81,18663,33,0
2026-02-17 23:00:00,4876.83,4885.63,4873.76,4876.35,6029,33,0
2026-02-18 01:00:00,4869.48,4883.12,4852.78,4857.8,10647,33,0
2026-02-18 02:00:00,4857.69,4882.15,4857.03,4873.81,12285,30,0
2026-02-18 03:00:00,4873.79,4892.02,4873.47,4889.1,11191,33,0
2026-02-18 04:00:00,4889.05,4907.39,4886.03,4905.29,8013,27,0
2026-02-18 05:00:00,4905.65,4921.77,4904.3,4920.14,8401,33,0
2026-02-18 06:00:00,4920.14,4940.0,4917.6,4933.81,8269,33,0
2026-02-18 07:00:00,4933.84,4940.15,4929.79,4933.83,6469,33,0
2026-02-18 08:00:00,4933.89,4936.01,4925.44,4930.99,7577,33,0
2026-02-18 09:00:00,4930.97,4942.71,4929.15,4930.29,7506,33,0
2026-02-18 10:00:00,4930.27,4932.15,4915.48,4916.14,8738,33,0
2026-02-18 11:00:00,4916.17,4922.61,4912.28,4916.45,8946,33,0
2026-02-18 12:00:00,4916.47,4923.33,4908.77,4913.05,10405,33,0
2026-02-18 13:00:00,4913.09,4916.68,4905.92,4912.27,7510,33,0
2026-02-18 14:00:00,4912.27,4946.55,4911.34,4942.45,11760,31,0
2026-02-18 15:00:00,4942.45,4968.79,4942.43,4953.7,15991,33,0
2026-02-18 16:00:00,4953.71,4994.78,4951.52,4992.28,21242,33,0
2026-02-18 17:00:00,4992.27,5009.08,4992.12,4998.15,20383,33,0
2026-02-18 18:00:00,4998.17,5011.31,4991.46,5000.47,17634,32,0
2026-02-18 19:00:00,5000.62,5001.73,4993.51,4999.19,12505,31,0
2026-02-18 20:00:00,4999.19,5003.14,4980.63,4987.28,16618,33,0
2026-02-18 21:00:00,4987.21,4995.25,4972.91,4980.52,17729,33,0
2026-02-18 22:00:00,4980.52,4987.17,4975.42,4984.48,16653,33,0
2026-02-18 23:00:00,4984.47,4986.15,4974.9,4975.23,4512,33,0
2026-02-19 01:00:00,4972.35,4988.09,4966.53,4975.22,8873,33,0
2026-02-19 02:00:00,4975.14,4975.14,4959.62,4960.19,10284,33,0
2026-02-19 03:00:00,4960.17,4974.96,4959.67,4972.2,9555,33,0
2026-02-19 04:00:00,4972.14,4976.38,4964.76,4967.34,6793,33,0
2026-02-19 05:00:00,4967.32,4982.33,4965.47,4980.62,7134,33,0
2026-02-19 06:00:00,4980.57,4984.5,4975.81,4983.26,5822,33,0
2026-02-19 07:00:00,4983.21,4997.47,4983.16,4996.06,5847,33,0
2026-02-19 08:00:00,4996.02,5019.17,4995.74,5017.66,8281,33,0
2026-02-19 09:00:00,5017.65,5020.96,5008.41,5009.41,8277,33,0
2026-02-19 10:00:00,5009.34,5021.15,5005.18,5016.11,9994,28,0
2026-02-19 11:00:00,5016.11,5019.56,4992.28,4995.03,10546,31,0
2026-02-19 12:00:00,4994.99,4995.51,4980.02,4991.24,11274,31,0
2026-02-19 13:00:00,4991.24,4994.13,4976.12,4982.59,9861,31,0
2026-02-19 14:00:00,4982.57,4990.52,4978.54,4982.83,9939,31,0
2026-02-19 15:00:00,4982.85,4996.31,4970.14,4994.77,14698,30,0
2026-02-19 16:00:00,4994.76,5009.62,4961.61,5004.86,23785,31,0
2026-02-19 17:00:00,5004.89,5021.33,4995.23,5012.69,27916,31,0
2026-02-19 18:00:00,5012.73,5013.32,4989.14,4994.21,20040,31,0
2026-02-19 19:00:00,4994.12,5000.61,4982.04,4983.86,15385,31,0
2026-02-19 20:00:00,4983.88,4988.06,4974.19,4979.83,14303,31,0
2026-02-19 21:00:00,4979.82,4989.05,4977.2,4986.79,12330,29,0
2026-02-19 22:00:00,4986.84,5002.58,4986.83,5001.03,14939,31,0
2026-02-19 23:00:00,5001.03,5003.39,4991.44,4994.89,5663,31,0
2026-02-20 01:00:00,5000.49,5007.48,4984.5,4986.62,7659,31,0
2026-02-20 02:00:00,4986.61,5006.16,4984.35,5005.68,7389,31,0
2026-02-20 03:00:00,5005.67,5014.14,4994.07,4995.5,10230,31,0
2026-02-20 04:00:00,4995.49,5006.0,4991.41,4994.82,8099,31,0
2026-02-20 05:00:00,4994.5,4997.71,4980.46,4986.87,7817,31,0
2026-02-20 06:00:00,4986.87,5002.18,4985.48,4998.57,5539,31,0
2026-02-20 07:00:00,4998.57,5010.99,4997.08,5010.99,7312,31,0
2026-02-20 08:00:00,5011.12,5029.92,5011.11,5020.47,10222,31,0
2026-02-20 09:00:00,5020.49,5027.84,5004.97,5005.17,10158,31,0
2026-02-20 10:00:00,5005.18,5029.6,5004.07,5027.57,11430,24,0
2026-02-20 11:00:00,5027.58,5042.52,5026.86,5027.32,11624,31,0
2026-02-20 12:00:00,5027.37,5037.96,5019.46,5034.08,10400,31,0
2026-02-20 13:00:00,5034.07,5034.36,5014.83,5016.48,9818,31,0
2026-02-20 14:00:00,5016.49,5025.72,5005.75,5024.22,11592,31,0
2026-02-20 15:00:00,5024.26,5048.74,5018.04,5043.7,15139,30,0
2026-02-20 16:00:00,5043.65,5060.89,5037.3,5054.82,21366,30,0
2026-02-20 17:00:00,5054.8,5063.99,4989.51,5042.45,37473,30,0
2026-02-20 18:00:00,5042.46,5069.26,5038.55,5067.07,25689,30,0
2026-02-20 19:00:00,5066.87,5076.48,5053.71,5073.21,22841,30,0
2026-02-20 20:00:00,5073.22,5075.04,5054.4,5071.27,22856,29,0
2026-02-20 21:00:00,5071.51,5079.95,5068.98,5079.31,12882,30,0
2026-02-20 22:00:00,5079.3,5098.13,5076.79,5097.02,17001,30,0
2026-02-20 23:00:00,5097.04,5106.4,5091.95,5102.4,7342,30,0
2026-02-23 01:00:00,5117.52,5170.45,5117.32,5163.99,15811,30,0
2026-02-23 02:00:00,5163.87,5165.53,5129.89,5145.01,20379,30,0
2026-02-23 03:00:00,5145.04,5164.42,5140.49,5155.86,17330,30,0
2026-02-23 04:00:00,5155.67,5175.71,5155.19,5172.6,14051,30,0
2026-02-23 05:00:00,5172.62,5174.82,5150.75,5166.45,11731,30,0
2026-02-23 06:00:00,5166.42,5168.43,5154.99,5160.3,9326,30,0
2026-02-23 07:00:00,5160.29,5161.21,5151.52,5155.93,9025,30,0
2026-02-23 08:00:00,5155.91,5159.05,5143.97,5144.61,9719,30,0
2026-02-23 09:00:00,5144.78,5153.33,5124.27,5135.67,15079,30,0
2026-02-23 10:00:00,5135.58,5140.9,5120.79,5139.04,13877,30,0
2026-02-23 11:00:00,5139.06,5148.68,5138.07,5147.75,10096,30,0
2026-02-23 12:00:00,5147.8,5162.37,5143.94,5161.77,11509,30,0
2026-02-23 13:00:00,5161.88,5162.39,5142.76,5147.98,9725,30,0
2026-02-23 14:00:00,5147.9,5164.72,5143.85,5163.62,11278,30,0
2026-02-23 15:00:00,5163.63,5164.92,5142.08,5144.37,13995,20,0
2026-02-23 16:00:00,5144.3,5200.04,5139.63,5192.23,19172,19,0
2026-02-23 17:00:00,5191.81,5204.55,5180.37,5196.25,20889,19,0
2026-02-23 18:00:00,5196.2,5218.43,5175.01,5209.77,19905,21,0
2026-02-23 19:00:00,5209.83,5213.32,5189.92,5207.38,16746,21,0
2026-02-23 20:00:00,5207.75,5215.21,5200.72,5208.92,14669,19,0
2026-02-23 21:00:00,5208.67,5217.67,5205.95,5214.87,12570,21,0
2026-02-23 22:00:00,5214.89,5236.71,5214.17,5235.31,13673,19,0
2026-02-23 23:00:00,5235.22,5236.36,5225.69,5226.54,6739,19,0
2026-02-24 01:00:00,5242.12,5248.8,5233.34,5234.53,9033,31,0
2026-02-24 02:00:00,5234.35,5237.24,5216.7,5222.71,14265,19,0
2026-02-24 03:00:00,5222.68,5222.88,5144.19,5175.32,23429,19,0
2026-02-24 04:00:00,5175.59,5188.77,5163.79,5187.84,15298,21,0
2026-02-24 05:00:00,5187.65,5189.9,5168.83,5169.85,11828,19,0
2026-02-24 06:00:00,5169.78,5172.66,5159.11,5166.28,10335,23,0
2026-02-24 07:00:00,5165.73,5183.77,5162.09,5180.58,12213,20,0
2026-02-24 08:00:00,5180.62,5182.63,5153.91,5170.72,13508,20,0
2026-02-24 09:00:00,5169.93,5181.57,5161.3,5177.06,13004,19,0
2026-02-24 10:00:00,5176.31,5179.75,5162.32,5170.99,13919,19,0
2026-02-24 11:00:00,5170.63,5177.78,5163.56,5168.5,11250,20,0
2026-02-24 12:00:00,5168.48,5178.83,5160.41,5170.58,10931,19,0
2026-02-24 13:00:00,5170.59,5176.52,5168.85,5170.53,9363,21,0
2026-02-24 14:00:00,5170.52,5171.31,5141.78,5148.35,15209,19,0
2026-02-24 15:00:00,5148.34,5158.48,5108.74,5112.97,19782,20,0
2026-02-24 16:00:00,5112.9,5137.59,5090.29,5126.72,25101,19,0
2026-02-24 17:00:00,5126.83,5154.1,5116.39,5148.6,22000,19,0
2026-02-24 18:00:00,5149.08,5150.68,5128.81,5139.92,18414,20,0
2026-02-24 19:00:00,5139.89,5162.43,5139.81,5162.35,13587,25,0
2026-02-24 20:00:00,5162.37,5168.61,5152.03,5158.44,13563,25,0
2026-02-24 21:00:00,5158.12,5158.83,5144.95,5152.51,13208,23,0
2026-02-24 22:00:00,5152.52,5171.87,5145.05,5162.4,14305,19,0
2026-02-24 23:00:00,5162.55,5164.04,5138.7,5143.08,7070,24,0
2026-02-25 01:00:00,5134.77,5154.37,5126.74,5149.17,7775,23,0
2026-02-25 02:00:00,5149.2,5158.47,5139.51,5154.57,11304,19,0
2026-02-25 03:00:00,5154.56,5189.19,5146.64,5175.93,17676,22,0
2026-02-25 04:00:00,5175.92,5193.0,5165.2,5179.65,15367,19,0
2026-02-25 05:00:00,5179.61,5188.9,5177.45,5181.25,13909,19,0
2026-02-25 06:00:00,5181.22,5184.57,5171.57,5181.69,8025,32,0
2026-02-25 07:00:00,5181.9,5209.21,5181.66,5200.5,12804,20,0
2026-02-25 08:00:00,5200.51,5200.55,5180.26,5192.19,13893,19,0
2026-02-25 09:00:00,5192.23,5192.95,5177.73,5182.13,8889,19,0
2026-02-25 10:00:00,5182.02,5194.95,5181.8,5183.14,11223,20,0
2026-02-25 11:00:00,5183.13,5192.66,5173.96,5191.37,12044,19,0
2026-02-25 12:00:00,5191.39,5193.28,5167.97,5172.54,11203,19,0
2026-02-25 13:00:00,5172.48,5180.43,5152.6,5179.48,12427,19,0
2026-02-25 14:00:00,5179.39,5185.82,5176.0,5181.35,10962,19,0
2026-02-25 15:00:00,5181.32,5190.43,5179.47,5184.46,15043,19,0
2026-02-25 16:00:00,5184.2,5191.85,5155.84,5189.95,19503,19,0
2026-02-25 17:00:00,5189.94,5201.12,5170.43,5193.4,20688,19,0
2026-02-25 18:00:00,5193.38,5212.87,5188.14,5211.4,15814,26,0
2026-02-25 19:00:00,5211.39,5216.87,5203.01,5205.95,13944,19,0
2026-02-25 20:00:00,5205.93,5206.56,5200.08,5201.15,6877,19,0
2026-02-25 21:00:00,5201.15,5207.24,5190.87,5203.72,13699,18,0
2026-02-25 22:00:00,5203.65,5205.13,5143.99,5150.48,17414,19,0
2026-02-25 23:00:00,5150.45,5171.6,5148.64,5167.0,11452,21,0
2026-02-26 01:00:00,5173.44,5179.92,5159.45,5161.08,10495,31,0
2026-02-26 02:00:00,5161.19,5190.48,5153.7,5186.84,14395,19,0
2026-02-26 03:00:00,5186.82,5197.29,5177.05,5190.27,18376,19,0
2026-02-26 04:00:00,5189.99,5194.26,5172.56,5182.85,15737,19,0
2026-02-26 05:00:00,5182.89,5192.08,5181.55,5191.52,11369,19,0
2026-02-26 06:00:00,5191.34,5197.91,5189.75,5191.57,8193,19,0
2026-02-26 07:00:00,5191.84,5204.98,5188.97,5197.07,11525,20,0
2026-02-26 08:00:00,5197.09,5198.58,5189.28,5192.04,11484,21,0
2026-02-26 09:00:00,5192.05,5193.6,5177.84,5184.13,11808,19,0
2026-02-26 10:00:00,5184.12,5189.37,5165.0,5177.24,15726,19,0
2026-02-26 11:00:00,5177.2,5187.06,5171.48,5184.07,11725,19,0
2026-02-26 12:00:00,5184.07,5187.75,5162.72,5168.34,11041,20,0
2026-02-26 13:00:00,5168.35,5175.63,5158.43,5161.44,10935,20,0
2026-02-26 14:00:00,5161.5,5185.68,5154.48,5182.03,13373,19,0
2026-02-26 15:00:00,5182.03,5183.85,5161.56,5163.55,17442,19,0
2026-02-26 16:00:00,5163.16,5174.23,5136.3,5162.42,21762,19,0
2026-02-26 17:00:00,5162.35,5191.9,5127.76,5185.12,26050,19,0
2026-02-26 18:00:00,5185.13,5186.68,5171.73,5178.86,19546,19,0
2026-02-26 19:00:00,5178.88,5189.4,5161.33,5166.39,16395,19,0
2026-02-26 20:00:00,5166.58,5185.44,5159.39,5179.89,16273,24,0
2026-02-26 21:00:00,5180.18,5193.84,5179.26,5186.71,12805,21,0
2026-02-26 22:00:00,5186.73,5200.44,5186.48,5195.9,14334,31,0
2026-02-26 23:00:00,5195.93,5200.27,5181.89,5183.92,6658,25,0
2026-02-27 01:00:00,5181.04,5188.27,5178.29,5183.58,5678,31,0
2026-02-27 02:00:00,5183.56,5194.19,5168.71,5173.3,11945,19,0
2026-02-27 03:00:00,5173.65,5194.3,5165.32,5193.79,16003,19,0
2026-02-27 04:00:00,5193.82,5199.52,5172.34,5181.78,15183,20,0
2026-02-27 05:00:00,5181.74,5188.89,5179.5,5182.53,10872,31,0
2026-02-27 06:00:00,5182.51,5187.43,5179.43,5180.3,7903,20,0
2026-02-27 07:00:00,5180.32,5199.75,5180.17,5197.5,11065,24,0
2026-02-27 08:00:00,5197.5,5198.95,5184.36,5184.43,14157,20,0
2026-02-27 09:00:00,5184.44,5187.85,5172.69,5172.82,12251,22,0
2026-02-27 10:00:00,5172.78,5179.29,5170.52,5174.71,10889,22,0
2026-02-27 11:00:00,5174.28,5178.86,5169.1,5172.44,10598,22,0
2026-02-27 12:00:00,5172.43,5178.04,5165.65,5174.52,10738,22,0
2026-02-27 13:00:00,5174.51,5182.46,5169.87,5182.42,9267,19,0
2026-02-27 14:00:00,5182.55,5188.71,5179.83,5184.0,11660,21,0
2026-02-27 15:00:00,5183.8,5240.68,5183.42,5222.21,21609,19,0
2026-02-27 16:00:00,5222.17,5236.15,5213.76,5223.45,20593,22,0
2026-02-27 17:00:00,5223.5,5246.68,5214.21,5239.71,21735,19,0
2026-02-27 18:00:00,5239.74,5257.42,5221.31,5227.91,20991,19,0
2026-02-27 19:00:00,5227.99,5235.93,5220.01,5233.54,18057,24,0
2026-02-27 20:00:00,5233.54,5246.23,5221.4,5244.67,16244,20,0
2026-02-27 21:00:00,5244.64,5252.07,5240.43,5250.2,13759,19,0
2026-02-27 22:00:00,5250.09,5265.19,5248.81,5263.08,14473,19,0
2026-02-27 23:00:00,5263.09,5280.56,5256.75,5278.13,7840,21,0
2026-03-02 01:00:00,5361.49,5391.85,5329.05,5385.38,14003,368,0
2026-03-02 02:00:00,5385.37,5386.5,5339.3,5346.0,18573,519,0
2026-03-02 03:00:00,5346.03,5346.03,5302.11,5323.65,22483,519,0
2026-03-02 04:00:00,5323.62,5350.39,5315.61,5345.38,17271,519,0
2026-03-02 05:00:00,5345.39,5365.44,5343.35,5364.94,14332,519,0
2026-03-02 06:00:00,5364.93,5365.65,5344.06,5354.75,11939,519,0
2026-03-02 07:00:00,5354.79,5365.27,5340.05,5364.97,13619,522,0
2026-03-02 08:00:00,5364.98,5388.85,5362.69,5385.82,15572,19,0
2026-03-02 09:00:00,5385.81,5417.8,5383.17,5405.28,15272,19,0
2026-03-02 10:00:00,5405.25,5412.53,5390.43,5392.96,16212,19,0
2026-03-02 11:00:00,5393.22,5401.17,5384.91,5390.77,14173,20,0
2026-03-02 12:00:00,5390.72,5399.22,5377.77,5386.97,13955,19,0
2026-03-02 13:00:00,5387.09,5398.2,5373.19,5383.63,13610,19,0
2026-03-02 14:00:00,5383.59,5396.89,5377.16,5394.95,14452,19,0
2026-03-02 15:00:00,5394.98,5415.34,5379.77,5391.49,20462,19,0
2026-03-02 16:00:00,5391.5,5392.62,5304.7,5331.33,24244,19,0
2026-03-02 17:00:00,5328.6,5347.32,5306.28,5313.18,23751,21,0
2026-03-02 18:00:00,5312.78,5312.78,5258.72,5288.25,22958,18,0
2026-03-02 19:00:00,5288.32,5318.64,5284.95,5304.52,19356,20,0
2026-03-02 20:00:00,5304.6,5314.39,5287.06,5313.24,16817,32,0
2026-03-02 21:00:00,5313.25,5332.26,5311.63,5328.4,14129,20,0
2026-03-02 22:00:00,5328.43,5344.63,5326.43,5330.58,17595,20,0
2026-03-02 23:00:00,5330.52,5338.24,5318.44,5319.11,8040,21,0
2026-03-03 01:00:00,5341.93,5344.93,5327.51,5344.18,7875,27,0
2026-03-03 02:00:00,5344.19,5359.95,5335.2,5348.02,12054,19,0
2026-03-03 03:00:00,5348.05,5378.48,5332.51,5333.71,19160,19,0
2026-03-03 04:00:00,5333.8,5360.94,5327.14,5359.28,17456,19,0
2026-03-03 05:00:00,5359.29,5365.8,5352.44,5362.14,12660,20,0
2026-03-03 06:00:00,5362.12,5371.2,5352.11,5352.29,11054,19,0
2026-03-03 07:00:00,5352.08,5358.45,5302.68,5316.22,17192,20,0
2026-03-03 08:00:00,5316.24,5320.56,5276.51,5308.43,19880,19,0
2026-03-03 09:00:00,5307.96,5329.25,5303.94,5325.48,14436,23,0
2026-03-03 10:00:00,5324.92,5333.63,5287.6,5293.37,18263,22,0
2026-03-03 11:00:00,5293.08,5301.45,5224.04,5272.84,19597,19,0
2026-03-03 12:00:00,5272.83,5286.27,5236.56,5246.15,18405,19,0
2026-03-03 13:00:00,5246.18,5261.93,5072.11,5143.56,22233,18,0
2026-03-03 14:00:00,5143.54,5225.72,5137.27,5223.47,18987,19,0
2026-03-03 15:00:00,5223.55,5223.58,5126.33,5155.85,22897,19,0
2026-03-03 16:00:00,5155.76,5174.9,5014.88,5038.11,24520,19,0
2026-03-03 17:00:00,5038.31,5095.88,4995.33,5094.57,25791,19,0
2026-03-03 18:00:00,5094.39,5133.75,5089.71,5105.84,24611,19,0
2026-03-03 19:00:00,5106.57,5108.8,5064.19,5078.19,22527,22,0
2026-03-03 20:00:00,5078.21,5137.13,5078.14,5134.9,21203,21,0
2026-03-03 21:00:00,5134.82,5147.77,5098.04,5112.13,21305,22,0
2026-03-03 22:00:00,5112.94,5129.35,5084.83,5096.03,20141,22,0
2026-03-03 23:00:00,5096.52,5109.6,5081.01,5087.88,10658,19,0
2026-03-04 01:00:00,5109.08,5128.62,5102.36,5124.09,12291,22,0
2026-03-04 02:00:00,5124.16,5139.29,5104.93,5137.58,15958,23,0
2026-03-04 03:00:00,5137.52,5177.52,5137.52,5174.09,24075,19,0
2026-03-04 04:00:00,5174.1,5189.81,5153.07,5155.54,21690,22,0
2026-03-04 05:00:00,5155.53,5176.96,5140.34,5173.36,19460,31,0
2026-03-04 06:00:00,5173.18,5180.19,5151.76,5156.09,16776,23,0
2026-03-04 07:00:00,5156.08,5167.36,5151.47,5158.99,19369,31,0
2026-03-04 08:00:00,5159.01,5160.6,5113.8,5160.6,20154,20,0
2026-03-04 09:00:00,5160.41,5174.87,5157.99,5167.22,16046,20,0
2026-03-04 10:00:00,5167.23,5181.4,5145.91,5166.38,18442,19,0
2026-03-04 11:00:00,5166.16,5184.27,5157.75,5181.67,15522,19,0
2026-03-04 12:00:00,5181.66,5201.1,5178.06,5188.64,17465,19,0
2026-03-04 13:00:00,5188.63,5199.72,5186.42,5191.0,14383,19,0
2026-03-04 14:00:00,5191.02,5204.57,5155.33,5169.66,19839,19,0
2026-03-04 15:00:00,5169.65,5194.91,5167.12,5167.46,22037,19,0
2026-03-04 16:00:00,5167.47,5183.66,5137.45,5143.84,26370,20,0
2026-03-04 17:00:00,5143.82,5166.41,5129.54,5150.32,26955,19,0
2026-03-04 18:00:00,5150.35,5161.54,5137.41,5148.81,22197,23,0
2026-03-04 19:00:00,5148.78,5152.08,5118.3,5140.45,20425,19,0
2026-03-04 20:00:00,5140.46,5142.86,5108.35,5133.02,19762,20,0
2026-03-04 21:00:00,5133.21,5138.64,5122.39,5137.14,14747,21,0
2026-03-04 22:00:00,5136.91,5145.94,5122.55,5133.74,15445,32,0
2026-03-04 23:00:00,5134.38,5143.32,5128.34,5136.32,7135,19,0
2026-03-05 01:00:00,5150.24,5164.5,5143.38,5163.69,6751,23,0
2026-03-05 02:00:00,5163.66,5178.21,5158.1,5171.36,11203,20,0
2026-03-05 03:00:00,5171.62,5185.27,5166.05,5170.85,17689,21,0
2026-03-05 04:00:00,5170.56,5191.8,5169.82,5191.35,14754,24,0
2026-03-05 05:00:00,5191.53,5195.15,5177.43,5179.37,13306,23,0
2026-03-05 06:00:00,5179.27,5185.9,5165.3,5170.57,10317,19,0
2026-03-05 07:00:00,5170.56,5175.89,5147.36,5147.63,13653,24,0
2026-03-05 08:00:00,5147.66,5167.83,5118.54,5166.69,18728,20,0
2026-03-05 09:00:00,5166.72,5172.03,5158.14,5161.48,13947,19,0
2026-03-05 10:00:00,5161.36,5169.38,5135.94,5165.05,16431,22,0
2026-03-05 11:00:00,5165.25,5180.06,5152.59,5159.93,16725,18,0
2026-03-05 12:00:00,5159.84,5166.12,5145.06,5163.19,13398,21,0
2026-03-05 13:00:00,5163.18,5166.59,5156.13,5162.58,11448,19,0
2026-03-05 14:00:00,5162.57,5170.43,5159.37,5160.94,12956,19,0
2026-03-05 15:00:00,5161.04,5162.52,5082.66,5116.66,20612,19,0
2026-03-05 16:00:00,5116.34,5128.12,5088.84,5100.64,23106,23,0
2026-03-05 17:00:00,5100.64,5118.46,5058.74,5101.06,23757,19,0
2026-03-05 18:00:00,5101.09,5102.87,5051.8,5075.9,21783,19,0
2026-03-05 19:00:00,5076.46,5087.74,5053.0,5060.78,20909,26,0
2026-03-05 20:00:00,5060.74,5083.65,5048.87,5067.11,20149,19,0
2026-03-05 21:00:00,5067.24,5079.06,5053.54,5063.85,18747,20,0
2026-03-05 22:00:00,5063.83,5093.11,5059.62,5074.99,18523,19,0
2026-03-05 23:00:00,5074.95,5082.29,5070.37,5079.41,6260,32,0
2026-03-06 01:00:00,5086.93,5099.81,5078.68,5084.12,7850,19,0
2026-03-06 02:00:00,5083.8,5093.25,5071.91,5084.81,11843,19,0
2026-03-06 03:00:00,5084.82,5142.84,5066.85,5134.01,18744,19,0
2026-03-06 04:00:00,5133.96,5137.73,5121.43,5125.31,15204,24,0
2026-03-06 05:00:00,5125.3,5140.81,5123.55,5130.43,11096,19,0
2026-03-06 06:00:00,5130.4,5135.65,5126.14,5126.96,8445,24,0
2026-03-06 07:00:00,5126.91,5129.59,5113.35,5116.66,12696,20,0
2026-03-06 08:00:00,5116.85,5121.9,5108.79,5114.31,12303,25,0
2026-03-06 09:00:00,5114.47,5119.77,5104.48,5118.53,11846,23,0
2026-03-06 10:00:00,5118.57,5122.1,5094.48,5107.34,13806,20,0
2026-03-06 11:00:00,5107.55,5108.29,5081.72,5083.79,15948,31,0
2026-03-06 12:00:00,5083.96,5091.12,5073.64,5088.82,14257,20,0
2026-03-06 13:00:00,5089.02,5098.11,5059.18,5075.32,14594,19,0
2026-03-06 14:00:00,5075.34,5095.26,5074.61,5081.8,15095,19,0
2026-03-06 15:00:00,5081.84,5128.89,5064.18,5083.54,21931,19,0
2026-03-06 16:00:00,5083.75,5131.23,5079.57,5129.53,23026,22,0
2026-03-06 17:00:00,5129.44,5170.54,5127.02,5140.91,23667,19,0
2026-03-06 18:00:00,5140.82,5151.72,5124.69,5138.81,20221,20,0
2026-03-06 19:00:00,5138.78,5151.18,5127.43,5139.01,18816,21,0
2026-03-06 20:00:00,5138.98,5167.09,5136.99,5160.95,16902,19,0
2026-03-06 21:00:00,5160.94,5174.45,5155.87,5159.08,15463,20,0
2026-03-06 22:00:00,5158.93,5161.78,5148.51,5151.97,15170,31,0
2026-03-06 23:00:00,5151.76,5172.42,5149.39,5169.18,6802,120,0
2026-03-09 00:00:00,5163.41,5167.35,5101.18,5127.65,13329,350,0
2026-03-09 01:00:00,5127.6,5133.25,5039.15,5074.18,18693,25,0
2026-03-09 02:00:00,5074.16,5078.35,5026.51,5047.58,20749,20,0
2026-03-09 03:00:00,5047.27,5086.48,5012.61,5068.83,21946,20,0
2026-03-09 04:00:00,5069.01,5097.88,5054.28,5093.14,19565,19,0
2026-03-09 05:00:00,5093.06,5101.23,5080.45,5090.09,14714,19,0
2026-03-09 06:00:00,5090.08,5095.81,5083.2,5089.39,10847,20,0
2026-03-09 07:00:00,5089.4,5139.08,5080.55,5122.99,18334,19,0
2026-03-09 08:00:00,5122.83,5133.02,5093.98,5094.07,17996,20,0
2026-03-09 09:00:00,5094.12,5100.57,5083.77,5091.65,15162,26,0
2026-03-09 10:00:00,5091.39,5103.25,5079.81,5089.1,16442,19,0
2026-03-09 11:00:00,5088.62,5129.43,5087.47,5103.52,16368,19,0
2026-03-09 12:00:00,5103.51,5109.23,5082.36,5085.62,15212,20,0
2026-03-09 13:00:00,5085.61,5095.63,5077.37,5086.63,15013,20,0
2026-03-09 14:00:00,5086.8,5111.43,5086.79,5093.04,15816,19,0
2026-03-09 15:00:00,5093.05,5109.66,5066.2,5072.48,22345,19,0
2026-03-09 16:00:00,5071.7,5115.35,5059.65,5091.02,23601,19,0
2026-03-09 17:00:00,5091.59,5101.85,5076.77,5098.01,19598,24,0
2026-03-09 18:00:00,5097.89,5109.28,5093.36,5103.46,16799,18,0
2026-03-09 19:00:00,5103.48,5105.46,5087.4,5094.78,15800,19,0
2026-03-09 20:00:00,5094.82,5125.3,5091.31,5122.19,13872,19,0
2026-03-09 21:00:00,5122.16,5142.81,5117.63,5139.92,18527,19,0
2026-03-09 22:00:00,5139.71,5146.97,5133.29,5136.38,8869,19,0
2026-03-10 00:00:00,5126.28,5150.93,5115.4,5150.35,10080,352,0
2026-03-10 01:00:00,5150.54,5154.81,5135.0,5138.73,12511,21,0
2026-03-10 02:00:00,5138.74,5140.68,5123.23,5129.69,14672,22,0
2026-03-10 03:00:00,5129.7,5185.71,5123.35,5183.73,20205,19,0
2026-03-10 04:00:00,5183.72,5186.46,5162.78,5165.1,16263,23,0
2026-03-10 05:00:00,5165.06,5172.82,5154.45,5156.48,13961,19,0
2026-03-10 06:00:00,5156.32,5165.13,5153.04,5162.66,10083,19,0
2026-03-10 07:00:00,5162.65,5178.16,5162.65,5176.97,11615,19,0
2026-03-10 08:00:00,5177.15,5180.07,5170.88,5174.37,13079,19,0
2026-03-10 09:00:00,5174.36,5180.85,5157.46,5180.42,14133,19,0
2026-03-10 10:00:00,5180.4,5194.6,5174.48,5182.84,14841,19,0
2026-03-10 11:00:00,5183.04,5188.59,5180.0,5181.93,12414,19,0
2026-03-10 12:00:00,5181.92,5182.91,5155.34,5176.14,15266,19,0
2026-03-10 13:00:00,5176.22,5191.44,5170.93,5173.75,15659,19,0
2026-03-10 14:00:00,5174.14,5188.64,5161.35,5186.39,16010,19,0
2026-03-10 15:00:00,5186.39,5228.65,5185.34,5204.7,22167,19,0
2026-03-10 16:00:00,5204.85,5212.83,5183.97,5205.34,20104,19,0
2026-03-10 17:00:00,5205.28,5237.74,5201.58,5227.88,18164,19,0
2026-03-10 18:00:00,5228.29,5234.47,5221.54,5226.59,15405,20,0
2026-03-10 19:00:00,5226.59,5234.69,5222.71,5226.74,16147,20,0
2026-03-10 20:00:00,5226.66,5227.09,5157.28,5190.53,20575,22,0
2026-03-10 21:00:00,5190.71,5206.06,5178.52,5197.47,17931,18,0
2026-03-10 22:00:00,5197.45,5197.65,5189.83,5189.99,6322,20,0
2026-03-11 00:00:00,5189.84,5196.57,5180.77,5187.64,7934,22,0
2026-03-11 01:00:00,5187.67,5195.77,5185.73,5195.03,7672,27,0
2026-03-11 02:00:00,5195.06,5217.63,5184.61,5213.63,13254,20,0
2026-03-11 03:00:00,5213.58,5221.84,5206.68,5207.07,16620,25,0
2026-03-11 04:00:00,5207.07,5218.74,5191.78,5215.79,15045,19,0
2026-03-11 05:00:00,5215.72,5218.73,5196.58,5200.49,11094,19,0
2026-03-11 06:00:00,5200.48,5206.11,5196.72,5202.0,7999,29,0
2026-03-11 07:00:00,5201.99,5206.01,5188.32,5197.36,13410,21,0
2026-03-11 08:00:00,5197.39,5208.71,5188.78,5194.47,14039,19,0
2026-03-11 09:00:00,5194.05,5198.97,5181.39,5193.22,13635,19,0
2026-03-11 10:00:00,5193.24,5195.88,5171.95,5184.75,14626,19,0
2026-03-11 11:00:00,5184.75,5195.36,5176.51,5185.73,13897,19,0
2026-03-11 12:00:00,5185.74,5193.14,5174.63,5183.89,13507,20,0
2026-03-11 13:00:00,5184.58,5190.93,5172.71,5178.63,14272,20,0
2026-03-11 14:00:00,5178.66,5194.41,5164.15,5165.11,17989,19,0
2026-03-11 15:00:00,5165.1,5181.01,5143.46,5174.53,21243,19,0
2026-03-11 16:00:00,5174.53,5194.69,5172.1,5181.4,21735,19,0
2026-03-11 17:00:00,5181.37,5183.82,5160.78,5162.93,19902,29,0
2026-03-11 18:00:00,5162.9,5174.34,5160.49,5172.28,16986,20,0
2026-03-11 19:00:00,5172.29,5177.34,5151.2,5166.81,15692,19,0
2026-03-11 20:00:00,5166.7,5176.26,5166.24,5170.7,12410,19,0
2026-03-11 21:00:00,5170.69,5180.82,5167.3,5180.69,10365,20,0
2026-03-11 22:00:00,5180.68,5181.0,5172.41,5173.27,4956,30,0
2026-03-12 00:00:00,5174.41,5174.83,5127.5,5136.52,9535,23,0
2026-03-12 01:00:00,5136.53,5155.51,5130.35,5131.49,12744,20,0
2026-03-12 02:00:00,5131.48,5159.43,5122.53,5150.72,14354,19,0
2026-03-12 03:00:00,5150.76,5171.39,5149.19,5166.92,16525,27,0
2026-03-12 04:00:00,5166.81,5174.88,5143.97,5148.87,14342,23,0
2026-03-12 05:00:00,5148.89,5153.39,5145.37,5151.42,11672,29,0
2026-03-12 06:00:00,5151.45,5152.16,5138.34,5140.28,8114,28,0
2026-03-12 07:00:00,5140.27,5155.88,5134.9,5153.05,12730,19,0
2026-03-12 08:00:00,5153.04,5169.94,5145.73,5166.21,13053,21,0
2026-03-12 09:00:00,5166.16,5184.31,5164.43,5181.16,11094,27,0
2026-03-12 10:00:00,5181.54,5188.86,5175.9,5178.15,13047,19,0
2026-03-12 11:00:00,5178.25,5190.11,5174.1,5187.77,12472,24,0
2026-03-12 12:00:00,5187.56,5191.24,5175.43,5181.55,11848,21,0
2026-03-12 13:00:00,5181.56,5183.06,5171.79,5177.75,11698,20,0
2026-03-12 14:00:00,5178.21,5183.69,5161.13,5179.86,16984,19,0
2026-03-12 15:00:00,5179.77,5184.32,5142.53,5147.07,22308,19,0
2026-03-12 16:00:00,5147.05,5159.35,5134.39,5138.89,22376,19,0
2026-03-12 17:00:00,5138.49,5141.13,5103.93,5128.64,21012,19,0
2026-03-12 18:00:00,5128.28,5134.35,5117.59,5119.77,18071,19,0
2026-03-12 19:00:00,5119.45,5125.53,5098.44,5101.27,16892,24,0
2026-03-12 20:00:00,5101.25,5108.05,5086.75,5091.22,15802,19,0
2026-03-12 21:00:00,5091.23,5093.16,5075.82,5081.3,15151,19,0
2026-03-12 22:00:00,5081.4,5086.36,5051.34,5075.21,11032,19,0
2026-03-13 00:00:00,5080.46,5093.24,5074.63,5092.95,8196,29,0
2026-03-13 01:00:00,5092.93,5098.37,5086.03,5095.38,9876,22,0
2026-03-13 02:00:00,5095.35,5112.72,5094.6,5111.12,9796,20,0
2026-03-13 03:00:00,5111.08,5122.55,5106.56,5122.54,14758,21,0
2026-03-13 04:00:00,5122.53,5126.56,5107.53,5109.17,12084,21,0
2026-03-13 05:00:00,5109.14,5114.54,5103.76,5113.78,10167,29,0
2026-03-13 06:00:00,5113.77,5116.38,5100.6,5101.7,8937,29,0
2026-03-13 07:00:00,5101.69,5109.14,5096.39,5101.7,12008,19,0
2026-03-13 08:00:00,5101.73,5106.95,5083.73,5086.05,16385,19,0
2026-03-13 09:00:00,5085.99,5092.04,5068.73,5083.17,15202,22,0
2026-03-13 10:00:00,5082.57,5085.34,5057.83,5084.42,16642,19,0
2026-03-13 11:00:00,5084.44,5094.85,5081.56,5087.88,13977,21,0
2026-03-13 12:00:00,5087.85,5096.31,5078.58,5092.92,12919,19,0
2026-03-13 13:00:00,5092.91,5105.28,5084.22,5105.25,13732,19,0
2026-03-13 14:00:00,5105.13,5119.86,5102.5,5116.62,17637,19,0
2026-03-13 15:00:00,5116.64,5120.13,5097.84,5103.0,20023,19,0
2026-03-13 16:00:00,5103.05,5108.46,5033.97,5039.0,23175,19,0
2026-03-13 17:00:00,5039.08,5069.15,5028.99,5032.21,23373,22,0
2026-03-13 18:00:00,5032.16,5049.72,5016.02,5042.52,21522,19,0
2026-03-13 19:00:00,5042.48,5061.34,5039.89,5043.25,18362,20,0
2026-03-13 20:00:00,5043.26,5048.49,5033.53,5043.61,16472,21,0
2026-03-13 21:00:00,5044.55,5046.9,5007.4,5014.18,17104,23,0
2026-03-13 22:00:00,5014.7,5022.55,5009.8,5016.83,9267,19,0
2026-03-16 00:00:00,5011.43,5026.37,4998.44,5022.26,12558,19,0
2026-03-16 01:00:00,5021.76,5023.55,4965.68,4995.0,18218,20,0
2026-03-16 02:00:00,4994.99,5028.95,4994.19,5023.31,17419,20,0
2026-03-16 03:00:00,5023.5,5024.12,4979.94,5013.35,23841,20,0
2026-03-16 04:00:00,5013.42,5016.11,4995.33,5001.16,17961,23,0
2026-03-16 05:00:00,5001.14,5018.02,4995.67,5016.34,13812,21,0
2026-03-16 06:00:00,5016.31,5023.84,5009.16,5009.53,9333,19,0
2026-03-16 07:00:00,5009.43,5017.16,4999.98,5014.52,13450,22,0
2026-03-16 08:00:00,5014.4,5033.08,5003.05,5009.78,16520,20,0
2026-03-16 09:00:00,5009.91,5013.61,4988.65,4991.4,15450,27,0
2026-03-16 10:00:00,4991.32,4999.95,4981.7,4987.86,18030,19,0
2026-03-16 11:00:00,4987.85,4988.42,4969.46,4972.81,16678,20,0
2026-03-16 12:00:00,4972.8,5001.7,4967.78,5000.57,16771,20,0
2026-03-16 13:00:00,5000.96,5020.21,4989.99,4994.57,15862,20,0
2026-03-16 14:00:00,4994.65,5023.18,4992.24,5018.82,17806,20,0
2026-03-16 15:00:00,5018.18,5032.38,5012.2,5027.79,21562,19,0
2026-03-16 16:00:00,5027.83,5036.21,4985.48,4993.75,23107,19,0
2026-03-16 17:00:00,4994.03,5003.37,4981.7,4984.93,20466,19,0
2026-03-16 18:00:00,4984.98,4996.76,4971.25,4989.72,19055,19,0
2026-03-16 19:00:00,4989.71,5000.96,4981.4,4988.6,17937,19,0
2026-03-16 20:00:00,4989.0,5015.53,4987.2,5010.48,15481,21,0
2026-03-16 21:00:00,5010.45,5018.23,5005.96,5011.19,16173,19,0
2026-03-16 22:00:00,5011.16,5019.34,5001.46,5002.87,7268,20,0
2026-03-17 00:00:00,5008.98,5012.86,4996.46,4999.82,8043,23,0
2026-03-17 01:00:00,5000.01,5012.95,4999.79,5010.44,8322,19,0
2026-03-17 02:00:00,5010.42,5011.52,4995.46,4997.16,12167,20,0
2026-03-17 03:00:00,4996.2,5026.07,4992.08,5025.8,16107,24,0
2026-03-17 04:00:00,5026.03,5027.86,5018.18,5021.18,13058,23,0
2026-03-17 05:00:00,5021.12,5031.5,5019.15,5025.44,10775,19,0
2026-03-17 06:00:00,5025.46,5040.3,5024.24,5036.11,9445,24,0
2026-03-17 07:00:00,5036.13,5042.23,5017.9,5018.55,13674,29,0
2026-03-17 08:00:00,5018.59,5020.49,5001.66,5006.3,15582,29,0
2026-03-17 09:00:00,5006.01,5024.48,5004.88,5017.88,12143,29,0
2026-03-17 10:00:00,5017.81,5026.38,5015.28,5021.41,13948,20,0
2026-03-17 11:00:00,5021.61,5022.91,5005.83,5006.12,13187,20,0
2026-03-17 12:00:00,5006.13,5012.94,4987.82,4997.09,14768,19,0
2026-03-17 13:00:00,4997.1,5008.85,4993.73,5000.11,12301,19,0
2026-03-17 14:00:00,5000.16,5021.71,4996.99,5009.22,15640,19,0
2026-03-17 15:00:00,5009.51,5029.03,5003.07,5014.87,20746,19,0
2026-03-17 16:00:00,5015.0,5019.33,5002.48,5007.31,20971,19,0
2026-03-17 17:00:00,5007.29,5017.31,4973.19,4997.76,22282,19,0
2026-03-17 18:00:00,4997.75,5005.66,4991.41,5001.5,18863,19,0
2026-03-17 19:00:00,5001.46,5008.54,4996.21,5002.74,14789,20,0
2026-03-17 20:00:00,5002.68,5008.93,4999.66,5001.25,12399,19,0
2026-03-17 21:00:00,5001.23,5005.52,4996.35,5000.06,12543,22,0
2026-03-17 22:00:00,5000.07,5006.42,5000.04,5002.09,5667,20,0
2026-03-18 00:00:00,4999.53,5004.81,4993.19,4999.85,4209,20,0
2026-03-18 01:00:00,4999.88,5003.58,4998.67,5002.91,4028,19,0
2026-03-18 02:00:00,5002.95,5012.35,4999.96,5004.15,7978,22,0
2026-03-18 03:00:00,5004.38,5015.74,4991.29,4998.32,14271,19,0
2026-03-18 04:00:00,4998.38,5006.76,4990.07,4991.76,11680,19,0
2026-03-18 05:00:00,4991.71,4997.74,4986.0,4991.13,9965,19,0
2026-03-18 06:00:00,4991.12,4993.32,4981.56,4986.9,7761,19,0
2026-03-18 07:00:00,4986.88,5002.44,4984.37,4997.52,11079,21,0
2026-03-18 08:00:00,4997.24,5016.5,4996.23,5009.87,12110,20,0
2026-03-18 09:00:00,5010.06,5014.76,4990.11,4994.11,10717,20,0
2026-03-18 10:00:00,4994.1,4996.76,4977.01,4987.41,13156,19,0
2026-03-18 11:00:00,4987.39,4995.29,4984.54,4990.5,10534,19,0
2026-03-18 12:00:00,4990.49,4990.5,4957.72,4968.34,13152,20,0
2026-03-18 13:00:00,4968.34,4973.68,4924.62,4930.7,19480,19,0
2026-03-18 14:00:00,4929.92,4932.1,4870.36,4880.82,22649,19,0
2026-03-18 15:00:00,4880.89,4885.64,4833.76,4877.82,24837,19,0
2026-03-18 16:00:00,4878.0,4894.34,4856.12,4870.32,21838,19,0
2026-03-18 17:00:00,4870.28,4879.91,4860.81,4862.32,18413,23,0
2026-03-18 18:00:00,4862.35,4890.38,4860.57,4887.24,16919,21,0
2026-03-18 19:00:00,4887.26,4898.78,4883.62,4890.83,16092,19,0
2026-03-18 20:00:00,4890.87,4899.32,4852.25,4852.32,20662,18,0
2026-03-18 21:00:00,4852.4,4865.01,4838.05,4841.78,19716,18,0
2026-03-18 22:00:00,4841.78,4848.34,4806.48,4817.24,13735,19,0
2026-03-19 00:00:00,4824.1,4838.64,4804.04,4834.52,13125,20,0
2026-03-19 01:00:00,4834.53,4843.77,4827.87,4837.73,12290,21,0
2026-03-19 02:00:00,4837.71,4849.3,4835.67,4839.97,14069,22,0
2026-03-19 03:00:00,4840.01,4866.87,4832.62,4849.87,19440,18,0
2026-03-19 04:00:00,4849.9,4861.96,4841.48,4858.51,16168,19,0
2026-03-19 05:00:00,4858.5,4865.75,4849.71,4849.74,12458,19,0
2026-03-19 06:00:00,4849.73,4853.16,4845.48,4849.78,9653,24,0
2026-03-19 07:00:00,4849.77,4853.84,4826.9,4827.35,14812,19,0
2026-03-19 08:00:00,4827.35,4841.94,4747.58,4763.73,23267,18,0
2026-03-19 09:00:00,4763.61,4784.11,4727.39,4728.05,20168,18,0
2026-03-19 10:00:00,4728.01,4740.27,4686.74,4709.31,24499,18,0
2026-03-19 11:00:00,4709.38,4725.66,4687.72,4698.72,23499,19,0
2026-03-19 12:00:00,4698.73,4719.82,4666.27,4678.55,20874,19,0
2026-03-19 13:00:00,4678.48,4698.98,4650.76,4651.63,20728,19,0
2026-03-19 14:00:00,4651.93,4653.92,4531.26,4572.97,26890,18,0
2026-03-19 15:00:00,4572.99,4621.52,4502.8,4621.34,30931,19,0
2026-03-19 16:00:00,4621.82,4649.24,4580.97,4601.32,30218,19,0
2026-03-19 17:00:00,4601.82,4638.73,4565.98,4595.91,28035,20,0
2026-03-19 18:00:00,4595.98,4626.83,4576.82,4584.89,26504,20,0
2026-03-19 19:00:00,4584.88,4629.81,4573.85,4615.42,24528,19,0
2026-03-19 20:00:00,4615.38,4623.66,4596.4,4623.66,21717,19,0
2026-03-19 21:00:00,4623.68,4663.02,4623.67,4642.68,26902,19,0
2026-03-19 22:00:00,4642.83,4661.77,4642.83,4656.22,11398,22,0
2026-03-20 00:00:00,4657.78,4677.1,4636.15,4636.96,12640,20,0
2026-03-20 01:00:00,4637.2,4647.68,4634.11,4643.33,11846,20,0
2026-03-20 02:00:00,4643.35,4665.17,4642.17,4649.37,14680,19,0
2026-03-20 03:00:00,4648.93,4699.08,4639.41,4677.19,22835,19,0
2026-03-20 04:00:00,4677.23,4703.43,4670.11,4698.05,17115,19,0
2026-03-20 05:00:00,4698.27,4735.84,4693.11,4725.55,16835,20,0
2026-03-20 06:00:00,4725.55,4727.41,4715.21,4721.41,10559,22,0
2026-03-20 07:00:00,4721.52,4723.55,4685.76,4688.41,17364,19,0
2026-03-20 08:00:00,4688.56,4701.21,4661.33,4668.89,20321,19,0
2026-03-20 09:00:00,4669.37,4708.03,4668.04,4706.6,15705,20,0
2026-03-20 10:00:00,4706.46,4734.61,4684.79,4693.4,19001,20,0
2026-03-20 11:00:00,4693.5,4700.06,4659.53,4667.57,18167,19,0
2026-03-20 12:00:00,4667.6,4670.0,4638.11,4645.11,20274,19,0
2026-03-20 13:00:00,4645.12,4674.06,4637.15,4671.79,18952,19,0
2026-03-20 14:00:00,4672.05,4695.52,4661.98,4679.34,21961,19,0
2026-03-20 15:00:00,4679.33,4679.33,4612.61,4616.23,27972,19,0
2026-03-20 16:00:00,4616.33,4622.44,4548.14,4565.22,30208,19,0
2026-03-20 17:00:00,4565.21,4579.88,4540.45,4552.64,27587,20,0
2026-03-20 18:00:00,4553.06,4613.81,4551.89,4583.42,25116,20,0
2026-03-20 19:00:00,4583.48,4600.89,4554.16,4574.4,23982,20,0
2026-03-20 20:00:00,4574.43,4578.35,4477.35,4500.07,24812,19,0
2026-03-20 21:00:00,4500.04,4516.74,4484.76,4501.31,26250,19,0
2026-03-20 22:00:00,4500.9,4514.39,4493.49,4496.81,15079,19,0
2026-03-23 00:00:00,4473.41,4536.12,4471.28,4498.25,14507,19,0
2026-03-23 01:00:00,4498.41,4510.35,4453.14,4464.78,17892,19,0
2026-03-23 02:00:00,4464.8,4473.38,4319.87,4354.12,23606,19,0
2026-03-23 03:00:00,4354.15,4454.32,4330.5,4387.62,25006,20,0
2026-03-23 04:00:00,4387.63,4422.09,4355.04,4360.56,23320,22,0
2026-03-23 05:00:00,4360.55,4377.86,4335.21,4352.9,20014,19,0
2026-03-23 06:00:00,4352.92,4381.84,4350.12,4367.48,16350,19,0
2026-03-23 07:00:00,4367.51,4380.03,4301.68,4310.37,20781,19,0
2026-03-23 08:00:00,4310.36,4310.57,4162.66,4220.3,25246,19,0
2026-03-23 09:00:00,4220.17,4232.66,4098.7,4204.04,25154,19,0
2026-03-23 10:00:00,4204.04,4270.39,4202.81,4251.02,21506,18,0
2026-03-23 11:00:00,4251.01,4308.41,4223.56,4253.52,22622,19,0
2026-03-23 12:00:00,4254.03,4282.1,4241.31,4268.99,21139,21,0
2026-03-23 13:00:00,4269.03,4463.14,4269.03,4378.98,24991,18,0
2026-03-23 14:00:00,4378.34,4492.74,4336.82,4478.42,26233,20,0
2026-03-23 15:00:00,4480.16,4484.94,4401.93,4454.75,26611,20,0
2026-03-23 16:00:00,4454.71,4512.84,4453.54,4462.19,27106,18,0
2026-03-23 17:00:00,4461.49,4486.92,4350.6,4363.37,26836,19,0
2026-03-23 18:00:00,4363.5,4391.79,4352.49,4377.71,25914,18,0
2026-03-23 19:00:00,4378.14,4438.9,4370.97,4426.81,24129,19,0
2026-03-23 20:00:00,4426.78,4466.89,4402.26,4448.96,22300,19,0
2026-03-23 21:00:00,4448.9,4450.66,4392.9,4398.75,21994,19,0
2026-03-23 22:00:00,4399.39,4413.1,4383.08,4405.45,11190,19,0
2026-03-24 00:00:00,4381.52,4431.41,4359.81,4426.02,12205,20,0
2026-03-24 01:00:00,4425.75,4448.39,4421.79,4440.87,14027,19,0
2026-03-24 02:00:00,4440.88,4446.52,4331.64,4365.62,21398,19,0
2026-03-24 03:00:00,4365.81,4374.23,4308.3,4322.29,24828,19,0
2026-03-24 04:00:00,4322.32,4379.53,4306.07,4366.17,22936,21,0
2026-03-24 05:00:00,4366.18,4368.36,4335.15,4347.26,19527,19,0
2026-03-24 06:00:00,4347.22,4357.19,4326.51,4333.6,16344,23,0
2026-03-24 07:00:00,4333.51,4374.34,4319.87,4347.38,21309,19,0
2026-03-24 08:00:00,4347.41,4404.78,4343.0,4401.92,21972,19,0
2026-03-24 09:00:00,4401.88,4432.66,4399.58,4417.43,21188,21,0
2026-03-24 10:00:00,4417.3,4420.93,4391.06,4412.09,21514,19,0
2026-03-24 11:00:00,4412.07,4430.85,4395.89,4426.37,19340,19,0
2026-03-24 12:00:00,4426.42,4441.9,4414.75,4438.6,18268,21,0
2026-03-24 13:00:00,4438.72,4442.05,4376.17,4407.87,21640,18,0
2026-03-24 14:00:00,4407.9,4427.52,4362.22,4379.13,23144,19,0
2026-03-24 15:00:00,4379.16,4390.06,4351.63,4381.51,26040,20,0
2026-03-24 16:00:00,4381.5,4434.16,4380.26,4415.81,26614,19,0
2026-03-24 17:00:00,4415.98,4431.23,4396.07,4411.5,24737,19,0
2026-03-24 18:00:00,4411.53,4427.61,4402.69,4421.27,22390,19,0
2026-03-24 19:00:00,4421.26,4426.36,4372.44,4388.6,24766,19,0
2026-03-24 20:00:00,4388.61,4423.46,4383.95,4389.37,22420,20,0
2026-03-24 21:00:00,4389.36,4411.35,4388.74,4400.22,18815,19,0
2026-03-24 22:00:00,4399.6,4484.12,4397.36,4475.32,18138,19,0
2026-03-25 00:00:00,4478.07,4485.04,4455.97,4484.45,12849,19,0
2026-03-25 01:00:00,4484.44,4551.23,4472.47,4546.68,17709,18,0
2026-03-25 02:00:00,4546.73,4571.98,4537.55,4563.33,18473,19,0
2026-03-25 03:00:00,4563.19,4601.15,4552.33,4594.82,20231,20,0
2026-03-25 04:00:00,4594.88,4602.62,4579.83,4583.78,17543,19,0
2026-03-25 05:00:00,4583.77,4586.62,4568.12,4570.34,15020,19,0
2026-03-25 06:00:00,4570.35,4574.62,4565.76,4572.59,9678,29,0
2026-03-25 07:00:00,4572.96,4573.53,4549.56,4555.75,15600,20,0
2026-03-25 08:00:00,4555.73,4557.24,4533.28,4545.53,16959,19,0
2026-03-25 09:00:00,4544.99,4563.3,4536.88,4539.57,15866,19,0
2026-03-25 10:00:00,4540.07,4567.97,4535.7,4556.08,19760,20,0
2026-03-25 11:00:00,4556.06,4567.57,4527.55,4551.77,17689,19,0
2026-03-25 12:00:00,4551.98,4562.42,4550.93,4558.75,16972,20,0
2026-03-25 13:00:00,4558.75,4585.7,4556.12,4578.84,16709,19,0
2026-03-25 14:00:00,4578.79,4583.7,4521.98,4543.92,22651,19,0
2026-03-25 15:00:00,4544.51,4576.53,4540.99,4544.68,24717,19,0
2026-03-25 16:00:00,4544.94,4579.43,4532.97,4567.12,25113,19,0
2026-03-25 17:00:00,4567.16,4568.82,4524.85,4558.88,23684,19,0
2026-03-25 18:00:00,4558.89,4564.8,4545.34,4555.37,21905,20,0
2026-03-25 19:00:00,4555.4,4564.06,4542.59,4550.9,19572,19,0
2026-03-25 20:00:00,4550.76,4568.91,4530.92,4538.22,18969,18,0
2026-03-25 21:00:00,4538.19,4539.53,4486.79,4530.84,20931,20,0
2026-03-25 22:00:00,4530.67,4542.03,4495.0,4504.31,11645,19,0
2026-03-26 00:00:00,4520.48,4534.74,4505.79,4517.58,10995,19,0
2026-03-26 01:00:00,4517.82,4518.26,4488.74,4498.29,13727,20,0
2026-03-26 02:00:00,4498.26,4539.41,4498.24,4535.74,16610,22,0
2026-03-26 03:00:00,4535.73,4544.36,4522.44,4535.72,19115,19,0
2026-03-26 04:00:00,4535.67,4535.78,4505.79,4508.88,17038,19,0
2026-03-26 05:00:00,4508.82,4518.77,4500.03,4516.66,15312,19,0
2026-03-26 06:00:00,4516.75,4524.29,4511.63,4520.49,10617,20,0
2026-03-26 07:00:00,4520.72,4522.25,4438.81,4438.98,19148,19,0
2026-03-26 08:00:00,4439.0,4459.4,4415.63,4456.4,21588,19,0
2026-03-26 09:00:00,4456.46,4463.87,4438.59,4452.56,17795,19,0
2026-03-26 10:00:00,4452.55,4459.28,4412.43,4427.83,21506,20,0
2026-03-26 11:00:00,4427.85,4436.8,4414.59,4423.55,19574,19,0
2026-03-26 12:00:00,4423.58,4447.87,4417.13,4443.33,18540,19,0
2026-03-26 13:00:00,4443.62,4456.77,4419.06,4423.03,18849,19,0
2026-03-26 14:00:00,4423.09,4445.69,4416.43,4429.41,20608,19,0
2026-03-26 15:00:00,4429.28,4460.72,4419.99,4452.85,24453,20,0
2026-03-26 16:00:00,4452.9,4479.18,4437.54,4464.99,26327,19,0
2026-03-26 17:00:00,4465.03,4468.95,4433.7,4438.36,23893,19,0
2026-03-26 18:00:00,4438.34,4442.66,4366.72,4389.26,23893,19,0
2026-03-26 19:00:00,4389.24,4402.26,4377.39,4381.65,21699,20,0
2026-03-26 20:00:00,4381.57,4397.77,4367.88,4394.54,19540,19,0
2026-03-26 21:00:00,4394.52,4399.41,4359.23,4364.04,18507,19,0
2026-03-26 22:00:00,4363.95,4420.97,4351.31,4379.56,19723,20,0
2026-03-27 00:00:00,4385.83,4415.01,4385.81,4411.5,7657,20,0
2026-03-27 01:00:00,4411.44,4414.44,4390.04,4405.22,9318,24,0
2026-03-27 02:00:00,4405.23,4411.12,4375.21,4378.45,14528,19,0
2026-03-27 03:00:00,4378.5,4420.59,4377.13,4417.52,17675,19,0
2026-03-27 04:00:00,4417.52,4440.66,4417.28,4431.99,15922,19,0
2026-03-27 05:00:00,4431.97,4446.11,4421.05,4437.54,13472,20,0
2026-03-27 06:00:00,4437.72,4449.56,4431.58,4445.58,9202,20,0
2026-03-27 07:00:00,4445.59,4475.28,4440.43,4454.08,14986,19,0
2026-03-27 08:00:00,4453.99,4473.09,4451.86,4458.85,15588,19,0
2026-03-27 09:00:00,4458.99,4463.07,4443.01,4446.95,14361,19,0
2026-03-27 10:00:00,4447.07,4451.32,4423.88,4424.86,17343,20,0
2026-03-27 11:00:00,4424.88,4438.29,4420.77,4428.86,16140,19,0
2026-03-27 12:00:00,4428.88,4432.89,4410.86,4415.31,15413,21,0
2026-03-27 13:00:00,4415.18,4426.15,4404.07,4419.39,15942,19,0
2026-03-27 14:00:00,4419.46,4445.43,4412.75,4438.9,17802,21,0
2026-03-27 15:00:00,4438.67,4444.09,4413.47,4431.17,22164,19,0
2026-03-27 16:00:00,4431.09,4514.84,4430.75,4511.72,23542,20,0
2026-03-27 17:00:00,4511.72,4555.53,4501.71,4524.83,22933,19,0
2026-03-27 18:00:00,4524.49,4533.33,4505.66,4515.58,19621,19,0
2026-03-27 19:00:00,4515.41,4521.8,4486.14,4487.54,20077,19,0
2026-03-27 20:00:00,4487.57,4528.82,4487.43,4517.73,18422,19,0
2026-03-27 21:00:00,4517.69,4526.24,4500.87,4515.03,17650,19,0
2026-03-27 22:00:00,4515.09,4520.59,4485.92,4492.23,10550,19,0
2026-03-30 01:00:00,4510.3,4513.12,4479.94,4484.99,13609,29,0
2026-03-30 02:00:00,4485.05,4492.99,4443.84,4448.62,17115,19,0
2026-03-30 03:00:00,4448.83,4466.66,4419.74,4432.2,22689,20,0
2026-03-30 04:00:00,4432.18,4475.63,4431.78,4469.39,23582,19,0
2026-03-30 05:00:00,4469.16,4499.29,4458.66,4481.14,20011,23,0
2026-03-30 06:00:00,4480.82,4517.52,4478.69,4496.03,17396,20,0
2026-03-30 07:00:00,4496.04,4498.64,4486.08,4496.72,12273,20,0
2026-03-30 08:00:00,4496.74,4528.31,4496.74,4522.41,17227,20,0
2026-03-30 09:00:00,4522.47,4550.56,4516.97,4532.48,18961,22,0
2026-03-30 10:00:00,4532.5,4534.85,4515.82,4527.37,18623,19,0
2026-03-30 11:00:00,4527.4,4540.66,4524.98,4538.31,15714,19,0
2026-03-30 12:00:00,4538.31,4540.72,4523.64,4532.37,16448,19,0
2026-03-30 13:00:00,4533.16,4540.33,4527.79,4532.37,14670,19,0
2026-03-30 14:00:00,4532.36,4580.53,4525.49,4559.66,20877,19,0
2026-03-30 15:00:00,4559.69,4577.9,4545.23,4569.33,19359,19,0
2026-03-30 16:00:00,4569.59,4578.74,4516.73,4523.36,25683,20,0
2026-03-30 17:00:00,4523.71,4541.29,4511.75,4538.54,26733,19,0
2026-03-30 18:00:00,4538.68,4556.71,4524.81,4548.27,23253,19,0
2026-03-30 19:00:00,4548.18,4549.9,4531.98,4539.77,20247,19,0
2026-03-30 20:00:00,4539.69,4542.1,4511.25,4515.05,20916,19,0
2026-03-30 21:00:00,4515.0,4523.18,4498.25,4498.96,18134,19,0
2026-03-30 22:00:00,4498.94,4515.98,4493.0,4511.19,21111,19,0
2026-03-30 23:00:00,4511.04,4514.18,4498.54,4508.81,9340,549,0
2026-03-31 01:00:00,4517.63,4518.81,4501.9,4510.87,7336,20,0
2026-03-31 02:00:00,4510.72,4521.03,4491.41,4513.73,13545,19,0
2026-03-31 03:00:00,4513.7,4548.17,4482.45,4547.6,22600,22,0
2026-03-31 04:00:00,4547.63,4619.42,4532.1,4605.14,25653,20,0
2026-03-31 05:00:00,4605.16,4607.37,4565.57,4567.91,21253,27,0
2026-03-31 06:00:00,4567.8,4576.99,4550.08,4556.98,16939,20,0
2026-03-31 07:00:00,4557.06,4569.37,4557.02,4564.27,13131,21,0
2026-03-31 08:00:00,4564.04,4581.91,4547.46,4569.13,17378,22,0
2026-03-31 09:00:00,4569.06,4569.06,4553.16,4557.8,18652,21,0
2026-03-31 10:00:00,4558.05,4565.71,4543.14,4564.57,16990,20,0
2026-03-31 11:00:00,4564.6,4575.06,4560.37,4568.36,17288,19,0
2026-03-31 12:00:00,4568.13,4572.35,4550.18,4555.13,16287,19,0
2026-03-31 13:00:00,4555.17,4561.91,4529.46,4547.79,16182,19,0
2026-03-31 14:00:00,4547.8,4592.92,4541.11,4583.18,22564,19,0
2026-03-31 15:00:00,4583.19,4597.17,4569.16,4576.26,22767,19,0
2026-03-31 16:00:00,4576.05,4609.47,4567.88,4607.7,24609,19,0
2026-03-31 17:00:00,4607.19,4630.09,4594.98,4599.64,28397,20,0
2026-03-31 18:00:00,4599.89,4625.59,4599.13,4609.26,25280,20,0
2026-03-31 19:00:00,4609.3,4651.45,4606.78,4638.78,25155,19,0
2026-03-31 20:00:00,4638.94,4667.39,4636.55,4654.87,27558,19,0
2026-03-31 21:00:00,4655.51,4671.13,4653.64,4668.54,21650,19,0
2026-03-31 22:00:00,4668.66,4685.54,4661.73,4681.93,20717,20,0
2026-03-31 23:00:00,4681.69,4684.91,4663.42,4666.97,11342,20,0
2026-04-01 01:00:00,4673.21,4696.25,4661.54,4680.96,12772,20,0
2026-04-01 02:00:00,4680.91,4700.21,4671.89,4695.76,12921,19,0
2026-04-01 03:00:00,4695.75,4722.4,4693.41,4710.9,18447,19,0
2026-04-01 04:00:00,4710.92,4724.45,4681.47,4692.74,22152,20,0
2026-04-01 05:00:00,4692.74,4700.5,4678.22,4684.51,16795,21,0
2026-04-01 06:00:00,4684.5,4694.22,4679.57,4681.89,12654,19,0
2026-04-01 07:00:00,4681.82,4682.01,4666.77,4676.48,10876,19,0
2026-04-01 08:00:00,4676.49,4703.58,4674.86,4684.08,14796,19,0
2026-04-01 09:00:00,4684.2,4733.38,4682.5,4731.73,18955,19,0
2026-04-01 10:00:00,4731.25,4747.66,4708.95,4712.12,19723,19,0
2026-04-01 11:00:00,4712.15,4740.52,4710.56,4728.73,16760,19,0
2026-04-01 12:00:00,4728.74,4730.2,4712.56,4723.1,15333,19,0
2026-04-01 13:00:00,4723.12,4738.73,4715.09,4730.77,13953,19,0
2026-04-01 14:00:00,4730.77,4763.3,4728.28,4751.66,15759,19,0
2026-04-01 15:00:00,4751.7,4753.56,4723.67,4723.67,20486,19,0
2026-04-01 16:00:00,4723.75,4749.63,4715.99,4734.44,24256,19,0
2026-04-01 17:00:00,4733.24,4768.89,4723.84,4760.68,25272,19,0
2026-04-01 18:00:00,4760.65,4788.22,4758.41,4786.61,23013,19,0
2026-04-01 19:00:00,4786.73,4791.03,4774.4,4787.27,17644,20,0
2026-04-01 20:00:00,4787.31,4793.04,4773.57,4773.83,16593,19,0
2026-04-01 21:00:00,4773.82,4775.14,4741.61,4754.16,22067,20,0
2026-04-01 22:00:00,4754.19,4778.13,4751.06,4767.25,18635,21,0
2026-04-01 23:00:00,4767.3,4771.18,4754.41,4755.27,8489,23,0
2026-04-02 01:00:00,4758.69,4782.58,4758.69,4776.61,4755,26,0
2026-04-02 02:00:00,4776.62,4800.13,4773.58,4782.64,11168,19,0
2026-04-02 03:00:00,4782.63,4798.66,4775.15,4784.24,15155,21,0
2026-04-02 04:00:00,4784.73,4784.79,4649.93,4696.45,23728,19,0
2026-04-02 05:00:00,4695.73,4704.0,4655.3,4686.75,19813,30,0
2026-04-02 06:00:00,4686.76,4699.21,4675.49,4675.7,14123,21,0
2026-04-02 07:00:00,4675.86,4681.22,4657.13,4672.46,12830,19,0
2026-04-02 08:00:00,4672.66,4680.42,4585.97,4594.53,17738,20,0
2026-04-02 09:00:00,4594.79,4608.6,4553.3,4598.08,21457,19,0
2026-04-02 10:00:00,4598.29,4650.79,4597.09,4643.96,17611,19,0
2026-04-02 11:00:00,4643.97,4648.74,4617.05,4619.85,16753,20,0
2026-04-02 12:00:00,4619.82,4631.79,4613.23,4622.03,13990,19,0
2026-04-02 13:00:00,4622.05,4635.03,4604.23,4620.53,14597,19,0
2026-04-02 14:00:00,4620.85,4630.56,4592.6,4600.95,15782,20,0
2026-04-02 15:00:00,4601.2,4630.14,4594.51,4600.07,18179,21,0
2026-04-02 16:00:00,4599.62,4651.74,4580.65,4646.13,24661,19,0
2026-04-02 17:00:00,4645.2,4699.97,4631.7,4682.49,25484,19,0
2026-04-02 18:00:00,4682.44,4684.04,4652.54,4661.33,24091,21,0
2026-04-02 19:00:00,4661.41,4670.45,4643.16,4659.64,20480,19,0
2026-04-02 20:00:00,4659.68,4668.4,4645.54,4649.42,18037,19,0
2026-04-02 21:00:00,4649.46,4672.04,4647.25,4668.87,15072,19,0
2026-04-02 22:00:00,4668.87,4681.9,4661.35,4672.25,16938,19,0
2026-04-02 23:00:00,4672.21,4676.63,4664.4,4674.99,8152,22,0
2026-04-06 01:00:00,4636.28,4650.5,4613.35,4645.78,14742,19,0
2026-04-06 02:00:00,4645.78,4651.0,4605.12,4610.53,15277,19,0
2026-04-06 03:00:00,4610.57,4629.21,4598.8,4622.34,16576,22,0
2026-04-06 04:00:00,4622.41,4643.13,4620.52,4625.65,14378,19,0
2026-04-06 05:00:00,4625.82,4671.71,4623.52,4647.87,15493,19,0
2026-04-06 06:00:00,4647.85,4648.11,4625.31,4640.4,13384,21,0
2026-04-06 07:00:00,4640.41,4659.79,4639.85,4659.05,10143,20,0
2026-04-06 08:00:00,4659.04,4678.77,4651.29,4652.56,11553,21,0
2026-04-06 09:00:00,4652.58,4667.34,4643.61,4666.18,12271,19,0
2026-04-06 10:00:00,4665.83,4688.27,4644.72,4685.6,14754,19,0
2026-04-06 11:00:00,4685.37,4698.25,4680.73,4696.33,14259,19,0
2026-04-06 12:00:00,4696.13,4706.58,4690.96,4693.55,13181,19,0
2026-04-06 13:00:00,4693.56,4697.51,4683.39,4689.83,12952,19,0
2026-04-06 14:00:00,4689.78,4696.93,4676.95,4678.93,13209,19,0
2026-04-06 15:00:00,4678.97,4686.66,4659.47,4677.03,15102,19,0
2026-04-06 16:00:00,4677.16,4682.12,4659.5,4681.3,19643,18,0
2026-04-06 17:00:00,4682.1,4697.47,4660.14,4683.47,22340,19,0
2026-04-06 18:00:00,4683.61,4683.85,4651.82,4668.16,18568,20,0
2026-04-06 19:00:00,4668.16,4672.62,4657.68,4660.13,14165,21,0
2026-04-06 20:00:00,4660.18,4661.11,4644.66,4653.66,16206,30,0
2026-04-06 21:00:00,4653.39,4666.69,4648.44,4658.16,15057,31,0
2026-04-06 22:00:00,4657.93,4659.19,4645.52,4655.48,10709,32,0
2026-04-06 23:00:00,4655.82,4658.22,4647.59,4648.34,4878,32,0
2026-04-07 01:00:00,4660.15,4667.71,4656.63,4658.44,6901,32,0
2026-04-07 02:00:00,4658.45,4661.17,4651.52,4658.46,7460,27,0
2026-04-07 03:00:00,4658.47,4661.47,4648.96,4651.03,12473,19,0
2026-04-07 04:00:00,4650.42,4664.35,4616.37,4626.88,20471,19,0
2026-04-07 05:00:00,4626.98,4654.1,4619.77,4650.45,14321,32,0
2026-04-07 06:00:00,4650.55,4654.15,4639.36,4649.74,11771,19,0
2026-04-07 07:00:00,4649.73,4664.22,4645.65,4660.8,10106,32,0
2026-04-07 08:00:00,4660.82,4661.62,4622.85,4642.6,14537,19,0
2026-04-07 09:00:00,4642.78,4656.85,4637.95,4654.45,16406,19,0
2026-04-07 10:00:00,4654.58,4657.0,4636.53,4646.13,14663,21,0
2026-04-07 11:00:00,4645.92,4690.56,4643.95,4683.03,19103,19,0
2026-04-07 12:00:00,4683.08,4694.48,4658.84,4672.23,16303,19,0
2026-04-07 13:00:00,4672.15,4680.64,4649.12,4651.48,17922,20,0
2026-04-07 14:00:00,4651.46,4663.9,4628.45,4660.26,16945,19,0
2026-04-07 15:00:00,4660.25,4670.7,4646.73,4651.78,17651,20,0
2026-04-07 16:00:00,4651.82,4663.09,4635.31,4642.64,21535,19,0
2026-04-07 17:00:00,4642.74,4661.55,4607.41,4632.9,23702,19,0
2026-04-07 18:00:00,4632.88,4659.69,4624.97,4656.62,21127,19,0
2026-04-07 19:00:00,4656.61,4668.91,4652.45,4656.61,18960,19,0
2026-04-07 20:00:00,4656.61,4686.64,4653.8,4675.83,18197,19,0
2026-04-07 21:00:00,4675.84,4686.39,4657.11,4663.15,16722,20,0
2026-04-07 22:00:00,4663.22,4718.69,4660.59,4703.42,22386,19,0
2026-04-07 23:00:00,4703.47,4716.8,4697.19,4706.23,10332,22,0
2026-04-08 01:00:00,4742.52,4819.89,4713.09,4819.76,19091,20,0
2026-04-08 02:00:00,4819.73,4836.46,4801.87,4835.74,22395,19,0
2026-04-08 03:00:00,4835.59,4857.56,4808.75,4820.04,23384,19,0
2026-04-08 04:00:00,4820.67,4825.43,4788.09,4810.2,21891,27,0
2026-04-08 05:00:00,4809.91,4825.16,4798.48,4803.76,14340,20,0
2026-04-08 06:00:00,4803.82,4805.79,4794.84,4797.41,12864,29,0
2026-04-08 07:00:00,4797.37,4806.45,4790.15,4803.51,11084,19,0
2026-04-08 08:00:00,4803.54,4843.71,4800.12,4827.22,15367,19,0
2026-04-08 09:00:00,4827.22,4839.54,4819.98,4820.73,18348,19,0
2026-04-08 10:00:00,4820.73,4821.1,4804.44,4811.92,16062,19,0
2026-04-08 11:00:00,4812.01,4819.61,4790.88,4794.18,17082,20,0
2026-04-08 12:00:00,4794.19,4806.48,4776.2,4783.16,15180,19,0
2026-04-08 13:00:00,4783.19,4796.12,4771.11,4781.9,14637,19,0
2026-04-08 14:00:00,4782.16,4802.96,4777.97,4798.56,15890,19,0
2026-04-08 15:00:00,4798.57,4807.12,4768.44,4799.23,20978,23,0
2026-04-08 16:00:00,4798.93,4806.7,4766.43,4776.23,25184,19,0
2026-04-08 17:00:00,4776.7,4792.17,4732.1,4736.12,27219,21,0
2026-04-08 18:00:00,4736.16,4763.27,4734.1,4756.2,22338,19,0
2026-04-08 19:00:00,4756.26,4765.6,4745.5,4760.22,18498,19,0
2026-04-08 20:00:00,4760.22,4764.32,4731.79,4734.46,19129,22,0
2026-04-08 21:00:00,4734.42,4744.38,4703.46,4703.73,22301,21,0
2026-04-08 22:00:00,4703.73,4731.7,4699.12,4731.53,19909,19,0
2026-04-08 23:00:00,4731.53,4732.22,4715.7,4718.1,7672,22,0
2026-04-09 01:00:00,4727.17,4728.19,4704.01,4716.98,9430,19,0
2026-04-09 02:00:00,4716.98,4719.93,4705.27,4714.82,10315,24,0
2026-04-09 03:00:00,4714.78,4719.05,4698.18,4706.41,14877,22,0
2026-04-09 04:00:00,4706.51,4728.13,4699.21,4727.2,17968,20,0
2026-04-09 05:00:00,4727.23,4732.89,4717.81,4718.95,13304,20,0
2026-04-09 06:00:00,4718.92,4720.11,4705.14,4711.35,12405,22,0
2026-04-09 07:00:00,4711.42,4725.24,4709.49,4720.93,9400,19,0
2026-04-09 08:00:00,4720.95,4726.65,4704.64,4712.53,14071,19,0
2026-04-09 09:00:00,4712.69,4725.14,4703.53,4712.86,15259,20,0
2026-04-09 10:00:00,4712.96,4731.33,4705.55,4725.04,17110,19,0
2026-04-09 11:00:00,4725.18,4733.49,4719.89,4726.08,13216,19,0
2026-04-09 12:00:00,4726.06,4733.42,4723.13,4729.35,12381,23,0
2026-04-09 13:00:00,4728.96,4746.75,4723.52,4741.42,12881,19,0
2026-04-09 14:00:00,4741.74,4757.73,4738.5,4757.25,12958,23,0
2026-04-09 15:00:00,4757.25,4759.9,4734.68,4745.55,15984,19,0
2026-04-09 16:00:00,4744.72,4777.07,4738.76,4765.16,21023,20,0
2026-04-09 17:00:00,4765.48,4776.04,4746.85,4769.35,21310,19,0
2026-04-09 18:00:00,4769.33,4798.08,4761.23,4793.8,21419,21,0
2026-04-09 19:00:00,4793.69,4800.87,4784.51,4789.83,18114,20,0
2026-04-09 20:00:00,4789.86,4801.43,4786.76,4797.82,16077,20,0
2026-04-09 21:00:00,4797.86,4798.16,4767.65,4772.46,18537,24,0
2026-04-09 22:00:00,4772.53,4782.58,4766.94,4769.64,15496,19,0
2026-04-09 23:00:00,4769.66,4773.43,4760.89,4763.93,7521,21,0
2026-04-10 01:00:00,4771.05,4771.73,4758.66,4764.2,7981,19,0
2026-04-10 02:00:00,4764.17,4764.19,4756.77,4762.98,7538,32,0
2026-04-10 03:00:00,4762.99,4763.48,4750.73,4761.98,12454,21,0
2026-04-10 04:00:00,4761.56,4777.01,4757.75,4764.41,15440,19,0
2026-04-10 05:00:00,4764.63,4765.3,4737.63,4753.08,14852,19,0
2026-04-10 06:00:00,4753.06,4769.62,4752.84,4766.49,11180,32,0
2026-04-10 07:00:00,4766.54,4770.81,4757.97,4758.54,7902,19,0
2026-04-10 08:00:00,4758.59,4769.13,4757.41,4765.82,10820,24,0
2026-04-10 09:00:00,4765.84,4765.84,4742.57,4745.38,14812,27,0
2026-04-10 10:00:00,4745.37,4757.54,4740.94,4748.81,13303,21,0
2026-04-10 11:00:00,4749.03,4753.09,4730.45,4741.56,13843,19,0
2026-04-10 12:00:00,4741.52,4760.69,4740.42,4751.63,14198,19,0
2026-04-10 13:00:00,4751.65,4760.56,4742.23,4757.18,12226,20,0
2026-04-10 14:00:00,4757.08,4768.85,4753.21,4768.77,12313,26,0
2026-04-10 15:00:00,4768.83,4782.24,4759.79,4770.59,17382,20,0
2026-04-10 16:00:00,4770.46,4780.15,4765.25,4771.54,19858,20,0
2026-04-10 17:00:00,4772.14,4795.11,4767.38,4774.28,20560,19,0
2026-04-10 18:00:00,4774.26,4787.21,4755.06,4762.3,19224,20,0
2026-04-10 19:00:00,4762.08,4766.05,4747.35,4763.92,17701,21,0
2026-04-10 20:00:00,4763.88,4768.52,4757.92,4760.41,14533,19,0
2026-04-10 21:00:00,4760.18,4773.04,4750.75,4765.11,13925,28,0
2026-04-10 22:00:00,4765.16,4770.42,4758.09,4759.59,13309,19,0
2026-04-10 23:00:00,4759.69,4759.69,4740.85,4747.88,8271,19,0
2026-04-13 01:00:00,4668.13,4685.62,4644.07,4658.9,14771,20,0
2026-04-13 02:00:00,4658.92,4671.81,4644.06,4671.2,15047,21,0
2026-04-13 03:00:00,4671.21,4698.01,4664.37,4695.02,16099,22,0
2026-04-13 04:00:00,4694.98,4728.05,4693.6,4721.23,18929,19,0
2026-04-13 05:00:00,4721.18,4727.86,4711.12,4720.38,15245,22,0
2026-04-13 06:00:00,4720.54,4724.16,4712.08,4718.13,12420,19,0
2026-04-13 07:00:00,4718.14,4725.0,4707.99,4723.08,10283,32,0
2026-04-13 08:00:00,4723.09,4730.69,4716.29,4729.39,13163,21,0
2026-04-13 09:00:00,4729.41,4732.62,4720.97,4725.57,15457,20,0
2026-04-13 10:00:00,4725.56,4740.06,4724.9,4733.84,15409,19,0
2026-04-13 11:00:00,4733.71,4738.64,4720.21,4723.33,14324,20,0
2026-04-13 12:00:00,4723.31,4728.52,4710.41,4714.55,13644,20,0
2026-04-13 13:00:00,4714.58,4723.89,4708.33,4722.15,12695,19,0
2026-04-13 14:00:00,4722.07,4729.23,4702.98,4706.73,15826,19,0
2026-04-13 15:00:00,4706.94,4725.2,4703.55,4723.65,17882,20,0
2026-04-13 16:00:00,4723.64,4745.04,4721.75,4730.8,22212,21,0
2026-04-13 17:00:00,4730.6,4731.37,4708.69,4719.06,22485,19,0
2026-04-13 18:00:00,4719.11,4719.88,4699.79,4714.41,20154,19,0
2026-04-13 19:00:00,4714.46,4746.68,4709.19,4732.99,21124,20,0
2026-04-13 20:00:00,4733.02,4749.92,4725.57,4729.97,17981,24,0
2026-04-13 21:00:00,4730.13,4740.67,4722.94,4738.38,15879,19,0
2026-04-13 22:00:00,4738.32,4747.38,4730.58,4741.12,14551,19,0
2026-04-13 23:00:00,4741.31,4744.05,4736.86,4739.6,6251,28,0
2026-04-14 01:00:00,4745.42,4759.66,4745.09,4757.96,8295,20,0
2026-04-14 02:00:00,4758.01,4765.79,4754.33,4757.64,11090,20,0
2026-04-14 03:00:00,4757.6,4775.99,4751.65,4769.89,15030,19,0
2026-04-14 04:00:00,4769.94,4776.97,4761.77,4764.71,18179,19,0
2026-04-14 05:00:00,4764.61,4777.22,4762.2,4775.13,13877,31,0
2026-04-14 06:00:00,4775.12,4775.67,4765.56,4767.95,11559,31,0
2026-04-14 07:00:00,4768.27,4777.0,4766.98,4774.19,8781,19,0
2026-04-14 08:00:00,4774.17,4774.27,4757.74,4759.92,14921,19,0
2026-04-14 09:00:00,4760.1,4783.02,4759.93,4782.14,15911,23,0
2026-04-14 10:00:00,4782.21,4796.37,4767.92,4777.0,19107,18,0
2026-04-14 11:00:00,4776.94,4789.93,4773.99,4786.96,16412,19,0
2026-04-14 12:00:00,4787.11,4789.21,4771.57,4778.07,15196,20,0
2026-04-14 13:00:00,4778.15,4787.95,4752.49,4768.27,15360,20,0
2026-04-14 14:00:00,4767.98,4782.98,4766.77,4774.84,15801,20,0
2026-04-14 15:00:00,4775.06,4777.6,4762.06,4771.07,19236,19,0
2026-04-14 16:00:00,4770.97,4803.43,4770.91,4795.59,22790,19,0
2026-04-14 17:00:00,4795.58,4817.8,4793.01,4803.74,22622,19,0
2026-04-14 18:00:00,4803.73,4816.26,4791.21,4807.86,20841,19,0
2026-04-14 19:00:00,4807.85,4820.31,4805.09,4810.21,17223,19,0
2026-04-14 20:00:00,4810.13,4841.35,4809.51,4835.17,17211,19,0
2026-04-14 21:00:00,4835.14,4843.23,4830.91,4836.64,16315,21,0
2026-04-14 22:00:00,4836.78,4846.31,4836.33,4845.28,13475,19,0
2026-04-14 23:00:00,4845.3,4846.3,4839.06,4839.37,6427,19,0
2026-04-15 01:00:00,4847.06,4849.2,4833.19,4835.13,8933,28,0
2026-04-15 02:00:00,4835.11,4843.95,4833.75,4837.2,12287,19,0
2026-04-15 03:00:00,4837.22,4840.04,4827.13,4835.79,13544,22,0
2026-04-15 04:00:00,4836.14,4871.29,4827.99,4846.94,20399,18,0
2026-04-15 05:00:00,4846.81,4853.24,4820.47,4823.75,18341,19,0
2026-04-15 06:00:00,4823.74,4829.42,4816.68,4823.86,12893,30,0
2026-04-15 07:00:00,4823.88,4827.59,4820.32,4824.75,8838,20,0
2026-04-15 08:00:00,4824.77,4830.27,4811.9,4819.52,16591,19,0
2026-04-15 09:00:00,4819.52,4824.9,4810.92,4811.24,17010,19,0
2026-04-15 10:00:00,4811.47,4816.69,4803.49,4810.7,17117,20,0
2026-04-15 11:00:00,4810.58,4821.32,4804.22,4818.1,15596,20,0
2026-04-15 12:00:00,4818.11,4819.34,4786.26,4797.52,18609,18,0
2026-04-15 13:00:00,4797.42,4804.97,4790.23,4799.81,17905,20,0
2026-04-15 14:00:00,4799.8,4814.67,4795.54,4812.22,16270,20,0
2026-04-15 15:00:00,4812.19,4816.19,4807.02,4811.39,16715,24,0
2026-04-15 16:00:00,4811.53,4830.01,4808.55,4829.19,22371,20,0
2026-04-15 17:00:00,4829.03,4830.58,4812.97,4815.4,21368,19,0
2026-04-15 18:00:00,4815.45,4815.83,4785.86,4801.36,21584,19,0
2026-04-15 19:00:00,4801.31,4812.79,4799.71,4804.02,17890,19,0
2026-04-15 20:00:00,4803.98,4808.59,4790.75,4792.89,16579,19,0
2026-04-15 21:00:00,4792.74,4802.02,4789.81,4799.6,15805,19,0
2026-04-15 22:00:00,4799.62,4803.23,4794.52,4795.89,13793,19,0
2026-04-15 23:00:00,4795.92,4796.73,4786.01,4789.88,7502,24,0
2026-04-16 01:00:00,4796.48,4811.65,4790.33,4807.49,8676,26,0
2026-04-16 02:00:00,4807.43,4826.92,4807.33,4823.84,10166,19,0
2026-04-16 03:00:00,4824.02,4837.75,4820.62,4833.09,13351,19,0
2026-04-16 04:00:00,4833.0,4836.17,4811.39,4817.91,16720,19,0
2026-04-16 05:00:00,4817.89,4824.95,4812.44,4819.6,13979,19,0
2026-04-16 06:00:00,4819.38,4827.02,4819.0,4823.93,11153,19,0
2026-04-16 07:00:00,4823.86,4833.43,4822.74,4833.05,8784,31,0
2026-04-16 08:00:00,4833.08,4838.28,4820.84,4821.04,13830,20,0
2026-04-16 09:00:00,4821.04,4830.02,4814.23,4825.9,16910,21,0
2026-04-16 10:00:00,4826.33,4830.73,4816.91,4821.04,15645,19,0
2026-04-16 11:00:00,4821.11,4822.39,4806.6,4813.78,15932,20,0
2026-04-16 12:00:00,4813.78,4818.18,4806.75,4812.87,13942,32,0
2026-04-16 13:00:00,4812.81,4817.15,4804.95,4817.1,13693,19,0
2026-04-16 14:00:00,4817.11,4822.66,4815.64,4822.26,13690,27,0
2026-04-16 15:00:00,4822.41,4823.31,4811.33,4816.32,15754,20,0
2026-04-16 16:00:00,4816.7,4823.97,4783.94,4794.65,21323,22,0
2026-04-16 17:00:00,4794.52,4805.15,4772.37,4788.56,24265,19,0
2026-04-16 18:00:00,4788.57,4812.82,4788.16,4806.93,21405,21,0
2026-04-16 19:00:00,4806.91,4809.77,4784.9,4791.79,18802,20,0
2026-04-16 20:00:00,4791.85,4795.33,4781.16,4789.01,18456,19,0
2026-04-16 21:00:00,4789.01,4794.03,4785.56,4789.32,17916,23,0
2026-04-16 22:00:00,4789.33,4798.48,4789.33,4793.52,15009,20,0
2026-04-16 23:00:00,4793.37,4793.72,4786.02,4788.48,6466,19,0
2026-04-17 01:00:00,4794.11,4796.76,4790.8,4795.06,7164,29,0
2026-04-17 02:00:00,4794.91,4797.66,4791.52,4791.6,8977,21,0
2026-04-17 03:00:00,4791.52,4801.14,4785.61,4794.64,11915,19,0
2026-04-17 04:00:00,4794.54,4795.44,4767.01,4789.48,18420,19,0
2026-04-17 05:00:00,4789.44,4794.79,4784.46,4784.6,12044,23,0
2026-04-17 06:00:00,4784.48,4798.29,4784.48,4793.31,10671,20,0
2026-04-17 07:00:00,4793.3,4804.51,4792.68,4803.07,7916,23,0
2026-04-17 08:00:00,4802.99,4806.2,4793.41,4793.96,13285,19,0
2026-04-17 09:00:00,4793.93,4794.88,4778.82,4784.7,15272,19,0
2026-04-17 10:00:00,4784.61,4794.74,4778.34,4784.06,14484,21,0
2026-04-17 11:00:00,4783.97,4796.93,4780.68,4795.86,13394,19,0
2026-04-17 12:00:00,4795.85,4801.0,4789.78,4790.19,13233,19,0
2026-04-17 13:00:00,4790.2,4794.07,4782.22,4786.95,12717,22,0
2026-04-17 14:00:00,4786.98,4811.9,4783.28,4799.1,13130,25,0
2026-04-17 15:00:00,4799.09,4847.93,4797.36,4846.6,19683,20,0
2026-04-17 16:00:00,4846.58,4890.34,4835.36,4880.3,26315,19,0
2026-04-17 17:00:00,4880.34,4885.61,4860.97,4873.29,23098,19,0
2026-04-17 18:00:00,4873.27,4880.74,4854.74,4867.61,21888,18,0
2026-04-17 19:00:00,4867.59,4873.57,4863.72,4867.1,16560,19,0
2026-04-17 20:00:00,4867.07,4869.75,4853.9,4862.69,17443,24,0
2026-04-17 21:00:00,4862.7,4868.4,4856.04,4858.27,16409,31,0
2026-04-17 22:00:00,4858.3,4861.38,4852.56,4854.44,15065,19,0
2026-04-17 23:00:00,4854.62,4855.4,4828.94,4831.64,11910,19,0
2026-04-20 01:00:00,4773.0,4795.1,4769.8,4779.16,14918,25,0
2026-04-20 02:00:00,4779.18,4779.28,4736.93,4754.96,16991,19,0
2026-04-20 03:00:00,4754.98,4774.19,4745.02,4772.31,17866,19,0
2026-04-20 04:00:00,4772.21,4814.25,4771.38,4807.76,20530,19,0
2026-04-20 05:00:00,4807.55,4809.16,4793.02,4797.17,15685,31,0
2026-04-20 06:00:00,4797.13,4798.21,4788.71,4790.97,12668,27,0
2026-04-20 07:00:00,4790.97,4795.73,4787.02,4788.76,9993,31,0
2026-04-20 08:00:00,4788.63,4795.95,4779.64,4790.66,16624,24,0
2026-04-20 09:00:00,4790.65,4795.24,4783.68,4795.21,17504,20,0
2026-04-20 10:00:00,4795.2,4805.61,4786.65,4789.51,18215,19,0
2026-04-20 11:00:00,4789.5,4795.99,4785.65,4795.95,15129,20,0
2026-04-20 12:00:00,4795.85,4797.6,4783.36,4791.48,15020,19,0
2026-04-20 13:00:00,4791.46,4800.81,4789.73,4795.6,13350,19,0
2026-04-20 14:00:00,4795.6,4810.88,4786.18,4810.43,16648,19,0
2026-04-20 15:00:00,4810.52,4821.93,4798.81,4803.18,19410,19,0
2026-04-20 16:00:00,4803.22,4826.2,4799.37,4817.72,23733,19,0
2026-04-20 17:00:00,4817.99,4827.76,4792.71,4805.0,24366,18,0
2026-04-20 18:00:00,4804.93,4809.18,4792.54,4799.34,22711,21,0
2026-04-20 19:00:00,4799.37,4806.28,4792.43,4805.23,17602,19,0
2026-04-20 20:00:00,4805.24,4812.07,4803.47,4806.59,14932,29,0
2026-04-20 21:00:00,4806.62,4816.58,4806.62,4813.94,14181,22,0
2026-04-20 22:00:00,4813.93,4821.24,4810.25,4814.08,11935,22,0
2026-04-20 23:00:00,4814.12,4820.41,4812.07,4819.19,6601,31,0
2026-04-21 01:00:00,4823.58,4833.1,4822.45,4827.6,9128,22,0
2026-04-21 02:00:00,4827.4,4831.52,4819.48,4821.64,8531,19,0
2026-04-21 03:00:00,4821.77,4830.75,4816.83,4823.94,13813,20,0
2026-04-21 04:00:00,4824.15,4824.45,4806.05,4809.92,16282,19,0
2026-04-21 05:00:00,4809.91,4810.15,4802.1,4806.47,13195,19,0
2026-04-21 06:00:00,4806.8,4807.37,4792.27,4796.43,12923,19,0
2026-04-21 07:00:00,4796.43,4797.26,4787.48,4788.72,9932,19,0
2026-04-21 08:00:00,4788.85,4796.61,4782.72,4783.76,14568,20,0
2026-04-21 09:00:00,4783.6,4790.28,4774.06,4778.42,17814,19,0
2026-04-21 10:00:00,4777.8,4792.26,4772.34,4785.72,15935,19,0
2026-04-21 11:00:00,4785.81,4792.64,4774.36,4785.34,16134,19,0
2026-04-21 12:00:00,4785.33,4789.16,4780.91,4783.4,14468,19,0
2026-04-21 13:00:00,4783.58,4790.1,4780.54,4789.36,11842,22,0
2026-04-21 14:00:00,4789.35,4797.64,4775.02,4794.46,15609,19,0
2026-04-21 15:00:00,4794.48,4796.83,4766.05,4778.43,20936,19,0
2026-04-21 16:00:00,4778.41,4794.04,4760.46,4779.15,25201,19,0
2026-04-21 17:00:00,4779.13,4782.21,4723.45,4738.65,26457,20,0
2026-04-21 18:00:00,4738.66,4757.5,4727.54,4741.34,26575,20,0
2026-04-21 19:00:00,4741.31,4746.52,4707.92,4710.74,22177,19,0
2026-04-21 20:00:00,4710.7,4721.87,4696.67,4710.4,23851,19,0
2026-04-21 21:00:00,4710.4,4714.27,4692.16,4708.97,19609,23,0
2026-04-21 22:00:00,4708.98,4714.89,4668.49,4679.26,23085,18,0
2026-04-21 23:00:00,4679.22,4717.68,4668.65,4717.16,16428,19,0
2026-04-22 01:00:00,4724.05,4724.68,4715.45,4719.52,8300,19,0
2026-04-22 02:00:00,4719.38,4740.4,4718.0,4738.06,10598,19,0
2026-04-22 03:00:00,4738.29,4747.29,4738.29,4739.7,13810,19,0
2026-04-22 04:00:00,4739.69,4754.6,4735.91,4752.21,16931,19,0
2026-04-22 05:00:00,4752.22,4759.04,4750.06,4755.77,12399,19,0
2026-04-22 06:00:00,4755.77,4765.04,4753.17,4758.34,11272,19,0
2026-04-22 07:00:00,4758.39,4759.75,4752.26,4754.62,9364,23,0
2026-04-22 08:00:00,4754.64,4771.98,4752.14,4767.55,15228,19,0
2026-04-22 09:00:00,4767.65,4767.88,4758.86,4767.63,13748,22,0
2026-04-22 10:00:00,4767.69,4772.55,4759.58,4760.58,15223,32,0
2026-04-22 11:00:00,4760.59,4762.37,4751.6,4756.96,15144,19,0
2026-04-22 12:00:00,4756.96,4762.57,4752.62,4755.27,14241,19,0
2026-04-22 13:00:00,4755.23,4760.26,4746.06,4759.55,15032,19,0
2026-04-22 14:00:00,4759.55,4761.5,4747.98,4750.5,14547,26,0
2026-04-22 15:00:00,4750.48,4759.6,4742.92,4744.35,18046,21,0
2026-04-22 16:00:00,4744.47,4760.98,4736.44,4753.19,24734,19,0
2026-04-22 17:00:00,4752.77,4757.74,4729.92,4736.14,24859,19,0
2026-04-22 18:00:00,4736.12,4740.13,4724.88,4727.71,21899,19,0
2026-04-22 19:00:00,4728.04,4734.81,4724.0,4728.84,17859,19,0
2026-04-22 20:00:00,4728.83,4739.36,4728.67,4737.46,16495,19,0
2026-04-22 21:00:00,4737.47,4749.77,4730.09,4741.88,15401,19,0
2026-04-22 22:00:00,4741.93,4745.52,4736.98,4740.28,14989,24,0
2026-04-22 23:00:00,4740.41,4740.64,4734.7,4738.07,7538,19,0
2026-04-23 01:00:00,4740.44,4740.92,4725.81,4726.11,8041,19,0
2026-04-23 02:00:00,4726.17,4730.11,4723.31,4727.94,8600,23,0
2026-04-23 03:00:00,4727.95,4753.64,4693.89,4748.1,22776,19,0
2026-04-23 04:00:00,4747.74,4749.93,4722.5,4723.31,20547,19,0
2026-04-23 05:00:00,4723.26,4724.68,4698.06,4698.79,22142,21,0
2026-04-23 06:00:00,4698.87,4708.6,4697.81,4703.79,17263,31,0
2026-04-23 07:00:00,4703.82,4707.07,4698.61,4704.03,11694,31,0
2026-04-23 08:00:00,4704.03,4715.04,4691.63,4713.92,16724,26,0
2026-04-23 09:00:00,4713.68,4720.97,4708.62,4713.06,17398,21,0
2026-04-23 10:00:00,4713.05,4720.51,4703.19,4718.91,18928,19,0
2026-04-23 11:00:00,4718.91,4724.76,4701.74,4703.19,16935,19,0
2026-04-23 12:00:00,4703.16,4703.55,4694.49,4697.33,17646,19,0
2026-04-23 13:00:00,4697.35,4701.39,4683.96,4696.43,18424,19,0
2026-04-23 14:00:00,4696.55,4720.98,4695.52,4720.71,18660,19,0
2026-04-23 15:00:00,4720.71,4743.33,4719.73,4740.43,23125,19,0
2026-04-23 16:00:00,4740.44,4741.5,4724.6,4724.7,23745,20,0
2026-04-23 17:00:00,4724.77,4736.92,4717.4,4733.8,25379,19,0
2026-04-23 18:00:00,4733.87,4741.53,4716.55,4720.47,22094,24,0
2026-04-23 19:00:00,4720.42,4737.03,4715.73,4732.57,18796,20,0
2026-04-23 20:00:00,4732.64,4734.13,4664.19,4709.38,30431,18,0
2026-04-23 21:00:00,4709.57,4722.13,4699.68,4701.33,24048,18,0
2026-04-23 22:00:00,4701.22,4704.65,4689.83,4696.34,21045,26,0
2026-04-23 23:00:00,4696.27,4698.37,4686.57,4691.61,9478,21,0
2026-04-24 01:00:00,4693.89,4699.25,4690.16,4693.4,7592,21,0
2026-04-24 02:00:00,4693.37,4700.97,4686.94,4695.58,11230,19,0
2026-04-24 03:00:00,4695.6,4707.98,4691.13,4704.76,17398,19,0
2026-04-24 04:00:00,4704.76,4711.31,4690.52,4699.53,19845,19,0
2026-04-24 05:00:00,4699.43,4700.56,4673.05,4676.83,18770,19,0
2026-04-24 06:00:00,4676.86,4678.43,4668.87,4672.25,15431,31,0
2026-04-24 07:00:00,4671.91,4676.87,4657.71,4674.66,14666,19,0
2026-04-24 08:00:00,4674.75,4687.74,4669.83,4687.12,16520,24,0
2026-04-24 09:00:00,4687.15,4688.3,4666.53,4671.78,17275,32,0
2026-04-24 10:00:00,4671.53,4695.79,4671.06,4694.23,15424,23,0
2026-04-24 11:00:00,4694.23,4697.87,4685.27,4691.76,16810,19,0
2026-04-24 12:00:00,4691.62,4697.02,4679.56,4682.14,16956,21,0
2026-04-24 13:00:00,4682.21,4686.35,4674.83,4678.48,14243,20,0
2026-04-24 14:00:00,4678.55,4717.37,4677.82,4707.0,22492,19,0
2026-04-24 15:00:00,4707.07,4711.7,4690.35,4700.93,20666,20,0
2026-04-24 16:00:00,4700.47,4717.42,4689.82,4711.23,24960,20,0
2026-04-24 17:00:00,4711.3,4739.95,4706.69,4726.15,26617,19,0
2026-04-24 18:00:00,4726.14,4733.15,4714.57,4726.63,24258,19,0
2026-04-24 19:00:00,4726.62,4729.32,4718.78,4726.58,20015,19,0
2026-04-24 20:00:00,4726.58,4729.81,4718.64,4723.7,18089,19,0
2026-04-24 21:00:00,4723.74,4724.55,4716.55,4722.77,14857,32,0
2026-04-24 22:00:00,4722.76,4725.79,4713.82,4717.23,15355,21,0
2026-04-24 23:00:00,4717.26,4717.49,4701.86,4704.65,9216,32,0
2026-04-27 01:00:00,4695.78,4695.78,4679.97,4684.72,10631,27,0
2026-04-27 02:00:00,4684.73,4684.86,4674.84,4680.08,11130,27,0
2026-04-27 03:00:00,4680.07,4698.11,4672.04,4697.63,14734,20,0
2026-04-27 04:00:00,4697.65,4709.76,4690.86,4702.76,20795,19,0
2026-04-27 05:00:00,4702.8,4723.31,4696.41,4718.06,17136,19,0
2026-04-27 06:00:00,4717.98,4729.3,4714.32,4724.14,13583,20,0
2026-04-27 07:00:00,4724.01,4730.2,4722.66,4724.97,9636,32,0
2026-04-27 08:00:00,4725.01,4725.48,4708.61,4710.12,14300,19,0
2026-04-27 09:00:00,4710.12,4715.67,4709.08,4712.87,15616,20,0
2026-04-27 10:00:00,4712.87,4718.28,4709.99,4713.32,16148,20,0
2026-04-27 11:00:00,4713.28,4714.71,4704.77,4706.54,16945,19,0
2026-04-27 12:00:00,4706.59,4708.07,4698.86,4703.19,14625,23,0
2026-04-27 13:00:00,4703.2,4711.1,4699.36,4708.75,13149,19,0
2026-04-27 14:00:00,4708.77,4709.08,4699.16,4704.62,14913,19,0
2026-04-27 15:00:00,4704.77,4712.46,4696.69,4699.14,18462,19,0
2026-04-27 16:00:00,4699.15,4703.12,4688.81,4695.92,23001,23,0
2026-04-27 17:00:00,4695.95,4696.19,4676.29,4677.68,24687,19,0
2026-04-27 18:00:00,4677.68,4681.98,4666.96,4669.6,23364,19,0
2026-04-27 19:00:00,4669.57,4679.06,4667.0,4676.27,16389,21,0
2026-04-27 20:00:00,4676.45,4685.76,4667.68,4681.92,17586,22,0
2026-04-27 21:00:00,4681.9,4685.22,4678.71,4680.47,13955,21,0
2026-04-27 22:00:00,4680.54,4682.4,4676.39,4680.4,13068,19,0
2026-04-27 23:00:00,4680.49,4681.13,4676.67,4678.33,5065,21,0
2026-04-28 01:00:00,4680.99,4690.92,4680.6,4687.77,6672,19,0
2026-04-28 02:00:00,4687.72,4694.92,4687.09,4691.67,7373,31,0
2026-04-28 03:00:00,4691.82,4701.07,4690.32,4690.39,12572,19,0
2026-04-28 04:00:00,4690.17,4691.29,4669.51,4670.46,16164,19,0
2026-04-28 05:00:00,4670.54,4679.54,4665.54,4668.83,15220,19,0
2026-04-28 06:00:00,4668.86,4675.68,4668.2,4670.57,11740,32,0
2026-04-28 07:00:00,4670.52,4670.91,4665.97,4667.03,9209,31,0
2026-04-28 08:00:00,4667.07,4667.63,4623.51,4631.72,19606,20,0
2026-04-28 09:00:00,4631.64,4642.4,4622.9,4628.48,18733,19,0
2026-04-28 10:00:00,4628.31,4638.92,4620.08,4632.72,17620,19,0
2026-04-28 11:00:00,4632.62,4634.9,4614.41,4629.41,18246,19,0
2026-04-28 12:00:00,4629.33,4629.71,4604.29,4604.72,18507,19,0
2026-04-28 13:00:00,4604.38,4615.69,4602.7,4602.83,16695,19,0
2026-04-28 14:00:00,4602.82,4608.29,4554.97,4562.33,21673,19,0
2026-04-28 15:00:00,4562.2,4600.01,4554.68,4593.75,22248,19,0
2026-04-28 16:00:00,4593.7,4594.61,4570.83,4580.27,23963,19,0
2026-04-28 17:00:00,4580.33,4580.61,4557.19,4574.03,25758,20,0
2026-04-28 18:00:00,4574.01,4586.42,4566.7,4586.35,23013,20,0
2026-04-28 19:00:00,4586.34,4594.91,4577.93,4592.18,18811,20,0
2026-04-28 20:00:00,4591.98,4601.73,4587.03,4594.69,16973,22,0
2026-04-28 21:00:00,4594.79,4600.44,4592.15,4594.33,14680,20,0
2026-04-28 22:00:00,4594.42,4600.13,4593.31,4595.69,13962,32,0
2026-04-28 23:00:00,4595.66,4598.76,4591.19,4595.01,7329,20,0
2026-04-29 01:00:00,4597.06,4597.38,4592.39,4594.06,5115,19,0
2026-04-29 02:00:00,4594.13,4595.97,4587.88,4595.59,7701,31,0
2026-04-29 03:00:00,4595.6,4610.46,4594.82,4599.94,14234,20,0
2026-04-29 04:00:00,4599.95,4600.19,4575.9,4584.72,19983,19,0
2026-04-29 05:00:00,4584.73,4604.22,4584.73,4593.44,16211,19,0
2026-04-29 06:00:00,4593.35,4603.33,4592.13,4595.4,12670,24,0
2026-04-29 07:00:00,4595.39,4605.83,4595.26,4605.01,10150,31,0
2026-04-29 08:00:00,4605.0,4607.6,4590.6,4591.25,13713,20,0
2026-04-29 09:00:00,4591.17,4598.5,4580.76,4584.36,16005,19,0
2026-04-29 10:00:00,4584.14,4588.61,4567.17,4567.73,17771,21,0
2026-04-29 11:00:00,4567.89,4576.78,4557.18,4573.03,17698,19,0
2026-04-29 12:00:00,4573.01,4580.71,4550.74,4555.76,17558,20,0
2026-04-29 13:00:00,4555.68,4576.62,4555.12,4569.87,15488,19,0
2026-04-29 14:00:00,4569.87,4571.9,4558.49,4561.47,15384,19,0
2026-04-29 15:00:00,4561.42,4568.77,4542.06,4544.79,18495,19,0
2026-04-29 16:00:00,4544.81,4553.5,4509.96,4521.58,23309,19,0
2026-04-29 17:00:00,4521.57,4542.43,4517.84,4539.27,23046,19,0
2026-04-29 18:00:00,4539.27,4558.98,4536.22,4547.78,22637,19,0
2026-04-29 19:00:00,4547.73,4564.86,4543.31,4545.35,19654,19,0
2026-04-29 20:00:00,4545.42,4554.32,4541.37,4543.82,17838,25,0
2026-04-29 21:00:00,4547.18,4552.59,4517.72,4537.81,24153,19,0
2026-04-29 22:00:00,4537.75,4550.4,4533.08,4546.87,20003,19,0
2026-04-29 23:00:00,4546.84,4553.29,4540.08,4542.19,14630,19,0
2026-04-30 01:00:00,4538.22,4552.72,4538.09,4552.18,9198,25,0
2026-04-30 02:00:00,4552.15,4562.07,4549.55,4561.58,10243,24,0
2026-04-30 03:00:00,4561.59,4573.86,4556.34,4569.76,16067,19,0
2026-04-30 04:00:00,4569.59,4582.32,4564.61,4579.21,17719,20,0
2026-04-30 05:00:00,4579.01,4581.9,4559.83,4564.57,15950,18,0
2026-04-30 06:00:00,4564.54,4569.0,4555.54,4556.19,14101,26,0
2026-04-30 07:00:00,4556.11,4556.93,4540.75,4542.18,15663,19,0
2026-04-30 08:00:00,4542.12,4569.49,4542.12,4562.65,15658,21,0
2026-04-30 09:00:00,4562.74,4591.48,4560.32,4589.42,17627,19,0
2026-04-30 10:00:00,4589.5,4605.99,4585.01,4598.54,17025,19,0
2026-04-30 11:00:00,4598.55,4629.56,4597.43,4616.57,18066,19,0
2026-04-30 12:00:00,4616.6,4631.86,4614.83,4625.41,17923,19,0
2026-04-30 13:00:00,4625.44,4646.68,4623.92,4639.91,18592,20,0
2026-04-30 14:00:00,4638.68,4645.37,4626.93,4630.31,20385,19,0
2026-04-30 15:00:00,4630.32,4640.35,4624.7,4639.76,18433,20,0
2026-04-30 16:00:00,4639.77,4646.14,4610.52,4610.99,21871,19,0
2026-04-30 17:00:00,4610.76,4626.21,4609.6,4619.8,24185,19,0
2026-04-30 18:00:00,4619.66,4625.54,4611.0,4615.15,19967,20,0
2026-04-30 19:00:00,4615.11,4617.41,4605.21,4607.34,15785,19,0
2026-04-30 20:00:00,4607.45,4621.44,4607.33,4616.92,15648,30,0
2026-04-30 21:00:00,4616.96,4625.0,4616.84,4622.39,14403,30,0
2026-04-30 22:00:00,4622.38,4626.97,4614.77,4617.11,15158,19,0
2026-04-30 23:00:00,4617.21,4620.73,4615.51,4619.27,8957,32,0
2026-05-01 01:00:00,4627.36,4632.72,4625.1,4630.33,8419,19,0
2026-05-01 02:00:00,4630.34,4634.31,4626.55,4626.67,9208,19,0
2026-05-01 03:00:00,4626.61,4631.27,4618.6,4619.9,15419,19,0
2026-05-01 04:00:00,4619.62,4622.52,4614.09,4621.14,12340,22,0
2026-05-01 05:00:00,4620.89,4636.04,4616.53,4619.05,12325,19,0
2026-05-01 06:00:00,4619.01,4631.92,4617.57,4626.74,10484,20,0
2026-05-01 07:00:00,4626.73,4628.88,4608.84,4608.84,11364,19,0
2026-05-01 08:00:00,4608.94,4615.8,4602.81,4604.98,12307,20,0
2026-05-01 09:00:00,4605.0,4607.73,4590.63,4594.33,15367,22,0
2026-05-01 10:00:00,4593.89,4597.73,4575.86,4579.72,17151,21,0
2026-05-01 11:00:00,4579.7,4582.59,4564.89,4568.92,16258,26,0
2026-05-01 12:00:00,4568.89,4572.59,4559.81,4562.1,13692,20,0
2026-05-01 13:00:00,4562.02,4575.87,4561.17,4567.17,11797,19,0
2026-05-01 14:00:00,4567.17,4579.3,4562.11,4577.86,14173,19,0
2026-05-01 15:00:00,4577.53,4607.23,4574.44,4590.4,19651,19,0
2026-05-01 16:00:00,4590.46,4628.84,4586.33,4625.92,22655,19,0
2026-05-01 17:00:00,4625.98,4660.14,4625.79,4632.4,27924,19,0
2026-05-01 18:00:00,4632.45,4648.11,4618.95,4643.66,22677,20,0
2026-05-01 19:00:00,4643.67,4650.08,4633.95,4638.64,20023,25,0
2026-05-01 20:00:00,4638.67,4642.69,4626.86,4630.34,15242,19,0
2026-05-01 21:00:00,4630.44,4630.6,4614.01,4624.6,17364,20,0
2026-05-01 22:00:00,4624.55,4627.65,4608.76,4610.52,14995,19,0
2026-05-01 23:00:00,4610.49,4616.3,4607.21,4613.66,9111,27,0
2026-05-04 01:00:00,4624.2,4629.55,4612.44,4618.95,9855,22,0
2026-05-04 02:00:00,4618.96,4621.0,4611.42,4614.04,10313,26,0
2026-05-04 03:00:00,4614.02,4616.83,4602.08,4612.84,14881,19,0
2026-05-04 04:00:00,4612.73,4613.78,4592.57,4612.73,14785,20,0
2026-05-04 05:00:00,4612.64,4618.08,4590.66,4605.38,14469,19,0
2026-05-04 06:00:00,4605.27,4617.48,4598.46,4615.24,13013,32,0
2026-05-04 07:00:00,4615.25,4615.73,4605.48,4606.16,11578,32,0
2026-05-04 08:00:00,4606.16,4613.11,4592.12,4599.06,15225,20,0
2026-05-04 09:00:00,4598.92,4600.66,4583.36,4587.98,16055,19,0
2026-05-04 10:00:00,4588.08,4593.01,4577.82,4578.68,15492,19,0
2026-05-04 11:00:00,4578.56,4581.34,4573.35,4576.65,15505,19,0
2026-05-04 12:00:00,4576.52,4584.1,4571.43,4575.13,12172,19,0
2026-05-04 13:00:00,4575.08,4575.64,4525.75,4562.66,21669,19,0
2026-05-04 14:00:00,4562.54,4570.57,4551.74,4559.92,16844,22,0
2026-05-04 15:00:00,4560.28,4579.24,4559.41,4568.32,17469,19,0
2026-05-04 16:00:00,4568.24,4575.65,4555.68,4563.99,20487,21,0
2026-05-04 17:00:00,4563.88,4583.08,4553.65,4561.72,21729,20,0
2026-05-04 18:00:00,4561.74,4566.08,4512.34,4521.6,24004,18,0
2026-05-04 19:00:00,4521.72,4526.99,4500.82,4510.59,21793,19,0
2026-05-04 20:00:00,4510.67,4531.52,4510.67,4522.37,17739,20,0
2026-05-04 21:00:00,4522.41,4525.35,4509.58,4516.23,14994,19,0
2026-05-04 22:00:00,4516.12,4526.99,4511.07,4517.68,15676,20,0
2026-05-04 23:00:00,4517.69,4522.24,4511.63,4522.06,7166,23,0
2026-05-05 01:00:00,4518.85,4522.73,4515.54,4517.4,5361,24,0
2026-05-05 02:00:00,4517.39,4521.59,4516.04,4518.9,5878,20,0
2026-05-05 03:00:00,4518.89,4530.3,4513.3,4529.82,13544,19,0
2026-05-05 04:00:00,4529.58,4541.9,4525.23,4540.65,13355,31,0
2026-05-05 05:00:00,4540.76,4546.64,4534.51,4538.91,11351,19,0
2026-05-05 06:00:00,4538.86,4542.46,4532.23,4534.35,9601,30,0
2026-05-05 07:00:00,4534.28,4536.65,4527.77,4533.43,10980,31,0
2026-05-05 08:00:00,4533.67,4551.48,4531.09,4545.78,13981,19,0
2026-05-05 09:00:00,4545.72,4552.04,4533.48,4548.07,14548,20,0
2026-05-05 10:00:00,4548.0,4558.33,4543.32,4545.33,15291,19,0
2026-05-05 11:00:00,4545.34,4559.53,4545.34,4558.94,15904,21,0
2026-05-05 12:00:00,4558.93,4560.46,4551.26,4556.68,13713,23,0
2026-05-05 13:00:00,4556.66,4556.93,4540.47,4543.04,13761,20,0
2026-05-05 14:00:00,4543.51,4564.91,4539.83,4563.32,15645,19,0
2026-05-05 15:00:00,4563.34,4574.77,4554.35,4564.42,17332,21,0
2026-05-05 16:00:00,4564.62,4585.26,4564.61,4582.3,19881,19,0
2026-05-05 17:00:00,4582.33,4586.7,4566.11,4582.8,20722,19,0
2026-05-05 18:00:00,4582.83,4584.01,4568.34,4568.53,17165,19,0
2026-05-05 19:00:00,4568.51,4569.08,4553.9,4561.38,15838,20,0
2026-05-05 20:00:00,4561.31,4562.99,4553.38,4559.65,13539,23,0
2026-05-05 21:00:00,4559.63,4565.97,4557.78,4561.8,11396,25,0
2026-05-05 22:00:00,4561.8,4561.8,4551.75,4555.48,11421,20,0
2026-05-05 23:00:00,4555.57,4560.16,4553.14,4554.94,6769,19,0
2026-05-06 01:00:00,4551.16,4576.84,4546.2,4574.19,9324,18,0
2026-05-06 02:00:00,4574.18,4595.83,4569.53,4595.22,14936,19,0
2026-05-06 03:00:00,4595.53,4619.85,4588.21,4618.67,16910,20,0
2026-05-06 04:00:00,4618.43,4628.63,4609.43,4625.99,17482,19,0
2026-05-06 05:00:00,4625.73,4641.9,4625.34,4640.76,14282,20,0
2026-05-06 06:00:00,4640.64,4652.07,4638.73,4644.06,13198,19,0
2026-05-06 07:00:00,4644.03,4653.79,4643.65,4649.27,12397,22,0
2026-05-06 08:00:00,4649.16,4664.01,4644.86,4663.08,14367,21,0
2026-05-06 09:00:00,4663.07,4670.02,4657.13,4670.02,16912,19,0
2026-05-06 10:00:00,4669.96,4681.84,4657.6,4681.35,17284,19,0
2026-05-06 11:00:00,4681.21,4702.95,4672.19,4701.06,18493,19,0
2026-05-06 12:00:00,4701.13,4709.34,4689.32,4702.1,20998,19,0
2026-05-06 13:00:00,4701.81,4722.79,4695.42,4717.47,20076,19,0
2026-05-06 14:00:00,4717.54,4721.31,4690.6,4692.56,21136,19,0
2026-05-06 15:00:00,4692.51,4692.99,4660.75,4683.3,22215,20,0
2026-05-06 16:00:00,4683.08,4707.95,4668.82,4701.19,25115,18,0
2026-05-06 17:00:00,4701.24,4717.62,4697.8,4703.0,25248,19,0
2026-05-06 18:00:00,4703.09,4705.93,4687.2,4687.51,20680,19,0
2026-05-06 19:00:00,4687.5,4692.09,4679.81,4682.84,18126,19,0
2026-05-06 20:00:00,4682.9,4688.23,4679.09,4684.71,15260,20,0
2026-05-06 21:00:00,4685.0,4690.55,4681.97,4686.27,12169,32,0
2026-05-06 22:00:00,4686.28,4700.18,4686.25,4693.72,12832,31,0
2026-05-06 23:00:00,4693.95,4699.81,4685.4,4689.35,8586,19,0
2026-05-07 01:00:00,4689.49,4700.01,4689.28,4694.64,7617,19,0
2026-05-07 02:00:00,4694.65,4699.63,4690.25,4699.08,8616,31,0
2026-05-07 03:00:00,4699.08,4701.16,4685.55,4687.94,15943,19,0
2026-05-07 04:00:00,4687.91,4721.5,4685.28,4714.58,18694,23,0
2026-05-07 05:00:00,4714.61,4718.4,4699.68,4707.01,14807,31,0
2026-05-07 06:00:00,4706.9,4709.75,4698.73,4698.99,11135,32,0
2026-05-07 07:00:00,4698.87,4700.78,4692.37,4696.19,10861,28,0
2026-05-07 08:00:00,4696.2,4706.53,4694.68,4701.16,12943,19,0
2026-05-07 09:00:00,4701.22,4749.93,4701.03,4738.6,17766,19,0
2026-05-07 10:00:00,4738.84,4750.46,4731.51,4742.42,19469,19,0
2026-05-07 11:00:00,4742.46,4753.44,4730.2,4730.87,18272,19,0
2026-05-07 12:00:00,4730.89,4739.06,4721.58,4727.81,16786,19,0
2026-05-07 13:00:00,4727.67,4739.49,4726.25,4735.66,14830,19,0
2026-05-07 14:00:00,4735.7,4743.31,4726.96,4742.75,16829,19,0
2026-05-07 15:00:00,4742.91,4752.63,4733.26,4749.18,19206,19,0
2026-05-07 16:00:00,4748.6,4757.95,4730.96,4747.22,22280,19,0
2026-05-07 17:00:00,4747.29,4763.39,4741.27,4762.66,21189,19,0
2026-05-07 18:00:00,4762.72,4764.74,4726.19,4728.76,21620,19,0
2026-05-07 19:00:00,4728.93,4729.19,4704.1,4715.1,22789,19,0
2026-05-07 20:00:00,4715.27,4719.26,4687.62,4712.39,22234,22,0
2026-05-07 21:00:00,4712.23,4716.02,4695.6,4710.38,20303,26,0
2026-05-07 22:00:00,4710.15,4712.85,4697.67,4703.35,19776,19,0
2026-05-07 23:00:00,4703.22,4719.07,4684.7,4687.02,13306,21,0
2026-05-08 01:00:00,4691.89,4699.06,4681.61,4685.47,10863,23,0
2026-05-08 02:00:00,4685.61,4705.54,4684.36,4704.43,10550,25,0
2026-05-08 03:00:00,4704.55,4709.36,4693.98,4702.51,14826,20,0
2026-05-08 04:00:00,4702.67,4725.71,4701.92,4722.67,17104,19,0
2026-05-08 05:00:00,4722.73,4732.85,4706.8,4713.2,15799,23,0
2026-05-08 06:00:00,4713.12,4730.93,4711.07,4719.43,11922,21,0
2026-05-08 07:00:00,4719.56,4723.18,4709.0,4711.03,11141,19,0
2026-05-08 08:00:00,4711.0,4731.04,4709.53,4727.76,13592,19,0
2026-05-08 09:00:00,4727.85,4734.37,4712.8,4725.48,17412,19,0
2026-05-08 10:00:00,4725.55,4726.27,4697.38,4708.13,18905,19,0
2026-05-08 11:00:00,4708.29,4723.01,4706.61,4715.19,15724,20,0
2026-05-08 12:00:00,4715.18,4722.47,4708.39,4712.84,15377,20,0
2026-05-08 13:00:00,4712.84,4727.87,4712.23,4720.23,14055,19,0
2026-05-08 14:00:00,4720.4,4727.29,4713.52,4717.9,15223,21,0
2026-05-08 15:00:00,4718.01,4731.95,4702.34,4722.94,20456,19,0
2026-05-08 16:00:00,4723.27,4748.57,4716.29,4748.57,22334,19,0
2026-05-08 17:00:00,4748.56,4749.8,4713.51,4715.39,23147,19,0
2026-05-08 18:00:00,4715.42,4720.76,4701.94,4707.21,21206,19,0
2026-05-08 19:00:00,4707.37,4720.33,4705.43,4712.59,15662,20,0
2026-05-08 20:00:00,4712.55,4723.12,4712.26,4721.45,12507,19,0
2026-05-08 21:00:00,4721.4,4729.01,4720.03,4721.33,12489,19,0
2026-05-08 22:00:00,4721.32,4726.89,4721.01,4724.11,10213,32,0
2026-05-08 23:00:00,4724.13,4724.22,4713.03,4713.93,7121,19,0
2026-05-11 01:00:00,4685.51,4696.27,4678.67,4691.87,11136,20,0
2026-05-11 02:00:00,4691.88,4698.27,4688.85,4690.4,11167,20,0
2026-05-11 03:00:00,4690.41,4692.65,4670.34,4683.62,17412,19,0
2026-05-11 04:00:00,4683.38,4705.34,4674.29,4685.48,20172,19,0
2026-05-11 05:00:00,4685.45,4699.99,4676.02,4680.69,16893,23,0
2026-05-11 06:00:00,4680.53,4689.54,4673.97,4677.84,14143,19,0
2026-05-11 07:00:00,4677.81,4678.94,4667.42,4671.06,12596,19,0
2026-05-11 08:00:00,4671.04,4679.79,4647.03,4651.38,15273,21,0
2026-05-11 09:00:00,4651.33,4679.58,4648.27,4677.59,17149,19,0
2026-05-11 10:00:00,4678.09,4679.57,4663.63,4666.89,14349,21,0
2026-05-11 11:00:00,4666.89,4677.85,4663.37,4666.62,15082,19,0
2026-05-11 12:00:00,4666.68,4669.01,4649.68,4655.73,14600,23,0
2026-05-11 13:00:00,4655.59,4666.47,4655.39,4663.0,13149,19,0
2026-05-11 14:00:00,4663.04,4676.62,4663.04,4673.56,14647,19,0
2026-05-11 15:00:00,4674.03,4700.2,4666.36,4699.23,19415,19,0
2026-05-11 16:00:00,4699.25,4748.16,4697.98,4735.59,23723,19,0
2026-05-11 17:00:00,4735.6,4737.81,4714.71,4724.86,21713,19,0
2026-05-11 18:00:00,4724.85,4737.56,4722.21,4731.58,17751,22,0
2026-05-11 19:00:00,4731.6,4732.72,4707.38,4715.61,15950,19,0
2026-05-11 20:00:00,4715.54,4723.91,4715.08,4723.08,13765,19,0
2026-05-11 21:00:00,4723.07,4728.86,4720.74,4724.53,12739,22,0
2026-05-11 22:00:00,4724.5,4735.36,4721.83,4732.77,12066,19,0
2026-05-11 23:00:00,4732.8,4737.82,4729.58,4732.98,6993,19,0
2026-05-12 01:00:00,4738.72,4754.29,4736.74,4750.19,8087,19,0
2026-05-12 02:00:00,4750.23,4769.74,4745.8,4767.21,12794,20,0
2026-05-12 03:00:00,4767.08,4773.72,4748.43,4749.1,16074,19,0
2026-05-12 04:00:00,4749.06,4755.56,4720.33,4726.96,21348,21,0
2026-05-12 05:00:00,4726.99,4733.85,4722.14,4730.06,17566,20,0
2026-05-12 06:00:00,4729.97,4733.02,4718.09,4720.1,14023,20,0
2026-05-12 07:00:00,4720.07,4730.42,4711.23,4714.23,13071,22,0
2026-05-12 08:00:00,4714.14,4721.88,4708.5,4714.32,16535,19,0
2026-05-12 09:00:00,4714.13,4714.36,4694.12,4696.73,18867,19,0
2026-05-12 10:00:00,4696.64,4703.52,4687.35,4699.75,17544,20,0
2026-05-12 11:00:00,4699.61,4706.53,4697.12,4703.2,15092,20,0
2026-05-12 12:00:00,4702.95,4704.98,4694.09,4699.25,15429,20,0
2026-05-12 13:00:00,4699.22,4708.19,4684.79,4694.21,15981,20,0
2026-05-12 14:00:00,4694.13,4709.21,4686.76,4706.51,17356,19,0
2026-05-12 15:00:00,4706.49,4711.42,4689.42,4705.55,20406,19,0
2026-05-12 16:00:00,4705.27,4709.1,4676.62,4679.34,24268,19,0
2026-05-12 17:00:00,4679.22,4694.78,4669.46,4672.44,24126,22,0
2026-05-12 18:00:00,4672.24,4675.85,4637.77,4666.02,23870,20,0
2026-05-12 19:00:00,4666.03,4674.86,4664.23,4671.16,18911,19,0
2026-05-12 20:00:00,4671.19,4682.3,4671.17,4678.6,16611,19,0
2026-05-12 21:00:00,4678.56,4697.96,4676.14,4695.97,16988,26,0
2026-05-12 22:00:00,4696.13,4715.82,4696.13,4715.7,15607,19,0
2026-05-12 23:00:00,4715.67,4719.01,4711.96,4713.67,8631,21,0
2026-05-13 01:00:00,4718.46,4722.45,4709.35,4716.91,5821,19,0
2026-05-13 02:00:00,4716.92,4724.25,4715.38,4717.05,11877,19,0
2026-05-13 03:00:00,4717.22,4727.04,4714.16,4714.5,16412,19,0
2026-05-13 04:00:00,4714.49,4717.1,4700.92,4702.47,18344,20,0
2026-05-13 05:00:00,4702.31,4707.56,4687.6,4691.65,15987,24,0
2026-05-13 06:00:00,4691.58,4705.83,4688.77,4695.95,14207,21,0
2026-05-13 07:00:00,4695.9,4703.51,4695.46,4699.52,11116,25,0
2026-05-13 08:00:00,4699.6,4707.37,4693.85,4704.0,15636,19,0
2026-05-13 09:00:00,4704.23,4715.39,4698.89,4701.21,17150,19,0
2026-05-13 10:00:00,4701.14,4708.69,4696.64,4702.6,15289,20,0
2026-05-13 11:00:00,4702.58,4704.19,4694.64,4700.4,14532,20,0
2026-05-13 12:00:00,4700.42,4701.64,4685.51,4700.77,15845,19,0
2026-05-13 13:00:00,4700.9,4710.35,4693.4,4694.3,15566,19,0
2026-05-13 14:00:00,4694.36,4705.33,4691.43,4697.25,15699,19,0
2026-05-13 15:00:00,4697.15,4701.33,4675.72,4683.72,20559,19,0
2026-05-13 16:00:00,4683.52,4694.62,4668.94,4679.09,22646,19,0
2026-05-13 17:00:00,4678.82,4690.87,4672.76,4678.97,22919,19,0
2026-05-13 18:00:00,4678.88,4699.9,4678.88,4695.31,18985,19,0
2026-05-13 19:00:00,4695.25,4709.97,4694.97,4695.72,17426,18,0
2026-05-13 20:00:00,4695.73,4701.3,4684.47,4684.54,15423,19,0
2026-05-13 21:00:00,4684.44,4694.09,4677.71,4684.66,13911,19,0
2026-05-13 22:00:00,4684.7,4690.35,4683.28,4688.34,12311,32,0
2026-05-13 23:00:00,4688.35,4693.4,4685.95,4687.27,6900,19,0
2026-05-14 01:00:00,4692.04,4700.51,4688.41,4699.89,6898,23,0
2026-05-14 02:00:00,4699.8,4702.08,4693.14,4696.9,7959,21,0
2026-05-14 03:00:00,4696.5,4706.64,4689.55,4705.59,15846,20,0
2026-05-14 04:00:00,4705.53,4706.9,4683.48,4688.49,21221,19,0
2026-05-14 05:00:00,4688.53,4699.51,4679.87,4686.25,17810,20,0
2026-05-14 06:00:00,4686.34,4693.26,4674.89,4675.85,16423,30,0
2026-05-14 07:00:00,4675.76,4713.14,4668.97,4702.74,16119,20,0
2026-05-14 08:00:00,4702.8,4704.25,4689.26,4689.26,17418,20,0
2026-05-14 09:00:00,4688.69,4702.39,4686.01,4699.43,18291,20,0
2026-05-14 10:00:00,4699.29,4718.71,4690.81,4692.62,18303,19,0
2026-05-14 11:00:00,4692.61,4706.61,4692.13,4693.22,17641,20,0
2026-05-14 12:00:00,4693.16,4702.26,4688.45,4699.57,16385,19,0
2026-05-14 13:00:00,4699.35,4705.34,4691.06,4696.8,15651,19,0
2026-05-14 14:00:00,4696.54,4704.79,4689.45,4693.22,15571,20,0
2026-05-14 15:00:00,4693.46,4710.04,4692.36,4705.6,18938,19,0
2026-05-14 16:00:00,4705.84,4707.52,4666.38,4678.0,24238,19,0
2026-05-14 17:00:00,4678.28,4700.85,4677.33,4678.58,23595,19,0
2026-05-14 18:00:00,4678.85,4689.39,4676.82,4685.69,19292,19,0
2026-05-14 19:00:00,4685.77,4686.88,4670.36,4678.71,17333,20,0
2026-05-14 20:00:00,4678.73,4682.74,4676.2,4677.65,15333,20,0
2026-05-14 21:00:00,4677.76,4678.24,4666.72,4671.39,13820,20,0
2026-05-14 22:00:00,4671.38,4671.42,4652.87,4653.92,14194,24,0
2026-05-14 23:00:00,4653.94,4656.86,4644.22,4649.68,9498,21,0
2026-05-15 01:00:00,4651.1,4662.46,4650.07,4661.86,7650,19,0
2026-05-15 02:00:00,4662.0,4665.06,4646.61,4651.5,12119,19,0
2026-05-15 03:00:00,4651.5,4657.73,4613.35,4627.55,20202,19,0
2026-05-15 04:00:00,4627.13,4631.21,4606.49,4613.02,23584,23,0
2026-05-15 05:00:00,4613.23,4622.12,4608.29,4617.0,20236,22,0
2026-05-15 06:00:00,4616.88,4621.13,4606.38,4614.38,15962,19,0
2026-05-15 07:00:00,4614.39,4620.5,4603.3,4605.2,14027,19,0
2026-05-15 08:00:00,4604.88,4605.38,4556.14,4556.78,21935,19,0
2026-05-15 09:00:00,4557.12,4579.43,4555.0,4569.29,21240,19,0
2026-05-15 10:00:00,4569.28,4587.42,4564.95,4570.46,18662,19,0
2026-05-15 11:00:00,4570.54,4570.61,4549.64,4554.02,19131,19,0
2026-05-15 12:00:00,4553.96,4563.29,4531.81,4546.16,20108,19,0
2026-05-15 13:00:00,4546.1,4572.63,4543.84,4565.4,19597,19,0
2026-05-15 14:00:00,4565.48,4569.98,4549.43,4550.03,17336,20,0
2026-05-15 15:00:00,4550.07,4558.44,4543.28,4545.02,19548,19,0
2026-05-15 16:00:00,4544.6,4557.23,4511.5,4534.8,23720,19,0
2026-05-15 17:00:00,4534.49,4566.38,4525.48,4562.76,24704,19,0
2026-05-15 18:00:00,4562.58,4563.6,4533.51,4540.93,22689,21,0
2026-05-15 19:00:00,4541.03,4547.96,4529.21,4544.95,18436,19,0
2026-05-15 20:00:00,4544.83,4564.25,4543.01,4560.05,17343,19,0
2026-05-15 21:00:00,4560.18,4563.01,4552.47,4559.78,16455,19,0
2026-05-15 22:00:00,4559.84,4560.18,4544.71,4545.03,15547,21,0
2026-05-15 23:00:00,4545.07,4546.42,4533.19,4537.7,11130,21,0
2026-05-18 01:00:00,4543.54,4554.9,4537.94,4546.08,11594,20,0
2026-05-18 02:00:00,4546.13,4547.96,4532.0,4536.99,15536,19,0
2026-05-18 03:00:00,4537.16,4542.3,4480.07,4515.86,22419,19,0
2026-05-18 04:00:00,4514.43,4535.57,4489.63,4525.28,23689,21,0
2026-05-18 05:00:00,4525.3,4542.84,4521.9,4533.58,18719,24,0
2026-05-18 06:00:00,4533.57,4547.81,4525.12,4541.24,18098,20,0
2026-05-18 07:00:00,4540.94,4549.7,4529.73,4540.74,15973,20,0
2026-05-18 08:00:00,4540.86,4551.95,4529.93,4530.0,17761,19,0
2026-05-18 09:00:00,4529.95,4547.99,4529.66,4546.83,17889,19,0
2026-05-18 10:00:00,4546.98,4559.85,4538.26,4545.86,17806,21,0
2026-05-18 11:00:00,4546.0,4556.9,4542.33,4549.87,16095,19,0
2026-05-18 12:00:00,4549.88,4551.91,4540.1,4542.98,14683,21,0
2026-05-18 13:00:00,4542.95,4547.74,4532.17,4540.33,15734,19,0
2026-05-18 14:00:00,4540.51,4566.84,4530.0,4549.66,18923,20,0
2026-05-18 15:00:00,4549.63,4574.75,4545.02,4572.63,20342,20,0
2026-05-18 16:00:00,4573.0,4584.0,4561.8,4575.12,22825,21,0
2026-05-18 17:00:00,4575.11,4575.5,4537.08,4547.06,24298,18,0
2026-05-18 18:00:00,4546.87,4547.59,4531.53,4543.95,21778,19,0
2026-05-18 19:00:00,4543.89,4554.42,4533.86,4549.49,18571,19,0
2026-05-18 20:00:00,4549.52,4558.05,4545.17,4546.39,15679,20,0
2026-05-18 21:00:00,4546.26,4547.48,4533.98,4535.29,15882,19,0
2026-05-18 22:00:00,4535.2,4564.56,4535.16,4559.07,19312,19,0
2026-05-18 23:00:00,4559.15,4566.51,4557.66,4564.54,7495,22,0
2026-05-19 01:00:00,4569.56,4578.13,4568.06,4573.97,8022,19,0
2026-05-19 02:00:00,4574.45,4588.71,4574.45,4581.82,10910,19,0
2026-05-19 03:00:00,4581.83,4588.98,4561.22,4563.19,17754,19,0
2026-05-19 04:00:00,4563.11,4572.33,4553.99,4563.74,19463,19,0
2026-05-19 05:00:00,4563.67,4563.67,4545.93,4547.0,17573,21,0
2026-05-19 06:00:00,4546.87,4554.95,4543.16,4544.62,14950,22,0
2026-05-19 07:00:00,4544.64,4545.5,4537.35,4542.09,13158,21,0
2026-05-19 08:00:00,4542.13,4546.28,4530.77,4540.65,17325,19,0
2026-05-19 09:00:00,4540.99,4553.58,4533.35,4547.77,18071,19,0
2026-05-19 10:00:00,4547.86,4558.99,4541.11,4557.17,16795,19,0
2026-05-19 11:00:00,4557.17,4559.13,4535.99,4542.52,16415,19,0
2026-05-19 12:00:00,4542.51,4546.58,4535.69,4541.41,16211,19,0
2026-05-19 13:00:00,4541.35,4544.37,4525.23,4544.37,16107,18,0
2026-05-19 14:00:00,4544.33,4548.07,4529.29,4530.46,16552,25,0
2026-05-19 15:00:00,4530.46,4546.95,4527.28,4537.12,17634,19,0
2026-05-19 16:00:00,4537.01,4537.23,4464.52,4503.53,24665,19,0
2026-05-19 17:00:00,4503.61,4513.61,4484.24,4493.85,24740,19,0
2026-05-19 18:00:00,4494.07,4509.17,4489.76,4508.33,21961,19,0
2026-05-19 19:00:00,4508.3,4512.16,4495.98,4507.47,17112,20,0
2026-05-19 20:00:00,4507.45,4511.0,4498.87,4500.72,15702,19,0
2026-05-19 21:00:00,4501.19,4503.59,4489.93,4493.29,15812,20,0
2026-05-19 22:00:00,4493.26,4497.28,4480.93,4483.18,15515,19,0
2026-05-19 23:00:00,4483.34,4487.93,4480.17,4480.31,7916,19,0
2026-05-20 01:00:00,4482.91,4485.35,4476.62,4484.02,8832,21,0
2026-05-20 02:00:00,4483.98,4496.16,4479.57,4489.05,10622,19,0
2026-05-20 03:00:00,4489.09,4508.68,4479.28,4500.76,19538,19,0
2026-05-20 04:00:00,4500.72,4505.93,4455.72,4481.2,22373,19,0
2026-05-20 05:00:00,4481.17,4486.92,4458.45,4465.07,20050,19,0
2026-05-20 06:00:00,4464.98,4467.04,4453.36,4463.51,16740,19,0
2026-05-20 07:00:00,4463.52,4470.3,4456.22,4461.8,14739,19,0
2026-05-20 08:00:00,4461.65,4478.89,4461.36,4472.54,16972,19,0
2026-05-20 09:00:00,4472.59,4478.18,4460.75,4474.48,19500,19,0
2026-05-20 10:00:00,4474.29,4485.66,4471.82,4478.48,17958,19,0
2026-05-20 11:00:00,4478.46,4490.03,4476.47,4484.07,18322,19,0
2026-05-20 12:00:00,4484.06,4491.32,4472.6,4484.93,16498,19,0
2026-05-20 13:00:00,4484.9,4497.14,4484.26,4495.82,14602,19,0
2026-05-20 14:00:00,4495.76,4501.67,4489.92,4498.05,15153,19,0
2026-05-20 15:00:00,4497.92,4505.54,4492.36,4496.28,17008,19,0
2026-05-20 16:00:00,4496.28,4506.63,4481.89,4482.82,22499,19,0
2026-05-20 17:00:00,4482.91,4537.35,4466.83,4531.35,25298,19,0
2026-05-20 18:00:00,4531.29,4552.97,4523.24,4529.13,22629,19,0
2026-05-20 19:00:00,4529.15,4535.41,4524.12,4534.55,17894,19,0
2026-05-20 20:00:00,4534.64,4538.37,4529.94,4531.32,15831,19,0
2026-05-20 21:00:00,4531.52,4545.0,4529.06,4542.38,14946,19,0
2026-05-20 22:00:00,4542.37,4550.27,4541.6,4545.71,13211,19,0
2026-05-20 23:00:00,4545.66,4550.33,4540.68,4542.43,9900,22,0
2026-05-21 01:00:00,4543.25,4545.55,4535.38,4539.81,9479,19,0
2026-05-21 02:00:00,4539.84,4546.28,4534.69,4545.54,9911,19,0
2026-05-21 03:00:00,4545.55,4552.56,4536.79,4546.34,16403,19,0
2026-05-21 04:00:00,4546.37,4569.43,4540.92,4559.86,20865,19,0
2026-05-21 05:00:00,4560.02,4563.77,4531.61,4533.21,18816,19,0
2026-05-21 06:00:00,4533.03,4539.04,4526.97,4528.22,14146,19,0
2026-05-21 07:00:00,4528.21,4539.84,4527.28,4537.21,11581,19,0
2026-05-21 08:00:00,4537.29,4539.05,4517.21,4526.79,17359,19,0
2026-05-21 09:00:00,4526.74,4538.69,4519.16,4522.52,18399,19,0
2026-05-21 10:00:00,4522.68,4525.44,4510.36,4518.73,15556,19,0
2026-05-21 11:00:00,4518.84,4536.78,4517.22,4532.51,19166,19,0
2026-05-21 12:00:00,4532.53,4542.64,4527.92,4530.6,17215,19,0
2026-05-21 13:00:00,4530.55,4535.12,4504.76,4511.33,20914,19,0
2026-05-21 14:00:00,4511.29,4520.95,4508.01,4513.85,18505,19,0
2026-05-21 15:00:00,4513.82,4519.18,4502.02,4504.12,20737,19,0
2026-05-21 16:00:00,4504.12,4520.75,4488.45,4513.11,25991,19,0
2026-05-21 17:00:00,4513.18,4515.5,4497.89,4508.65,25522,19,0
2026-05-21 18:00:00,4508.53,4515.24,4496.54,4511.72,22341,19,0
2026-05-21 19:00:00,4512.22,4520.49,4512.1,4519.3,18801,19,0
2026-05-21 20:00:00,4519.3,4559.29,4513.98,4551.32,24145,19,0
2026-05-21 21:00:00,4551.31,4556.0,4527.3,4531.8,21888,19,0
2026-05-21 22:00:00,4531.82,4543.57,4529.65,4542.96,17417,19,0
2026-05-21 23:00:00,4542.95,4544.6,4538.36,4541.11,7393,21,0
2026-05-22 01:00:00,4543.37,4543.62,4538.97,4543.26,5471,19,0
2026-05-22 02:00:00,4543.18,4544.91,4532.14,4535.27,7861,19,0
2026-05-22 03:00:00,4535.31,4540.89,4525.26,4526.46,13974,19,0
2026-05-22 04:00:00,4526.1,4535.88,4520.71,4526.02,17314,19,0
2026-05-22 05:00:00,4526.1,4529.13,4517.55,4522.92,14523,31,0
2026-05-22 06:00:00,4522.92,4529.59,4518.8,4529.18,11435,20,0
2026-05-22 07:00:00,4529.19,4532.9,4525.2,4527.08,9672,19,0
2026-05-22 08:00:00,4527.06,4534.06,4507.04,4510.91,13944,19,0
2026-05-22 09:00:00,4510.99,4528.69,4509.93,4526.8,17189,19,0
2026-05-22 10:00:00,4526.79,4527.39,4516.19,4521.8,14765,19,0
2026-05-22 11:00:00,4522.03,4530.9,4516.65,4521.73,16449,22,0
2026-05-22 12:00:00,4521.72,4535.86,4514.64,4532.37,15366,19,0
2026-05-22 13:00:00,4532.36,4536.87,4509.61,4514.14,15306,19,0
2026-05-22 14:00:00,4513.98,4524.78,4510.89,4520.38,13790,19,0
2026-05-22 15:00:00,4520.2,4535.42,4514.78,4527.65,18339,19,0
2026-05-22 16:00:00,4527.59,4534.15,4509.92,4513.46,21828,19,0
2026-05-22 17:00:00,4513.49,4513.49,4491.36,4500.29,22130,19,0
2026-05-22 18:00:00,4500.34,4522.38,4499.99,4520.11,18384,19,0
2026-05-22 19:00:00,4520.07,4526.66,4512.16,4514.79,15849,19,0
2026-05-22 20:00:00,4514.87,4527.74,4512.95,4519.11,16531,19,0
2026-05-22 21:00:00,4519.17,4520.2,4511.84,4514.66,13314,19,0
2026-05-22 22:00:00,4514.93,4515.6,4503.98,4508.01,12921,19,0
2026-05-22 23:00:00,4507.94,4510.25,4503.4,4506.25,7409,24,0
2026-05-25 01:00:00,4549.13,4565.42,4548.5,4564.92,12466,19,0
2026-05-25 02:00:00,4564.91,4579.71,4564.9,4567.26,12208,19,0
2026-05-25 03:00:00,4567.24,4579.55,4566.21,4569.36,14461,19,0
2026-05-25 04:00:00,4569.35,4576.15,4560.22,4562.82,17565,20,0
2026-05-25 05:00:00,4562.76,4570.27,4558.75,4561.31,13778,21,0
2026-05-25 06:00:00,4561.31,4564.54,4556.78,4559.48,11784,22,0
2026-05-25 07:00:00,4559.49,4566.07,4559.15,4564.78,9044,21,0
2026-05-25 08:00:00,4564.72,4566.07,4551.83,4553.32,11586,19,0
2026-05-25 09:00:00,4553.06,4563.52,4550.53,4562.72,14059,19,0
2026-05-25 10:00:00,4562.86,4565.35,4552.82,4565.14,14040,19,0
2026-05-25 11:00:00,4565.15,4565.26,4553.42,4556.02,11201,19,0
2026-05-25 12:00:00,4556.01,4569.52,4554.78,4568.01,10783,19,0
2026-05-25 13:00:00,4568.0,4574.23,4567.83,4569.03,10727,19,0
2026-05-25 14:00:00,4569.04,4577.3,4568.13,4569.88,10813,22,0
2026-05-25 15:00:00,4569.92,4570.06,4552.89,4567.27,14821,19,0
2026-05-25 16:00:00,4566.94,4571.56,4560.29,4563.32,14648,19,0
2026-05-25 17:00:00,4563.29,4570.81,4561.94,4566.9,13352,19,0
2026-05-25 18:00:00,4566.97,4574.92,4565.87,4571.31,12285,19,0
2026-05-25 19:00:00,4571.38,4575.13,4568.26,4573.88,8608,21,0
2026-05-25 20:00:00,4573.96,4578.61,4570.74,4571.47,4795,19,0
2026-05-26 01:00:00,4570.02,4577.02,4569.55,4575.29,7678,19,0
2026-05-26 02:00:00,4575.3,4580.55,4555.1,4555.77,11673,19,0
2026-05-26 03:00:00,4555.58,4556.36,4538.27,4549.24,16583,20,0
2026-05-26 04:00:00,4549.27,4549.63,4527.8,4535.63,18246,19,0
2026-05-26 05:00:00,4535.61,4538.27,4528.75,4530.97,12717,21,0
2026-05-26 06:00:00,4530.9,4544.66,4530.71,4542.39,10514,20,0
2026-05-26 07:00:00,4542.34,4543.31,4523.03,4525.06,10639,19,0
2026-05-26 08:00:00,4525.01,4534.86,4522.37,4526.78,13536,21,0
2026-05-26 09:00:00,4526.89,4536.35,4526.59,4531.23,14557,19,0
2026-05-26 10:00:00,4530.94,4538.94,4520.79,4538.7,16824,19,0
2026-05-26 11:00:00,4538.09,4538.57,4519.62,4523.94,15348,20,0
2026-05-26 12:00:00,4524.01,4526.07,4511.66,4522.18,15190,19,0
2026-05-26 13:00:00,4522.2,4540.86,4519.12,4535.05,15646,19,0
2026-05-26 14:00:00,4535.0,4536.28,4503.27,4505.33,17100,19,0
2026-05-26 15:00:00,4505.31,4523.35,4500.04,4519.49,18262,19,0
2026-05-26 16:00:00,4519.2,4531.24,4511.87,4514.41,19770,19,0
2026-05-26 17:00:00,4514.4,4524.6,4507.32,4515.32,19037,19,0
2026-05-26 18:00:00,4515.3,4515.33,4501.75,4506.37,18090,19,0
2026-05-26 19:00:00,4506.32,4510.55,4498.65,4504.42,14839,19,0
2026-05-26 20:00:00,4504.46,4507.11,4489.51,4490.43,14483,19,0
2026-05-26 21:00:00,4490.23,4499.43,4481.65,4499.43,13508,19,0
2026-05-26 22:00:00,4499.36,4509.6,4497.38,4508.8,11880,21,0
2026-05-26 23:00:00,4508.71,4510.61,4502.58,4505.51,6217,33,0
2026-05-27 01:00:00,4500.81,4512.26,4492.71,4510.62,8932,19,0
2026-05-27 02:00:00,4510.59,4527.26,4504.16,4519.04,11243,19,0
2026-05-27 03:00:00,4519.01,4525.47,4514.01,4514.48,12847,19,0
2026-05-27 04:00:00,4514.48,4520.25,4506.74,4507.7,14273,25,0
2026-05-27 05:00:00,4507.83,4509.34,4496.52,4504.31,12245,32,0
2026-05-27 06:00:00,4504.31,4510.43,4496.03,4496.9,10023,19,0
2026-05-27 07:00:00,4496.92,4516.3,4495.74,4509.92,10485,21,0
2026-05-27 08:00:00,4509.98,4514.2,4490.69,4496.44,15651,20,0
2026-05-27 09:00:00,4496.38,4498.04,4478.73,4484.87,17206,19,0
2026-05-27 10:00:00,4484.84,4488.29,4474.16,4480.52,14241,19,0
2026-05-27 11:00:00,4479.6,4498.32,4479.6,4497.0,14150,19,0
2026-05-27 12:00:00,4496.97,4496.97,4486.48,4490.6,11665,19,0
2026-05-27 13:00:00,4490.55,4491.06,4442.17,4445.31,16350,19,0
2026-05-27 14:00:00,4445.28,4452.67,4424.41,4428.14,17804,19,0
2026-05-27 15:00:00,4428.18,4466.11,4426.88,4438.32,20316,19,0
2026-05-27 16:00:00,4438.33,4438.48,4401.04,4427.23,23503,19,0
2026-05-27 17:00:00,4427.22,4455.26,4425.86,4433.95,21059,19,0
2026-05-27 18:00:00,4433.95,4441.24,4427.91,4436.2,16968,18,0
2026-05-27 19:00:00,4436.22,4453.26,4434.0,4450.74,13498,19,0
2026-05-27 20:00:00,4450.78,4454.33,4441.39,4450.07,13633,19,0
2026-05-27 21:00:00,4450.0,4458.26,4447.45,4453.99,10531,19,0
2026-05-27 22:00:00,4453.98,4454.45,4448.69,4450.63,9694,32,0
2026-05-27 23:00:00,4450.6,4458.69,4449.59,4454.53,5361,19,0
2026-05-28 01:00:00,4455.08,4462.15,4454.05,4457.1,6766,19,0
2026-05-28 02:00:00,4457.11,4457.47,4443.95,4447.52,10282,19,0
2026-05-28 03:00:00,4447.51,4458.79,4444.68,4458.02,13611,19,0
2026-05-28 04:00:00,4458.05,4459.41,4407.53,4410.55,19628,19,0
2026-05-28 05:00:00,4410.59,4413.22,4390.7,4392.95,17189,20,0
2026-05-28 06:00:00,4392.94,4396.54,4367.5,4373.86,18366,19,0
2026-05-28 07:00:00,4373.82,4380.91,4365.3,4371.78,16017,19,0
2026-05-28 08:00:00,4371.93,4394.79,4365.95,4387.08,16734,19,0
2026-05-28 09:00:00,4387.15,4390.0,4372.95,4382.14,15669,19,0
2026-05-28 10:00:00,4382.19,4395.31,4382.02,4386.6,14783,19,0
2026-05-28 11:00:00,4386.93,4395.33,4385.51,4387.34,15055,19,0
2026-05-28 12:00:00,4387.22,4399.69,4386.59,4393.36,14434,19,0
2026-05-28 13:00:00,4393.41,4403.93,4375.07,4382.76,15677,19,0
2026-05-28 14:00:00,4382.73,4390.48,4380.74,4387.76,15136,19,0
2026-05-28 15:00:00,4388.09,4433.18,4379.41,4431.74,18198,19,0
2026-05-28 16:00:00,4431.81,4438.77,4418.36,4430.6,22165,19,0
2026-05-28 17:00:00,4430.16,4480.22,4420.79,4469.3,25165,18,0
2026-05-28 18:00:00,4469.27,4485.33,4468.66,4482.16,19450,19,0
2026-05-28 19:00:00,4482.45,4511.08,4477.91,4510.95,18478,19,0
2026-05-28 20:00:00,4511.15,4514.6,4501.3,4509.06,15630,19,0
2026-05-28 21:00:00,4509.1,4516.37,4498.64,4500.99,15298,19,0
2026-05-28 22:00:00,4501.41,4503.68,4497.11,4498.15,11309,19,0
2026-05-28 23:00:00,4498.06,4501.05,4493.73,4495.27,7018,32,0
2026-05-29 01:00:00,4496.25,4497.07,4490.57,4491.21,6482,32,0
2026-05-29 02:00:00,4491.22,4497.05,4488.76,4494.16,8372,20,0
2026-05-29 03:00:00,4494.18,4499.47,4491.15,4496.13,12646,19,0
2026-05-29 04:00:00,4496.16,4520.74,4492.0,4506.34,17702,20,0
2026-05-29 05:00:00,4506.05,4511.19,4497.25,4500.74,13289,24,0
2026-05-29 06:00:00,4500.53,4501.58,4494.0,4501.28,12361,31,0
2026-05-29 07:00:00,4501.29,4514.58,4501.02,4514.17,10225,20,0
2026-05-29 08:00:00,4514.12,4515.77,4502.6,4514.73,11398,25,0
2026-05-29 09:00:00,4514.85,4524.19,4510.14,4523.7,15922,19,0
2026-05-29 10:00:00,4523.16,4526.22,4510.37,4524.65,15543,20,0
2026-05-29 11:00:00,4524.29,4524.83,4510.02,4514.95,14042,22,0
2026-05-29 12:00:00,4514.94,4539.81,4512.97,4531.32,15788,20,0
2026-05-29 13:00:00,4531.44,4543.09,4525.62,4538.62,13886,19,0
2026-05-29 14:00:00,4538.39,4540.54,4525.71,4538.25,13942,19,0
2026-05-29 15:00:00,4538.24,4538.48,4512.54,4522.66,16599,19,0
2026-05-29 16:00:00,4522.8,4540.69,4516.81,4536.69,19501,19,0
2026-05-29 17:00:00,4536.7,4570.23,4525.17,4564.22,22873,19,0
2026-05-29 18:00:00,4563.96,4595.25,4557.75,4570.95,22247,18,0
2026-05-29 19:00:00,4570.98,4573.22,4559.86,4566.75,16799,19,0
2026-05-29 20:00:00,4566.74,4568.45,4551.56,4553.49,16053,19,0
2026-05-29 21:00:00,4553.43,4561.62,4550.73,4553.42,14797,19,0
2026-05-29 22:00:00,4553.23,4559.99,4542.95,4545.61,12578,19,0
2026-05-29 23:00:00,4545.44,4549.21,4538.19,4539.05,7346,33,0
2026-06-01 01:00:00,4519.38,4540.26,4518.5,4535.18,10224,24,0
2026-06-01 02:00:00,4535.21,4545.86,4534.95,4539.46,10396,19,0
2026-06-01 03:00:00,4539.05,4545.73,4535.16,4540.6,13043,19,0
2026-06-01 04:00:00,4540.66,4540.87,4523.35,4525.37,16254,31,0
2026-06-01 05:00:00,4525.36,4534.69,4520.93,4521.28,13405,32,0
2026-06-01 06:00:00,4521.27,4525.2,4509.24,4516.19,12769,20,0
2026-06-01 07:00:00,4516.09,4519.52,4508.53,4514.29,8860,23,0
2026-06-01 08:00:00,4514.36,4525.05,4512.47,4518.27,13105,21,0
2026-06-01 09:00:00,4518.28,4518.62,4499.71,4501.44,15428,19,0
2026-06-01 10:00:00,4501.28,4509.78,4492.23,4502.68,15188,19,0
2026-06-01 11:00:00,4502.7,4504.12,4490.31,4497.8,14047,19,0
2026-06-01 12:00:00,4497.82,4506.23,4488.97,4495.69,14290,19,0
2026-06-01 13:00:00,4495.71,4510.88,4495.71,4503.88,12615,21,0
2026-06-01 14:00:00,4503.8,4511.54,4499.72,4505.56,12890,20,0
2026-06-01 15:00:00,4505.66,4510.25,4497.27,4501.96,15980,28,0
2026-06-01 16:00:00,4501.96,4503.64,4448.2,4449.94,24022,19,0
2026-06-01 17:00:00,4449.81,4464.9,4447.3,4458.37,21391,18,0
2026-06-01 18:00:00,4458.41,4479.46,4455.23,4473.91,18440,18,0
2026-06-01 19:00:00,4473.87,4482.04,4462.87,4479.92,15452,19,0
2026-06-01 20:00:00,4479.89,4495.43,4471.35,4487.47,16345,19,0
2026-06-01 21:00:00,4487.53,4490.11,4484.85,4486.66,9977,23,0
2026-06-01 22:00:00,4486.66,4488.23,4478.94,4481.35,10906,19,0
2026-06-01 23:00:00,4481.35,4484.68,4480.1,4482.5,5555,22,0
2026-06-02 01:00:00,4481.78,4486.58,4479.6,4485.73,4995,19,0
2026-06-02 02:00:00,4485.55,4488.15,4479.11,4483.12,6996,19,0
2026-06-02 03:00:00,4483.42,4496.26,4475.42,4482.7,14854,21,0
2026-06-02 04:00:00,4482.48,4493.18,4462.88,4474.11,19205,19,0
2026-06-02 05:00:00,4474.0,4486.93,4472.68,4486.09,14536,21,0
2026-06-02 06:00:00,4486.12,4500.72,4484.59,4500.65,12634,22,0
2026-06-02 07:00:00,4500.64,4517.08,4499.24,4516.26,10961,21,0
2026-06-02 08:00:00,4516.26,4528.43,4514.02,4518.35,13823,19,0
2026-06-02 09:00:00,4518.35,4538.22,4518.24,4534.71,14684,19,0
2026-06-02 10:00:00,4534.49,4540.2,4528.95,4536.45,13739,19,0
2026-06-02 11:00:00,4536.67,4540.49,4524.86,4525.51,13417,19,0
2026-06-02 12:00:00,4525.47,4534.74,4521.2,4531.34,13664,29,0
2026-06-02 13:00:00,4531.17,4534.9,4525.99,4534.15,10411,25,0
2026-06-02 14:00:00,4534.14,4535.34,4525.56,4527.5,11309,20,0
2026-06-02 15:00:00,4527.59,4534.02,4513.36,4514.38,15276,19,0
2026-06-02 16:00:00,4514.68,4524.57,4502.66,4502.73,20546,20,0
2026-06-02 17:00:00,4502.54,4506.92,4490.17,4504.06,19673,19,0
2026-06-02 18:00:00,4504.19,4508.64,4500.22,4502.05,15968,19,0
2026-06-02 19:00:00,4502.03,4502.93,4486.08,4491.63,14663,19,0
2026-06-02 20:00:00,4491.63,4492.88,4481.86,4484.43,13988,27,0
2026-06-02 21:00:00,4484.42,4490.72,4478.53,4487.26,12784,21,0
2026-06-02 22:00:00,4487.34,4490.1,4483.3,4487.89,10473,24,0
2026-06-02 23:00:00,4487.79,4490.89,4485.2,4486.74,5185,32,0
2026-06-03 01:00:00,4488.86,4491.97,4483.88,4484.58,7419,19,0
2026-06-03 02:00:00,4484.7,4488.51,4461.04,4475.44,14381,20,0
2026-06-03 03:00:00,4475.33,4497.48,4474.91,4485.99,12581,21,0
2026-06-03 04:00:00,4485.87,4487.36,4463.32,4475.33,17062,25,0
2026-06-03 05:00:00,4475.4,4484.84,4472.41,4481.88,13368,32,0
2026-06-03 06:00:00,4481.81,4487.52,4481.81,4484.36,9797,19,0
2026-06-03 07:00:00,4484.49,4488.38,4468.04,4469.03,8804,20,0
2026-06-03 08:00:00,4469.02,4473.93,4456.4,4456.87,13211,19,0
2026-06-03 09:00:00,4456.9,4470.93,4455.07,4462.82,16514,21,0
2026-06-03 10:00:00,4462.74,4472.02,4452.6,4453.11,15578,19,0
2026-06-03 11:00:00,4453.29,4458.81,4440.53,4444.87,15626,25,0
2026-06-03 12:00:00,4444.86,4459.96,4439.77,4444.07,15606,19,0
2026-06-03 13:00:00,4444.1,4468.09,4442.02,4457.65,16205,19,0
2026-06-03 14:00:00,4457.63,4466.63,4457.63,4461.59,14204,21,0
2026-06-03 15:00:00,4461.31,4467.37,4448.0,4460.32,17902,19,0
2026-06-03 16:00:00,4460.22,4465.7,4426.16,4445.75,21223,19,0
2026-06-03 17:00:00,4445.59,4459.52,4442.14,4457.13,21917,19,0
2026-06-03 18:00:00,4457.1,4458.32,4436.76,4442.05,19390,19,0
2026-06-03 19:00:00,4442.04,4443.96,4433.61,4441.66,16260,19,0
2026-06-03 20:00:00,4441.89,4448.18,4435.26,4438.34,14922,19,0
2026-06-03 21:00:00,4438.32,4442.57,4435.11,4441.85,12590,19,0
2026-06-03 22:00:00,4441.85,4452.12,4441.16,4443.84,12887,19,0
2026-06-03 23:00:00,4443.76,4445.27,4428.84,4432.25,9169,21,0
2026-06-04 01:00:00,4430.3,4452.25,4422.72,4448.76,12372,20,0
2026-06-04 02:00:00,4448.82,4464.54,4445.18,4457.81,14087,19,0
2026-06-04 03:00:00,4457.78,4465.93,4443.4,4447.25,19260,19,0
2026-06-04 04:00:00,4447.23,4472.28,4442.34,4466.75,21477,19,0
2026-06-04 05:00:00,4466.7,4475.27,4456.2,4473.93,18551,22,0
2026-06-04 06:00:00,4473.9,4476.51,4459.21,4464.65,15880,24,0
2026-06-04 07:00:00,4464.65,4483.15,4463.41,4480.12,13275,21,0
2026-06-04 08:00:00,4480.18,4481.52,4465.65,4467.95,14835,19,0
2026-06-04 09:00:00,4467.94,4475.99,4462.83,4467.75,17161,18,0
2026-06-04 10:00:00,4467.89,4470.92,4458.09,4460.34,16213,20,0
2026-06-04 11:00:00,4460.3,4468.03,4457.31,4462.19,17863,24,0
2026-06-04 12:00:00,4462.18,4476.45,4459.62,4471.49,17132,19,0
2026-06-04 13:00:00,4471.49,4473.12,4465.21,4472.59,14507,21,0
2026-06-04 14:00:00,4472.62,4514.9,4467.81,4511.74,20574,19,0
2026-06-04 15:00:00,4511.8,4514.3,4490.97,4503.97,20195,18,0
2026-06-04 16:00:00,4503.93,4515.26,4494.68,4495.61,23844,18,0
2026-06-04 17:00:00,4495.52,4499.96,4456.81,4465.35,25094,19,0
2026-06-04 18:00:00,4465.48,4478.85,4463.34,4477.2,18464,21,0
2026-06-04 19:00:00,4477.19,4485.2,4475.04,4482.79,17054,19,0
2026-06-04 20:00:00,4482.77,4482.77,4474.22,4478.4,14082,19,0
2026-06-04 21:00:00,4478.36,4481.27,4473.04,4478.06,12361,20,0
2026-06-04 22:00:00,4478.09,4483.17,4476.03,4480.57,11901,20,0
2026-06-04 23:00:00,4480.65,4481.55,4472.86,4474.14,6373,19,0
2026-06-05 01:00:00,4472.31,4481.21,4468.74,4469.47,8673,19,0
2026-06-05 02:00:00,4469.62,4474.22,4461.48,4462.65,12064,19,0
2026-06-05 03:00:00,4462.73,4466.92,4451.56,4458.46,16797,22,0
2026-06-05 04:00:00,4458.23,4469.16,4443.81,4446.73,19748,24,0
2026-06-05 05:00:00,4446.76,4454.71,4438.26,4440.46,16524,20,0
2026-06-05 06:00:00,4440.45,4443.49,4434.95,4442.17,15349,19,0
2026-06-05 07:00:00,4442.19,4446.26,4437.32,4444.78,12930,19,0
2026-06-05 08:00:00,4444.8,4449.74,4438.17,4439.59,14927,24,0
2026-06-05 09:00:00,4439.71,4456.12,4428.51,4452.12,18283,19,0
2026-06-05 10:00:00,4452.17,4467.32,4451.33,4460.62,15654,20,0
2026-06-05 11:00:00,4460.43,4468.46,4458.82,4462.61,13743,21,0
2026-06-05 12:00:00,4462.55,4469.32,4458.96,4464.77,14929,19,0
2026-06-05 13:00:00,4464.76,4468.04,4461.85,4466.67,10560,19,0
2026-06-05 14:00:00,4466.68,4475.55,4458.74,4470.24,13500,19,0
2026-06-05 15:00:00,4470.03,4475.57,4402.91,4402.91,19916,19,0
2026-06-05 16:00:00,4403.7,4420.48,4364.84,4365.6,24732,18,0
2026-06-05 17:00:00,4365.55,4378.64,4344.17,4368.97,24895,19,0
2026-06-05 18:00:00,4368.79,4371.83,4333.59,4335.38,21782,19,0
2026-06-05 19:00:00,4335.48,4345.22,4323.01,4345.22,21332,19,0
2026-06-05 20:00:00,4345.28,4346.91,4335.44,4341.6,19676,19,0
2026-06-05 21:00:00,4341.66,4341.86,4315.03,4321.79,20233,18,0
2026-06-05 22:00:00,4321.82,4324.81,4313.42,4317.73,20510,19,0
2026-06-05 23:00:00,4317.71,4329.54,4311.44,4326.72,13803,20,0
2026-06-08 01:00:00,4319.17,4330.37,4308.8,4317.14,15256,19,0
2026-06-08 02:00:00,4317.28,4345.72,4317.16,4342.77,14877,19,0
2026-06-08 03:00:00,4341.93,4352.41,4338.4,4342.38,17524,19,0
2026-06-08 04:00:00,4342.62,4344.46,4298.83,4325.41,24510,20,0
2026-06-08 05:00:00,4325.52,4329.84,4307.31,4310.44,21500,23,0
2026-06-08 06:00:00,4310.44,4317.16,4303.37,4317.1,17494,20,0
2026-06-08 07:00:00,4317.19,4321.48,4307.33,4312.41,16855,20,0
2026-06-08 08:00:00,4312.62,4315.86,4268.65,4291.89,21949,19,0
2026-06-08 09:00:00,4292.2,4311.32,4292.03,4299.23,22860,21,0
2026-06-08 10:00:00,4299.31,4316.99,4294.01,4294.01,21033,19,0
2026-06-08 11:00:00,4294.47,4297.03,4285.16,4288.57,19805,19,0
2026-06-08 12:00:00,4288.88,4301.85,4272.79,4294.6,19718,19,0
2026-06-08 13:00:00,4294.62,4305.31,4286.36,4302.18,19026,19,0
2026-06-08 14:00:00,4302.08,4332.99,4296.96,4330.79,21643,20,0
2026-06-08 15:00:00,4331.12,4339.55,4320.09,4332.97,22338,20,0
2026-06-08 16:00:00,4333.29,4346.28,4321.14,4327.15,26662,19,0
2026-06-08 17:00:00,4327.16,4331.13,4314.64,4330.78,26687,19,0
2026-06-08 18:00:00,4330.99,4345.55,4322.31,4341.5,22995,19,0
2026-06-08 19:00:00,4341.66,4346.25,4337.82,4340.77,19091,23,0
2026-06-08 20:00:00,4340.77,4342.43,4332.15,4338.75,19756,19,0
2026-06-08 21:00:00,4338.82,4346.08,4332.82,4334.55,17000,19,0
2026-06-08 22:00:00,4334.57,4337.97,4323.24,4327.22,16850,19,0
2026-06-08 23:00:00,4327.35,4329.72,4324.34,4328.26,7589,21,0
2026-06-09 01:00:00,4325.39,4328.82,4322.7,4327.82,6683,33,0
2026-06-09 02:00:00,4327.77,4328.67,4312.82,4317.65,9685,19,0
2026-06-09 03:00:00,4317.68,4323.63,4314.92,4319.73,15930,19,0
2026-06-09 04:00:00,4319.74,4338.22,4318.62,4335.8,18807,19,0
2026-06-09 05:00:00,4335.89,4341.18,4327.85,4336.3,15914,31,0
2026-06-09 06:00:00,4336.08,4341.85,4331.31,4336.48,13855,19,0
2026-06-09 07:00:00,4336.5,4339.35,4324.27,4331.71,11641,21,0
2026-06-09 08:00:00,4332.18,4350.39,4329.67,4343.84,15564,19,0
2026-06-09 09:00:00,4343.97,4349.48,4330.03,4330.26,16700,19,0
2026-06-09 10:00:00,4330.13,4335.19,4322.05,4326.02,16382,19,0
2026-06-09 11:00:00,4325.93,4336.69,4320.92,4326.44,16293,22,0
2026-06-09 12:00:00,4326.35,4335.58,4324.5,4331.94,14571,24,0
2026-06-09 13:00:00,4332.14,4340.68,4325.32,4338.85,13740,19,0
2026-06-09 14:00:00,4338.91,4343.93,4335.77,4340.02,13471,22,0
2026-06-09 15:00:00,4340.0,4344.61,4335.04,4341.47,15250,24,0
2026-06-09 16:00:00,4342.1,4363.15,4324.91,4327.92,21278,19,0
2026-06-09 17:00:00,4327.99,4335.58,4278.28,4300.3,25520,20,0
2026-06-09 18:00:00,4300.34,4301.83,4262.6,4272.27,25018,19,0
2026-06-09 19:00:00,4272.02,4280.71,4236.51,4252.75,25237,20,0
2026-06-09 20:00:00,4253.0,4268.16,4251.02,4263.23,23452,19,0
2026-06-09 21:00:00,4263.24,4274.18,4259.68,4269.87,20570,19,0
2026-06-09 22:00:00,4269.93,4271.59,4249.8,4258.74,20109,25,0
2026-06-09 23:00:00,4258.74,4261.96,4255.67,4258.78,8668,33,0
2026-06-10 01:00:00,4253.36,4257.31,4232.18,4237.07,12664,19,0
2026-06-10 02:00:00,4237.07,4247.27,4209.41,4222.62,17849,19,0
2026-06-10 03:00:00,4223.09,4228.13,4198.37,4217.13,23342,19,0
2026-06-10 04:00:00,4216.74,4216.86,4183.45,4188.46,25641,19,0
2026-06-10 05:00:00,4188.85,4192.22,4172.84,4173.5,23494,19,0
2026-06-10 06:00:00,4173.45,4186.31,4172.43,4184.33,20551,28,0
2026-06-10 07:00:00,4184.21,4187.19,4171.95,4174.6,16929,25,0
2026-06-10 08:00:00,4174.52,4208.95,4173.02,4205.17,21027,19,0
2026-06-10 09:00:00,4205.37,4221.91,4201.64,4204.07,20935,19,0
2026-06-10 10:00:00,4203.85,4207.78,4181.27,4186.05,20175,21,0
2026-06-10 11:00:00,4186.07,4187.14,4161.02,4169.27,22651,19,0
2026-06-10 12:00:00,4169.26,4179.24,4162.76,4168.12,21314,19,0
2026-06-10 13:00:00,4168.13,4178.51,4155.57,4174.5,19900,19,0
2026-06-10 14:00:00,4174.61,4175.96,4145.47,4147.08,24934,19,0
2026-06-10 15:00:00,4147.75,4173.64,4130.21,4146.82,27228,19,0
2026-06-10 16:00:00,4146.94,4186.01,4132.58,4180.75,29546,19,0
2026-06-10 17:00:00,4180.81,4180.81,4117.12,4124.45,28738,18,0
2026-06-10 18:00:00,4124.6,4136.65,4106.49,4128.43,30085,19,0
2026-06-10 19:00:00,4129.16,4134.77,4115.72,4121.91,24559,22,0
2026-06-10 20:00:00,4121.9,4134.71,4100.26,4112.19,24539,20,0
2026-06-10 21:00:00,4112.06,4120.2,4096.4,4101.16,21183,21,0
2026-06-10 22:00:00,4101.2,4101.7,4081.31,4082.37,21911,19,0
2026-06-10 23:00:00,4082.11,4082.66,4065.51,4068.78,12584,19,0
2026-06-11 01:00:00,4060.42,4068.89,4035.78,4046.37,17747,20,0
2026-06-11 02:00:00,4046.35,4064.64,4023.66,4048.08,21105,20,0
2026-06-11 03:00:00,4048.29,4077.98,4036.05,4075.72,25960,20,0
2026-06-11 04:00:00,4075.64,4118.11,4066.34,4102.13,25860,19,0
2026-06-11 05:00:00,4102.52,4102.62,4052.45,4067.78,24096,22,0
2026-06-11 06:00:00,4067.75,4078.42,4056.97,4073.15,21173,20,0
2026-06-11 07:00:00,4073.42,4085.88,4069.99,4082.54,17054,21,0
2026-06-11 08:00:00,4082.63,4106.35,4072.52,4094.12,21002,19,0
2026-06-11 09:00:00,4094.03,4097.52,4075.91,4094.35,21353,19,0
2026-06-11 10:00:00,4094.74,4110.62,4091.59,4104.8,20363,21,0
2026-06-11 11:00:00,4103.84,4112.52,4084.16,4084.2,20367,19,0
2026-06-11 12:00:00,4084.18,4096.38,4077.34,4091.28,18187,20,0
2026-06-11 13:00:00,4091.24,4094.38,4086.4,4089.84,16450,20,0
2026-06-11 14:00:00,4089.75,4095.85,4079.63,4080.42,20314,19,0
2026-06-11 15:00:00,4080.52,4087.05,4057.43,4081.19,25824,19,0
2026-06-11 16:00:00,4081.33,4092.46,4067.08,4083.15,29116,19,0
2026-06-11 17:00:00,4083.25,4085.22,4052.87,4073.31,30489,19,0
2026-06-11 18:00:00,4073.34,4095.39,4070.26,4088.65,27653,18,0
2026-06-11 19:00:00,4088.88,4107.45,4077.95,4080.1,24145,19,0
2026-06-11 20:00:00,4080.09,4170.08,4071.77,4152.34,28320,19,0
2026-06-11 21:00:00,4152.33,4171.47,4131.37,4163.26,23750,18,0
2026-06-11 22:00:00,4163.33,4219.89,4163.33,4210.72,26718,18,0
2026-06-11 23:00:00,4210.64,4218.45,4208.04,4209.8,13118,20,0
2026-06-12 01:00:00,4207.1,4246.16,4205.66,4243.29,12637,19,0
2026-06-12 02:00:00,4243.3,4245.71,4214.06,4220.23,15080,20,0
2026-06-12 03:00:00,4220.39,4230.28,4200.54,4208.1,19365,19,0
2026-06-12 04:00:00,4208.13,4210.44,4171.39,4186.07,21231,19,0
2026-06-12 05:00:00,4186.22,4200.05,4182.41,4191.41,17991,22,0
2026-06-12 06:00:00,4191.42,4204.82,4189.35,4196.85,16665,25,0
2026-06-12 07:00:00,4196.88,4200.75,4189.49,4189.69,13298,20,0
2026-06-12 08:00:00,4189.64,4192.89,4170.67,4173.04,18162,19,0
2026-06-12 09:00:00,4173.26,4185.53,4172.36,4184.09,18728,19,0
2026-06-12 10:00:00,4184.46,4194.23,4169.93,4194.23,17839,20,0
2026-06-12 11:00:00,4194.43,4225.93,4191.77,4219.66,21081,19,0
2026-06-12 12:00:00,4219.64,4228.07,4217.53,4221.94,18107,21,0
2026-06-12 13:00:00,4221.9,4225.68,4202.52,4211.45,17079,19,0
2026-06-12 14:00:00,4211.34,4215.19,4197.48,4206.59,16327,19,0
2026-06-12 15:00:00,4206.66,4215.4,4188.53,4190.91,19108,19,0
2026-06-12 16:00:00,4190.88,4209.98,4182.95,4187.23,22890,19,0
2026-06-12 17:00:00,4187.33,4208.27,4177.13,4204.3,24388,19,0
2026-06-12 18:00:00,4204.39,4235.48,4200.21,4211.73,23015,19,0
2026-06-12 19:00:00,4211.37,4232.97,4207.99,4215.87,20194,19,0
2026-06-12 20:00:00,4215.89,4226.14,4213.8,4221.65,16558,18,0
2026-06-12 21:00:00,4221.3,4235.24,4214.07,4215.56,14832,20,0
2026-06-12 22:00:00,4215.58,4219.16,4201.78,4210.57,14791,19,0
2026-06-12 23:00:00,4210.98,4217.73,4209.32,4217.25,6839,32,0
2026-06-15 01:00:00,4297.78,4307.4,4278.84,4285.66,13608,19,0
2026-06-15 02:00:00,4285.65,4295.02,4281.16,4294.04,10833,19,0
2026-06-15 03:00:00,4293.99,4308.04,4291.65,4292.64,14139,19,0
2026-06-15 04:00:00,4292.73,4319.65,4285.62,4316.82,19255,19,0
2026-06-15 05:00:00,4316.81,4335.41,4316.13,4329.28,14339,19,0
2026-06-15 06:00:00,4329.32,4331.21,4321.34,4325.11,11866,19,0
2026-06-15 07:00:00,4325.24,4330.65,4320.9,4328.16,8989,19,0
2026-06-15 08:00:00,4328.14,4333.14,4307.33,4309.93,13660,20,0
2026-06-15 09:00:00,4309.89,4313.5,4300.67,4308.1,15533,19,0
2026-06-15 10:00:00,4308.07,4325.34,4305.32,4323.33,14585,20,0
2026-06-15 11:00:00,4323.14,4345.42,4321.93,4334.29,14690,20,0
2026-06-15 12:00:00,4334.3,4343.36,4334.19,4337.01,14166,19,0
2026-06-15 13:00:00,4336.99,4341.61,4335.43,4338.13,11384,19,0
2026-06-15 14:00:00,4338.2,4347.64,4332.06,4335.33,13925,19,0
2026-06-15 15:00:00,4335.35,4349.68,4324.73,4348.06,15776,19,0
2026-06-15 16:00:00,4347.89,4368.63,4341.49,4355.3,19255,19,0
2026-06-15 17:00:00,4355.3,4369.46,4353.96,4356.84,19630,19,0
2026-06-15 18:00:00,4356.79,4360.92,4349.65,4356.25,17018,20,0
2026-06-15 19:00:00,4356.24,4358.81,4334.41,4338.75,14933,19,0
2026-06-15 20:00:00,4338.55,4338.66,4320.33,4324.28,15106,19,0
2026-06-15 21:00:00,4324.39,4328.02,4317.93,4325.59,13702,20,0
2026-06-15 22:00:00,4325.6,4326.65,4316.68,4321.07,13505,19,0
2026-06-15 23:00:00,4321.43,4321.96,4305.15,4307.4,7181,26,0
2026-06-16 01:00:00,4311.84,4314.53,4305.89,4311.97,6757,19,0
2026-06-16 02:00:00,4311.93,4319.16,4311.35,4315.6,8337,19,0
2026-06-16 03:00:00,4315.58,4320.56,4306.83,4319.15,12753,19,0
2026-06-16 04:00:00,4319.16,4325.77,4311.97,4313.46,17016,19,0
2026-06-16 05:00:00,4313.51,4320.84,4307.54,4318.49,12994,21,0
2026-06-16 06:00:00,4318.54,4333.16,4315.48,4330.48,12063,20,0
2026-06-16 07:00:00,4330.32,4332.14,4321.03,4322.33,9642,19,0
2026-06-16 08:00:00,4322.35,4330.63,4314.03,4315.67,12724,19,0
2026-06-16 09:00:00,4315.97,4324.3,4313.46,4323.79,14526,20,0
2026-06-16 10:00:00,4323.91,4335.54,4322.58,4335.07,13909,19,0
2026-06-16 11:00:00,4335.08,4347.9,4332.75,4347.04,14264,19,0
2026-06-16 12:00:00,4347.06,4348.57,4338.48,4345.44,12396,19,0
2026-06-16 13:00:00,4345.44,4349.4,4342.47,4348.85,10168,19,0
2026-06-16 14:00:00,4348.83,4349.59,4335.07,4341.15,13513,19,0
2026-06-16 15:00:00,4341.09,4354.99,4337.47,4354.97,15573,19,0
2026-06-16 16:00:00,4354.76,4355.0,4331.54,4332.35,19878,19,0
2026-06-16 17:00:00,4332.39,4338.73,4313.07,4324.51,20856,19,0
2026-06-16 18:00:00,4324.54,4343.5,4321.09,4335.18,18742,19,0
2026-06-16 19:00:00,4335.07,4346.89,4334.77,4340.85,17446,19,0
2026-06-16 20:00:00,4340.86,4341.38,4325.34,4340.44,15274,19,0
2026-06-16 21:00:00,4340.46,4342.86,4336.35,4338.37,12576,19,0
2026-06-16 22:00:00,4338.36,4343.08,4330.78,4333.17,13584,22,0
2026-06-16 23:00:00,4332.91,4335.01,4328.3,4329.9,6213,32,0
2026-06-17 01:00:00,4330.53,4336.19,4329.05,4335.56,3319,19,0
2026-06-17 02:00:00,4335.56,4338.35,4329.76,4331.07,3934,24,0
2026-06-17 03:00:00,4331.52,4341.68,4328.68,4337.21,10207,19,0
2026-06-17 04:00:00,4336.95,4349.87,4334.44,4340.93,16787,19,0
2026-06-17 05:00:00,4340.9,4344.49,4329.85,4331.6,13505,19,0
2026-06-17 06:00:00,4331.88,4334.08,4328.5,4332.14,10993,19,0
2026-06-17 07:00:00,4332.14,4334.1,4317.67,4326.82,10111,19,0
2026-06-17 08:00:00,4326.93,4334.11,4321.12,4326.68,12951,19,0
2026-06-17 09:00:00,4327.75,4331.93,4320.53,4331.46,14863,22,0
2026-06-17 10:00:00,4331.2,4332.89,4324.66,4325.35,12987,19,0
2026-06-17 11:00:00,4325.37,4327.84,4317.15,4324.59,14694,19,0
2026-06-17 12:00:00,4324.61,4335.8,4321.22,4329.62,12848,19,0
2026-06-17 13:00:00,4329.63,4335.17,4326.93,4331.6,11437,23,0
2026-06-17 14:00:00,4331.61,4332.14,4320.98,4323.14,13356,19,0
2026-06-17 15:00:00,4323.3,4335.7,4319.95,4333.6,13870,19,0
2026-06-17 16:00:00,4333.61,4345.36,4324.09,4339.88,20208,19,0
2026-06-17 17:00:00,4339.74,4364.27,4330.95,4344.53,24041,19,0
2026-06-17 18:00:00,4344.77,4365.05,4343.96,4364.24,19384,19,0
2026-06-17 19:00:00,4364.34,4366.66,4355.26,4359.55,15094,19,0
2026-06-17 20:00:00,4359.57,4382.21,4355.34,4380.2,17173,19,0
2026-06-17 21:00:00,4380.08,4380.08,4269.48,4285.36,31501,19,0
2026-06-17 22:00:00,4285.71,4295.12,4219.0,4235.54,30601,19,0
2026-06-17 23:00:00,4235.16,4269.76,4235.16,4256.04,16491,26,0
2026-06-18 01:00:00,4256.18,4271.22,4256.1,4266.53,8420,19,0
2026-06-18 02:00:00,4266.69,4283.86,4264.14,4279.35,13018,19,0
2026-06-18 03:00:00,4279.26,4315.48,4276.56,4309.02,19347,19,0
2026-06-18 04:00:00,4308.67,4328.43,4306.94,4318.02,20772,19,0
2026-06-18 05:00:00,4318.03,4329.85,4310.49,4310.95,17233,23,0
2026-06-18 06:00:00,4310.94,4322.65,4309.14,4319.73,14172,19,0
2026-06-18 07:00:00,4319.73,4323.96,4309.71,4316.11,13370,19,0
2026-06-18 08:00:00,4315.81,4324.63,4301.19,4308.88,17511,19,0
2026-06-18 09:00:00,4308.7,4309.84,4296.25,4307.41,19156,20,0
2026-06-18 10:00:00,4307.37,4309.47,4287.41,4288.41,16812,19,0
2026-06-18 11:00:00,4288.1,4292.8,4265.26,4266.71,16925,19,0
2026-06-18 12:00:00,4266.63,4273.14,4259.27,4268.25,16684,19,0
2026-06-18 13:00:00,4268.17,4272.52,4254.51,4255.24,14870,19,0
2026-06-18 14:00:00,4255.22,4255.46,4239.52,4241.64,18382,19,0
2026-06-18 15:00:00,4241.7,4269.0,4240.09,4246.29,20879,19,0
2026-06-18 16:00:00,4246.13,4276.46,4244.8,4256.16,24456,19,0
2026-06-18 17:00:00,4256.04,4257.7,4236.86,4253.07,25356,19,0
2026-06-18 18:00:00,4253.12,4254.71,4222.82,4226.67,23461,19,0
2026-06-18 19:00:00,4226.65,4233.13,4213.92,4219.35,21409,19,0
2026-06-18 20:00:00,4219.34,4232.93,4218.37,4230.24,17969,19,0
2026-06-18 21:00:00,4230.27,4233.04,4218.07,4218.15,16252,21,0
2026-06-18 22:00:00,4218.34,4218.92,4201.31,4216.79,19147,19,0
2026-06-18 23:00:00,4216.76,4219.49,4206.4,4206.65,8579,19,0
2026-06-19 01:00:00,4203.66,4210.49,4202.56,4207.46,6451,19,0
2026-06-19 02:00:00,4207.43,4208.23,4186.69,4188.2,11491,20,0
2026-06-19 03:00:00,4188.15,4197.89,4184.08,4190.7,14854,19,0
2026-06-19 04:00:00,4190.61,4194.34,4183.63,4184.58,12684,19,0
2026-06-19 05:00:00,4184.56,4185.96,4171.63,4176.51,12258,20,0
2026-06-19 06:00:00,4176.5,4177.12,4146.36,4153.27,15010,19,0
2026-06-19 07:00:00,4153.32,4154.96,4125.0,4125.68,16648,19,0
2026-06-19 08:00:00,4125.88,4141.51,4121.52,4139.49,16122,19,0
2026-06-19 09:00:00,4139.61,4150.33,4132.7,4147.9,16974,22,0
2026-06-19 10:00:00,4148.04,4162.85,4147.82,4157.87,16734,20,0
2026-06-19 11:00:00,4157.95,4178.44,4154.98,4169.2,16881,19,0
2026-06-19 12:00:00,4169.18,4170.94,4160.82,4162.71,14242,19,0
2026-06-19 13:00:00,4162.82,4163.04,4147.94,4149.3,15339,19,0
2026-06-19 14:00:00,4149.32,4154.98,4141.77,4152.47,14584,19,0
2026-06-19 15:00:00,4152.41,4179.85,4147.13,4178.92,17180,19,0
2026-06-19 16:00:00,4178.92,4182.73,4150.26,4151.5,19737,19,0
2026-06-19 17:00:00,4151.53,4154.36,4142.1,4148.93,17191,19,0
2026-06-19 18:00:00,4148.96,4153.86,4147.32,4150.57,13205,19,0
2026-06-19 19:00:00,4150.48,4157.59,4144.13,4155.22,8398,19,0
2026-06-22 01:00:00,4154.92,4157.82,4147.72,4156.18,9244,22,0
2026-06-22 02:00:00,4156.21,4164.64,4136.08,4140.26,14342,20,0
2026-06-22 03:00:00,4139.98,4200.86,4139.47,4200.86,19588,19,0
2026-06-22 04:00:00,4201.5,4220.69,4189.48,4190.93,23210,20,0
2026-06-22 05:00:00,4190.88,4200.09,4183.29,4188.38,18515,23,0
2026-06-22 06:00:00,4188.51,4189.81,4170.59,4171.33,14478,19,0
2026-06-22 07:00:00,4171.57,4181.94,4170.49,4181.72,12000,19,0
2026-06-22 08:00:00,4181.66,4198.46,4179.18,4193.73,16432,20,0
2026-06-22 09:00:00,4193.86,4207.22,4191.11,4197.49,17219,20,0
2026-06-22 10:00:00,4197.97,4201.7,4188.76,4190.43,15015,24,0
2026-06-22 11:00:00,4189.92,4197.68,4188.61,4197.18,15762,32,0
2026-06-22 12:00:00,4197.42,4210.06,4195.91,4208.06,14728,20,0
2026-06-22 13:00:00,4208.12,4214.08,4203.53,4204.76,12816,19,0
2026-06-22 14:00:00,4204.72,4215.12,4201.29,4207.22,15128,19,0
2026-06-22 15:00:00,4207.53,4211.65,4191.98,4193.37,16540,20,0
2026-06-22 16:00:00,4193.36,4205.48,4182.75,4200.34,23632,19,0
2026-06-22 17:00:00,4200.17,4210.64,4186.3,4198.11,24654,19,0
2026-06-22 18:00:00,4198.33,4201.08,4169.29,4182.55,22122,19,0
2026-06-22 19:00:00,4182.86,4192.53,4174.16,4189.69,18188,19,0
2026-06-22 20:00:00,4189.93,4191.37,4176.91,4183.17,15876,22,0
2026-06-22 21:00:00,4183.09,4192.66,4182.29,4191.23,13986,20,0
2026-06-22 22:00:00,4191.37,4193.14,4183.98,4190.93,13953,19,0
2026-06-22 23:00:00,4190.84,4193.49,4188.57,4190.71,5640,19,0
2026-06-23 01:00:00,4191.02,4194.46,4188.21,4189.79,5504,19,0
2026-06-23 02:00:00,4189.82,4195.11,4186.26,4187.04,7774,19,0
2026-06-23 03:00:00,4187.15,4194.59,4178.14,4193.27,17325,19,0
2026-06-23 04:00:00,4193.45,4198.27,4149.88,4161.1,22819,19,0
2026-06-23 05:00:00,4161.18,4163.07,4146.45,4146.79,18962,19,0
2026-06-23 06:00:00,4146.82,4149.56,4130.44,4144.12,18893,19,0
2026-06-23 07:00:00,4144.08,4146.69,4113.16,4117.05,13965,20,0
2026-06-23 08:00:00,4117.38,4136.31,4114.01,4120.3,20298,19,0
2026-06-23 09:00:00,4120.08,4125.82,4109.47,4113.34,21728,19,0
2026-06-23 10:00:00,4113.47,4123.94,4096.33,4098.99,20546,19,0
2026-06-23 11:00:00,4098.92,4110.61,4090.51,4105.25,21408,19,0
2026-06-23 12:00:00,4105.24,4122.54,4103.75,4122.54,16853,20,0
2026-06-23 13:00:00,4122.45,4133.19,4120.77,4120.84,17951,19,0
2026-06-23 14:00:00,4120.88,4131.61,4117.62,4123.54,18606,19,0
2026-06-23 15:00:00,4123.45,4127.97,4112.26,4113.16,19404,19,0
2026-06-23 16:00:00,4113.32,4140.31,4105.15,4136.32,26133,19,0
2026-06-23 17:00:00,4136.38,4144.89,4121.99,4129.7,26310,19,0
2026-06-23 18:00:00,4129.55,4141.48,4123.33,4138.64,22311,19,0
2026-06-23 19:00:00,4139.17,4143.57,4131.54,4134.03,17195,19,0
2026-06-23 20:00:00,4133.99,4139.92,4127.65,4127.9,16819,19,0
2026-06-23 21:00:00,4127.91,4130.95,4113.1,4117.58,15871,19,0
2026-06-23 22:00:00,4117.9,4126.04,4111.37,4111.76,17752,19,0
2026-06-23 23:00:00,4111.7,4112.89,4107.29,4108.26,7455,24,0
2026-06-24 01:00:00,4109.88,4114.82,4096.85,4104.21,9827,19,0
2026-06-24 02:00:00,4104.18,4104.28,4080.65,4099.26,13496,19,0
2026-06-24 03:00:00,4099.51,4111.96,4094.09,4097.97,18949,19,0
2026-06-24 04:00:00,4097.01,4102.14,4069.18,4088.76,21852,19,0
2026-06-24 05:00:00,4089.14,4095.65,4052.95,4060.73,18884,19,0
2026-06-24 06:00:00,4060.95,4070.61,4049.2,4062.77,17838,19,0
2026-06-24 07:00:00,4062.99,4066.5,4054.88,4063.23,14225,19,0
2026-06-24 08:00:00,4063.2,4085.32,4059.32,4075.47,16488,19,0
2026-06-24 09:00:00,4075.94,4097.24,4075.27,4086.84,17821,19,0
2026-06-24 10:00:00,4086.21,4090.85,4073.5,4073.81,15803,19,0
2026-06-24 11:00:00,4073.92,4087.35,4072.78,4076.45,16478,19,0
2026-06-24 12:00:00,4076.46,4078.91,4063.81,4064.32,14831,20,0
2026-06-24 13:00:00,4064.57,4066.49,4054.6,4055.41,15297,19,0
2026-06-24 14:00:00,4055.64,4058.37,4037.85,4047.61,19036,19,0
2026-06-24 15:00:00,4047.54,4049.69,3987.34,3987.53,21465,19,0
2026-06-24 16:00:00,3987.51,4041.82,3964.24,4038.37,25323,19,0
2026-06-24 17:00:00,4038.28,4041.11,4003.07,4008.69,23722,19,0
2026-06-24 18:00:00,4008.64,4016.75,3997.05,4002.75,21911,19,0
2026-06-24 19:00:00,4002.75,4022.15,3995.62,4006.61,20003,19,0
2026-06-24 20:00:00,4006.62,4011.26,3972.62,3973.11,21247,19,0
2026-06-24 21:00:00,3973.21,3994.28,3958.87,3981.33,21143,19,0
2026-06-24 22:00:00,3981.68,3990.78,3973.53,3988.08,18107,19,0
2026-06-24 23:00:00,3987.83,4002.63,3984.67,3999.64,12445,19,0
2026-06-25 01:00:00,4005.55,4006.55,3992.86,3996.38,8432,19,0
2026-06-25 02:00:00,3996.4,4018.61,3990.79,4014.29,11882,19,0
2026-06-25 03:00:00,4014.32,4017.42,3977.46,3991.43,18228,19,0
2026-06-25 04:00:00,3991.08,4005.22,3972.41,3976.44,22354,19,0
2026-06-25 05:00:00,3976.92,3990.0,3962.14,3984.47,19951,19,0
2026-06-25 06:00:00,3984.45,4000.19,3967.25,3995.02,17721,20,0
2026-06-25 07:00:00,3995.11,3998.68,3984.63,3995.56,13723,22,0
2026-06-25 08:00:00,3995.52,3999.01,3980.84,3987.32,16778,19,0
2026-06-25 09:00:00,3987.33,3990.23,3974.88,3976.84,17360,19,0
2026-06-25 10:00:00,3976.91,3990.05,3972.52,3988.77,16086,19,0
2026-06-25 11:00:00,3989.03,4001.78,3985.34,3988.85,16306,19,0
2026-06-25 12:00:00,3988.88,3998.5,3987.21,3988.22,14570,19,0
2026-06-25 13:00:00,3988.16,3989.42,3981.38,3984.49,11711,19,0
2026-06-25 14:00:00,3984.58,3987.81,3973.64,3980.55,13924,19,0
2026-06-25 15:00:00,3980.59,4019.17,3978.89,4012.91,19488,19,0
2026-06-25 16:00:00,4012.38,4033.91,4000.98,4002.86,24195,19,0
2026-06-25 17:00:00,4003.2,4028.45,3998.89,4011.85,24086,19,0
2026-06-25 18:00:00,4012.07,4042.77,4005.03,4041.14,22179,19,0
2026-06-25 19:00:00,4041.97,4044.09,4023.82,4027.85,19510,20,0
2026-06-25 20:00:00,4027.7,4036.77,4026.77,4034.73,16617,19,0
2026-06-25 21:00:00,4034.78,4044.39,4026.09,4034.74,17483,19,0
2026-06-25 22:00:00,4035.1,4043.73,4021.86,4026.67,15606,19,0
2026-06-25 23:00:00,4026.82,4034.77,4022.97,4025.1,7674,29,0
2026-06-26 01:00:00,4028.13,4036.42,4019.74,4025.83,9753,19,0
2026-06-26 02:00:00,4025.96,4030.51,4012.4,4014.47,11390,20,0
2026-06-26 03:00:00,4014.58,4025.23,4011.31,4021.48,17389,19,0
2026-06-26 04:00:00,4021.15,4030.31,4014.19,4021.44,19104,21,0
2026-06-26 05:00:00,4021.43,4023.2,3982.77,3990.37,18531,19,0
2026-06-26 06:00:00,3990.6,4006.27,3986.43,4004.01,17131,20,0
2026-06-26 07:00:00,4004.33,4014.42,3998.72,4010.85,14995,19,0
2026-06-26 08:00:00,4011.01,4020.67,4005.78,4008.11,16783,19,0
2026-06-26 09:00:00,4008.11,4033.92,4005.89,4033.03,19052,19,0
2026-06-26 10:00:00,4033.04,4041.05,4027.77,4031.26,15143,19,0
2026-06-26 11:00:00,4031.56,4038.79,4026.87,4031.6,14561,19,0
2026-06-26 12:00:00,4031.61,4053.33,4030.76,4046.52,15734,19,0
2026-06-26 13:00:00,4046.49,4054.19,4041.62,4054.11,14020,19,0
2026-06-26 14:00:00,4054.1,4055.38,4042.63,4045.87,14235,20,0
2026-06-26 15:00:00,4046.16,4061.35,4036.04,4058.97,16507,19,0
2026-06-26 16:00:00,4059.81,4077.5,4042.84,4074.25,23308,19,0
2026-06-26 17:00:00,4074.04,4092.99,4067.46,4081.17,22838,19,0
2026-06-26 18:00:00,4081.19,4096.14,4075.73,4092.22,19532,19,0
2026-06-26 19:00:00,4092.28,4093.64,4082.25,4085.14,15589,20,0
2026-06-26 20:00:00,4085.2,4088.14,4073.64,4074.72,14124,19,0
2026-06-26 21:00:00,4074.7,4078.81,4067.05,4067.35,12280,20,0
2026-06-26 22:00:00,4067.43,4074.57,4064.09,4071.74,12133,21,0
2026-06-26 23:00:00,4071.86,4089.05,4064.57,4087.09,10436,20,0
2026-06-29 01:00:00,4074.71,4082.16,4053.23,4066.39,8013,19,0
2026-06-29 02:00:00,4066.38,4070.56,4051.84,4062.68,11838,20,0
2026-06-29 03:00:00,4062.66,4074.12,4048.22,4069.34,19124,19,0
2026-06-29 04:00:00,4069.1,4074.41,4053.78,4061.49,20660,19,0
2026-06-29 05:00:00,4061.52,4071.81,4058.21,4066.36,18268,19,0
2026-06-29 06:00:00,4066.33,4075.73,4065.02,4068.8,14870,19,0
2026-06-29 07:00:00,4068.77,4068.9,4049.32,4051.4,11916,20,0
2026-06-29 08:00:00,4051.14,4058.18,4039.37,4055.61,16731,19,0
2026-06-29 09:00:00,4056.03,4065.81,4054.66,4063.36,16212,19,0
2026-06-29 10:00:00,4063.69,4068.93,4056.95,4061.78,14170,19,0
2026-06-29 11:00:00,4061.4,4067.75,4044.6,4048.03,14690,19,0
2026-06-29 12:00:00,4048.11,4056.21,4023.92,4031.26,15967,19,0
2026-06-29 13:00:00,4031.05,4039.36,4027.18,4036.84,13938,19,0
2026-06-29 14:00:00,4037.01,4042.11,4027.11,4039.4,14176,19,0
2026-06-29 15:00:00,4039.51,4052.21,4037.61,4044.0,16128,19,0
2026-06-29 16:00:00,4044.08,4051.78,4028.16,4032.94,20651,19,0
2026-06-29 17:00:00,4033.04,4035.35,3999.62,4026.01,23063,19,0
2026-06-29 18:00:00,4025.99,4030.31,4016.57,4026.91,18386,19,0
2026-06-29 19:00:00,4027.07,4028.69,4018.67,4023.78,12901,22,0
2026-06-29 20:00:00,4023.86,4032.1,4018.66,4020.78,12482,19,0
2026-06-29 21:00:00,4020.77,4025.1,4011.86,4013.23,10409,19,0
2026-06-29 22:00:00,4013.26,4019.42,4005.29,4015.88,12163,19,0
2026-06-29 23:00:00,4015.86,4017.8,4012.65,4014.75,5238,32,0
2026-06-30 01:00:00,4017.0,4021.97,4009.4,4014.45,7519,19,0
2026-06-30 02:00:00,4014.49,4022.48,4013.23,4014.18,8873,20,0
2026-06-30 03:00:00,4013.96,4014.93,3979.54,3986.48,17798,19,0
2026-06-30 04:00:00,3986.3,3986.56,3942.54,3969.68,22588,22,0
2026-06-30 05:00:00,3970.27,3973.75,3952.44,3962.49,18203,23,0
2026-06-30 06:00:00,3963.14,3972.12,3961.12,3970.74,15317,31,0
2026-06-30 07:00:00,3970.71,3996.98,3968.27,3985.55,13935,23,0
2026-06-30 08:00:00,3985.59,3991.4,3975.95,3976.75,15988,20,0
2026-06-30 09:00:00,3976.87,4033.34,3976.87,4029.47,20822,19,0
2026-06-30 10:00:00,4029.84,4034.75,4023.8,4031.96,15235,19,0
2026-06-30 11:00:00,4032.08,4037.63,4013.64,4015.43,15921,19,0
2026-06-30 12:00:00,4015.08,4023.73,4012.39,4023.73,13431,19,0
2026-06-30 13:00:00,4023.9,4031.37,4021.3,4029.71,11834,19,0
2026-06-30 14:00:00,4029.61,4038.35,4025.39,4035.03,13529,20,0
2026-06-30 15:00:00,4035.02,4035.36,4008.42,4010.66,16539,19,0
2026-06-30 16:00:00,4009.82,4033.32,4009.76,4029.55,21818,19,0
2026-06-30 17:00:00,4029.48,4063.28,4025.33,4037.21,22834,19,0
2026-06-30 18:00:00,4037.39,4039.26,4021.95,4029.15,18627,19,0
2026-06-30 19:00:00,4029.13,4033.46,4025.62,4025.96,14031,19,0
2026-06-30 20:00:00,4025.91,4032.19,4020.48,4030.75,13297,19,0
2026-06-30 21:00:00,4030.77,4033.71,4028.26,4028.78,9910,19,0
2026-06-30 22:00:00,4028.76,4029.4,4014.34,4015.44,12702,19,0
2026-06-30 23:00:00,4015.2,4020.79,4003.98,4005.76,7273,19,0
2026-07-01 01:00:00,4012.67,4018.1,4011.05,4013.14,6891,19,0
2026-07-01 02:00:00,4013.16,4018.44,4004.26,4004.64,9748,19,0
2026-07-01 03:00:00,4004.65,4008.71,3992.77,3996.38,14229,19,0
2026-07-01 04:00:00,3996.82,3999.79,3973.69,3977.54,18583,19,0
2026-07-01 05:00:00,3977.56,3985.93,3970.02,3979.0,15517,31,0
2026-07-01 06:00:00,3978.98,3986.9,3976.42,3980.3,11664,19,0
2026-07-01 07:00:00,3980.46,3982.43,3972.1,3976.44,9887,32,0
2026-07-01 08:00:00,3976.35,3978.63,3969.63,3973.71,14080,19,0
2026-07-01 09:00:00,3973.58,3977.21,3962.97,3971.66,15186,19,0
2026-07-01 10:00:00,3971.64,3978.25,3959.71,3975.41,15480,19,0
2026-07-01 11:00:00,3975.44,3984.31,3969.18,3974.23,13494,19,0
2026-07-01 12:00:00,3974.22,3985.81,3972.49,3984.45,12589,19,0
2026-07-01 13:00:00,3984.34,3998.76,3980.51,3998.35,11819,19,0
2026-07-01 14:00:00,3998.22,4035.68,3997.92,4031.58,16065,19,0
2026-07-01 15:00:00,4031.31,4034.48,4019.89,4022.64,16890,19,0
2026-07-01 16:00:00,4022.83,4107.9,4013.01,4089.56,23557,19,0
2026-07-01 17:00:00,4092.22,4115.55,4082.98,4093.24,21815,19,0
2026-07-01 18:00:00,4093.19,4094.6,4076.79,4082.75,18521,19,0
2026-07-01 19:00:00,4082.76,4088.8,4070.47,4071.26,15638,21,0
2026-07-01 20:00:00,4071.69,4073.99,4067.25,4068.19,14265,19,0
2026-07-01 21:00:00,4068.07,4070.64,4058.08,4061.96,13452,20,0
2026-07-01 22:00:00,4061.95,4068.47,4034.64,4039.13,13701,19,0
2026-07-01 23:00:00,4038.86,4039.75,4028.73,4030.36,8752,19,0
2026-07-02 01:00:00,4037.52,4045.11,4034.18,4044.36,7066,19,0
2026-07-02 02:00:00,4044.27,4045.0,4033.16,4033.97,8572,20,0
2026-07-02 03:00:00,4033.75,4051.47,4029.94,4050.68,14844,23,0
2026-07-02 04:00:00,4050.7,4067.2,4044.34,4050.4,17871,20,0
2026-07-02 05:00:00,4050.43,4061.93,4042.35,4058.08,14913,19,0
2026-07-02 06:00:00,4058.11,4073.23,4056.55,4068.98,13344,19,0
2026-07-02 07:00:00,4068.9,4071.73,4059.37,4059.42,10157,19,0
2026-07-02 08:00:00,4059.48,4068.73,4052.79,4067.24,15041,19,0
2026-07-02 09:00:00,4067.33,4080.08,4065.97,4073.33,16359,19,0
2026-07-02 10:00:00,4073.32,4075.37,4060.52,4063.9,15372,19,0
2026-07-02 11:00:00,4063.77,4080.12,4060.88,4076.0,15537,19,0
2026-07-02 12:00:00,4076.01,4077.35,4065.2,4066.38,13769,19,0
2026-07-02 13:00:00,4066.38,4069.81,4062.57,4067.37,12497,19,0
2026-07-02 14:00:00,4067.79,4072.01,4058.59,4065.07,13609,19,0
2026-07-02 15:00:00,4065.13,4140.3,4061.06,4117.49,20559,19,0
2026-07-02 16:00:00,4118.13,4143.97,4109.26,4137.95,23720,19,0
2026-07-02 17:00:00,4137.92,4138.23,4113.8,4128.2,22831,19,0
2026-07-02 18:00:00,4128.17,4131.21,4114.65,4128.27,20121,19,0
2026-07-02 19:00:00,4128.6,4130.11,4100.23,4118.15,18855,19,0
2026-07-02 20:00:00,4118.24,4119.94,4105.84,4106.74,16955,19,0
2026-07-02 21:00:00,4106.85,4126.99,4105.81,4122.73,15726,19,0
2026-07-02 22:00:00,4123.02,4124.37,4108.09,4121.42,15487,19,0
2026-07-02 23:00:00,4121.26,4125.03,4116.36,4122.49,6512,19,0
2026-07-03 01:00:00,4123.66,4127.98,4122.58,4124.71,5005,27,0
2026-07-03 02:00:00,4124.7,4132.63,4121.1,4125.74,10081,20,0
2026-07-03 03:00:00,4125.68,4150.86,4122.9,4147.01,17183,19,0
2026-07-03 04:00:00,4147.36,4195.58,4146.44,4182.49,21505,19,0
2026-07-03 05:00:00,4182.44,4187.97,4177.26,4184.82,14785,19,0
2026-07-03 06:00:00,4184.63,4186.02,4174.97,4175.39,10899,19,0
2026-07-03 07:00:00,4176.12,4181.14,4172.37,4177.33,8146,19,0
2026-07-03 08:00:00,4177.29,4180.28,4167.69,4169.65,11545,19,0
2026-07-03 09:00:00,4169.66,4174.61,4159.11,4173.17,14440,19,0
2026-07-03 10:00:00,4173.25,4181.76,4169.25,4178.63,12934,19,0
2026-07-03 11:00:00,4179.07,4186.81,4177.02,4180.93,12234,19,0
2026-07-03 12:00:00,4180.63,4181.84,4168.45,4170.91,11015,19,0
2026-07-03 13:00:00,4170.81,4181.35,4170.58,4177.06,9006,19,0
2026-07-03 14:00:00,4177.04,4186.31,4175.86,4181.18,10056,19,0
2026-07-03 15:00:00,4181.26,4183.3,4172.16,4177.34,10775,20,0
2026-07-03 16:00:00,4177.3,4179.17,4163.47,4164.49,15118,20,0
2026-07-03 17:00:00,4164.44,4170.95,4155.26,4169.65,13518,19,0
2026-07-03 18:00:00,4170.03,4174.04,4164.45,4164.79,9700,19,0
2026-07-03 19:00:00,4164.72,4176.25,4162.75,4174.65,8381,22,0
2026-07-06 01:00:00,4178.97,4191.31,4177.05,4188.12,10080,19,0
2026-07-06 02:00:00,4188.04,4201.67,4177.59,4184.05,10838,19,0
2026-07-06 03:00:00,4182.94,4188.74,4170.2,4179.29,17095,19,0
2026-07-06 04:00:00,4178.97,4203.24,4172.42,4186.18,19814,19,0
2026-07-06 05:00:00,4186.0,4187.69,4168.12,4173.49,17096,19,0
2026-07-06 06:00:00,4173.53,4175.61,4160.6,4164.81,13813,19,0
2026-07-06 07:00:00,4164.77,4166.19,4157.17,4159.36,9948,19,0
2026-07-06 08:00:00,4159.59,4160.87,4144.86,4148.21,14101,19,0
2026-07-06 09:00:00,4148.17,4160.44,4145.89,4149.16,14427,19,0
2026-07-06 10:00:00,4149.41,4164.99,4145.7,4163.52,13376,19,0
2026-07-06 11:00:00,4163.41,4164.79,4145.67,4148.96,12227,19,0
2026-07-06 12:00:00,4148.97,4149.81,4135.21,4143.08,11980,19,0
2026-07-06 13:00:00,4143.09,4157.0,4142.03,4156.26,10934,21,0
2026-07-06 14:00:00,4156.53,4160.35,4151.89,4155.12,11842,19,0
2026-07-06 15:00:00,4155.43,4158.3,4131.23,4139.44,14968,19,0
2026-07-06 16:00:00,4139.47,4150.45,4136.83,4140.64,19264,19,0
2026-07-06 17:00:00,4140.35,4147.01,4128.38,4138.06,19321,19,0
2026-07-06 18:00:00,4138.08,4151.97,4137.41,4147.97,15748,20,0
2026-07-06 19:00:00,4147.8,4156.19,4140.31,4155.01,12959,19,0
2026-07-06 20:00:00,4155.25,4161.52,4150.32,4161.13,12733,19,0
2026-07-06 21:00:00,4161.21,4167.41,4155.15,4163.96,11368,20,0
2026-07-06 22:00:00,4163.85,4165.4,4158.73,4163.75,10927,31,0
2026-07-06 23:00:00,4163.9,4164.77,4160.7,4162.78,4252,19,0
2026-07-07 01:00:00,4163.09,4168.22,4162.73,4164.11,4985,19,0
2026-07-07 02:00:00,4164.38,4165.61,4156.09,4156.09,7119,32,0
2026-07-07 03:00:00,4156.17,4161.47,4144.11,4144.55,14605,25,0
2026-07-07 04:00:00,4144.26,4146.64,4124.69,4141.76,17607,21,0
2026-07-07 05:00:00,4141.96,4145.07,4131.18,4136.42,13422,19,0
2026-07-07 06:00:00,4136.36,4139.8,4124.11,4130.97,12538,19,0
2026-07-07 07:00:00,4130.99,4141.13,4125.67,4126.31,10515,19,0
2026-07-07 08:00:00,4126.18,4131.11,4116.45,4123.69,15209,19,0
2026-07-07 09:00:00,4123.3,4132.72,4121.17,4130.66,14447,19,0
2026-07-07 10:00:00,4130.42,4133.23,4124.01,4124.01,13226,19,0
2026-07-07 11:00:00,4124.49,4139.08,4121.54,4125.65,14490,19,0
2026-07-07 12:00:00,4125.63,4133.64,4119.49,4131.0,13728,19,0
2026-07-07 13:00:00,4130.9,4138.9,4130.9,4135.7,12152,19,0
2026-07-07 14:00:00,4135.52,4158.28,4132.08,4157.35,13892,19,0
2026-07-07 15:00:00,4157.24,4175.3,4154.74,4172.95,17212,19,0
2026-07-07 16:00:00,4173.77,4180.37,4156.02,4159.1,21214,19,0
2026-07-07 17:00:00,4159.45,4163.66,4143.55,4154.2,21633,19,0
2026-07-07 18:00:00,4154.3,4155.47,4135.36,4138.69,17549,19,0
2026-07-07 19:00:00,4138.75,4146.98,4136.78,4145.02,14663,19,0
2026-07-07 20:00:00,4145.05,4148.08,4140.37,4144.22,13408,19,0
2026-07-07 21:00:00,4144.37,4144.95,4125.03,4126.81,14973,19,0
2026-07-07 22:00:00,4126.58,4127.56,4092.13,4113.99,19154,19,0
2026-07-07 23:00:00,4113.88,4115.84,4102.15,4105.09,7859,20,0
2026-07-08 01:00:00,4103.87,4104.99,4095.84,4098.22,7045,32,0
2026-07-08 02:00:00,4098.19,4107.76,4095.65,4098.41,11200,32,0
2026-07-08 03:00:00,4098.38,4126.65,4096.81,4111.41,18081,20,0
2026-07-08 04:00:00,4111.33,4117.8,4096.24,4111.67,19729,20,0
2026-07-08 05:00:00,4111.53,4124.79,4105.94,4113.45,16069,26,0
2026-07-08 06:00:00,4113.41,4129.99,4113.37,4122.62,14168,21,0
2026-07-08 07:00:00,4122.62,4128.09,4119.83,4125.18,12074,19,0
2026-07-08 08:00:00,4125.14,4133.97,4121.31,4127.9,16007,19,0
2026-07-08 09:00:00,4128.06,4133.72,4121.82,4121.84,16234,19,0
2026-07-08 10:00:00,4121.94,4126.14,4113.36,4119.66,15368,19,0
2026-07-08 11:00:00,4119.75,4120.15,4051.88,4056.39,21731,19,0
2026-07-08 12:00:00,4056.38,4060.38,4040.98,4042.85,20081,19,0
2026-07-08 13:00:00,4043.39,4058.08,4039.91,4052.53,16585,19,0
2026-07-08 14:00:00,4052.54,4072.16,4041.11,4061.77,17689,21,0
2026-07-08 15:00:00,4061.67,4086.2,4058.34,4071.54,19581,20,0
2026-07-08 16:00:00,4071.83,4082.78,4065.2,4070.22,23119,19,0
2026-07-08 17:00:00,4070.2,4071.5,4033.66,4041.38,23424,21,0
2026-07-08 18:00:00,4041.29,4043.52,4021.47,4033.96,21692,19,0
2026-07-08 19:00:00,4034.49,4064.45,4032.94,4063.91,19743,19,0
2026-07-08 20:00:00,4063.86,4076.41,4059.54,4065.5,17299,19,0
2026-07-08 21:00:00,4065.73,4091.51,4063.6,4084.19,18004,21,0
2026-07-08 22:00:00,4084.65,4091.24,4078.26,4079.84,15833,19,0
2026-07-08 23:00:00,4079.73,4083.56,4071.61,4076.12,8524,31,0
2026-07-09 01:00:00,4072.76,4080.02,4072.54,4076.55,7570,22,0
2026-07-09 02:00:00,4076.54,4077.76,4071.97,4076.13,8662,19,0
2026-07-09 03:00:00,4076.04,4090.93,4070.13,4073.23,17065,19,0
2026-07-09 04:00:00,4072.98,4078.08,4061.5,4074.63,19815,20,0
2026-07-09 05:00:00,4074.9,4083.67,4065.7,4066.18,16010,19,0
2026-07-09 06:00:00,4066.2,4068.91,4055.33,4065.79,15293,19,0
2026-07-09 07:00:00,4065.99,4065.99,4057.73,4065.12,10548,31,0
2026-07-09 08:00:00,4065.13,4085.83,4064.29,4083.4,17672,19,0
2026-07-09 09:00:00,4083.4,4109.31,4082.96,4108.2,19873,19,0
2026-07-09 10:00:00,4108.1,4112.46,4102.41,4109.5,15331,19,0
2026-07-09 11:00:00,4109.7,4118.56,4106.43,4107.48,15340,19,0
2026-07-09 12:00:00,4107.38,4111.72,4104.26,4107.65,13826,19,0
2026-07-09 13:00:00,4107.68,4111.13,4093.04,4098.5,12918,19,0
2026-07-09 14:00:00,4098.6,4110.63,4097.25,4108.87,14624,19,0
2026-07-09 15:00:00,4108.85,4122.59,4105.03,4109.16,18347,19,0
2026-07-09 16:00:00,4109.19,4129.51,4106.91,4121.81,24849,19,0
2026-07-09 17:00:00,4121.72,4136.41,4114.36,4128.05,24944,19,0
2026-07-09 18:00:00,4128.11,4132.84,4124.67,4127.19,18084,26,0
2026-07-09 19:00:00,4127.27,4138.25,4125.81,4128.3,14756,19,0
2026-07-09 20:00:00,4128.36,4138.56,4125.14,4136.7,14388,21,0
2026-07-09 21:00:00,4136.69,4136.92,4121.55,4124.37,12232,20,0
2026-07-09 22:00:00,4124.4,4127.05,4118.84,4122.33,12270,21,0
2026-07-09 23:00:00,4122.59,4125.85,4120.59,4122.59,5084,22,0
2026-07-10 01:00:00,4123.76,4126.43,4121.28,4121.77,5383,32,0
2026-07-10 02:00:00,4121.76,4125.13,4120.35,4122.29,5804,19,0
2026-07-10 03:00:00,4122.26,4127.61,4113.02,4125.5,13227,24,0
2026-07-10 04:00:00,4125.95,4130.32,4107.77,4116.34,19590,23,0
2026-07-10 05:00:00,4116.2,4128.49,4115.35,4127.09,15517,23,0
2026-07-10 06:00:00,4127.06,4134.2,4119.24,4120.18,12118,20,0
2026-07-10 07:00:00,4120.16,4121.16,4112.76,4115.17,9481,20,0
2026-07-10 08:00:00,4115.13,4118.6,4109.61,4118.44,13337,19,0
2026-07-10 09:00:00,4118.58,4121.63,4112.37,4113.07,14130,19,0
2026-07-10 10:00:00,4113.4,4116.43,4104.19,4108.92,12996,19,0
2026-07-10 11:00:00,4108.9,4109.52,4093.4,4096.2,13397,19,0
2026-07-10 12:00:00,4096.02,4105.23,4092.72,4104.15,11518,19,0
2026-07-10 13:00:00,4104.27,4112.8,4104.0,4104.4,10900,19,0
2026-07-10 14:00:00,4104.5,4108.27,4096.05,4102.51,12665,19,0
2026-07-10 15:00:00,4102.65,4117.24,4097.42,4100.58,17570,19,0
2026-07-10 16:00:00,4100.32,4106.72,4085.66,4100.39,22891,19,0
2026-07-10 17:00:00,4100.42,4109.15,4073.09,4093.31,26031,18,0
2026-07-10 18:00:00,4093.46,4114.06,4091.28,4113.19,21119,19,0
2026-07-10 19:00:00,4113.2,4115.75,4104.53,4104.58,14579,23,0
2026-07-10 20:00:00,4104.26,4107.02,4100.57,4100.96,13058,20,0
2026-07-10 21:00:00,4101.25,4105.69,4098.24,4101.25,10419,20,0
2026-07-10 22:00:00,4101.22,4109.29,4097.79,4108.62,9217,19,0
2026-07-10 23:00:00,4108.51,4119.63,4108.46,4118.29,5684,19,0
2026-07-13 01:00:00,4089.02,4093.95,4070.05,4076.45,14580,20,0
2026-07-13 02:00:00,4076.49,4084.89,4068.35,4084.89,14666,19,0
2026-07-13 03:00:00,4085.07,4090.86,4060.85,4075.37,22283,25,0
2026-07-13 04:00:00,4075.08,4090.54,4066.2,4072.47,27524,26,0
2026-07-13 05:00:00,4072.43,4077.51,4064.43,4069.52,21621,20,0
2026-07-13 06:00:00,4069.65,4070.4,4053.56,4061.37,16587,27,0
2026-07-13 07:00:00,4061.35,4061.4,4051.07,4058.63,13782,30,0
2026-07-13 08:00:00,4058.46,4072.95,4051.28,4052.5,20620,19,0
2026-07-13 09:00:00,4052.36,4065.14,4043.17,4057.01,20723,19,0
2026-07-13 10:00:00,4057.02,4066.55,4050.24,4066.23,18852,19,0
2026-07-13 11:00:00,4066.58,4081.73,4064.55,4074.49,20120,19,0
2026-07-13 12:00:00,4074.23,4076.62,4067.76,4068.07,16750,19,0
2026-07-13 13:00:00,4068.55,4070.55,4046.81,4060.5,16629,19,0
2026-07-13 14:00:00,4060.52,4068.42,4054.92,4056.67,18293,19,0
2026-07-13 15:00:00,4056.67,4067.56,4053.42,4067.5,19659,19,0
2026-07-13 16:00:00,4067.59,4067.68,4041.85,4042.77,28925,19,0
2026-07-13 17:00:00,4042.83,4046.62,3999.97,4015.01,33656,18,0
2026-07-13 18:00:00,4014.92,4019.75,4009.85,4015.62,24556,19,0
2026-07-13 19:00:00,4015.48,4017.58,3986.42,3993.34,26016,19,0
2026-07-13 20:00:00,3993.33,4001.62,3991.69,3993.31,21550,20,0
2026-07-13 21:00:00,3993.2,4004.84,3986.3,4001.61,20169,19,0
2026-07-13 22:00:00,4001.66,4004.2,3993.29,4002.13,18913,19,0
2026-07-13 23:00:00,4002.15,4005.94,3996.27,4000.27,9112,19,0
2026-07-14 01:00:00,4000.37,4005.64,4000.0,4000.93,6335,28,0
2026-07-14 02:00:00,4000.53,4002.94,3992.11,4001.1,10953,22,0
2026-07-14 03:00:00,4001.02,4005.86,3982.97,4002.67,24830,21,0
2026-07-14 04:00:00,4002.51,4010.59,3990.72,4009.29,24353,23,0
2026-07-14 05:00:00,4009.33,4017.83,4004.41,4010.82,18889,20,0
2026-07-14 06:00:00,4010.83,4017.79,4009.86,4016.13,16025,27,0
2026-07-14 07:00:00,4016.16,4022.27,4012.27,4019.38,12054,19,0
2026-07-14 08:00:00,4019.31,4033.11,4018.46,4030.39,14683,19,0
2026-07-14 09:00:00,4030.34,4032.24,4020.36,4022.51,15015,19,0
2026-07-14 10:00:00,4022.45,4028.71,4018.88,4019.51,17400,20,0
2026-07-14 11:00:00,4019.72,4022.62,4013.2,4016.51,14695,19,0
2026-07-14 12:00:00,4016.74,4023.13,4012.46,4021.05,13036,18,0
2026-07-14 13:00:00,4020.99,4023.98,4016.3,4022.84,12237,18,0
2026-07-14 14:00:00,4023.07,4031.98,4016.63,4031.06,15227,18,0
2026-07-14 15:00:00,4031.47,4102.83,4023.04,4076.09,25524,19,0
2026-07-14 16:00:00,4076.26,4088.57,4070.88,4076.61,31309,19,0
2026-07-14 17:00:00,4076.65,4090.4,4070.56,4085.13,29784,19,0
2026-07-14 18:00:00,4085.15,4100.72,4066.57,4068.51,24038,18,0
2026-07-14 19:00:00,4066.72,4066.97,4057.5,4061.25,18382,34,0
2026-07-14 20:00:00,4061.24,4065.0,4054.29,4062.28,15249,32,0
2026-07-14 21:00:00,4062.26,4063.05,4042.76,4053.91,15376,36,0
2026-07-14 22:00:00,4053.96,4057.21,4047.54,4055.7,15140,33,0
2026-07-14 23:00:00,4055.74,4056.41,4047.76,4051.23,5174,32,0
2026-07-15 01:00:00,4051.38,4052.59,4048.45,4049.01,4450,36,0
2026-07-15 02:00:00,4049.04,4055.92,4046.69,4054.37,6381,36,0
2026-07-15 03:00:00,4054.62,4059.13,4051.65,4057.63,13363,36,0
2026-07-15 04:00:00,4058.06,4060.68,4034.08,4035.5,18698,36,0
2026-07-15 05:00:00,4035.73,4040.61,4027.61,4033.81,14340,36,0
2026-07-15 06:00:00,4033.76,4039.0,4029.09,4031.94,10777,36,0
2026-07-15 07:00:00,4031.96,4036.05,4029.03,4032.61,7381,36,0
2026-07-15 08:00:00,4032.56,4035.27,4020.55,4035.24,13434,36,0
2026-07-15 09:00:00,4035.38,4035.93,4022.06,4030.76,14412,32,0
2026-07-15 10:00:00,4030.46,4032.86,4018.27,4024.02,13651,32,0
2026-07-15 11:00:00,4023.97,4033.14,4016.74,4031.44,13817,32,0
2026-07-15 12:00:00,4031.47,4034.32,4025.46,4030.03,10967,32,0
2026-07-15 13:00:00,4030.2,4035.86,4026.52,4027.98,11908,29,0
2026-07-15 14:00:00,4027.98,4040.16,4027.51,4038.5,12964,29,0
2026-07-15 15:00:00,4038.66,4071.73,4035.79,4068.58,20186,29,0
2026-07-15 16:00:00,4068.6,4074.37,4054.33,4062.6,24063,29,0
2026-07-15 17:00:00,4062.61,4066.22,4053.2,4061.11,25546,29,0
2026-07-15 18:00:00,4061.21,4063.1,4039.48,4046.75,24425,29,0
2026-07-15 19:00:00,4046.75,4047.83,4026.59,4033.58,23288,30,0
2026-07-15 20:00:00,4033.56,4066.3,4032.81,4062.44,19654,29,0
2026-07-15 21:00:00,4062.45,4081.67,4058.07,4058.85,18780,29,0
2026-07-15 22:00:00,4058.87,4062.84,4048.02,4056.75,17478,29,0
2026-07-15 23:00:00,4056.89,4063.12,4054.95,4058.53,4552,29,0
2026-07-16 01:00:00,4060.08,4064.62,4058.18,4059.86,4848,34,0
2026-07-16 02:00:00,4059.89,4063.09,4056.86,4059.11,6671,31,0
2026-07-16 03:00:00,4059.1,4062.57,4043.27,4043.36,14963,31,0
2026-07-16 04:00:00,4043.29,4049.83,4032.49,4039.86,21973,31,0
2026-07-16 05:00:00,4039.89,4040.82,4024.64,4030.79,16365,31,0
2026-07-16 06:00:00,4030.85,4035.52,4026.26,4034.99,13348,31,0
2026-07-16 07:00:00,4034.99,4036.48,4030.42,4031.5,8388,31,0
2026-07-16 08:00:00,4031.5,4032.44,4023.6,4025.73,16118,31,0
2026-07-16 09:00:00,4025.73,4035.95,4023.95,4031.57,17759,29,0
2026-07-16 10:00:00,4031.62,4032.93,4024.06,4031.89,15517,29,0
2026-07-16 11:00:00,4031.9,4037.9,4026.39,4036.67,14966,29,0
2026-07-16 12:00:00,4036.62,4039.09,4030.01,4030.12,11790,29,0
2026-07-16 13:00:00,4030.14,4033.6,4028.19,4029.33,11463,29,0
2026-07-16 14:00:00,4029.33,4042.12,4020.73,4038.67,16357,29,0
2026-07-16 15:00:00,4038.67,4043.14,3989.78,3991.22,25934,29,0
2026-07-16 16:00:00,3990.84,4007.95,3973.19,3989.02,32125,29,0
2026-07-16 17:00:00,3989.04,4006.21,3986.68,3997.62,29138,29,0
2026-07-16 18:00:00,3997.63,4016.49,3988.98,4006.91,24672,29,0
2026-07-16 19:00:00,4006.93,4007.34,3981.99,3991.91,23086,29,0
2026-07-16 20:00:00,3991.85,3992.49,3979.39,3984.52,20051,29,0
2026-07-16 21:00:00,3984.51,3989.99,3976.24,3979.84,19219,29,0
2026-07-16 22:00:00,3979.85,3985.61,3968.78,3978.87,18393,29,0
2026-07-16 23:00:00,3978.87,3979.71,3971.42,3974.52,6083,29,0
2026-07-17 01:00:00,3976.77,3977.94,3972.78,3977.93,5098,33,0
2026-07-17 02:00:00,3977.95,3984.82,3974.65,3984.82,8996,31,0
2026-07-17 03:00:00,3984.69,3990.54,3978.72,3990.5,18268,31,0
2026-07-17 04:00:00,3990.51,3994.57,3977.5,3981.7,23992,31,0
2026-07-17 05:00:00,3981.69,3985.59,3968.89,3977.37,19596,31,0
2026-07-17 06:00:00,3977.36,4007.19,3977.22,3991.85,18003,31,0
2026-07-17 07:00:00,3991.84,3992.28,3980.98,3981.8,14034,31,0
2026-07-17 08:00:00,3981.79,3989.77,3975.79,3983.94,20460,31,0
2026-07-17 09:00:00,3983.96,4005.89,3983.96,3997.51,21457,29,0
2026-07-17 10:00:00,3997.64,4001.11,3991.21,3991.23,17586,29,0
2026-07-17 11:00:00,3991.25,3998.36,3986.33,3992.48,19770,32,0
2026-07-17 12:00:00,3992.49,4000.83,3991.2,3999.37,17014,31,0
2026-07-17 13:00:00,3999.38,4000.09,3991.54,3992.09,14816,31,0
2026-07-17 14:00:00,3992.15,3999.37,3990.81,3994.98,16402,31,0
2026-07-17 15:00:00,3994.98,3996.14,3963.22,3964.08,20556,31,0
2026-07-17 16:00:00,3964.11,4003.36,3958.96,3997.02,33903,33,0
2026-07-17 17:00:00,3997.15,4004.46,3990.07,4001.05,31364,31,0
2026-07-17 18:00:00,4001.03,4021.3,3997.81,4019.34,28062,31,0
2026-07-17 19:00:00,4019.34,4023.9,4010.98,4015.68,22590,31,0
2026-07-17 20:00:00,4015.71,4019.4,4008.44,4010.33,18087,35,0
2026-07-17 21:00:00,4010.36,4016.15,4006.6,4011.4,17954,31,0
2026-07-17 22:00:00,4011.37,4016.53,4002.18,4015.39,17299,31,0
2026-07-17 23:00:00,4015.39,4017.1,4008.64,4015.85,7018,31,0
2026-07-20 01:00:00,3994.57,4000.83,3993.29,3995.15,7795,36,0
2026-07-20 02:00:00,3995.14,3995.46,3989.34,3994.44,9759,35,0
2026-07-20 03:00:00,3994.31,4011.19,3981.45,4009.71,19621,35,0
2026-07-20 04:00:00,4009.71,4021.92,3996.44,4002.07,23989,35,0
2026-07-20 05:00:00,4002.02,4028.62,4001.23,4022.1,20025,35,0
2026-07-20 06:00:00,4022.1,4028.85,4019.31,4024.47,15820,35,0
2026-07-20 07:00:00,4024.47,4026.78,4018.53,4019.15,10197,35,0
2026-07-20 08:00:00,4019.15,4021.13,4005.24,4008.5,16296,35,0
2026-07-20 09:00:00,4008.58,4011.6,4002.72,4003.73,16550,31,0
2026-07-20 10:00:00,4003.67,4021.75,4001.81,4017.62,15305,31,0
2026-07-20 11:00:00,4017.59,4030.61,4017.33,4018.75,13503,31,0
2026-07-20 12:00:00,4018.74,4023.31,4014.93,4021.45,12221,31,0
2026-07-20 13:00:00,4021.44,4025.46,4018.3,4024.14,10614,31,0
2026-07-20 14:00:00,4023.69,4040.64,4019.8,4025.14,18642,31,0
2026-07-20 15:00:00,4025.15,4025.15,4006.23,4008.19,19777,31,0
2026-07-20 16:00:00,4008.18,4017.12,4005.32,4006.22,22545,31,0
2026-07-20 17:00:00,4006.23,4013.48,3998.02,4006.18,22895,31,0
2026-07-20 18:00:00,4006.15,4019.39,4004.33,4011.55,19582,31,0
2026-07-20 19:00:00,4011.55,4018.27,4001.29,4009.76,16039,31,0
2026-07-20 20:00:00,4009.75,4012.97,4003.64,4005.13,13028,35,0
2026-07-20 21:00:00,4005.14,4011.75,4003.36,4007.36,13711,32,0
2026-07-20 22:00:00,4007.34,4017.82,4004.29,4006.87,14852,31,0
2026-07-20 23:00:00,4006.75,4009.23,4005.58,4007.25,5134,34,0
2026-07-21 01:00:00,4006.64,4010.51,3999.62,4000.37,7444,35,0
2026-07-21 02:00:00,4000.37,4009.68,3999.96,4008.49,9310,35,0
2026-07-21 03:00:00,4008.37,4026.01,4002.3,4023.85,17244,35,0
2026-07-21 04:00:00,4024.1,4034.68,4017.35,4024.68,19470,35,0
2026-07-21 05:00:00,4024.7,4046.0,4023.57,4038.2,15687,35,0
2026-07-21 06:00:00,4037.85,4051.67,4037.21,4047.28,12794,35,0
2026-07-21 07:00:00,4047.5,4051.98,4045.18,4051.53,7908,35,0
2026-07-21 08:00:00,4051.53,4068.07,4048.22,4061.78,13519,35,0
2026-07-21 09:00:00,4061.81,4084.54,4061.8,4079.55,16295,31,0
2026-07-21 10:00:00,4079.55,4080.79,4068.27,4072.15,10879,31,0
2026-07-21 11:00:00,4072.13,4073.07,4059.55,4063.38,11110,31,0
2026-07-21 12:00:00,4063.4,4070.09,4061.47,4066.48,9728,31,0
2026-07-21 13:00:00,4066.49,4070.61,4061.28,4063.5,11914,31,0
2026-07-21 14:00:00,4063.51,4064.03,4054.66,4056.1,10651,31,0
2026-07-21 15:00:00,4056.09,4065.86,4050.99,4053.93,15717,31,0
2026-07-21 16:00:00,4054.06,4061.81,4044.39,4053.31,23595,31,0
2026-07-21 17:00:00,4053.3,4073.86,4051.81,4068.88,22909,31,0
2026-07-21 18:00:00,4068.84,4083.57,4065.74,4074.29,18100,31,0
2026-07-21 19:00:00,4074.26,4079.34,4070.15,4071.84,10946,31,0
2026-07-21 20:00:00,4071.84,4073.02,4066.91,4068.76,9405,31,0
2026-07-21 21:00:00,4068.85,4087.14,4067.76,4083.05,10668,35,0
2026-07-21 22:00:00,4083.04,4085.59,4080.15,4084.86,10691,31,0
2026-07-21 23:00:00,4085.01,4086.39,4075.38,4076.65,4454,31,0
2026-07-22 01:00:00,4077.42,4085.04,4075.84,4080.45,5306,35,0
2026-07-22 02:00:00,4080.45,4082.67,4078.14,4079.54,4688,35,0
2026-07-22 03:00:00,4079.56,4101.15,4075.64,4097.68,17274,35,0
2026-07-22 04:00:00,4097.85,4124.67,4096.84,4122.94,23397,35,0
2026-07-22 05:00:00,4123.01,4132.46,4119.17,4131.74,16896,35,0
2026-07-22 06:00:00,4131.74,4143.37,4129.14,4129.98,13521,35,0
2026-07-22 07:00:00,4129.98,4130.3,4124.44,4127.35,10030,35,0
2026-07-22 08:00:00,4127.23,4134.2,4123.24,4131.56,15566,35,0
2026-07-22 09:00:00,4131.54,4135.45,4113.44,4116.99,17850,31,0
2026-07-22 10:00:00,4117.21,4123.01,4109.26,4111.22,14934,31,0
2026-07-22 11:00:00,4111.18,4120.26,4110.46,4118.64,15344,31,0
2026-07-22 12:00:00,4118.62,4122.56,4113.51,4115.26,13605,31,0
2026-07-22 13:00:00,4115.26,4121.97,4114.96,4117.77,12041,31,0
2026-07-22 14:00:00,4117.79,4123.27,4112.74,4122.51,12895,31,0
2026-07-22 15:00:00,4122.51,4134.63,4107.1,4113.22,17132,31,0
2026-07-22 16:00:00,4113.12,4156.04,4112.64,4154.76,24929,35,0
2026-07-22 17:00:00,4154.84,4163.49,4144.26,4148.67,25333,31,0
2026-07-22 18:00:00,4148.72,4166.13,4148.72,4159.51,18412,31,0
2026-07-22 19:00:00,4159.52,4159.52,4144.43,4147.11,15681,31,0
2026-07-22 20:00:00,4147.11,4147.86,4138.35,4142.66,14990,31,0
2026-07-22 21:00:00,4142.61,4142.77,4131.89,4135.89,14669,31,0
2026-07-22 22:00:00,4135.86,4136.94,4128.88,4131.69,11916,31,0
2026-07-22 23:00:00,4131.68,4137.65,4126.92,4128.52,9032,33,0
2026-07-23 01:00:00,4118.34,4129.58,4118.08,4122.07,10410,38,0
2026-07-23 02:00:00,4122.18,4134.06,4116.59,4133.99,10304,35,0
2026-07-23 03:00:00,4133.95,4134.53,4124.97,4131.97,12877,35,0
2026-07-23 04:00:00,4131.97,4140.83,4113.99,4117.56,22606,35,0
2026-07-23 05:00:00,4117.57,4128.42,4111.62,4128.37,16906,35,0
2026-07-23 06:00:00,4128.35,4132.92,4123.91,4124.51,12500,35,0
2026-07-23 07:00:00,4124.53,4130.21,4119.85,4121.0,11141,35,0
2026-07-23 08:00:00,4120.9,4130.36,4119.3,4124.0,14737,35,0
2026-07-23 09:00:00,4123.95,4127.96,4116.69,4118.49,15840,31,0
2026-07-23 10:00:00,4118.54,4119.14,4089.4,4095.59,18276,31,0
2026-07-23 11:00:00,4095.6,4097.31,4086.08,4092.82,14838,31,0
2026-07-23 12:00:00,4092.68,4098.96,4087.74,4089.1,12591,31,0
2026-07-23 13:00:00,4089.07,4094.79,4085.21,4092.73,12738,31,0
2026-07-23 14:00:00,4093.07,4093.38,4072.47,4085.08,16566,31,0
2026-07-23 15:00:00,4085.09,4085.37,4060.48,4061.79,21652,31,0
2026-07-23 16:00:00,4061.7,4067.08,4040.04,4043.41,32437,31,0
2026-07-23 17:00:00,4043.39,4061.42,4039.8,4058.03,30750,31,0
2026-07-23 18:00:00,4058.04,4059.24,4042.05,4048.41,25457,31,0
2026-07-23 19:00:00,4048.93,4051.56,4045.46,4051.48,15557,33,0
2026-07-23 20:00:00,4051.48,4054.27,4041.32,4041.56,16692,31,0
2026-07-23 21:00:00,4041.5,4048.25,4040.31,4046.54,15118,31,0
2026-07-23 22:00:00,4046.54,4050.72,4042.74,4049.6,13495,33,0
2026-07-23 23:00:00,4049.59,4050.87,4045.74,4047.34,5901,31,0
2026-07-24 01:00:00,4047.25,4050.13,4046.88,4049.29,3322,35,0
2026-07-24 02:00:00,4049.29,4050.38,4046.33,4046.96,4711,35,0
2026-07-24 03:00:00,4046.93,4050.65,4040.78,4049.68,13308,35,0
2026-07-24 04:00:00,4049.68,4050.13,4039.48,4043.3,17189,35,0
2026-07-24 05:00:00,4043.27,4046.8,4021.35,4022.57,15170,35,0
2026-07-24 06:00:00,4022.57,4032.19,4021.31,4027.68,12218,36,0
2026-07-24 07:00:00,4027.7,4030.04,4025.3,4027.07,6680,35,0
2026-07-24 08:00:00,4027.13,4031.89,4021.72,4022.68,12797,34,0
2026-07-24 09:00:00,4022.73,4038.94,4022.64,4035.48,15277,31,0
2026-07-24 10:00:00,4035.27,4053.74,4034.84,4048.34,14243,31,0
2026-07-24 11:00:00,4048.31,4058.39,4045.12,4057.45,12898,31,0
2026-07-24 12:00:00,4057.45,4060.69,4051.47,4059.87,10405,31,0
2026-07-24 13:00:00,4059.97,4063.71,4056.93,4059.87,9114,31,0
2026-07-24 14:00:00,4059.88,4063.12,4051.29,4058.16,9354,31,0
2026-07-24 15:00:00,4058.41,4059.99,4051.62,4055.89,13420,31,0
2026-07-24 16:00:00,4055.89,4068.27,4044.22,4067.67,20470,31,0
2026-07-24 17:00:00,4067.72,4069.62,4055.42,4063.0,25916,31,0
2026-07-24 18:00:00,4063.03,4081.74,4061.39,4077.09,24058,31,0
2026-07-24 19:00:00,4077.02,4077.85,4063.8,4066.83,13827,31,0
2026-07-24 20:00:00,4066.82,4069.41,4062.45,4062.91,12319,31,0
2026-07-24 21:00:00,4062.86,4064.01,4050.62,4053.85,12529,31,0
2026-07-24 22:00:00,4053.84,4057.55,4048.66,4052.95,13262,31,0
2026-07-24 23:00:00,4053.05,4055.84,4050.32,4051.0,4360,31,0
2026-07-27 01:00:00,4088.09,4093.56,4083.63,4089.45,6721,38,0
2026-07-27 02:00:00,4089.65,4096.22,4083.48,4094.11,9486,35,0
2026-07-27 03:00:00,4094.16,4117.44,4091.82,4100.99,21763,35,0
2026-07-27 04:00:00,4102.01,4112.41,4096.95,4110.19,22751,35,0
2026-07-27 05:00:00,4110.54,4110.88,4093.12,4093.17,12927,35,0
2026-07-27 06:00:00,4093.17,4095.64,4084.48,4090.06,10900,35,0
2026-07-27 07:00:00,4090.09,4091.92,4086.16,4089.45,8420,35,0
2026-07-27 08:00:00,4089.42,4094.5,4084.33,4092.87,13415,35,0
2026-07-27 09:00:00,4092.9,4099.15,4091.15,4095.9,13914,31,0
2026-07-27 10:00:00,4095.8,4106.09,4088.51,4088.75,15523,31,0
2026-07-27 11:00:00,4088.75,4096.86,4087.0,4095.12,13458,31,0
2026-07-27 12:00:00,4095.12,4100.47,4090.57,4096.28,10689,31,0
2026-07-27 13:00:00,4096.27,4102.55,4086.58,4100.1,10172,31,0
2026-07-27 14:00:00,4100.07,4104.28,4093.78,4095.01,12034,31,0
2026-07-27 15:00:00,4095.04,4097.73,4081.12,4084.44,16480,31,0
2026-07-27 16:00:00,4084.65,4089.62,4070.51,4074.1,27057,31,0
2026-07-27 17:00:00,4074.15,4078.99,4065.2,4076.2,27303,31,0
2026-07-27 18:00:00,4076.2,4079.87,4071.74,4078.62,19698,31,0
2026-07-27 19:00:00,4078.62,4093.91,4077.77,4082.16,19028,34,0
2026-07-27 20:00:00,4082.2,4082.25,4070.52,4076.29,17114,31,0
2026-07-27 21:00:00,4076.3,4079.17,4072.69,4077.82,15858,34,0
2026-07-27 22:00:00,4077.78,4089.14,4075.95,4083.21,12063,35,0
2026-07-27 23:00:00,4083.23,4083.9,4073.74,4075.0,4743,31,0
2026-07-28 01:00:00,4078.9,4079.78,4070.84,4073.97,4529,36,0
2026-07-28 02:00:00,4073.99,4074.72,4069.41,4072.64,5755,35,0
2026-07-28 03:00:00,4072.59,4073.63,4056.83,4057.39,15771,35,0
2026-07-28 04:00:00,4057.3,4059.85,4041.99,4044.63,20474,35,0
2026-07-28 05:00:00,4044.56,4048.4,4040.2,4041.63,14355,35,0
2026-07-28 06:00:00,4041.63,4050.66,4039.65,4048.8,10832,35,0
2026-07-28 07:00:00,4048.79,4049.1,4040.84,4041.28,10154,35,0
2026-07-28 08:00:00,4041.23,4046.04,4034.32,4044.73,15871,35,0
2026-07-28 09:00:00,4044.73,4052.01,4042.52,4048.03,15098,31,0
2026-07-28 10:00:00,4047.99,4051.95,4045.83,4046.76,10661,31,0
2026-07-28 11:00:00,4046.76,4054.74,4041.19,4044.85,15922,31,0
2026-07-28 12:00:00,4044.85,4045.37,4018.65,4022.2,12319,31,0
2026-07-28 13:00:00,4022.16,4027.93,4016.1,4025.97,14263,31,0
2026-07-28 14:00:00,4025.97,4031.79,4022.56,4027.69,17012,31,0
2026-07-28 15:00:00,4027.67,4037.58,4022.15,4028.88,17349,31,0
2026-07-28 16:00:00,4028.87,4035.58,4019.68,4021.69,24267,31,0
2026-07-28 17:00:00,4021.59,4033.21,4010.97,4024.36,25964,31,0
2026-07-28 18:00:00,4024.37,4046.84,4021.7,4046.15,25063,34,0
2026-07-28 19:00:00,4046.15,4046.3,4036.4,4037.48,16404,31,0
2026-07-28 20:00:00,4037.46,4040.97,4025.32,4027.53,17484,31,0
2026-07-28 21:00:00,4027.49,4029.8,4021.03,4022.31,16976,32,0
2026-07-28 22:00:00,4022.25,4027.52,4021.46,4025.67,12587,32,0
2026-07-28 23:00:00,4025.75,4030.1,4022.16,4026.96,6090,31,0
2026-07-29 01:00:00,4024.89,4027.71,4013.66,4018.11,7878,35,0
2026-07-29 02:00:00,4018.12,4025.97,4014.78,4024.78,11065,35,0
2026-07-29 03:00:00,4024.82,4029.48,4017.24,4021.51,17721,35,0
2026-07-29 04:00:00,4021.43,4030.23,4009.86,4025.67,22029,35,0
2026-07-29 05:00:00,4025.68,4037.65,4022.9,4028.96,15170,35,0
2026-07-29 06:00:00,4029.02,4032.52,4022.8,4023.27,10766,35,0
2026-07-29 07:00:00,4023.26,4027.38,4020.23,4027.22,11726,35,0
2026-07-29 08:00:00,4027.22,4039.89,4026.23,4032.78,13628,35,0
2026-07-29 09:00:00,4032.79,4044.7,4032.72,4041.5,12824,31,0
2026-07-29 10:00:00,4041.65,4047.88,4041.12,4043.99,9792,31,0
2026-07-29 11:00:00,4044.0,4044.58,4035.75,4037.55,10093,31,0
2026-07-29 12:00:00,4037.54,4038.31,4031.16,4032.35,10074,31,0
2026-07-29 13:00:00,4032.26,4034.06,4025.55,4026.78,9336,31,0
2026-07-29 14:00:00,4026.7,4035.69,4024.47,4032.4,9244,31,0
2026-07-29 15:00:00,4032.4,4032.97,4008.46,4022.29,16540,31,0
2026-07-29 16:00:00,4022.43,4025.99,4001.91,4006.79,25697,31,0
2026-07-29 17:00:00,4006.71,4009.75,3995.36,4004.6,26693,31,0
2026-07-29 18:00:00,4004.6,4013.32,4002.8,4009.44,18484,31,0
2026-07-29 19:00:00,4009.44,4032.82,4007.25,4027.83,17559,31,0
2026-07-29 20:00:00,4027.95,4050.37,4027.47,4041.85,22425,32,0
2026-07-29 21:00:00,4041.81,4109.79,4040.58,4105.87,41212,36,0
2026-07-29 22:00:00,4105.97,4116.56,4044.25,4045.8,40341,33,0
2026-07-29 23:00:00,4045.81,4069.93,4042.72,4064.75,17717,33,0
2026-07-30 01:00:00,4071.74,4090.32,4063.39,4088.89,9043,36,0
2026-07-30 02:00:00,4089.05,4100.14,4084.13,4084.91,13666,35,0
2026-07-30 03:00:00,4084.95,4086.49,4064.79,4071.99,25398,35,0
2026-07-30 04:00:00,4071.96,4092.84,4070.16,4084.58,26707,35,0
2026-07-30 05:00:00,4084.57,4090.31,4063.29,4063.53,19497,35,0
2026-07-30 06:00:00,4063.52,4069.93,4049.11,4057.32,18439,35,0
2026-07-30 07:00:00,4057.32,4058.72,4045.13,4046.73,14165,35,0
2026-07-30 08:00:00,4046.73,4051.02,4028.21,4033.57,21399,35,0
2026-07-30 09:00:00,4033.57,4040.16,4029.14,4035.96,20156,31,0
2026-07-30 10:00:00,4036.01,4051.16,4034.85,4038.04,19853,31,0
2026-07-30 11:00:00,4037.92,4072.84,4035.43,4060.46,22301,31,0
2026-07-30 12:00:00,4060.63,4073.71,4059.27,4064.81,17554,31,0
2026-07-30 13:00:00,4064.79,4084.49,4064.36,4079.22,18031,31,0
2026-07-30 14:00:00,4079.63,4083.12,4075.87,4078.65,14630,31,0
2026-07-30 15:00:00,4078.53,4086.83,4067.31,4068.49,22701,31,0
2026-07-30 16:00:00,4068.63,4112.93,4065.25,4112.19,33199,31,0
2026-07-30 17:00:00,4112.19,4120.4,4086.85,4099.97,32193,31,0
2026-07-30 18:00:00,4100.01,4110.26,4082.91,4108.03,25783,31,0
2026-07-30 19:00:00,4108.02,4119.27,4106.88,4110.9,17030,35,0
2026-07-30 20:00:00,4110.79,4111.42,4098.79,4103.01,18256,32,0
2026-07-30 21:00:00,4102.98,4108.06,4099.01,4099.66,12995,31,0
2026-07-30 22:00:00,4099.68,4115.32,4098.99,4112.06,13988,32,0
2026-07-30 23:00:00,4112.06,4117.51,4097.89,4101.49,10830,31,0
2026-07-31 01:00:00,4101.84,4111.34,4101.19,4109.25,5773,37,0
2026-07-31 02:00:00,4109.25,4111.78,4102.42,4106.62,7016,35,0
2026-07-31 03:00:00,4106.64,4107.2,4090.45,4095.41,12251,35,0
2026-07-31 04:00:00,4095.77,4101.69,4081.94,4084.44,15883,35,0
2026-07-31 05:00:00,4084.49,4090.39,4074.01,4075.77,10997,35,0
2026-07-31 06:00:00,4075.77,4079.08,4071.84,4074.67,10646,35,0
2026-07-31 07:00:00,4074.66,4081.15,4072.95,4079.7,7076,35,0
2026-07-31 08:00:00,4079.77,4082.82,4073.0,4073.93,9210,35,0
2026-07-31 09:00:00,4073.93,4087.2,4072.43,4077.05,14598,31,0
2026-07-31 10:00:00,4077.07,4078.71,4067.02,4067.15,12706,31,0
2026-07-31 11:00:00,4067.12,4067.33,4053.83,4060.57,14278,31,0
2026-07-31 12:00:00,4060.55,4063.57,4049.98,4054.33,13027,31,0
2026-07-31 13:00:00,4054.41,4057.64,4051.27,4053.73,8736,31,0
2026-07-31 14:00:00,4053.81,4060.42,4050.02,4053.17,10886,31,0
2026-07-31 15:00:00,4053.22,4058.6,4039.79,4039.92,15347,31,0
2026-07-31 16:00:00,4039.74,4046.25,4021.44,4024.54,29089,32,0
2026-07-31 17:00:00,4024.53,4049.83,4020.42,4049.08,27636,29,0
2026-07-31 18:00:00,4049.15,4052.34,4036.3,4045.28,22103,31,0
2026-07-31 19:00:00,4045.3,4049.54,4040.75,4043.02,15050,31,0
2026-07-31 20:00:00,4043.04,4054.37,4041.23,4053.26,15163,32,0
2026-07-31 21:00:00,4053.32,4054.8,4046.77,4050.52,11520,32,0
2026-07-31 22:00:00,4050.52,4055.33,4046.53,4050.69,11141,33,0
2026-07-31 23:00:00,4050.69,4052.75,4040.24,4042.2,10050,31,0
2026-08-03 01:00:00,4073.52,4078.37,4062.93,4063.32,10130,38,0
2026-08-03 02:00:00,4063.32,4074.93,4063.06,4074.85,9588,35,0
2026-08-03 03:00:00,4074.84,4078.88,4055.59,4057.02,21125,35,0
2026-08-03 04:00:00,4057.02,4063.35,4047.19,4056.59,20628,35,0
2026-08-03 05:00:00,4056.58,4066.89,4051.87,4062.06,13367,35,0
2026-08-03 06:00:00,4062.07,4067.79,4059.18,4065.13,9884,35,0
2026-08-03 07:00:00,4065.13,4071.98,4063.68,4064.09,7501,35,0
2026-08-03 08:00:00,4064.08,4069.88,4054.0,4068.9,11376,35,0
2026-08-03 09:00:00,4068.9,4072.1,4060.5,4063.52,14299,31,0
2026-08-03 10:00:00,4063.51,4065.23,4051.98,4061.16,14658,31,0
2026-08-03 11:00:00,4061.18,4062.46,4054.31,4059.52,11462,31,0
2026-08-03 12:00:00,4059.53,4062.26,4046.57,4055.53,12603,31,0
2026-08-03 13:00:00,4055.52,4057.24,4045.87,4049.33,11200,31,0
2026-08-03 14:00:00,4049.33,4063.14,4045.27,4062.58,12444,31,0
2026-08-03 15:00:00,4062.63,4064.61,4041.9,4047.82,14722,31,0
2026-08-03 16:00:00,4048.12,4053.11,4018.57,4028.28,27587,31,0
2026-08-03 17:00:00,4028.6,4038.86,4026.03,4036.06,20549,31,0
2026-08-03 18:00:00,4035.96,4040.71,4029.99,4035.99,14831,31,0
2026-08-03 19:00:00,4035.95,4039.09,4034.49,4036.87,8833,31,0
2026-08-03 20:00:00,4036.86,4037.52,4029.96,4030.34,8936,31,0
2026-08-03 21:00:00,4030.35,4044.86,4029.43,4043.43,9059,31,0
2026-08-03 22:00:00,4043.53,4055.55,4043.53,4051.96,11520,31,0
2026-08-03 23:00:00,4051.93,4057.98,4050.08,4053.45,5023,31,0
2026-08-04 01:00:00,4049.97,4053.36,4047.59,4052.64,3310,37,0
2026-08-04 02:00:00,4052.64,4054.79,4049.98,4053.61,5320,35,0
2026-08-04 03:00:00,4053.65,4069.14,4048.5,4048.6,12149,35,0
2026-08-04 04:00:00,4048.38,4061.79,4042.37,4058.63,15864,35,0
2026-08-04 05:00:00,4058.72,4064.81,4055.49,4058.59,11661,35,0
2026-08-04 06:00:00,4058.59,4061.62,4052.0,4052.32,8055,35,0
2026-08-04 07:00:00,4052.32,4066.25,4050.98,4064.09,5993,35,0
2026-08-04 08:00:00,4064.07,4067.65,4057.28,4061.81,9298,35,0
2026-08-04 09:00:00,4061.85,4066.23,4055.67,4063.6,10845,31,0
2026-08-04 10:00:00,4063.69,4066.73,4060.89,4065.48,9847,31,0
2026-08-04 11:00:00,4065.49,4072.86,4054.36,4054.61,12124,31,0
2026-08-04 12:00:00,4054.7,4055.1,4045.61,4049.12,9726,31,0
2026-08-04 13:00:00,4049.09,4060.18,4044.85,4053.42,11216,31,0
2026-08-04 14:00:00,4053.42,4084.06,4051.94,4075.83,17403,34,0
2026-08-04 15:00:00,4075.83,4084.09,4060.76,4070.71,19986,31,0
2026-08-04 16:00:00,4070.57,4093.87,4060.8,4084.88,26219,31,0
2026-08-04 17:00:00,4084.91,4091.73,4074.18,4083.44,22557,33,0
2026-08-04 18:00:00,4083.44,4088.72,4074.54,4087.37,18078,31,0
2026-08-04 19:00:00,4087.36,4093.68,4083.07,4093.29,12501,31,0
2026-08-04 20:00:00,4093.29,4106.3,4086.02,4086.02,14116,31,0
2026-08-04 21:00:00,4085.88,4089.03,4075.19,4079.95,11707,31,0
2026-08-04 22:00:00,4079.95,4084.66,4076.23,4078.39,10607,31,0
2026-08-04 23:00:00,4078.37,4080.22,4074.6,4076.19,6573,31,0
2026-08-05 01:00:00,4076.84,4085.53,4075.3,4076.34,5405,37,0
2026-08-05 02:00:00,4076.34,4076.88,4065.24,4072.62,8061,35,0
2026-08-05 03:00:00,4072.53,4083.45,4070.23,4082.44,9648,35,0
2026-08-05 04:00:00,4082.36,4102.7,4077.56,4101.36,15118,35,0
2026-08-05 05:00:00,4101.47,4135.4,4095.67,4129.37,19905,35,0
2026-08-05 06:00:00,4129.4,4136.72,4127.25,4128.7,11657,35,0
2026-08-05 07:00:00,4128.7,4141.63,4128.67,4135.87,8625,35,0
2026-08-05 08:00:00,4135.87,4173.27,4135.17,4161.85,17992,35,0
2026-08-05 09:00:00,4161.88,4178.99,4160.55,4178.4,18165,31,0
2026-08-05 10:00:00,4178.55,4180.03,4162.76,4170.78,15212,31,0
2026-08-05 11:00:00,4170.81,4172.99,4159.41,4161.04,15381,31,0
2026-08-05 12:00:00,4161.03,4167.66,4153.57,4158.45,14262,31,0
2026-08-05 13:00:00,4158.45,4161.78,4150.51,4161.69,10473,31,0
2026-08-05 14:00:00,4161.68,4192.75,4161.03,4189.16,18039,31,0
2026-08-05 15:00:00,4189.13,4213.64,4183.62,4184.34,22503,31,0
2026-08-05 16:00:00,4184.62,4206.87,4184.19,4204.59,28256,31,0
2026-08-05 17:00:00,4204.97,4247.69,4203.65,4244.34,34724,31,0
2026-08-05 18:00:00,4244.34,4265.19,4232.47,4232.71,28089,31,0
2026-08-05 19:00:00,4232.7,4247.25,4224.82,4242.26,22560,35,0
2026-08-05 20:00:00,4242.25,4252.32,4236.88,4249.49,18657,31,0
2026-08-05 21:00:00,4249.2,4267.67,4249.17,4260.65,16717,31,0
2026-08-05 22:00:00,4260.64,4262.08,4246.45,4247.31,16550,31,0
2026-08-05 23:00:00,4247.28,4249.72,4241.65,4245.06,6157,31,0
2026-08-06 01:00:00,4247.98,4250.32,4244.36,4250.17,4913,36,0
2026-08-06 02:00:00,4250.17,4281.72,4249.13,4277.44,11174,35,0
2026-08-06 03:00:00,4277.29,4300.07,4264.36,4294.54,20663,35,0
2026-08-06 04:00:00,4294.54,4302.67,4272.85,4286.12,26681,35,0
2026-08-06 05:00:00,4286.12,4303.94,4274.82,4278.31,18554,35,0
2026-08-06 06:00:00,4278.31,4280.79,4260.17,4265.35,15684,35,0
2026-08-06 07:00:00,4265.37,4266.92,4252.84,4261.89,10859,35,0
2026-08-06 08:00:00,4261.9,4268.37,4247.07,4267.07,16125,35,0
2026-08-06 09:00:00,4267.07,4268.27,4249.15,4255.65,16032,31,0
2026-08-06 10:00:00,4255.68,4264.98,4252.34,4262.64,12312,31,0
2026-08-06 11:00:00,4262.34,4278.46,4259.95,4278.08,15086,31,0
2026-08-06 12:00:00,4278.07,4284.39,4271.11,4272.84,13822,31,0
2026-08-06 13:00:00,4272.85,4273.44,4264.36,4270.38,12450,31,0
2026-08-06 14:00:00,4270.34,4272.88,4254.06,4263.55,15847,31,0
2026-08-06 15:00:00,4263.49,4270.5,4248.83,4249.87,18861,31,0
2026-08-06 16:00:00,4249.63,4274.08,4230.59,4267.15,28695,31,0
2026-08-06 17:00:00,4267.15,4275.3,4260.12,4273.2,26480,31,0
2026-08-06 18:00:00,4273.2,4274.26,4229.52,4233.55,24643,31,0
2026-08-06 19:00:00,4233.41,4243.0,4223.24,4241.44,23451,31,0
2026-08-06 20:00:00,4241.47,4247.91,4238.38,4247.03,13972,34,0
2026-08-06 21:00:00,4247.1,4249.46,4240.65,4243.31,9903,33,0
2026-08-06 22:00:00,4243.3,4251.06,4232.99,4248.84,15080,34,0
2026-08-06 23:00:00,4248.82,4250.02,4234.4,4238.75,6723,31,0
2026-08-07 01:00:00,4235.17,4243.24,4234.95,4240.33,3627,35,0
2026-08-07 02:00:00,4240.36,4253.04,4240.1,4251.43,5672,35,0
2026-08-07 03:00:00,4251.41,4252.69,4229.57,4232.78,15971,35,0
2026-08-07 04:00:00,4232.8,4259.16,4231.54,4256.6,21685,35,0
2026-08-07 05:00:00,4256.63,4261.53,4247.01,4250.17,13714,35,0
2026-08-07 06:00:00,4250.23,4266.2,4249.54,4266.05,11260,35,0
2026-08-07 07:00:00,4266.05,4269.03,4260.69,4264.99,10217,35,0
2026-08-07 08:00:00,4264.99,4280.57,4261.92,4279.13,14958,35,0
2026-08-07 09:00:00,4279.14,4298.75,4278.42,4297.22,19608,31,0
2026-08-07 10:00:00,4297.2,4297.95,4282.92,4289.8,14865,31,0
2026-08-07 11:00:00,4289.8,4316.45,4289.02,4306.12,17392,31,0
2026-08-07 12:00:00,4306.12,4320.57,4302.15,4316.52,15415,31,0
2026-08-07 13:00:00,4316.52,4320.51,4307.99,4316.82,13083,31,0
2026-08-07 14:00:00,4316.83,4327.45,4316.76,4320.84,15745,31,0
2026-08-07 15:00:00,4320.85,4371.75,4299.86,4362.39,29087,31,0
2026-08-07 16:00:00,4362.31,4367.8,4339.05,4348.4,35477,31,0
2026-08-07 17:00:00,4348.4,4352.71,4327.31,4341.33,35964,31,0
2026-08-07 18:00:00,4341.33,4358.23,4339.72,4340.84,26334,31,0
2026-08-07 19:00:00,4341.04,4349.57,4328.86,4328.86,24059,32,0
2026-08-07 20:00:00,4329.0,4342.95,4327.62,4340.39,18989,31,0
2026-08-07 21:00:00,4340.37,4342.9,4332.15,4335.28,14237,32,0
2026-08-07 22:00:00,4335.66,4350.24,4335.61,4343.44,20952,33,0
2026-08-07 23:00:00,4343.44,4345.17,4335.83,4340.54,6777,31,0
2026-08-10 01:00:00,4337.68,4346.05,4333.1,4341.3,7063,37,0
2026-08-10 02:00:00,4341.3,4348.79,4331.92,4332.61,7686,35,0
2026-08-10 03:00:00,4333.06,4346.87,4331.88,4332.75,17635,35,0
2026-08-10 04:00:00,4333.32,4341.91,4313.01,4322.51,23924,35,0
2026-08-10 05:00:00,4322.46,4333.65,4319.2,4320.49,14881,35,0
2026-08-10 06:00:00,4320.49,4329.86,4318.12,4326.65,9737,35,0
2026-08-10 07:00:00,4326.7,4339.55,4323.03,4339.4,9322,35,0
2026-08-10 08:00:00,4339.34,4352.1,4331.56,4347.21,13320,35,0
2026-08-10 09:00:00,4347.14,4359.59,4341.79,4358.62,14530,31,0
2026-08-10 10:00:00,4358.56,4361.82,4349.71,4355.09,13470,31,0
2026-08-10 11:00:00,4354.89,4356.37,4343.67,4346.21,11207,31,0
2026-08-10 12:00:00,4346.21,4349.8,4340.43,4340.76,10131,31,0
2026-08-10 13:00:00,4340.76,4343.73,4335.28,4335.8,9924,31,0
2026-08-10 14:00:00,4335.8,4339.01,4328.67,4334.53,11997,31,0
2026-08-10 15:00:00,4334.48,4337.08,4323.94,4332.24,15072,31,0
2026-08-10 16:00:00,4331.99,4339.57,4316.47,4317.79,24923,31,0
2026-08-10 17:00:00,4317.78,4351.78,4317.78,4346.18,24682,31,0
2026-08-10 18:00:00,4346.23,4359.45,4343.03,4358.49,20528,31,0
2026-08-10 19:00:00,4358.46,4364.61,4349.75,4357.21,18764,33,0
2026-08-10 20:00:00,4357.23,4365.53,4351.73,4360.27,15053,35,0
2026-08-10 21:00:00,4360.25,4382.89,4359.86,4379.28,17522,35,0
2026-08-10 22:00:00,4379.27,4394.98,4378.62,4388.29,21161,35,0
2026-08-10 23:00:00,4388.28,4391.9,4385.68,4387.77,5275,31,0
2026-08-11 01:00:00,4388.24,4400.67,4388.07,4399.18,4995,35,0
2026-08-11 02:00:00,4399.18,4403.41,4394.56,4403.41,7778,35,0
2026-08-11 03:00:00,4403.08,4418.99,4396.23,4408.86,15143,35,0
2026-08-11 04:00:00,4408.56,4433.87,4393.52,4429.27,23615,35,0
2026-08-11 05:00:00,4429.29,4434.97,4407.83,4410.64,16903,35,0
2026-08-11 06:00:00,4410.6,4421.36,4409.28,4416.72,10715,35,0
2026-08-11 07:00:00,4416.73,4420.04,4403.05,4408.74,11097,35,0
2026-08-11 08:00:00,4408.74,4408.88,4367.23,4374.97,18883,35,0
2026-08-11 09:00:00,4374.94,4382.21,4359.45,4365.95,21296,31,0
2026-08-11 10:00:00,4365.89,4367.42,4356.22,4357.84,14641,31,0
2026-08-11 11:00:00,4357.84,4376.25,4356.61,4368.75,14032,31,0
2026-08-11 12:00:00,4368.52,4375.07,4367.23,4371.88,12043,31,0
2026-08-11 13:00:00,4372.01,4382.0,4370.69,4381.82,12678,32,0
2026-08-11 14:00:00,4381.83,4392.47,4379.93,4387.22,18019,31,0
2026-08-11 15:00:00,4387.22,4399.53,4383.24,4392.73,19152,31,0
2026-08-11 16:00:00,4392.86,4403.68,4384.11,4388.49,26877,31,0
2026-08-11 17:00:00,4388.5,4397.57,4380.63,4393.88,23784,31,0
2026-08-11 18:00:00,4393.89,4398.42,4368.87,4384.31,22929,31,0
2026-08-11 19:00:00,4384.3,4385.55,4378.25,4383.22,14195,34,0
2026-08-11 20:00:00,4383.22,4385.48,4368.7,4368.81,14230,31,0
2026-08-11 21:00:00,4368.79,4372.44,4360.08,4371.32,15944,31,0
2026-08-11 22:00:00,4371.32,4373.99,4361.05,4370.57,14121,31,0
2026-08-11 23:00:00,4370.54,4370.78,4365.45,4366.33,4317,31,0
2026-08-12 01:00:00,4371.12,4378.0,4366.92,4369.17,7707,36,0
2026-08-12 02:00:00,4369.2,4374.18,4362.23,4371.13,8755,35,0
2026-08-12 03:00:00,4371.09,4383.38,4366.16,4381.75,12660,35,0
2026-08-12 04:00:00,4382.09,4397.12,4378.01,4396.26,17639,35,0
2026-08-12 05:00:00,4396.27,4414.42,4394.01,4411.3,15037,35,0
2026-08-12 06:00:00,4411.31,4415.93,4400.42,4401.51,12291,35,0
2026-08-12 07:00:00,4401.51,4402.09,4393.9,4400.49,7700,35,0
2026-08-12 08:00:00,4400.49,4404.37,4383.64,4390.68,12911,35,0
2026-08-12 09:00:00,4390.68,4406.04,4384.89,4403.31,14702,31,0
2026-08-12 10:00:00,4403.34,4409.63,4397.98,4405.72,10351,31,0
2026-08-12 11:00:00,4405.69,4410.12,4401.43,4401.63,9164,31,0
2026-08-12 12:00:00,4401.69,4423.76,4401.59,4415.68,14568,34,0
2026-08-12 13:00:00,4415.67,4420.51,4407.04,4412.29,11320,31,0
2026-08-12 14:00:00,4412.29,4416.21,4407.49,4412.11,9625,32,0
2026-08-12 15:00:00,4412.11,4437.85,4379.05,4435.59,26885,31,0
2026-08-12 16:00:00,4435.91,4441.0,4408.02,4427.55,33866,31,0
2026-08-12 17:00:00,4427.59,4439.41,4416.11,4421.68,30483,31,0
2026-08-12 18:00:00,4421.68,4429.71,4410.74,4420.73,23724,31,0
2026-08-12 19:00:00,4420.73,4426.19,4396.34,4401.12,21527,31,0
2026-08-12 20:00:00,4400.99,4411.16,4398.78,4399.03,17978,31,0
2026-08-12 21:00:00,4399.03,4417.49,4396.08,4412.78,12784,31,0
2026-08-12 22:00:00,4412.78,4417.97,4408.08,4413.81,13097,31,0
2026-08-12 23:00:00,4413.8,4413.93,4405.0,4407.06,4676,31,0
2026-08-13 01:00:00,4404.0,4404.12,4397.86,4401.27,4110,36,0
2026-08-13 02:00:00,4401.27,4412.96,4401.23,4412.96,4533,35,0
2026-08-13 03:00:00,4412.86,4449.35,4411.27,4428.33,19187,35,0
2026-08-13 04:00:00,4428.19,4433.84,4406.08,4408.22,23431,35,0
2026-08-13 05:00:00,4408.05,4413.85,4398.15,4406.45,17542,35,0
2026-08-13 06:00:00,4406.48,4411.57,4398.07,4399.62,13224,35,0
2026-08-13 07:00:00,4399.61,4399.84,4390.75,4397.17,12904,35,0
2026-08-13 08:00:00,4397.12,4406.59,4379.91,4382.45,20255,35,0
2026-08-13 09:00:00,4382.26,4384.91,4368.34,4379.92,19851,31,0
2026-08-13 10:00:00,4379.89,4381.04,4368.54,4368.78,16398,31,0
2026-08-13 11:00:00,4368.71,4378.63,4363.19,4375.17,14962,31,0
2026-08-13 12:00:00,4375.21,4384.22,4371.85,4384.13,12499,31,0
2026-08-13 13:00:00,4384.27,4393.07,4380.73,4391.42,9344,31,0
2026-08-13 14:00:00,4391.3,4395.98,4382.41,4387.18,12340,31,0
2026-08-13 15:00:00,4387.37,4401.7,4380.08,4400.86,20720,31,0
2026-08-13 16:00:00,4400.82,4401.19,4370.19,4372.0,31561,31,0
2026-08-13 17:00:00,4372.0,4386.66,4356.71,4383.63,31520,31,0
2026-08-13 18:00:00,4383.63,4385.26,4356.97,4364.68,25124,31,0
2026-08-13 19:00:00,4364.69,4367.97,4350.74,4366.81,19334,31,0
2026-08-13 20:00:00,4366.77,4372.87,4355.3,4355.77,17025,31,0
2026-08-13 21:00:00,4355.83,4363.25,4354.36,4356.75,15834,31,0
2026-08-13 22:00:00,4356.87,4358.59,4343.43,4349.92,17020,33,0
2026-08-13 23:00:00,4349.95,4351.9,4346.7,4348.73,5812,31,0
2026-08-14 01:00:00,4351.46,4362.5,4351.31,4354.34,7258,37,0
2026-08-14 02:00:00,4354.32,4363.99,4348.95,4356.46,9503,35,0
2026-08-14 03:00:00,4356.36,4361.94,4328.09,4338.87,16658,35,0
2026-08-14 04:00:00,4339.02,4340.17,4310.78,4317.18,22150,35,0
2026-08-14 05:00:00,4316.86,4322.41,4310.22,4315.15,17316,35,0
2026-08-14 06:00:00,4315.16,4327.94,4313.21,4323.45,9491,35,0
2026-08-14 07:00:00,4323.46,4327.85,4322.58,4326.79,7452,35,0
2026-08-14 08:00:00,4326.8,4333.61,4310.91,4333.61,14887,35,0
2026-08-14 09:00:00,4333.62,4336.53,4327.77,4335.42,14495,31,0
2026-08-14 10:00:00,4335.44,4345.14,4329.56,4343.59,12267,31,0
2026-08-14 11:00:00,4343.85,4349.7,4341.82,4348.35,12277,31,0
2026-08-14 12:00:00,4348.35,4357.47,4346.1,4357.26,10596,31,0
2026-08-14 13:00:00,4357.27,4358.72,4348.13,4349.44,8903,31,0
2026-08-14 14:00:00,4349.61,4369.41,4348.62,4369.16,11267,31,0
2026-08-14 15:00:00,4369.15,4386.86,4365.61,4373.91,19363,31,0
2026-08-14 16:00:00,4373.93,4396.97,4369.99,4384.59,25879,31,0
2026-08-14 17:00:00,4384.59,4394.58,4378.85,4381.87,22697,31,0
2026-08-14 18:00:00,4381.85,4394.72,4379.14,4391.77,20795,31,0
2026-08-14 19:00:00,4391.74,4396.81,4380.4,4386.05,13978,35,0
2026-08-14 20:00:00,4386.05,4386.47,4376.36,4378.84,11444,31,0
2026-08-14 21:00:00,4378.84,4382.74,4370.93,4373.18,10066,31,0
2026-08-14 22:00:00,4373.12,4379.93,4371.94,4376.06,10672,34,0
2026-08-14 23:00:00,4376.04,4376.84,4371.37,4374.38,4514,31,0
2026-08-17 01:00:00,4372.23,4386.62,4371.01,4385.73,6259,36,0
2026-08-17 02:00:00,4385.74,4386.01,4367.14,4370.54,8664,35,0
2026-08-17 03:00:00,4370.56,4401.85,4368.07,4400.68,14836,35,0
2026-08-17 04:00:00,4400.68,4416.25,4390.87,4394.57,22045,35,0
2026-08-17 05:00:00,4394.56,4397.01,4387.48,4393.11,14480,35,0
2026-08-17 06:00:00,4393.1,4397.33,4387.79,4396.86,10773,35,0
2026-08-17 07:00:00,4396.9,4399.21,4388.66,4390.43,8783,35,0
2026-08-17 08:00:00,4390.41,4400.96,4386.69,4394.65,12634,35,0
2026-08-17 09:00:00,4394.65,4404.18,4392.41,4402.52,14786,31,0
2026-08-17 10:00:00,4402.54,4411.01,4395.54,4403.76,13904,31,0
2026-08-17 11:00:00,4403.57,4404.22,4392.22,4394.85,11142,31,0
2026-08-17 12:00:00,4394.84,4400.25,4392.31,4395.35,9987,31,0
2026-08-17 13:00:00,4395.38,4405.53,4391.67,4398.79,10659,31,0
2026-08-17 14:00:00,4398.79,4404.77,4395.01,4396.47,10343,31,0
2026-08-17 15:00:00,4396.47,4398.4,4377.15,4385.26,16749,31,0
2026-08-17 16:00:00,4385.27,4416.01,4381.03,4409.19,24736,31,0
2026-08-17 17:00:00,4409.21,4427.55,4403.89,4417.33,27281,31,0
2026-08-17 18:00:00,4417.32,4427.79,4415.16,4427.52,20635,31,0
2026-08-17 19:00:00,4427.52,4428.84,4422.59,4424.21,13473,32,0
2026-08-17 20:00:00,4424.2,4426.16,4411.28,4413.78,17254,31,0
2026-08-17 21:00:00,4413.71,4416.13,4398.01,4406.59,15569,31,0
2026-08-17 22:00:00,4406.57,4420.99,4400.22,4419.9,13815,31,0
2026-08-17 23:00:00,4419.9,4421.26,4413.94,4415.08,3889,31,0
2026-08-18 01:00:00,4415.11,4417.26,4410.51,4411.82,4297,35,0
2026-08-18 02:00:00,4411.78,4426.07,4409.74,4425.94,6696,35,0
2026-08-18 03:00:00,4426.18,4434.82,4418.8,4434.6,13884,35,0
2026-08-18 04:00:00,4434.47,4435.99,4403.97,4407.83,20831,35,0
2026-08-18 05:00:00,4407.83,4407.87,4393.91,4399.71,15598,35,0
2026-08-18 06:00:00,4399.79,4403.77,4390.39,4391.7,12449,35,0
2026-08-18 07:00:00,4391.71,4395.09,4388.53,4393.07,9617,35,0
2026-08-18 08:00:00,4393.06,4397.29,4384.95,4393.72,12711,35,0
2026-08-18 09:00:00,4393.76,4399.82,4387.35,4398.34,12827,31,0
2026-08-18 10:00:00,4398.4,4403.31,4395.1,4395.56,10988,31,0
2026-08-18 11:00:00,4395.54,4398.25,4386.55,4392.75,13545,31,0
2026-08-18 12:00:00,4392.75,4394.69,4386.42,4393.07,11429,31,0
2026-08-18 13:00:00,4393.07,4399.29,4389.55,4397.43,8706,31,0
2026-08-18 14:00:00,4397.43,4398.83,4388.31,4395.63,10193,31,0
2026-08-18 15:00:00,4395.63,4400.46,4389.36,4393.58,14556,31,0
2026-08-18 16:00:00,4393.34,4406.58,4374.82,4394.54,27891,32,0
2026-08-18 17:00:00,4394.58,4406.3,4363.52,4366.27,30760,31,0
2026-08-18 18:00:00,4366.28,4377.42,4351.46,4364.8,30125,31,0
2026-08-18 19:00:00,4364.79,4371.33,4362.75,4363.5,18765,33,0
2026-08-18 20:00:00,4363.49,4368.12,4356.57,4357.64,17383,31,0
2026-08-18 21:00:00,4357.65,4360.65,4352.53,4354.08,13122,31,0
2026-08-18 22:00:00,4354.11,4358.36,4338.16,4345.49,14810,31,0
2026-08-18 23:00:00,4345.53,4346.27,4328.56,4333.07,7722,31,0
2026-08-19 01:00:00,4337.78,4343.31,4332.67,4333.94,8690,36,0
2026-08-19 02:00:00,4333.9,4338.16,4326.98,4332.89,9897,35,0
2026-08-19 03:00:00,4332.9,4346.97,4331.35,4337.94,18746,35,0
2026-08-19 04:00:00,4337.94,4357.49,4323.76,4356.51,23662,36,0
2026-08-19 05:00:00,4356.44,4361.81,4351.33,4354.6,15366,35,0
2026-08-19 06:00:00,4354.6,4360.16,4351.65,4354.96,9466,35,0
2026-08-19 07:00:00,4354.93,4356.02,4343.59,4348.17,8387,35,0
2026-08-19 08:00:00,4348.17,4350.35,4334.06,4334.95,14912,35,0
2026-08-19 09:00:00,4334.94,4349.35,4334.87,4349.26,18151,31,0
2026-08-19 10:00:00,4349.15,4363.08,4347.39,4353.83,13408,31,0
2026-08-19 11:00:00,4354.17,4363.13,4351.08,4355.6,15692,31,0
2026-08-19 12:00:00,4355.62,4361.96,4353.44,4361.96,13367,31,0
2026-08-19 13:00:00,4361.96,4369.5,4359.6,4367.84,10135,31,0
2026-08-19 14:00:00,4368.92,4374.05,4363.1,4364.68,12049,31,0
2026-08-19 15:00:00,4364.41,4442.3,4362.04,4438.81,28289,32,0
2026-08-19 16:00:00,4438.48,4466.28,4424.52,4459.78,39513,31,0
2026-08-19 17:00:00,4459.75,4498.76,4454.8,4488.19,36231,31,0
2026-08-19 18:00:00,4488.18,4494.18,4477.48,4493.92,28454,31,0
2026-08-19 19:00:00,4493.97,4499.44,4490.74,4493.67,23272,31,0
2026-08-19 20:00:00,4493.61,4499.15,4484.57,4487.58,19858,31,0
2026-08-19 21:00:00,4487.58,4496.97,4472.33,4495.31,22922,31,0
2026-08-19 22:00:00,4495.27,4512.31,4494.63,4511.48,22556,31,0
2026-08-19 23:00:00,4511.44,4523.7,4505.41,4521.72,9186,31,0
2026-08-20 01:00:00,4519.95,4522.3,4516.56,4519.1,7128,37,0
2026-08-20 02:00:00,4519.22,4523.78,4511.38,4511.38,8734,35,0
2026-08-20 03:00:00,4511.31,4521.42,4504.09,4504.77,17368,35,0
2026-08-20 04:00:00,4504.77,4510.25,4484.61,4489.9,25147,35,0
2026-08-20 05:00:00,4489.9,4499.79,4488.72,4490.93,17788,35,0
2026-08-20 06:00:00,4490.93,4501.31,4488.11,4499.04,13914,35,0
2026-08-20 07:00:00,4499.07,4499.34,4486.43,4488.55,10001,35,0
2026-08-20 08:00:00,4488.55,4494.03,4478.03,4481.46,12963,35,0
2026-08-20 09:00:00,4481.5,4495.96,4480.1,4493.74,13651,31,0
2026-08-20 10:00:00,4493.75,4494.23,4483.34,4490.81,14574,31,0
2026-08-20 11:00:00,4490.79,4498.71,4487.28,4489.4,15247,31,0
2026-08-20 12:00:00,4489.43,4494.15,4481.83,4482.2,13082,31,0
2026-08-20 13:00:00,4482.2,4494.93,4480.7,4489.99,11501,31,0
2026-08-20 14:00:00,4489.99,4491.26,4465.46,4467.01,17652,31,0
2026-08-20 15:00:00,4467.08,4477.12,4450.72,4475.35,26122,31,0
2026-08-20 16:00:00,4475.45,4489.43,4469.41,4481.63,30592,31,0
2026-08-20 17:00:00,4481.64,4516.23,4480.88,4515.72,29518,31,0
2026-08-20 18:00:00,4515.67,4540.78,4509.89,4521.73,35813,31,0
2026-08-20 19:00:00,4521.73,4524.73,4502.7,4510.12,23592,32,0
2026-08-20 20:00:00,4510.19,4520.37,4507.7,4519.77,17856,31,0
2026-08-20 21:00:00,4519.69,4525.22,4508.28,4521.8,17356,31,0
2026-08-20 22:00:00,4521.8,4532.1,4518.16,4528.22,17535,31,0
2026-08-20 23:00:00,4528.28,4528.97,4516.59,4517.5,7083,31,0
2026-08-21 01:00:00,4518.77,4524.25,4516.71,4523.93,5359,35,0
2026-08-21 02:00:00,4523.93,4532.69,4520.96,4526.23,8903,35,0
2026-08-21 03:00:00,4526.26,4527.39,4509.55,4509.66,15509,35,0
2026-08-21 04:00:00,4509.41,4543.73,4508.73,4530.66,23138,35,0
2026-08-21 05:00:00,4530.54,4542.63,4518.27,4533.64,15830,35,0
2026-08-21 06:00:00,4533.64,4538.33,4526.65,4535.61,11654,35,0
2026-08-21 07:00:00,4535.61,4547.77,4535.26,4540.37,10074,35,0
2026-08-21 08:00:00,4540.3,4556.08,4528.98,4553.41,14233,35,0
2026-08-21 09:00:00,4553.41,4567.46,4545.42,4560.88,18032,31,0
2026-08-21 10:00:00,4560.9,4567.85,4557.65,4564.06,14421,31,0
2026-08-21 11:00:00,4564.05,4584.83,4559.0,4583.93,16585,31,0
2026-08-21 12:00:00,4583.93,4601.95,4580.24,4581.98,15868,31,0
2026-08-21 13:00:00,4582.32,4593.93,4577.85,4588.31,13802,31,0
2026-08-21 14:00:00,4588.31,4604.33,4587.07,4597.55,17745,31,0
2026-08-21 15:00:00,4597.44,4601.42,4563.44,4577.92,21291,31,0
2026-08-21 16:00:00,4577.92,4592.72,4573.25,4580.78,29066,31,0
2026-08-21 17:00:00,4580.75,4603.53,4579.69,4591.59,30795,31,0
2026-08-21 18:00:00,4591.69,4615.14,4587.2,4614.42,25994,31,0
2026-08-21 19:00:00,4614.42,4629.11,4609.05,4628.79,22107,31,0
2026-08-21 20:00:00,4628.84,4632.12,4615.2,4620.6,21095,31,0
2026-08-21 21:00:00,4620.6,4627.46,4619.37,4624.37,13293,31,0
2026-08-21 22:00:00,4624.32,4625.46,4615.54,4616.94,15642,31,0
2026-08-21 23:00:00,4616.96,4617.66,4601.42,4602.83,8188,31,0
2026-08-24 01:00:00,4609.02,4620.92,4606.12,4606.25,9625,38,0
2026-08-24 02:00:00,4606.25,4624.5,4604.7,4624.05,10575,36,0
2026-08-24 03:00:00,4624.15,4640.69,4594.71,4621.66,26115,35,0
2026-08-24 04:00:00,4621.66,4637.51,4607.99,4632.19,29621,35,0
2026-08-24 05:00:00,4632.19,4656.72,4627.41,4643.51,24321,35,0
2026-08-24 06:00:00,4643.51,4650.1,4633.25,4641.41,17114,35,0
2026-08-24 07:00:00,4641.39,4642.36,4632.37,4638.69,15183,35,0
2026-08-24 08:00:00,4638.71,4646.27,4629.61,4640.74,19801,35,0
2026-08-24 09:00:00,4640.78,4659.66,4639.14,4650.07,23026,31,0
2026-08-24 10:00:00,4650.08,4654.3,4629.87,4642.42,20728,31,0
2026-08-24 11:00:00,4642.59,4645.92,4628.57,4637.69,18436,31,0
2026-08-24 12:00:00,4637.69,4645.89,4632.71,4645.67,13954,31,0
2026-08-24 13:00:00,4645.66,4649.99,4641.59,4643.11,13601,31,0
2026-08-24 14:00:00,4643.11,4669.86,4638.89,4657.21,21103,31,0
2026-08-24 15:00:00,4657.21,4668.54,4644.77,4662.67,22077,31,0
2026-08-24 16:00:00,4662.51,4680.65,4655.89,4664.47,33751,33,0
2026-08-24 17:00:00,4664.25,4678.66,4655.23,4670.37,31852,31,0
2026-08-24 18:00:00,4670.37,4679.55,4639.3,4649.16,27832,31,0
2026-08-24 19:00:00,4649.14,4662.08,4642.01,4644.69,20279,35,0
2026-08-24 20:00:00,4644.69,4654.87,4630.04,4636.3,25410,32,0
2026-08-24 21:00:00,4636.3,4642.03,4624.76,4636.45,20717,31,0
2026-08-24 22:00:00,4636.65,4655.96,4635.74,4651.69,18818,34,0
2026-08-24 23:00:00,4651.69,4655.18,4647.01,4650.89,5973,31,0
2026-08-25 01:00:00,4654.34,4668.33,4653.7,4667.83,4711,37,0
2026-08-25 02:00:00,4667.83,4682.59,4666.82,4680.42,9850,35,0
2026-08-25 03:00:00,4680.45,4696.84,4675.39,4683.41,22918,35,0
2026-08-25 04:00:00,4683.35,4685.11,4656.35,4657.61,27274,35,0
2026-08-25 05:00:00,4657.67,4661.12,4615.36,4629.38,28357,35,0
2026-08-25 06:00:00,4629.42,4641.06,4622.04,4633.46,18886,35,0
2026-08-25 07:00:00,4633.45,4637.51,4623.38,4625.27,14582,35,0
2026-08-25 08:00:00,4625.32,4647.64,4623.56,4642.65,18794,31,0
2026-08-25 09:00:00,4642.66,4653.21,4636.99,4637.99,17778,31,0
2026-08-25 10:00:00,4638.11,4643.52,4629.48,4629.48,15881,31,0
2026-08-25 11:00:00,4629.46,4645.06,4619.97,4629.8,20010,33,0
2026-08-25 12:00:00,4629.8,4642.16,4623.77,4636.06,19518,32,0
2026-08-25 13:00:00,4636.02,4642.04,4632.23,4638.87,12800,31,0
2026-08-25 14:00:00,4638.87,4646.98,4636.37,4642.0,14285,31,0
2026-08-25 15:00:00,4641.97,4643.78,4629.64,4640.47,17319,31,0
2026-08-25 16:00:00,4640.45,4640.77,4605.26,4615.44,32390,31,0
2026-08-25 17:00:00,4615.44,4639.93,4611.72,4635.94,28212,31,0
2026-08-25 18:00:00,4636.03,4659.36,4629.4,4652.35,25921,31,0
2026-08-25 19:00:00,4652.36,4653.12,4636.84,4643.33,18575,31,0
2026-08-25 20:00:00,4643.31,4648.26,4633.76,4648.18,16262,31,0
2026-08-25 21:00:00,4648.17,4654.8,4643.98,4654.31,11777,31,0
2026-08-25 22:00:00,4654.32,4667.95,4653.23,4666.84,16540,33,0
2026-08-25 23:00:00,4666.8,4668.84,4656.11,4657.19,9647,31,0
2026-08-26 01:00:00,4660.05,4673.52,4658.88,4672.54,4728,37,0
2026-08-26 02:00:00,4672.54,4673.38,4652.9,4654.07,8696,35,0
2026-08-26 03:00:00,4653.91,4657.52,4634.22,4636.04,16516,35,0
2026-08-26 04:00:00,4636.12,4660.84,4628.87,4657.21,22860,35,0
2026-08-26 05:00:00,4657.22,4670.7,4654.95,4658.39,16729,35,0
2026-08-26 06:00:00,4658.38,4658.61,4642.49,4642.61,12834,35,0
2026-08-26 07:00:00,4642.64,4644.16,4638.64,4640.45,8096,35,0
2026-08-26 08:00:00,4640.44,4649.2,4635.31,4639.41,14789,35,0
2026-08-26 09:00:00,4639.41,4641.22,4624.38,4635.0,17251,31,0
2026-08-26 10:00:00,4635.02,4639.09,4626.35,4628.33,13739,31,0
2026-08-26 11:00:00,4628.27,4630.42,4622.06,4627.86,13782,31,0
2026-08-26 12:00:00,4627.97,4630.66,4616.05,4622.94,12133,31,0
2026-08-26 13:00:00,4623.06,4623.82,4613.16,4620.12,10096,31,0
2026-08-26 14:00:00,4620.12,4624.95,4616.11,4624.56,12203,31,0
2026-08-26 15:00:00,4624.47,4633.23,4610.3,4614.48,22656,31,0
2026-08-26 16:00:00,4614.49,4631.81,4596.45,4631.61,31300,33,0
2026-08-26 17:00:00,4631.62,4633.5,4602.11,4602.11,26390,31,0
2026-08-26 18:00:00,4602.21,4609.01,4582.57,4595.77,24588,32,0
2026-08-26 19:00:00,4595.77,4601.21,4585.41,4591.26,19067,32,0
2026-08-26 20:00:00,4591.26,4602.0,4590.38,4597.54,15091,31,0
2026-08-26 21:00:00,4597.6,4604.25,4592.13,4593.94,13139,31,0
2026-08-26 22:00:00,4593.9,4601.28,4590.71,4593.93,13524,31,0
2026-08-26 23:00:00,4594.14,4596.36,4583.75,4592.37,9715,31,0
2026-08-27 01:00:00,4601.91,4613.06,4601.38,4609.07,7758,35,0
2026-08-27 02:00:00,4608.95,4624.82,4606.65,4623.81,8425,35,0
2026-08-27 03:00:00,4623.82,4627.01,4600.39,4604.89,14589,35,0
2026-08-27 04:00:00,4604.88,4640.85,4602.2,4640.57,20816,35,0
2026-08-27 05:00:00,4640.59,4643.19,4623.3,4629.55,15567,35,0
2026-08-27 06:00:00,4629.54,4638.58,4624.42,4625.5,12217,35,0
2026-08-27 07:00:00,4625.48,4627.23,4617.15,4618.66,10132,35,0
2026-08-27 08:00:00,4618.66,4621.33,4600.72,4606.49,15835,35,0
2026-08-27 09:00:00,4606.49,4611.54,4597.83,4600.12,17564,31,0
2026-08-27 10:00:00,4600.12,4605.57,4593.42,4599.88,15549,31,0
2026-08-27 11:00:00,4599.88,4606.61,4594.4,4598.79,14015,31,0
2026-08-27 12:00:00,4598.84,4600.47,4577.1,4579.92,15741,32,0
2026-08-27 13:00:00,4579.91,4590.4,4568.82,4590.27,14356,31,0
2026-08-27 14:00:00,4590.09,4600.33,4587.2,4598.64,14302,31,0
2026-08-27 15:00:00,4598.62,4601.12,4580.45,4584.88,17422,31,0
2026-08-27 16:00:00,4584.94,4593.14,4564.7,4572.31,32013,33,0
2026-08-27 17:00:00,4572.24,4598.23,4568.35,4591.55,28823,31,0
2026-08-27 18:00:00,4591.68,4611.32,4588.73,4610.53,23558,31,0
2026-08-27 19:00:00,4610.49,4616.66,4602.52,4615.82,18716,31,0
2026-08-27 20:00:00,4615.78,4616.57,4605.14,4606.59,18655,31,0
2026-08-27 21:00:00,4606.58,4611.08,4600.9,4610.6,17316,31,0
2026-08-27 22:00:00,4610.62,4617.92,4604.3,4609.5,16347,31,0
2026-08-27 23:00:00,4609.45,4609.52,4598.58,4599.03,6148,31,0
2026-08-28 01:00:00,4600.6,4610.77,4599.71,4610.65,4629,35,0
2026-08-28 02:00:00,4610.64,4611.39,4593.93,4593.93,6167,35,0
2026-08-28 03:00:00,4593.93,4602.46,4585.58,4588.65,13926,35,0
2026-08-28 04:00:00,4588.65,4602.13,4575.3,4575.83,22773,35,0
2026-08-28 05:00:00,4575.83,4589.51,4574.91,4586.24,14422,35,0
2026-08-28 06:00:00,4586.27,4590.0,4578.48,4579.73,11348,35,0
2026-08-28 07:00:00,4579.72,4585.08,4577.78,4584.15,7448,35,0
2026-08-28 08:00:00,4584.16,4586.03,4571.02,4573.03,13024,35,0
2026-08-28 09:00:00,4573.06,4613.3,4572.18,4612.7,19030,31,0
2026-08-28 10:00:00,4612.98,4614.44,4596.65,4612.01,16710,31,0
2026-08-28 11:00:00,4611.64,4614.8,4601.24,4602.74,13601,31,0
2026-08-28 12:00:00,4602.67,4607.46,4600.54,4605.19,12428,31,0
2026-08-28 13:00:00,4605.21,4609.89,4597.65,4600.18,11665,31,0
2026-08-28 14:00:00,4600.18,4601.34,4591.43,4593.02,13850,31,0
2026-08-28 15:00:00,4593.13,4603.84,4588.98,4602.55,18881,31,0
2026-08-28 16:00:00,4602.55,4627.17,4593.78,4602.91,28090,31,0
2026-08-28 17:00:00,4603.46,4632.1,4529.86,4578.3,46887,35,0
2026-08-28 18:00:00,4578.31,4582.74,4523.79,4524.32,39630,31,0
2026-08-28 19:00:00,4524.37,4529.2,4463.77,4479.38,40668,31,0
2026-08-28 20:00:00,4479.36,4486.19,4460.08,4469.09,30136,32,0
2026-08-28 21:00:00,4469.09,4471.36,4445.14,4456.55,28001,31,0
2026-08-28 22:00:00,4456.02,4466.73,4452.65,4458.24,22258,31,0
2026-08-28 23:00:00,4458.32,4462.42,4451.46,4454.61,8074,31,0
2026-08-31 01:00:00,4444.43,4465.65,4444.43,4461.02,9204,29,0
2026-08-31 02:00:00,4461.29,4466.51,4435.86,4458.52,12946,36,0
2026-08-31 03:00:00,4458.57,4471.5,4451.91,4454.49,17820,35,0
2026-08-31 04:00:00,4454.74,4462.96,4435.77,4439.89,29850,35,0
2026-08-31 05:00:00,4439.9,4441.14,4396.22,4423.1,24816,35,0
2026-08-31 06:00:00,4423.12,4433.75,4419.83,4422.42,14012,35,0
2026-08-31 07:00:00,4422.39,4424.76,4412.55,4424.52,10711,35,0
2026-08-31 08:00:00,4424.52,4443.61,4419.03,4442.81,17019,35,0
2026-08-31 09:00:00,4442.81,4443.0,4429.12,4439.42,17318,31,0
2026-08-31 10:00:00,4439.42,4447.82,4435.03,4443.08,14118,31,0
2026-08-31 11:00:00,4443.07,4449.22,4433.36,4435.17,13211,31,0
2026-08-31 12:00:00,4435.13,4445.33,4435.08,4445.29,10406,31,0
2026-08-31 13:00:00,4445.31,4455.41,4444.61,4453.7,12375,31,0
2026-08-31 14:00:00,4453.71,4463.84,4452.09,4454.94,12783,31,0
2026-08-31 15:00:00,4454.81,4460.4,4435.17,4435.46,18806,32,0
2026-08-31 16:00:00,4434.2,4448.11,4415.48,4418.68,27631,31,0
2026-08-31 17:00:00,4418.77,4436.04,4416.02,4431.6,30213,31,0
2026-08-31 18:00:00,4431.71,4437.72,4424.45,4426.33,25590,31,0
2026-08-31 19:00:00,4426.31,4440.03,4423.53,4432.97,18899,31,0
2026-08-31 20:00:00,4432.96,4439.81,4428.48,4436.44,16611,31,0
2026-08-31 21:00:00,4436.42,4436.58,4425.98,4431.23,14016,31,0
2026-08-31 22:00:00,4431.23,4453.41,4428.98,4453.28,15510,31,0
2026-08-31 23:00:00,4453.16,4455.53,4445.06,4446.87,6436,31,0
2026-09-01 01:00:00,4452.62,4455.53,4445.46,4446.96,4569,35,0
2026-09-01 02:00:00,4446.98,4452.45,4441.71,4452.43,6008,35,0
2026-09-01 03:00:00,4452.43,4461.22,4446.21,4453.95,16108,35,0
2026-09-01 04:00:00,4453.96,4457.29,4437.52,4444.01,21399,35,0
2026-09-01 05:00:00,4444.02,4448.97,4427.27,4443.47,16890,35,0
2026-09-01 06:00:00,4443.47,4443.93,4431.75,4436.79,12100,35,0
2026-09-01 07:00:00,4436.79,4437.62,4425.17,4426.32,10002,35,0
2026-09-01 08:00:00,4426.34,4445.93,4423.45,4439.9,15747,35,0
2026-09-01 09:00:00,4439.9,4440.57,4427.41,4429.3,14561,31,0
2026-09-01 10:00:00,4429.38,4434.58,4411.85,4418.3,18970,31,0
2026-09-01 11:00:00,4418.28,4418.77,4368.89,4370.12,28418,31,0
2026-09-01 12:00:00,4370.16,4377.62,4364.16,4364.32,21566,31,0
2026-09-01 13:00:00,4364.32,4385.67,4363.77,4377.73,16757,31,0
2026-09-01 14:00:00,4377.74,4386.81,4371.64,4374.07,17461,31,0
2026-09-01 15:00:00,4374.08,4375.57,4351.64,4355.88,24418,31,0
2026-09-01 16:00:00,4355.63,4367.0,4325.71,4363.99,34505,31,0
2026-09-01 17:00:00,4364.07,4375.38,4353.17,4360.55,31743,31,0
2026-09-01 18:00:00,4360.6,4373.69,4355.12,4373.0,23800,33,0
2026-09-01 19:00:00,4373.0,4374.69,4346.84,4351.26,25918,33,0
2026-09-01 20:00:00,4351.28,4351.83,4340.82,4342.91,21262,31,0
2026-09-01 21:00:00,4342.91,4344.29,4327.92,4330.94,19317,35,0
2026-09-01 22:00:00,4330.87,4337.3,4322.33,4326.89,19541,31,0
2026-09-01 23:00:00,4327.02,4330.39,4323.36,4327.03,7483,31,0
2026-09-02 01:00:00,4329.21,4330.67,4325.9,4328.92,4803,35,0
2026-09-02 02:00:00,4328.94,4335.28,4322.81,4324.15,6782,35,0
2026-09-02 03:00:00,4324.16,4334.15,4314.26,4315.5,20586,35,0
2026-09-02 04:00:00,4315.43,4326.31,4288.36,4290.54,26976,35,0
2026-09-02 05:00:00,4290.54,4314.52,4287.01,4303.35,19130,35,0
2026-09-02 06:00:00,4303.36,4304.86,4283.35,4303.05,16071,35,0
2026-09-02 07:00:00,4303.02,4307.77,4301.35,4307.74,9629,35,0
2026-09-02 08:00:00,4307.74,4326.23,4303.69,4319.78,16184,35,0
2026-09-02 09:00:00,4319.78,4329.1,4314.55,4321.52,20596,31,0
2026-09-02 10:00:00,4321.55,4331.3,4319.07,4323.49,18915,31,0
2026-09-02 11:00:00,4323.48,4331.5,4312.43,4312.49,17994,31,0
2026-09-02 12:00:00,4312.51,4322.31,4305.03,4308.52,17183,31,0
2026-09-02 13:00:00,4308.52,4312.24,4301.83,4309.22,13843,31,0
2026-09-02 14:00:00,4309.23,4332.65,4307.7,4331.64,19688,31,0
2026-09-02 15:00:00,4331.63,4344.23,4327.06,4331.04,22908,34,0
2026-09-02 16:00:00,4331.09,4385.51,4330.5,4385.29,31119,33,0
2026-09-02 17:00:00,4385.23,4397.35,4374.17,4376.8,32744,31,0
2026-09-02 18:00:00,4376.79,4380.62,4364.49,4372.54,25633,31,0
2026-09-02 19:00:00,4372.54,4374.62,4364.32,4368.19,17833,34,0
2026-09-02 20:00:00,4368.16,4380.35,4364.38,4377.1,15967,33,0
2026-09-02 21:00:00,4376.98,4379.45,4369.02,4373.84,15651,32,0
2026-09-02 22:00:00,4373.83,4390.83,4371.44,4390.78,15770,35,0
2026-09-02 23:00:00,4390.88,4391.09,4383.83,4385.88,7191,31,0
2026-09-03 01:00:00,4389.48,4391.13,4383.25,4384.43,3931,35,0
2026-09-03 02:00:00,4384.47,4388.63,4381.04,4385.22,5489,35,0
2026-09-03 03:00:00,4385.2,4397.64,4382.31,4395.43,12276,35,0
2026-09-03 04:00:00,4395.4,4412.04,4387.1,4409.94,22108,35,0
2026-09-03 05:00:00,4409.98,4420.29,4406.52,4420.16,19200,35,0
2026-09-03 06:00:00,4420.16,4432.41,4419.05,4431.33,13509,35,0
2026-09-03 07:00:00,4431.34,4438.21,4425.53,4437.22,9289,35,0
2026-09-03 08:00:00,4437.22,4440.04,4421.97,4431.17,18349,32,0
2026-09-03 09:00:00,4431.2,4436.08,4417.43,4420.47,18853,32,0
2026-09-03 10:00:00,4420.46,4431.47,4419.02,4428.89,17966,31,0
2026-09-03 11:00:00,4428.91,4443.38,4427.91,4434.72,18682,31,0
2026-09-03 12:00:00,4434.72,4441.61,4425.57,4427.37,14643,31,0
2026-09-03 13:00:00,4427.37,4429.72,4418.95,4427.11,14018,31,0
2026-09-03 14:00:00,4426.94,4445.54,4424.87,4443.96,15841,32,0
2026-09-03 15:00:00,4443.96,4495.26,4436.87,4493.05,27886,32,0
2026-09-03 16:00:00,4493.2,4496.01,4456.43,4462.55,32951,31,0
2026-09-03 17:00:00,4462.7,4485.12,4458.23,4485.12,31076,31,0
2026-09-03 18:00:00,4485.13,4510.51,4484.02,4492.93,27812,31,0
2026-09-03 19:00:00,4492.93,4495.3,4485.34,4486.09,18491,31,0
2026-09-03 20:00:00,4486.11,4494.49,4482.96,4486.59,14932,31,0
2026-09-03 21:00:00,4486.59,4489.55,4473.99,4474.99,15338,31,0
2026-09-03 22:00:00,4475.03,4480.56,4472.59,4475.18,15499,31,0
2026-09-03 23:00:00,4475.0,4475.38,4470.29,4471.66,5820,31,0
2026-09-04 01:00:00,4474.29,4478.43,4471.14,4474.13,5297,35,0
2026-09-04 02:00:00,4474.14,4479.92,4471.36,4479.67,5818,35,0
2026-09-04 03:00:00,4479.68,4486.75,4472.29,4486.25,11429,35,0
2026-09-04 04:00:00,4486.29,4486.92,4466.8,4478.63,18788,35,0
2026-09-04 05:00:00,4478.63,4482.31,4468.83,4475.9,12931,35,0
2026-09-04 06:00:00,4475.89,4477.27,4466.68,4467.02,9490,35,0
2026-09-04 07:00:00,4467.02,4474.7,4464.9,4473.48,7322,35,0
2026-09-04 08:00:00,4473.33,4477.21,4466.42,4471.51,11952,35,0
2026-09-04 09:00:00,4471.51,4472.82,4459.98,4461.98,15628,35,0
2026-09-04 10:00:00,4462.0,4490.48,4461.32,4483.3,14568,31,0
2026-09-04 11:00:00,4483.29,4486.28,4474.11,4477.41,12816,31,0
2026-09-04 12:00:00,4477.43,4478.79,4463.4,4464.78,12614,31,0
2026-09-04 13:00:00,4464.8,4475.77,4464.65,4472.18,9896,31,0
2026-09-04 14:00:00,4472.21,4472.76,4464.47,4466.48,10871,31,0
2026-09-04 15:00:00,4466.54,4474.86,4373.54,4392.67,31277,34,0
2026-09-04 16:00:00,4392.63,4434.53,4365.45,4413.41,36929,31,0
2026-09-04 17:00:00,4413.42,4442.19,4411.98,4427.64,32300,31,0
2026-09-04 18:00:00,4427.63,4448.79,4422.71,4436.58,24273,31,0
2026-09-04 19:00:00,4436.54,4443.34,4432.1,4436.35,17933,31,0
2026-09-04 20:00:00,4436.27,4440.26,4415.54,4416.74,18165,31,0
2026-09-04 21:00:00,4416.71,4426.48,4411.84,4424.21,13962,31,0
2026-09-04 22:00:00,4424.24,4438.2,4422.36,4434.93,12892,31,0
2026-09-04 23:00:00,4434.91,4435.16,4427.15,4428.55,4692,31,0
2026-09-07 01:00:00,4420.68,4434.95,4420.67,4429.34,4543,38,0
2026-09-07 02:00:00,4429.12,4434.28,4421.6,4424.41,6744,35,0
2026-09-07 03:00:00,4424.41,4429.09,4408.82,4411.31,13422,35,0
2026-09-07 04:00:00,4411.36,4415.51,4388.45,4408.06,22604,35,0
2026-09-07 05:00:00,4408.09,4419.4,4401.66,4409.67,14898,35,0
2026-09-07 06:00:00,4409.68,4411.53,4401.02,4403.87,11298,35,0
2026-09-07 07:00:00,4403.87,4407.62,4395.61,4398.04,7658,35,0
2026-09-07 08:00:00,4398.05,4411.85,4393.57,4395.01,12943,35,0
2026-09-07 09:00:00,4395.01,4398.88,4386.31,4391.97,14810,31,0
2026-09-07 10:00:00,4391.96,4406.68,4390.62,4406.17,15692,31,0
2026-09-07 11:00:00,4406.17,4423.75,4405.22,4410.82,16659,31,0
2026-09-07 12:00:00,4410.82,4413.52,4403.64,4405.66,9418,31,0
2026-09-07 13:00:00,4405.66,4406.15,4387.83,4391.79,9641,31,0
2026-09-07 14:00:00,4391.77,4394.67,4381.02,4385.5,11761,31,0
2026-09-07 15:00:00,4385.49,4398.04,4385.26,4396.12,9796,31,0
2026-09-07 16:00:00,4396.24,4407.76,4395.42,4402.64,14031,31,0
2026-09-07 17:00:00,4402.66,4419.4,4401.21,4416.06,12222,31,0
2026-09-07 18:00:00,4416.05,4416.64,4408.85,4414.46,9444,31,0
2026-09-07 19:00:00,4414.45,4417.22,4411.91,4414.59,4565,29,0
2026-09-07 20:00:00,4414.59,4415.14,4406.97,4407.32,2887,31,0
2026-09-07 21:00:00,4407.31,4409.14,4403.2,4406.3,2501,36,0
2026-09-08 01:00:00,4411.51,4413.28,4406.32,4407.27,3866,37,0
2026-09-08 02:00:00,4407.33,4429.21,4407.3,4424.54,9918,36,0
2026-09-08 03:00:00,4424.38,4431.05,4416.1,4427.09,20918,35,0
2026-09-08 04:00:00,4426.94,4440.53,4417.88,4437.23,21631,36,0
2026-09-08 05:00:00,4437.23,4438.55,4420.89,4423.83,16310,35,0
2026-09-08 06:00:00,4423.81,4439.77,4422.14,4437.91,12428,35,0
2026-09-08 07:00:00,4437.93,4442.68,4431.41,4435.83,10713,29,0
2026-09-08 08:00:00,4435.83,4437.48,4417.22,4419.18,16531,35,0
2026-09-08 09:00:00,4419.18,4419.87,4397.4,4403.43,22370,31,0
2026-09-08 10:00:00,4403.46,4409.11,4389.05,4391.67,17399,31,0
2026-09-08 11:00:00,4391.68,4398.25,4387.44,4393.83,18329,31,0
2026-09-08 12:00:00,4393.83,4405.23,4390.61,4402.69,15304,31,0
2026-09-08 13:00:00,4402.58,4406.55,4393.39,4395.19,13034,31,0
2026-09-08 14:00:00,4395.2,4407.51,4390.88,4406.1,14488,31,0
2026-09-08 15:00:00,4406.1,4411.66,4384.52,4411.46,22085,34,0
2026-09-08 16:00:00,4411.49,4412.75,4390.15,4394.51,27423,31,0
2026-09-08 17:00:00,4394.5,4403.67,4388.26,4398.51,24408,31,0
2026-09-08 18:00:00,4398.63,4409.24,4394.55,4394.69,17443,31,0
2026-09-08 19:00:00,4394.67,4398.28,4380.21,4393.51,16515,31,0
2026-09-08 20:00:00,4393.54,4403.52,4385.15,4389.84,13755,31,0
2026-09-08 21:00:00,4389.84,4390.05,4358.05,4374.47,18202,31,0
2026-09-08 22:00:00,4374.48,4377.01,4356.61,4359.17,18375,36,0
2026-09-08 23:00:00,4359.17,4364.22,4343.98,4353.91,7866,31,0
2026-09-09 01:00:00,4355.76,4357.37,4350.31,4353.1,5024,36,0
2026-09-09 02:00:00,4353.1,4359.63,4348.96,4349.61,6735,35,0
2026-09-09 03:00:00,4349.61,4365.35,4341.01,4364.54,16333,35,0
2026-09-09 04:00:00,4364.07,4377.98,4353.78,4373.45,19570,35,0
2026-09-09 05:00:00,4373.45,4384.21,4367.12,4382.07,16260,35,0
2026-09-09 06:00:00,4382.06,4382.56,4375.16,4375.16,10720,35,0
2026-09-09 07:00:00,4375.15,4382.55,4370.49,4381.59,8743,35,0
2026-09-09 08:00:00,4381.59,4402.43,4380.51,4400.62,14101,35,0
2026-09-09 09:00:00,4400.6,4406.67,4396.37,4400.78,14175,31,0
2026-09-09 10:00:00,4400.78,4412.85,4399.45,4409.37,12991,31,0
2026-09-09 11:00:00,4409.37,4412.19,4398.74,4400.81,12079,31,0
2026-09-09 12:00:00,4400.8,4402.19,4387.26,4389.33,12125,31,0
2026-09-09 13:00:00,4389.34,4402.89,4384.85,4399.7,13391,31,0
2026-09-09 14:00:00,4399.73,4414.99,4399.7,4407.25,14148,31,0
2026-09-09 15:00:00,4407.23,4409.01,4390.92,4399.97,18075,31,0
2026-09-09 16:00:00,4399.91,4433.86,4398.55,4415.13,27415,31,0
2026-09-09 17:00:00,4415.14,4428.24,4409.67,4418.48,25763,31,0
2026-09-09 18:00:00,4418.5,4431.92,4374.89,4398.19,33735,31,0
2026-09-09 19:00:00,4398.21,4410.24,4391.58,4409.72,18854,33,0
2026-09-09 20:00:00,4409.72,4420.38,4408.83,4415.94,14695,31,0
2026-09-09 21:00:00,4415.97,4421.27,4401.0,4402.99,12832,35,0
2026-09-09 22:00:00,4403.11,4404.6,4395.56,4398.7,13892,31,0
2026-09-09 23:00:00,4398.71,4400.69,4393.36,4399.17,4614,31,0
2026-09-10 01:00:00,4403.49,4405.76,4397.54,4399.45,4834,36,0
2026-09-10 02:00:00,4399.45,4402.89,4393.18,4395.04,6530,35,0
2026-09-10 03:00:00,4395.04,4404.89,4390.94,4400.88,13035,35,0
2026-09-10 04:00:00,4400.89,4418.92,4400.0,4411.88,23196,35,0
2026-09-10 05:00:00,4411.9,4421.91,4406.7,4420.36,14571,35,0
2026-09-10 06:00:00,4420.38,4422.32,4406.72,4408.88,9873,35,0
2026-09-10 07:00:00,4408.88,4415.31,4405.53,4408.33,7022,35,0
2026-09-10 08:00:00,4408.35,4431.17,4408.02,4431.0,13941,35,0
2026-09-10 09:00:00,4431.03,4434.54,4410.66,4425.13,16235,31,0
2026-09-10 10:00:00,4425.12,4425.3,4403.55,4411.42,13923,31,0
2026-09-10 11:00:00,4411.45,4412.44,4392.02,4394.4,15568,31,0
2026-09-10 12:00:00,4394.37,4396.37,4387.95,4393.6,12761,31,0
2026-09-10 13:00:00,4393.6,4399.72,4374.93,4378.59,18452,33,0
2026-09-10 14:00:00,4378.61,4390.42,4374.09,4374.38,18432,31,0
2026-09-10 15:00:00,4374.38,4377.41,4323.87,4339.56,31277,34,0
2026-09-10 16:00:00,4339.62,4375.68,4339.48,4365.77,34090,31,0
2026-09-10 17:00:00,4365.69,4376.4,4353.92,4358.16,30644,31,0
2026-09-10 18:00:00,4358.15,4372.09,4352.48,4365.77,22598,32,0
2026-09-10 19:00:00,4365.76,4369.91,4353.8,4363.73,20537,31,0
2026-09-10 20:00:00,4363.74,4367.72,4351.02,4352.37,17861,31,0
2026-09-10 21:00:00,4352.38,4355.81,4329.6,4331.92,21971,32,0
2026-09-10 22:00:00,4331.81,4332.31,4313.57,4323.78,19656,33,0
2026-09-10 23:00:00,4323.88,4324.1,4312.98,4314.95,8741,35,0
2026-09-11 01:00:00,4320.41,4322.64,4313.39,4317.49,4980,37,0
2026-09-11 02:00:00,4317.48,4320.17,4310.52,4314.85,6944,35,0
2026-09-11 03:00:00,4314.77,4333.61,4312.45,4331.7,16555,35,0
2026-09-11 04:00:00,4331.4,4340.18,4320.69,4327.84,23274,35,0
2026-09-11 05:00:00,4327.85,4333.09,4314.71,4321.13,17355,35,0
2026-09-11 06:00:00,4321.1,4325.51,4300.69,4303.56,17779,35,0
2026-09-11 07:00:00,4303.56,4335.42,4301.76,4331.64,15871,35,0
2026-09-11 08:00:00,4331.66,4350.85,4327.78,4345.25,18578,35,0
2026-09-11 09:00:00,4345.31,4360.75,4345.2,4353.03,19713,33,0
2026-09-11 10:00:00,4352.77,4355.98,4340.4,4344.82,14434,32,0
2026-09-11 11:00:00,4344.86,4357.11,4342.0,4347.46,17474,34,0
2026-09-11 12:00:00,4347.65,4353.8,4340.58,4346.1,12272,34,0
2026-09-11 13:00:00,4346.27,4349.83,4336.63,4337.42,12736,34,0
2026-09-11 14:00:00,4337.42,4342.47,4330.05,4333.57,14570,31,0
2026-09-11 15:00:00,4333.55,4389.93,4288.41,4387.56,30567,31,0
2026-09-11 16:00:00,4387.48,4402.43,4380.54,4402.02,33626,31,0
2026-09-11 17:00:00,4402.02,4402.33,4364.75,4370.73,30172,31,0
2026-09-11 18:00:00,4370.74,4377.01,4359.16,4366.94,22844,31,0
2026-09-11 19:00:00,4366.8,4372.56,4351.9,4361.4,20240,33,0
2026-09-11 20:00:00,4361.41,4370.32,4357.8,4358.22,15810,34,0
2026-09-11 21:00:00,4358.24,4359.99,4344.01,4347.24,16115,34,0
2026-09-11 22:00:00,4347.24,4353.59,4342.6,4348.94,13618,33,0
2026-09-11 23:00:00,4348.93,4351.36,4344.09,4347.45,5656,31,0
